Date,omega,alpha,beta,rho,persistence,sigma2,sigma,sigma_bar2
2021-06-24,1.2174859e-06,0.0684337,0.9193757,0.9878094,0.9878094,0.00013289324,0.011527933,9.987103e-05
2021-06-25,7.383207e-07,0.17681943,0.80923665,0.9860561,0.9860561,0.00012562983,0.011208471,5.2949326e-05
2021-06-28,6.795108e-07,0.12302757,0.866277,0.98930454,0.98930454,0.00010439924,0.010217595,6.353265e-05
2021-06-29,7.443637e-07,0.13110721,0.8567998,0.987907,0.987907,9.15295e-05,0.009567105,6.155323e-05
2021-06-30,1.0521812e-06,0.15476197,0.82670534,0.9814673,0.9814673,7.918311e-05,0.008898489,5.677433e-05
2021-07-01,4.651551e-06,0.033748206,0.9422234,0.97597164,0.97597164,6.6579865e-05,0.008159649,0.00019358587
2021-07-02,2.464514e-06,0.0922434,0.87797093,0.9702143,0.97021437,6.8345544e-05,0.008267136,8.2741535e-05
2021-07-06,1.3066858e-06,0.1266116,0.8526752,0.9792868,0.9792868,6.756094e-05,0.008219547,6.308466e-05
2021-07-07,4.9063037e-06,0.029528454,0.94704235,0.9765708,0.9765708,5.9425e-05,0.0077087614,0.00020940966
2021-07-08,1.6396574e-06,0.088270165,0.89228415,0.98055434,0.98055434,6.151418e-05,0.007843098,8.4319974e-05
2021-07-09,3.6632107e-06,0.023699831,0.9589574,0.9826572,0.9826572,6.270695e-05,0.007918772,0.00021122364
2021-07-12,6.63351e-07,0.17358008,0.8138714,0.9874515,0.98745143,6.637608e-05,0.008147151,5.2862946e-05
2021-07-13,1.0265081e-06,0.13935491,0.8434417,0.9827966,0.98279667,5.6679888e-05,0.0075286045,5.9668942e-05
2021-07-14,3.0329031e-06,0.048768207,0.9299848,0.97875303,0.97875303,5.0638915e-05,0.0071161026,0.00014274521
2021-07-15,1.9310376e-06,0.058535423,0.92535776,0.98389316,0.98389316,5.0209466e-05,0.007085864,0.00011988926
2021-07-16,3.1719508e-06,0.053493146,0.9228545,0.9763476,0.9763476,4.915423e-05,0.007011008,0.00013410707
2021-07-19,8.50509e-06,0.012055816,0.95685863,0.96891445,0.96891445,5.2009185e-05,0.007211739,0.00027360267
2021-07-20,2.5178091e-05,0.004186971,0.919247,0.92343396,0.92343396,6.100608e-05,0.007810639,0.0003288415
2021-07-21,1.2210926e-06,0.12054404,0.86043906,0.9809831,0.9809831,8.2083476e-05,0.009059994,6.421084e-05
2021-07-22,6.2312745e-07,0.16896409,0.81936246,0.98832655,0.98832655,7.9330806e-05,0.0089067845,5.3379885e-05
2021-07-23,6.7078423e-07,0.16645363,0.82118,0.98763365,0.9876336,6.623798e-05,0.008138672,5.4242682e-05
2021-07-26,6.2288404e-07,0.1928746,0.79485005,0.98772466,0.98772466,7.187646e-05,0.008477998,5.074272e-05
2021-07-27,1.1549682e-06,0.22865504,0.74787873,0.9765338,0.9765338,5.874464e-05,0.0076645054,4.9218314e-05
2021-07-28,1.8681575e-06,0.081651926,0.89844346,0.9800954,0.9800954,5.0255218e-05,0.0070890915,9.38555e-05
2021-07-29,2.1887718e-06,0.12121251,0.8473927,0.9686052,0.96860516,4.704859e-05,0.0068591973,6.9717695e-05
2021-07-30,1.433595e-06,0.17865658,0.7945215,0.9731781,0.9731781,4.3951914e-05,0.006629624,5.3448653e-05
2021-08-02,6.5580775e-06,0.02835182,0.9417635,0.97011536,0.97011536,4.091712e-05,0.006396649,0.00021944646
2021-08-03,9.800872e-06,0.03142771,0.9253919,0.9568196,0.95681965,4.5240442e-05,0.0067261015,0.000226975
2021-08-04,1.7888692e-06,0.13584295,0.8356019,0.97144485,0.97144485,5.3635944e-05,0.007323656,6.2646104e-05
2021-08-05,2.7570056e-06,0.08758189,0.8827031,0.970285,0.970285,5.0163282e-05,0.0070826043,9.278161e-05
2021-08-06,1.3563266e-06,0.19851407,0.775007,0.9735211,0.9735211,5.0324656e-05,0.0070939874,5.1222945e-05
2021-08-09,1.6653678e-06,0.13065419,0.8433962,0.97405034,0.9740504,4.0784736e-05,0.0063862926,6.417687e-05
2021-08-10,1.8135094e-06,0.15192755,0.8171526,0.96908015,0.96908015,3.619352e-05,0.006016105,5.8651945e-05
2021-08-11,4.060229e-06,0.08639574,0.8712293,0.95762503,0.95762503,3.155913e-05,0.0056177513,9.5816686e-05
2021-08-12,2.8934971e-06,0.12070177,0.83798605,0.95868784,0.95868784,3.2011074e-05,0.005657833,7.0039845e-05
2021-08-13,4.0263794e-06,0.11920835,0.8249622,0.94417053,0.94417053,3.066942e-05,0.005537998,7.2119255e-05
2021-08-16,4.5397915e-06,0.10187017,0.8435439,0.94541407,0.94541407,2.9645302e-05,0.0054447497,8.316779e-05
2021-08-17,8.437525e-06,0.035506845,0.9242343,0.9597411,0.9597411,3.002505e-05,0.005479512,0.00020958169
2021-08-18,6.582063e-06,0.02438222,0.9469453,0.97132754,0.97132754,3.7811344e-05,0.0061490927,0.0002295605
2021-08-19,6.967184e-06,0.021977024,0.948597,0.970574,0.970574,4.5440782e-05,0.006740978,0.00023676983
2021-08-20,8.1195885e-06,0.025178116,0.9407978,0.96597594,0.96597594,5.0112925e-05,0.0070790485,0.00023864255
2021-08-23,2.0065918e-06,0.12031089,0.8511317,0.9714426,0.9714426,5.6774155e-05,0.0075348625,7.026517e-05
2021-08-24,1.2030099e-06,0.19892062,0.7776159,0.9765365,0.9765365,5.917058e-05,0.0076922416,5.127157e-05
2021-08-25,1.5940051e-06,0.19079857,0.7786818,0.9694804,0.9694804,4.7605306e-05,0.00689966,5.222889e-05
2021-08-26,1.9602037e-06,0.17898959,0.7845008,0.96349037,0.96349037,3.9360002e-05,0.006273755,5.369004e-05
2021-08-27,2.5846355e-06,0.08046398,0.89325964,0.97372365,0.97372365,3.9511604e-05,0.0062858257,9.836356e-05
2021-08-30,1.1754119e-06,0.17243132,0.8058802,0.9783115,0.97831154,4.399125e-05,0.00663259,5.4195112e-05
2021-08-31,1.7297086e-06,0.18996005,0.7769836,0.9669437,0.9669437,3.9672464e-05,0.006298608,5.232611e-05
2021-09-01,3.7625496e-06,0.07084855,0.8964484,0.9672969,0.9672969,3.308312e-05,0.005751793,0.000115051764
2021-09-02,2.6611174e-06,0.12730587,0.8335424,0.9608483,0.9608483,3.342834e-05,0.0057817246,6.796935e-05
2021-09-03,2.256923e-06,0.17365086,0.78503394,0.9586848,0.9586848,3.158575e-05,0.00562012,5.4626944e-05
2021-09-07,8.782018e-06,0.06308821,0.87359273,0.936681,0.9366809,2.7084647e-05,0.005204291,0.00013869477
2021-09-08,1.5785348e-05,0.027725,0.9078821,0.9356071,0.9356071,3.333836e-05,0.0057739383,0.00024514104
2021-09-09,1.561707e-05,0.028610196,0.9075465,0.9361567,0.9361567,4.6107332e-05,0.006790238,0.0002446156
2021-09-10,1.4126418e-05,0.023690926,0.92074186,0.9444328,0.9444328,5.8034504e-05,0.007618038,0.00025422222
2021-09-13,9.713121e-06,0.015275072,0.9484039,0.96367896,0.96367896,6.911604e-05,0.008313606,0.00026742404
2021-09-14,1.0506632e-05,0.023597782,0.9343246,0.9579224,0.9579224,7.534888e-05,0.008680373,0.00024969655
2021-09-15,9.452621e-06,0.019491471,0.94353074,0.96302223,0.96302223,8.164605e-05,0.00903582,0.00025562986
2021-09-16,2.8974764e-06,0.07577584,0.8971383,0.97291416,0.97291416,8.777732e-05,0.009368955,0.00010697384
2021-09-17,6.127285e-06,0.032127786,0.9393468,0.9714746,0.9714746,8.188377e-05,0.009048965,0.00021480092
2021-09-20,4.3613873e-06,0.029000992,0.9496762,0.9786772,0.9786772,8.861943e-05,0.009413789,0.00020454115
2021-09-21,7.969049e-06,0.022849265,0.94332105,0.9661703,0.9661703,9.69026e-05,0.009843912,0.00023556377
2021-09-22,4.6205228e-06,0.03190271,0.9457526,0.97765535,0.97765535,9.940851e-05,0.009970382,0.0002067843
2021-09-23,2.0069624e-06,0.06460342,0.91869867,0.9833021,0.9833021,0.00010152905,0.010076162,0.00012019262
2021-09-24,7.728181e-07,0.1908979,0.7940847,0.9849826,0.9849826,0.00010441684,0.010218455,5.1461546e-05
2021-09-27,7.2816965e-07,0.15783449,0.8292108,0.9870453,0.9870453,8.409581e-05,0.009170377,5.6208864e-05
2021-09-28,1.1604104e-06,0.11864693,0.86423457,0.9828815,0.9828815,7.192998e-05,0.008481154,6.778687e-05
2021-09-29,4.6243676e-06,0.04566771,0.9258308,0.9714985,0.9714985,0.00011339585,0.010648749,0.00016224991
2021-09-30,1.1201969e-06,0.08314293,0.9044759,0.98761886,0.98761886,0.00010971198,0.010474348,9.04761e-05
2021-10-01,4.5701217e-06,0.021952089,0.9576171,0.9795692,0.9795692,0.00011330791,0.010644619,0.00022368782
2021-10-04,1.170928e-06,0.09114284,0.89519167,0.9863345,0.9863345,0.00011604424,0.010772383,8.5684995e-05
2021-10-05,3.909664e-06,0.027657906,0.9532906,0.9809485,0.9809485,0.000120850134,0.010993185,0.00020521563
2021-10-06,6.202655e-07,0.14046164,0.84897095,0.9894326,0.9894326,0.00012197324,0.011044149,5.8695983e-05
2021-10-07,7.6019205e-07,0.08380912,0.907343,0.9911521,0.9911521,0.000106376945,0.01031392,8.591787e-05
2021-10-08,6.3858033e-07,0.19374523,0.79367864,0.9874239,0.9874239,0.000103226754,0.010160057,5.0777282e-05
2021-10-11,7.882004e-07,0.088605456,0.9017359,0.99034137,0.99034137,8.335085e-05,0.009129669,8.160578e-05
2021-10-12,1.2452741e-06,0.07314689,0.91428226,0.98742914,0.98742914,8.086839e-05,0.008992685,9.9060395e-05
2021-10-13,2.8716188e-06,0.038981467,0.9446715,0.98365295,0.98365295,7.569547e-05,0.008700314,0.00017566586
2021-10-14,1.9801566e-06,0.059446726,0.9245923,0.98403907,0.98403907,7.483113e-05,0.008650498,0.00012406272
2021-10-15,8.891289e-07,0.21881579,0.76321775,0.98203355,0.98203355,8.7343695e-05,0.009345785,4.948829e-05
2021-10-18,6.2879474e-07,0.18862487,0.7990861,0.98771095,0.98771095,7.953879e-05,0.008918452,5.1167088e-05
2021-10-19,6.5525717e-07,0.1801302,0.8073252,0.98745537,0.98745537,6.563522e-05,0.008101556,5.2234067e-05
2021-10-20,9.657192e-07,0.22568808,0.754713,0.9804011,0.9804011,6.3776184e-05,0.007985999,4.927415e-05
2021-10-21,8.655951e-07,0.21952747,0.7629904,0.9825179,0.9825179,5.2246214e-05,0.007228154,4.9513215e-05
2021-10-22,1.2657657e-06,0.20098995,0.7741554,0.97514534,0.97514534,4.2014006e-05,0.006481821,5.0926697e-05
2021-10-25,2.6446444e-06,0.07305393,0.90188295,0.9749369,0.9749369,3.4091325e-05,0.005838778,0.00010551945
2021-10-26,1.2953484e-06,0.19697762,0.7777758,0.97475344,0.97475344,3.5338453e-05,0.0059446157,5.1307914e-05
2021-10-27,4.6929053e-06,0.055981778,0.9105346,0.9665164,0.9665164,2.8881223e-05,0.005374125,0.00014015524
2021-10-28,5.91697e-06,0.027478548,0.9455947,0.9730733,0.9730733,3.2187967e-05,0.005673444,0.00021974364
2021-10-29,1.2530877e-06,0.21557547,0.75931567,0.9748911,0.9748911,3.8790648e-05,0.0062282137,4.9906168e-05
2021-11-01,1.8725154e-06,0.0960163,0.8810952,0.97711146,0.97711146,3.143862e-05,0.0056070155,8.181017e-05
2021-11-02,2.0114235e-06,0.1657988,0.798307,0.9641058,0.9641058,2.9798679e-05,0.0054588164,5.6037537e-05
2021-11-03,1.7120849e-06,0.16913132,0.7997105,0.96884185,0.96884185,2.8256893e-05,0.0053157215,5.494822e-05
2021-11-04,1.70547e-06,0.20074837,0.7658473,0.9665957,0.9665957,3.0199428e-05,0.0054954006,5.1055416e-05
2021-11-05,2.4053215e-06,0.16718231,0.7896645,0.95684683,0.95684683,2.8927832e-05,0.00537846,5.5739165e-05
2021-11-08,2.9606997e-06,0.116034396,0.8434194,0.95945376,0.95945376,2.7045253e-05,0.0052005053,7.302033e-05
2021-11-09,3.159185e-06,0.14374165,0.8055574,0.9492991,0.9492991,2.5822961e-05,0.00508163,6.231023e-05
2021-11-10,3.992513e-06,0.09790663,0.85614467,0.9540513,0.9540513,2.5718118e-05,0.0050713033,8.689069e-05
2021-11-11,8.821825e-06,0.029310733,0.93135107,0.96066177,0.96066177,3.2695403e-05,0.0057179895,0.00022425575
2021-11-12,4.8014117e-06,0.1396769,0.7862556,0.92593247,0.9259325,3.9273284e-05,0.00626684,6.482478e-05
2021-11-15,2.7732412e-06,0.12140118,0.8384834,0.9598846,0.9598846,4.3191314e-05,0.00657201,6.913156e-05
2021-11-16,5.3883314e-06,0.09035546,0.85419846,0.9445539,0.9445539,3.899143e-05,0.006244312,9.718145e-05
2021-11-17,3.217434e-06,0.12429997,0.8293958,0.9536957,0.9536958,3.99753e-05,0.0063226023,6.948458e-05
2021-11-18,4.8224915e-06,0.0940989,0.8532074,0.94730633,0.94730633,3.7224443e-05,0.0061011836,9.151938e-05
2021-11-19,3.202733e-06,0.13055038,0.8215887,0.9521391,0.9521391,3.7549406e-05,0.006127757,6.69175e-05
2021-11-22,1.2802362e-05,0.03862369,0.90030766,0.93893135,0.93893135,3.4562257e-05,0.0058789672,0.00020963885
2021-11-23,1.2829194e-05,0.022284193,0.92765415,0.94993836,0.94993836,4.4267694e-05,0.0066533973,0.00025626793
2021-11-24,1.5656295e-05,0.02512133,0.91367656,0.9387979,0.9387979,5.392325e-05,0.007343245,0.000255813
2021-11-26,1.098878e-05,0.052177183,0.88347083,0.935648,0.935648,6.507932e-05,0.008067176,0.00017076057
2021-11-29,2.7189608e-05,0.012283063,0.8944478,0.9067309,0.9067309,9.546816e-05,0.009770781,0.00029151782
2021-11-30,8.725229e-07,0.19469456,0.78831434,0.9830089,0.9830089,0.0001143516,0.010693531,5.1351824e-05
2021-12-01,9.32594e-06,0.028858727,0.92883676,0.9576955,0.9576955,0.00016761415,0.012946589,0.00022044785
2021-12-02,5.5170444e-06,0.027075427,0.9481032,0.9751786,0.9751786,0.00016873289,0.012989722,0.00022226966
2021-12-03,8.186193e-07,0.17161942,0.81320477,0.9848242,0.9848242,0.00017159723,0.013099513,5.3942345e-05
2021-12-06,1.9300917e-06,0.052306954,0.9343173,0.98662424,0.98662424,0.0001540321,0.012410967,0.00014429774
2021-12-07,6.690343e-07,0.14979081,0.83851933,0.98831016,0.98831016,0.00015286921,0.012364029,5.723211e-05
2021-12-08,1.1085923e-06,0.22777234,0.74967974,0.9774521,0.9774521,0.0001905096,0.013802522,4.9166098e-05
2021-12-09,6.107287e-07,0.1933488,0.79462576,0.9879745,0.9879745,0.00014530712,0.01205434,5.0786242e-05
2021-12-10,5.485773e-07,0.1418453,0.8485764,0.9904217,0.9904217,0.00012544118,0.011200053,5.7273002e-05
2021-12-13,6.845253e-07,0.20551127,0.78080255,0.9863138,0.9863138,0.000118959244,0.0109068435,5.0015802e-05
2021-12-14,6.317969e-07,0.097843625,0.8935623,0.99140596,0.99140596,0.0001105239,0.010513035,7.351574e-05
2021-12-15,4.4007274e-06,0.020116618,0.9604702,0.9805868,0.9805868,0.00010430912,0.010213183,0.0002266877
2021-12-16,7.2471744e-07,0.16599694,0.82058895,0.98658586,0.98658586,0.00010930722,0.0104550095,5.4026365e-05
2021-12-17,2.1901278e-06,0.038342856,0.9483233,0.98666614,0.98666614,0.00010399563,0.010197825,0.00016425313
2021-12-20,1.3950239e-05,0.010177029,0.94144446,0.9516215,0.9516215,0.00010875402,0.01042852,0.000288356
2021-12-21,8.927441e-06,0.01244922,0.9544921,0.9669413,0.9669413,0.000117539865,0.01084158,0.00027004813
2021-12-22,1.3580307e-06,0.20950876,0.7632676,0.97277635,0.97277635,0.00012489513,0.011175649,4.988423e-05
2021-12-23,8.9726154e-07,0.14973116,0.8342168,0.98394793,0.98394793,0.00011665872,0.010800866,5.5896948e-05
2021-12-27,6.49649e-07,0.16939826,0.81842005,0.9878183,0.9878183,0.00010363756,0.010180254,5.3329917e-05
2021-12-28,1.0598988e-06,0.22934105,0.74908745,0.9784285,0.9784285,0.000118045515,0.010864875,4.9134178e-05
2021-12-29,8.603697e-07,0.18108094,0.80253124,0.9836122,0.9836122,8.9716996e-05,0.009471905,5.250056e-05
2021-12-30,1.0184743e-06,0.14425929,0.83823454,0.9824938,0.9824938,7.307739e-05,0.008548532,5.8177982e-05
2021-12-31,2.076256e-06,0.07384286,0.90476304,0.9786059,0.9786059,6.353308e-05,0.007970764,9.704818e-05
2022-01-03,3.7718676e-06,0.04174845,0.9350218,0.9767703,0.9767703,6.0100454e-05,0.0077524483,0.00016237251
2022-01-04,6.377243e-06,0.03907153,0.9252051,0.9642766,0.9642767,6.127067e-05,0.007827559,0.00017851731
2022-01-05,9.451648e-06,0.021170532,0.9410372,0.96220773,0.96220773,6.3075764e-05,0.007942026,0.00025009477
2022-01-06,4.5348297e-05,0.003604717,0.8611831,0.8647878,0.8647878,7.691984e-05,0.008770395,0.00033538617
2022-01-07,4.5327465e-06,0.026079116,0.9529321,0.97901124,0.97901124,0.00011159493,0.01056385,0.00021596064
2022-01-10,3.395599e-06,0.028750274,0.95417935,0.98292965,0.98292965,0.00011132358,0.010550999,0.00019891791
2022-01-11,4.88977e-06,0.02430321,0.95365566,0.97795886,0.97795886,0.000109677094,0.010472683,0.0002218474
2022-01-12,1.5470026e-06,0.08806987,0.89421993,0.9822898,0.9822898,0.000111401074,0.01055467,8.73509e-05
2022-01-13,2.3915068e-06,0.06667286,0.9126638,0.9793367,0.9793367,0.00010172091,0.010085679,0.0001157368
2022-01-14,6.536556e-06,0.017620046,0.9559056,0.97352564,0.97352564,0.00010840823,0.0104119275,0.0002469014
2022-01-18,2.5229588e-06,0.043883465,0.94064915,0.9845326,0.9845326,0.00011016547,0.010495974,0.00016311454
2022-01-19,1.42084455e-05,0.01075343,0.9395184,0.95027184,0.95027184,0.00012045322,0.010975118,0.00028572234
2022-01-20,7.3155456e-06,0.013872309,0.9583392,0.97221154,0.97221154,0.00012859002,0.011339754,0.0002632584
2022-01-21,1.9247582e-05,0.007814722,0.93050236,0.93831706,0.93831706,0.00013232452,0.01150324,0.00031204062
2022-01-24,6.7653156e-05,0.002014273,0.8026418,0.8046561,0.8046561,0.00014550527,0.012062556,0.00034632845
2022-01-25,2.3345967e-05,0.012480026,0.91032994,0.92280996,0.92280996,0.00018447485,0.013582151,0.0003024479
2022-01-26,2.8931821e-05,0.0064122053,0.90393245,0.91034466,0.91034466,0.00019321944,0.01390034,0.00032270048
2022-01-27,1.5026042e-05,0.017836986,0.92795026,0.94578725,0.94578725,0.0002036358,0.014270102,0.00027716806
2022-01-28,1.1616695e-05,0.020161686,0.9358983,0.95606,0.95606,0.00020446038,0.014298964,0.00026437626
2022-01-31,1.374817e-05,0.04994929,0.8492621,0.8992114,0.8992114,0.00021492182,0.014660212,0.00013640602
2022-02-01,2.4650126e-06,0.09320147,0.87476975,0.9679712,0.9679712,0.00021186062,0.014555433,7.696239e-05
2022-02-02,1.0227337e-06,0.09154893,0.8957254,0.98727435,0.98727435,0.00019179139,0.013848877,8.036789e-05
2022-02-03,6.359252e-07,0.16400798,0.82425624,0.9882642,0.9882642,0.00018104585,0.013455328,5.4186792e-05
2022-02-04,5.4263644e-05,0.011204448,0.79494965,0.8061541,0.8061541,0.00024410468,0.01562385,0.00027993182
2022-02-07,1.1204605e-06,0.06731814,0.9213219,0.98864007,0.98864007,0.00024854206,0.015765216,9.863269e-05
2022-02-08,5.905115e-06,0.023343613,0.95016754,0.97351116,0.97351116,0.00023088584,0.015194928,0.0002229284
2022-02-09,5.532002e-06,0.02786756,0.94475853,0.9726261,0.9726261,0.00022678262,0.0150593035,0.0002020903
2022-02-10,4.660044e-06,0.063665055,0.8895257,0.95319074,0.95319074,0.00022552109,0.0150173595,9.95539e-05
2022-02-11,4.6783174e-05,0.0035783264,0.856719,0.8602973,0.8602973,0.00022662117,0.015053942,0.0003348767
2022-02-14,0.00010170389,0.0013105137,0.7088248,0.71013534,0.71013534,0.00024237968,0.015568548,0.00035086682
2022-02-15,1.2123045e-05,0.012947592,0.9430886,0.9560362,0.9560362,0.00027352432,0.01653857,0.00027575067
2022-02-16,1.9500463e-05,0.03093843,0.8550768,0.88601524,0.88601524,0.0002733182,0.016532337,0.00017107956
2022-02-17,1.2957981e-05,0.012204682,0.9417024,0.95390713,0.95390713,0.00025323554,0.015913377,0.0002811277
2022-02-18,0.0001874521,0.0002955721,0.47603756,0.47633314,0.47633314,0.0002572191,0.01603805,0.00035796058
2022-02-22,1.8000359e-05,0.0071902764,0.9341262,0.9413165,0.9413165,0.00030991127,0.017604297,0.0003067362
2022-02-23,3.6453064e-05,0.0034847844,0.88738585,0.89087063,0.89087063,0.00030836268,0.017560259,0.0003340353
2022-02-24,0.00020159666,0.00016879542,0.43869102,0.43885982,0.43885982,0.0003112293,0.017641691,0.00035926257
2022-02-25,3.8281545e-05,0.006650369,0.8746274,0.8812778,0.8812778,0.0003381669,0.018389314,0.0003224464
2022-02-28,2.2049571e-05,0.04812759,0.74453443,0.792662,0.792662,0.00033716552,0.018362068,0.00010634604
2022-03-01,7.3460374e-06,0.020793106,0.9482183,0.96901137,0.96901137,0.00027344414,0.016536146,0.00023705587
2022-03-02,5.1262643e-05,0.0035387438,0.843708,0.8472467,0.8472467,0.00027164753,0.016481733,0.0003355911
2022-03-03,2.4498386e-06,0.17480108,0.7783619,0.953163,0.953163,0.00028160596,0.01678112,5.2305655e-05
2022-03-04,4.127874e-06,0.028268585,0.9509194,0.97918797,0.97918797,0.00022632483,0.015044096,0.00019834073
2022-03-07,1.43166135e-05,0.008980636,0.94238687,0.9513675,0.9513675,0.0002213123,0.014876569,0.00029438364
2022-03-08,0.0003172979,2.8777875e-05,0.11954621,0.119574994,0.119574994,0.00023101919,0.015199316,0.00036039177
2022-03-09,1.6325594e-05,0.008427942,0.93716025,0.9455882,0.9455882,0.00034491712,0.018571945,0.0003000376
2022-03-10,4.3045096e-05,0.035370924,0.5402987,0.57566965,0.57566965,0.00034538546,0.01858455,0.00010144242
2022-03-11,2.3554592e-05,0.0071278187,0.9169941,0.9241219,0.9241219,0.00023044148,0.015180299,0.0003104268
2022-03-14,5.6475223e-05,0.0027788763,0.8310798,0.83385867,0.83385867,0.00023606935,0.015364548,0.0003399228
2022-03-15,1.5961608e-05,0.009299225,0.9365108,0.94581,0.94581,0.00025282486,0.015900467,0.00029454907
2022-03-16,7.4306727e-06,0.11425618,0.7635827,0.8778389,0.8778389,0.0002570601,0.016033094,6.0826835e-05
2022-03-17,1.0351797e-05,0.076353036,0.7928596,0.8692126,0.8692126,0.00025775042,0.016054608,7.914982e-05
2022-03-18,3.9043775e-06,0.10125713,0.8424989,0.94375604,0.94375604,0.00022616553,0.0150388,6.941862e-05
2022-03-21,1.663511e-06,0.10172149,0.87501377,0.97673523,0.97673523,0.00020030647,0.014152967,7.150345e-05
2022-03-22,2.1357648e-06,0.07480778,0.9022011,0.9770089,0.9770089,0.00017695766,0.013302543,9.28952e-05
2022-03-23,3.2061362e-06,0.118271425,0.83102435,0.94929576,0.94929576,0.00017159134,0.013099288,6.323211e-05
2022-03-24,5.044283e-05,0.0025688787,0.84964573,0.85221463,0.85221463,0.00016624661,0.012893666,0.00034132495
2022-03-25,1.092237e-05,0.070592456,0.800818,0.8714105,0.8714105,0.00019225446,0.013865585,8.493982e-05
2022-03-28,7.66496e-06,0.031202622,0.9282376,0.95944023,0.95944023,0.00016643353,0.012900912,0.0001889794
2022-03-29,1.7580581e-06,0.11252527,0.86066806,0.97319335,0.97319335,0.00016364144,0.012792242,6.5582906e-05
2022-03-30,1.6732906e-06,0.14615028,0.82445127,0.97060156,0.97060156,0.00015909983,0.012613478,5.6917666e-05
2022-03-31,5.0081735e-06,0.034241512,0.9379095,0.972151,0.972151,0.00013879106,0.011780961,0.00017983303
2022-04-01,3.951268e-05,0.004464639,0.875478,0.87994266,0.87994266,0.00014361793,0.01198407,0.00032911508
2022-04-04,3.9360484e-06,0.03614067,0.94096005,0.97710073,0.97710073,0.00016527825,0.012856059,0.00017188532
2022-04-05,2.3955195e-06,0.101903126,0.86389554,0.9657987,0.9657987,0.0001619729,0.012726857,7.0041715e-05
2022-04-06,4.880766e-05,0.001863179,0.8569475,0.85881066,0.85881066,0.00015927345,0.012620359,0.00034568942
2022-04-07,2.336102e-05,0.0049667214,0.922583,0.9275497,0.9275497,0.00018549181,0.013619537,0.0003224421
2022-04-08,3.7282289e-06,0.04729768,0.92699003,0.9742877,0.9742877,0.000194609,0.013950233,0.00014499782
2022-04-11,4.996659e-06,0.021926891,0.9561941,0.978121,0.978121,0.0001845165,0.013583685,0.00022837675
2022-04-12,7.7796394e-05,0.0011174015,0.7776778,0.7787952,0.7787952,0.00018808826,0.013714528,0.00035169395
2022-04-13,1.1572811e-05,0.010118216,0.95010877,0.96022695,0.960227,0.00022408544,0.014969484,0.0002909712
2022-04-14,1.2937976e-06,0.13181572,0.8468302,0.9786459,0.9786459,0.00022574827,0.015024922,6.058784e-05
2022-04-18,1.456873e-05,0.008095642,0.94345474,0.95155036,0.95155036,0.00021377615,0.0146210855,0.00030069845
2022-04-19,2.6689374e-06,0.0471985,0.9351373,0.98233575,0.98233575,0.00021625726,0.014705688,0.00015109256
2022-04-20,7.6581136e-07,0.20349193,0.78125525,0.9847472,0.9847472,0.00021672415,0.014721554,5.0207826e-05
2022-04-21,5.7589455e-07,0.14698197,0.8428942,0.98987615,0.98987615,0.00017025763,0.013048281,5.688494e-05
2022-04-22,9.307357e-06,0.01582642,0.94879496,0.96462137,0.96462137,0.00017827598,0.013352003,0.00026307846
2022-04-25,0.000164013,0.0011585784,0.5324623,0.5336209,0.5336209,0.00019086973,0.013815561,0.00035167314
2022-04-26,1.0371598e-06,0.07104041,0.9184071,0.9894475,0.9894475,0.00026568022,0.0162997,9.8285454e-05
2022-04-27,0.000300847,3.8033013e-05,0.16501033,0.16504836,0.16504836,0.00030717265,0.017526342,0.00036031666
2022-04-28,5.012272e-06,0.026623629,0.9499656,0.9765892,0.9765892,0.00035153393,0.018749239,0.00021410087
2022-04-29,6.498002e-06,0.1228211,0.7653415,0.8881626,0.8881626,0.00035527963,0.018848862,5.8102236e-05
2022-05-02,0.00034810294,1.3972963e-05,0.03386975,0.033883724,0.033883724,0.00045428282,0.021313911,0.00036031165
2022-05-03,3.611513e-06,0.039545596,0.93690354,0.97644913,0.97644913,0.00036348985,0.01906541,0.00015334947
2022-05-04,2.8571262e-06,0.049418442,0.92856336,0.9779818,0.9779818,0.00034492792,0.018572235,0.00012976206
2022-05-05,1.1358512e-05,0.15314683,0.62401974,0.77716655,0.7771666,0.00036706854,0.019159032,5.09731e-05
2022-05-06,0.0003533191,4.0638897e-06,0.020818552,0.020822616,0.020822616,0.00044305396,0.021048848,0.0003608326
2022-05-09,1.9095705e-05,0.009735993,0.92536664,0.93510264,0.93510264,0.00036254298,0.019040562,0.00029424473
2022-05-10,0.00034899786,4.178727e-06,0.032947402,0.032951582,0.032951582,0.0003650083,0.01910519,0.00036088974
2022-05-11,3.2311134e-05,0.006066195,0.8925375,0.8986037,0.8986037,0.00036102397,0.01900063,0.0003186618
2022-05-12,0.00027305758,5.012717e-05,0.24210002,0.24215014,0.24215014,0.0003561304,0.018871417,0.00036030562
2022-05-13,6.8912086e-05,0.001884077,0.7994205,0.8013046,0.8013046,0.00035927683,0.0189546,0.00034682272
2022-05-16,0.00023192647,0.0010213384,0.32937875,0.33040008,0.33040008,0.0003571606,0.018898694,0.00034636576
2022-05-17,6.009496e-05,0.002594702,0.82194144,0.82453614,0.82453614,0.00034958604,0.01869722,0.00034249196
2022-05-18,0.00012739617,0.0057323365,0.57532704,0.5810594,0.5810594,0.0003484905,0.0186679,0.00030409123
2022-05-19,0.00036072667,2.8857599e-08,0.001340365,0.0013403939,0.0013403939,0.0003376849,0.018376205,0.00036121084
2022-05-20,9.661555e-05,0.0013386237,0.72263557,0.72397417,0.72397417,0.0003611793,0.019004717,0.0003500236
2022-05-23,5.0564315e-05,0.0028672486,0.8481412,0.8510084,0.8510084,0.00035761663,0.018910754,0.00033937697
2022-05-24,0.00023606971,0.0005327353,0.33427343,0.33480617,0.33480617,0.00035483937,0.01883718,0.00035488862
2022-05-25,0.0001813434,0.00027439024,0.49345368,0.49372807,0.49372807,0.0003547159,0.018833904,0.00035819365
2022-05-26,9.692139e-05,0.0014668148,0.7218568,0.7233236,0.7233236,0.00035639963,0.01887855,0.00035030593
2022-05-27,0.00016858485,0.0025226488,0.49542516,0.4979478,0.4979478,0.0003547543,0.018834922,0.0003357915
2022-05-31,6.133227e-05,0.025037503,0.3438763,0.3689138,0.3689138,0.00034580025,0.018595705,9.718524e-05
2022-06-01,6.286512e-05,0.0019399135,0.81645155,0.81839144,0.81839144,0.00018109058,0.01345699,0.00034615723
2022-06-02,5.3145603e-05,0.0028435437,0.84079856,0.8436421,0.8436421,0.00021085066,0.014520697,0.00033989717
2022-06-03,3.150107e-05,0.03971738,0.6891565,0.72887385,0.72887385,0.00023142065,0.015212516,0.00011618602
2022-06-06,0.00022111702,0.000177916,0.38382503,0.38400295,0.38400295,0.0002021068,0.014216428,0.0003589579
2022-06-07,5.7092864e-05,0.002946139,0.82932043,0.83226657,0.83226657,0.00029869215,0.017282713,0.00034037855
2022-06-08,3.6847283e-05,0.0073955064,0.8750264,0.8824219,0.8824219,0.00030506254,0.01746604,0.00031338562
2022-06-09,7.020703e-05,0.0018124501,0.7958297,0.7976422,0.7976422,0.00030469906,0.017455632,0.000346945
2022-06-10,0.00030714038,1.7360873e-05,0.14856564,0.148583,0.148583,0.00031376194,0.017713327,0.00036074023
2022-06-13,0.0003492746,1.7065568e-06,0.03267343,0.032675136,0.032675136,0.00035376984,0.01880877,0.0003610727
2022-06-14,0.00036098887,2.8473657e-09,0.0006806655,0.00068066834,0.00068066834,0.00036083607,0.018995686,0.00036123476
2022-06-15,0.00018319506,0.00020314283,0.48930928,0.4895124,0.4895124,0.00036123447,0.019006168,0.00035886295
2022-06-16,0.00010800239,0.0014794277,0.68940526,0.6908847,0.6908847,0.0003599901,0.018973405,0.00034939192
2022-06-17,0.00035956394,5.4624497e-08,0.004565433,0.0045654876,0.0045654876,0.00035787578,0.018917605,0.00036121305
2022-06-21,6.705886e-05,0.002141343,0.80307454,0.8052159,0.8052159,0.0003611978,0.019005205,0.00034427276
2022-06-22,3.4259094e-05,0.04974056,0.49754483,0.5472854,0.5472854,0.00035843157,0.018932289,7.567481e-05
2022-06-23,1.4953174e-05,0.010956383,0.9369027,0.9478591,0.9478591,0.00021279384,0.0145874545,0.00028678402
2022-06-24,1.9588304e-05,0.019156583,0.8974396,0.9165962,0.9165962,0.00021532361,0.014673909,0.00023486097
2022-06-27,2.038845e-05,0.1406797,0.44342047,0.5841002,0.5841002,0.00023137277,0.015210942,4.9022503e-05
2022-06-28,3.69903e-06,0.07573108,0.8827641,0.9584952,0.9584952,0.00012524874,0.011191458,8.912294e-05
2022-06-29,0.0001356258,0.0007627602,0.61658657,0.6173493,0.6173493,0.00014712264,0.012129412,0.00035443762
2022-06-30,1.3421273e-05,0.018517086,0.92768997,0.94620705,0.94620705,0.0002263404,0.015044614,0.00024949873
2022-07-01,1.646183e-05,0.0092053795,0.9351132,0.9443186,0.9443186,0.00022468384,0.014989458,0.00029564323
2022-07-05,4.4629272e-05,0.004552901,0.8603771,0.86493,0.86493,0.00022755002,0.015084761,0.00033041582
2022-07-06,1.8439621e-05,0.0077746203,0.9321768,0.9399514,0.9399514,0.00024042127,0.015505524,0.0003070784
2022-07-07,1.3376493e-05,0.013840216,0.93791354,0.95175374,0.95175374,0.00024263369,0.0155767035,0.0002772545
2022-07-08,2.0378066e-05,0.023966096,0.8783209,0.90228695,0.90228695,0.0002439288,0.01561822,0.00020855009
2022-07-11,8.192388e-06,0.018783873,0.94833016,0.96711403,0.96711403,0.00023465019,0.015318296,0.000249115
2022-07-12,4.2263127e-05,0.003333552,0.87086684,0.8742004,0.8742004,0.00023327846,0.015273456,0.000335956
2022-07-13,2.862533e-05,0.004099049,0.9088653,0.91296434,0.91296434,0.00024569206,0.015674567,0.000328892
2022-07-14,1.4273035e-05,0.00845443,0.9436587,0.95211315,0.95211315,0.0002520481,0.015876023,0.0002980575
2022-07-15,2.579267e-05,0.0045687025,0.91675436,0.92132306,0.92132306,0.00025217832,0.015880123,0.00032783012
2022-07-18,1.1748822e-05,0.06132891,0.81567043,0.8769993,0.8769993,0.00025858264,0.016080504,9.551835e-05
2022-07-19,2.1274602e-05,0.007415471,0.92388034,0.9312958,0.9312958,0.00022707369,0.015068964,0.0003096551
2022-07-20,8.24991e-06,0.19716169,0.63488054,0.8320422,0.8320422,0.00023626129,0.015370794,4.911895e-05
2022-07-21,7.044573e-07,0.20434096,0.7816138,0.9859548,0.98595476,0.00016574736,0.01287429,5.015652e-05
2022-07-22,9.346573e-07,0.22835651,0.7526282,0.9809847,0.9809847,0.0001504701,0.012266626,4.9152877e-05
2022-07-25,2.314944e-06,0.057880066,0.921948,0.97982806,0.97982806,0.0001348214,0.011611261,0.000114760594
2022-07-26,7.372922e-07,0.19540538,0.7901295,0.98553485,0.98553485,0.00012667454,0.011254978,5.0970233e-05
2022-07-27,2.7856524e-05,0.005799535,0.90706235,0.9128619,0.9128619,0.00012937421,0.011374278,0.0003196824
2022-07-28,3.9056927e-06,0.21845669,0.702018,0.9204747,0.9204747,0.00014896324,0.012205049,4.9112587e-05
2022-07-29,7.73059e-07,0.19885486,0.785848,0.9847029,0.9847029,0.00014141804,0.011891932,5.0536262e-05
2022-08-01,1.0551998e-06,0.23203355,0.7464554,0.9784889,0.9784889,0.00015250222,0.012349179,4.9053786e-05
2022-08-02,6.1511184e-07,0.18499146,0.8030561,0.9880476,0.9880476,0.00011719516,0.010825671,5.146346e-05
2022-08-03,6.9745676e-07,0.16710411,0.8199174,0.9870215,0.9870215,0.00010329498,0.010163413,5.373942e-05
2022-08-04,1.2219176e-06,0.23089889,0.7442136,0.9751125,0.97511244,0.00012477844,0.011170427,4.9097638e-05
2022-08-05,1.1724705e-06,0.17477046,0.80320436,0.97797483,0.97797483,9.425498e-05,0.0097085005,5.3233216e-05
2022-08-08,6.5872355e-06,0.033437055,0.9327727,0.96620977,0.96620977,7.749421e-05,0.00880308,0.00019494497
2022-08-09,4.251906e-06,0.05164938,0.9181869,0.9698363,0.9698363,7.893239e-05,0.00888439,0.000140961
2022-08-10,6.596839e-06,0.04733434,0.90867996,0.9560143,0.9560143,7.7622266e-05,0.00881035,0.00014997681
2022-08-11,2.8406016e-06,0.22184364,0.7203917,0.94223535,0.94223535,9.7219454e-05,0.009859992,4.9175433e-05
2022-08-12,1.8546071e-06,0.104298815,0.8704565,0.97475535,0.97475535,7.288431e-05,0.008537231,7.3465344e-05
2022-08-15,1.6218822e-06,0.23605046,0.73081565,0.9668661,0.96686614,9.404445e-05,0.0096976515,4.8949296e-05
2022-08-16,9.39008e-07,0.22254328,0.75845,0.9809933,0.9809933,7.399107e-05,0.008601806,4.9403974e-05
2022-08-17,7.965776e-07,0.20805366,0.7760536,0.98410726,0.98410726,5.7755864e-05,0.0075997277,5.0122093e-05
2022-08-18,4.34258e-06,0.05362139,0.9135334,0.9671548,0.9671548,5.673192e-05,0.007532059,0.00013221354
2022-08-19,9.561537e-07,0.2054569,0.7756112,0.98106813,0.98106813,5.656486e-05,0.007520961,5.050499e-05
2022-08-22,2.36396e-05,0.007069957,0.9173135,0.92438346,0.92438346,8.347257e-05,0.009136332,0.00031262473
2022-08-23,0.000120350196,0.0009232808,0.65853816,0.65946144,0.65946144,0.00010339596,0.01016838,0.00035341136
2022-08-24,1.5065109e-05,0.011847174,0.9360487,0.9478959,0.9478959,0.00018844666,0.013727588,0.00028913474
2022-08-25,5.5139208e-06,0.038159203,0.93132704,0.96948624,0.96948624,0.00019156774,0.0138408,0.00018070274
2022-08-26,1.2865006e-06,0.20105585,0.7734697,0.9745255,0.9745256,0.00019122839,0.013828536,5.0501527e-05
2022-08-29,0.00032816365,5.6206336e-05,0.08742996,0.08748617,0.08748617,0.00039017835,0.019752933,0.00035962593
2022-08-30,2.688703e-06,0.04276931,0.9391249,0.9818942,0.9818942,0.00036227953,0.019033642,0.0001484995
2022-08-31,5.4631037e-06,0.020644039,0.955727,0.976371,0.97637105,0.0003483024,0.01866286,0.00023120324
2022-09-01,5.4082875e-06,0.021421041,0.9548659,0.9762869,0.9762869,0.00033960867,0.018428475,0.0002280716
2022-09-02,5.1122784e-06,0.024718894,0.9524118,0.97713065,0.97713065,0.00032987513,0.018162465,0.00022354281
2022-09-06,1.3039363e-05,0.010289271,0.94528973,0.955579,0.955579,0.00032216488,0.017948952,0.0002935404
2022-09-07,7.960093e-06,0.01644537,0.95290583,0.96935123,0.96935123,0.00031774034,0.017825272,0.00025971985
2022-09-08,1.3497349e-06,0.134835,0.84204525,0.97688025,0.97688025,0.00031584248,0.017771957,5.8380178e-05
2022-09-09,6.8777774e-07,0.09791603,0.89281,0.990726,0.990726,0.00027270545,0.016513797,7.4161886e-05
2022-09-12,8.437835e-07,0.20921238,0.7739001,0.98311245,0.98311245,0.00026687505,0.01633631,4.9964838e-05
2022-09-13,7.094543e-07,0.20957397,0.7761886,0.9857626,0.9857626,0.00023046567,0.015181095,4.9830312e-05
2022-09-14,0.0003573459,4.925491e-06,0.0059554013,0.0059603266,0.0059603266,0.0005972479,0.024438657,0.0003594886
2022-09-15,9.593925e-07,0.09810027,0.8884875,0.98658776,0.98658776,0.0003609028,0.018997442,7.153113e-05
2022-09-16,1.107914e-05,0.016377931,0.9400048,0.95638275,0.95638275,0.0003348257,0.018298242,0.00025400822
2022-09-19,2.7646129e-05,0.0056492332,0.907389,0.9130382,0.9130382,0.00032815294,0.018114991,0.00031791115
2022-09-20,1.18896e-05,0.01704275,0.93572426,0.952767,0.952767,0.00032572963,0.018047981,0.00025172238
2022-09-21,2.3039785e-05,0.0049367147,0.923368,0.9283047,0.9283047,0.0003190278,0.01786135,0.00032135687
2022-09-22,8.416887e-05,0.001278944,0.75903517,0.7603141,0.7603141,0.00031918104,0.01786564,0.0003511632
2022-09-23,2.6410587e-05,0.0047588507,0.91374,0.9184988,0.9184988,0.00032653357,0.01807024,0.00032405157
2022-09-26,8.253997e-05,0.0011766864,0.76376724,0.76494396,0.76494396,0.000326166,0.018060066,0.00035115017
2022-09-27,7.496842e-05,0.001256789,0.7851525,0.78640926,0.78640926,0.00033177558,0.018214708,0.00035099094
2022-09-28,1.9591123e-05,0.0070219724,0.930332,0.93735397,0.93735397,0.0003354723,0.018315902,0.0003127273
2022-09-29,8.0672635e-06,0.041763403,0.8996188,0.9413822,0.9413822,0.00033430732,0.018284073,0.00013762488
2022-09-30,0.0001077067,0.0011209272,0.69261134,0.69373226,0.69373226,0.00032775628,0.018104041,0.00035167497
2022-10-03,3.645708e-05,0.004523802,0.8842998,0.8888236,0.8888236,0.00033499318,0.018302819,0.00032792112
2022-10-04,1.1515922e-05,0.12609343,0.6614309,0.78752434,0.78752434,0.00033571987,0.01832266,5.4198783e-05
2022-10-05,1.5576868e-05,0.15997823,0.5234231,0.6834013,0.6834013,0.00034957248,0.018696858,4.920067e-05
2022-10-06,5.699627e-06,0.032907818,0.9349515,0.9678593,0.9678593,0.00019956415,0.014126718,0.00017733377
2022-10-07,2.3585231e-05,0.012066298,0.90485185,0.91691816,0.91691816,0.00019594845,0.013998159,0.0002838795
2022-10-10,0.00023540977,0.0005277052,0.33596408,0.3364918,0.3364918,0.00021067371,0.014514604,0.00035479557
2022-10-11,4.37774e-05,0.0040941127,0.86371744,0.86781156,0.86781156,0.00030622107,0.017499173,0.0003311742
2022-10-12,6.119304e-05,0.0016938798,0.82212526,0.82381916,0.82381916,0.0003084409,0.017562486,0.00034733082
2022-10-13,5.717379e-05,0.0022993516,0.83132786,0.8336272,0.8336272,0.00031479073,0.017742343,0.00034364872
2022-10-14,0.00012577749,0.0065860813,0.59519815,0.6017842,0.6017842,0.00032040616,0.017899893,0.0003158526
2022-10-17,0.00022904317,0.00018360541,0.36172435,0.36190796,0.36190796,0.0003200391,0.017889638,0.00035895006
2022-10-18,7.7702236e-05,0.017087359,0.54529446,0.5623818,0.5623818,0.0003449256,0.018572172,0.00017755714
2022-10-19,3.040417e-05,0.01797964,0.8587429,0.8767225,0.8767225,0.00026804637,0.016372122,0.00024663197
2022-10-20,4.8058486e-05,0.0069702845,0.8417139,0.8486842,0.8486842,0.00026154445,0.016172336,0.00031760387
2022-10-21,7.7249766e-05,0.0017080114,0.77608055,0.7777886,0.7777886,0.00026872035,0.016392693,0.00034764083
2022-10-24,4.213756e-05,0.03255422,0.63941205,0.67196625,0.67196625,0.00028676796,0.016934225,0.00012845495
2022-10-25,8.143499e-05,0.0061600804,0.737026,0.74318606,0.74318606,0.00023017016,0.01517136,0.00031709723
2022-10-26,9.007692e-05,0.011451967,0.64387906,0.655331,0.655331,0.00025258647,0.01589297,0.0002613433
2022-10-27,6.516278e-05,0.0020779741,0.80935293,0.81143093,0.81143093,0.00025339954,0.015918529,0.0003455645
2022-10-28,6.223266e-05,0.0035822375,0.8119436,0.8155258,0.8155258,0.0002703162,0.016441295,0.00033735164
2022-10-31,6.4564076e-05,0.024161788,0.48885277,0.51301455,0.51301455,0.0002836634,0.01684231,0.00013257907
2022-11-01,8.3824416e-05,0.0014126798,0.7591129,0.7605256,0.7605256,0.00020456931,0.0143027725,0.00035003494
2022-11-02,7.840863e-05,0.001139507,0.7759716,0.7771111,0.7771111,0.00023914513,0.015464318,0.0003517835
2022-11-03,0.00032171523,1.3909527e-05,0.10827409,0.108288,0.108288,0.00026472536,0.016270382,0.00036078377
2022-11-04,0.00011399198,0.00086679496,0.67681533,0.6776821,0.6776821,0.00035037968,0.01871843,0.0003536632
2022-11-07,9.4750176e-05,0.00157281,0.72691405,0.72848684,0.72848684,0.00035130675,0.018743178,0.00034897085
2022-11-08,9.322522e-05,0.002413236,0.7271413,0.72955453,0.72955453,0.00035025703,0.018715154,0.00034470987
2022-11-09,3.0063693e-05,0.005918296,0.90031755,0.9062359,0.9062359,0.00034797675,0.018654134,0.00032063108
2022-11-10,0.00023933206,0.00012887709,0.33394676,0.33407563,0.33407563,0.0003459639,0.018600104,0.00035939825
2022-11-11,4.885326e-05,0.00018163538,0.0005450627,0.0007266981,0.0007266981,0.00035523187,0.018847596,4.888879e-05
2022-11-14,6.2656113e-06,0.1695613,0.70872355,0.8782848,0.8782848,4.9063092e-05,0.007004505,5.1477644e-05
2022-11-15,1.1665397e-05,0.06697728,0.80590516,0.8728824,0.8728824,5.3956122e-05,0.007345483,9.176856e-05
2022-11-16,2.0675818e-06,0.20984222,0.7486978,0.95854,0.95854,5.9771297e-05,0.00773119,4.986934e-05
2022-11-17,2.0402035e-06,0.18362334,0.7768477,0.96047103,0.96047103,5.972745e-05,0.0077283536,5.1612875e-05
2022-11-18,2.6097216e-05,0.0042640613,0.9163118,0.92057586,0.92057586,5.0378792e-05,0.007097802,0.00032858038
2022-11-21,2.4480556e-05,0.0046824715,0.9202671,0.9249496,0.9249496,7.234039e-05,0.0085053155,0.00032618816
2022-11-22,5.8360623e-05,0.0040558656,0.82238364,0.8264395,0.8264395,9.1121656e-05,0.009545767,0.0003362552
2022-11-23,1.7410523e-05,0.033539563,0.86254025,0.89607984,0.8960798,0.00013400233,0.011575937,0.00016753748
2022-11-25,7.667724e-06,0.033830926,0.9235457,0.95737666,0.95737666,0.00013423948,0.011586176,0.00017989497
2022-11-28,5.9519725e-06,0.10003617,0.81928253,0.9193187,0.9193187,0.00013164968,0.011473869,7.377138e-05
2022-11-29,5.6507477e-05,0.0023019295,0.8331344,0.83543634,0.83543634,0.00014029467,0.011844605,0.00034337761
2022-11-30,1.28601105e-05,0.018268786,0.9316244,0.9498932,0.9498932,0.00017340014,0.013168149,0.00025665388
2022-12-01,1.4080461e-05,0.14223604,0.58336085,0.7255969,0.7255969,0.00019176734,0.013848009,5.1313054e-05
2022-12-02,4.069678e-06,0.051335778,0.9163931,0.96772885,0.96772885,0.00012607081,0.011228126,0.00012610888
2022-12-05,3.7087102e-06,0.039144304,0.93752927,0.97667354,0.97667354,0.000119692246,0.010940395,0.00015899158
2022-12-06,6.1842264e-05,0.0056452802,0.8037562,0.80940145,0.80940145,0.00012908783,0.011361683,0.00032446347
2022-12-07,3.980118e-05,0.005587,0.8716817,0.8772687,0.8772687,0.00016681815,0.01291581,0.0003242952
2022-12-08,2.7090378e-05,0.004132193,0.91379964,0.91793185,0.91793185,0.00018523342,0.013610048,0.00033009614
2022-12-09,1.8580997e-05,0.011506755,0.9246732,0.93617994,0.93617994,0.00019659642,0.014021285,0.00029114663
2022-12-12,2.595227e-05,0.0038054374,0.9175258,0.9213313,0.9213313,0.00020104778,0.014179132,0.00032989314
2022-12-13,3.1134139e-06,0.10733845,0.8457831,0.95312154,0.95312154,0.00021117846,0.01453198,6.64146e-05
2022-12-14,1.2186841e-06,0.0795841,0.9074667,0.98705083,0.98705083,0.00018753266,0.013694257,9.4112926e-05
2022-12-15,1.8382951e-06,0.048383713,0.9389488,0.9873325,0.9873325,0.00017486443,0.013223631,0.00014511928
2022-12-16,0.00011784195,0.0018690488,0.65848064,0.66034967,0.66034967,0.00019614896,0.014005319,0.00034695078
2022-12-19,2.1524456e-05,0.0085813645,0.91994715,0.9285285,0.9285285,0.00024752,0.015732767,0.00030116134
2022-12-20,1.752306e-05,0.00782654,0.93466514,0.9424917,0.9424917,0.00024987946,0.015807576,0.00030470494
2022-12-21,9.824703e-06,0.012101471,0.9526883,0.96478975,0.96478975,0.00025108762,0.015845744,0.0002790296
2022-12-22,2.9667106e-06,0.07100228,0.89617413,0.96717644,0.96717644,0.00025163245,0.015862927,9.038356e-05
2022-12-23,2.0937654e-05,0.0071940054,0.9255753,0.9327693,0.9327693,0.0002435134,0.015604916,0.00031142996
2022-12-27,1.3499072e-06,0.08897618,0.89422905,0.98320526,0.98320526,0.00024654926,0.015701886,8.0376776e-05
2022-12-28,2.957412e-06,0.042180136,0.9391639,0.98134404,0.98134404,0.000223344,0.014944698,0.00015852375
2022-12-29,9.883248e-06,0.013143326,0.95025826,0.96340156,0.96340156,0.00021950778,0.014815795,0.00027004557
2022-12-30,2.715256e-06,0.11734159,0.83882004,0.9561616,0.9561616,0.00022256903,0.014918747,6.193787e-05
2023-01-03,2.4003461e-06,0.036728315,0.94913524,0.98586357,0.98586357,0.0001903457,0.013796583,0.00016979857
2023-01-04,2.2119907e-06,0.04201187,0.94420636,0.9862182,0.9862182,0.00018377657,0.013556422,0.00016050102
2023-01-05,6.475332e-07,0.096676774,0.8945774,0.99125415,0.99125415,0.0001781014,0.013345463,7.403892e-05
2023-01-06,4.0680466e-06,0.025306398,0.95524865,0.98055506,0.98055506,0.00017312674,0.0131577635,0.00020920846
2023-01-09,1.8203425e-06,0.18263072,0.7820726,0.9647033,0.9647033,0.00018224452,0.013499797,5.1572628e-05
2023-01-10,7.646652e-07,0.10509259,0.8840989,0.9891915,0.9891915,0.00014445219,0.012018827,7.074647e-05
2023-01-11,5.9677967e-07,0.16896649,0.8198148,0.9887813,0.9887813,0.00013333841,0.0115472255,5.3194955e-05
2023-01-12,7.4943887e-07,0.21098119,0.7739638,0.984945,0.984945,0.00013581933,0.011654155,4.978006e-05
2023-01-13,5.57284e-07,0.13844383,0.85200447,0.9904483,0.9904483,0.0001083781,0.01041048,5.8343936e-05
2023-01-17,1.00511e-06,0.12448589,0.8597743,0.9842602,0.9842602,9.4777504e-05,0.009735374,6.385787e-05
2023-01-18,1.4573476e-06,0.07622229,0.9084094,0.9846317,0.9846317,8.299981e-05,0.009110423,9.482827e-05
2023-01-19,1.1694476e-05,0.011782537,0.9464262,0.95820874,0.95820874,9.661119e-05,0.009829099,0.00027983065
2023-01-20,6.750268e-06,0.014918071,0.9588655,0.9737836,0.9737836,0.00010379117,0.010187795,0.00025748275
2023-01-23,1.2897394e-06,0.19452271,0.7801529,0.97467566,0.97467566,0.00011125282,0.010547645,5.0928837e-05
2023-01-24,6.832053e-07,0.19202276,0.7945679,0.9865906,0.9865906,0.000114902665,0.010719266,5.094982e-05
2023-01-25,7.5767e-07,0.13837121,0.8488417,0.98721296,0.98721296,9.228567e-05,0.009606543,5.9252947e-05
2023-01-26,6.9738167e-07,0.10342463,0.88683397,0.9902586,0.9902586,7.909856e-05,0.008893737,7.158928e-05
2023-01-27,8.789351e-07,0.22441903,0.7577448,0.98216385,0.9821638,8.27856e-05,0.009098659,4.927829e-05
2023-01-30,1.0517318e-06,0.1354959,0.84734106,0.98283696,0.98283696,6.46081e-05,0.008037916,6.1278886e-05
2023-01-31,1.3693365e-05,0.010693191,0.941704,0.95239717,0.95239717,7.8036726e-05,0.00883384,0.00028765862
2023-02-01,9.1189736e-07,0.21415766,0.76751286,0.9816705,0.9816705,8.9401554e-05,0.009455239,4.9750255e-05
2023-02-02,7.348433e-07,0.1722098,0.81405056,0.98626035,0.98626035,9.263104e-05,0.009624502,5.3483425e-05
2023-02-03,9.805614e-07,0.22686705,0.75320375,0.98007077,0.9800708,0.00011119235,0.010544778,4.9202168e-05
2023-02-06,1.1492815e-06,0.099482745,0.884989,0.9844718,0.9844718,0.00011154376,0.010561428,7.401253e-05
2023-02-07,6.8163774e-07,0.17294018,0.8142185,0.9871587,0.9871587,0.00010383222,0.01018981,5.308174e-05
2023-02-08,7.886274e-07,0.20104,0.7833338,0.98437375,0.9843738,0.00011359569,0.010658128,5.0468112e-05
2023-02-09,3.133283e-06,0.047488987,0.9303703,0.97785926,0.97785926,0.00011490221,0.010719244,0.00014151662
2023-02-10,9.986083e-06,0.012233647,0.951872,0.96410567,0.96410567,0.00011379004,0.010667241,0.00027820776
2023-02-13,2.187407e-06,0.05794474,0.9241984,0.9821431,0.9821431,0.00011835595,0.010879152,0.0001224965
2023-02-14,7.3606486e-07,0.20366077,0.7816907,0.9853515,0.9853515,0.00011921531,0.010918576,5.024849e-05
2023-02-15,3.964398e-06,0.028119933,0.95266396,0.9807839,0.9807839,9.4010466e-05,0.0096959,0.00020630583
2023-02-16,1.3385529e-06,0.11779976,0.8625043,0.98030406,0.98030406,9.3787516e-05,0.009684395,6.7960864e-05
2023-02-17,1.1358856e-05,0.012651544,0.9460997,0.95875126,0.95875126,0.00010548424,0.010270552,0.00027537462
2023-02-21,2.9050984e-06,0.034203857,0.94981134,0.98401517,0.9840152,0.000111248795,0.0105474545,0.00018174092
2023-02-22,0.00010733519,0.0008271539,0.69594485,0.696772,0.696772,0.00012287499,0.011084899,0.00035397516
2023-02-23,5.572316e-06,0.019076554,0.9576114,0.9766879,0.9766879,0.00019285142,0.013887095,0.00023903114
2023-02-24,3.034775e-06,0.034119528,0.9494423,0.9835619,0.9835619,0.00019074911,0.013811195,0.00018461807
2023-02-27,8.535714e-06,0.011195788,0.9579236,0.96911937,0.96911937,0.00018821258,0.013719059,0.00027640996
2023-02-28,2.8273043e-06,0.039572723,0.94397616,0.9835489,0.9835489,0.00018894469,0.013745715,0.0001718609
2023-03-01,3.5422447e-06,0.026457785,0.9562257,0.9826835,0.9826835,0.00018178485,0.013482762,0.00020455869
2023-03-02,3.3329088e-06,0.028796954,0.9543833,0.9831803,0.9831803,0.00017779901,0.01333413,0.00019815488
2023-03-03,1.6260026e-06,0.07254608,0.9116526,0.9841987,0.9841987,0.00017466796,0.013216201,0.00010290302
2023-03-06,7.972326e-07,0.20819457,0.77584916,0.9840437,0.9840437,0.00017880178,0.013371678,4.9963553e-05
2023-03-07,6.4170814e-07,0.1341411,0.8552813,0.9894224,0.9894224,0.000139574,0.0118141435,6.0666596e-05
2023-03-08,2.5224952e-06,0.04108554,0.9433518,0.98443735,0.98443735,0.00015279885,0.012361183,0.00016208645
2023-03-09,5.847882e-07,0.13852228,0.851569,0.99009126,0.99009126,0.0001467514,0.012114099,5.901744e-05
2023-03-10,1.0743832e-05,0.017303288,0.94117707,0.95848036,0.95848036,0.0001745525,0.013211831,0.00025876504
2023-03-13,1.25770885e-05,0.010373266,0.94612354,0.95649683,0.95649683,0.00017877787,0.013370784,0.00028910744
2023-03-14,5.891948e-06,0.02512617,0.9490888,0.974215,0.974215,0.00018174999,0.013481468,0.00022850267
2023-03-15,1.2168074e-06,0.12000659,0.8614538,0.98146033,0.98146033,0.0001849907,0.013601129,6.5632645e-05
2023-03-16,1.934934e-06,0.044342212,0.94298446,0.9873267,0.9873267,0.00016558485,0.012867978,0.00015267778
2023-03-17,8.364892e-07,0.17136814,0.8129958,0.9843639,0.9843639,0.00017120874,0.013084676,5.349735e-05
2023-03-20,2.7317055e-06,0.042961605,0.9387459,0.9817075,0.9817075,0.00018257214,0.013511926,0.00014933484
2023-03-21,6.1985384e-07,0.1823599,0.80564237,0.9880023,0.9880023,0.00017790397,0.013338065,5.166439e-05
2023-03-22,6.9374096e-07,0.1955543,0.79075617,0.9863105,0.9863105,0.0001741039,0.013194844,5.06768e-05
2023-03-23,5.9882027e-06,0.031822488,0.9361551,0.9679776,0.9679776,0.0001974297,0.014050968,0.00018700033
2023-03-24,9.0083086e-07,0.07105003,0.9197372,0.99078727,0.99078727,0.0001910142,0.013820789,9.778107e-05
2023-03-27,6.018984e-07,0.11236794,0.8786213,0.9909892,0.9909892,0.00017945329,0.013396017,6.6797504e-05
2023-03-28,8.0790346e-07,0.10686645,0.8816054,0.9884718,0.98847187,0.00015859153,0.012593313,7.008066e-05
2023-03-29,5.008506e-06,0.02716422,0.94969517,0.9768594,0.9768594,0.00014125543,0.011885093,0.00021643794
2023-03-30,8.187575e-07,0.19181423,0.7921816,0.98399585,0.98399585,0.00014467016,0.012027891,5.1159088e-05
2023-03-31,7.596732e-07,0.15749171,0.82878995,0.9862817,0.98628163,0.00012155302,0.011025108,5.53766e-05
2023-04-03,7.904142e-07,0.19837499,0.7860206,0.98439556,0.98439556,0.0001315414,0.01146915,5.0653172e-05
2023-04-04,7.437974e-07,0.19041842,0.7951136,0.98553205,0.98553205,0.00010678123,0.010333501,5.140999e-05
2023-04-05,9.015011e-07,0.101501055,0.8860286,0.98752964,0.98752964,9.194045e-05,0.009588558,7.229148e-05
2023-04-06,1.5330786e-06,0.069592394,0.9152019,0.9847943,0.9847943,8.316318e-05,0.009119385,0.00010082275
2023-04-10,9.196041e-07,0.1273774,0.85789514,0.9852725,0.9852725,7.860097e-05,0.008865719,6.24414e-05
2023-04-11,7.944044e-06,0.025298174,0.9408286,0.9661268,0.9661268,6.844097e-05,0.008272906,0.00023452299
2023-04-12,1.2593984e-05,0.020348795,0.9310731,0.9514219,0.9514219,7.233544e-05,0.008505024,0.00025925238
2023-04-13,9.266698e-06,0.015160198,0.9500639,0.9652241,0.9652241,8.031453e-05,0.008961838,0.00026646885
2023-04-14,1.0296949e-06,0.19938228,0.78038967,0.9797719,0.979772,8.81366e-05,0.00938811,5.090421e-05
2023-04-17,3.7128132e-06,0.04594254,0.9310867,0.97702926,0.97702926,7.11909e-05,0.0084374705,0.00016163231
2023-04-18,1.1900709e-06,0.14014962,0.8401201,0.9802697,0.9802697,7.05277e-05,0.008398077,6.0316826e-05
2023-04-19,1.7662483e-06,0.09794121,0.88009584,0.97803706,0.97803706,6.0472325e-05,0.0077763954,8.041948e-05
2023-04-20,1.6805525e-06,0.13976415,0.8330613,0.9728254,0.9728254,5.4999986e-05,0.0074161976,6.184279e-05
2023-04-21,8.802519e-06,0.019932043,0.9448639,0.96479595,0.96479595,5.1972314e-05,0.0072091827,0.00025004277
2023-04-24,9.5285595e-06,0.029407572,0.9293261,0.9587337,0.9587337,5.791625e-05,0.0076102726,0.00023090401
2023-04-25,1.4239441e-05,0.032982428,0.90505874,0.93804115,0.93804115,6.3373256e-05,0.007960732,0.00022982094
2023-04-26,1.3752956e-05,0.011796407,0.9396877,0.95148414,0.95148414,8.0237514e-05,0.00895754,0.00028347343
2023-04-27,7.0797387e-06,0.021949839,0.9486503,0.9706001,0.9706001,8.938267e-05,0.009454241,0.00024080848
2023-04-28,1.2925449e-06,0.22921781,0.74448186,0.9736997,0.9736997,0.00010024226,0.010012105,4.9145612e-05
2023-05-01,7.194791e-07,0.20348983,0.7821811,0.9856709,0.9856709,9.176352e-05,0.009579328,5.021113e-05
2023-05-02,6.637533e-07,0.18395019,0.803265,0.98721516,0.98721516,7.2786075e-05,0.008531475,5.1917224e-05
2023-05-03,1.2294845e-06,0.07802873,0.9092577,0.98728645,0.98728645,8.340804e-05,0.009132801,9.6706615e-05
2023-05-04,8.85653e-07,0.08476975,0.90503603,0.98980576,0.98980576,8.097253e-05,0.008998474,8.6877764e-05
2023-05-05,3.3851586e-06,0.027841931,0.9552281,0.98307,0.98307,7.867811e-05,0.008870068,0.00019995049
2023-05-08,1.0418229e-06,0.21575837,0.7632963,0.9790547,0.9790547,8.772045e-05,0.00936592,4.974015e-05
2023-05-09,8.134924e-07,0.16947867,0.81561226,0.9850909,0.9850909,6.7999936e-05,0.008246208,5.4563523e-05
2023-05-10,1.0299534e-06,0.115275815,0.8696068,0.9848826,0.9848826,5.9830687e-05,0.00773503,6.81303e-05
2023-05-11,7.086768e-07,0.111224875,0.8784833,0.9897082,0.9897082,5.5368713e-05,0.0074410154,6.8858295e-05
2023-05-12,7.416317e-07,0.14824085,0.83892465,0.9871655,0.9871655,4.9763854e-05,0.00705435,5.778428e-05
2023-05-15,7.5753333e-06,0.028140211,0.9386878,0.966828,0.966828,4.282176e-05,0.0065438338,0.00022836521
2023-05-16,3.3784413e-06,0.08256744,0.8835628,0.96613026,0.96613026,4.807043e-05,0.006933284,9.974806e-05
2023-05-17,6.279452e-06,0.029039508,0.9420821,0.9711216,0.9711216,4.9771897e-05,0.0070549203,0.00021744467
2023-05-18,9.750204e-07,0.1405606,0.84309256,0.9836532,0.9836532,5.7267473e-05,0.0075675277,5.9645903e-05
2023-05-19,6.890011e-07,0.17375274,0.8132723,0.987025,0.987025,6.168127e-05,0.007853743,5.31023e-05
2023-05-22,1.0094083e-06,0.07876407,0.9101949,0.98895895,0.98895895,5.1320872e-05,0.007163859,9.142325e-05
2023-05-23,8.769912e-07,0.17153509,0.8122928,0.9838279,0.9838279,4.7725236e-05,0.0069083455,5.4228614e-05
2023-05-24,2.0422965e-06,0.047136318,0.93904394,0.98618025,0.98618025,6.22178e-05,0.007887826,0.00014778096
2023-05-25,3.1022746e-06,0.028663447,0.9554417,0.98410517,0.98410517,6.3088344e-05,0.007942817,0.00019517507
2023-05-26,1.6689148e-06,0.07903717,0.90351886,0.98255605,0.98255605,6.541997e-05,0.008088261,9.5672964e-05
2023-05-30,7.8595264e-07,0.19838455,0.78611314,0.9844977,0.98449767,7.3489144e-05,0.008572581,5.0699182e-05
2023-05-31,9.4741984e-07,0.11629935,0.86983114,0.9861305,0.9861305,5.8564317e-05,0.0076527325,6.830947e-05
2023-06-01,1.4495469e-06,0.057201516,0.9311819,0.9883834,0.9883834,5.572834e-05,0.0074651414,0.0001247825
2023-06-02,7.622364e-07,0.19945525,0.78548753,0.9849428,0.9849428,5.825908e-05,0.0076327636,5.06227e-05
2023-06-05,1.0329169e-06,0.22896957,0.7500113,0.9789809,0.9789809,8.658484e-05,0.009305097,4.914182e-05
2023-06-06,8.4689754e-07,0.16749199,0.81703436,0.98452634,0.98452634,6.6985645e-05,0.008184476,5.4731547e-05
2023-06-07,8.131628e-07,0.1809489,0.8036315,0.9845804,0.9845804,5.6239554e-05,0.0074993037,5.2735653e-05
2023-06-08,1.1214636e-06,0.09597083,0.8898393,0.9858101,0.9858101,4.8418562e-05,0.006958345,7.903253e-05
2023-06-09,9.570016e-07,0.20375732,0.7773622,0.9811195,0.9811195,4.74849e-05,0.006890929,5.0687337e-05
2023-06-12,5.8665814e-06,0.038119342,0.9317024,0.9698217,0.9698217,3.8396356e-05,0.0061964793,0.00019439729
2023-06-13,1.1621668e-06,0.18476197,0.79312944,0.9778914,0.97789145,4.462317e-05,0.006680058,5.256624e-05
2023-06-14,1.102355e-06,0.15056998,0.83045995,0.9810299,0.9810299,4.4088665e-05,0.0066399295,5.8110214e-05
2023-06-15,2.3442417e-06,0.08152031,0.89475113,0.97627145,0.97627145,3.7868223e-05,0.0061537162,9.8794146e-05
2023-06-16,1.0622268e-06,0.21064965,0.768188,0.97883767,0.97883767,4.8233494e-05,0.006945034,5.0194227e-05
2023-06-20,1.1152888e-06,0.096674845,0.8894439,0.98611873,0.98611873,4.9356004e-05,0.007025383,8.034489e-05
2023-06-21,1.7252817e-06,0.08877457,0.8917588,0.98053336,0.98053336,4.7820253e-05,0.006915219,8.862761e-05
2023-06-22,3.3275956e-06,0.04400945,0.93611646,0.9801259,0.9801259,4.6884114e-05,0.0068471977,0.00016743381
2023-06-23,1.3401111e-06,0.11516116,0.86575496,0.98091614,0.98091614,4.7730682e-05,0.0069087395,7.022223e-05
2023-06-26,6.856998e-06,0.016204191,0.9567834,0.9729876,0.9729876,4.962318e-05,0.007044372,0.00025384623
2023-06-27,9.292818e-06,0.02116006,0.9417406,0.96290064,0.96290064,5.46324e-05,0.0073913736,0.00025048456
2023-06-28,1.1914568e-06,0.17744356,0.80030286,0.9777464,0.9777464,6.3173255e-05,0.00794816,5.3540025e-05
2023-06-29,2.4919373e-06,0.0738843,0.902822,0.9767063,0.9767063,5.1767238e-05,0.007194945,0.00010697914
2023-06-30,1.5059816e-06,0.12766765,0.8493386,0.97700626,0.97700626,5.026655e-05,0.0070898905,6.5495275e-05
2023-07-03,9.0226956e-07,0.20583981,0.7762389,0.98207873,0.98207873,6.12194e-05,0.007824282,5.0346298e-05
2023-07-05,1.7642913e-06,0.23349196,0.73052686,0.9640188,0.9640188,4.8614627e-05,0.006972419,4.9033726e-05
2023-07-06,2.2546228e-06,0.090432465,0.8836764,0.9741089,0.9741089,3.793266e-05,0.0061589493,8.7080916e-05
2023-07-07,3.3765446e-06,0.04456626,0.934896,0.97946227,0.97946227,4.1630523e-05,0.006452172,0.00016440687
2023-07-10,4.4632097e-06,0.03833061,0.93805224,0.97638285,0.97638285,4.262485e-05,0.006528771,0.00018898174
2023-07-11,7.2278117e-06,0.052540652,0.90272236,0.955263,0.955263,4.465788e-05,0.0066826553,0.00016156235
2023-07-12,3.0481783e-06,0.08782361,0.8792581,0.9670817,0.9670817,4.953707e-05,0.0070382576,9.259836e-05
2023-07-13,1.3000343e-06,0.12664683,0.8534066,0.9800534,0.9800534,5.1986117e-05,0.0072101397,6.517582e-05
2023-07-14,1.0446664e-06,0.20581348,0.7735347,0.9793482,0.9793482,5.3213585e-05,0.0072947643,5.058472e-05
2023-07-17,1.6364108e-06,0.12462948,0.8509706,0.9756001,0.9756001,4.234173e-05,0.006507052,6.706636e-05
2023-07-18,1.3118735e-06,0.20067818,0.77365106,0.97432923,0.97432923,3.9009454e-05,0.0062457547,5.110379e-05
2023-07-19,1.151299e-06,0.16390763,0.8153378,0.9792454,0.9792454,4.1946005e-05,0.0064765736,5.5472057e-05
2023-07-20,1.7614052e-06,0.14088807,0.83066237,0.9715504,0.97155046,3.6030837e-05,0.006002569,6.191319e-05
2023-07-21,5.677454e-06,0.04055851,0.92912173,0.96968025,0.96968025,3.8286234e-05,0.006187587,0.00018725266
2023-07-24,4.459964e-06,0.061279938,0.9055869,0.96686685,0.96686685,4.125142e-05,0.006422727,0.00013460731
2023-07-25,1.9909703e-06,0.1602626,0.8049196,0.9651822,0.9651822,4.293504e-05,0.0065524834,5.718252e-05
2023-07-26,4.6911236e-06,0.08006925,0.87537825,0.9554475,0.9554475,3.758494e-05,0.0061306558,0.000105294275
2023-07-27,1.0023217e-05,0.034560613,0.91920054,0.95376116,0.95376116,3.7592243e-05,0.0061312513,0.00021677052
2023-07-28,9.553088e-06,0.02059041,0.94137514,0.96196556,0.96196556,4.619376e-05,0.006796599,0.0002511694
2023-07-31,1.5997239e-06,0.17016296,0.8008431,0.9710061,0.9710061,5.4919517e-05,0.0074107703,5.517449e-05
2023-08-01,2.5448996e-06,0.119188935,0.8454652,0.96465415,0.9646541,4.6083198e-05,0.0067884605,7.199995e-05
2023-08-02,4.6181717e-06,0.07047709,0.8909402,0.96141726,0.96141726,4.2616168e-05,0.006528106,0.00011969527
2023-08-03,5.107386e-06,0.03211429,0.942609,0.9747233,0.9747233,5.6785357e-05,0.007535606,0.00020205889
2023-08-04,3.2980533e-06,0.06602683,0.90748376,0.97351056,0.97351056,5.8933572e-05,0.0076768203,0.00012450447
2023-08-07,6.612412e-06,0.019059598,0.9539651,0.9730247,0.9730247,5.82493e-05,0.007632123,0.00024512864
2023-08-08,1.6312013e-06,0.15734205,0.81438065,0.9717227,0.9717227,6.3558975e-05,0.0079723885,5.7685935e-05
2023-08-09,5.5025203e-06,0.028101586,0.94667673,0.9747783,0.9747783,5.664055e-05,0.0075259916,0.00021816607
2023-08-10,5.5241358e-06,0.027141785,0.94765353,0.97479534,0.97479534,6.0458042e-05,0.007775477,0.00021917123
2023-08-11,6.452894e-06,0.027345687,0.9442551,0.97160083,0.9716008,6.281823e-05,0.007925795,0.00022722123
2023-08-14,6.7899896e-06,0.041479167,0.9234454,0.9649246,0.9649246,6.578549e-05,0.008110826,0.00019358253
2023-08-15,3.7664902e-06,0.10235052,0.85289645,0.955247,0.955247,6.871301e-05,0.008289331,8.416171e-05
2023-08-16,5.66837e-06,0.021650719,0.9537951,0.9754458,0.9754458,7.6871846e-05,0.008767659,0.0002308514
2023-08-17,4.761302e-06,0.025026765,0.9532632,0.97828996,0.97828996,8.02227e-05,0.008956713,0.00021931338
2023-08-18,4.163325e-06,0.023410501,0.95737404,0.98078454,0.98078454,8.277076e-05,0.009097843,0.00021666531
2023-08-21,4.779294e-06,0.027684018,0.95007265,0.9777567,0.9777567,8.3407955e-05,0.009132796,0.00021486424
2023-08-22,3.7004736e-06,0.059121385,0.9142378,0.97335917,0.97335917,8.512163e-05,0.009226139,0.00013890232
2023-08-23,5.8592427e-06,0.029617654,0.943484,0.9731017,0.9731017,8.2018305e-05,0.009056396,0.00021782928
2023-08-24,8.987111e-07,0.17056648,0.81281596,0.98338246,0.98338246,8.675513e-05,0.009314244,5.408209e-05
2023-08-25,2.867428e-06,0.03549298,0.94865507,0.984148,0.984148,0.000105524414,0.010272508,0.00018088776
2023-08-28,7.148107e-07,0.109461606,0.8803249,0.9897865,0.9897865,0.0001046341,0.010229081,6.998689e-05
2023-08-29,7.3898275e-07,0.18990211,0.79577136,0.9856735,0.9856735,9.694802e-05,0.009846219,5.1581483e-05
2023-08-30,7.976232e-07,0.2123781,0.7715835,0.9839616,0.9839616,0.0001159956,0.010770125,4.973204e-05
2023-08-31,6.184311e-07,0.17748474,0.81071126,0.988196,0.988196,9.356966e-05,0.009673141,5.2391722e-05
2023-09-01,6.9518444e-07,0.15884393,0.8286607,0.98750466,0.98750466,7.695953e-05,0.008772658,5.56355e-05
2023-09-05,9.041464e-07,0.17492698,0.80823,0.983157,0.983157,6.491582e-05,0.0080570355,5.3680775e-05
2023-09-06,1.3085817e-06,0.11084963,0.87080264,0.98165226,0.98165226,5.6939658e-05,0.007545837,7.1321134e-05
2023-09-07,5.8100613e-06,0.024984172,0.9491428,0.974127,0.974127,5.6216148e-05,0.007497743,0.00022456075
2023-09-08,7.4330583e-06,0.024338849,0.9441971,0.96853596,0.96853596,5.943279e-05,0.0077092666,0.0002362398
2023-09-11,8.342351e-06,0.031214984,0.9317076,0.96292263,0.96292263,6.359171e-05,0.007974441,0.00022499847
2023-09-12,2.3922778e-06,0.092401646,0.8799621,0.9723637,0.9723637,6.885772e-05,0.008298055,8.656291e-05
2023-09-13,5.4434504e-06,0.027487308,0.9474788,0.9749661,0.97496605,6.597197e-05,0.008122314,0.00021744324
2023-09-14,3.952881e-06,0.061885998,0.90786755,0.96975356,0.96975356,6.797689e-05,0.00824481,0.00013068915
2023-09-15,1.1079104e-06,0.12647082,0.8562061,0.9826769,0.9826769,7.0033595e-05,0.008368608,6.3955755e-05
2023-09-18,4.1139747e-06,0.03636795,0.9413522,0.97772014,0.97772014,9.275529e-05,0.009630955,0.00018464995
2023-09-19,1.6742515e-06,0.11532888,0.86149514,0.97682405,0.97682405,9.143522e-05,0.009562177,7.224089e-05
2023-09-20,3.453488e-06,0.044369485,0.9348557,0.97922516,0.97922516,8.103502e-05,0.009001945,0.00016623415
2023-09-21,3.6778688e-06,0.02903879,0.9527046,0.9817434,0.9817434,8.314776e-05,0.009118539,0.00020145415
2023-09-22,1.6597445e-05,0.0072436095,0.9386786,0.94592226,0.94592226,9.113972e-05,0.009546713,0.00030691823
2023-09-25,4.498607e-06,0.024549337,0.9548067,0.97935605,0.97935605,0.00010219135,0.010108974,0.00021791406
2023-09-26,3.908666e-06,0.04222879,0.93590164,0.9781304,0.97813046,0.00010246654,0.010122576,0.00017872598
2023-09-27,8.809586e-06,0.011966669,0.95590764,0.9678743,0.9678743,0.00010929057,0.010454213,0.0002742223
2023-09-28,3.7364962e-06,0.02970129,0.95172095,0.98142225,0.98142225,0.00011328182,0.010643394,0.00020112743
2023-09-29,2.29348e-06,0.055437036,0.9277558,0.9831928,0.9831928,0.00011247905,0.010605614,0.0001364582
2023-10-02,3.1121692e-06,0.032619894,0.95091176,0.98353165,0.98353165,0.00010702573,0.010345324,0.00018897885
2023-10-03,4.519713e-06,0.03388139,0.9438394,0.97772074,0.97772074,0.00010489528,0.01024184,0.00020286636
2023-10-04,4.0430778e-06,0.024633486,0.9563764,0.98100984,0.98100984,0.00010984785,0.010480832,0.00021290383
2023-10-05,1.394187e-06,0.07770934,0.90797484,0.98568416,0.98568416,0.00011033034,0.010503825,9.7387696e-05
2023-10-06,4.1448193e-06,0.037869763,0.940667,0.9785367,0.9785367,0.00010159592,0.01007948,0.00019311215
2023-10-09,1.2108525e-06,0.09221444,0.8934205,0.985635,0.985635,0.00010482388,0.010238353,8.429175e-05
2023-10-10,6.837617e-07,0.14806041,0.8401003,0.9881607,0.9881607,9.840326e-05,0.009919842,5.7753703e-05
2023-10-11,8.418775e-07,0.1375009,0.8485742,0.9860751,0.9860751,8.706269e-05,0.009330739,6.045844e-05
2023-10-12,8.433157e-07,0.17046998,0.81398743,0.98445743,0.98445743,7.681513e-05,0.008764424,5.425846e-05
2023-10-13,1.4303497e-06,0.061086655,0.92688555,0.9879722,0.9879722,7.013691e-05,0.008374779,0.00011892031
2023-10-16,2.7044473e-06,0.03842272,0.94614935,0.98457205,0.98457205,6.807753e-05,0.008250911,0.00017529534
2023-10-17,7.367466e-07,0.16766897,0.81872547,0.9863944,0.9863944,7.1177274e-05,0.008436662,5.4150267e-05
2023-10-18,3.6880822e-06,0.042330906,0.93695706,0.979288,0.979288,5.9020364e-05,0.007682471,0.00017806485
2023-10-19,4.049888e-06,0.024109675,0.9570075,0.9811172,0.9811172,6.681721e-05,0.008174179,0.00021447484
2023-10-20,2.7845424e-06,0.031378105,0.9536702,0.9850483,0.9850483,6.995196e-05,0.008363728,0.00018623576
2023-10-23,4.0992086e-06,0.02342872,0.9576553,0.98108405,0.98108405,7.443743e-05,0.008627713,0.00021670645
2023-10-24,6.8303075e-06,0.022058465,0.94952834,0.9715868,0.9715868,7.547098e-05,0.008687404,0.00024039226
2023-10-25,2.997397e-06,0.043131527,0.93921816,0.9823497,0.9823497,7.967594e-05,0.008926138,0.00016982124
2023-10-26,8.245033e-06,0.012934605,0.95638084,0.96931547,0.96931547,8.707684e-05,0.009331497,0.00026870327
2023-10-27,5.714267e-06,0.017116642,0.9595189,0.9766356,0.9766356,9.345905e-05,0.009667422,0.00024457127
2023-10-30,3.1141817e-06,0.031039126,0.9527107,0.9837498,0.9837498,9.5772695e-05,0.0097863525,0.00019163967
2023-10-31,6.563189e-07,0.15094614,0.83748126,0.9884274,0.9884274,9.8606426e-05,0.009930077,5.671318e-05
2023-11-01,7.71167e-07,0.092743054,0.8974639,0.99020696,0.99020696,8.880854e-05,0.009423829,7.874641e-05
2023-11-02,6.0411486e-07,0.16501032,0.82372516,0.9887355,0.9887355,9.0548885e-05,0.009515718,5.362996e-05
2023-11-03,1.3752889e-06,0.23655601,0.73534787,0.97190386,0.97190386,0.00013349808,0.011554137,4.894939e-05
2023-11-06,8.408348e-07,0.22021869,0.7627697,0.98298836,0.98298836,0.00011826622,0.010875028,4.942702e-05
2023-11-07,7.373018e-07,0.2115231,0.7736778,0.98520094,0.98520094,9.203344e-05,0.009593406,4.9820857e-05
2023-11-08,7.060772e-07,0.2060404,0.7798649,0.9859053,0.9859053,7.343436e-05,0.008569385,5.009519e-05
2023-11-09,6.739909e-07,0.18905364,0.79783374,0.9868874,0.9868874,5.8036552e-05,0.0076181726,5.1400228e-05
2023-11-10,3.0417107e-06,0.03261851,0.9511549,0.9837734,0.9837734,5.91215e-05,0.0076890504,0.00018745224
2023-11-13,8.1002725e-07,0.20370756,0.7801841,0.98389167,0.98389167,6.690999e-05,0.008179853,5.028622e-05
2023-11-14,8.530579e-07,0.16669191,0.8177247,0.9844166,0.9844166,5.3276428e-05,0.0072990702,5.4741464e-05
2023-11-15,1.2670961e-06,0.23245555,0.741709,0.97416455,0.97416455,0.00010478155,0.010236287,4.9044855e-05
2023-11-16,5.9986206e-07,0.18836425,0.7999047,0.988269,0.988269,7.9849866e-05,0.008935875,5.113465e-05
2023-11-17,6.586239e-07,0.19862016,0.78834224,0.9869624,0.9869624,6.467471e-05,0.008042059,5.051718e-05
2023-11-20,7.035075e-07,0.14057721,0.8474936,0.9880708,0.9880708,5.1866602e-05,0.007201847,5.89735e-05
2023-11-21,8.661253e-07,0.21794157,0.76458603,0.9825276,0.9825276,5.2531213e-05,0.007247842,4.9571092e-05
2023-11-22,3.4461677e-06,0.100318626,0.8575428,0.9578614,0.9578614,4.225201e-05,0.0065001547,8.178178e-05
2023-11-24,2.0383784e-06,0.11834544,0.8518963,0.9702417,0.9702417,4.1028787e-05,0.0064053717,6.8497866e-05
2023-11-27,2.6367477e-06,0.19563171,0.7530986,0.94873035,0.94873035,3.701251e-05,0.0060837907,5.1429015e-05
2023-11-28,3.4727534e-06,0.07997301,0.8849677,0.9649407,0.96494067,3.1283966e-05,0.005593207,9.9053774e-05
2023-11-29,1.397712e-05,0.033584487,0.90298665,0.9365711,0.9365711,3.1209776e-05,0.005586571,0.00022035894
2023-11-30,1.4293763e-05,0.036705025,0.8965373,0.9332423,0.9332423,4.218568e-05,0.00649505,0.00021411414
2023-12-01,9.599952e-06,0.04282279,0.90591806,0.94874084,0.94874084,5.2629402e-05,0.0072546126,0.00018728267
2023-12-04,3.9731376e-06,0.08167912,0.8793585,0.9610376,0.9610376,5.8675578e-05,0.0076599987,0.00010197357
2023-12-05,7.817715e-06,0.0438413,0.91375613,0.95759743,0.95759743,5.799486e-05,0.007615436,0.00018436892
2023-12-06,8.6230175e-06,0.043027032,0.9113251,0.95435214,0.95435214,6.081729e-05,0.007798544,0.000188903
2023-12-07,8.897513e-06,0.034294516,0.92449033,0.9587848,0.9587848,6.481478e-05,0.008050763,0.00021587951
2023-12-08,1.8062588e-06,0.14364152,0.82657355,0.9702151,0.9702151,7.070427e-05,0.008408583,6.06434e-05
2023-12-11,4.0388845e-06,0.062256902,0.90672576,0.96898264,0.9689827,6.266851e-05,0.007916344,0.00013021367
2023-12-12,2.126867e-06,0.1390004,0.82715905,0.96615946,0.96615946,6.171277e-05,0.007855748,6.2849685e-05
2023-12-13,2.050158e-06,0.13846594,0.82882875,0.9672947,0.9672947,5.582937e-05,0.007471905,6.268579e-05
2023-12-14,1.3528233e-06,0.22510734,0.7474947,0.97260207,0.972602,7.359785e-05,0.008578919,4.9376846e-05
2023-12-15,1.538552e-06,0.12750916,0.84951794,0.9770271,0.9770271,5.841831e-05,0.0076431874,6.6972534e-05
2023-12-18,2.7680176e-06,0.059776295,0.9198267,0.979603,0.979603,5.5573717e-05,0.007454778,0.00013570704
2023-12-19,1.2219418e-06,0.21479951,0.7607981,0.9755976,0.9755976,5.5644756e-05,0.0074595413,5.0074697e-05
2023-12-20,1.1797649e-06,0.21801388,0.75829566,0.97630954,0.97630954,5.097554e-05,0.007139716,4.9799153e-05
2023-12-21,5.487546e-06,0.033735007,0.9389775,0.97271246,0.9727125,8.3421284e-05,0.009133525,0.00020110077
2023-12-22,9.1332805e-07,0.19144101,0.7909506,0.9823916,0.9823916,8.6705855e-05,0.009311598,5.1868872e-05
2023-12-26,1.0738149e-06,0.16493009,0.81578374,0.98071384,0.98071384,7.012909e-05,0.008374311,5.5678018e-05
2023-12-27,1.0766461e-06,0.18791236,0.79149616,0.9794085,0.9794085,6.0960265e-05,0.0078077056,5.2285952e-05
2023-12-28,1.6336598e-06,0.105489045,0.87298536,0.97847444,0.9784744,4.982026e-05,0.007058347,7.589395e-05
2023-12-29,3.539821e-06,0.07410569,0.8937838,0.9678895,0.9678895,4.5129917e-05,0.0067178803,0.000110238696
2024-01-02,6.9809566e-06,0.023659587,0.946637,0.97029656,0.97029656,4.458129e-05,0.006676922,0.00023502184
2024-01-03,7.0840892e-06,0.020901525,0.9498109,0.9707124,0.9707124,4.9978473e-05,0.0070695453,0.00024188035
2024-01-04,7.6540655e-06,0.017867483,0.9518211,0.9696886,0.9696886,5.6023957e-05,0.007484915,0.00025251438
2024-01-05,9.776646e-06,0.01970409,0.94220513,0.96190923,0.96190923,6.1186816e-05,0.007822201,0.0002566671
2024-01-08,9.5763235e-06,0.021891125,0.9399853,0.9618764,0.9618764,6.745477e-05,0.008213085,0.00025119144
2024-01-09,1.1145548e-06,0.2092421,0.7686183,0.9778604,0.9778604,7.72671e-05,0.008790171,5.0342118e-05
2024-01-10,2.1552744e-06,0.08581127,0.89098674,0.976798,0.976798,6.1110746e-05,0.007817336,9.289174e-05
2024-01-11,1.0166755e-06,0.17648156,0.8045064,0.98098797,0.98098797,5.915678e-05,0.0076913447,5.3475367e-05
2024-01-12,2.1688131e-06,0.08330905,0.8939633,0.97727233,0.97727233,4.8677874e-05,0.0069769532,9.542612e-05
2024-01-16,1.3990839e-06,0.160636,0.8146972,0.9753332,0.9753332,4.570647e-05,0.006760656,5.6719342e-05
2024-01-17,7.0533356e-06,0.023659466,0.9463119,0.96997136,0.96997136,4.1033618e-05,0.006405749,0.00023488693
2024-01-18,7.926045e-06,0.029859915,0.9347437,0.9646036,0.9646036,4.6668785e-05,0.0068314555,0.00022392237
2024-01-19,2.8919737e-06,0.06737702,0.9077665,0.97514355,0.97514355,5.379295e-05,0.007334368,0.00011634702
2024-01-22,9.085589e-07,0.18651646,0.79611444,0.9826309,0.9826309,6.1757906e-05,0.00785862,5.2308947e-05
2024-01-23,9.771943e-07,0.15763381,0.8251591,0.98279285,0.98279285,5.0767307e-05,0.007125118,5.6790028e-05
2024-01-24,1.0449869e-06,0.20725533,0.7720504,0.9793057,0.97930574,4.404041e-05,0.006636295,5.0496325e-05
2024-01-25,1.491099e-06,0.110764325,0.86872876,0.9794931,0.9794931,3.5216963e-05,0.0059343884,7.2712e-05
2024-01-26,1.3291948e-06,0.17242813,0.80315334,0.97558147,0.97558147,3.512497e-05,0.0059266323,5.443385e-05
2024-01-29,9.287144e-06,0.034774937,0.92229193,0.9570669,0.9570669,2.9905772e-05,0.005468617,0.0002163166
2024-01-30,1.7836356e-06,0.17672463,0.7902186,0.9669432,0.9669432,3.8932296e-05,0.006239575,5.39567e-05
2024-01-31,4.188051e-06,0.077447735,0.8836918,0.9611395,0.9611395,3.271124e-05,0.005719374,0.00010777142
2024-02-01,5.209041e-06,0.036110096,0.93678266,0.97289276,0.97289276,5.4532247e-05,0.0073845955,0.0001921642
2024-02-02,9.324377e-07,0.21122353,0.7701238,0.9813473,0.9813473,6.222669e-05,0.00788839,4.998948e-05
2024-02-05,7.933459e-07,0.20805553,0.77608204,0.98413754,0.98413754,7.1206676e-05,0.008438405,5.0014038e-05
2024-02-06,8.165868e-07,0.13472071,0.85205054,0.9867713,0.9867712,5.911265e-05,0.0076884753,6.172836e-05
2024-02-07,7.954167e-07,0.20184402,0.78244865,0.9842927,0.9842927,5.217566e-05,0.007223272,5.0639894e-05
2024-02-08,9.3002683e-07,0.22111265,0.7600829,0.98119557,0.98119557,5.4930042e-05,0.0074114804,4.9457856e-05
2024-02-09,1.4040478e-06,0.18063354,0.79305667,0.9736902,0.9736902,4.2695927e-05,0.006534212,5.3365988e-05
2024-02-12,1.5515146e-06,0.14904349,0.8245055,0.973549,0.973549,4.0883366e-05,0.00639401,5.86562e-05
2024-02-13,2.428706e-06,0.12224036,0.84276354,0.9650039,0.9650039,3.531819e-05,0.005942911,6.939935e-05
2024-02-14,4.952559e-06,0.03495013,0.9394054,0.9743555,0.9743555,5.6338497e-05,0.0075058974,0.00019312376
2024-02-15,9.70666e-07,0.19893417,0.7820718,0.981006,0.981006,6.0621558e-05,0.007785985,5.110389e-05
2024-02-16,8.467139e-07,0.20286663,0.78040606,0.9832727,0.9832727,5.728632e-05,0.007568773,5.0618597e-05
2024-02-20,2.130408e-06,0.06051834,0.92229253,0.98281085,0.98281085,5.0992116e-05,0.0071408763,0.00012393914
2024-02-21,2.6496548e-06,0.051276572,0.9304989,0.98177546,0.98177546,5.113044e-05,0.007150555,0.00014538941
2024-02-22,1.6805941e-06,0.12194675,0.85347635,0.9754231,0.9754231,5.0253057e-05,0.007088939,6.8381036e-05
2024-02-23,1.5791894e-06,0.23640743,0.73132634,0.9677338,0.96773374,9.481778e-05,0.009737442,4.894253e-05
2024-02-26,7.633229e-07,0.18256722,0.80288947,0.9854567,0.9854567,7.098199e-05,0.008425081,5.248624e-05
2024-02-27,8.0037313e-07,0.18571326,0.7989347,0.9846479,0.984648,6.0466653e-05,0.007776031,5.213454e-05
2024-02-28,8.3821396e-07,0.2012861,0.7821851,0.98347116,0.98347116,4.9627604e-05,0.0070446865,5.071219e-05
2024-02-29,7.641445e-07,0.1730736,0.81264544,0.985719,0.985719,4.0113875e-05,0.0063335514,5.3507865e-05
2024-03-01,6.0987727e-06,0.034655426,0.9352724,0.96992785,0.96992785,3.5366884e-05,0.0059470064,0.00020280466
2024-03-04,1.1742509e-06,0.16573663,0.8129327,0.97866935,0.97866935,4.2083637e-05,0.0064871903,5.504992e-05
2024-03-05,2.1054054e-06,0.1500896,0.81458503,0.96467465,0.96467465,3.5647867e-05,0.0059705833,5.9600414e-05
2024-03-06,4.930088e-06,0.03192149,0.943583,0.9755045,0.9755045,4.6850346e-05,0.006844731,0.0002012652
2024-03-07,1.1344357e-06,0.14835739,0.8322666,0.980624,0.980624,4.9894064e-05,0.007063573,5.8548558e-05
2024-03-08,9.968086e-07,0.21788123,0.7620553,0.97993654,0.9799365,5.659579e-05,0.0075230175,4.9682785e-05
2024-03-11,3.2902021e-06,0.037933894,0.9437274,0.98166126,0.98166126,5.251666e-05,0.007246838,0.00017941266
2024-03-12,1.9270233e-06,0.09617,0.8809676,0.9771376,0.9771376,5.2893087e-05,0.007272763,8.4287974e-05
2024-03-13,9.017942e-07,0.20518598,0.7769426,0.98212856,0.9821286,5.9156224e-05,0.0076913084,5.0460076e-05
2024-03-14,1.1393856e-06,0.15515582,0.824983,0.98013884,0.98013884,4.749414e-05,0.0068915994,5.736752e-05
2024-03-15,3.5982582e-06,0.031924255,0.94948924,0.9814135,0.9814135,4.104791e-05,0.0064068646,0.00019359509
2024-03-18,4.0250643e-06,0.029795988,0.95017654,0.97997254,0.97997254,4.5879842e-05,0.0067734662,0.00020097729
2024-03-19,1.1017572e-06,0.12903981,0.85377145,0.9828113,0.9828113,4.8600778e-05,0.006971426,6.409766e-05
2024-03-20,1.8735335e-06,0.1254995,0.8466339,0.9721334,0.9721334,4.6297948e-05,0.0068042595,6.723222e-05
2024-03-21,9.26091e-07,0.18972471,0.7924297,0.98215437,0.98215437,5.1284795e-05,0.00716134,5.1894553e-05
2024-03-22,9.410467e-07,0.19063486,0.79122245,0.9818573,0.9818573,4.3405274e-05,0.006588268,5.1869167e-05
2024-03-25,1.7450745e-06,0.091593824,0.8878387,0.9794325,0.9794325,3.611142e-05,0.006009278,8.484631e-05
2024-03-26,1.8533353e-06,0.15404986,0.8143465,0.96839637,0.96839637,3.460438e-05,0.005882549,5.864311e-05
2024-03-27,5.1257093e-06,0.046395566,0.9232328,0.96962833,0.96962833,3.0670693e-05,0.005538113,0.00016876616
2024-03-28,2.1638973e-06,0.101810366,0.87075114,0.97256154,0.9725615,3.654885e-05,0.0060455645,7.886365e-05
2024-04-01,6.5493155e-06,0.029871019,0.9401828,0.97005385,0.97005385,3.4003282e-05,0.005831233,0.0002187031
2024-04-02,5.1866205e-06,0.06684873,0.8927143,0.9595631,0.9595631,3.8629507e-05,0.006215264,0.00012826447
2024-04-03,5.917454e-06,0.029073933,0.9433613,0.97243524,0.97243524,4.255181e-05,0.0065231747,0.00021467458
2024-04-04,3.9590896e-06,0.0762854,0.8877435,0.9640289,0.9640289,4.608339e-05,0.006788475,0.00011006305
2024-04-05,8.34436e-06,0.016110774,0.9518854,0.9679962,0.9679962,5.6725286e-05,0.007531619,0.00026073013
2024-04-08,1.3763316e-06,0.14136833,0.8361307,0.977499,0.977499,6.4018896e-05,0.008001181,6.11676e-05
2024-04-09,1.973626e-06,0.12228632,0.8494093,0.9716956,0.9716956,5.4924243e-05,0.0074110893,6.97286e-05
2024-04-10,4.0254963e-06,0.049272366,0.92574716,0.9750195,0.9750195,4.8742015e-05,0.0069815484,0.00016114564
2024-04-11,3.616128e-06,0.032869,0.9483423,0.9812113,0.9812113,5.432393e-05,0.007370477,0.00019246296
2024-04-12,1.0980032e-06,0.1628202,0.8175325,0.9803527,0.9803527,5.6901343e-05,0.007543298,5.5885703e-05
2024-04-15,4.6251134e-06,0.025746036,0.95267826,0.9784243,0.9784243,7.991641e-05,0.008939598,0.0002143669
2024-04-16,5.271494e-06,0.022862814,0.9540056,0.9768684,0.9768684,8.497314e-05,0.009218087,0.00022789137
2024-04-17,4.1074427e-06,0.030356498,0.9495226,0.97987914,0.97987914,8.642879e-05,0.009296709,0.00020413853
2024-04-18,4.0911905e-06,0.02740419,0.95299435,0.98039854,0.98039854,8.731097e-05,0.009344034,0.00020871861
2024-04-19,6.5414924e-06,0.021995705,0.9505787,0.9725744,0.9725744,8.74362e-05,0.009350733,0.00023851787
2024-04-22,5.421414e-06,0.018974315,0.958169,0.9771433,0.9771433,9.1419206e-05,0.009561339,0.00023719131
2024-04-23,1.8977203e-06,0.09844101,0.87858427,0.9770253,0.9770253,9.4547104e-05,0.009723534,8.260033e-05
2024-04-24,7.616153e-07,0.17725416,0.80835664,0.9856108,0.9856108,9.823754e-05,0.009911485,5.2929587e-05
2024-04-25,1.0341146e-06,0.12082276,0.8637291,0.98455185,0.9845519,8.024983e-05,0.008958227,6.6940986e-05
2024-04-26,1.7083399e-06,0.059495986,0.9267819,0.9862779,0.9862779,7.2273244e-05,0.008501367,0.00012449532
2024-04-29,7.548833e-07,0.20293951,0.7820737,0.9850132,0.9850132,7.377381e-05,0.008589168,5.0369832e-05
2024-04-30,8.8217496e-07,0.19892985,0.78377384,0.9827037,0.9827037,6.072868e-05,0.0077928607,5.1003637e-05
2024-05-01,5.1355905e-06,0.021755366,0.95550203,0.9772574,0.9772574,0.00010038732,0.010019347,0.0002258134
2024-05-02,2.439033e-06,0.041170802,0.94429463,0.9854654,0.9854654,0.000101312995,0.010065435,0.00016780884
2024-05-03,6.831332e-07,0.17951572,0.8074513,0.986967,0.986967,0.00010153614,0.010076514,5.2415762e-05
2024-05-06,6.5124715e-07,0.19125396,0.7959605,0.98721445,0.98721445,0.00010909827,0.010445012,5.093617e-05
2024-05-07,8.49626e-07,0.22616638,0.7565701,0.98273647,0.98273647,0.00010695444,0.010341878,4.9215076e-05
2024-05-08,7.034299e-07,0.18439208,0.80209786,0.98648995,0.98648995,8.195852e-05,0.009053094,5.2067164e-05
2024-05-09,8.620188e-07,0.21075548,0.7720183,0.9827738,0.9827738,6.644363e-05,0.0081512965,5.004109e-05
2024-05-10,8.8313533e-07,0.2158725,0.76636183,0.9822343,0.98223436,5.8672777e-05,0.0076598157,4.9710132e-05
2024-05-13,1.4397098e-06,0.12542197,0.85249174,0.9779137,0.97791374,4.610982e-05,0.0067904214,6.518558e-05
2024-05-14,3.1252368e-06,0.118695326,0.83762693,0.95632225,0.95632225,4.0748277e-05,0.0063834377,7.155215e-05
2024-05-15,3.095863e-06,0.07792596,0.8912816,0.9692076,0.9692076,3.954696e-05,0.0062886374,0.000100539786
2024-05-16,1.1562652e-06,0.22424242,0.75234723,0.9765897,0.9765897,4.979324e-05,0.007056433,4.939126e-05
2024-05-17,1.5062537e-06,0.15295419,0.82109034,0.97404456,0.97404456,3.9748284e-05,0.006304624,5.80323e-05
2024-05-20,1.5049587e-06,0.13753922,0.8380542,0.9755934,0.9755934,3.4382596e-05,0.0058636675,6.166193e-05
2024-05-21,1.5734942e-06,0.21080913,0.75789523,0.96870434,0.96870434,3.0447796e-05,0.005517952,5.0278355e-05
2024-05-22,1.9063986e-06,0.20327227,0.7591838,0.9624561,0.9624561,2.5730402e-05,0.0050725145,5.077786e-05
2024-05-23,1.1594565e-05,0.037676405,0.9061478,0.9438242,0.9438242,2.3354944e-05,0.0048326952,0.00020639776
2024-05-24,1.1432811e-05,0.023523206,0.93023676,0.95375997,0.95375997,3.4886187e-05,0.005906453,0.0002472492
2024-05-28,1.9939034e-06,0.18471876,0.7775692,0.9622879,0.9622879,4.485152e-05,0.0066971276,5.287172e-05
2024-05-29,3.5051519e-06,0.12061586,0.8302454,0.9508612,0.9508612,3.6917714e-05,0.006075995,7.133168e-05
2024-05-30,7.1550758e-06,0.042081665,0.9192617,0.96134335,0.96134335,4.043051e-05,0.006358499,0.000185093
2024-05-31,7.3452043e-06,0.039045878,0.9235014,0.96254724,0.96254724,4.6290803e-05,0.0068037347,0.00019611919
2024-06-03,1.9310337e-06,0.10395239,0.87161237,0.9755648,0.9755648,5.317482e-05,0.0072921067,7.902665e-05
2024-06-04,3.367761e-06,0.12798938,0.82383037,0.9518198,0.9518198,4.8320075e-05,0.006951264,6.9899244e-05
2024-06-05,3.0494925e-06,0.14474472,0.8061069,0.9508516,0.9508517,4.3286454e-05,0.006579244,6.204665e-05
2024-06-06,1.2428653e-06,0.22163737,0.7532816,0.97491896,0.97491896,5.751948e-05,0.0075841597,4.9553983e-05
2024-06-07,1.9939696e-06,0.21512605,0.74498177,0.9601078,0.9601078,4.4580465e-05,0.0066768606,4.998395e-05
2024-06-10,3.5996786e-06,0.09842961,0.8591237,0.9575533,0.9575533,3.562833e-05,0.0059689474,8.480473e-05
2024-06-11,2.1518167e-06,0.19469425,0.76369405,0.9583883,0.9583883,3.5036388e-05,0.0059191543,5.1711853e-05
2024-06-12,2.3669913e-06,0.17062737,0.78640187,0.9570292,0.9570292,2.9868452e-05,0.005465204,5.5083747e-05
2024-06-13,2.369583e-06,0.11859293,0.8472873,0.9658802,0.9658802,3.6759557e-05,0.006062966,6.944894e-05
2024-06-14,2.6955731e-06,0.15948567,0.7938776,0.95336324,0.9533633,3.3910943e-05,0.0058233105,5.7799323e-05
2024-06-17,3.031937e-06,0.14748797,0.8026744,0.9501624,0.9501624,2.964522e-05,0.0054447423,6.0836348e-05
2024-06-18,1.9058746e-06,0.16540103,0.800392,0.965793,0.965793,3.566767e-05,0.0059722415,5.5715944e-05
2024-06-20,2.1841572e-06,0.18822402,0.7701951,0.95841914,0.95841914,3.1369033e-05,0.0056008063,5.2527954e-05
2024-06-21,7.432256e-06,0.037379026,0.9258753,0.96325433,0.96325433,2.7933542e-05,0.0052852193,0.0002022621
2024-06-24,6.715145e-06,0.046544902,0.9150351,0.96158004,0.96158004,3.413784e-05,0.0058427597,0.0001747827
2024-06-25,4.470498e-06,0.08749369,0.8672935,0.9547872,0.95478714,3.8503695e-05,0.0062051346,9.887681e-05
2024-06-26,4.551738e-06,0.111005105,0.83049273,0.94149786,0.94149786,3.903531e-05,0.0062478245,7.7804645e-05
2024-06-27,7.845368e-06,0.076025605,0.8564944,0.93252003,0.93252003,3.7095455e-05,0.006090604,0.00011626217
2024-06-28,5.297234e-06,0.10967109,0.82368296,0.9333541,0.9333541,3.9764276e-05,0.006305892,7.9483245e-05
2024-07-01,9.812004e-06,0.021718074,0.93895936,0.96067744,0.96067744,3.991947e-05,0.0063181855,0.00024952609
2024-07-02,4.983746e-06,0.12853786,0.7999129,0.9284508,0.9284508,4.7370755e-05,0.0068826415,6.965483e-05
2024-07-03,3.1764325e-06,0.16524218,0.77831686,0.94355905,0.94355905,4.8343398e-05,0.006952942,5.6278863e-05
2024-07-05,2.9215078e-06,0.19402084,0.7495291,0.94355,0.94355,4.3811913e-05,0.0066190567,5.1753894e-05
2024-07-08,2.2222541e-06,0.18436462,0.7736212,0.9579858,0.9579858,4.1767493e-05,0.0064627775,5.2892952e-05
2024-07-09,2.9435503e-06,0.1819747,0.76291865,0.94489336,0.94489336,3.470718e-05,0.00589128,5.341553e-05
2024-07-10,3.4716224e-06,0.19493884,0.7377143,0.9326531,0.9326531,2.9534891e-05,0.005434601,5.1548384e-05
2024-07-11,1.942001e-06,0.21851853,0.74237967,0.96089816,0.96089816,4.3455504e-05,0.006592079,4.966521e-05
2024-07-12,3.9064466e-06,0.071466394,0.8942762,0.9657426,0.9657426,5.129948e-05,0.0071623656,0.00011403216
2024-07-15,1.6979706e-06,0.17762737,0.79086363,0.968491,0.968491,5.2443636e-05,0.007241798,5.388846e-05
2024-07-16,1.8260565e-06,0.1968417,0.7677744,0.9646161,0.9646161,4.4338696e-05,0.006658731,5.1607018e-05
2024-07-17,1.4548335e-06,0.22272958,0.74790084,0.9706304,0.9706304,4.2324828e-05,0.0065057534,4.9535367e-05
2024-07-18,4.7706544e-06,0.045354813,0.92617023,0.971525,0.9715251,7.8692305e-05,0.008870868,0.00016753843
2024-07-19,4.4936846e-06,0.048081957,0.9246762,0.9727581,0.9727581,8.0483704e-05,0.008971271,0.00016495498
2024-07-22,5.151901e-06,0.029374437,0.94637537,0.9757498,0.9757498,8.1169936e-05,0.009009436,0.00021244769
2024-07-23,1.0845262e-06,0.21393485,0.76438344,0.9783183,0.9783183,8.494886e-05,0.0092167705,5.0020288e-05
2024-07-24,2.654315e-06,0.103126995,0.86421984,0.96734685,0.96734685,6.667708e-05,0.0081656035,8.128817e-05
2024-07-25,3.554012e-05,0.00965232,0.8739917,0.88364404,0.88364404,0.00011534881,0.010740057,0.00030544307
2024-07-26,3.4670102e-06,0.036790125,0.94473857,0.9815287,0.9815287,0.00013663647,0.011689161,0.00018769714
2024-07-29,7.417862e-07,0.20413063,0.7811047,0.98523533,0.98523533,0.00013696564,0.011703232,5.0240633e-05
2024-07-30,1.1124674e-06,0.13973805,0.8421011,0.9818392,0.9818392,0.00010775931,0.010380718,6.1256455e-05
2024-07-31,2.8310046e-06,0.048163664,0.9338421,0.9820058,0.9820058,9.57299e-05,0.009784166,0.00015732851
2024-08-01,9.3835314e-07,0.2247909,0.7561612,0.98095214,0.98095214,0.000104462946,0.010220712,4.9262926e-05
2024-08-02,2.5535887e-06,0.04918518,0.9336777,0.98286283,0.98286283,0.00012685024,0.011262781,0.00014900877
2024-08-05,1.6765227e-05,0.01125133,0.9302543,0.9415056,0.9415056,0.00013870804,0.011777438,0.00028661257
2024-08-06,0.00021747401,0.0006932142,0.38546884,0.38616204,0.38616204,0.00015575149,0.012480044,0.0003542857
2024-08-07,1.419505e-06,0.072738506,0.91209865,0.9848372,0.9848372,0.00027756742,0.016660355,9.361745e-05
2024-08-08,1.02134345e-05,0.015686208,0.9459604,0.9616466,0.9616466,0.00025804326,0.016063726,0.00026629813
2024-08-09,3.4474335e-06,0.1875024,0.7443404,0.9318428,0.9318428,0.0002623729,0.01619793,5.0580624e-05
2024-08-12,6.325426e-07,0.16854829,0.8196214,0.98816967,0.98816967,0.00020207265,0.014215226,5.3467873e-05
2024-08-13,6.649968e-07,0.1673178,0.8203943,0.9877121,0.9877121,0.00016627509,0.01289477,5.411795e-05
2024-08-14,9.613846e-07,0.22469135,0.7557971,0.9804884,0.9804884,0.00018058925,0.0134383505,4.9272512e-05
2024-08-15,7.6135643e-07,0.20836222,0.77641577,0.984778,0.984778,0.00013942477,0.011807826,5.0016803e-05
2024-08-16,1.0583709e-06,0.22560216,0.75291145,0.9785136,0.9785136,0.0001678884,0.012957175,4.925771e-05
2024-08-19,8.3855963e-07,0.19738887,0.78615105,0.98353994,0.98353994,0.00012841537,0.011332051,5.094511e-05
2024-08-20,1.0792586e-06,0.22829111,0.7497678,0.9780589,0.9780589,0.00011897712,0.010907663,4.9188842e-05
2024-08-21,1.5601426e-06,0.1535092,0.81898504,0.97249424,0.97249424,9.103469e-05,0.009541211,5.6720586e-05
2024-08-22,9.3371705e-07,0.17116892,0.8114124,0.9825813,0.9825813,7.773288e-05,0.008816625,5.3604344e-05
2024-08-23,8.126799e-06,0.015660385,0.952894,0.9685544,0.9685544,7.514029e-05,0.00866835,0.00025843974
2024-08-26,1.0920643e-06,0.18992543,0.788823,0.97874844,0.97874844,8.141612e-05,0.009023088,5.138749e-05
2024-08-27,5.489031e-06,0.06729635,0.88347083,0.95076716,0.95076716,6.657144e-05,0.008159133,0.00011149125
2024-08-28,3.201644e-06,0.095542684,0.8646364,0.9601791,0.9601791,6.439774e-05,0.00802482,8.040108e-05
2024-08-29,1.104385e-05,0.021021659,0.93469954,0.9557212,0.9557212,6.233052e-05,0.007894968,0.0002494162
2024-08-30,4.608389e-06,0.064180166,0.89669526,0.96087545,0.9608754,6.930435e-05,0.008324923,0.00011778766
2024-09-03,2.2189342e-06,0.074315585,0.9024231,0.9767387,0.9767387,7.232254e-05,0.008504266,9.539163e-05
2024-09-04,8.633845e-05,0.0015985265,0.7508008,0.7523993,0.7523993,0.00010019244,0.010009618,0.00034870039
2024-09-05,5.2350047e-06,0.040206984,0.92964405,0.969851,0.969851,0.00016157099,0.012711057,0.00017363785
2024-09-06,3.5614753e-06,0.06442087,0.9060401,0.97046095,0.97046095,0.00015571463,0.012478567,0.00012056838
2024-09-09,2.8437764e-05,0.0056810514,0.9059906,0.91167164,0.91167164,0.00016361213,0.012791095,0.00032195507
2024-09-10,1.457612e-06,0.18954158,0.78225136,0.97179294,0.97179294,0.00017734981,0.013317275,5.1675426e-05
2024-09-11,1.0771944e-06,0.17961943,0.8000975,0.97971696,0.97971696,0.00014347122,0.011977947,5.3108124e-05
2024-09-12,9.693357e-07,0.122410275,0.8629153,0.9853256,0.9853256,0.00013390664,0.011571803,6.605613e-05
2024-09-13,8.13246e-07,0.21988147,0.7636745,0.983556,0.983556,0.00012475555,0.011169402,4.9455404e-05
2024-09-16,1.116509e-06,0.22678532,0.75056,0.9773453,0.9773453,0.00010163527,0.010081432,4.9283743e-05
2024-09-17,1.1202001e-06,0.20802756,0.76975924,0.9777868,0.9777868,7.77775e-05,0.008819155,5.042943e-05
2024-09-18,1.4523145e-06,0.12713632,0.85062385,0.97776014,0.9777602,6.1000505e-05,0.007810282,6.530231e-05
2024-09-19,4.131335e-06,0.05057597,0.92252904,0.973105,0.973105,5.4606844e-05,0.007389644,0.00015360986
2024-09-20,1.0260642e-06,0.2250486,0.75412816,0.97917676,0.97917676,6.867213e-05,0.008286865,4.9274953e-05
2024-09-23,1.3752268e-06,0.07097985,0.9155151,0.98649496,0.98649496,5.8390648e-05,0.0076413774,0.00010183062
2024-09-24,9.066544e-07,0.20573178,0.7763071,0.98203886,0.98203886,5.5211618e-05,0.007430452,5.0478655e-05
2024-09-25,8.405554e-07,0.18451868,0.7993933,0.983912,0.983912,4.523648e-05,0.006725807,5.2247324e-05
2024-09-26,9.2962506e-07,0.19457023,0.787352,0.98192227,0.98192227,3.8059236e-05,0.0061692167,5.142377e-05
2024-09-27,3.187903e-06,0.08216193,0.88492,0.9670819,0.9670819,3.3663127e-05,0.0058019934,9.684348e-05
2024-09-30,4.4712433e-06,0.076269165,0.8822877,0.95855683,0.95855683,3.319719e-05,0.0057617,0.00010788855
2024-10-01,4.0139184e-06,0.058180008,0.91204125,0.9702213,0.9702213,3.48701e-05,0.005905091,0.00013479151
2024-10-02,6.9334174e-06,0.018694809,0.9530678,0.9717626,0.9717626,4.0724386e-05,0.006381566,0.0002455402
2024-10-03,2.587168e-06,0.1274805,0.83440053,0.96188104,0.96188104,4.5747565e-05,0.006763695,6.78709e-05
2024-10-04,8.428936e-06,0.047711994,0.90351695,0.9512289,0.9512289,4.127669e-05,0.006424694,0.0001728265
2024-10-07,1.4091913e-06,0.19443855,0.7782184,0.9726569,0.97265697,4.9469258e-05,0.0070334384,5.1537376e-05
2024-10-08,6.789088e-06,0.03337525,0.93371516,0.9670904,0.9670904,5.6604753e-05,0.007523613,0.00020629523
2024-10-09,1.3759528e-06,0.22730358,0.7447809,0.97208446,0.97208446,6.248373e-05,0.007904665,4.9289854e-05
2024-10-10,1.1879878e-06,0.22554803,0.7503848,0.97593284,0.97593284,5.8168673e-05,0.007626839,4.9361355e-05
2024-10-11,1.079316e-06,0.18215543,0.79741365,0.9795691,0.9795691,4.5683086e-05,0.0067589264,5.282757e-05
2024-10-14,1.1769664e-06,0.21564023,0.760784,0.9764242,0.9764242,4.3603683e-05,0.0066033085,4.9922688e-05
2024-10-15,1.4745991e-06,0.23264006,0.7373103,0.9699503,0.9699503,4.8012098e-05,0.0069290763,4.9072038e-05
2024-10-16,2.3439204e-06,0.079848066,0.89620143,0.9760495,0.9760495,5.170914e-05,0.007190907,9.786513e-05
2024-10-17,1.580326e-06,0.2242962,0.7437498,0.968046,0.968046,5.006196e-05,0.0070754476,4.94563e-05
2024-10-18,1.6873399e-06,0.17542349,0.7933513,0.9687748,0.9687748,3.8816124e-05,0.006230259,5.4037755e-05
2024-10-21,1.6042001e-06,0.18959355,0.77963233,0.9692259,0.9692259,3.4824105e-05,0.005901195,5.2128224e-05
2024-10-22,4.4743574e-06,0.09543958,0.8546314,0.950071,0.950071,2.9388406e-05,0.0054211076,8.961436e-05
2024-10-23,6.08177e-06,0.0953164,0.83790165,0.93321806,0.93321806,2.9639634e-05,0.0054442296,9.106909e-05
2024-10-24,1.044054e-05,0.02507597,0.93142664,0.9565026,0.9565026,3.927603e-05,0.006267059,0.00024002684
2024-10-25,3.4724935e-06,0.12868671,0.8203832,0.9490699,0.9490699,4.7121084e-05,0.0068644797,6.818158e-05
2024-10-28,1.2367001e-05,0.031465348,0.9150276,0.94649297,0.94649297,4.2166088e-05,0.006493542,0.00023112852
2024-10-29,3.19253e-06,0.15939891,0.7854165,0.9448154,0.9448154,5.121498e-05,0.0071564643,5.7851823e-05
2024-10-30,6.050401e-06,0.06324936,0.8913067,0.95455605,0.95455605,4.374434e-05,0.0066139507,0.00013313985
2024-10-31,8.366429e-06,0.059191395,0.8835349,0.9427263,0.9427263,4.5693887e-05,0.0067597255,0.00014607806
2024-11-01,1.8066232e-05,0.013952788,0.92160875,0.93556154,0.93556154,7.237534e-05,0.00850737,0.0002803641
2024-11-04,1.5717274e-06,0.13726687,0.837658,0.97492486,0.97492486,8.499416e-05,0.009219227,6.268071e-05
2024-11-05,3.2270423e-06,0.08167133,0.88646233,0.9681337,0.9681337,7.352044e-05,0.008574406,0.000101268146
2024-11-06,9.986403e-07,0.21560422,0.7643497,0.9799539,0.9799539,7.983741e-05,0.008935179,4.981715e-05
2024-11-07,2.442998e-06,0.23607798,0.7139586,0.9500366,0.9500366,0.00019013252,0.013788855,4.8895738e-05
2024-11-08,1.150759e-06,0.23685452,0.7396412,0.9764957,0.97649574,0.00015152944,0.01230973,4.8959475e-05
2024-11-11,9.572929e-07,0.23191677,0.7485744,0.98049116,0.98049116,0.00011728183,0.010829673,4.90697e-05
2024-11-12,1.0932202e-06,0.23434462,0.7433531,0.97769773,0.97769773,8.8887915e-05,0.009428039,4.901834e-05
2024-11-13,7.8331556e-07,0.2126191,0.77165055,0.9842696,0.9842696,6.9715126e-05,0.008349558,4.979635e-05
2024-11-14,2.6636772e-06,0.10187235,0.8648154,0.96668774,0.96668774,5.4598204e-05,0.0073890598,7.996086e-05
2024-11-15,7.761068e-06,0.0548466,0.89387935,0.94872594,0.94872594,5.4367574e-05,0.0073734373,0.00015136442
2024-11-18,8.859364e-06,0.014954493,0.95139617,0.9663507,0.9663507,6.573793e-05,0.008107893,0.00026328504
2024-11-19,2.3481223e-06,0.14122374,0.8211592,0.9623829,0.9623829,7.163006e-05,0.008463454,6.242169e-05
2024-11-20,3.0603082e-06,0.06829976,0.90523773,0.9735375,0.9735375,6.286181e-05,0.007928544,0.000115647
2024-11-21,4.047163e-06,0.057682823,0.9132306,0.9709134,0.9709134,5.9966795e-05,0.007743823,0.00013914189
2024-11-22,1.3941763e-06,0.15309027,0.82282543,0.97591573,0.9759157,6.0351605e-05,0.0077686296,5.788742e-05
2024-11-25,2.142926e-06,0.17067304,0.7902993,0.9609723,0.9609723,5.2348703e-05,0.00723524,5.4907832e-05
2024-11-26,2.8137467e-06,0.121539,0.837781,0.95932,0.95932,4.5262794e-05,0.006727763,6.916783e-05
2024-11-27,1.7676932e-06,0.16651224,0.80149275,0.968005,0.968005,4.3799944e-05,0.006618153,5.524905e-05
2024-11-29,2.0298885e-06,0.16337062,0.8005134,0.963884,0.963884,3.859956e-05,0.0062128543,5.620468e-05
2024-12-02,1.6375005e-06,0.21751654,0.7495776,0.9670941,0.9670941,3.8825317e-05,0.0062309965,4.9763163e-05
2024-12-03,1.8723407e-06,0.18303923,0.7815308,0.96457005,0.96457005,3.1300704e-05,0.0055947034,5.2846262e-05
2024-12-04,2.9233e-06,0.18076578,0.76437676,0.94514257,0.9451425,2.6348982e-05,0.005133126,5.328904e-05
2024-12-05,1.892034e-06,0.17002928,0.7952762,0.9653055,0.9653055,2.9582134e-05,0.005438946,5.453413e-05
2024-12-06,2.658933e-06,0.19214371,0.75663316,0.94877684,0.94877684,2.5988911e-05,0.005097932,5.1908806e-05
2024-12-09,3.2327885e-06,0.15586826,0.78835845,0.9442267,0.94422674,2.288385e-05,0.0047837067,5.7962992e-05
2024-12-10,5.5260243e-06,0.08475193,0.86019814,0.94495004,0.94495004,2.5732044e-05,0.005072676,0.00010038199
2024-12-11,7.273276e-06,0.065953024,0.87834334,0.94429636,0.94429636,2.8583254e-05,0.005346331,0.00013057093
2024-12-12,2.4931587e-06,0.20588687,0.7447777,0.9506646,0.9506645,3.6104415e-05,0.006008695,5.053486e-05
2024-12-13,4.086111e-06,0.09685955,0.8561806,0.9530402,0.9530402,3.527884e-05,0.0059395996,8.701292e-05
2024-12-16,5.433037e-06,0.082301155,0.8656774,0.94797856,0.94797856,3.430545e-05,0.0058570853,0.00010443841
2024-12-17,2.4270526e-06,0.13275383,0.8297099,0.96246374,0.96246374,3.6497473e-05,0.006041314,6.4658874e-05
2024-12-18,5.901573e-06,0.048899043,0.91513383,0.9640329,0.9640329,3.5179935e-05,0.0059312675,0.00016408248
2024-12-19,0.0001634877,0.0015326695,0.53167635,0.533209,0.533209,8.341151e-05,0.009132991,0.00035023747
2024-12-20,3.994074e-06,0.03164058,0.94849885,0.98013943,0.98013943,0.00020783601,0.014416519,0.00020110577
2024-12-23,2.1282744e-06,0.062194612,0.9214614,0.983656,0.983656,0.0002033557,0.014260284,0.00013021739
2024-12-24,8.636692e-07,0.16281477,0.8218057,0.9846205,0.98462045,0.00019159415,0.013841754,5.6157212e-05
2024-12-26,1.0552249e-06,0.22930871,0.74922776,0.9785365,0.9785365,0.0001775485,0.013324733,4.916366e-05
2024-12-27,1.2492158e-06,0.16674417,0.81058455,0.9773287,0.9773287,0.00013408273,0.01157941,5.5101238e-05
2024-12-30,1.3791796e-06,0.07324482,0.9129769,0.98622173,0.98622173,0.00012926752,0.011369587,0.00010009817
2024-12-31,2.8584689e-06,0.04862716,0.9321891,0.98081625,0.98081625,0.00012936,0.011373654,0.00014900466
2025-01-02,3.2887083e-06,0.038563684,0.9432391,0.98180276,0.98180276,0.00012415978,0.011142701,0.00018072568
2025-01-03,8.654721e-06,0.0245894,0.93961316,0.9642026,0.9642026,0.00012067095,0.010985033,0.00024176942
2025-01-06,1.0518067e-06,0.20477666,0.77444243,0.9792191,0.9792191,0.00012572296,0.011212625,5.0614057e-05
2025-01-07,8.589349e-07,0.14470845,0.84060335,0.9853118,0.9853118,0.00010474431,0.010234467,5.847791e-05
2025-01-08,2.9395458e-06,0.03839987,0.9448114,0.9832113,0.9832113,0.00010822461,0.010403106,0.0001750905
2025-01-10,8.3772255e-07,0.1493665,0.83617854,0.98554504,0.98554504,0.00010525377,0.010259326,5.7953985e-05
2025-01-13,4.028712e-06,0.0283173,0.95178604,0.9801033,0.9801033,0.00012506152,0.0111830905,0.00020248155
2025-01-14,2.268169e-06,0.06831398,0.9117026,0.9800165,0.9800165,0.00012311319,0.011095638,0.00011350226
2025-01-15,4.60706e-06,0.034290094,0.9427727,0.97706276,0.97706276,0.000114607465,0.010705488,0.00020085504
2025-01-16,9.544974e-07,0.22352017,0.75712067,0.9806408,0.9806408,0.00012357059,0.011116231,4.930466e-05
2025-01-17,6.66452e-07,0.16331513,0.82448417,0.9877993,0.9877993,9.5507865e-05,0.009772813,5.4624023e-05
2025-01-21,6.9732647e-07,0.20254855,0.78356934,0.9861179,0.9861179,9.511015e-05,0.009752443,5.0232058e-05
2025-01-22,9.586811e-07,0.22678062,0.7537427,0.98052335,0.98052335,9.136228e-05,0.009558362,4.9222068e-05
2025-01-23,7.854822e-07,0.21540923,0.7687656,0.98417485,0.98417485,7.648509e-05,0.008745575,4.9635048e-05
2025-01-24,1.0570286e-06,0.22417815,0.75441706,0.9785952,0.9785952,6.5539556e-05,0.00809565,4.9382776e-05
2025-01-27,1.0331968e-06,0.21399839,0.7653235,0.9793219,0.9793219,5.2667987e-05,0.007257271,4.9965744e-05
2025-01-28,3.493009e-06,0.043275356,0.9347769,0.97805226,0.97805226,8.591211e-05,0.009268878,0.00015915118
2025-01-29,9.2378696e-07,0.21231133,0.7692037,0.98151505,0.98151505,8.6833614e-05,0.009318455,4.9975086e-05
2025-01-30,1.5979449e-06,0.11292007,0.8646632,0.9775832,0.9775832,7.236349e-05,0.008506673,7.128346e-05
2025-01-31,9.963742e-07,0.16885772,0.8128531,0.98171085,0.9817108,6.718314e-05,0.008196532,5.447898e-05
2025-02-03,2.6682162e-06,0.041704297,0.9423692,0.9840735,0.9840735,6.0754395e-05,0.0077945106,0.00016753332
2025-02-04,4.4014205e-06,0.034634355,0.94301796,0.9776523,0.9776523,6.192859e-05,0.007869472,0.00019695194
2025-02-05,1.6681415e-06,0.1976227,0.769899,0.9675217,0.9675217,6.4264714e-05,0.008016528,5.1361767e-05
2025-02-06,1.407982e-06,0.19837564,0.77414924,0.9725249,0.9725249,5.4091426e-05,0.0073546874,5.124571e-05
2025-02-07,1.5287485e-06,0.15929136,0.8136898,0.97298115,0.9729812,4.5422483e-05,0.0067396206,5.6580822e-05
2025-02-10,4.3633813e-06,0.04072342,0.9349198,0.9756432,0.9756432,5.2507028e-05,0.0072461735,0.00017914441
2025-02-11,1.5388808e-06,0.23312312,0.73550516,0.9686283,0.9686283,5.521795e-05,0.0074308785,4.9053135e-05
2025-02-12,1.7565754e-06,0.16046312,0.8083838,0.968847,0.9688469,4.222901e-05,0.006498385,5.6385394e-05
2025-02-13,3.6273784e-06,0.06852685,0.9005068,0.96903366,0.96903366,3.7762013e-05,0.0061450806,0.00011713939
2025-02-14,1.1883027e-06,0.22341003,0.7525646,0.9759746,0.9759746,4.4926073e-05,0.0067026913,4.946031e-05
2025-02-18,1.6836466e-06,0.21750686,0.7486907,0.9661976,0.9661976,3.5010366e-05,0.005916956,4.9808506e-05
2025-02-19,2.0362484e-06,0.19657238,0.76379097,0.9603633,0.9603633,2.9535859e-05,0.0054346905,5.137284e-05
2025-02-20,1.8178457e-06,0.18991525,0.7751889,0.96510416,0.96510416,2.5518333e-05,0.005051567,5.2093485e-05
2025-02-21,2.117039e-06,0.13098888,0.8363403,0.9673292,0.9673292,2.520032e-05,0.005019992,6.4799126e-05
2025-02-24,9.842077e-06,0.016650653,0.9453675,0.9620182,0.9620182,6.3022235e-05,0.007938654,0.00025912607
2025-02-25,5.6387667e-06,0.03938553,0.93162245,0.971008,0.971008,6.979633e-05,0.00835442,0.0001944939
2025-02-26,5.708383e-06,0.023244014,0.9519633,0.9752073,0.9752073,7.171572e-05,0.008468513,0.00023024477
2025-02-27,9.52755e-06,0.030219939,0.9288009,0.9590208,0.9590208,7.398149e-05,0.008601249,0.00023249719
2025-02-28,1.4461609e-05,0.009587873,0.94159764,0.9511855,0.9511855,8.62472e-05,0.009286937,0.00029625656
2025-03-03,9.2134275e-07,0.14281365,0.8417611,0.9845748,0.9845748,9.7916076e-05,0.009895255,5.9729693e-05
2025-03-04,1.3223192e-05,0.016174264,0.93480605,0.9509803,0.9509803,0.00012890091,0.011353454,0.00026975264
2025-03-05,3.6138167e-06,0.028589178,0.9534937,0.9820829,0.9820829,0.00013608584,0.011665584,0.00020169656
2025-03-06,8.524643e-07,0.12493661,0.86180425,0.9867409,0.9867408,0.00013652585,0.011684428,6.429271e-05
2025-03-07,1.1285219e-05,0.01801064,0.9377846,0.9557952,0.9557952,0.00015942327,0.012626293,0.00025529414
2025-03-10,1.644446e-06,0.060502563,0.9264069,0.9869095,0.9869095,0.00016131584,0.012701017,0.00012562142
2025-03-11,0.00015271526,0.0010157317,0.56586677,0.5668825,0.5668825,0.00019579199,0.013992569,0.00035259544
2025-03-12,4.189375e-06,0.025480047,0.9547884,0.9802684,0.9802684,0.0002635814,0.01623519,0.00021231826
2025-03-13,2.8491331e-06,0.04180606,0.9409202,0.9827262,0.9827262,0.00025651843,0.016016193,0.00016493973
2025-03-14,1.308764e-05,0.010640295,0.94359034,0.95423067,0.95423067,0.00025195125,0.015872972,0.00028594778
2025-03-17,2.7468143e-06,0.124206394,0.8297981,0.95400447,0.9540045,0.00025519388,0.01597479,5.9719154e-05
2025-03-18,7.0200986e-07,0.16457914,0.8224482,0.98702735,0.98702735,0.00022148607,0.014882408,5.4114596e-05
2025-03-19,3.1221205e-06,0.032691468,0.9503543,0.98304576,0.98304576,0.00020296805,0.014246685,0.0001841498
2025-03-20,5.979463e-07,0.15996061,0.82901454,0.98897517,0.98897517,0.00019971924,0.014132206,5.4236316e-05
2025-03-21,8.2480557e-07,0.09061752,0.898874,0.9894915,0.9894915,0.0001676869,0.012949398,7.848954e-05
2025-03-24,1.996907e-06,0.04270112,0.94433784,0.98703897,0.98703897,0.00015229502,0.012340787,0.00015407009
2025-03-25,2.0893042e-06,0.18048652,0.7789238,0.9594103,0.9594103,0.00015898886,0.012609079,5.1473766e-05
2025-03-26,1.2260646e-06,0.15184067,0.82660335,0.97844404,0.97844404,0.00012681547,0.011261238,5.6878216e-05
2025-03-27,1.0323635e-05,0.013005355,0.94885784,0.9618632,0.9618632,0.00012863544,0.011341756,0.00027070023
2025-03-28,3.1541006e-06,0.05245482,0.9235001,0.97595495,0.97595495,0.00013248561,0.01151024,0.00013117463
2025-03-31,6.0589828e-05,0.0025927327,0.81974536,0.8223381,0.8223381,0.0001476117,0.012149556,0.00034104008
2025-04-01,4.668053e-06,0.02422293,0.95451295,0.97873586,0.97873586,0.00018170354,0.013479745,0.00021952705
2025-04-02,7.4808204e-06,0.025770476,0.9406798,0.9664503,0.9664503,0.00017827463,0.013351952,0.00022297709
2025-04-03,1.5951317e-06,0.05431566,0.9331705,0.9874862,0.9874862,0.00017614635,0.0132720135,0.00012746964
2025-04-04,0.00036120327,9.903183e-10,7.914512e-05,7.9146106e-05,7.9146106e-05,0.00030570844,0.01748452,0.00036123185
2025-04-07,0.00036124096,3.942055e-13,4.5594857e-07,4.5594896e-07,4.5594896e-07,0.00036122746,0.019005984,0.00036124114
2025-04-08,0.00032255086,6.203739e-05,0.10503024,0.10509228,0.10509228,0.00036124114,0.019006345,0.00036042917
2025-04-09,0.0003562222,9.649692e-07,0.013656992,0.013657957,0.013657957,0.00036050793,0.018987047,0.00036115485
2025-04-10,0.00036122891,7.01196e-21,6.2135955e-17,6.214297e-17,6.214297e-17,0.00036115525,0.019004086,0.00036122891
2025-04-11,0.00036124018,9.71989e-13,2.7084138e-06,2.7084147e-06,2.7084147e-06,0.00036122891,0.019006023,0.00036124114
2025-04-14,0.00035938033,1.6840338e-06,0.0031289558,0.00313064,0.00313064,0.00036124117,0.019006345,0.00036050894
2025-04-15,0.00035261046,2.084036e-05,0.011642665,0.011663505,0.011663505,0.00036051078,0.018987121,0.00035677166
2025-04-16,0.00033882927,9.871652e-05,0.041510005,0.04160872,0.04160872,0.00035680793,0.01888936,0.0003535396
2025-04-17,0.0003610327,2.5322333e-10,0.00057519437,0.0005751946,0.0005751946,0.00035369105,0.018806675,0.00036124047
2025-04-21,0.00035618414,1.10624896e-07,0.0139334,0.0139335105,0.0139335105,0.00036123613,0.019006213,0.0003612172
2025-04-22,0.00036115004,3.7199188e-11,0.00025170308,0.0002517031,0.0002517031,0.00036121745,0.019005721,0.00036124096
2025-04-23,0.00036103834,6.4149736e-10,0.0005560831,0.00055608375,0.00055608375,0.00036124096,0.01900634,0.00036123925
2025-04-24,0.0003600258,1.0653389e-08,0.0033429672,0.003342978,0.003342978,0.00036123922,0.019006293,0.0003612334
2025-04-25,0.0003604787,1.5984247e-08,0.0020715434,0.0020715594,0.0020715594,0.0003612334,0.01900614,0.00036122702
2025-04-28,0.00035802802,7.924803e-08,0.008828843,0.008828922,0.008828922,0.00036122702,0.019005973,0.0003612172
2025-04-29,0.00035675048,1.9226547e-07,0.012326034,0.012326226,0.012326226,0.00036121724,0.019005716,0.00036120275
2025-04-30,0.00035901667,3.3201665e-08,0.0061222715,0.0061223046,0.0061223046,0.00036120284,0.019005338,0.00036122822
2025-05-01,0.00035466708,1.12938906e-07,0.018141273,0.018141387,0.018141387,0.00036122807,0.019006,0.00036122013
2025-05-02,0.00036009104,7.9946885e-09,0.0031690083,0.0031690162,0.0031690162,0.0003612202,0.019005794,0.0003612358
2025-05-05,0.00036050452,4.981111e-09,0.002025857,0.002025862,0.002025862,0.00036123575,0.019006204,0.00036123634
2025-05-06,0.00036032824,4.6063606e-09,0.0025161798,0.0025161845,0.0025161845,0.00036123634,0.019006219,0.00036123718
2025-05-07,0.00035994724,4.3007775e-09,0.0035726891,0.0035726933,0.0035726933,0.00036123718,0.019006241,0.00036123785
2025-05-08,0.00035464246,1.6849636e-07,0.018186474,0.018186642,0.018186642,0.00036123782,0.019006258,0.00036121169
2025-05-09,0.00034020332,1.775174e-06,0.057935875,0.057937652,0.057937652,0.0003612121,0.01900558,0.00036112612
2025-05-12,0.00033854085,3.613779e-06,0.06235157,0.062355183,0.062355183,0.00036113046,0.019003432,0.00036105447
2025-05-13,3.0928346e-05,0.08960965,0.2789951,0.36860475,0.36860475,0.00036106168,0.019001624,4.898413e-05
2025-05-14,9.805726e-07,0.219321,0.7608857,0.9802067,0.9802067,0.00013532958,0.011633124,4.9540704e-05
2025-05-15,7.423498e-07,0.20525037,0.7799599,0.9852103,0.9852103,0.00010421236,0.010208446,5.0193703e-05
2025-05-16,7.6891513e-07,0.21180601,0.7727514,0.9845574,0.9845574,8.653288e-05,0.009302305,4.9791786e-05
2025-05-19,8.7777164e-07,0.2230367,0.7591702,0.9822069,0.9822069,7.559284e-05,0.008694414,4.9332084e-05
2025-05-20,8.533895e-06,0.04731201,0.8989909,0.94630295,0.94630295,5.844943e-05,0.007645223,0.0001589267
2025-05-21,2.050752e-05,0.017999068,0.9065524,0.9245514,0.9245514,6.167674e-05,0.007853454,0.00027180792
2025-05-22,5.8667174e-05,0.003803707,0.82179207,0.8255958,0.8255958,8.1733044e-05,0.009040633,0.00033638623
2025-05-23,8.651495e-06,0.032443,0.9265788,0.9590218,0.9590218,0.00012583491,0.011217616,0.00021112435
2025-05-27,1.3478211e-05,0.009306353,0.94514334,0.9544497,0.9544497,0.0001268529,0.011262899,0.0002958974
2025-05-28,1.649097e-06,0.22721767,0.7392747,0.96649235,0.96649235,0.00013724228,0.011715045,4.9215545e-05
2025-05-29,1.2779116e-06,0.07822003,0.9077265,0.98594654,0.98594654,0.000111254914,0.010547744,9.093214e-05
2025-05-30,6.5479196e-07,0.1709569,0.816805,0.9877619,0.9877619,0.000103369406,0.010167074,5.3504446e-05
2025-06-02,8.3381786e-07,0.09508697,0.89414257,0.98922956,0.98922956,8.537837e-05,0.0092400415,7.741725e-05
2025-06-03,7.841029e-07,0.21064322,0.7736501,0.98429334,0.98429334,7.99797e-05,0.008943137,4.9921688e-05
2025-06-04,2.0310893e-06,0.10114215,0.8723864,0.97352856,0.97352856,6.903476e-05,0.008308716,7.672758e-05
2025-06-05,2.9203204e-06,0.083703645,0.885583,0.9692866,0.9692866,6.2276915e-05,0.007891572,9.508301e-05
2025-06-06,5.2702135e-06,0.02314479,0.9536515,0.97679627,0.97679627,6.018939e-05,0.007758182,0.00022712785
2025-06-09,9.719388e-07,0.21406901,0.7664542,0.9805232,0.9805232,6.499887e-05,0.008062188,4.990246e-05
2025-06-10,1.5532278e-06,0.14287844,0.8313149,0.97419333,0.97419333,5.0900177e-05,0.007134436,6.0187078e-05
2025-06-11,1.454959e-06,0.12473727,0.8527657,0.97750294,0.97750294,4.8139736e-05,0.0069382805,6.46733e-05
2025-06-12,2.9427972e-06,0.056731544,0.9209261,0.9776576,0.9776576,4.366082e-05,0.0066076335,0.00013171366
2025-06-13,1.2905567e-06,0.15884258,0.8183582,0.97720075,0.97720075,4.3962253e-05,0.0066304035,5.660522e-05
2025-06-16,4.6191963e-06,0.02576308,0.9526669,0.97843,0.97843,5.801391e-05,0.007616686,0.00021414884
2025-06-17,8.2198943e-07,0.17667465,0.80788743,0.9845621,0.9845621,6.210765e-05,0.00788084,5.3244898e-05
2025-06-18,3.0431606e-06,0.03428865,0.9491664,0.98345506,0.98345506,6.457792e-05,0.008036039,0.00018393304
2025-06-20,2.7666024e-06,0.049598612,0.9320751,0.9816737,0.9816737,6.4342225e-05,0.00802136,0.00015096365
2025-06-23,3.0667215e-06,0.030720878,0.95323306,0.98395395,0.98395395,6.423255e-05,0.008014521,0.00019112007
2025-06-24,7.959199e-07,0.15858595,0.827198,0.985784,0.985784,6.715234e-05,0.008194653,5.598759e-05
2025-06-25,9.225301e-07,0.21073404,0.770839,0.981573,0.981573,7.484603e-05,0.00865136,5.0064e-05
2025-06-26,1.1173616e-06,0.14865845,0.83225584,0.9809143,0.9809143,5.8646358e-05,0.007658091,5.8544425e-05
2025-06-27,8.1401174e-07,0.20307073,0.7808064,0.9838771,0.9838772,5.853069e-05,0.0076505356,5.0487994e-05
2025-06-30,8.6611783e-07,0.18923879,0.79411095,0.98334974,0.98334974,5.1136845e-05,0.007151003,5.2018277e-05
2025-07-01,1.0705744e-06,0.16795602,0.8125788,0.98053485,0.9805348,4.5451627e-05,0.006741782,5.499955e-05
2025-07-02,3.0505068e-06,0.09349973,0.87234974,0.96584946,0.96584946,3.804713e-05,0.0061682356,8.932529e-05
2025-07-03,1.5909939e-06,0.16065723,0.81124336,0.9719006,0.9719006,3.8000126e-05,0.006164424,5.662017e-05
2025-07-07,1.4706286e-06,0.21593484,0.75460184,0.9705367,0.9705367,4.1857576e-05,0.0064697433,4.9913928e-05
2025-07-08,3.725112e-06,0.04725701,0.92940265,0.97665966,0.97665966,4.5744084e-05,0.0067634373,0.0001595997
2025-07-09,3.0051763e-06,0.08846626,0.8793007,0.967767,0.967767,4.6265195e-05,0.0068018525,9.3232906e-05
2025-07-10,1.242714e-06,0.16127867,0.81651425,0.9777929,0.9777929,4.665539e-05,0.0068304753,5.596026e-05
2025-07-11,1.6618778e-06,0.14775744,0.8244126,0.97217005,0.97217,4.0453808e-05,0.0063603306,5.9715454e-05
2025-07-14,6.4780165e-06,0.040496014,0.9252973,0.9657933,0.9657933,3.7042963e-05,0.006086293,0.00018937865
2025-07-15,3.2206844e-06,0.10994467,0.8483597,0.95830435,0.9583044,4.087371e-05,0.006393255,7.724269e-05
2025-07-16,6.443142e-06,0.031647895,0.9378176,0.9694655,0.9694655,4.009095e-05,0.0063317413,0.00021101184
2025-07-17,7.528023e-06,0.03244339,0.9329356,0.965379,0.965379,4.4355613e-05,0.006660001,0.00021744095
2025-07-18,2.5040629e-06,0.12234417,0.8417985,0.9641427,0.9641427,5.0044287e-05,0.0070741987,6.983408e-05
2025-07-21,6.144416e-06,0.05764814,0.90053594,0.95818406,0.95818406,4.473438e-05,0.0066883764,0.00014693958
2025-07-22,4.936956e-06,0.07848049,0.8763751,0.95485556,0.95485556,4.6597703e-05,0.006826251,0.00010935912
2025-07-23,7.7084715e-06,0.062091947,0.88304013,0.9451321,0.9451321,4.5774163e-05,0.0067656604,0.00014049141
2025-07-24,1.9300162e-06,0.16675238,0.7985209,0.9652733,0.9652733,5.239213e-05,0.007238241,5.5577333e-05
2025-07-25,7.1465724e-06,0.05839047,0.8930756,0.9514661,0.9514661,4.3769764e-05,0.006615872,0.00014724904
2025-07-28,2.7728536e-06,0.15093681,0.8027829,0.9537197,0.95371974,4.7184607e-05,0.006869105,5.9914306e-05
2025-07-29,4.625913e-06,0.095617026,0.85313165,0.9487487,0.9487487,4.068061e-05,0.006378135,9.025944e-05
2025-07-30,7.372156e-06,0.054408416,0.89819795,0.9526064,0.9526064,4.0095714e-05,0.0063321176,0.00015555165
2025-07-31,1.3910118e-05,0.021191884,0.9256181,0.94681,0.94681,4.3499727e-05,0.0065954323,0.00026151756
2025-08-01,1.128251e-05,0.0177923,0.9396952,0.95748746,0.95748746,5.4503842e-05,0.007382672,0.00026539253
2025-08-04,1.0271048e-05,0.016408982,0.9442202,0.96062917,0.96062917,6.74685e-05,0.008213921,0.0002608796
2025-08-05,1.1628811e-06,0.21983808,0.7567278,0.9765659,0.9765659,7.7619145e-05,0.008810173,4.9623453e-05
2025-08-06,2.821632e-06,0.049481645,0.93211055,0.9815922,0.9815922,6.6000954e-05,0.008124097,0.0001532844
2025-08-07,7.890546e-07,0.19119485,0.7935136,0.9847084,0.9847084,6.708457e-05,0.008190517,5.1600622e-05
2025-08-08,1.2013248e-06,0.095720045,0.88948435,0.9852044,0.9852044,5.4221808e-05,0.0073635457,8.119473e-05
2025-08-11,9.185297e-07,0.21674952,0.76476705,0.98151654,0.9815166,5.4933254e-05,0.007411697,4.969468e-05
2025-08-12,2.9422572e-06,0.083350316,0.88672477,0.9700751,0.9700751,4.3945467e-05,0.006629138,9.8321274e-05
2025-08-13,1.0588739e-06,0.21315458,0.7656728,0.97882736,0.97882736,5.093252e-05,0.007136702,5.001142e-05
2025-08-14,1.3088114e-06,0.16804357,0.80818105,0.9762246,0.9762246,4.228294e-05,0.0065025333,5.504898e-05
2025-08-15,1.6633846e-06,0.13861151,0.8346127,0.9732242,0.9732242,3.5482513e-05,0.00595672,6.212274e-05
2025-08-18,4.032541e-06,0.058589023,0.91176057,0.9703496,0.9703496,3.2164375e-05,0.0056713643,0.00013600296
2025-08-19,2.2562415e-06,0.15545122,0.805962,0.96141326,0.96141326,3.3368266e-05,0.0057765273,5.8471946e-05
2025-08-20,9.011099e-06,0.020883651,0.9427496,0.9636333,0.9636333,3.40689e-05,0.005836857,0.00024778434
2025-08-21,9.93573e-06,0.018794222,0.9428476,0.96164185,0.96164185,4.1298692e-05,0.0064264056,0.00025902526
2025-08-22,1.434092e-05,0.02656565,0.91577697,0.94234264,0.94234264,4.9206472e-05,0.0070147323,0.0002487266
2025-08-25,1.0725581e-06,0.18831223,0.79111105,0.9794233,0.9794233,6.5424e-05,0.0080885105,5.2124848e-05
2025-08-26,1.4344934e-06,0.12658851,0.8517367,0.97832525,0.97832525,5.6808203e-05,0.007537122,6.6182685e-05
2025-08-27,1.032976e-06,0.16824596,0.8128359,0.98108184,0.98108184,5.183829e-05,0.007199881,5.460236e-05
2025-08-28,9.839787e-07,0.18666892,0.79451054,0.9811795,0.9811795,4.3904314e-05,0.006626033,5.2282216e-05
2025-08-29,8.788046e-07,0.17238125,0.81127644,0.9836577,0.9836577,3.7961e-05,0.0061612497,5.37749e-05
2025-09-02,5.238098e-06,0.03162102,0.9428905,0.97451156,0.97451156,3.823165e-05,0.006183175,0.0002055088
2025-09-03,4.9901805e-06,0.025889173,0.95116097,0.9770501,0.9770501,4.3123964e-05,0.006566884,0.00021743825
2025-09-04,2.2344198e-06,0.10145014,0.8707504,0.9722006,0.9722006,4.671332e-05,0.006834714,8.037646e-05
2025-09-05,1.2067759e-06,0.17119907,0.8066263,0.9778254,0.9778254,4.962764e-05,0.007044689,5.4421547e-05
2025-09-08,4.95296e-06,0.03389888,0.94157165,0.97547054,0.97547054,4.286796e-05,0.006547363,0.00020191885
2025-09-09,1.8786449e-06,0.12626201,0.845891,0.972153,0.972153,4.549062e-05,0.0067446735,6.7463116e-05
2025-09-10,2.5926902e-06,0.0976258,0.8714943,0.9691201,0.9691201,4.0928255e-05,0.0063975193,8.39604e-05
2025-09-11,3.6359809e-06,0.06879134,0.90045863,0.96924996,0.96924996,3.8973798e-05,0.0062428997,0.000118243144
2025-09-12,1.7314292e-06,0.15587328,0.8140959,0.9699692,0.9699692,4.3233034e-05,0.006575183,5.765514e-05
2025-09-15,4.84039e-06,0.061705634,0.9023049,0.96401054,0.96401054,3.696942e-05,0.0060802484,0.00013449464
2025-09-16,1.793126e-06,0.15571722,0.813274,0.9689913,0.9689913,3.9818442e-05,0.0063101854,5.7826506e-05
2025-09-17,3.6269064e-06,0.08050402,0.88418597,0.96468997,0.96468997,3.455694e-05,0.005878515,0.00010271604
2025-09-18,5.778283e-06,0.03145503,0.9411589,0.97261393,0.97261393,3.434597e-05,0.0058605433,0.00021099352
2025-09-19,5.4933466e-06,0.055257577,0.908156,0.96341354,0.96341354,3.8733546e-05,0.006223628,0.00015014697
2025-09-22,7.5958183e-06,0.03614176,0.9274559,0.96359766,0.96359766,4.088753e-05,0.006394336,0.00020866288
2025-09-23,3.5815456e-06,0.105934136,0.8500036,0.95593774,0.95593774,4.6260342e-05,0.006801496,8.128375e-05
2025-09-24,7.590518e-06,0.029578326,0.9361855,0.9657638,0.9657638,4.627734e-05,0.006802745,0.00022171035
2025-09-25,7.544605e-06,0.04597977,0.9123376,0.9583174,0.9583174,5.1251016e-05,0.0071589816,0.0001810013
2025-09-26,8.040484e-06,0.022661235,0.9440731,0.9667343,0.9667343,5.536644e-05,0.0074408627,0.00024170488
2025-09-29,3.2682487e-06,0.09609354,0.8668912,0.96298474,0.96298474,6.1002786e-05,0.007810428,8.829463e-05
2025-09-30,7.638209e-06,0.04204586,0.91798794,0.9600338,0.9600338,5.681119e-05,0.00753732,0.0001911166
2025-10-01,6.1788273e-06,0.04634322,0.9183357,0.9646789,0.9646789,6.0327387e-05,0.0077670706,0.00017493295
2025-10-02,3.6158585e-06,0.09414637,0.86613846,0.9602848,0.9602848,6.205903e-05,0.007877755,9.104477e-05
2025-10-03,4.4520216e-06,0.11031056,0.83392936,0.9442399,0.9442399,5.7455385e-05,0.007579933,7.9842444e-05
2025-10-06,1.3410642e-05,0.03444511,0.90616107,0.9406062,0.9406062,5.237018e-05,0.0072367243,0.00022579187
2025-10-07,5.0238627e-06,0.10962535,0.8279232,0.9375485,0.9375485,6.1263345e-05,0.00782709,8.044425e-05
2025-10-08,1.2778336e-05,0.02508528,0.92340386,0.9484891,0.9484891,5.741242e-05,0.0075770984,0.00024807066
2025-10-09,3.5731216e-06,0.12030077,0.8302205,0.9505213,0.9505213,6.6625435e-05,0.008162441,7.2215335e-05
2025-10-10,1.0887765e-05,0.034669068,0.9159381,0.9506071,0.9506071,6.0033053e-05,0.0077481,0.00022043187
2025-10-13,6.29145e-05,0.008035739,0.7945743,0.80261004,0.80261004,9.225538e-05,0.009604966,0.00031873203
2025-10-14,9.693974e-07,0.22022896,0.7601831,0.98041207,0.98041207,0.00013803647,0.011748892,4.9489518e-05
2025-10-15,1.6453691e-06,0.061281025,0.92545277,0.9867338,0.9867338,0.000106338855,0.010312073,0.00012402711
2025-10-16,9.234462e-07,0.10209024,0.8858553,0.98794556,0.98794556,0.0001011609,0.010057878,7.660629e-05
2025-10-17,1.8184355e-06,0.050718814,0.9366802,0.98739904,0.987399,9.556688e-05,0.009775831,0.0001443093
2025-10-20,8.113245e-07,0.13454796,0.8523037,0.98685163,0.98685163,9.2854294e-05,0.009636093,6.1705345e-05
2025-10-21,9.758644e-07,0.20797622,0.7726409,0.9806171,0.9806171,9.384392e-05,0.009687307,5.034668e-05
2025-10-22,1.508934e-06,0.11227776,0.86670053,0.9789783,0.9789783,7.349186e-05,0.00857274,7.1779745e-05
2025-10-23,2.9083242e-06,0.03836746,0.9451264,0.98349386,0.98349386,6.847583e-05,0.0082750125,0.00017619655
2025-10-24,9.079427e-07,0.17741106,0.80553865,0.98294973,0.98294973,6.888505e-05,0.008299702,5.325094e-05
2025-10-27,7.592977e-07,0.18615149,0.799226,0.9853775,0.9853775,6.762144e-05,0.008223225,5.1926632e-05
2025-10-28,9.79623e-07,0.22349745,0.75665486,0.9801523,0.9801523,7.960817e-05,0.008922341,4.9357026e-05
2025-10-29,8.043333e-07,0.18173686,0.80295706,0.9846939,0.9846939,6.257587e-05,0.007910491,5.25498e-05
2025-10-30,1.1415163e-06,0.106842324,0.8774123,0.98425466,0.98425466,5.106587e-05,0.0071460386,7.249867e-05
2025-10-31,1.6423733e-06,0.06987446,0.9142839,0.98415834,0.98415834,5.9456215e-05,0.0077107856,0.0001036743
2025-11-03,1.2158982e-06,0.085830174,0.9000603,0.98589045,0.98589045,5.6669156e-05,0.007527892,8.617554e-05
2025-11-04,2.8882985e-06,0.08311333,0.88739794,0.97051126,0.97051126,5.2466567e-05,0.007243381,9.79458e-05
2025-11-05,8.438224e-06,0.012581476,0.95617706,0.9687585,0.9687585,6.163537e-05,0.00785082,0.00027009682
2025-11-06,3.0337283e-06,0.046041366,0.9350411,0.9810825,0.9810825,6.750742e-05,0.00821629,0.00016036622
2025-11-07,5.391414e-06,0.018898457,0.9584086,0.977307,0.9773071,7.169939e-05,0.008467549,0.00023758072
2025-11-10,3.73371e-06,0.031153738,0.9500598,0.9812135,0.9812135,7.412078e-05,0.008609342,0.00019874441
2025-11-11,8.6481276e-07,0.21374796,0.7688639,0.9826119,0.9826119,8.144416e-05,0.0090246415,4.973588e-05
2025-11-12,8.4067807e-07,0.1855252,0.7984156,0.9839408,0.9839408,6.4428044e-05,0.008026708,5.2348623e-05
2025-11-13,1.2541915e-06,0.11592303,0.8659244,0.98184747,0.98184747,5.2306543e-05,0.007232326,6.909181e-05
2025-11-14,3.7200714e-06,0.045262072,0.9316431,0.9769052,0.9769052,7.9729594e-05,0.008929143,0.0001610785
2025-11-17,2.274439e-06,0.05144069,0.93304145,0.98448217,0.98448217,7.800512e-05,0.0088320505,0.0001465694
2025-11-18,5.785264e-06,0.019301774,0.9565452,0.97584695,0.97584695,7.974357e-05,0.008929926,0.00023952515
2025-11-19,6.4620854e-06,0.015191589,0.95938486,0.9745765,0.9745765,8.349725e-05,0.009137684,0.00025417737
2025-11-20,4.3620157e-06,0.03091873,0.947895,0.9788137,0.9788137,8.6772736e-05,0.009315188,0.00020588859
2025-11-21,1.6790586e-05,0.0104884105,0.9334968,0.94398516,0.94398516,9.4084884e-05,0.009699737,0.0002997525
2025-11-24,2.457434e-06,0.057536382,0.9247386,0.98227495,0.98227495,0.00010561079,0.010276711,0.00013864186
2025-11-25,7.432211e-07,0.19973236,0.78555226,0.9852846,0.9852846,0.00011209345,0.010587419,5.0506438e-05
2025-11-26,6.049392e-07,0.17153807,0.81702,0.98855805,0.98855805,0.00010561791,0.010277057,5.2870306e-05
2025-11-28,5.964536e-07,0.18363729,0.804795,0.98843235,0.9884323,9.458423e-05,0.009725442,5.15622e-05
2025-12-01,9.1498214e-07,0.22089267,0.7606141,0.98150676,0.98150676,8.179479e-05,0.009044047,4.9476585e-05
2025-12-02,5.972943e-07,0.14754148,0.841951,0.9894925,0.9894925,6.813692e-05,0.008254509,5.6844437e-05
2025-12-03,1.0463283e-06,0.11689602,0.8675463,0.98444235,0.98444235,5.8374317e-05,0.0076403087,6.725492e-05
2025-12-04,1.2860435e-06,0.12567054,0.8545349,0.9802055,0.9802055,5.2939777e-05,0.0072759725,6.496966e-05
2025-12-05,3.9254537e-06,0.048629533,0.9260413,0.9746708,0.9746708,4.656232e-05,0.006823659,0.00015497758
2025-12-08,5.689056e-06,0.031476356,0.94150907,0.97298545,0.97298545,4.7186662e-05,0.0068692546,0.00021059226
2025-12-09,7.5057756e-06,0.042130444,0.91730976,0.95944023,0.95944023,5.0436873e-05,0.007101892,0.0001850547
2025-12-10,9.725853e-06,0.027581576,0.9309643,0.95854586,0.95854586,5.381836e-05,0.0073360996,0.00023461718
2025-12-11,3.7891596e-06,0.047956575,0.92766386,0.97562045,0.97562045,6.0967363e-05,0.00780816,0.00015542368
2025-12-12,5.4556276e-06,0.0374461,0.9349629,0.972409,0.972409,6.0565777e-05,0.0077824015,0.00019773221
2025-12-15,4.3298414e-06,0.022160022,0.9582549,0.98041487,0.98041487,6.660977e-05,0.008161481,0.00022107798
2025-12-16,4.038282e-06,0.0352752,0.9440453,0.9793205,0.9793205,6.822283e-05,0.008259711,0.00019527973
2025-12-17,3.8769795e-06,0.028112372,0.9530005,0.98111284,0.98111284,6.87448e-05,0.008291248,0.00020527061
2025-12-18,7.698589e-06,0.013339561,0.9577763,0.9711159,0.9711159,7.294873e-05,0.008541003,0.0002665337
2025-12-19,3.1191785e-06,0.043446742,0.9381603,0.981607,0.981607,7.8285346e-05,0.008847901,0.00016958527
2025-12-22,1.8659331e-06,0.07255007,0.90978485,0.9823349,0.9823349,7.806892e-05,0.008835662,0.00010562829
2025-12-23,8.785146e-07,0.17885987,0.8046168,0.9834767,0.9834767,7.5525604e-05,0.008690547,5.3168224e-05
2025-12-24,9.270088e-07,0.18769148,0.7945436,0.98223513,0.9822351,6.5070664e-05,0.008066639,5.2182142e-05
2025-12-26,1.7864206e-06,0.216548,0.74763966,0.9641877,0.9641876,5.470485e-05,0.007396273,4.9882852e-05
2025-12-29,2.3888265e-06,0.15159385,0.8080533,0.9596472,0.9596472,4.270375e-05,0.0065348106,5.91985e-05
2025-12-30,5.7093735e-06,0.046007343,0.92060244,0.9666098,0.9666098,3.9033675e-05,0.0062476937,0.00017098937
2025-12-31,5.9664108e-06,0.07704834,0.8703096,0.94735795,0.94735795,4.1734984e-05,0.006460262,0.00011333926
2026-01-02,7.975869e-06,0.02056925,0.9468464,0.9674157,0.9674157,4.6764806e-05,0.00683848,0.00024477637
2026-01-05,9.925448e-06,0.02220429,0.93823224,0.9604365,0.9604365,5.2310686e-05,0.007232613,0.000250874
2026-01-06,3.128549e-06,0.08732534,0.87966603,0.96699136,0.96699136,5.9929527e-05,0.0077414163,9.4779716e-05
2026-01-07,2.185917e-06,0.105282195,0.86654186,0.97182405,0.97182405,5.8727906e-05,0.0076634134,7.758095e-05
2026-01-08,5.060636e-06,0.04041857,0.9326379,0.97305644,0.97305644,5.4303215e-05,0.0073690717,0.00018782355
2026-01-09,3.9240467e-06,0.07502929,0.8899058,0.9649351,0.9649351,5.57092e-05,0.0074638594,0.000111908186
2026-01-12,1.7023274e-06,0.114877924,0.86106867,0.9759466,0.9759466,5.6579163e-05,0.007521912,7.0772854e-05
2026-01-13,3.3792198e-06,0.09072006,0.872966,0.96368605,0.96368605,5.0640843e-05,0.007116238,9.305569e-05
2026-01-14,8.216569e-06,0.0265315,0.9382803,0.9648118,0.9648118,4.802081e-05,0.006929705,0.00023350354
2026-01-15,6.3536604e-06,0.025084777,0.94709873,0.9721835,0.9721835,5.3967084e-05,0.007346229,0.00022841357
2026-01-16,5.482221e-06,0.05745467,0.9052732,0.96272784,0.96272784,5.762691e-05,0.0075912387,0.00014708623
2026-01-20,1.1433593e-05,0.023027087,0.93165296,0.95468,0.95468,5.771052e-05,0.007596744,0.00025228594
2026-01-21,2.0442189e-05,0.011423464,0.9181991,0.9296226,0.9296226,7.511648e-05,0.008666976,0.0002904652
2026-01-22,1.1551355e-06,0.12154261,0.86156,0.9831026,0.9831026,9.0870046e-05,0.009532578,6.8361805e-05
2026-01-23,7.7445776e-07,0.17527267,0.81027126,0.98554397,0.98554397,8.251315e-05,0.009083675,5.3573323e-05
2026-01-26,1.15625e-06,0.12133922,0.86150897,0.98284817,0.98284817,6.763801e-05,0.008224233,6.741263e-05
2026-01-27,7.5594284e-07,0.18279271,0.8027921,0.9855848,0.9855848,6.231648e-05,0.007894079,5.244066e-05
2026-01-28,1.2793537e-06,0.18093212,0.794981,0.9759131,0.9759131,5.3410073e-05,0.0073082196,5.31141e-05
2026-01-29,5.0221993e-06,0.062648706,0.89930856,0.9619573,0.9619573,4.3754153e-05,0.006614692,0.00013201471
2026-01-30,7.685579e-06,0.0241989,0.943508,0.9677069,0.9677069,4.4666176e-05,0.006683276,0.0002379946
2026-02-02,6.791697e-06,0.025913242,0.94457626,0.9704895,0.9704895,5.0072016e-05,0.007076158,0.00023014512
2026-02-03,5.8390483e-06,0.055251785,0.90647864,0.9617304,0.9617304,5.467903e-05,0.007394527,0.00015257676
2026-02-04,6.873079e-06,0.018807828,0.9533725,0.9721803,0.9721803,5.9564067e-05,0.007717776,0.00024705805
2026-02-05,6.46846e-06,0.021740137,0.95113736,0.9728775,0.9728775,6.413778e-05,0.008008607,0.00023849057
2026-02-06,5.350364e-06,0.019211061,0.9581497,0.9773607,0.9773607,7.100826e-05,0.00842664,0.00023633108
2026-02-09,1.1054246e-06,0.2212343,0.7564194,0.97765374,0.97765374,8.0189646e-05,0.008954867,4.9468e-05
2026-02-10,6.2685245e-07,0.15085535,0.8381156,0.98897094,0.98897094,6.649435e-05,0.008154407,5.6836412e-05
2026-02-11,7.374618e-07,0.12064256,0.8680653,0.98870784,0.98870784,5.756156e-05,0.0075869337,6.530742e-05
2026-02-12,8.183732e-07,0.10392742,0.88486636,0.9887938,0.9887938,5.0725586e-05,0.0071221897,7.302855e-05
2026-02-13,2.294853e-06,0.050634276,0.93357223,0.9842065,0.9842065,7.15001e-05,0.008455773,0.00014530361
2026-02-17,4.2545057e-06,0.033619095,0.9451876,0.97880673,0.97880673,6.9058995e-05,0.008310175,0.00020074799
2026-02-18,5.3105186e-06,0.03040231,0.9448619,0.9752642,0.9752642,6.959665e-05,0.008342461,0.00021468951
2026-02-19,2.8895267e-06,0.053445373,0.9263368,0.9797822,0.9797822,7.178184e-05,0.008472417,0.00014292011
2026-02-20,4.064511e-06,0.04195306,0.9353533,0.97730637,0.97730637,6.9810594e-05,0.008355274,0.00017910358
2026-02-23,2.8937454e-06,0.056355737,0.92231613,0.97867185,0.97867185,7.142976e-05,0.008451613,0.00013567727
2026-02-24,3.6810247e-06,0.030859798,0.95047116,0.98133093,0.981331,7.49278e-05,0.008656085,0.00019717238
2026-02-25,1.0511235e-06,0.13322654,0.849941,0.9831676,0.9831675,7.643452e-05,0.008742684,6.24464e-05
2026-02-26,8.3512583e-07,0.20428802,0.77915806,0.98344606,0.98344606,7.501233e-05,0.008660966,5.044877e-05
2026-02-27,1.6290144e-06,0.06083387,0.9256716,0.98650545,0.98650545,6.6048284e-05,0.0081270095,0.00012071645
2026-03-02,2.3257296e-06,0.040148575,0.9458353,0.98598385,0.98598385,6.428823e-05,0.008017994,0.00016593211
2026-03-03,3.4625066e-06,0.042073503,0.9385356,0.98060906,0.98060906,6.31377e-05,0.007945923,0.0001785631
2026-03-04,4.2180427e-06,0.0241355,0.9563278,0.98046327,0.98046327,6.615689e-05,0.008133689,0.00021590317
2026-03-05,2.9024152e-06,0.059403706,0.9187429,0.9781466,0.9781466,6.861663e-05,0.008283515,0.00013281306
2026-03-06,3.4913287e-06,0.028731657,0.9537886,0.9825202,0.9825202,6.79257e-05,0.008241705,0.00019973531
2026-03-09,5.753024e-06,0.017025532,0.9594987,0.97652423,0.97652423,7.342109e-05,0.008568611,0.00024506226
2026-03-10,2.498872e-06,0.056901984,0.92528635,0.98218834,0.98218834,7.7441124e-05,0.008800064,0.0001402942
2026-03-11,2.9766609e-06,0.04391591,0.9386206,0.98253655,0.98253655,7.433718e-05,0.008621901,0.00017045095
2026-03-12,4.600557e-06,0.03534439,0.9417199,0.97706425,0.97706425,7.2842304e-05,0.00853477,0.00020058456
2026-03-13,5.503085e-06,0.019799026,0.9566567,0.97645575,0.97645575,8.1674625e-05,0.0090374015,0.00023373369
2026-03-16,3.3092056e-06,0.032732,0.94999075,0.98272276,0.98272276,8.431793e-05,0.009182479,0.00019153554
2026-03-17,1.077647e-06,0.096804395,0.8893656,0.98617,0.98617,8.664453e-05,0.009308305,7.792093e-05
2026-03-18,2.3277587e-06,0.044738833,0.9406188,0.98535764,0.98535764,7.871348e-05,0.008872062,0.0001589743
2026-03-19,4.6337295e-06,0.023285514,0.9556696,0.9789551,0.9789551,8.543578e-05,0.009243147,0.0002201829
2026-03-20,2.1971819e-06,0.03895768,0.9477587,0.98671633,0.98671633,8.644597e-05,0.009297633,0.00016540474
2026-03-23,7.22281e-06,0.022075599,0.9470173,0.9690929,0.9690929,9.58572e-05,0.009790669,0.00023369424
2026-03-24,1.0575137e-06,0.0860998,0.9018213,0.9879211,0.9879211,0.00010032503,0.010016238,8.755064e-05
2026-03-25,2.52561e-06,0.037580714,0.94790274,0.98548347,0.98548347,9.261655e-05,0.009623749,0.00017398162
2026-03-26,9.853593e-07,0.07552765,0.9141037,0.98963135,0.98963135,9.140157e-05,0.009560416,9.50326e-05
2026-03-27,1.0323911e-05,0.015796207,0.9444867,0.96028286,0.96028286,0.000109568864,0.010467514,0.0002599359
2026-03-30,7.486851e-06,0.018709349,0.95044464,0.969154,0.969154,0.000118584096,0.010889633,0.00024271707
2026-03-31,2.7437209e-06,0.03488868,0.9499501,0.9848388,0.9848388,0.000120428194,0.010973978,0.00018096971
2026-04-01,3.5294986e-06,0.21628243,0.712076,0.92835844,0.92835844,0.00014541937,0.012058996,4.9266073e-05
2026-04-02,5.827898e-07,0.16242318,0.82675874,0.98918194,0.98918194,0.000118670694,0.0108936075,5.3871914e-05
2026-04-06,5.567919e-07,0.1428256,0.84745365,0.99027926,0.99027926,9.877778e-05,0.009938701,5.7278743e-05
2026-04-07,8.3802513e-07,0.22262233,0.76039785,0.9830202,0.9830202,8.719764e-05,0.009337967,4.93542e-05
2026-04-08,5.4487435e-07,0.13898669,0.8516369,0.9906236,0.9906236,6.715735e-05,0.008194959,5.811121e-05
2026-04-09,2.3270873e-06,0.2347245,0.7177065,0.952431,0.952431,0.00014436367,0.012015143,4.8920272e-05
2026-04-10,7.4172146e-07,0.21111652,0.7739947,0.98511124,0.98511124,0.0001132126,0.010640141,4.9817532e-05
2026-04-13,7.781289e-07,0.20766345,0.77680504,0.9844685,0.98446846,8.851927e-05,0.009408468,5.010011e-05
2026-04-14,7.4145794e-07,0.21622427,0.7688056,0.9850299,0.9850299,8.8438384e-05,0.009404168,4.952918e-05
2026-04-15,1.0093706e-06,0.23272097,0.7466959,0.97941685,0.97941685,9.948605e-05,0.009974269,4.903868e-05
2026-04-16,8.344627e-07,0.21075602,0.7725391,0.9832951,0.9832951,8.900244e-05,0.0094341105,4.995312e-05
2026-04-17,8.561906e-07,0.19700961,0.78622407,0.9832337,0.9832337,7.0677284e-05,0.008406978,5.106613e-05
2026-04-20,9.1360516e-07,0.22218886,0.7593063,0.98149514,0.98149514,8.3985586e-05,0.009164365,4.9371098e-05
2026-04-21,1.0108392e-06,0.20862935,0.77125823,0.9798876,0.9798876,6.5747176e-05,0.008108463,5.0259514e-05
2026-04-22,4.5321467e-06,0.040947787,0.9316909,0.97263867,0.97263867,6.123547e-05,0.007825309,0.00016564057
2026-04-23,1.2758453e-06,0.22825462,0.7458195,0.9740741,0.9740741,6.559017e-05,0.0080987755,4.9211274e-05
2026-04-24,2.0851512e-06,0.07850965,0.8993098,0.97781944,0.97781944,5.398211e-05,0.0073472518,9.4008064e-05
2026-04-27,1.4654145e-06,0.19410051,0.77733004,0.97143054,0.97143054,5.5088127e-05,0.0074221375,5.1293042e-05
2026-04-28,1.7988546e-06,0.18894581,0.7764136,0.96535945,0.96535945,4.4744967e-05,0.006689168,5.1929157e-05
2026-04-29,3.630719e-06,0.0810456,0.87987924,0.9609248,0.96092486,4.138331e-05,0.0064329864,9.2916205e-05
2026-04-30,5.0792346e-06,0.09128165,0.85146433,0.942746,0.942746,4.00524e-05,0.0063286964,8.8714034e-05
2026-05-01,1.4546574e-06,0.19343741,0.77830046,0.97173786,0.97173786,4.7797806e-05,0.006913596,5.1470182e-05
2026-05-04,2.0380787e-06,0.19404995,0.76658404,0.960634,0.960634,3.99432e-05,0.006320063,5.1772553e-05
2026-05-05,3.7514487e-06,0.07891733,0.8846302,0.9635475,0.9635475,3.554243e-05,0.0059617474,0.00010291342
2026-05-06,1.5814484e-06,0.22974989,0.7380936,0.96784353,0.96784353,4.0000577e-05,0.006324601,4.917979e-05
2026-05-07,1.4782763e-06,0.23622203,0.7335838,0.96980584,0.96980584,7.37148e-05,0.008585732,4.895901e-05
2026-05-08,1.1314551e-06,0.18430395,0.7941816,0.9784855,0.9784855,5.80589e-05,0.007619639,5.259041e-05
2026-05-11,1.2095737e-06,0.23198274,0.74337745,0.97536016,0.97536016,5.914493e-05,0.007690574,4.909015e-05
2026-05-12,1.1455165e-06,0.2258925,0.75089455,0.97678703,0.97678703,4.6189518e-05,0.006796287,4.9348128e-05
2026-05-13,1.3117054e-06,0.16060247,0.8160652,0.97666764,0.97666764,3.6482943e-05,0.006040111,5.6218298e-05
2026-05-14,1.9166282e-06,0.19773026,0.76498187,0.9627121,0.9627121,3.575669e-05,0.00597969,5.140082e-05
2026-05-15,1.4051869e-06,0.2225629,0.7490641,0.971627,0.971627,4.0925966e-05,0.0063973404,4.9525494e-05
2026-05-18,3.897069e-06,0.053360138,0.9193829,0.9727431,0.9727431,6.566552e-05,0.008103427,0.00014297546
2026-05-19,2.0765206e-06,0.12639128,0.8429459,0.96933717,0.96933717,6.4311e-05,0.008019414,6.772109e-05
2026-05-20,3.4365378e-06,0.05587617,0.91943413,0.9753103,0.9753103,6.224995e-05,0.007889864,0.00013918927
2026-05-21,1.0871014e-06,0.21840735,0.7597273,0.97813463,0.97813463,6.627171e-05,0.008140744,4.9717957e-05
2026-05-22,1.9091715e-06,0.13790403,0.83178127,0.9696853,0.9696853,5.2139818e-05,0.0072207907,6.297844e-05
2026-05-26,1.5731044e-06,0.1859726,0.78412294,0.9700956,0.9700955,4.720544e-05,0.006870622,5.2604402e-05
2026-05-27,1.243345e-06,0.2194113,0.7555653,0.9749766,0.9749766,4.628004e-05,0.0068029435,4.968729e-05
2026-05-28,1.7079134e-06,0.1812394,0.7866932,0.96793264,0.9679326,3.6239155e-05,0.0060198964,5.3260184e-05
2026-05-29,1.9510792e-06,0.19457926,0.7676314,0.96221066,0.96221066,3.5338806e-05,0.005944645,5.1630406e-05
2026-06-01,2.286162e-06,0.13079318,0.83406234,0.96485555,0.96485555,3.0110177e-05,0.005487274,6.5050444e-05
2026-06-02,2.2954891e-06,0.18026903,0.7769016,0.9571706,0.9571706,2.8239796e-05,0.005314113,5.3596115e-05
2026-06-03,3.7244722e-06,0.16364041,0.77060175,0.9342422,0.9342421,2.4482475e-05,0.0049479767,5.6639237e-05
2026-06-04,5.2797677e-06,0.053738736,0.9107008,0.9644395,0.9644395,3.113824e-05,0.005580165,0.00014847287
2026-06-05,3.0135066e-06,0.120555945,0.83692175,0.9574777,0.9574777,3.43285e-05,0.0058590528,7.086883e-05
2026-06-08,8.9062145e-05,0.0042278743,0.7302411,0.734469,0.734469,0.00011534497,0.010739878,0.00033541146
2026-06-09,1.5724997e-06,0.114690095,0.8636229,0.97831297,0.97831297,0.00017331002,0.013164726,7.250876e-05
2026-06-10,8.4249605e-06,0.023305597,0.9424088,0.9657144,0.9657144,0.00015236718,0.01234371,0.0002457288
2026-06-11,1.5149986e-05,0.011193184,0.9362191,0.94741225,0.94741225,0.00015804058,0.01257142,0.00028808965
2026-06-12,9.0976204e-07,0.15833735,0.8253989,0.9837363,0.9837363,0.00016622055,0.012892655,5.5938115e-05
2026-06-15,6.9993985e-07,0.17875606,0.8079792,0.9867353,0.9867353,0.00014240312,0.011933278,5.2767045e-05
2026-06-16,1.1025597e-06,0.23364806,0.74385905,0.9775071,0.9775071,0.00016922722,0.013008736,4.9018156e-05
2026-06-17,5.0931595e-07,0.1428077,0.8481776,0.99098533,0.99098533,0.00013586362,0.011656055,5.6498593e-05
2026-06-18,5.844997e-07,0.121194,0.86953884,0.99073285,0.99073285,0.00013896773,0.011788458,6.3072206e-05
2026-06-22,6.020033e-07,0.18319799,0.805119,0.98831695,0.98831695,0.00012839488,0.011331147,5.1527935e-05
2026-06-23,7.0295715e-07,0.18052512,0.80606216,0.9865873,0.9865873,0.000106015585,0.010296387,5.2409763e-05
2026-06-24,1.6221828e-05,0.007188053,0.93985236,0.94704044,0.94704044,0.00012577424,0.011214912,0.00030630594
2026-06-25,4.19449e-06,0.033298135,0.94573134,0.9790295,0.9790295,0.00013443407,0.011594571,0.00020001837
2026-06-26,2.7957633e-06,0.054595765,0.92524433,0.9798401,0.9798401,0.0001313858,0.011462364,0.00013867942
2026-06-29,7.740581e-06,0.018447768,0.9509632,0.96941096,0.96941096,0.00012738426,0.011286464,0.00025305076
2026-06-30,9.619608e-07,0.20085798,0.78009236,0.98095036,0.98095036,0.00013369303,0.01156257,5.0497576e-05
2026-07-01,6.7663746e-07,0.17656526,0.8106042,0.98716944,0.9871695,0.000116768795,0.010805961,5.273641e-05
2026-07-02,6.995532e-07,0.15540314,0.8321489,0.98755205,0.98755205,9.574801e-05,0.0097850915,5.6198252e-05
2026-07-06,7.6908736e-07,0.103741415,0.8856295,0.9893709,0.9893709,8.0725964e-05,0.008984763,7.2356655e-05
2026-07-07,7.824558e-07,0.21026929,0.7740517,0.984321,0.984321,7.9765014e-05,0.008931126,4.9904695e-05
2026-07-08,3.4439568e-06,0.058167655,0.91449785,0.9726655,0.9726655,6.767396e-05,0.008226418,0.00012599298
2026-07-09,6.782333e-06,0.03265596,0.93465817,0.9673141,0.9673141,6.595728e-05,0.0081214085,0.00020750042
2026-07-10,1.0137011e-06,0.20168519,0.7783472,0.9800324,0.9800324,7.064938e-05,0.0084053185,5.0767256e-05
2026-07-13,9.140477e-07,0.18904978,0.79332703,0.9823768,0.9823768,5.9419464e-05,0.0077084024,5.18662e-05
2026-07-14,6.32491e-06,0.03827641,0.9276272,0.96590364,0.96590364,5.9765338e-05,0.0077308044,0.00018550103
2026-07-15,1.444523e-06,0.18106398,0.7916658,0.97272974,0.9727298,6.219672e-05,0.00788649,5.297064e-05
2026-07-16,1.0726816e-06,0.17619057,0.8037236,0.9799141,0.9799141,5.3257536e-05,0.007297776,5.3404783e-05
2026-07-17,4.1556345e-06,0.05469643,0.9161185,0.97081494,0.97081494,4.9439415e-05,0.007031317,0.00014238912
2026-07-20,5.182115e-06,0.024144573,0.9524904,0.976635,0.976635,5.5062832e-05,0.007420433,0.00022178944
2026-07-21,4.9637697e-06,0.048749853,0.9209814,0.9697313,0.9697313,5.7707257e-05,0.007596529,0.00016399003
2026-07-22,1.4010755e-06,0.20533714,0.7669983,0.9723354,0.97233546,6.132641e-05,0.007831118,5.064506e-05
2026-07-23,2.8612035e-06,0.100986585,0.86410296,0.96508956,0.96508956,4.88119e-05,0.0069865515,8.195839e-05
2026-07-24,6.241786e-06,0.026006455,0.9458799,0.97188634,0.97188634,6.11018e-05,0.007816764,0.00022201966
2026-07-27,2.4643373e-06,0.10233975,0.86718833,0.9695281,0.9695281,6.4054664e-05,0.008003416,8.08724e-05
2026-07-28,3.165227e-06,0.09042282,0.8752353,0.9656581,0.9656581,5.8011894e-05,0.007616554,9.216816e-05
2026-07-29,6.5646186e-06,0.04784252,0.91320866,0.96105117,0.96105117,5.4379532e-05,0.007374248,0.00016854468
2026-07-30,1.0283919e-05,0.015025773,0.9464343,0.9614601,0.9614601,6.8005895e-05,0.008246569,0.00026683835
2026-07-31,1.0277085e-06,0.22367428,0.75549763,0.97917193,0.97917193,7.87088e-05,0.008871798,4.934248e-05
2026-08-03,7.1074413e-07,0.1879887,0.7982427,0.9862314,0.9862314,7.141645e-05,0.008450826,5.1620602e-05
2026-08-04,1.0095073e-06,0.23286325,0.7465488,0.979412,0.979412,9.433889e-05,0.009712821,4.9033817e-05
2026-08-05,1.3882125e-06,0.23822032,0.733404,0.9716243,0.9716243,0.00014425186,0.01201049,4.8922608e-05
2026-08-06,9.1928166e-07,0.22861123,0.7526914,0.9813026,0.9813026,0.000108319364,0.010407659,4.9166334e-05
2026-08-07,8.836363e-07,0.22206001,0.76005626,0.9821163,0.9821163,8.3178325e-05,0.009120216,4.94101e-05
2026-08-10,9.118254e-07,0.22726737,0.7542012,0.98146856,0.98146856,7.186347e-05,0.008477232,4.9204235e-05
2026-08-11,9.131839e-07,0.20732142,0.7745452,0.9818666,0.9818666,5.5164328e-05,0.007427269,5.0359216e-05
2026-08-12,7.4955733e-06,0.054450076,0.89525867,0.94970876,0.94970876,4.6017067e-05,0.006783588,0.00014904332
2026-08-13,2.5227996e-06,0.14714707,0.81079125,0.9579383,0.9579383,4.8984846e-05,0.0069989176,5.9978564e-05
2026-08-14,1.4939237e-06,0.20343903,0.76709545,0.97053444,0.97053444,4.897914e-05,0.0069985096,5.070068e-05
2026-08-17,2.9402252e-06,0.12616691,0.83010364,0.9562706,0.9562706,4.0020986e-05,0.0063262144,6.723677e-05
2026-08-18,4.0966065e-06,0.08210861,0.8762797,0.9583883,0.9583883,3.9220773e-05,0.006262649,9.8448494e-05
2026-08-19,7.2754583e-06,0.03842737,0.92353594,0.9619633,0.9619633,4.2447107e-05,0.0065151444,0.00019127468
2026-08-20,2.3572118e-06,0.12226032,0.84339553,0.96565586,0.96565586,4.661711e-05,0.0068276725,6.8635054e-05
2026-08-21,1.25182205e-05,0.017541926,0.9351003,0.95264226,0.95264226,5.075997e-05,0.0071246033,0.00026433315
2026-08-24,2.5728552e-06,0.114575244,0.85001343,0.9645887,0.9645887,6.0250357e-05,0.0077621103,7.265634e-05
2026-08-25,4.6038103e-06,0.08775496,0.86386186,0.9516168,0.9516168,5.4907614e-05,0.007409967,9.5153126e-05
2026-08-26,2.3847701e-06,0.17204675,0.7842754,0.9563222,0.9563222,5.282907e-05,0.007268361,5.4599128e-05
2026-08-27,3.0588226e-06,0.12956376,0.82420176,0.9537655,0.9537655,4.381754e-05,0.006619482,6.615889e-05
2026-08-28,1.7975827e-06,0.1932923,0.77187717,0.9651695,0.9651695,4.4391098e-05,0.0066626645,5.160943e-05
