Date,omega,alpha,beta,rho,persistence,sigma2,sigma,sigma_bar2
2005-01-04,1.0628932e-05,0.06848697,0.9184349,0.9869219,0.9869219,0.0007232377,0.02689308,0.0008127279
2005-01-05,1.3692299e-05,0.11500725,0.86213493,0.97714216,0.9771422,0.0007921529,0.02814521,0.0005990197
2005-01-06,1.0507067e-05,0.058086995,0.9295151,0.9876021,0.9876021,0.0007136164,0.026713599,0.00084748864
2005-01-07,1.6498188e-05,0.15347962,0.81425,0.9677296,0.9677296,0.00081081426,0.0284748,0.00051124877
2005-01-10,1.0617558e-05,0.058443554,0.92900723,0.9874508,0.9874508,0.00067817455,0.026041785,0.00084607303
2005-01-11,7.3660467e-06,0.11160663,0.8741877,0.9857943,0.9857943,0.0006409951,0.025317881,0.00051852776
2005-01-12,1.4679495e-05,0.08751987,0.8945257,0.9820456,0.9820456,0.0005739159,0.023956541,0.0008175983
2005-01-13,1.173045e-05,0.077705674,0.9068646,0.98457026,0.98457026,0.0005471131,0.023390448,0.00076024956
2005-01-14,1.1352941e-05,0.10177918,0.8792189,0.98099804,0.98099804,0.00060385733,0.024573509,0.0005974616
2005-01-18,1.046163e-05,0.0598324,0.9272472,0.9870796,0.9870796,0.0005470018,0.02338807,0.0008096999
2005-01-19,1.4109559e-05,0.072489716,0.9113682,0.9838579,0.9838579,0.00051767094,0.022752384,0.00087408605
2005-01-20,7.794884e-06,0.09530294,0.8905634,0.98586637,0.98586637,0.0005082076,0.02254346,0.00055151316
2005-01-21,1.1478351e-05,0.0661076,0.9195709,0.98567855,0.98567855,0.00047850693,0.021874802,0.00080147985
2005-01-24,1.4093531e-05,0.12634434,0.84965783,0.97600216,0.97600216,0.0005266352,0.022948533,0.0005872832
2005-01-25,1.0172768e-05,0.080155276,0.9048577,0.98501295,0.98501295,0.00046539586,0.021573035,0.0006787705
2005-01-26,8.981979e-06,0.10499236,0.8782158,0.9832081,0.9832082,0.0004534399,0.021294128,0.0005349001
2005-01-27,9.759732e-06,0.05812126,0.9294901,0.98761135,0.98761135,0.00044014823,0.02097971,0.00078779645
2005-01-28,1.36072385e-05,0.06509947,0.9202606,0.9853601,0.9853601,0.00041893023,0.020467784,0.0009294616
2005-01-31,1.3005328e-05,0.05953472,0.92742723,0.98696196,0.98696196,0.00047805105,0.021864379,0.0009974911
2005-02-01,1.1838431e-05,0.06276036,0.9233831,0.98614347,0.98614347,0.0004829959,0.021977168,0.00085435755
2005-02-02,1.1094226e-05,0.058713663,0.9286269,0.98734057,0.98734057,0.0004907402,0.022152657,0.0008763606
2005-02-03,1.3923851e-05,0.062246572,0.923774,0.98602057,0.98602057,0.00047200307,0.021725632,0.0009960239
2005-02-04,2.5277597e-05,0.06847482,0.9147294,0.98320425,0.98320425,0.00045175757,0.02125459,0.0015049992
2005-02-07,1.8257391e-05,0.06475831,0.9199269,0.9846852,0.9846852,0.0004385249,0.020940986,0.001192139
2005-02-08,3.782002e-05,0.11150715,0.86833954,0.97984666,0.9798467,0.00046678487,0.021605205,0.0018766127
2005-02-09,1.870259e-05,0.063704014,0.92131037,0.9850144,0.9850144,0.00044379462,0.021066433,0.0012480357
2005-02-10,1.3512025e-05,0.059573375,0.92735416,0.9869275,0.9869275,0.00042764982,0.020679696,0.0010336229
2005-02-11,1.6792874e-05,0.13931626,0.8315373,0.97085357,0.97085357,0.00048391675,0.021998107,0.0005761554
2005-02-14,1.0287811e-05,0.058133956,0.9294585,0.98759246,0.98759246,0.0004193369,0.020477718,0.00082915794
2005-02-15,1.3117598e-05,0.06121902,0.9251,0.98631907,0.98631907,0.00040192052,0.020047955,0.00095882325
2005-02-16,1.57847e-05,0.06376566,0.92142975,0.9851954,0.9851954,0.00038593335,0.019645186,0.0010662023
2005-02-17,1.1531514e-05,0.18447353,0.78663814,0.97111166,0.97111166,0.0004026802,0.020066893,0.00039917533
2005-02-18,2.8553688e-05,0.07447298,0.90782964,0.9823026,0.9823026,0.0003798618,0.019490043,0.0016134402
2005-02-22,8.662125e-06,0.14105558,0.8398747,0.98093027,0.98093027,0.0003940651,0.019851074,0.00045423425
2005-02-23,7.708874e-06,0.23442927,0.7129146,0.9473439,0.9473438,0.00078289595,0.027980277,0.00014640037
2005-02-24,4.7077547e-06,0.21963364,0.7601684,0.979802,0.979802,0.0005658523,0.02378765,0.00023308038
2005-02-25,8.899103e-06,0.10500304,0.8801002,0.98510325,0.98510325,0.00043845677,0.02093936,0.0005973855
2005-02-28,1.104325e-05,0.12786974,0.8536427,0.9815124,0.9815124,0.00039509052,0.019876884,0.0005973337
2005-03-01,1.3786366e-05,0.21285845,0.74930423,0.9621627,0.9621627,0.00035125372,0.018741764,0.0003643589
2005-03-02,1.2376274e-05,0.065226205,0.91982096,0.98504716,0.98504716,0.0002775216,0.01665898,0.00082768727
2005-03-03,2.1948224e-05,0.1977042,0.75113183,0.948836,0.948836,0.00031148788,0.01764902,0.00042897812
2005-03-04,1.388183e-05,0.0654654,0.91924185,0.98470724,0.98470724,0.00027382007,0.01654751,0.00090773846
2005-03-07,1.7159453e-05,0.077560134,0.9033335,0.9808936,0.9808936,0.00026647246,0.016323984,0.0008981003
2005-03-08,2.109723e-05,0.08452297,0.8933607,0.97788364,0.97788364,0.00025812566,0.016066289,0.0009539195
2005-03-09,3.1513162e-05,0.13560444,0.8238931,0.9594975,0.9594975,0.00026525967,0.016286794,0.00077805493
2005-03-10,1.6914935e-05,0.068690374,0.9144506,0.98314095,0.98314095,0.00025132325,0.015853178,0.0010033146
2005-03-11,1.8156992e-05,0.06643669,0.9176087,0.9840454,0.9840454,0.00028292267,0.016820306,0.0011380402
2005-03-14,2.682479e-05,0.121817045,0.84414613,0.9659632,0.9659632,0.00029530883,0.017184552,0.000788111
2005-03-15,1.4287796e-05,0.06803693,0.91596305,0.98399997,0.98399997,0.00028657663,0.016928574,0.00089298544
2005-03-16,2.2389877e-05,0.08328407,0.8945079,0.97779197,0.97779197,0.00027695124,0.016641852,0.0010081881
2005-03-17,2.7989578e-05,0.1438767,0.8158895,0.95976615,0.95976615,0.00032239556,0.017955378,0.00069567235
2005-03-18,1.4141007e-05,0.06560778,0.9189271,0.98453486,0.98453486,0.00029127242,0.017066704,0.0009143795
2005-03-21,1.2780398e-05,0.06275426,0.9228621,0.9856164,0.9856164,0.00028372608,0.01684417,0.0008885387
2005-03-22,1.9383455e-05,0.073195845,0.90801454,0.9812104,0.98121035,0.0002748722,0.01657927,0.0010316061
2005-03-23,1.1415498e-05,0.06038266,0.9262777,0.98666036,0.98666036,0.0002773724,0.0166545,0.0008557577
2005-03-24,1.10643805e-05,0.059954025,0.92690927,0.9868633,0.9868633,0.00036819626,0.019188441,0.0008422506
2005-03-28,1.4595174e-05,0.07430594,0.9082761,0.98258203,0.98258203,0.0003733642,0.019322634,0.00083793787
2005-03-29,1.0878412e-05,0.059397362,0.9276847,0.98708206,0.98708206,0.00036987598,0.01923216,0.00084211683
2005-03-30,1.3363198e-05,0.067323565,0.9171913,0.9845149,0.9845149,0.00035457255,0.018830096,0.00086297095
2005-03-31,1.8663168e-05,0.13555793,0.83593386,0.9714918,0.9714918,0.0003400446,0.018440299,0.00065465993
2005-04-01,1.7626813e-05,0.14283209,0.82735014,0.97018224,0.97018224,0.00039135857,0.019782785,0.0005911515
2005-04-04,1.6017826e-05,0.085101545,0.89452535,0.9796269,0.9796269,0.0004965759,0.022283982,0.00078622403
2005-04-05,1.1127163e-05,0.060159855,0.9265944,0.98675424,0.98675424,0.00046216894,0.021498116,0.0008400546
2005-04-06,1.3379879e-05,0.06377888,0.921522,0.9853009,0.9853009,0.00045758256,0.02139118,0.0009102515
2005-04-07,1.1700656e-05,0.060887784,0.925555,0.98644274,0.9864428,0.00043589476,0.020878093,0.0008630549
2005-04-08,2.8537821e-05,0.07957225,0.90108615,0.9806584,0.9806584,0.00047706143,0.021841737,0.0014754642
2005-04-11,1.5335254e-05,0.06300629,0.9224827,0.985489,0.985489,0.0004761858,0.021821681,0.0010568028
2005-04-12,1.009153e-05,0.059280444,0.927874,0.9871545,0.9871545,0.00045773954,0.021394849,0.0007856072
2005-04-13,1.0593799e-05,0.058310483,0.9291962,0.9875067,0.9875067,0.00050864153,0.022553083,0.00084795756
2005-04-14,1.8829744e-05,0.0647773,0.92007446,0.9848518,0.9848518,0.0005443303,0.023330886,0.0012430332
2005-04-15,1.2732386e-05,0.09549431,0.88583714,0.98133147,0.98133147,0.0005399937,0.023237765,0.00068202394
2005-04-18,1.1729871e-05,0.058962926,0.9282617,0.98722464,0.98722464,0.0005068087,0.022512412,0.00091816357
2005-04-19,1.1445044e-05,0.05883763,0.9284481,0.98728573,0.98728573,0.00048258505,0.021967819,0.0009001733
2005-04-20,1.0091518e-05,0.16658884,0.80793643,0.9745253,0.9745253,0.00054079597,0.02325502,0.0003961384
2005-04-21,1.1569526e-05,0.06320626,0.9228277,0.986034,0.986034,0.00044816924,0.021170009,0.00082840514
2005-04-22,9.603005e-06,0.14095362,0.8385249,0.9794785,0.9794785,0.00049304066,0.022204518,0.000467948
2005-04-25,8.080883e-06,0.13990399,0.842147,0.98205096,0.982051,0.00048806387,0.022092167,0.00045021245
2005-04-26,9.062292e-06,0.058403097,0.92931956,0.98772264,0.98772264,0.00045122637,0.02124209,0.00073813
2005-04-27,1.1759698e-05,0.06558018,0.91993713,0.9855173,0.9855173,0.00043129164,0.020767562,0.0008119838
2005-04-28,2.0253274e-05,0.11073141,0.8730857,0.9838171,0.9838171,0.0005672908,0.023817867,0.0012515232
2005-04-29,9.961261e-06,0.07714552,0.908207,0.9853525,0.9853525,0.0005164507,0.02272555,0.00068006635
2005-05-02,1.4667016e-05,0.05996993,0.92676544,0.98673534,0.98673534,0.0006064309,0.02462582,0.0011057216
2005-05-03,8.4692465e-06,0.110798985,0.87247145,0.9832704,0.9832704,0.000610116,0.024700526,0.00050624344
2005-05-04,1.3774702e-05,0.059794404,0.92721176,0.9870062,0.9870062,0.0006309091,0.025117904,0.001060097
2005-05-05,9.753216e-06,0.0603284,0.92697126,0.9872997,0.9872997,0.000607968,0.024657007,0.00076795043
2005-05-06,9.763198e-06,0.058075298,0.9295558,0.9876311,0.9876311,0.0005845279,0.024177011,0.0007893333
2005-05-09,1.0324909e-05,0.058219794,0.92933315,0.98755294,0.98755294,0.000553426,0.023525007,0.0008295059
2005-05-10,9.525761e-06,0.05899542,0.92839897,0.9873944,0.9873944,0.0005492074,0.023435174,0.0007556765
2005-05-11,9.418313e-06,0.058083534,0.9295558,0.9876393,0.9876393,0.0005194259,0.022790916,0.0007619568
2005-05-12,9.439916e-06,0.059295647,0.9285689,0.98786455,0.98786455,0.0005511543,0.023476675,0.00077787956
2005-05-13,2.3331502e-05,0.092092045,0.89138407,0.9834761,0.9834761,0.0006106416,0.024711164,0.0014119854
2005-05-16,1.2621028e-05,0.059686936,0.9273302,0.98701715,0.98701715,0.0005681943,0.023836827,0.0009721311
2005-05-17,1.3452295e-05,0.059464883,0.92750967,0.98697454,0.98697454,0.00053965405,0.023230456,0.0010327691
2005-05-18,1.0175329e-05,0.058081895,0.929533,0.98761487,0.98761487,0.0005170185,0.022738041,0.00082157634
2005-05-19,1.3002102e-05,0.058717463,0.9285508,0.98726827,0.98726827,0.000566008,0.023790922,0.001021236
2005-05-20,1.3729621e-05,0.059380695,0.9276066,0.9869873,0.9869873,0.00054165296,0.023273438,0.0010550934
2005-05-23,1.4329953e-05,0.059356093,0.92763233,0.9869884,0.9869884,0.0005166357,0.022729622,0.0011013235
2005-05-24,1.1874711e-05,0.05931676,0.9281516,0.98746836,0.98746836,0.0006358527,0.02521612,0.0009475785
2005-05-25,9.439312e-06,0.060169082,0.92769325,0.98786235,0.98786235,0.00060807244,0.024659125,0.00077768846
2005-05-26,6.732152e-06,0.13169165,0.85229534,0.983987,0.983987,0.0006135765,0.024770476,0.00042041723
2005-05-27,8.0195405e-06,0.089100085,0.8981853,0.9872854,0.9872854,0.0005296967,0.023015141,0.00063073356
2005-05-31,6.7390615e-06,0.070649005,0.91764057,0.9882896,0.9882896,0.0005068666,0.022513699,0.0005754764
2005-06-01,7.6053507e-06,0.06384845,0.92443043,0.98827887,0.98827887,0.00047216416,0.021729339,0.0006488579
2005-06-02,9.624036e-06,0.22790058,0.72404265,0.9519432,0.9519432,0.0005981964,0.024458054,0.00020026384
2005-06-03,6.4317646e-06,0.08601955,0.902014,0.9880336,0.9880336,0.0005179308,0.022758093,0.000537485
2005-06-06,6.2859217e-06,0.23317747,0.7325849,0.9657624,0.9657624,0.0005296855,0.023014897,0.0001835969
2005-06-07,6.175939e-06,0.16278215,0.82049346,0.9832756,0.9832756,0.00041810953,0.020447727,0.00036927697
2005-06-08,8.40355e-06,0.07334946,0.91331613,0.9866656,0.9866656,0.00037989987,0.01949102,0.00063021615
2005-06-09,9.505152e-06,0.058071036,0.92957056,0.9876416,0.9876416,0.00039482838,0.019870289,0.0007691231
2005-06-10,1.603081e-05,0.21878196,0.7244169,0.94319886,0.94319886,0.0004372715,0.020911038,0.00028222692
2005-06-13,9.536548e-06,0.058071565,0.92956877,0.9876403,0.9876403,0.00037546482,0.019376915,0.0007715854
2005-06-14,1.11757445e-05,0.21258412,0.7498142,0.96239835,0.96239835,0.00044186384,0.021020558,0.0002972142
2005-06-15,9.617038e-06,0.05989363,0.9273192,0.98721284,0.98721284,0.00037035157,0.01924452,0.00075208535
2005-06-16,1.1703356e-05,0.07364585,0.91049284,0.98413867,0.98413867,0.00035912715,0.01895065,0.0007378545
2005-06-17,1.4960705e-05,0.11928046,0.85696083,0.9762413,0.9762413,0.00036195156,0.019025024,0.0006296935
2005-06-20,1.7731332e-05,0.18428501,0.7758795,0.96016455,0.96016455,0.00045206098,0.021261726,0.00044511436
2005-06-21,2.4282672e-05,0.12283419,0.8451587,0.9679929,0.9679929,0.00041014492,0.020252034,0.0007586652
2005-06-22,1.4453227e-05,0.06744816,0.9166239,0.984072,0.984072,0.00037915172,0.019471819,0.0009074117
2005-06-23,1.8082768e-05,0.08914819,0.8888825,0.9780307,0.9780307,0.00037537518,0.019374602,0.0008230919
2005-06-24,1.7425913e-05,0.21298108,0.7351819,0.94816303,0.94816303,0.00039647447,0.019911667,0.00033616766
2005-06-27,1.1219417e-05,0.061744362,0.9244845,0.9862288,0.9862288,0.00031877024,0.017854137,0.0008147028
2005-06-28,2.8364186e-05,0.11663702,0.84878385,0.9654209,0.96542084,0.00031393024,0.017718077,0.0008202697
2005-06-29,9.455876e-06,0.058070224,0.9295735,0.9876437,0.9876437,0.00047825734,0.021869095,0.0007652688
2005-06-30,1.1877651e-05,0.06422583,0.9216581,0.98588395,0.98588395,0.00046988175,0.021676756,0.0008414288
2005-07-01,1.5259946e-05,0.07236851,0.9107721,0.9831406,0.9831406,0.00045682697,0.02137351,0.0009051292
2005-07-05,1.680187e-05,0.2168127,0.72509015,0.9419029,0.9419029,0.00054034055,0.023245227,0.00028920313
2005-07-06,8.790021e-06,0.14183743,0.8387616,0.98059905,0.98059905,0.0004508405,0.021233005,0.00045307155
2005-07-07,1.4231156e-05,0.22493199,0.7148757,0.93980765,0.93980765,0.0004959843,0.022270704,0.000236428
2005-07-08,1.306689e-05,0.06496876,0.9200734,0.98504215,0.98504215,0.00038806043,0.01969925,0.00087358104
2005-07-11,1.0890953e-05,0.060152315,0.9266127,0.98676497,0.98676497,0.00039238794,0.019808784,0.0008228882
2005-07-12,1.191522e-05,0.061901044,0.9241837,0.98608476,0.98608476,0.0003834599,0.019582132,0.0008562712
2005-07-13,2.341517e-05,0.21269998,0.7199893,0.9326893,0.9326893,0.0004155499,0.020385042,0.00034786703
2005-07-14,1.1119165e-05,0.060506027,0.9261016,0.9866077,0.9866077,0.0003454,0.01858494,0.0008302637
2005-07-15,1.10543215e-05,0.05989967,0.9269741,0.9868738,0.9868738,0.00041726828,0.020427145,0.0008421574
2005-07-18,1.991128e-05,0.1168116,0.85565174,0.97246337,0.97246337,0.00039921212,0.019980293,0.0007230834
2005-07-19,9.909515e-06,0.0581803,0.92940605,0.9875863,0.9875863,0.0003830467,0.019571578,0.0007982737
2005-07-20,1.3532245e-05,0.06632905,0.9182735,0.9846026,0.9846026,0.00036619732,0.019136284,0.0008788639
2005-07-21,1.0320024e-05,0.05814553,0.92943835,0.9875839,0.9875839,0.0003613594,0.019009456,0.00083117915
2005-07-22,1.0849622e-05,0.058359914,0.9291187,0.9874786,0.9874786,0.00034900138,0.018681578,0.00086648733
2005-07-25,1.5512256e-05,0.08576513,0.89396775,0.9797329,0.9797329,0.00037462526,0.01935524,0.00076538994
2005-07-26,2.0381174e-05,0.08782317,0.89038116,0.9782043,0.9782043,0.00035321302,0.018793963,0.0009351011
2005-07-27,1.2520082e-05,0.063558124,0.9220509,0.985609,0.985609,0.00033574452,0.018323332,0.0008699936
2005-07-28,1.6964399e-05,0.081736326,0.8987991,0.98053545,0.98053545,0.00032229043,0.01795245,0.0008715535
2005-07-29,2.348785e-05,0.11007795,0.8613149,0.97139287,0.97139287,0.00032199256,0.017944152,0.0008210488
2005-08-01,1.5437432e-05,0.069869414,0.9133568,0.9832262,0.9832262,0.00031231652,0.01767248,0.00092032895
2005-08-02,3.500425e-05,0.20386444,0.7227508,0.92661524,0.92661524,0.00031888753,0.017857423,0.00047699615
2005-08-03,2.0684154e-05,0.09649068,0.8787333,0.97522396,0.97522396,0.00027046684,0.016445877,0.000834845
2005-08-04,1.2639125e-05,0.063568115,0.9218527,0.9854208,0.9854208,0.0002863061,0.016920583,0.00086692994
2005-08-05,2.7113158e-05,0.13160251,0.83225423,0.96385676,0.96385676,0.00028091847,0.016760623,0.0007501584
2005-08-08,2.8120874e-05,0.1387906,0.8228473,0.9616379,0.9616379,0.00028973355,0.017021561,0.0007330382
2005-08-09,3.360264e-05,0.19835271,0.7318726,0.9302253,0.9302253,0.0003573781,0.018904446,0.0004815878
2005-08-10,1.7091717e-05,0.07594311,0.90519917,0.9811423,0.9811423,0.00033369227,0.018267246,0.0009063513
2005-08-11,2.4369661e-05,0.21726155,0.7007254,0.9179869,0.9179869,0.000380248,0.019499948,0.00029714362
2005-08-12,2.0298785e-05,0.21808514,0.7185708,0.936656,0.936656,0.00033061468,0.018182812,0.00032045314
2005-08-15,2.64662e-05,0.16797021,0.78610826,0.9540785,0.95407844,0.00031191792,0.017661199,0.00057633565
2005-08-16,2.0477226e-05,0.07811168,0.90152705,0.9796387,0.9796387,0.0002855828,0.016899195,0.0010056932
2005-08-17,3.4107863e-05,0.13376535,0.82422894,0.9579943,0.9579943,0.000278693,0.0166941,0.00081198144
2005-08-18,1.39080375e-05,0.06183555,0.92413586,0.9859714,0.9859714,0.0005228936,0.022866867,0.0009914053
2005-08-19,3.867178e-05,0.10884173,0.85554594,0.96438766,0.96438766,0.0004971332,0.022296483,0.0010859094
2005-08-22,1.836202e-05,0.1948428,0.7580861,0.9529289,0.9529289,0.00057619874,0.02400414,0.00039009115
2005-08-23,1.774438e-05,0.09241089,0.88620126,0.9786121,0.9786122,0.0004554949,0.021342326,0.0008296467
2005-08-24,2.1370706e-05,0.14388338,0.8227829,0.9666662,0.9666662,0.0004226878,0.020559372,0.0006411126
2005-08-25,2.4943092e-05,0.20274235,0.73678076,0.9395231,0.9395231,0.00045180705,0.021255754,0.00041244
2005-08-26,2.5419171e-05,0.0991364,0.8726216,0.971758,0.971758,0.0003588833,0.018944215,0.0009000488
2005-08-29,1.4095723e-05,0.06577616,0.91876274,0.9845389,0.9845389,0.00038063838,0.019509956,0.00091169024
2005-08-30,4.165369e-05,0.16896209,0.7632921,0.9322542,0.9322542,0.00038025845,0.019500216,0.0006148527
2005-08-31,3.8948852e-05,0.19618736,0.59565645,0.79184383,0.79184383,0.0005741628,0.023961695,0.0001871136
2005-09-01,1.9061357e-05,0.076407224,0.9036814,0.9800886,0.9800886,0.00041299,0.020322155,0.00095730834
2005-09-02,0.00013332466,0.17677589,0.53205484,0.7088307,0.7088307,0.00039647965,0.019911796,0.00045789397
2005-09-06,4.806697e-05,0.11875816,0.8537468,0.9725049,0.9725049,0.0004825609,0.02196727,0.0017482021
2005-09-07,4.291875e-05,0.11383063,0.85216373,0.96599436,0.96599436,0.00053048844,0.023032336,0.0012621067
2005-09-08,1.0143999e-05,0.058401026,0.92910445,0.9875055,0.9875055,0.0005640861,0.023750497,0.00081187685
2005-09-09,1.3718752e-05,0.06708897,0.9172939,0.98438287,0.98438287,0.00053439295,0.02311694,0.0008784424
2005-09-12,1.6002637e-05,0.06457068,0.9202726,0.98484325,0.98484325,0.0005068508,0.022513347,0.0010558096
2005-09-13,1.5707381e-05,0.0625481,0.92304564,0.98559374,0.98559374,0.00049175933,0.022175647,0.0010903161
2005-09-14,2.6321313e-05,0.08369552,0.89281076,0.9765063,0.9765063,0.0004704884,0.021690745,0.0011203559
2005-09-15,2.6655774e-05,0.14820355,0.810865,0.95906854,0.95906854,0.0005250212,0.022913342,0.00065122946
2005-09-16,1.1875817e-05,0.060989138,0.92542106,0.9864102,0.9864102,0.00045682024,0.021373354,0.0008738773
2005-09-19,2.4106053e-05,0.06840979,0.9146633,0.9830731,0.9830731,0.00048121135,0.02193653,0.0014241282
2005-09-20,2.926062e-05,0.20209928,0.61164796,0.8137472,0.8137472,0.0007724786,0.027793499,0.00015710166
2005-09-21,1.5848575e-05,0.07103074,0.9122308,0.9832615,0.9832615,0.00056435703,0.0237562,0.0009468351
2005-09-22,1.4764389e-05,0.19330938,0.7690886,0.962398,0.962398,0.00053560274,0.023143092,0.00039264894
2005-09-23,1.403156e-05,0.14758666,0.8252615,0.9728481,0.9728481,0.0004310325,0.020761322,0.00051678036
2005-09-26,9.8573755e-06,0.058076832,0.9295505,0.9876274,0.9876274,0.00055671495,0.023594808,0.00079670927
2005-09-27,2.667314e-05,0.21767402,0.6956036,0.9132776,0.9132776,0.00056318124,0.02373144,0.0003075693
2005-09-28,1.5912716e-05,0.09086598,0.8878237,0.9786897,0.9786897,0.00044821313,0.021171045,0.0007467137
2005-09-29,2.3695096e-05,0.14687409,0.8111909,0.958065,0.958065,0.00044749008,0.02115396,0.00056504307
2005-09-30,1.8709328e-05,0.09751748,0.8801953,0.9777128,0.9777128,0.0003926573,0.019815583,0.00083946553
2005-10-03,2.1461183e-05,0.07243123,0.9092238,0.981655,0.981655,0.00037138193,0.019271271,0.0011698656
2005-10-04,2.726366e-05,0.09237529,0.8830838,0.9754591,0.9754591,0.00036944041,0.019220833,0.0011109478
2005-10-05,1.2355097e-05,0.061228126,0.92503786,0.986266,0.986266,0.00040900812,0.02022395,0.00089960045
2005-10-06,2.323143e-05,0.06841503,0.91442114,0.9828362,0.9828362,0.00041001942,0.020248936,0.0013535122
2005-10-07,1.7534023e-05,0.061967768,0.9238039,0.9857717,0.9857717,0.00043522695,0.020862093,0.0012323357
2005-10-10,1.6215741e-05,0.06718898,0.91675824,0.9839472,0.9839472,0.00042313442,0.020570232,0.0010101515
2005-10-11,1.5666226e-05,0.06299743,0.9223962,0.9853936,0.98539364,0.00040418038,0.020104237,0.0010725579
2005-10-12,1.6200087e-05,0.0904973,0.8877454,0.9782427,0.9782427,0.00043567526,0.020872835,0.0007445815
2005-10-13,1.26684345e-05,0.062489185,0.92337716,0.98586637,0.98586637,0.00041030868,0.020256078,0.00089633255
2005-10-14,1.9055953e-05,0.06574218,0.9184331,0.9841753,0.9841753,0.0004087386,0.020217285,0.0012041923
2005-10-17,9.810061e-06,0.05807606,0.92955315,0.98762923,0.98762923,0.00039805274,0.01995126,0.00079300354
2005-10-18,1.5645246e-05,0.11507191,0.8595548,0.9746267,0.9746267,0.000422189,0.02054724,0.00061660324
2005-10-19,1.2177595e-05,0.05902212,0.92813873,0.98716086,0.98716086,0.00041760987,0.020435505,0.00094847445
2005-10-20,1.23560085e-05,0.060405772,0.92619044,0.9865962,0.9865962,0.00040947343,0.02023545,0.0009218306
2005-10-21,1.4098357e-05,0.05970425,0.927117,0.98682123,0.98682123,0.0004224544,0.020553695,0.0010697782
2005-10-24,1.0209871e-05,0.058356993,0.9291394,0.9874964,0.9874964,0.00040853507,0.02021225,0.00081655296
2005-10-25,1.3357344e-05,0.059631675,0.92726684,0.98689854,0.98689854,0.0003914752,0.019785732,0.001019531
2005-10-26,2.0042216e-05,0.11316341,0.8561399,0.9693033,0.9693033,0.00044653218,0.021131309,0.0006529113
2005-10-27,1.2781302e-05,0.058545697,0.92879766,0.9873434,0.9873434,0.0004985585,0.022328423,0.0010098504
2005-10-28,1.1154937e-05,0.05917413,0.9279434,0.9871175,0.9871175,0.00047856875,0.021876214,0.0008659004
2005-10-31,1.1493993e-05,0.0586018,0.92875195,0.98735374,0.98735374,0.0004554505,0.021341287,0.0009088849
2005-11-01,3.0398767e-05,0.0673221,0.915672,0.9829941,0.9829941,0.0004693142,0.02166366,0.0017875403
2005-11-02,1.469731e-05,0.06333364,0.922081,0.9854146,0.9854146,0.00046024466,0.021453314,0.0010076744
2005-11-03,1.3263803e-05,0.058723915,0.9285302,0.98725414,0.98725414,0.00043931132,0.020959755,0.0010406364
2005-11-04,1.4100014e-05,0.091075085,0.8881193,0.97919434,0.97919434,0.0004857973,0.02204081,0.00067770097
2005-11-07,1.0657606e-05,0.058089275,0.92950726,0.9875965,0.9875965,0.00048144272,0.021941803,0.0008592427
2005-11-08,1.1437485e-05,0.05833613,0.92913395,0.9874701,0.9874701,0.00047854293,0.021875624,0.0009128147
2005-11-09,1.1093843e-05,0.05812516,0.92944324,0.9875684,0.9875684,0.00045690557,0.021375349,0.00089238904
2005-11-10,1.2297286e-05,0.058596104,0.9287393,0.9873354,0.98733544,0.000446179,0.02112295,0.0009709956
2005-11-11,1.857252e-05,0.061152846,0.9249542,0.986107,0.986107,0.00044919105,0.021194128,0.001336825
2005-11-14,1.5068879e-05,0.059702873,0.9271166,0.98681945,0.98681945,0.00043553422,0.020869456,0.001143266
2005-11-15,1.4331879e-05,0.059363183,0.9276138,0.986977,0.986977,0.00041924475,0.020475468,0.0011005036
2005-11-16,1.430478e-05,0.058978967,0.9281432,0.9871222,0.9871222,0.00041268617,0.020314679,0.0011108074
2005-11-17,1.0547569e-05,0.058527105,0.9288865,0.9874136,0.9874136,0.00041138477,0.020282622,0.0008380122
2005-11-18,1.5141806e-05,0.058968317,0.92813194,0.98710024,0.98710024,0.00043656223,0.020894071,0.0011738056
2005-11-21,1.8612483e-05,0.061418816,0.9245511,0.98596996,0.98596996,0.0004211006,0.020520736,0.0013266166
2005-11-22,1.1898532e-05,0.058779262,0.9284861,0.98726535,0.98726535,0.0004532827,0.021290436,0.0009343429
2005-11-23,9.216766e-06,0.060470972,0.9269639,0.9874349,0.9874349,0.00045472,0.021324165,0.00073352247
2005-11-28,1.1130314e-05,0.058096223,0.929483,0.9875792,0.9875792,0.0004310888,0.020762678,0.0008961048
2005-11-29,1.5551177e-05,0.059835795,0.9268929,0.98672867,0.98672867,0.00044390664,0.021069093,0.0011717873
2005-11-30,1.1112678e-05,0.05809597,0.92948383,0.9875798,0.9875798,0.0004410942,0.021002242,0.0008947278
2005-12-01,1.0670363e-05,0.058089465,0.92950654,0.98759604,0.98759604,0.00043276878,0.020803096,0.00086023804
2005-12-02,2.3143568e-05,0.15252534,0.80695236,0.95947766,0.95947766,0.00043530663,0.020864002,0.0005711311
2005-12-05,1.0111975e-05,0.05808174,0.9295353,0.9876171,0.9876171,0.00040514645,0.02012825,0.00081660633
2005-12-06,1.5742795e-05,0.06504951,0.9196379,0.98468745,0.98468745,0.00039212836,0.019802231,0.0010280974
2005-12-07,9.774169e-06,0.058097348,0.92952436,0.9876217,0.9876217,0.00037636337,0.019400086,0.00078962283
2005-12-08,1.013371e-05,0.058081232,0.92953527,0.9876165,0.9876165,0.00036867897,0.019201014,0.00081832224
2005-12-09,1.5392998e-05,0.08468312,0.8948448,0.9795279,0.9795279,0.00038616557,0.019651096,0.0007519009
2005-12-12,1.1533363e-05,0.05810194,0.929463,0.987565,0.987565,0.00039972147,0.019993035,0.0009274906
2005-12-13,1.817678e-05,0.12422424,0.84713346,0.9713577,0.9713577,0.0004404033,0.020985788,0.00063461316
2005-12-14,1.9607896e-05,0.14501207,0.82453114,0.9695432,0.9695432,0.00039135845,0.019782782,0.00064379413
2005-12-15,1.268171e-05,0.061537612,0.92454517,0.9860828,0.9860828,0.0003533914,0.018798707,0.0009112252
2005-12-16,1.0499261e-05,0.058086887,0.9295156,0.9876025,0.9876025,0.00035229663,0.018769566,0.00084688346
2005-12-19,1.3009906e-05,0.05955013,0.9273829,0.986933,0.986933,0.0004009881,0.020024687,0.0009956302
2005-12-20,1.4840998e-05,0.06093587,0.9253752,0.9863111,0.9863111,0.00039477556,0.01986896,0.0010841612
2005-12-21,1.4620742e-05,0.06207358,0.9237588,0.9858324,0.9858324,0.00038757783,0.019686997,0.0010319839
2005-12-22,1.284377e-05,0.06372098,0.9218362,0.9855572,0.9855572,0.00037850838,0.019455291,0.0008892852
2005-12-23,1.3092569e-05,0.058515903,0.92883164,0.98734754,0.98734754,0.00036337945,0.019062513,0.0010347847
2005-12-27,1.1058369e-05,0.058095176,0.92948663,0.9875818,0.9875818,0.00035092921,0.018733105,0.0008904961
2005-12-28,1.720656e-05,0.060224716,0.9262968,0.9865215,0.9865215,0.00033862013,0.018401634,0.0012765913
2005-12-29,7.802645e-06,0.08770024,0.89760816,0.9853084,0.9853084,0.00037776216,0.019436104,0.00053109595
2005-12-30,9.761391e-06,0.05807527,0.92955595,0.9876312,0.9876312,0.00035261834,0.018778134,0.0007891948
2006-01-03,8.865723e-06,0.060467016,0.9270655,0.9875325,0.9875325,0.0003453915,0.018584711,0.0007111065
2006-01-04,1.182718e-05,0.16207774,0.81140876,0.9734865,0.9734865,0.00039727762,0.019931825,0.00044608116
2006-01-05,7.082414e-06,0.071620695,0.9164087,0.9880294,0.9880294,0.00033702247,0.018358171,0.0005916517
2006-01-06,9.7589145e-06,0.058075238,0.9295561,0.9876313,0.9876313,0.00032341582,0.017983766,0.00078900217
2006-01-09,4.5595116e-06,0.1301641,0.85713273,0.9872968,0.9872968,0.00033882045,0.018407077,0.00035892677
2006-01-10,9.345617e-06,0.058913615,0.9288896,0.98780316,0.98780316,0.0003117632,0.017656818,0.0007662327
2006-01-11,8.9604855e-06,0.05865242,0.92912036,0.98777276,0.98777276,0.0002992475,0.017298771,0.0007328299
2006-01-12,8.963182e-06,0.05946855,0.9283159,0.98778445,0.98778445,0.00029145353,0.01707201,0.00073375157
2006-01-13,9.595336e-06,0.058072545,0.9295654,0.987638,0.987638,0.0002795275,0.016719077,0.0007761959
2006-01-17,9.740749e-06,0.058074936,0.9295571,0.98763204,0.98763204,0.00026945208,0.016414996,0.00078757905
2006-01-18,4.737378e-06,0.21494512,0.76358724,0.9785324,0.9785324,0.0003374557,0.018369967,0.00022067544
2006-01-19,1.0543704e-05,0.058087554,0.9295132,0.98760074,0.98760074,0.00027991558,0.016730677,0.0008503497
2006-01-20,4.9205373e-06,0.16725388,0.8174026,0.98465645,0.98465645,0.00028627293,0.016919602,0.000320691
2006-01-23,4.545913e-06,0.22268681,0.7555116,0.9781984,0.9781984,0.00032173074,0.017936854,0.0002085129
2006-01-24,1.01059795e-05,0.0580808,0.9295367,0.9876175,0.9876175,0.00025100878,0.015843257,0.0008161497
2006-01-25,9.133763e-06,0.059583385,0.9279207,0.98750407,0.98750407,0.0002576127,0.016050318,0.00073093874
2006-01-26,1.43822335e-05,0.06798606,0.9180199,0.98600596,0.98600596,0.00026845266,0.016384525,0.0010277401
2006-01-27,9.147229e-06,0.05820193,0.92948,0.9876819,0.9876819,0.0002632492,0.016224956,0.000742586
2006-01-30,6.2814306e-06,0.11863981,0.8668125,0.98545235,0.98545235,0.00028238058,0.016804183,0.0004317833
2006-01-31,9.070726e-06,0.08071723,0.9040683,0.9847855,0.9847855,0.000259486,0.016108569,0.00059618946
2006-02-01,1.0845216e-05,0.058923926,0.9283427,0.9872666,0.9872666,0.00024712598,0.01572024,0.00085171405
2006-02-02,1.8247229e-05,0.06760801,0.9160999,0.9837079,0.9837079,0.0002649411,0.016277011,0.001120005
2006-02-03,1.3225263e-05,0.062432066,0.9245124,0.98694444,0.98694444,0.0003173874,0.01781537,0.0010129983
2006-02-06,9.576385e-06,0.058885027,0.92850566,0.9873907,0.9873907,0.00031337174,0.01770231,0.0007594698
2006-02-07,2.0548345e-05,0.063810036,0.92119116,0.9850012,0.9850012,0.00030159423,0.017366469,0.0013699998
2006-02-08,1.0900328e-05,0.07017329,0.91772616,0.9878994,0.9878994,0.00036271548,0.01904509,0.0009008105
2006-02-09,1.8265591e-05,0.08228547,0.90281135,0.9850968,0.9850968,0.00034925048,0.018688245,0.0012256164
2006-02-10,1.6201533e-05,0.061948568,0.9239439,0.9858925,0.9858924,0.00033363665,0.018265724,0.0011484319
2006-02-13,2.6324884e-05,0.16984782,0.8114276,0.98127544,0.98127544,0.00033456922,0.018291233,0.0014059013
2006-02-14,3.305544e-05,0.090428494,0.89088273,0.9813112,0.9813112,0.0003147478,0.017741133,0.0017687301
2006-02-15,2.6289586e-05,0.06911895,0.9147123,0.9838313,0.9838313,0.00038378243,0.019590367,0.0016259542
2006-02-16,3.0259354e-05,0.0686001,0.91448647,0.9830866,0.9830866,0.0004487081,0.02118273,0.0017890743
2006-02-17,1.1569023e-05,0.058102425,0.92946124,0.98756367,0.98756367,0.00045191954,0.021258399,0.00093026017
2006-02-21,1.0388502e-05,0.05808519,0.92952144,0.98760664,0.98760664,0.0004644161,0.021550316,0.0008382316
2006-02-22,9.7266575e-06,0.058074713,0.9295579,0.98763263,0.98763263,0.0004651473,0.021567274,0.0007864776
2006-02-23,3.006023e-05,0.07259012,0.9098379,0.982428,0.982428,0.0004422783,0.021030413,0.0017106906
2006-02-24,8.918994e-06,0.06016523,0.92786056,0.9880258,0.9880258,0.00043707475,0.020906333,0.00074484997
2006-02-27,9.470313e-06,0.16590515,0.81128037,0.9771855,0.9771855,0.00050208694,0.022407297,0.0004151004
2006-02-28,6.755299e-06,0.1841701,0.8048067,0.9889768,0.98897684,0.0005769542,0.02401987,0.0006128243
2006-03-01,4.5515644e-06,0.11296082,0.87481195,0.98777276,0.98777276,0.00047877902,0.02188102,0.00037224797
2006-03-02,5.3774515e-06,0.102652885,0.88353705,0.98618996,0.98618996,0.00043221953,0.02078989,0.00038938716
2006-03-03,3.6477488e-06,0.20659794,0.7773601,0.983958,0.983958,0.00043669125,0.02089716,0.0002273875
2006-03-06,6.434702e-06,0.08065533,0.90719765,0.987853,0.987853,0.0003475668,0.018643143,0.00052973547
2006-03-07,1.144443e-05,0.058779724,0.9285878,0.9873675,0.9873675,0.0003547425,0.01883461,0.0009059521
2006-03-08,9.037334e-06,0.058462568,0.9292721,0.9877347,0.9877347,0.00035176842,0.01875549,0.0007368198
2006-03-09,1.0547013e-05,0.05817634,0.92938757,0.9875639,0.9875639,0.0003751358,0.019368423,0.000848097
2006-03-10,1.0831272e-05,0.0610256,0.92590374,0.98692936,0.98692936,0.0003622357,0.019032491,0.00082867173
2006-03-13,1.1005406e-05,0.05874047,0.9286014,0.9873419,0.9873419,0.00035085418,0.018731102,0.00086943456
2006-03-14,7.5989988e-06,0.12813595,0.8544893,0.9826253,0.98262525,0.00038793462,0.019696057,0.00043736014
2006-03-15,5.485204e-06,0.2089595,0.7696681,0.9786276,0.9786276,0.0003959416,0.019898282,0.00025664922
2006-03-16,9.840397e-06,0.05807656,0.92955154,0.9876281,0.9876281,0.0003577882,0.01891529,0.000795383
2006-03-17,6.3730668e-06,0.15390098,0.82942396,0.98332494,0.98332494,0.000371015,0.01926175,0.00038219165
2006-03-20,9.612328e-06,0.05807283,0.9295645,0.9876373,0.9876373,0.00034035154,0.01844862,0.0007775254
2006-03-21,9.971801e-06,0.06150252,0.92652434,0.98802686,0.98802686,0.0004116022,0.020287981,0.00083284744
2006-03-22,7.0950446e-06,0.10389732,0.88199466,0.985892,0.985892,0.0003916402,0.019789902,0.00050290924
2006-03-23,7.57221e-06,0.06858341,0.92004997,0.9886334,0.9886334,0.00039154125,0.019787401,0.0006661804
2006-03-24,5.017237e-06,0.18497965,0.79678166,0.98176134,0.98176134,0.00044625392,0.021124722,0.00027508798
2006-03-27,7.522233e-06,0.07922624,0.90783733,0.9870636,0.9870636,0.00036563096,0.01912148,0.0005814775
2006-03-28,9.139424e-06,0.058220264,0.9294654,0.9876857,0.9876857,0.0003397111,0.018431254,0.0007421786
2006-03-29,4.9844593e-06,0.21049382,0.76865137,0.97914517,0.97914517,0.00037417887,0.019343704,0.00023900742
2006-03-30,7.4642517e-06,0.12955426,0.8544041,0.98395836,0.98395836,0.0002989574,0.017290385,0.00046530488
2006-03-31,1.054765e-05,0.11770565,0.86380225,0.9815079,0.9815079,0.000276482,0.016627748,0.00057038676
2006-04-03,1.0258654e-05,0.05877635,0.9285687,0.9873451,0.9873451,0.00025692978,0.01602903,0.00081064674
2006-04-04,1.1711034e-05,0.062737934,0.9231532,0.98589116,0.98589116,0.00024895268,0.015778234,0.00083004957
2006-04-05,9.448086e-06,0.05827797,0.92929447,0.98757243,0.98757243,0.000245457,0.015667068,0.0007602521
2006-04-06,1.1856756e-05,0.066043995,0.9190952,0.9851392,0.9851392,0.00024646026,0.015699053,0.00079785404
2006-04-07,1.3001245e-05,0.066683255,0.9178917,0.9845749,0.9845749,0.00024894558,0.015778009,0.0008428637
2006-04-10,9.675021e-06,0.058073863,0.92956084,0.9876347,0.9876347,0.00024617417,0.01568994,0.00078243436
2006-04-11,9.660331e-06,0.1782431,0.79669964,0.97494274,0.97494274,0.00026081028,0.016149621,0.00038553026
2006-04-12,1.1077632e-05,0.061206535,0.92517215,0.98637867,0.98637867,0.00021932721,0.0148097,0.00081325625
2006-04-13,1.1537743e-05,0.06153807,0.9246901,0.9862282,0.9862282,0.00021582497,0.014690982,0.00083778205
2006-04-17,1.14564555e-05,0.061756585,0.924419,0.9861756,0.9861756,0.0002171539,0.014736142,0.0008287125
2006-04-18,1.31582365e-05,0.11214,0.8666822,0.9788222,0.9788222,0.00022650642,0.01505013,0.0006213213
2006-04-19,1.7403656e-05,0.08584597,0.89308524,0.9789312,0.9789312,0.00022890545,0.015129622,0.0008260388
2006-04-20,1.682574e-05,0.07440396,0.90712667,0.9815306,0.9815306,0.00023258284,0.015250667,0.0009110066
2006-04-21,1.7206738e-05,0.06798358,0.91553897,0.98352253,0.98352253,0.00022861382,0.015119981,0.0010442587
2006-04-24,1.5310055e-05,0.15047202,0.8197583,0.9702303,0.97023034,0.00035540535,0.018852198,0.00051428284
2006-04-25,1.1678861e-05,0.06035621,0.9264323,0.9867885,0.9867885,0.00040085666,0.020021405,0.00088399276
2006-04-26,2.7374293e-05,0.15617093,0.81190693,0.9680779,0.9680779,0.00038551286,0.019634482,0.0008575342
2006-04-27,9.205256e-06,0.058065955,0.92958826,0.9876542,0.9876542,0.00036824567,0.019189728,0.000745619
2006-04-28,1.9690664e-05,0.071343504,0.91266984,0.9840133,0.9840133,0.00036237983,0.019036276,0.0012316918
2006-05-01,1.0685795e-05,0.07504172,0.90959084,0.98463255,0.98463255,0.0003615757,0.019015143,0.0006953526
2006-05-02,6.016811e-06,0.13179184,0.8531906,0.98498243,0.98498243,0.00038560075,0.01963672,0.00040065145
2006-05-03,7.1246036e-06,0.09279907,0.893454,0.9862531,0.9862531,0.00035409207,0.018817334,0.0005182692
2006-05-04,9.556913e-06,0.05839981,0.92930025,0.98770005,0.98770005,0.00041831014,0.020452632,0.00077698764
2006-05-05,8.143589e-06,0.110736415,0.8771607,0.98789716,0.98789716,0.00046246147,0.021504918,0.00067286583
2006-05-08,1.0465741e-05,0.06309146,0.92316395,0.9862554,0.9862554,0.00041502446,0.020372149,0.0007614443
2006-05-09,9.651624e-06,0.058073476,0.9295622,0.9876357,0.9876357,0.00039605805,0.019901207,0.0007806024
2006-05-10,8.53477e-06,0.07742064,0.9084942,0.9859148,0.9859148,0.00038741913,0.019682966,0.00060594
2006-05-11,8.999538e-06,0.13590372,0.8443554,0.9802591,0.9802591,0.00039124727,0.01977997,0.00045588336
2006-05-12,1.2211116e-05,0.067637995,0.9174596,0.9850976,0.9850976,0.00037468912,0.019356888,0.0008194053
2006-05-15,1.22242345e-05,0.05950073,0.9275542,0.98705494,0.98705494,0.00037752456,0.019429991,0.00094431685
2006-05-16,9.750552e-06,0.20074476,0.7857187,0.9864634,0.9864634,0.0004457541,0.021112889,0.0007203117
2006-05-17,9.681624e-06,0.075925715,0.91099876,0.98692447,0.98692447,0.00036043298,0.018985072,0.0007404383
2006-05-18,1.4454355e-05,0.06507213,0.92113703,0.98620915,0.98620915,0.00034942437,0.018692896,0.0010481123
2006-05-19,7.977614e-06,0.062032655,0.92612404,0.9881567,0.9881567,0.0003436607,0.018538088,0.0006735959
2006-05-22,8.872359e-06,0.059016477,0.9288263,0.98784274,0.98784274,0.00033767926,0.01837605,0.00072979915
2006-05-23,9.632047e-06,0.058124304,0.9294946,0.9876189,0.9876189,0.0003283306,0.018119896,0.00077796524
2006-05-24,6.0525567e-06,0.17703421,0.80358624,0.98062044,0.98062044,0.00038870441,0.019715589,0.00031231658
2006-05-25,9.539647e-06,0.10602495,0.8821387,0.98816365,0.9881637,0.00044815958,0.02116978,0.0008059619
2006-05-26,3.7269629e-06,0.18820895,0.79699177,0.9852007,0.9852007,0.0004491981,0.021194294,0.0002518338
2006-05-30,6.963083e-06,0.06477293,0.92402494,0.98879784,0.9887979,0.0003617744,0.019020367,0.0006215841
2006-05-31,3.9014876e-06,0.14549027,0.84226084,0.9877511,0.9877511,0.00034645962,0.018613426,0.00031851808
2006-06-01,9.7966495e-06,0.05915739,0.9283041,0.98746145,0.98746145,0.0003119499,0.017662104,0.0007813222
2006-06-02,1.0062523e-05,0.060528014,0.92657775,0.9871058,0.9871058,0.0003104094,0.01761844,0.00078039063
2006-06-05,6.7436195e-06,0.14857867,0.8338717,0.9824504,0.98245037,0.00034399013,0.01854697,0.00038426113
2006-06-06,1.0955892e-05,0.08519206,0.89939106,0.98458314,0.98458314,0.00029539454,0.017187046,0.00071064354
2006-06-07,8.21901e-06,0.06206184,0.9257979,0.9878597,0.9878597,0.00027685374,0.016638922,0.00067700364
2006-06-08,2.2278546e-05,0.07394823,0.9096185,0.9835667,0.9835667,0.0002993402,0.017301451,0.0013556953
2006-06-09,8.225224e-06,0.06309511,0.9246547,0.9877498,0.9877498,0.0002980815,0.017265037,0.00067143666
2006-06-12,1.0909508e-05,0.11348134,0.867663,0.98114437,0.98114437,0.0003038229,0.017430516,0.0005785809
2006-06-13,9.07593e-06,0.059019484,0.9288144,0.9878339,0.9878339,0.00031181506,0.017658286,0.00074600265
2006-06-14,1.6572729e-05,0.084926285,0.9001124,0.9850387,0.9850387,0.00033906524,0.018413724,0.0011077063
2006-06-15,9.472598e-06,0.058070507,0.9295725,0.987643,0.987643,0.00032746044,0.018095868,0.0007665777
2006-06-16,1.01768865e-05,0.058119964,0.9294791,0.9875991,0.9875991,0.0003152966,0.017756592,0.00082065543
2006-06-19,9.598175e-06,0.058072597,0.9295653,0.9876379,0.9876379,0.0003048188,0.017459061,0.000776418
2006-06-20,1.3833121e-05,0.06084627,0.9256141,0.9864604,0.9864604,0.00030306733,0.01740883,0.0010216777
2006-06-21,1.8679446e-05,0.066417225,0.9176103,0.9840275,0.9840275,0.00029439724,0.017158007,0.0011694757
2006-06-22,8.1940325e-06,0.07311995,0.9135377,0.9866576,0.9866576,0.00031465912,0.017738633,0.0006141357
2006-06-23,9.386135e-06,0.06484916,0.9220349,0.98688406,0.98688406,0.00029921663,0.017297879,0.000715628
2006-06-26,9.24346e-06,0.058144428,0.92952263,0.9876671,0.9876671,0.00028527656,0.016890133,0.0007494951
2006-06-27,7.506226e-06,0.068360075,0.9193891,0.9877492,0.9877492,0.00028393941,0.016850501,0.0006127141
2006-06-28,7.851591e-06,0.061970863,0.9263256,0.9882965,0.9882965,0.00026869716,0.016391985,0.000670876
2006-06-29,9.559627e-06,0.058447648,0.9292615,0.98770916,0.98770916,0.00025751567,0.016047295,0.00077778497
2006-06-30,6.6003936e-06,0.14488879,0.83816314,0.9830519,0.9830519,0.00026783315,0.016365608,0.00038944732
2006-07-05,7.700191e-06,0.06210836,0.92630255,0.9884109,0.9884109,0.00023630279,0.015372143,0.00066443335
2006-07-06,7.7306295e-06,0.23493178,0.7128534,0.94778514,0.94778514,0.00024245841,0.015571076,0.0001480542
2006-07-07,6.8423437e-06,0.06700532,0.92152643,0.98853177,0.98853177,0.00018075969,0.01344469,0.0005966346
2006-07-10,8.406177e-06,0.0600881,0.927961,0.9880491,0.9880491,0.0001871397,0.013679901,0.0007033922
2006-07-11,9.713956e-06,0.07315167,0.9142976,0.9874492,0.9874492,0.00018479244,0.013593839,0.0007739729
2006-07-12,7.3453725e-06,0.13294193,0.8503201,0.983262,0.98326206,0.00018246757,0.013508055,0.00043884417
2006-07-13,6.949563e-06,0.07018497,0.9179343,0.98811924,0.98811924,0.00017676422,0.0132952705,0.00058494287
2006-07-14,8.4568655e-06,0.18293053,0.7931151,0.9760456,0.9760456,0.00020582778,0.014346699,0.0003530403
2006-07-17,9.679984e-06,0.07120436,0.914695,0.9858994,0.9858994,0.00017470996,0.013217789,0.00068649394
2006-07-18,1.1299098e-05,0.0585839,0.9287858,0.9873697,0.9873697,0.00020699966,0.014387483,0.00089460367
2006-07-19,7.4800587e-06,0.06305079,0.92551154,0.98856235,0.98856235,0.00023699016,0.015394485,0.00065398536
2006-07-20,8.116918e-06,0.061797235,0.926386,0.98818326,0.98818326,0.00023631996,0.015372702,0.00068689993
2006-07-21,9.089683e-06,0.058507424,0.92923343,0.9877409,0.9877409,0.00022892712,0.015130337,0.0007414626
2006-07-24,7.296741e-06,0.09709037,0.88848335,0.9855737,0.9855737,0.00024091228,0.015521349,0.00050579465
2006-07-25,8.877193e-06,0.072721526,0.91365266,0.9863742,0.9863742,0.00022764635,0.015087954,0.00065149885
2006-07-26,9.048656e-06,0.059112705,0.92873955,0.9878523,0.9878523,0.00023968032,0.015481613,0.00074488483
2006-07-27,1.2278696e-05,0.07059882,0.9138068,0.98440564,0.98440564,0.00023197147,0.01523061,0.0007873804
2006-07-28,1.4806604e-05,0.08710539,0.8945638,0.9816692,0.9816692,0.00022859928,0.0151195,0.000807744
2006-07-31,9.278442e-06,0.058067206,0.9295839,0.9876511,0.9876511,0.00024700246,0.015716312,0.0007513584
2006-08-01,1.7558532e-05,0.07330104,0.9086427,0.9819437,0.9819437,0.0002527955,0.015899545,0.0009724339
2006-08-02,0.00014853424,0.18331373,0.6865954,0.8699091,0.8699091,0.00025044577,0.015825478,0.0011417727
2006-08-03,1.02646045e-05,0.18702723,0.7851127,0.9721399,0.9721399,0.00034560222,0.01859038,0.0003684338
2006-08-04,2.1505493e-05,0.072036706,0.9098397,0.9818764,0.9818764,0.00028602922,0.016912399,0.0011865998
2006-08-07,1.1630842e-05,0.06496308,0.9205991,0.9855622,0.9855622,0.00028832705,0.016980195,0.000805583
2006-08-08,1.8593022e-05,0.20125106,0.7519504,0.9532014,0.9532014,0.00033179054,0.018215118,0.0003972988
2006-08-09,9.108619e-06,0.07133453,0.91492707,0.9862616,0.9862616,0.00028431191,0.01686155,0.0006630047
2006-08-10,2.0342553e-05,0.08372069,0.8963801,0.9801008,0.9801008,0.0002692391,0.016408507,0.0010222805
2006-08-11,2.3973113e-05,0.19163963,0.7879766,0.9796163,0.9796163,0.0003447611,0.018567743,0.0011760914
2006-08-14,1.4903838e-05,0.09360233,0.8851783,0.9787807,0.9787806,0.00029948362,0.017305596,0.00070237136
2006-08-15,3.9923318e-05,0.07995512,0.8989436,0.9788987,0.9788987,0.00029201253,0.017088374,0.0018919841
2006-08-16,8.298773e-06,0.06815974,0.91899127,0.987151,0.987151,0.0003061097,0.017495992,0.00064587046
2006-08-17,1.3080033e-05,0.06122041,0.9255694,0.9867898,0.9867898,0.00030759882,0.017538495,0.0009901482
2006-08-18,1.747708e-05,0.07216321,0.91321313,0.98537636,0.98537636,0.00033924368,0.01841857,0.0011951249
2006-08-21,1.0110209e-05,0.066544384,0.91941464,0.98595905,0.98595905,0.0003436447,0.018537655,0.00072005176
2006-08-22,1.3154781e-05,0.1175704,0.8634076,0.980978,0.980978,0.00034764322,0.018645193,0.0006915566
2006-08-23,8.389128e-06,0.061469316,0.92628133,0.98775065,0.98775065,0.00031390414,0.01771734,0.0006848631
2006-08-24,2.2713564e-05,0.15109688,0.83095247,0.98204935,0.98204935,0.00030843576,0.01756234,0.0012653335
2006-08-25,9.202289e-06,0.12640253,0.85682213,0.9832247,0.98322463,0.00028889359,0.01699687,0.0005485615
2006-08-28,9.094236e-06,0.059535664,0.9281163,0.987652,0.987652,0.0002571572,0.016036121,0.00073649484
2006-08-29,5.597954e-05,0.079436764,0.8972311,0.9766679,0.9766679,0.0002904981,0.017044006,0.002399248
2006-08-30,9.970497e-06,0.0583432,0.92932874,0.9876719,0.9876719,0.00033018552,0.018171007,0.0008087626
2006-08-31,2.003545e-05,0.06369596,0.9211823,0.98487824,0.98487824,0.00031792116,0.017830344,0.0013249419
2006-09-01,1.0984115e-05,0.06473776,0.9229645,0.98770225,0.98770225,0.00031348772,0.017705584,0.0008931809
2006-09-04,1.7426162e-05,0.068809055,0.91676396,0.985573,0.985573,0.0003160455,0.017777668,0.0012078849
2006-09-05,1.4847701e-05,0.062036544,0.9247813,0.98681784,0.98681784,0.00032774225,0.018103654,0.0011263478
2006-09-06,1.6490696e-05,0.072385155,0.9135003,0.98588544,0.98588544,0.00032216258,0.017948888,0.0011683465
2006-09-07,1.2762749e-05,0.05848834,0.92887986,0.9873682,0.9873682,0.00033026253,0.018173127,0.0010103687
2006-09-08,1.5986576e-05,0.059973367,0.9267009,0.98667425,0.98667425,0.00032003174,0.01788943,0.0011996754
2006-09-11,1.9436553e-05,0.066373356,0.91953343,0.9859068,0.9859068,0.00032841676,0.018122273,0.001379142
2006-09-12,1.9316798e-05,0.06155966,0.9243603,0.98591995,0.98591995,0.00032799202,0.01811055,0.0013719271
2006-09-13,1.8273497e-05,0.060652517,0.92567694,0.98632944,0.98632944,0.00037370285,0.019331396,0.001336704
2006-09-14,2.364454e-05,0.0632445,0.92179406,0.9850386,0.9850386,0.00036476582,0.019098843,0.0015803672
2006-09-15,3.8855356e-05,0.06858504,0.9133254,0.98191047,0.98191047,0.000369039,0.019210387,0.002147947
2006-09-18,1.27892845e-05,0.058175467,0.92932385,0.9874993,0.9874993,0.0003760624,0.019392328,0.0010230852
2006-09-19,2.0848276e-05,0.06282651,0.92246354,0.98529005,0.98529005,0.0003652519,0.019111564,0.0014172908
2006-09-20,2.1879116e-05,0.106230095,0.87852174,0.9847518,0.9847518,0.00043193615,0.020783074,0.0014348674
2006-09-21,4.3178286e-05,0.07608958,0.9045889,0.98067844,0.98067844,0.00044337744,0.02105653,0.0022347204
2006-09-22,1.9698424e-05,0.06327367,0.9218256,0.98509926,0.98509926,0.00046967663,0.021672023,0.0013219758
2006-09-25,1.6633005e-05,0.05939034,0.92749876,0.9868891,0.9868891,0.0004715262,0.021714654,0.0012686418
2006-09-26,2.7322638e-05,0.06863095,0.914949,0.98357993,0.98357993,0.00046648763,0.021598324,0.0016639786
2006-09-27,1.207159e-05,0.05810929,0.9294372,0.9875465,0.9875465,0.000457918,0.02139902,0.0009693334
2006-09-28,2.5440251e-05,0.11520527,0.85847163,0.9736769,0.9736769,0.0004943291,0.022233512,0.0009664618
2006-09-29,1.1121039e-05,0.058096085,0.9294835,0.9875796,0.9875796,0.00045115518,0.021240413,0.0008953838
2006-10-02,1.349098e-05,0.059071507,0.9280262,0.9870977,0.9870977,0.00043073064,0.02075405,0.0010456244
2006-10-03,2.2696653e-05,0.06534575,0.9187763,0.98412204,0.98412204,0.00046845246,0.021643763,0.0014294437
2006-10-04,1.239956e-05,0.05931616,0.92833996,0.9876561,0.9876561,0.00055508025,0.02356014,0.0010045104
2006-10-05,1.1870162e-05,0.058595702,0.92875206,0.9873478,0.9873478,0.00053642364,0.02316082,0.00093818817
2006-10-06,1.121389e-05,0.058097415,0.92947876,0.9875762,0.9875762,0.0005161038,0.02271792,0.0009026125
2006-10-09,1.2955707e-05,0.05868521,0.92859393,0.9872791,0.9872791,0.0004922301,0.022186259,0.0010184597
2006-10-10,3.005847e-05,0.07518567,0.90476453,0.9799502,0.9799502,0.00047060262,0.021693377,0.0014991898
2006-10-11,1.3441522e-05,0.058904983,0.9282842,0.98718923,0.98718923,0.0005011477,0.02238633,0.0010492364
2006-10-12,4.103026e-05,0.071717374,0.9084813,0.9801987,0.9801987,0.0004942187,0.022231031,0.0020720973
2006-10-13,3.2571454e-05,0.06903917,0.91290575,0.9819449,0.9819449,0.000491432,0.022168266,0.0018040048
2006-10-16,1.6944441e-05,0.062646516,0.9228892,0.9855357,0.9855357,0.0004910748,0.022160208,0.0011714648
2006-10-17,9.657519e-06,0.05902095,0.9284468,0.98746777,0.98746777,0.0005029563,0.022426687,0.00077061425
2006-10-18,1.2577825e-05,0.058722,0.92855173,0.98727375,0.98727375,0.00049415143,0.022229517,0.0009883373
2006-10-19,1.1529461e-05,0.05817976,0.929353,0.98753273,0.98753273,0.00050035905,0.022368707,0.00092477864
2006-10-20,1.4137556e-05,0.07195498,0.9114987,0.9834537,0.9834537,0.00048860087,0.022104317,0.00085442356
2006-10-23,1.1877575e-05,0.058106672,0.9294464,0.98755306,0.98755306,0.0005215928,0.022838406,0.0009542566
2006-10-24,2.0890935e-05,0.0660519,0.91777754,0.98382944,0.98382944,0.00056457566,0.023760801,0.0012919116
2006-10-25,8.106217e-06,0.112522505,0.8708579,0.9833804,0.9833804,0.00054428005,0.023329811,0.00048774976
2006-10-26,7.766063e-06,0.16038734,0.81716573,0.97755307,0.97755307,0.00061003555,0.024698898,0.0003459744
2006-10-27,1.3717128e-05,0.07095689,0.91542625,0.98638314,0.98638314,0.0005543877,0.023545438,0.0010073635
2006-10-30,1.5785745e-05,0.09361004,0.8866214,0.98023146,0.98023146,0.0005239477,0.022889905,0.0007985288
2006-10-31,6.813566e-06,0.17790492,0.8107299,0.9886348,0.9886348,0.00063292345,0.02515797,0.0005995126
2006-11-01,2.0285963e-05,0.07231573,0.9108031,0.98311883,0.98311883,0.0005265237,0.022946104,0.0012016919
2006-11-02,2.8337836e-05,0.11817514,0.8500323,0.9682075,0.9682075,0.0004998696,0.022357764,0.00089133653
2006-11-03,1.165713e-05,0.05826814,0.92922395,0.9874921,0.9874921,0.00047800856,0.021863407,0.00093198026
2006-11-06,2.0897085e-05,0.11107092,0.86135495,0.9724259,0.9724259,0.00048226322,0.021960491,0.00075785135
2006-11-07,4.0706873e-05,0.096569665,0.8732221,0.96979177,0.96979177,0.0004597531,0.021441855,0.0013475425
2006-11-08,1.0292157e-05,0.058083702,0.92952657,0.9876103,0.9876103,0.00047545988,0.021805042,0.0008307014
2006-11-09,2.2440403e-05,0.09430358,0.88153946,0.9758431,0.9758431,0.00046517228,0.021567853,0.00092894275
2006-11-10,1.2527736e-05,0.13838053,0.8385563,0.9769368,0.9769368,0.000477111,0.02184287,0.00054319197
2006-11-13,1.6955735e-05,0.065015934,0.9205759,0.9855918,0.9855918,0.0005079203,0.022537086,0.0011768139
2006-11-14,1.21709145e-05,0.059233073,0.9278622,0.9870953,0.9870953,0.00050406705,0.022451438,0.00094313786
2006-11-15,1.4863978e-05,0.063698635,0.92157954,0.9852782,0.9852782,0.00048158548,0.021945056,0.0010096569
2006-11-16,1.6219636e-05,0.08195531,0.89902824,0.98098356,0.98098356,0.00046272355,0.021511009,0.0008529268
2006-11-17,2.9415212e-05,0.06867635,0.9140871,0.98276347,0.98276347,0.0005888436,0.0242661,0.0017065622
2006-11-20,1.1817475e-05,0.058633693,0.92871255,0.98734623,0.98734623,0.0005723653,0.023924157,0.00093390956
2006-11-21,1.715193e-05,0.087383375,0.8913303,0.9787137,0.9787137,0.0007016242,0.02648819,0.00080577284
2006-11-22,8.856014e-06,0.22598448,0.73415506,0.9601396,0.9601395,0.00068793143,0.026228447,0.00022217559
2006-11-27,1.4023651e-05,0.061004505,0.92593163,0.98693615,0.98693615,0.00057042687,0.023883611,0.0010734701
2006-11-28,7.284157e-06,0.21635589,0.75537634,0.97173226,0.97173226,0.0005615904,0.0236979,0.00025768444
2006-11-29,5.3974522e-06,0.19589949,0.78493243,0.9808319,0.9808319,0.00045676934,0.021372162,0.00028158547
2006-11-30,1.0381457e-05,0.22035912,0.7394495,0.95980865,0.9598086,0.00047283675,0.02174481,0.00025830077
2006-12-01,1.0282725e-05,0.17190342,0.8052391,0.9771425,0.9771425,0.00038399914,0.019595897,0.00044986245
2006-12-04,1.9489873e-05,0.17813477,0.7854502,0.96358496,0.963585,0.00032297889,0.017971613,0.0005352149
2006-12-05,1.7872286e-05,0.06710276,0.9169611,0.9840638,0.98406386,0.00031860027,0.017849378,0.0011214901
2006-12-06,1.7210585e-05,0.12514731,0.8508545,0.9760018,0.97600186,0.00031002698,0.017607583,0.00071716146
2006-12-07,1.5301917e-05,0.06869367,0.9151387,0.9838324,0.98383236,0.0002830919,0.016825335,0.0009464568
2006-12-08,1.2534567e-05,0.06173893,0.92434037,0.9860793,0.9860793,0.00027580754,0.016607454,0.0009004249
2006-12-11,1.2160607e-05,0.060606815,0.9259389,0.98654574,0.98654574,0.00027106574,0.016464075,0.0009038482
2006-12-12,1.6390099e-05,0.06341488,0.92185295,0.9852678,0.9852678,0.00027400494,0.016553095,0.0011125371
2006-12-13,1.4989216e-05,0.06316559,0.92224044,0.98540604,0.98540604,0.00026976387,0.01642449,0.0010270836
2006-12-14,1.2082465e-05,0.06121397,0.92509604,0.98631,0.98631,0.00026567405,0.01629951,0.00088257634
2006-12-15,1.9630936e-05,0.112333536,0.86111057,0.9734441,0.9734441,0.00027805992,0.01667513,0.0007392308
2006-12-18,1.2852584e-05,0.06712555,0.91745204,0.9845776,0.9845776,0.00028227482,0.016801037,0.000833371
2006-12-19,1.1656964e-05,0.059097704,0.9280779,0.9871756,0.9871756,0.0002977698,0.017256007,0.0009089664
2006-12-20,1.3003937e-05,0.09927458,0.8813098,0.9805844,0.9805844,0.00030088346,0.017345993,0.00066976686
2006-12-21,2.3677007e-05,0.09806352,0.8792754,0.9773389,0.9773389,0.00028577165,0.016904783,0.0010448309
2006-12-22,1.3713859e-05,0.06300534,0.9230543,0.9860596,0.9860596,0.00030333424,0.017416494,0.0009837497
2006-12-26,1.3130536e-05,0.060525965,0.9260707,0.98659664,0.98659664,0.00029483836,0.017170858,0.0009796454
2006-12-27,3.9163988e-05,0.08178591,0.89810663,0.97989255,0.97989255,0.00031402483,0.017720746,0.0019477353
2006-12-28,1.3588079e-05,0.060947794,0.925813,0.9867608,0.9867608,0.00033449722,0.018289264,0.0010263516
2006-12-29,1.0045123e-05,0.05807983,0.92954004,0.9876199,0.9876199,0.0003237845,0.017994013,0.0008113912
2007-01-02,1.1094489e-05,0.058210135,0.92932284,0.987533,0.987533,0.0003150322,0.017749146,0.0008899066
2007-01-03,2.2775841e-05,0.082615025,0.89745706,0.9800721,0.9800721,0.0003038644,0.017431706,0.0011429111
2007-01-04,1.13262495e-05,0.09851537,0.88946384,0.98797923,0.98797923,0.00047019072,0.021683881,0.00094222353
2007-01-05,1.841579e-05,0.2015615,0.78241503,0.98397654,0.98397654,0.00065822876,0.02565597,0.001149302
2007-01-08,2.8875218e-05,0.06766082,0.91537845,0.98303926,0.98303926,0.00056557934,0.023781912,0.001702474
2007-01-09,2.1307611e-05,0.06209843,0.9236241,0.98572254,0.98572254,0.0005477613,0.0234043,0.0014923953
2007-01-10,1.579252e-05,0.0593891,0.9275447,0.9869338,0.9869338,0.0005315043,0.023054376,0.0012086569
2007-01-11,3.1471394e-05,0.12556645,0.8568584,0.98242486,0.98242486,0.00056147773,0.023695521,0.0017906763
2007-01-12,0.00011764616,0.13131687,0.83412766,0.96544456,0.96544456,0.00072016125,0.02683582,0.003404563
2007-01-16,1.3988089e-05,0.0583309,0.92907184,0.98740274,0.98740274,0.0007758868,0.027854744,0.001110407
2007-01-17,4.6921097e-05,0.16032402,0.81853414,0.9788582,0.9788582,0.000803896,0.02835306,0.0022193491
2007-01-18,6.1836356e-05,0.07716687,0.8993935,0.97656035,0.97656035,0.0007670027,0.027694814,0.0026381097
2007-01-19,2.3720544e-05,0.08154138,0.90421695,0.9857583,0.9857583,0.0008435723,0.029044317,0.0016655702
2007-01-22,1.104912e-05,0.05833696,0.9291391,0.98747605,0.98747605,0.0008561898,0.029260721,0.0008822393
2007-01-23,1.4565394e-05,0.058226835,0.9292054,0.98743224,0.98743224,0.0008232661,0.028692614,0.0011589492
2007-01-24,1.6197631e-05,0.19645178,0.756132,0.9525838,0.9525838,0.0010936814,0.033070855,0.00034160537
2007-01-25,7.095231e-06,0.11402143,0.8734011,0.9874225,0.9874225,0.00084963656,0.029148526,0.0005641221
2007-01-26,1.39865415e-05,0.12188909,0.8643956,0.98628473,0.98628473,0.00079965306,0.028278137,0.001019779
2007-01-29,4.6518935e-06,0.20171402,0.7795846,0.9812986,0.9812986,0.00076137885,0.027593095,0.00024874607
2007-01-30,7.804211e-06,0.15375094,0.83502907,0.98878,0.98878,0.00073467015,0.027104799,0.00069556385
2007-01-31,1.3800893e-05,0.19423614,0.7612884,0.95552456,0.95552456,0.0010550772,0.032481954,0.0003103037
2007-02-01,5.7203265e-06,0.19625825,0.7887546,0.9850128,0.9850128,0.0008954205,0.029923577,0.00038168154
2007-02-02,6.4646806e-06,0.13855606,0.84648883,0.9850449,0.9850449,0.00075492647,0.027475925,0.00043227256
2007-02-05,6.2297854e-06,0.20151989,0.77641046,0.97793037,0.97793037,0.00076475536,0.02765421,0.0002822786
2007-02-06,4.289471e-06,0.16029844,0.8273618,0.9876602,0.9876603,0.0006050191,0.024597136,0.0003476135
2007-02-07,1.2022434e-05,0.09427039,0.88836783,0.98263824,0.98263824,0.0005055948,0.022485435,0.00069246633
2007-02-08,1.1574319e-05,0.08053393,0.9062369,0.9867708,0.9867708,0.00050006004,0.022362022,0.0008749075
2007-02-09,9.645537e-06,0.21053532,0.75687146,0.9674068,0.96740675,0.00055692013,0.023599155,0.00029593718
2007-02-12,1.1037834e-05,0.06374155,0.9224542,0.98619574,0.98619574,0.00043278,0.020803366,0.0007995964
2007-02-13,3.0039064e-05,0.119573124,0.86224276,0.9818159,0.9818159,0.0004909775,0.022158012,0.0016519389
2007-02-14,1.1972176e-05,0.16500984,0.8076274,0.97263724,0.97263724,0.00050688814,0.022514176,0.00043753535
2007-02-15,1.027541e-05,0.058083452,0.9295275,0.987611,0.987611,0.0004769062,0.021838183,0.0008293976
2007-02-16,1.4046487e-05,0.07814047,0.90724885,0.98538935,0.98538935,0.00045358264,0.021297479,0.000961387
2007-02-20,1.2074631e-05,0.13073,0.84693384,0.9776638,0.9776639,0.00046914266,0.021659702,0.0005405861
2007-02-21,9.716771e-06,0.05807454,0.92955846,0.987633,0.987633,0.0004768599,0.02183712,0.0007857009
2007-02-22,1.21038765e-05,0.15891519,0.81524,0.9741552,0.9741552,0.00051864004,0.02277367,0.00046832906
2007-02-23,8.995232e-06,0.18039414,0.7961527,0.9765469,0.9765469,0.00046743965,0.021620352,0.00038354102
2007-02-26,1.0076415e-05,0.1218203,0.860549,0.98236924,0.9823693,0.0003826388,0.019561155,0.00057152484
2007-02-27,1.2199746e-05,0.06414437,0.92138267,0.98552704,0.98552704,0.0003411544,0.018470366,0.00084293366
2007-02-28,1.7174083e-05,0.09911523,0.87874836,0.9778636,0.9778636,0.0003265856,0.01807168,0.00077583035
2007-03-01,1.0534073e-05,0.059463646,0.9275979,0.9870615,0.9870615,0.0003067556,0.01751444,0.000814165
2007-03-02,1.0850834e-05,0.06032391,0.9263907,0.9867146,0.9867146,0.00029567166,0.017195106,0.0008167488
2007-03-05,1.0285157e-05,0.058935214,0.9283394,0.98727465,0.98727465,0.0002869748,0.016940331,0.00080824137
2007-03-06,1.7647617e-05,0.066012576,0.9183437,0.9843563,0.9843563,0.00031665407,0.017794777,0.0011280962
2007-03-07,1.5377773e-05,0.079304814,0.90232664,0.98163146,0.98163146,0.00031508598,0.017750662,0.00083717983
2007-03-08,1.316966e-05,0.06670166,0.91790986,0.9846115,0.9846115,0.0003259854,0.018055066,0.0008558124
2007-03-09,9.822145e-06,0.058362894,0.92916197,0.98752487,0.98752487,0.00031305847,0.017693458,0.00078733795
2007-03-12,1.1121029e-05,0.059181284,0.92797995,0.9871612,0.9871612,0.00034129363,0.018474134,0.000866206
2007-03-13,1.0579618e-05,0.058624983,0.92876524,0.9873902,0.9873902,0.00035011946,0.01871148,0.00083900103
2007-03-14,1.0142465e-05,0.05835015,0.92915976,0.9875099,0.9875099,0.00035272836,0.018781064,0.00081204076
2007-03-15,1.1056038e-05,0.059635095,0.92732996,0.98696506,0.98696506,0.00033869277,0.018403608,0.0008481848
2007-03-16,2.7195314e-05,0.07165196,0.91042703,0.98207897,0.98207897,0.0003320686,0.01822275,0.0015175084
2007-03-19,1.0963897e-05,0.058806095,0.928507,0.9873131,0.9873131,0.0003340062,0.018275836,0.0008641898
2007-03-20,1.0460306e-05,0.058186304,0.9293787,0.987565,0.987565,0.00032627073,0.018062966,0.00084119744
2007-03-21,1.39386475e-05,0.061700217,0.92432487,0.9860251,0.9860251,0.0003139794,0.017719464,0.0009974055
2007-03-22,9.082037e-06,0.07215401,0.91480947,0.98696345,0.98696345,0.00045400963,0.021307502,0.00069665955
2007-03-23,7.285472e-06,0.20680577,0.7685593,0.97536504,0.97536504,0.0005081201,0.02254152,0.00029573715
2007-03-26,9.172185e-06,0.06515111,0.92182714,0.98697823,0.98697823,0.0004156167,0.02038668,0.0007043733
2007-03-27,7.162176e-06,0.22366591,0.7468048,0.97047067,0.97047067,0.00039859003,0.01996472,0.00024254445
2007-03-28,1.22360425e-05,0.06764279,0.9173103,0.9849531,0.9849531,0.00030483253,0.017459454,0.00081319385
2007-03-29,1.5571371e-05,0.16784884,0.80349034,0.97133917,0.97133917,0.00031346554,0.017704958,0.0005432979
2007-03-30,1.4928407e-05,0.17946231,0.7861379,0.9656002,0.9656002,0.0004158807,0.020393154,0.00043396774
2007-04-02,1.5204534e-05,0.07489838,0.9078556,0.98275393,0.98275393,0.00034314184,0.018524088,0.00088162324
2007-04-03,2.729752e-05,0.0907587,0.8879451,0.9787038,0.9787038,0.00032677862,0.01807702,0.0012818022
2007-04-04,1.1454022e-05,0.060837105,0.92570853,0.9865456,0.9865456,0.0003543095,0.018823111,0.000851323
2007-04-05,1.6564261e-05,0.095228165,0.8827914,0.97801954,0.9780196,0.0003405499,0.018453993,0.00075359014
2007-04-09,1.0860481e-05,0.059805684,0.9271044,0.9869101,0.9869101,0.0003175048,0.017818665,0.0008296843
2007-04-10,1.0488233e-05,0.05900749,0.92823887,0.98724633,0.98724633,0.00042251992,0.02055529,0.00082237006
2007-04-11,1.6804623e-05,0.08738792,0.891788,0.9791759,0.9791759,0.00040475608,0.020118551,0.00080698053
2007-04-12,1.2720449e-05,0.06343688,0.9221229,0.98555976,0.98555976,0.00037801344,0.019442568,0.000880903
2007-04-13,1.9331677e-05,0.10585993,0.8686649,0.97452486,0.97452486,0.0004146556,0.020363094,0.00075884466
2007-04-16,1.2171228e-05,0.061230924,0.9250977,0.9863286,0.9863286,0.00038096964,0.019518444,0.00089026947
2007-04-17,3.3902408e-05,0.08275224,0.89592624,0.97867846,0.97867846,0.00036462408,0.019095132,0.0015900547
2007-04-18,2.5081668e-05,0.072270915,0.9093588,0.9816297,0.9816297,0.0003662633,0.019138006,0.0013653402
2007-04-19,1.1956273e-05,0.062588684,0.92330235,0.98589104,0.98589104,0.0003581505,0.018924864,0.0008474244
2007-04-20,9.536417e-06,0.05813602,0.9294793,0.98761535,0.98761535,0.00037035916,0.019244717,0.0007700189
2007-04-23,1.5885124e-05,0.079830565,0.90096134,0.9807919,0.9807919,0.00038873477,0.019716358,0.00082700246
2007-04-24,1.2135482e-05,0.20096014,0.7639848,0.96494496,0.96494496,0.00048506484,0.022024188,0.00034618366
2007-04-25,9.769827e-06,0.058533646,0.92892593,0.9874596,0.9874596,0.00046569557,0.02157998,0.00077906816
2007-04-26,9.7483535e-06,0.21319883,0.7536733,0.96687216,0.96687216,0.00046368546,0.021533357,0.00029426464
2007-04-27,1.0189407e-05,0.05921491,0.92794925,0.98716414,0.98716414,0.000390719,0.019766614,0.00079382345
2007-04-30,1.0872279e-05,0.15991522,0.815539,0.9754542,0.9754542,0.00039900036,0.019974994,0.00044293868
2007-05-01,1.2688437e-05,0.06704511,0.91757476,0.98461986,0.98461986,0.00035774405,0.018914122,0.0008249882
2007-05-02,4.7788446e-05,0.22867706,0.7378893,0.9665664,0.9665663,0.0003687804,0.019203655,0.0014293531
2007-05-03,1.0703217e-05,0.05961068,0.9273993,0.98700994,0.98700994,0.00035005208,0.018709678,0.0008239546
2007-05-04,1.1017542e-05,0.060309693,0.9263903,0.9867,0.9867,0.0003391209,0.018415235,0.0008283866
2007-05-07,1.248877e-05,0.061017256,0.9253636,0.9863809,0.9863809,0.00035022406,0.018714273,0.0009170024
2007-05-08,1.7414673e-05,0.06477109,0.91998273,0.98475385,0.98475385,0.00034018516,0.01844411,0.001142234
2007-05-09,1.5388192e-05,0.06753506,0.91645324,0.9839883,0.9839883,0.0003405509,0.01845402,0.0009610583
2007-05-10,1.0017436e-05,0.058683436,0.92870146,0.9873849,0.9873849,0.00033674395,0.018350584,0.0007940839
2007-05-11,1.5523605e-05,0.07427336,0.9080771,0.98235047,0.98235047,0.00032368026,0.017991116,0.00087954773
2007-05-14,1.1473877e-05,0.060457483,0.926159,0.9866165,0.9866165,0.00031517708,0.017753227,0.0008573146
2007-05-15,1.8738076e-05,0.068253756,0.9154483,0.98370206,0.98370206,0.00030346555,0.017420262,0.0011497207
2007-05-16,1.7339042e-05,0.07047588,0.91220266,0.98267853,0.98267853,0.00030490154,0.01746143,0.0010010146
2007-05-17,1.0132239e-05,0.05897894,0.9282924,0.9872713,0.9872713,0.0003026624,0.017397195,0.0007960158
2007-05-18,1.5757409e-05,0.20803691,0.7469995,0.9550364,0.9550364,0.00036764133,0.019173976,0.00035044813
2007-05-21,1.1798539e-05,0.060473308,0.92617136,0.9866447,0.9866447,0.00029059104,0.017046731,0.000883434
2007-05-22,1.7498152e-05,0.15882096,0.8100711,0.96889204,0.9688921,0.00030521018,0.017470265,0.00056249753
2007-05-23,2.0600477e-05,0.07239861,0.91045684,0.98285544,0.98285544,0.0003285856,0.01812693,0.001201575
2007-05-24,1.28492675e-05,0.15158449,0.8236722,0.9752567,0.9752567,0.00033018863,0.018171092,0.0005193025
2007-05-25,9.417239e-06,0.05838449,0.9291411,0.9875256,0.9875256,0.0003773742,0.019426122,0.00075492414
2007-05-29,1.1939602e-05,0.07791044,0.9056681,0.9835785,0.9835785,0.00037413152,0.01934248,0.0007270715
2007-05-30,1.5303955e-05,0.07199054,0.91333866,0.9853292,0.9853292,0.0004314829,0.020772167,0.0010431582
2007-05-31,1.3588708e-05,0.06879386,0.91568947,0.9844833,0.98448336,0.0004112895,0.020280274,0.00087574736
2007-06-01,1.46120665e-05,0.075798795,0.9077267,0.9835255,0.9835255,0.00039451593,0.019862425,0.00088695134
2007-06-04,1.5720367e-05,0.12556177,0.8515158,0.9770776,0.9770776,0.00039296196,0.019823268,0.0006858082
2007-06-05,1.5876754e-05,0.12457592,0.85107577,0.9756517,0.9756517,0.0003865184,0.01966007,0.00065206777
2007-06-06,1.5762718e-05,0.065879494,0.91868496,0.9845645,0.9845644,0.00035570437,0.018860126,0.001021198
2007-06-07,1.7281882e-05,0.07589728,0.9059072,0.9818045,0.9818045,0.0003442445,0.018553827,0.00094978826
2007-06-08,1.6711047e-05,0.0704829,0.91260403,0.98308694,0.98308694,0.00034478746,0.018568454,0.000988056
2007-06-11,1.2719118e-05,0.08588886,0.9002432,0.9861321,0.9861321,0.0004090423,0.020224795,0.0009171615
2007-06-12,1.3848296e-05,0.11091737,0.8675625,0.97847986,0.97847986,0.0004096374,0.0202395,0.000643504
2007-06-13,9.282116e-06,0.058067277,0.9295837,0.987651,0.987651,0.00037962955,0.019484084,0.00075164856
2007-06-14,1.0057558e-05,0.1613085,0.81581664,0.9771251,0.97712517,0.0003729051,0.019310752,0.00043967675
2007-06-15,9.828969e-06,0.17544004,0.7994058,0.9748458,0.9748459,0.0003822199,0.019550445,0.00039074905
2007-06-18,1.189668e-05,0.06491702,0.9204826,0.9853996,0.9853996,0.00031962816,0.017878147,0.000814819
2007-06-19,1.7917811e-05,0.08877865,0.8897281,0.9785068,0.9785068,0.00032203694,0.017945388,0.00083365035
2007-06-20,1.0979887e-05,0.061031844,0.92551947,0.9865513,0.9865513,0.0003044439,0.017448321,0.0008164264
2007-06-21,1.1589097e-05,0.07196721,0.9128473,0.98481447,0.98481447,0.00030386346,0.01743168,0.00076316687
2007-06-22,9.247997e-06,0.058098573,0.92954016,0.9876387,0.9876387,0.00029199658,0.017087907,0.00074814184
2007-06-25,9.128168e-06,0.06001762,0.9274841,0.98750174,0.98750174,0.00028341584,0.01683496,0.00073035515
2007-06-26,9.491546e-06,0.05827189,0.92929226,0.98756415,0.98756415,0.00027199878,0.016492385,0.0007632404
2007-06-27,9.666027e-06,0.058073714,0.9295614,0.9876351,0.9876351,0.00028754259,0.01695708,0.0007817296
2007-06-28,8.757286e-06,0.101076454,0.8833113,0.98438776,0.98438776,0.00029436318,0.017157016,0.00056092424
2007-06-29,9.377619e-06,0.058068898,0.9295781,0.987647,0.987647,0.0002759436,0.01661155,0.00075913675
2007-07-02,7.5974717e-06,0.0711866,0.9163438,0.9875304,0.9875304,0.00028000405,0.016733322,0.00060928
2007-07-03,1.0547297e-05,0.11044318,0.8736963,0.9841395,0.9841395,0.0002663668,0.016320748,0.0006650042
2007-07-05,8.601069e-06,0.060234506,0.9276221,0.98785657,0.98785657,0.00024526878,0.015661059,0.0007082897
2007-07-06,9.909987e-06,0.066093296,0.92037034,0.98646367,0.98646367,0.00023784026,0.01542207,0.0007321027
2007-07-09,8.564196e-06,0.061513297,0.92620987,0.9877232,0.9877232,0.00024102013,0.015524823,0.0006975903
2007-07-10,9.30911e-06,0.059213173,0.9282741,0.98748726,0.98748726,0.00023655212,0.015380251,0.00074397033
2007-07-11,1.1163064e-05,0.08981009,0.8931267,0.9829368,0.9829368,0.00023298676,0.015263904,0.00065421866
2007-07-12,1.4618391e-05,0.06403306,0.92139494,0.98542804,0.985428,0.00022046451,0.014848048,0.001003186
2007-07-13,1.4902143e-05,0.06640367,0.918309,0.98471266,0.98471266,0.00021782596,0.014758928,0.00097480294
2007-07-16,1.2254543e-05,0.072114564,0.91232914,0.9844437,0.9844437,0.00023965274,0.015480721,0.0007877556
2007-07-17,2.9779594e-05,0.15109608,0.82840383,0.9794999,0.97949994,0.00023143542,0.0152130015,0.0014526544
2007-07-18,1.0503876e-05,0.061351664,0.9258761,0.98722774,0.98722774,0.00022210178,0.01490308,0.0008223975
2007-07-19,7.7799095e-06,0.15297733,0.82715017,0.9801275,0.9801275,0.00022745866,0.0150817325,0.00039149149
2007-07-20,8.000859e-06,0.06437237,0.9235027,0.98787504,0.98787504,0.00021541213,0.014676925,0.00065986713
2007-07-23,1.0857981e-05,0.06130338,0.9258899,0.9871933,0.9871933,0.00020845437,0.014437949,0.00084783504
2007-07-24,2.1695329e-05,0.10236821,0.88072383,0.98309207,0.98309207,0.00020914,0.014461673,0.0012831452
2007-07-25,8.581389e-06,0.11565316,0.8714269,0.98708004,0.98708004,0.0002396392,0.015480284,0.00066419615
2007-07-26,4.401558e-06,0.13289136,0.8539056,0.986797,0.986797,0.00032721882,0.01808919,0.00033337495
2007-07-27,6.6614834e-06,0.06752745,0.9213662,0.9888937,0.9888937,0.0003048136,0.017458912,0.0005997926
2007-07-30,4.6045966e-06,0.15908818,0.8259826,0.98507077,0.98507077,0.0003367546,0.018350875,0.00030842816
2007-07-31,8.628246e-06,0.06028635,0.9276975,0.9879838,0.9879838,0.00028392475,0.016850067,0.0007180525
2007-08-01,5.608601e-06,0.16557647,0.8162196,0.9817961,0.9817961,0.00029062261,0.017047657,0.00030809862
2007-08-02,5.153384e-06,0.17352939,0.8148528,0.98838216,0.98838216,0.000322617,0.017961543,0.00044357506
2007-08-03,8.606896e-06,0.07906389,0.9073667,0.9864306,0.9864306,0.00027090553,0.016459208,0.00063428644
2007-08-06,7.3769197e-06,0.063657805,0.92486554,0.98852336,0.98852336,0.00028105776,0.016764777,0.0006427772
2007-08-07,3.4013376e-06,0.2050944,0.7850828,0.9901772,0.9901772,0.00040559546,0.0201394,0.00034627016
2007-08-08,1.0807296e-05,0.07700929,0.90819764,0.9852069,0.98520696,0.00032644538,0.0180678,0.0007305634
2007-08-09,1.019966e-05,0.058082268,0.92953163,0.9876139,0.9876139,0.00030850005,0.01756417,0.0008234774
2007-08-10,1.0299675e-05,0.058083817,0.9295262,0.98761004,0.98761004,0.0003007056,0.017340865,0.0008312921
2007-08-13,1.03934735e-05,0.058085267,0.92952114,0.9876064,0.9876064,0.0002900266,0.017030166,0.00083861663
2007-08-14,1.6360278e-05,0.062483348,0.92319065,0.985674,0.985674,0.00028017993,0.016738577,0.0011420009
2007-08-15,1.0256315e-05,0.05811816,0.92947906,0.9875972,0.9875972,0.00028167095,0.016783055,0.00082693726
2007-08-16,1.4597732e-05,0.06988627,0.9137884,0.98367465,0.98367465,0.000281588,0.016780583,0.0008941755
2007-08-17,1.05812705e-05,0.058146946,0.92942804,0.987575,0.987575,0.00034585508,0.01859718,0.00085161097
2007-08-20,1.2648036e-05,0.08193507,0.9003342,0.9822692,0.9822692,0.00034257927,0.018508896,0.00071333814
2007-08-21,0.00017663401,0.14092992,0.810158,0.95108795,0.95108795,0.00033339523,0.018259114,0.0036112578
2007-08-22,1.0968454e-05,0.16563916,0.81938857,0.98502773,0.98502773,0.0005259749,0.022934143,0.0007325846
2007-08-23,1.2508496e-05,0.058813576,0.9284228,0.9872364,0.9872364,0.00044371278,0.02106449,0.0009800117
2007-08-24,1.0120113e-05,0.058081012,0.9295359,0.98761696,0.98761696,0.00042818615,0.02069266,0.0008172557
2007-08-27,8.832957e-06,0.0684173,0.91819626,0.9866136,0.9866136,0.0004262171,0.020645026,0.0006598442
2007-08-28,7.126932e-06,0.0664193,0.92173916,0.98815846,0.98815846,0.0004101422,0.020251969,0.0006018588
2007-08-29,9.7417305e-06,0.05833836,0.92934245,0.9876808,0.9876808,0.00038602162,0.019647432,0.00079077575
2007-08-30,7.5413222e-06,0.14734358,0.83291906,0.98026264,0.98026264,0.0004028629,0.020071445,0.00038208358
2007-08-31,8.456963e-06,0.060795452,0.92730254,0.98809797,0.98809797,0.00034386007,0.018543465,0.00071054767
2007-09-04,1.1111095e-05,0.11439058,0.8696207,0.98401123,0.9840113,0.00033223105,0.018227207,0.0006949313
2007-09-05,7.333155e-06,0.16968887,0.8118373,0.9815262,0.9815262,0.000321529,0.01793123,0.00039694883
2007-09-06,5.1126067e-06,0.12797017,0.8584656,0.9864358,0.9864358,0.00028028424,0.016741691,0.00037691835
2007-09-07,1.1951814e-05,0.17589474,0.8012649,0.9771596,0.9771596,0.00025247256,0.015889386,0.0005232756
2007-09-10,6.85731e-06,0.080190554,0.9071822,0.98737276,0.98737276,0.0002186298,0.014786135,0.00054305675
2007-09-11,1.2338662e-05,0.084897324,0.8970975,0.98199487,0.98199487,0.0002132278,0.014602322,0.0006852858
2007-09-12,1.0779851e-05,0.09055648,0.89269155,0.98324805,0.98324805,0.0002109142,0.014522885,0.0006434985
2007-09-13,1.2087749e-05,0.1419416,0.8327744,0.974716,0.974716,0.00023903293,0.01546069,0.00047807914
2007-09-14,1.3067614e-05,0.06927354,0.9152077,0.9844812,0.9844812,0.00021172267,0.014550693,0.0008420514
2007-09-17,1.0439949e-05,0.073396735,0.9115897,0.9849864,0.9849864,0.00021796938,0.014763786,0.0006953672
2007-09-18,1.0423348e-05,0.15485846,0.82141817,0.97627664,0.97627664,0.0002333845,0.0152769275,0.00043937057
2007-09-19,9.8050905e-06,0.1474337,0.8310087,0.9784424,0.9784424,0.00022211802,0.014903625,0.00045483158
2007-09-20,1.219247e-05,0.08626224,0.8957123,0.98197454,0.98197454,0.00019792876,0.014068716,0.0006764028
2007-09-21,6.381024e-06,0.17335527,0.80701536,0.98037064,0.98037064,0.00021320759,0.01460163,0.0003250755
2007-09-24,7.4069358e-06,0.097529516,0.8880998,0.9856293,0.9856293,0.00025382228,0.0159318,0.00051542
2007-09-25,1.05067e-05,0.06561813,0.92022777,0.98584586,0.9858459,0.00023984144,0.015486815,0.000742306
2007-09-26,1.0951561e-05,0.05976915,0.92715436,0.9869235,0.9869235,0.00025232384,0.015884705,0.00083750044
2007-09-27,1.27967305e-05,0.08972857,0.89231277,0.98204136,0.98204136,0.00025017268,0.015816849,0.0007125668
2007-09-28,1.2065662e-05,0.20599379,0.7548503,0.9608441,0.9608441,0.00032441804,0.01801161,0.00030814417
2007-10-01,1.2201199e-05,0.0848975,0.8989582,0.9838557,0.9838557,0.00030372036,0.017427575,0.00075576006
2007-10-02,1.353284e-05,0.10876133,0.8758137,0.98457503,0.98457503,0.000312073,0.01766559,0.0008773335
2007-10-03,1.2255738e-05,0.07587536,0.90765214,0.9835275,0.9835275,0.00028759093,0.016958507,0.00074401114
2007-10-04,2.0320052e-05,0.10432427,0.8713451,0.9756694,0.9756694,0.00027348576,0.016537406,0.0008351639
2007-10-05,1.7848462e-05,0.15192743,0.8154919,0.9674193,0.9674193,0.00029375634,0.017139321,0.0005478236
2007-10-08,1.4279503e-05,0.06412135,0.92112833,0.9852497,0.9852497,0.00025872054,0.016084792,0.0009680821
2007-10-09,1.4185702e-05,0.062094633,0.923862,0.9859566,0.9859566,0.00030178987,0.0173721,0.0010101337
2007-10-10,1.1504115e-05,0.16857204,0.80511034,0.97368234,0.9736824,0.0003075949,0.017538384,0.00043712536
2007-10-11,8.840605e-06,0.16616762,0.8124016,0.9785692,0.9785692,0.00028606938,0.016913585,0.00041251886
2007-10-12,1.1246216e-05,0.16466846,0.8098319,0.97450036,0.97450036,0.00031748228,0.017818032,0.00044103427
2007-10-15,8.802738e-06,0.12724519,0.8550367,0.98228186,0.98228186,0.00027660135,0.016631337,0.0004968208
2007-10-16,1.0823198e-05,0.22373547,0.73196113,0.9556966,0.9556966,0.00034866182,0.018672489,0.00024429715
2007-10-17,1.3549841e-05,0.21038431,0.75066715,0.96105146,0.96105146,0.00032917087,0.018143067,0.0003478909
2007-10-18,1.5197694e-05,0.12523136,0.85237944,0.97761077,0.9776108,0.00026211177,0.016189866,0.00067879475
2007-10-19,1.4126047e-05,0.20990789,0.74810594,0.95801383,0.95801383,0.0003058458,0.017488448,0.00033644526
2007-10-22,1.6519147e-05,0.09878187,0.8796803,0.97846216,0.97846216,0.000263963,0.01624694,0.0007669825
2007-10-23,1.7241124e-05,0.11007459,0.86757576,0.97765034,0.97765034,0.00026305567,0.016218992,0.0007714268
2007-10-24,1.3501348e-05,0.07496691,0.9079975,0.9829644,0.9829644,0.00032416725,0.018004645,0.0007925371
2007-10-25,7.831476e-06,0.21528222,0.75514394,0.97042614,0.97042614,0.00034089212,0.018463263,0.00026481078
2007-10-26,7.753149e-06,0.23282689,0.72476125,0.95758814,0.95758814,0.0005698163,0.023870824,0.00018280612
2007-10-29,7.91167e-06,0.219486,0.75041157,0.96989757,0.96989757,0.0004739593,0.021770606,0.00026282493
2007-10-30,8.246796e-06,0.22673015,0.73775995,0.9644901,0.9644901,0.0004329487,0.020807419,0.00023223944
2007-10-31,1.4823097e-05,0.07550192,0.9070223,0.9825242,0.9825242,0.0005974854,0.024443515,0.00084820786
2007-11-01,1.484454e-05,0.22506279,0.6805853,0.9056481,0.9056481,0.00070731854,0.02659546,0.00015733167
2007-11-02,1.26779505e-05,0.16888714,0.8043221,0.97320926,0.97320926,0.0005249786,0.022912411,0.0004732214
2007-11-05,1.6116739e-05,0.22592519,0.69930154,0.92522675,0.92522675,0.0005449733,0.023344664,0.0002155415
2007-11-06,2.4963076e-05,0.12865661,0.8431976,0.9718542,0.9718542,0.00049472664,0.022242451,0.00088692043
2007-11-07,1.25618835e-05,0.22903499,0.6947818,0.92381674,0.9238168,0.00054510497,0.023347484,0.00016489034
2007-11-08,1.9041032e-05,0.17952475,0.78521323,0.96473795,0.964738,0.0003943533,0.01985833,0.00053998653
2007-11-09,1.7130595e-05,0.1121743,0.86364794,0.9758222,0.9758222,0.00034567434,0.01859232,0.00070852606
2007-11-12,1.8399727e-05,0.14978857,0.8191381,0.96892667,0.96892667,0.0003242215,0.018006152,0.00059213885
2007-11-13,1.6037704e-05,0.068473,0.9151671,0.9836401,0.9836401,0.00033275812,0.018241659,0.0009803042
2007-11-14,2.3129025e-05,0.071290195,0.9109216,0.98221177,0.98221177,0.00041624834,0.020402165,0.0013002431
2007-11-15,1.7478087e-05,0.21452701,0.7326676,0.94719464,0.94719464,0.00047208564,0.021727532,0.00033099076
2007-11-16,1.7525688e-05,0.07655976,0.905265,0.98182476,0.98182476,0.00037472165,0.019357728,0.0009642615
2007-11-19,1.2769686e-05,0.15531392,0.818108,0.97342193,0.97342193,0.0003801362,0.019497082,0.0004804595
2007-11-20,2.018157e-05,0.1205321,0.8527011,0.9732332,0.9732332,0.00032778128,0.01810473,0.0007539783
2007-11-21,1.6720498e-05,0.2229261,0.71414614,0.9370722,0.9370722,0.0004469542,0.02114129,0.00026570933
2007-11-23,1.7427374e-05,0.085271925,0.8948612,0.9801331,0.9801332,0.00034952813,0.018695671,0.0008772072
2007-11-26,1.1948074e-05,0.15013286,0.8259789,0.9761117,0.97611177,0.00033691255,0.018355178,0.00050016446
2007-11-27,1.8621193e-05,0.1267752,0.8479818,0.974757,0.974757,0.000294196,0.017152144,0.00073767797
2007-11-28,1.4901157e-05,0.063559994,0.92186624,0.98542625,0.98542625,0.00041800027,0.020445054,0.0010224653
2007-11-29,3.8167207e-05,0.08821874,0.89065826,0.978877,0.978877,0.0005087401,0.022555267,0.0018069034
2007-11-30,1.0950146e-05,0.060792122,0.92580044,0.9865926,0.9865926,0.0004927322,0.022197573,0.0008167235
2007-12-03,1.063254e-05,0.0580889,0.92950857,0.98759747,0.98759747,0.0005076975,0.022532145,0.00085728767
2007-12-04,1.1428468e-05,0.059297953,0.92778975,0.9870877,0.9870877,0.00048499793,0.022022668,0.0008850856
2007-12-05,1.123017e-05,0.059150435,0.9279918,0.98714226,0.98714226,0.0004690908,0.021658504,0.0008734174
2007-12-06,2.0266734e-05,0.0666052,0.9174239,0.9840291,0.9840291,0.00045208551,0.021262303,0.00126898
2007-12-07,1.3242153e-05,0.09206468,0.8875383,0.979603,0.979603,0.00049738435,0.022302115,0.00064922037
2007-12-10,1.6431215e-05,0.062351897,0.9233971,0.985749,0.985749,0.00049960095,0.022351755,0.0011529874
2007-12-11,1.8593892e-05,0.06522767,0.91951877,0.98474646,0.98474646,0.00047932458,0.021893483,0.0012189883
2007-12-12,9.274415e-06,0.122585066,0.85903263,0.9816177,0.9816177,0.00049706636,0.022294985,0.00050452934
2007-12-13,6.573548e-06,0.2278664,0.7380956,0.965962,0.965962,0.0007089663,0.026626421,0.00019312376
2007-12-14,9.993927e-06,0.08388955,0.90367216,0.9875617,0.9875617,0.0006521997,0.0255382,0.00080348033
2007-12-17,9.244049e-06,0.12840042,0.85701394,0.9854144,0.9854144,0.0006093693,0.024685407,0.0006337785
2007-12-18,6.1245264e-06,0.095812015,0.8918334,0.98764545,0.98764545,0.00053827785,0.023200816,0.0004957303
2007-12-19,9.795231e-06,0.05828427,0.9292642,0.9875485,0.9875485,0.0004864837,0.022056377,0.00078666885
2007-12-20,1.1711773e-05,0.099938795,0.88196295,0.98190176,0.98190176,0.00046561207,0.021578046,0.0006471224
2007-12-21,1.0716373e-05,0.05872648,0.92861813,0.9873446,0.9873446,0.00042285383,0.02056341,0.00084678415
2007-12-24,9.047716e-06,0.09849987,0.88519114,0.98369104,0.98369104,0.00043769463,0.020921152,0.00055476953
2007-12-26,9.533443e-06,0.058557328,0.92887044,0.9874278,0.9874278,0.00040362665,0.02009046,0.0007582937
2007-12-27,4.7421386e-06,0.18862197,0.79372036,0.9823423,0.98234236,0.0004058588,0.020145938,0.0002685593
2007-12-28,8.4598005e-06,0.11738886,0.8660304,0.98341924,0.98341924,0.000334879,0.018299699,0.00051021785
2007-12-31,1.0517024e-05,0.059200328,0.9279592,0.98715955,0.98715955,0.00030370685,0.017427187,0.00081905414
2008-01-02,1.3066324e-05,0.06723691,0.91722536,0.98446226,0.98446226,0.00029235642,0.017098432,0.00084094115
2008-01-03,1.1839622e-05,0.2155864,0.7403554,0.9559418,0.9559418,0.00037319507,0.019318257,0.00026872684
2008-01-04,1.7281911e-05,0.06698352,0.91709304,0.98407656,0.98407656,0.0002928279,0.017112214,0.0010853126
2008-01-07,1.1878565e-05,0.060999103,0.92538327,0.98638237,0.98638237,0.00029737287,0.017244503,0.0008722928
2008-01-08,1.870736e-05,0.099030204,0.88442683,0.983457,0.983457,0.00034001452,0.018439483,0.0011308343
2008-01-09,1.460522e-05,0.16225895,0.8083631,0.970622,0.97062206,0.00033544272,0.018315095,0.00049714826
2008-01-10,1.4171182e-05,0.0631729,0.9223736,0.98554647,0.98554647,0.0002939749,0.017145697,0.0009804651
2008-01-11,2.2098206e-05,0.12446943,0.8571695,0.9816389,0.9816389,0.0003130211,0.017692402,0.0012035344
2008-01-14,2.7395205e-05,0.094897754,0.8858163,0.980714,0.980714,0.0003059751,0.017492143,0.0014204727
2008-01-15,1.5670896e-05,0.10395826,0.8738956,0.97785383,0.97785383,0.0003224883,0.01795796,0.00070761214
2008-01-16,2.8753702e-05,0.09309214,0.88782644,0.9809186,0.9809186,0.0003622444,0.019032719,0.0015068958
2008-01-17,2.8671479e-05,0.09999067,0.8806989,0.9806896,0.9806896,0.0003634132,0.019063398,0.0014847677
2008-01-18,2.7494583e-05,0.076044776,0.9058648,0.9819096,0.9819096,0.000355265,0.018848475,0.0015198416
2008-01-22,1.1852985e-05,0.05950815,0.92749095,0.9869991,0.9869991,0.00035094802,0.018733606,0.00091170456
2008-01-23,3.0695406e-05,0.07080326,0.9106406,0.9814439,0.9814439,0.00034137466,0.018476328,0.0016541933
2008-01-24,2.540263e-05,0.12520315,0.8571303,0.9823334,0.9823334,0.0004167505,0.020414468,0.001437892
2008-01-25,1.2704634e-05,0.06367032,0.92237574,0.9860461,0.9860461,0.00047525048,0.02180024,0.0009104703
2008-01-28,1.0365511e-05,0.058795493,0.92855084,0.98734635,0.98734635,0.0004638968,0.021538263,0.0008191717
2008-01-29,1.0836715e-05,0.05895212,0.9283089,0.987261,0.987261,0.00044159274,0.021014107,0.00085067214
2008-01-30,1.461126e-05,0.0633998,0.9220582,0.985458,0.985458,0.00042356167,0.020580614,0.0010047639
2008-01-31,1.2121684e-05,0.061803024,0.92461884,0.9864219,0.9864219,0.00040850425,0.020211488,0.0008927368
2008-02-01,1.9517556e-05,0.08335075,0.900046,0.9833967,0.98339677,0.00039247575,0.019811,0.0011755234
2008-02-04,3.1431573e-05,0.09177824,0.8903024,0.98208064,0.98208064,0.00045347953,0.02129506,0.0017540565
2008-02-05,1.2160511e-05,0.06100178,0.9256202,0.986622,0.986622,0.0004475296,0.021154895,0.00090899155
2008-02-06,1.3726346e-05,0.1089983,0.87709016,0.98608845,0.98608845,0.00044679825,0.021137603,0.0009866874
2008-02-07,1.6384294e-05,0.10247885,0.8827437,0.9852226,0.9852226,0.00042918572,0.020716798,0.0011087384
2008-02-08,1.234644e-05,0.05944796,0.92755294,0.9870009,0.9870009,0.0004072689,0.020180905,0.00094979064
2008-02-11,1.0138362e-05,0.15661772,0.81926966,0.97588736,0.97588736,0.00048743235,0.02207787,0.00042045838
2008-02-12,1.0446369e-05,0.10534697,0.8773114,0.9826584,0.9826584,0.00046842062,0.021643028,0.00060238736
2008-02-13,1.6807433e-05,0.08594768,0.8981639,0.9841116,0.9841116,0.00042979923,0.0207316,0.0010578434
2008-02-14,1.2241923e-05,0.105721116,0.8766385,0.9823596,0.9823596,0.0004050114,0.020124895,0.00069397036
2008-02-15,1.0364721e-05,0.1599912,0.8157672,0.97575843,0.97575843,0.000423074,0.020568762,0.00042755986
2008-02-19,1.1948737e-05,0.06096864,0.9254307,0.98639935,0.98639935,0.00035549985,0.018854704,0.0008785418
2008-02-20,1.3446856e-05,0.2274667,0.70833594,0.93580264,0.93580264,0.00046942054,0.021666115,0.0002094612
2008-02-21,1.7906537e-05,0.13001369,0.84705764,0.97707134,0.97707134,0.00035721023,0.018900005,0.00078096765
2008-02-22,2.0494495e-05,0.15302503,0.82373613,0.97676116,0.97676116,0.00040482322,0.020120218,0.00088190706
2008-02-25,1.5540716e-05,0.14497355,0.8279948,0.9729684,0.97296834,0.00035884496,0.018943204,0.0005749092
2008-02-26,1.8099065e-05,0.11855689,0.85679734,0.9753542,0.9753542,0.00031498598,0.017747844,0.00073436694
2008-02-27,2.6360502e-05,0.09943778,0.8729195,0.9723573,0.9723573,0.0003192962,0.017868862,0.00095361436
2008-02-28,3.6911966e-05,0.08950417,0.8883192,0.9778234,0.9778234,0.0003208827,0.0179132,0.0016644539
2008-02-29,1.9941368e-05,0.17496428,0.784845,0.95980924,0.9598093,0.0003969123,0.019922659,0.00049616804
2008-03-03,1.476587e-05,0.066061944,0.9184159,0.9844778,0.9844779,0.00034149754,0.018479653,0.0009512754
2008-03-04,1.7914623e-05,0.08826324,0.889598,0.9778613,0.9778613,0.00033057443,0.018181706,0.0008091989
2008-03-05,4.020988e-05,0.16028062,0.8142561,0.97453666,0.97453666,0.0003875309,0.019685805,0.0015791282
2008-03-06,1.6351145e-05,0.22503479,0.6974414,0.9224762,0.9224762,0.00073716964,0.027150868,0.00021091767
2008-03-07,1.9156521e-05,0.11267036,0.8636655,0.9763359,0.9763359,0.00054794975,0.023408327,0.0008095177
2008-03-10,1.5250443e-05,0.06813562,0.9155189,0.9836545,0.9836545,0.0004936117,0.022217372,0.00093300553
2008-03-11,2.0646841e-05,0.15095961,0.8153067,0.96626633,0.96626633,0.00051174045,0.022621682,0.0006120545
2008-03-12,2.9201527e-05,0.12271062,0.84453577,0.9672464,0.9672464,0.00044661132,0.02113318,0.000891552
2008-03-13,3.0602267e-05,0.10421138,0.8664875,0.9706989,0.9706989,0.00041981417,0.020489367,0.0010444066
2008-03-14,4.1873795e-05,0.18902747,0.7599982,0.9490257,0.9490257,0.00039563156,0.019890489,0.0008214686
2008-03-17,2.8427698e-05,0.08062269,0.8973389,0.9779616,0.9779616,0.00034288567,0.018517172,0.0012899166
2008-03-18,0.00012288052,0.2138653,0.73922074,0.953086,0.953086,0.0004797579,0.021903377,0.0026192728
2008-03-19,9.867883e-06,0.18138805,0.78964734,0.97103536,0.97103536,0.00073266786,0.027067838,0.00034068726
2008-03-20,2.073454e-05,0.07656445,0.90769285,0.9842573,0.9842573,0.0009795482,0.031297736,0.0013170876
2008-03-24,9.305178e-06,0.058067672,0.92958236,0.98765004,0.98765004,0.0009609504,0.0309992,0.00075345795
2008-03-25,9.263387e-06,0.058066957,0.92958486,0.9876518,0.9876518,0.0009082878,0.030137815,0.0007501827
2008-03-26,9.90038e-06,0.05850335,0.92897433,0.98747766,0.98747766,0.00085423584,0.029227313,0.0007906174
2008-03-27,1.3438832e-05,0.19193485,0.7740592,0.96599406,0.965994,0.0009217257,0.030359935,0.00039519073
2008-03-28,1.1172027e-05,0.20629892,0.768788,0.9750869,0.9750869,0.00077302894,0.027803399,0.00044844038
2008-03-31,1.0304511e-05,0.05867946,0.92869616,0.9873756,0.9873756,0.0006770324,0.026019847,0.0008162388
2008-04-01,1.0097872e-05,0.15339828,0.8332219,0.9866202,0.9866202,0.0007294122,0.027007632,0.0007547096
2008-04-02,1.0151096e-05,0.058081504,0.9295343,0.9876158,0.9876158,0.0006236854,0.024973694,0.0008196828
2008-04-03,1.8853789e-05,0.10966688,0.862728,0.9723949,0.9723949,0.000670174,0.02588772,0.0006829817
2008-04-04,1.9682073e-05,0.068411574,0.9156623,0.9840739,0.9840739,0.00060761423,0.024649832,0.0012358358
2008-04-07,1.260478e-05,0.14257105,0.8344279,0.9769989,0.9769989,0.0006110348,0.02471912,0.0005480083
2008-04-08,1.04858655e-05,0.16888951,0.80664057,0.9755301,0.9755301,0.0006212971,0.024925832,0.00042852075
2008-04-09,1.8864375e-05,0.117645994,0.8613708,0.9790168,0.9790168,0.0005170622,0.022739002,0.000899022
2008-04-10,1.530173e-05,0.17959848,0.787681,0.96727943,0.96727943,0.0005179726,0.022759013,0.0004676487
2008-04-11,1.0877858e-05,0.059565686,0.927448,0.98701364,0.98701364,0.00043239523,0.020794116,0.00083763705
2008-04-14,1.4369426e-05,0.06495187,0.9199488,0.98490065,0.9849007,0.00041190203,0.02029537,0.0009516588
2008-04-15,1.4006717e-05,0.06547733,0.91924745,0.98472476,0.98472476,0.00040669792,0.020166753,0.0009169556
2008-04-16,2.6253432e-05,0.12114211,0.8456119,0.96675396,0.96675396,0.00040852165,0.020211918,0.000789671
2008-04-17,1.5627884e-05,0.06713642,0.91679573,0.98393214,0.98393214,0.0003831739,0.019574828,0.0009726175
2008-04-18,1.4000451e-05,0.06337299,0.92200303,0.985376,0.985376,0.0003669683,0.019156417,0.0009573613
2008-04-21,2.0692494e-05,0.075002715,0.9053437,0.98034644,0.98034644,0.00036770682,0.019175682,0.0010528625
2008-04-22,2.0331174e-05,0.07139177,0.9104542,0.981846,0.981846,0.00035677123,0.018888388,0.0011199265
2008-04-23,2.3348051e-05,0.0761551,0.9033947,0.97954977,0.97954977,0.00036280075,0.01904733,0.0011417009
2008-04-24,1.5593201e-05,0.065705605,0.91863513,0.9843407,0.9843407,0.00035760563,0.018910464,0.0009957807
2008-04-25,1.4768045e-05,0.06359588,0.9216724,0.9852683,0.9852683,0.00036871608,0.01920198,0.0010024668
2008-04-28,2.4108142e-05,0.08397075,0.89276546,0.9767362,0.9767362,0.000381949,0.019543516,0.0010362937
2008-04-29,1.7466919e-05,0.06812025,0.91533357,0.9834538,0.9834538,0.00036534187,0.019113919,0.001055646
2008-04-30,3.346063e-05,0.07676233,0.90204453,0.97880685,0.97880685,0.00040103457,0.020025847,0.001578842
2008-05-01,1.16451365e-05,0.06054557,0.92604834,0.9865939,0.9865939,0.00042346015,0.020578148,0.00086864474
2008-05-02,2.1987395e-05,0.06970155,0.9129847,0.9826863,0.9826863,0.00040822366,0.020204546,0.0012699406
2008-05-05,2.742472e-05,0.11598134,0.8501671,0.96614844,0.96614844,0.00047048315,0.021690624,0.00081014633
2008-05-06,2.0833022e-05,0.11678492,0.854615,0.9713999,0.9713999,0.0005364297,0.023160951,0.0007284249
2008-05-07,2.4346418e-05,0.088689,0.8870081,0.97569704,0.97569704,0.00050635793,0.022502398,0.0010017882
2008-05-08,3.249786e-05,0.15820764,0.80073845,0.9589461,0.9589461,0.00048974255,0.022130128,0.00079159025
2008-05-09,3.5470177e-05,0.115148075,0.8521291,0.96727717,0.96727717,0.00042483004,0.020611405,0.0010839581
2008-05-12,3.4031604e-05,0.16406545,0.78630733,0.95037276,0.9503728,0.00043457167,0.020846384,0.0006857444
2008-05-13,1.6474529e-05,0.06482958,0.9199413,0.9847709,0.9847709,0.00040820806,0.020204158,0.0010817791
2008-05-14,5.619097e-05,0.16210529,0.77145624,0.9335615,0.93356156,0.00040184264,0.020046012,0.0008457592
2008-05-15,1.372248e-05,0.06241493,0.92330915,0.9857241,0.9857241,0.00039307657,0.019826159,0.0009612334
2008-05-16,2.9221428e-05,0.079462446,0.89828223,0.9777447,0.9777447,0.00037672164,0.019409318,0.0013130098
2008-05-19,2.5145942e-05,0.08434696,0.89158636,0.9759333,0.9759333,0.0003908424,0.019769736,0.0010448444
2008-05-20,1.26219165e-05,0.061479677,0.924685,0.9861647,0.9861647,0.00037641573,0.019401437,0.0009122973
2008-05-21,3.1689542e-05,0.102708414,0.86515397,0.96786237,0.96786237,0.00037552702,0.019378519,0.0009860571
2008-05-22,3.7646907e-05,0.14395988,0.8079104,0.95187026,0.95187026,0.00045549317,0.021342285,0.0007821964
2008-05-23,3.8256196e-05,0.10444116,0.86749434,0.9719355,0.9719355,0.0004529056,0.02128158,0.0013631531
2008-05-27,1.1950432e-05,0.061123814,0.92522144,0.98634523,0.98634523,0.00044213532,0.021027014,0.0008751838
2008-05-28,1.29244445e-05,0.06190314,0.9240691,0.9859722,0.9859722,0.00046180325,0.021489607,0.0009213468
2008-05-29,2.1204609e-05,0.07805222,0.90108556,0.9791378,0.9791378,0.0004565956,0.021368098,0.0010164118
2008-05-30,1.3248928e-05,0.060956012,0.9254232,0.9863792,0.9863792,0.0005253982,0.022921566,0.0009726986
2008-06-02,1.4213525e-05,0.065003365,0.91986,0.9848634,0.9848634,0.0005013155,0.022390077,0.00093901705
2008-06-03,2.5830896e-05,0.079504505,0.8988221,0.9783266,0.9783266,0.00047592935,0.021815805,0.0011918258
2008-06-04,1.1927485e-05,0.060689144,0.9258287,0.98651785,0.98651785,0.00051422865,0.02267661,0.0008846869
2008-06-05,4.414091e-05,0.1703633,0.8021409,0.9725042,0.9725042,0.0005046172,0.022463685,0.0016053692
2008-06-06,3.6090318e-05,0.14014077,0.8110974,0.95123816,0.95123816,0.00077385403,0.027818233,0.0007401344
2008-06-09,2.5092264e-05,0.21351238,0.6490838,0.86259615,0.86259615,0.001572642,0.03965655,0.0001826169
2008-06-10,6.744135e-06,0.207256,0.77954453,0.98680055,0.98680055,0.0012503783,0.03536069,0.0005109407
2008-06-11,2.078003e-05,0.10853178,0.8702875,0.97881925,0.97881925,0.0010923098,0.033050112,0.0009810809
2008-06-12,1.0945469e-05,0.22880957,0.71764696,0.94645655,0.94645655,0.0011252171,0.033544254,0.00020442218
2008-06-13,1.553333e-05,0.081780754,0.899289,0.98106974,0.98106974,0.00081976975,0.028631622,0.00082055567
2008-06-16,1.6598266e-05,0.06550954,0.91915005,0.9846596,0.9846596,0.0007689615,0.027730156,0.0010819978
2008-06-17,1.930985e-05,0.072595805,0.9089694,0.98156524,0.98156524,0.00072367646,0.026901236,0.0010474693
2008-06-18,2.3032873e-05,0.07622716,0.9035833,0.9798105,0.9798105,0.00067871704,0.0260522,0.0011408329
2008-06-19,2.4042462e-05,0.08798669,0.8874638,0.9754505,0.9754505,0.00066526514,0.025792735,0.0009793469
2008-06-20,2.2633276e-05,0.06885364,0.914244,0.9830976,0.9830976,0.0007260096,0.026944565,0.0013390579
2008-06-23,2.1724301e-05,0.08376872,0.8935534,0.9773221,0.9773221,0.0007137769,0.026716603,0.00095795037
2008-06-24,1.8287526e-05,0.07224289,0.9096082,0.9818511,0.9818511,0.0006793555,0.02606445,0.0010076383
2008-06-25,1.9805775e-05,0.07353961,0.90766764,0.98120725,0.98120725,0.0006364343,0.02522765,0.0010539052
2008-06-26,2.0429836e-05,0.0689098,0.91418755,0.9830974,0.9830974,0.0006220593,0.024941117,0.0012086782
2008-06-27,3.5355555e-05,0.13319662,0.8212677,0.9544644,0.9544643,0.0006829041,0.026132435,0.0007764373
2008-06-30,2.318289e-05,0.075706266,0.90445757,0.9801638,0.9801638,0.00059816206,0.024457352,0.001168717
2008-07-01,1.8851077e-05,0.070823945,0.91148424,0.9823082,0.9823082,0.00056442356,0.0237576,0.0010655267
2008-07-02,2.6772888e-05,0.08694718,0.8885013,0.9754485,0.9754485,0.00053646177,0.023161644,0.0010904783
2008-07-03,5.377781e-05,0.13837834,0.8093604,0.9477387,0.9477387,0.000531708,0.023058794,0.001029018
2008-07-07,2.4392215e-05,0.078217246,0.90034544,0.9785627,0.9785627,0.000502969,0.02242697,0.0011378406
2008-07-08,2.4307074e-05,0.07079573,0.91134465,0.98214036,0.98214036,0.00053677516,0.02316841,0.0013610059
2008-07-09,3.415527e-05,0.07635947,0.903001,0.97936046,0.97936046,0.00061935926,0.024886928,0.0016548466
2008-07-10,1.8260738e-05,0.07173008,0.91040725,0.9821373,0.9821373,0.0005934394,0.024360612,0.0010222845
2008-07-11,1.5411564e-05,0.18012634,0.78202677,0.96215314,0.9621531,0.000673866,0.02595893,0.00040720848
2008-07-14,1.44386995e-05,0.0710921,0.91196,0.98305213,0.98305213,0.00064346474,0.025366606,0.000851948
2008-07-15,1.4243221e-05,0.0669208,0.91743624,0.98435706,0.98435706,0.00060126727,0.024520751,0.00091052067
2008-07-16,4.446038e-05,0.12907325,0.84618753,0.9752608,0.9752608,0.00070508616,0.02655346,0.0017971628
2008-07-17,1.4568871e-05,0.13186894,0.8527188,0.9845877,0.9845877,0.00076142186,0.027593873,0.00094527734
2008-07-18,5.978937e-05,0.09469738,0.88032484,0.9750222,0.9750222,0.00088001543,0.029665055,0.0023937002
2008-07-21,1.0505082e-05,0.058086976,0.92951524,0.98760223,0.98760223,0.0008355928,0.028906623,0.0008473367
2008-07-22,9.589278e-06,0.058072455,0.9295658,0.98763824,0.98763824,0.00080279115,0.028333569,0.0007757208
2008-07-23,1.4102962e-05,0.05934007,0.92763793,0.986978,0.986978,0.0007895691,0.028099272,0.00108301
2008-07-24,1.8363186e-05,0.16275775,0.8209795,0.98373723,0.98373723,0.00079323974,0.028164512,0.0011291548
2008-07-25,1.412352e-05,0.060069118,0.9265986,0.98666775,0.98666775,0.000680445,0.026085341,0.0010593502
2008-07-28,1.5427127e-05,0.059848055,0.92690754,0.9867556,0.9867556,0.00066445104,0.025776949,0.0011648047
2008-07-29,1.097924e-05,0.058094032,0.9294907,0.9875847,0.9875847,0.00063938886,0.02528614,0.00088433217
2008-07-30,1.3984428e-05,0.058861736,0.9283141,0.9871758,0.9871758,0.0006304491,0.025108745,0.0010904736
2008-07-31,9.611524e-06,0.058162615,0.92945397,0.9876166,0.9876166,0.00067791116,0.026036726,0.00077616185
2008-08-01,1.1230357e-05,0.13525258,0.851628,0.9868806,0.9868806,0.0006670519,0.025827348,0.0008560115
2008-08-04,1.0106384e-05,0.0580808,0.9295367,0.9876175,0.9876175,0.00058785576,0.024245737,0.00081618235
2008-08-05,6.027068e-05,0.1013196,0.87461317,0.9759328,0.9759328,0.0006094361,0.02468676,0.002504264
2008-08-06,1.1196194e-05,0.0705785,0.9174832,0.9880617,0.9880617,0.00062933273,0.025086505,0.0009378402
2008-08-07,1.4683552e-05,0.0589739,0.92813534,0.98710924,0.98710924,0.00059050793,0.024300369,0.0011390761
2008-08-08,1.220819e-05,0.058111127,0.92943084,0.987542,0.987542,0.00057101133,0.023895843,0.0009799458
2008-08-11,4.098698e-05,0.16409896,0.81456465,0.9786636,0.9786636,0.0006416927,0.025331654,0.0019209906
2008-08-12,1.9183753e-05,0.06073968,0.92553467,0.98627436,0.98627436,0.0005712082,0.023899961,0.0013976584
2008-08-13,1.8041601e-05,0.059995677,0.9266067,0.98660237,0.98660237,0.0005579643,0.023621269,0.0013466259
2008-08-14,1.1435307e-05,0.058100563,0.9294678,0.9875684,0.9875684,0.00057522504,0.02398385,0.0009198564
2008-08-15,2.1926098e-05,0.062825486,0.9224759,0.9853014,0.9853014,0.0005505973,0.02346481,0.0014917109
2008-08-18,3.372796e-05,0.07337316,0.9083448,0.98171794,0.98171794,0.00053754967,0.023185117,0.0018448669
2008-08-19,3.817032e-05,0.073909886,0.90679955,0.98070943,0.98070943,0.0005269184,0.022954702,0.001978704
2008-08-20,1.0971886e-05,0.058093924,0.92949104,0.98758495,0.98758495,0.0005312245,0.023048308,0.0008837568
2008-08-21,1.1499952e-05,0.058101475,0.9294647,0.9875662,0.9875662,0.00050552835,0.022483958,0.0009248924
2008-08-22,1.05229365e-05,0.09314756,0.8879084,0.981056,0.981056,0.00064017705,0.025301721,0.00055547524
2008-08-25,1.6665335e-05,0.22649597,0.75675714,0.9832531,0.9832531,0.0008726693,0.029540977,0.0009951309
2008-08-26,6.495826e-06,0.09708128,0.8904401,0.9875214,0.9875214,0.0006812314,0.02610041,0.0005205577
2008-08-27,9.498889e-06,0.058411185,0.92915213,0.9875633,0.9875633,0.0006223936,0.024947818,0.0007637796
2008-08-28,8.85654e-06,0.06296589,0.9240324,0.98699826,0.98699826,0.0006023822,0.024543475,0.00068118115
2008-08-29,1.4878833e-05,0.059632044,0.9272048,0.98683685,0.98683685,0.0005963525,0.02442033,0.0011303399
2008-09-02,1.3162951e-05,0.06022309,0.92643803,0.98666114,0.98666114,0.0005679306,0.023831295,0.000986812
2008-09-03,0.00030742382,0.22287521,0.6946198,0.917495,0.917495,0.00069793913,0.026418537,0.003726124
2008-09-04,1.1634938e-05,0.058103353,0.92945814,0.98756146,0.98756146,0.0007949956,0.028195666,0.00093539455
2008-09-05,1.3988566e-05,0.058433145,0.9289262,0.98735934,0.9873594,0.0007614233,0.0275939,0.001106633
2008-09-08,2.7731794e-05,0.06500182,0.9192011,0.9842029,0.9842029,0.00073577836,0.027125236,0.0017555014
2008-09-09,1.3062389e-05,0.058122136,0.9293921,0.98751426,0.98751426,0.0007041013,0.026534908,0.0010461845
2008-09-10,5.0698418e-05,0.083987534,0.89434206,0.9783296,0.9783296,0.0007184748,0.02680438,0.0023395238
2008-09-11,2.7211303e-05,0.06481027,0.91937447,0.98418474,0.98418474,0.00069719617,0.026404472,0.0017205728
2008-09-12,1.5540458e-05,0.058560222,0.9287069,0.9872671,0.98726714,0.00068703317,0.026211318,0.0012204942
2008-09-15,1.5665257e-05,0.05900662,0.92806923,0.98707587,0.98707587,0.00065406197,0.025574636,0.0012120933
2008-09-16,8.230344e-05,0.22203508,0.74576724,0.96780235,0.9678023,0.0008065146,0.028399201,0.0025561939
2008-09-17,0.00018147711,0.19726914,0.7515765,0.9488456,0.9488456,0.0012180684,0.034900837,0.003547636
2008-09-18,1.13629585e-05,0.058099534,0.9294714,0.9875709,0.9875709,0.0018952555,0.043534532,0.0009142208
2008-09-19,1.4382455e-05,0.058138043,0.92933595,0.987474,0.98747396,0.0017759146,0.0421416,0.0011482104
2008-09-22,9.5516425e-06,0.17502533,0.79442203,0.9694474,0.9694474,0.0019156415,0.04376804,0.00031262918
2008-09-23,2.9823026e-05,0.12759022,0.82886076,0.956451,0.956451,0.005222739,0.07226852,0.0006848154
2008-09-24,1.0909904e-06,0.23445733,0.758082,0.9925393,0.9925393,0.0063904854,0.07994051,0.00014623138
2008-09-25,3.1203383e-06,0.22858062,0.7567438,0.9853244,0.9853244,0.00486265,0.0697327,0.00021262058
2008-09-26,2.2131726e-06,0.19958313,0.788028,0.9876111,0.9876111,0.003785531,0.06152667,0.00017864179
2008-09-29,3.3758483e-06,0.17717755,0.81202686,0.9892044,0.9892044,0.0030084006,0.054848887,0.00031270614
2008-09-30,3.5142555e-05,0.17586806,0.80770636,0.98357445,0.9835744,0.0043568676,0.06600657,0.0021395055
2008-10-01,2.522555e-05,0.11509057,0.85070115,0.9657917,0.9657917,0.0038811576,0.06229894,0.0007374103
2008-10-02,1.7118698e-05,0.07418825,0.9134639,0.9876521,0.9876521,0.0033797706,0.058135793,0.0013863677
2008-10-03,3.1863798e-05,0.06359802,0.92174834,0.9853464,0.9853464,0.003272677,0.057207316,0.0021744655
2008-10-06,2.1240867e-05,0.059283666,0.9275422,0.9868259,0.9868259,0.0030485394,0.055213578,0.0016123181
2008-10-07,0.00021472022,0.19534628,0.7537607,0.949107,0.949107,0.003115652,0.055818025,0.0042190515
2008-10-08,3.8273905e-05,0.066388555,0.916669,0.98305756,0.98305756,0.0026858784,0.05182546,0.002259055
2008-10-09,3.3892255e-05,0.0631545,0.92168826,0.9848428,0.9848428,0.0025109423,0.050109304,0.0022360466
2008-10-10,2.9694973e-05,0.06142992,0.92430043,0.98573035,0.98573035,0.0023946767,0.048935432,0.0020809881
2008-10-13,0.00023299624,0.18271318,0.7664939,0.9492071,0.94920707,0.0029671618,0.05447166,0.0045871837
2008-10-14,3.5336212e-05,0.07644627,0.90220344,0.97864974,0.97864974,0.0028562117,0.053443536,0.0016550714
2008-10-15,2.402379e-05,0.058423944,0.928727,0.9871509,0.9871509,0.0026918629,0.051883165,0.0018696877
2008-10-16,9.290288e-05,0.07924125,0.8960303,0.9752716,0.9752716,0.0026922277,0.05188668,0.003756928
2008-10-17,0.00010762692,0.08237896,0.8912454,0.9736244,0.9736244,0.002842327,0.05331348,0.00408055
2008-10-20,3.4384128e-05,0.06319295,0.9215893,0.9847823,0.9847823,0.0027053875,0.05201334,0.0022594794
2008-10-21,1.9433193e-05,0.05819043,0.9291497,0.9873401,0.9873401,0.0025948775,0.05093994,0.0015350186
2008-10-22,2.4365372e-05,0.058234017,0.9289925,0.98722655,0.98722655,0.0025565375,0.050562214,0.0019075007
2008-10-23,0.000100339355,0.08021403,0.89434123,0.97455525,0.97455525,0.0026119102,0.05110685,0.0039434214
2008-10-24,9.184922e-05,0.07771164,0.89625233,0.973964,0.973964,0.002456709,0.0495652,0.0035277745
2008-10-27,9.118308e-05,0.07560408,0.9003881,0.9759922,0.9759922,0.0025388317,0.05038682,0.003798061
2008-10-28,5.886912e-05,0.067695,0.9141827,0.98187774,0.98187774,0.0023937705,0.048926175,0.0032484431
2008-10-29,4.620392e-05,0.06497729,0.9186703,0.9836476,0.9836476,0.002251566,0.04745067,0.0028255105
2008-10-30,1.527399e-05,0.058148164,0.92930037,0.9874485,0.9874485,0.002461385,0.049612347,0.0012169069
2008-10-31,3.8600196e-05,0.063485,0.9210557,0.9845407,0.9845407,0.002334255,0.048314128,0.0024968917
2008-11-03,2.286622e-05,0.059883125,0.9266407,0.9865238,0.9865238,0.0022363209,0.047289755,0.0016967863
2008-11-04,5.7022007e-05,0.06925315,0.9116879,0.98094106,0.98094106,0.0023069342,0.048030555,0.0029918768
2008-11-05,3.9773284e-05,0.12639776,0.8240324,0.95043015,0.95043015,0.0028297394,0.053195294,0.0008023685
2008-11-06,2.5376925e-05,0.059084296,0.92775065,0.98683494,0.98683494,0.0031265267,0.055915352,0.0019275971
2008-11-07,5.5277767e-05,0.067377605,0.9146856,0.98206323,0.98206323,0.0032334488,0.056863423,0.0030818135
2008-11-10,3.569729e-05,0.06619268,0.91690254,0.9830952,0.9830952,0.0030140528,0.05490039,0.0021116694
2008-11-11,1.3884656e-05,0.058132183,0.9293567,0.98748887,0.98748887,0.0028312046,0.053209066,0.001109784
2008-11-12,6.059779e-05,0.069367304,0.91137177,0.98073906,0.98073906,0.0027953892,0.05287144,0.0031461488
2008-11-13,7.247996e-05,0.07188854,0.90694815,0.9788367,0.9788367,0.002819208,0.053096212,0.0034247974
2008-11-14,2.0930518e-05,0.059023835,0.92792314,0.986947,0.986947,0.002723194,0.05218423,0.0016035025
2008-11-17,4.9037928e-05,0.06649701,0.91628236,0.9827794,0.9827794,0.0025740184,0.050734784,0.0028476291
2008-11-18,4.4230383e-05,0.064858966,0.9189142,0.9837732,0.9837732,0.0025014132,0.05001413,0.0027257565
2008-11-19,0.000100402,0.07877027,0.8943571,0.97312737,0.97312737,0.0023499404,0.048476182,0.0037362173
2008-11-20,6.344431e-05,0.07113416,0.90853584,0.97967,0.97967,0.002218641,0.047102455,0.0031207218
2008-11-21,0.00024733454,0.103660144,0.8430445,0.9467047,0.9467047,0.0025093511,0.050093424,0.0046408307
2008-11-24,3.3839246e-05,0.06250053,0.9226734,0.98517394,0.98517394,0.0023665484,0.048647184,0.0022824167
2008-11-25,1.43616835e-05,0.0581378,0.92933685,0.9874746,0.9874746,0.0026941663,0.05190536,0.0011466066
2008-11-26,5.1007843e-05,0.06587701,0.91712797,0.983005,0.983005,0.0028123239,0.053031348,0.0030013418
2008-11-28,1.1853361e-05,0.058106348,0.92944753,0.9875539,0.9875539,0.0029489775,0.054304488,0.00095237506
2008-12-01,4.7884667e-05,0.06748422,0.9146508,0.982135,0.982135,0.0027527835,0.052466974,0.0026803617
2008-12-02,2.4428326e-05,0.05836402,0.9288053,0.9871693,0.9871693,0.003235651,0.056882784,0.0019039003
2008-12-03,5.388257e-05,0.06636058,0.9163,0.9826606,0.9826606,0.0031667806,0.056274157,0.0031075208
2008-12-04,4.704222e-05,0.066428944,0.9163868,0.98281574,0.98281574,0.0029565948,0.05437458,0.0027375184
2008-12-05,9.628797e-05,0.0748964,0.90105236,0.97594875,0.97594875,0.003074958,0.055452302,0.00400345
2008-12-08,0.0001024512,0.075751394,0.8993528,0.9751042,0.9751042,0.0032130259,0.05668356,0.0041152025
2008-12-09,3.0761923e-05,0.06424703,0.92000043,0.98424745,0.98424745,0.003346621,0.05784999,0.0019528213
2008-12-10,3.5520723e-05,0.060454663,0.925564,0.98601866,0.98601866,0.0032047872,0.05661084,0.0025405802
2008-12-11,2.244558e-05,0.058217645,0.9290518,0.98726946,0.98726946,0.0030702003,0.055409387,0.0017631288
2008-12-12,2.8576682e-05,0.07980992,0.8987585,0.9785684,0.9785684,0.0034262717,0.058534365,0.0013333885
2008-12-15,2.2426184e-05,0.05833788,0.9288803,0.98721814,0.98721814,0.0032132054,0.056685142,0.0017545323
2008-12-16,2.939096e-05,0.059893623,0.9264975,0.9863911,0.9863911,0.0030969104,0.05564989,0.002159691
2008-12-17,2.3772192e-05,0.05923013,0.9275698,0.98679996,0.98679996,0.0029248204,0.054081608,0.0018009176
2008-12-18,4.1102216e-05,0.061783824,0.9234668,0.98525065,0.98525065,0.0031638495,0.056248106,0.0027867141
2008-12-19,4.9446986e-05,0.06246399,0.9223064,0.9847704,0.9847704,0.0035931328,0.059942745,0.003246772
2008-12-22,4.752044e-05,0.06158223,0.92364705,0.98522925,0.98522925,0.0036465032,0.06038628,0.0032171996
2008-12-23,3.3584012e-05,0.061508168,0.9244672,0.9859754,0.9859754,0.005069072,0.07119741,0.0023946476
2008-12-24,2.3414917e-05,0.058226,0.9290217,0.9872477,0.9872477,0.004754664,0.06895407,0.0018361337
2008-12-26,3.8086902e-05,0.05935115,0.9271339,0.98648506,0.98648506,0.004999673,0.070708364,0.0028181341
2008-12-29,5.8631857e-05,0.086685166,0.88653725,0.97322243,0.97322243,0.004919518,0.070139274,0.0021895887
2008-12-30,1.8023486e-05,0.05868136,0.9284658,0.98714715,0.98714715,0.0047239303,0.06873085,0.0014022951
2008-12-31,3.2265023e-05,0.060491472,0.9255624,0.9860539,0.9860538,0.004441554,0.06664499,0.002313549
2009-01-02,4.501918e-05,0.09392045,0.8755755,0.96949595,0.96949595,0.0052158916,0.07222113,0.0014758428
2009-01-05,1.3561922e-05,0.060425095,0.9261179,0.986543,0.986543,0.004747786,0.068904184,0.0010077968
2009-01-06,3.350436e-05,0.14096528,0.81412184,0.9550871,0.9550871,0.004572028,0.06761677,0.0007459856
2009-01-07,2.6337546e-05,0.118733704,0.8525953,0.97132903,0.97132903,0.0037591623,0.06131201,0.0009186138
2009-01-08,3.6021083e-05,0.06270013,0.9230664,0.98576653,0.98576653,0.005265611,0.072564535,0.002530731
2009-01-09,2.7450884e-05,0.06121799,0.9245561,0.98577404,0.98577404,0.004927697,0.07019756,0.0019296332
2009-01-12,1.7814209e-05,0.058174767,0.92920554,0.9873803,0.9873803,0.004611215,0.067905925,0.0014116219
2009-01-13,2.5038764e-05,0.058239624,0.92897224,0.9872119,0.9872119,0.004702549,0.06857514,0.0019579711
2009-01-14,2.353358e-05,0.058227003,0.929018,0.987245,0.987245,0.00439492,0.06629419,0.0018450507
2009-01-15,2.5901596e-05,0.05840116,0.92872524,0.9871264,0.9871264,0.004117202,0.06416543,0.0020119948
2009-01-16,4.7065274e-05,0.06351542,0.9207501,0.9842655,0.9842655,0.0040074666,0.06330455,0.0029912163
2009-01-20,3.4827382e-05,0.06085582,0.9249967,0.9858525,0.9858525,0.003796554,0.061616182,0.0024617305
2009-01-21,3.4699384e-05,0.060087714,0.92611575,0.9862035,0.9862035,0.0037588133,0.061309163,0.0025150846
2009-01-22,2.2373553e-05,0.06450176,0.92033875,0.9848405,0.9848405,0.0043355087,0.06584458,0.001475878
2009-01-23,5.741706e-05,0.083130255,0.8958623,0.9789925,0.9789925,0.0040129176,0.06334759,0.0027331724
2009-01-26,0.00011643052,0.14028868,0.7822784,0.92256707,0.9225671,0.0039710375,0.06301617,0.0015036305
2009-01-27,1.4451676e-05,0.05813886,0.92933327,0.9874721,0.9874721,0.0032601182,0.057097446,0.0011535609
2009-01-28,1.7847493e-05,0.05817511,0.92920446,0.98737955,0.98737955,0.0035730244,0.059774783,0.0014141726
2009-01-29,1.3683495e-05,0.059552297,0.9272943,0.9868466,0.9868466,0.0033487005,0.057867955,0.001040303
2009-01-30,1.2982154e-05,0.058121122,0.9293957,0.9875168,0.9875168,0.0031370765,0.05600961,0.0010399717
2009-02-02,1.4412986e-05,0.05843898,0.92890054,0.9873395,0.9873395,0.0029303492,0.0541327,0.0011384212
2009-02-03,3.0873216e-05,0.062042903,0.9233958,0.9854387,0.9854387,0.0028270523,0.053170033,0.0021202245
2009-02-04,3.9654446e-05,0.0687568,0.9128946,0.9816514,0.9816514,0.0026594526,0.05156988,0.0021611731
2009-02-05,1.8377756e-05,0.058180325,0.9291858,0.98736614,0.98736614,0.002476678,0.049766235,0.001454643
2009-02-06,1.6892533e-05,0.058371663,0.92894435,0.987316,0.987316,0.0023444188,0.0484192,0.0013317998
2009-02-09,2.3586146e-05,0.05995023,0.9265247,0.98647493,0.98647493,0.002230708,0.04723037,0.0017438836
2009-02-10,4.7062582e-05,0.07004889,0.9107181,0.98076695,0.98076695,0.00210487,0.04587886,0.0024469644
2009-02-11,4.408225e-05,0.06705273,0.9154729,0.98252565,0.98252565,0.0021562215,0.046435133,0.0025226828
2009-02-12,2.8424993e-05,0.06192267,0.92357016,0.9854928,0.9854928,0.0021482175,0.046348866,0.0019593749
2009-02-13,3.712725e-05,0.06365741,0.920841,0.9844984,0.9844984,0.0022088487,0.04699839,0.0023950564
2009-02-17,2.4683539e-05,0.060164455,0.9262045,0.98636895,0.98636895,0.002689965,0.051864874,0.0018108324
2009-02-18,7.727317e-05,0.0764194,0.9014177,0.9778371,0.9778371,0.0028237144,0.053138632,0.003486598
2009-02-19,6.911897e-05,0.07580095,0.9019485,0.97774947,0.97774947,0.0026290212,0.051273983,0.0031063962
2009-02-20,8.203685e-05,0.1388634,0.7940591,0.9329225,0.9329225,0.0037436532,0.0611854,0.0012230156
2009-02-23,1.7223305e-05,0.058168832,0.9292268,0.98739564,0.98739564,0.0030819767,0.055515554,0.0013664566
2009-02-24,1.9130419e-05,0.058463622,0.9287657,0.98722935,0.98722935,0.0028911552,0.05376946,0.0014979985
2009-02-25,1.4637518e-05,0.0726089,0.9109424,0.98355126,0.98355126,0.0027911838,0.052831654,0.0008898871
2009-02-26,1.9517129e-05,0.10386825,0.86982024,0.9736885,0.9736885,0.002830861,0.053205837,0.0007417713
2009-02-27,1.8700986e-05,0.13315026,0.82963896,0.96278924,0.96278924,0.0028785188,0.05365183,0.0005025693
2009-03-02,9.7006005e-06,0.068729505,0.9184221,0.9871516,0.9871516,0.0024214087,0.04920781,0.00075500587
2009-03-03,1.6441503e-05,0.05816076,0.92925555,0.9874163,0.9874163,0.0030491117,0.055218764,0.0013065742
2009-03-04,2.063562e-05,0.1214361,0.84733206,0.9687682,0.9687682,0.0029270784,0.05410248,0.0006607242
2009-03-05,2.2291755e-05,0.15028545,0.8036976,0.95398307,0.95398307,0.0033892328,0.05821712,0.00048442508
2009-03-06,2.4193918e-05,0.06765578,0.9181031,0.9857589,0.9857589,0.0029869464,0.054652963,0.0016988799
2009-03-09,5.6369758e-05,0.19860679,0.69610196,0.89470875,0.89470875,0.0028894537,0.053753637,0.00053536985
2009-03-10,1.1906215e-05,0.091560304,0.89141357,0.9829739,0.9829739,0.002287241,0.04782511,0.0006992909
2009-03-11,1.5855378e-05,0.110354,0.87195766,0.98231167,0.98231167,0.0021307727,0.046160292,0.00089637487
2009-03-12,1.96381e-05,0.05876468,0.9283236,0.9870883,0.9870883,0.0025290945,0.050290104,0.0015209566
2009-03-13,6.30997e-05,0.1852127,0.67145705,0.8566697,0.8566698,0.0030159703,0.05491785,0.00044023988
2009-03-16,1.2965578e-05,0.06041654,0.92690694,0.98732346,0.98732346,0.0021414845,0.04627618,0.0010228013
2009-03-17,2.1281712e-05,0.10253241,0.8717536,0.97428596,0.97428596,0.0020306294,0.045062505,0.00082763005
2009-03-18,2.9334024e-05,0.17420998,0.7636957,0.93790567,0.93790567,0.0019339533,0.043976735,0.00047241067
2009-03-19,2.159404e-05,0.16764197,0.81068385,0.97832584,0.97832584,0.0015846206,0.039807294,0.0009963036
2009-03-20,3.615855e-05,0.18119393,0.7359609,0.91715485,0.91715485,0.0021128024,0.04596523,0.0004364595
2009-03-23,1.4724392e-05,0.096235804,0.88148767,0.9777235,0.9777235,0.001612833,0.040160093,0.00066098257
2009-03-24,3.057681e-05,0.21279392,0.67897797,0.89177185,0.8917719,0.0016969766,0.041194376,0.0002825218
2009-03-25,1.7933962e-05,0.1693113,0.7917767,0.961088,0.961088,0.0011848339,0.034421418,0.00046088515
2009-03-26,1.2798606e-05,0.10364229,0.8751158,0.9787581,0.9787581,0.0010449161,0.032325163,0.0006025169
2009-03-27,4.7332833e-05,0.13213773,0.8196767,0.9518144,0.9518144,0.001014863,0.031856913,0.0009823027
2009-03-30,2.1020667e-05,0.07530275,0.90684414,0.98214686,0.98214686,0.0010598347,0.032555103,0.0011774212
2009-03-31,1.534269e-05,0.061838996,0.92554396,0.98738295,0.98738295,0.001452765,0.038115155,0.0012160281
2009-04-01,1.3259127e-05,0.079522796,0.90274495,0.98226774,0.98226774,0.0013993828,0.037408326,0.00074774027
2009-04-02,1.5640891e-05,0.065914325,0.9192187,0.98513305,0.98513305,0.0013309029,0.03648154,0.001052058
2009-04-03,3.2932163e-05,0.1704202,0.7579733,0.92839354,0.9283935,0.001703513,0.041273635,0.00045990493
2009-04-06,9.074568e-06,0.069803454,0.91634536,0.98614883,0.98614883,0.001325402,0.03640607,0.0006551483
2009-04-07,1.2186858e-05,0.058440387,0.9289568,0.9873972,0.9873972,0.0012800451,0.035777718,0.0009669956
2009-04-08,1.5121705e-05,0.05934301,0.9276006,0.9869436,0.9869436,0.0012864242,0.035866756,0.0011581836
2009-04-09,1.1204156e-05,0.05905603,0.92825425,0.9873103,0.9873103,0.0012095744,0.034778938,0.00088293245
2009-04-13,1.3318354e-05,0.08990137,0.8898828,0.9797842,0.9797842,0.0013196252,0.036326647,0.00065880886
2009-04-14,1.1333526e-05,0.058099125,0.9294728,0.98757195,0.98757195,0.001354355,0.03680156,0.0009119315
2009-04-15,9.693576e-06,0.06235513,0.9242618,0.98661697,0.98661697,0.0012801521,0.035779215,0.0007243185
2009-04-16,1.1091189e-05,0.0632319,0.92330486,0.98653674,0.98653674,0.0011936452,0.03454917,0.0008238116
2009-04-17,1.2467668e-05,0.08702899,0.89407986,0.98110884,0.98110884,0.0011264388,0.033562463,0.0006599738
2009-04-20,9.57869e-06,0.0585033,0.9289663,0.9874696,0.98746955,0.0010235477,0.03199293,0.0007644369
2009-04-21,3.4663874e-05,0.06651947,0.9166833,0.9832028,0.9832028,0.0014643527,0.03826686,0.0020636716
2009-04-22,1.3841055e-05,0.060113832,0.92655474,0.9866686,0.9866686,0.0013889554,0.03726869,0.0010382286
2009-04-23,1.0774556e-05,0.062449012,0.92479247,0.9872415,0.9872415,0.0014442282,0.038003,0.00084450067
2009-04-24,1.30479175e-05,0.06182017,0.92462736,0.9864475,0.9864475,0.001361199,0.03689443,0.00096276926
2009-04-27,1.705358e-05,0.12610419,0.84447664,0.9705808,0.9705808,0.0013605426,0.036885533,0.0005796755
2009-04-28,1.4114583e-05,0.06011745,0.9269867,0.9871041,0.9871041,0.0012646635,0.03556211,0.0010945031
2009-04-29,1.0200099e-05,0.076720744,0.9092574,0.9859782,0.9859781,0.0011877327,0.0344635,0.000727445
2009-04-30,9.5731375e-06,0.068114944,0.91756433,0.98567927,0.98567927,0.0011226404,0.033505827,0.00066848105
2009-05-01,9.723423e-06,0.0583287,0.9291934,0.98752207,0.98752207,0.0010401646,0.03225158,0.0007792494
2009-05-04,2.0258076e-05,0.1532175,0.8072304,0.9604479,0.9604479,0.0010679114,0.032678913,0.0005121872
2009-05-05,1.2806545e-05,0.1441478,0.8282944,0.9724422,0.9724422,0.00096587103,0.031078465,0.00046471597
2009-05-06,1.31489605e-05,0.07389855,0.90960175,0.9835003,0.9835003,0.00083314785,0.0288643,0.00079692126
2009-05-07,2.3205097e-05,0.15998746,0.79347557,0.953463,0.953463,0.0009216244,0.030358268,0.0004986378
2009-05-08,1.377501e-05,0.122086264,0.85358924,0.9756755,0.9756755,0.00076085667,0.02758363,0.00056630245
2009-05-11,2.2525131e-05,0.17271905,0.78076124,0.9534803,0.9534803,0.0007966517,0.02822502,0.00048420634
2009-05-12,1.9240975e-05,0.10269853,0.8732258,0.9759243,0.9759243,0.0006455635,0.025407942,0.000799187
2009-05-13,2.8817552e-05,0.13617459,0.8238627,0.9600373,0.96003723,0.0005863318,0.02421429,0.0007211111
2009-05-14,1.674635e-05,0.07921757,0.9011124,0.98032993,0.98032993,0.00054027763,0.023243872,0.000851362
2009-05-15,2.4964567e-05,0.11443904,0.8530923,0.9675314,0.9675313,0.0005115982,0.022618536,0.000768883
2009-05-18,1.3674032e-05,0.061434112,0.9247354,0.9861695,0.9861695,0.00064367894,0.025370829,0.000988688
2009-05-19,4.779228e-05,0.19436651,0.69953835,0.89390486,0.89390486,0.00074118766,0.027224762,0.00045046626
2009-05-20,2.5038435e-05,0.109510265,0.8590084,0.9685186,0.9685186,0.00058654364,0.024218664,0.0007953409
2009-05-21,2.4396906e-05,0.20895906,0.724872,0.93383104,0.93383104,0.00069585064,0.026378982,0.00036870618
2009-05-22,1.9023471e-05,0.089367576,0.88984686,0.97921443,0.97921443,0.00058448425,0.02417611,0.0009152249
2009-05-26,1.7542992e-05,0.1286181,0.842718,0.9713361,0.9713361,0.000547824,0.023405641,0.00061202445
2009-05-27,1.7673525e-05,0.09827707,0.87808096,0.97635806,0.97635806,0.00049875927,0.02233292,0.0007475496
2009-05-28,1.8108767e-05,0.12719932,0.8437538,0.97095317,0.9709531,0.00047968776,0.021901775,0.00062343344
2009-05-29,2.405384e-05,0.1314643,0.83232534,0.96378964,0.96378964,0.00050315564,0.022431131,0.0006642806
2009-06-01,3.098802e-05,0.16279848,0.7891335,0.95193195,0.95193195,0.00048776437,0.022085387,0.0006446698
2009-06-02,4.6309153e-05,0.20254306,0.6212545,0.8237976,0.8237976,0.0005977506,0.024448939,0.00026281792
2009-06-03,3.3232664e-05,0.14483774,0.81295794,0.9577957,0.9577957,0.00041775688,0.020439101,0.0007874233
2009-06-04,1.3040194e-05,0.0630491,0.92282,0.98586905,0.98586905,0.0005640222,0.023749152,0.00092281087
2009-06-05,2.976544e-05,0.19707452,0.73067576,0.9277503,0.9277503,0.0006325996,0.025151532,0.00041198006
2009-06-08,1.4396111e-05,0.09140128,0.8885097,0.97991097,0.97991097,0.00049823686,0.02232122,0.0007166155
2009-06-09,1.9405137e-05,0.098103575,0.87860096,0.97670454,0.97670454,0.0004597156,0.02144098,0.00083300075
2009-06-10,2.4397139e-05,0.18123317,0.7675762,0.9488094,0.9488094,0.0004978784,0.022313189,0.000476594
2009-06-11,1.9089981e-05,0.17208669,0.78820884,0.96029556,0.96029556,0.00046818654,0.021637619,0.00048080215
2009-06-12,1.9036292e-05,0.1437257,0.8230366,0.9667623,0.9667623,0.00044708536,0.021144394,0.000572732
2009-06-15,1.8384728e-05,0.091004945,0.88801473,0.9790197,0.9790197,0.0003988613,0.019971512,0.0008762853
2009-06-16,1.3684428e-05,0.07403212,0.90872365,0.9827558,0.9827558,0.0004095161,0.020236503,0.0007935661
2009-06-17,2.3789049e-05,0.099130325,0.87421614,0.9733465,0.9733465,0.00038623533,0.019652871,0.0008925291
2009-06-18,3.1892298e-05,0.13043194,0.83152384,0.9619558,0.9619558,0.00036728452,0.019164668,0.0008382956
2009-06-19,1.28616775e-05,0.06266913,0.92316866,0.9858378,0.9858378,0.00033998312,0.018438632,0.00090817054
2009-06-22,3.7210775e-05,0.08608832,0.8913582,0.9774465,0.9774465,0.00036931597,0.019217595,0.0016498889
2009-06-23,2.1452901e-05,0.07100568,0.91143453,0.98244023,0.98244023,0.00049491716,0.022246733,0.0012217077
2009-06-24,2.7007014e-05,0.15740266,0.79757893,0.95498157,0.95498157,0.0005531452,0.02351904,0.0005999101
2009-06-25,1.6826974e-05,0.070544474,0.9138754,0.9844199,0.9844199,0.0004795685,0.021899052,0.0010800287
2009-06-26,1.7048425e-05,0.12852518,0.84287584,0.97140104,0.97140104,0.00048993825,0.022134548,0.0005961204
2009-06-29,1.01014775e-05,0.058952488,0.92832154,0.98727405,0.98727405,0.00046124792,0.021476684,0.0007937701
2009-06-30,2.0735637e-05,0.20526288,0.738426,0.9436889,0.9436889,0.00050208543,0.022407264,0.00036823374
2009-07-01,1.0869614e-05,0.0593188,0.9277917,0.9871105,0.9871105,0.0004988789,0.022335596,0.00084329187
2009-07-02,2.6237e-05,0.18981309,0.772024,0.96183705,0.96183705,0.00047808368,0.021865124,0.0006874993
2009-07-06,2.0952071e-05,0.103723735,0.87975097,0.9834747,0.98347473,0.0006719165,0.025921352,0.0012678762
2009-07-07,1.806626e-05,0.08274831,0.9019472,0.9846955,0.9846955,0.0007883827,0.028078154,0.0011804536
2009-07-08,1.3381332e-05,0.06019856,0.92646873,0.9866673,0.9866673,0.00075559795,0.027488142,0.0010036457
2009-07-09,3.4049324e-05,0.17440775,0.8041805,0.9785883,0.9785882,0.0008385172,0.028957162,0.0015902192
2009-07-10,1.1839445e-05,0.058269575,0.9292166,0.9874862,0.9874862,0.0007115058,0.026674066,0.0009461098
2009-07-13,2.0469606e-05,0.06268379,0.922711,0.9853948,0.98539484,0.00067758077,0.026030382,0.0014015263
2009-07-14,2.231739e-05,0.064075254,0.92067534,0.98475057,0.98475057,0.0006464857,0.025426084,0.00146349
2009-07-15,1.35346e-05,0.058815736,0.9284007,0.9872164,0.9872164,0.00061813276,0.024862276,0.0010587482
2009-07-16,3.1336414e-05,0.08930281,0.8847395,0.9740423,0.9740423,0.0006519917,0.025534129,0.0012072106
2009-07-17,1.0860578e-05,0.0580923,0.92949677,0.98758906,0.98758906,0.0006132445,0.024763774,0.0008750811
2009-07-20,1.8870653e-05,0.08757401,0.8902779,0.9778519,0.9778519,0.00061514176,0.024802051,0.0008520223
2009-07-21,1.2382919e-05,0.14410771,0.8325307,0.9766384,0.9766384,0.00057004666,0.02387565,0.00053005386
2009-07-22,1.3712541e-05,0.087148234,0.89385694,0.9810052,0.9810052,0.0005052402,0.022477549,0.0007219099
2009-07-23,1.5657335e-05,0.08178077,0.8989827,0.9807635,0.9807635,0.0004744164,0.021781102,0.0008139387
2009-07-24,2.9455667e-05,0.141222,0.8149338,0.9561558,0.9561558,0.0004987911,0.022333631,0.0006718255
2009-07-27,1.4725075e-05,0.09373825,0.8858731,0.97961134,0.97961134,0.00045953534,0.021436775,0.00072221877
2009-07-28,1.5400776e-05,0.11559454,0.86078197,0.97637653,0.97637653,0.00042379796,0.020586353,0.000651927
2009-07-29,1.0335324e-05,0.061193194,0.92546123,0.9866544,0.9866544,0.00041439178,0.020356614,0.00077443686
2009-07-30,1.2987089e-05,0.06284431,0.92387676,0.9867211,0.9867211,0.00061181263,0.024734847,0.0009780243
2009-07-31,2.9385312e-05,0.2022669,0.7085445,0.91081136,0.9108114,0.00076752686,0.027704274,0.00032947373
2009-08-03,9.139703e-06,0.1805688,0.7927534,0.9733222,0.9733222,0.00084374717,0.029047327,0.000342596
2009-08-04,9.513368e-06,0.22928682,0.7239864,0.95327324,0.9532732,0.00084021525,0.028986467,0.0002035957
2009-08-05,6.1979053e-06,0.23345041,0.7359982,0.9694486,0.9694486,0.0006192235,0.024884202,0.00020286831
2009-08-06,9.112223e-06,0.23317619,0.72123057,0.95440674,0.95440674,0.00047484407,0.021790918,0.00019985899
2009-08-07,1.6387541e-05,0.09966737,0.87945664,0.979124,0.979124,0.00035168434,0.01875325,0.0007849947
2009-08-10,1.6748794e-05,0.094029754,0.88740313,0.9814329,0.9814329,0.0003462804,0.018608611,0.0009020691
2009-08-11,1.5105695e-05,0.10248236,0.8757526,0.978235,0.978235,0.00032629824,0.018063728,0.00069403625
2009-08-12,1.0808053e-05,0.06163616,0.9247506,0.9863868,0.9863868,0.00032931136,0.018146938,0.00079393777
2009-08-13,1.2113787e-05,0.066228464,0.9189612,0.9851897,0.9851897,0.00032142038,0.0179282,0.0008179286
2009-08-14,1.6964672e-05,0.07626501,0.90556264,0.9818277,0.9818276,0.00030906362,0.017580206,0.0009335444
2009-08-17,2.213681e-05,0.10266904,0.87992513,0.9825942,0.9825942,0.00044354395,0.021060484,0.001271806
2009-08-18,1.2040363e-05,0.05989105,0.9269848,0.98687583,0.98687583,0.00042614163,0.020643199,0.00091741915
2009-08-19,1.4111933e-05,0.114502504,0.8619436,0.9764461,0.9764461,0.00048324317,0.021982793,0.0005991334
2009-08-20,5.7458446e-06,0.207793,0.7692771,0.9770701,0.9770701,0.0006665221,0.025817089,0.000250583
2009-08-21,6.725905e-06,0.13798381,0.84910595,0.98708975,0.98708975,0.0005189035,0.022779454,0.00052097416
2009-08-24,5.2303762e-06,0.20375155,0.77643144,0.980183,0.980183,0.00049304124,0.022204531,0.00026393388
2009-08-25,4.1231146e-06,0.18253367,0.80241233,0.984946,0.984946,0.0003959689,0.019898968,0.00027388855
2009-08-26,9.649683e-06,0.058520935,0.9291681,0.987689,0.987689,0.0005079575,0.022537911,0.0007838273
2009-08-27,1.1677546e-05,0.0790506,0.905989,0.9850396,0.9850396,0.00048624288,0.022050915,0.00078056334
2009-08-28,1.0250763e-05,0.09185021,0.8910927,0.98294294,0.98294294,0.0004688112,0.021652048,0.0006009689
2009-08-31,1.0484166e-05,0.06365393,0.9224936,0.9861475,0.9861475,0.00042894823,0.020711066,0.0007568441
2009-09-01,1.7732158e-05,0.07699834,0.9078376,0.984836,0.984836,0.00050402933,0.022450598,0.0011693576
2009-09-02,0.00014232573,0.23276427,0.7035185,0.93628275,0.93628275,0.00053532736,0.023137143,0.0022337083
2009-09-03,1.8815263e-05,0.064271905,0.92058134,0.98485327,0.98485327,0.0005189517,0.022780512,0.0012421994
2009-09-04,4.517469e-05,0.07490607,0.9038477,0.97875375,0.97875375,0.00049670925,0.022286976,0.0021262425
2009-09-08,1.2108138e-05,0.058109783,0.92943555,0.9875453,0.9875453,0.0004941553,0.022229604,0.00097217516
2009-09-09,2.2484377e-05,0.109551325,0.86168885,0.97124016,0.97124016,0.0005841364,0.024168914,0.0007817978
2009-09-10,1.1103224e-05,0.05896873,0.9282506,0.98721933,0.98721933,0.00052663335,0.022948494,0.0008687516
2009-09-11,1.0598101e-05,0.05808838,0.92951035,0.9875987,0.9875987,0.0005042695,0.022455946,0.00085459714
2009-09-14,7.981369e-05,0.10495198,0.86607754,0.9710295,0.9710295,0.0005621896,0.023710538,0.0027550005
2009-09-15,1.1174466e-05,0.058330186,0.9291589,0.9874891,0.9874891,0.0005710979,0.023897655,0.0008931787
2009-09-16,1.987615e-05,0.10988429,0.8629714,0.9728557,0.9728557,0.0005921641,0.024334423,0.0007322399
2009-09-17,1.4907495e-05,0.08910117,0.88994855,0.97904974,0.97904974,0.0005830837,0.024147127,0.0007115662
2009-09-18,4.2941538e-05,0.10783903,0.86153036,0.9693694,0.9693694,0.0005338776,0.02310579,0.0014019168
2009-09-21,1.1435515e-05,0.06364701,0.9223046,0.9859516,0.9859516,0.00050702447,0.022517204,0.0008140085
2009-09-22,4.6999532e-05,0.10540738,0.87158537,0.9769927,0.9769927,0.0005488662,0.023427894,0.0020428118
2009-09-23,1.8972425e-05,0.20355885,0.7474922,0.95105106,0.95105106,0.0005956258,0.024405446,0.0003875962
2009-09-24,1.2575477e-05,0.05853991,0.9288193,0.9873592,0.9873592,0.00074231526,0.027245464,0.0009948344
2009-09-25,3.0727548e-05,0.08713759,0.8951578,0.9822954,0.9822954,0.0008255094,0.02873168,0.001735568
2009-09-28,3.146453e-05,0.07038401,0.91101384,0.98139787,0.98139787,0.0007699504,0.02774798,0.0016914475
2009-09-29,4.2452786e-05,0.082994975,0.8922211,0.9752161,0.9752161,0.00074321474,0.027261965,0.0017129172
2009-09-30,1.1723635e-05,0.05810456,0.92945373,0.9875583,0.9875583,0.0007059609,0.026569925,0.00094228605
2009-10-01,8.72228e-05,0.1887898,0.66374135,0.85253114,0.85253114,0.000853883,0.029221276,0.00059146585
2009-10-02,3.1284188e-05,0.1424937,0.8223103,0.964804,0.96480405,0.00065538875,0.025600562,0.0008888562
2009-10-05,1.1303413e-05,0.061304126,0.92538136,0.9866855,0.9866855,0.0005928359,0.024348222,0.00084895606
2009-10-06,1.6107773e-05,0.0939231,0.88489825,0.97882134,0.97882134,0.0005623486,0.02371389,0.0007605661
2009-10-07,1.9182333e-05,0.18162891,0.78220844,0.9638374,0.9638374,0.00051759375,0.022750687,0.00053044653
2009-10-08,2.4572531e-05,0.07191733,0.9101599,0.98207724,0.98207724,0.0004888807,0.022110647,0.001371024
2009-10-09,3.833644e-05,0.19281636,0.7307317,0.9235481,0.9235481,0.0005333103,0.023093512,0.0005014452
2009-10-12,2.1045305e-05,0.11740232,0.8585441,0.9759464,0.9759464,0.00042819147,0.020692788,0.00087493466
2009-10-13,1.6872733e-05,0.20238866,0.7534789,0.9558675,0.9558675,0.00043774745,0.020922415,0.00038232014
2009-10-14,1.9661187e-05,0.19330202,0.76237124,0.9556733,0.9556733,0.00037441426,0.019349787,0.00044355157
2009-10-15,1.602975e-05,0.16552064,0.8030071,0.9685278,0.9685278,0.0003406308,0.018456185,0.00050933036
2009-10-16,1.5603233e-05,0.22443528,0.70970345,0.9341387,0.9341387,0.00045054063,0.021225942,0.00023691055
2009-10-19,9.97336e-06,0.17382683,0.80112326,0.9749501,0.9749501,0.00036731103,0.01916536,0.0003981393
2009-10-20,1.2341196e-05,0.20715775,0.75700575,0.9641635,0.9641635,0.00033554397,0.01831786,0.0003443749
2009-10-21,2.1772217e-05,0.14425674,0.8212532,0.9655099,0.9655099,0.00027590513,0.016610391,0.00063125975
2009-10-22,1.7799779e-05,0.22368371,0.70127904,0.92496276,0.92496276,0.00036293291,0.019050797,0.0002372126
2009-10-23,1.881671e-05,0.12844953,0.8451178,0.9735673,0.97356737,0.00027366276,0.016542755,0.00071187265
2009-10-26,2.12712e-05,0.10767565,0.8654317,0.9731074,0.9731074,0.00025998056,0.016123913,0.0007909685
2009-10-27,1.4144224e-05,0.0660157,0.9186371,0.9846528,0.9846528,0.00030375543,0.01742858,0.000921617
2009-10-28,1.9566663e-05,0.17757975,0.78263974,0.9602195,0.9602195,0.00030082633,0.017344346,0.00049186574
2009-10-29,3.99847e-05,0.10049014,0.8769638,0.97745395,0.97745395,0.00038314454,0.019574078,0.0017734679
2009-10-30,2.440775e-05,0.121534444,0.8425314,0.96406585,0.96406585,0.00046886026,0.021653181,0.00067923544
2009-11-02,1.5125319e-05,0.11818768,0.8665283,0.98471594,0.98471594,0.00058432086,0.024172729,0.0009896138
2009-11-03,1.6221129e-05,0.22182171,0.7221761,0.9439978,0.9439978,0.000545727,0.0233608,0.00028965165
2009-11-04,9.718505e-06,0.17828652,0.79695606,0.97524256,0.9752426,0.00048544642,0.02203285,0.00039254877
2009-11-05,1.0277067e-05,0.18599531,0.78896344,0.9749588,0.9749588,0.00041358767,0.020336855,0.00041040598
2009-11-06,1.2120195e-05,0.07653498,0.9081014,0.98463637,0.98463637,0.00035513414,0.018845003,0.00078888854
2009-11-09,2.9962148e-05,0.10916553,0.87026787,0.9794334,0.9794334,0.00039517682,0.019879054,0.0014568365
2009-11-10,1.0648106e-05,0.22261968,0.7359165,0.9585362,0.95853615,0.0004435466,0.021060547,0.00025680492
2009-11-11,1.4391192e-05,0.075288616,0.9084213,0.9837099,0.9837099,0.0003427023,0.01851222,0.00088343024
2009-11-12,1.1796452e-05,0.12003407,0.8597318,0.9797659,0.9797659,0.00032624477,0.018062247,0.0005829984
2009-11-13,2.0319736e-05,0.0768006,0.9068023,0.9836029,0.9836029,0.0004017422,0.020043507,0.001239226
2009-11-16,1.6206499e-05,0.07656704,0.9072299,0.98379695,0.98379695,0.0003894576,0.01973468,0.0010002131
2009-11-17,1.35143755e-05,0.18652561,0.7780739,0.9645995,0.9645995,0.00045098132,0.021236321,0.00038175652
2009-11-18,1.12373455e-05,0.12671657,0.85377246,0.980489,0.980489,0.00036587243,0.019127792,0.00057594967
2009-11-19,1.5754242e-05,0.07580101,0.90710914,0.98291016,0.98291016,0.0003271769,0.018088032,0.00092184823
2009-11-20,1.2614248e-05,0.06477924,0.92159605,0.9863753,0.9863753,0.00036878267,0.019203715,0.0009258349
2009-11-23,1.1239481e-05,0.069044754,0.9163251,0.98536986,0.98536986,0.00035875195,0.018940749,0.0007682416
2009-11-24,1.4825204e-05,0.068098545,0.91606885,0.9841674,0.9841674,0.00034780576,0.018649552,0.00093637186
2009-11-25,2.0828484e-05,0.07511019,0.908358,0.9834682,0.9834682,0.00036148433,0.019012742,0.0012599023
2009-11-27,1.2239803e-05,0.07828497,0.9040142,0.9822992,0.9822992,0.00039598392,0.019899344,0.0006914834
2009-11-30,2.5886875e-05,0.10445444,0.87724006,0.9816945,0.9816945,0.00041931166,0.020477101,0.0014141598
2009-12-01,2.4105575e-05,0.17898089,0.7751049,0.95408577,0.95408577,0.00041981926,0.020489492,0.00052501314
2009-12-02,9.470327e-06,0.19873808,0.7737635,0.9725016,0.9725016,0.00038343586,0.019581519,0.0003443953
2009-12-03,1.9120025e-05,0.092568934,0.8914739,0.9840428,0.9840428,0.0004120463,0.020298924,0.0011982085
2009-12-04,1.662701e-05,0.100171074,0.88035595,0.98052704,0.98052704,0.00038684427,0.019668357,0.0008538513
2009-12-07,1.0726947e-05,0.059080582,0.9281253,0.9872059,0.9872059,0.000374829,0.019360501,0.00083843066
2009-12-08,1.2444614e-05,0.06014304,0.9265941,0.98673713,0.98673713,0.00038431067,0.019603843,0.00093830493
2009-12-09,1.5882468e-05,0.062148605,0.92361015,0.9857588,0.9857588,0.0003882841,0.019704925,0.0011152464
2009-12-10,7.019844e-05,0.13996992,0.83124435,0.97121423,0.9712143,0.00042136037,0.020527065,0.0024386512
2009-12-11,2.2410128e-05,0.065403104,0.91881794,0.98422104,0.98422104,0.0004210571,0.020519676,0.0014202539
2009-12-14,3.0352616e-05,0.068908624,0.9132615,0.9821701,0.9821701,0.00041554292,0.02038487,0.001702344
2009-12-15,2.4395831e-05,0.06653517,0.91708183,0.983617,0.983617,0.0004118643,0.02029444,0.0014890949
2009-12-16,1.2765496e-05,0.05927572,0.9277929,0.98706865,0.98706865,0.00042043306,0.020504465,0.0009871745
2009-12-17,3.9369697e-05,0.14151831,0.8187654,0.9602837,0.9602837,0.00044685195,0.021138873,0.000991273
2009-12-18,1.48968575e-05,0.06292935,0.92270964,0.985639,0.985639,0.0004052566,0.020130986,0.0010373116
2009-12-21,1.4533932e-05,0.06804825,0.9160175,0.9840657,0.9840657,0.00039449512,0.019861901,0.0009121168
2009-12-22,2.9602856e-05,0.07598933,0.9042151,0.9802044,0.9802044,0.00038643647,0.019657988,0.0014954263
2009-12-23,1.1165505e-05,0.119203806,0.8606898,0.9798936,0.9798936,0.00043057138,0.020750213,0.00055532163
2009-12-24,9.509271e-06,0.22330648,0.7377093,0.96101576,0.96101576,0.0004877273,0.02208455,0.00024392604
2009-12-28,8.328902e-06,0.17246747,0.8060124,0.97847986,0.97847986,0.00043848925,0.020940134,0.0003870283
2009-12-29,6.099715e-06,0.22193904,0.7516662,0.9736052,0.9736052,0.000375554,0.019379215,0.00023109546
2009-12-30,1.20471595e-05,0.20724133,0.76044726,0.96768856,0.96768856,0.00028862664,0.016989015,0.00037284504
2009-12-31,8.650674e-06,0.16324627,0.81559813,0.9788444,0.9788444,0.0002366036,0.015381925,0.00040890716
2010-01-04,1.697704e-05,0.09283967,0.8858673,0.97870696,0.97870696,0.000201721,0.014202852,0.00079730444
2010-01-05,1.3659666e-05,0.2198479,0.7297336,0.9495815,0.9495815,0.00026083743,0.016150462,0.0002709257
2010-01-06,2.0491745e-05,0.09155943,0.8854784,0.9770378,0.9770378,0.00020591007,0.014349567,0.0008924116
2010-01-07,1.9370174e-05,0.1342955,0.8347508,0.9690463,0.96904624,0.00022884208,0.0151275275,0.00062577886
2010-01-08,1.8911034e-05,0.07945495,0.90151334,0.9809683,0.9809683,0.00021608656,0.014699883,0.0009936596
2010-01-11,2.0345722e-05,0.13352787,0.8365767,0.9701046,0.9701046,0.00021377334,0.01462099,0.00068056304
2010-01-12,1.8931916e-05,0.06764668,0.9159709,0.9836176,0.9836176,0.00020040265,0.014156364,0.0011556256
2010-01-13,1.333685e-05,0.062189776,0.9236845,0.98587424,0.98587424,0.00023354878,0.015282303,0.0009441507
2010-01-14,2.0456759e-05,0.06977339,0.9133239,0.98309726,0.98309726,0.00024204652,0.015557844,0.0012102625
2010-01-15,1.36106755e-05,0.061948784,0.92402965,0.9859784,0.9859784,0.0002423822,0.015568629,0.00097069517
2010-01-19,1.6834461e-05,0.065282255,0.9194617,0.98474395,0.98474395,0.00025743205,0.01604469,0.0011034615
2010-01-20,1.3121004e-05,0.061542604,0.9245961,0.9861387,0.9861387,0.00026415227,0.016252762,0.00094659266
2010-01-21,1.6276961e-05,0.06399447,0.92112744,0.9851219,0.9851219,0.0002775484,0.016659783,0.001094022
2010-01-22,2.1137432e-05,0.18269776,0.79842716,0.98112494,0.98112494,0.00029824866,0.017269878,0.0011198602
2010-01-25,1.833797e-05,0.09381898,0.89067906,0.984498,0.984498,0.00033745903,0.018370058,0.001182944
2010-01-26,2.0959178e-05,0.06683467,0.91683114,0.9836658,0.9836658,0.00032715086,0.018087313,0.0012831488
2010-01-27,5.6316723e-05,0.093043,0.88190424,0.9749473,0.9749472,0.00032473437,0.018020388,0.002247928
2010-01-28,4.171204e-05,0.13051128,0.84717965,0.97769094,0.97769094,0.00036161227,0.019016106,0.001869735
2010-01-29,6.131074e-05,0.1270952,0.8455492,0.9726444,0.97264445,0.00034811697,0.018657893,0.0022412492
2010-02-01,3.4497774e-05,0.092445746,0.88795966,0.9804054,0.9804054,0.00036960674,0.01922516,0.0017605748
2010-02-02,1.2883176e-05,0.060923178,0.9254809,0.98640406,0.98640406,0.00040218869,0.020054642,0.0009475753
2010-02-03,8.1286e-06,0.18160637,0.79437196,0.9759783,0.9759783,0.0004671163,0.021612873,0.0003383859
2010-02-04,9.057445e-06,0.0647814,0.9231181,0.98789954,0.98789954,0.00038139275,0.01952928,0.00074852083
2010-02-05,3.9385636e-06,0.23594806,0.75332725,0.98927534,0.98927534,0.00053233467,0.023072379,0.00036724354
2010-02-08,8.228833e-06,0.22563113,0.7612972,0.98692834,0.98692834,0.0005803117,0.024089659,0.00062951725
2010-02-09,2.7795815e-05,0.12713572,0.853642,0.9807777,0.98077774,0.0004705817,0.021692894,0.0014460178
2010-02-10,1.298746e-05,0.11341376,0.86785096,0.9812647,0.9812647,0.0005109184,0.022603504,0.00069320836
2010-02-11,5.9701947e-06,0.10410611,0.885281,0.98938715,0.98938715,0.00046806864,0.021634893,0.0005625442
2010-02-12,6.6792427e-06,0.102147505,0.886237,0.98838454,0.98838454,0.00043056393,0.020750035,0.00057503063
2010-02-16,5.817683e-06,0.13656677,0.85257065,0.9891374,0.9891374,0.00041322308,0.020327888,0.00053557055
2010-02-17,8.62175e-06,0.22541557,0.73964685,0.96506244,0.96506244,0.0005540453,0.023538167,0.00024677595
2010-02-18,5.8709065e-06,0.098579556,0.8900113,0.9885909,0.98859084,0.00042186308,0.020539306,0.00051458087
2010-02-19,7.2440102e-06,0.16951351,0.8109291,0.98044264,0.98044264,0.0004285565,0.020701606,0.00037039822
2010-02-22,4.6766004e-06,0.1286124,0.8593798,0.9879922,0.9879922,0.0003691315,0.019212795,0.00038946443
2010-02-23,4.9702735e-06,0.122615546,0.86489785,0.9875134,0.9875134,0.00032410267,0.018002851,0.0003980493
2010-02-24,9.965748e-06,0.11377164,0.87325954,0.98703116,0.98703116,0.00031902827,0.017861363,0.000768438
2010-02-25,6.561842e-06,0.08968589,0.8976835,0.98736936,0.9873694,0.00031122495,0.017641569,0.0005195177
2010-02-26,7.7463765e-06,0.18371807,0.8037885,0.98750657,0.98750657,0.00033496346,0.018302007,0.0006200359
2010-03-01,5.3544613e-06,0.14150834,0.84427065,0.985779,0.985779,0.00034084264,0.018461924,0.0003765176
2010-03-02,9.205256e-06,0.058065955,0.92958826,0.9876542,0.9876542,0.00031474567,0.017741073,0.000745619
2010-03-03,7.356051e-06,0.085935764,0.9008558,0.98679155,0.98679155,0.00031034302,0.017616555,0.00055692013
2010-03-04,5.4995567e-06,0.11911026,0.8678427,0.9869529,0.9869529,0.00030521356,0.017470362,0.00042151567
2010-03-05,1.1526944e-05,0.06433681,0.9229834,0.9873202,0.9873202,0.00027884752,0.016698727,0.0009090782
2010-03-08,6.8601744e-06,0.09259621,0.89429706,0.9868933,0.9868933,0.0002847905,0.016875736,0.0005234096
2010-03-09,8.869489e-06,0.060376257,0.9274572,0.98783344,0.9878335,0.00026325273,0.016225064,0.0007290055
2010-03-10,1.1722633e-05,0.060662404,0.9260997,0.9867621,0.9867621,0.00025446923,0.015952092,0.0008855361
2010-03-11,9.61801e-06,0.06783405,0.91864717,0.9864812,0.9864812,0.00025044245,0.015825374,0.0007114539
2010-03-12,1.4233385e-05,0.06345564,0.9223823,0.98583794,0.98583794,0.00023968627,0.0154818045,0.001005036
2010-03-15,1.229187e-05,0.06061906,0.92591345,0.9865325,0.9865325,0.00024284158,0.015583375,0.0009127068
2010-03-16,1.4538954e-05,0.07147629,0.91441923,0.9858955,0.9858955,0.00025705076,0.016032802,0.0010308035
2010-03-17,7.2358857e-06,0.13731141,0.8453932,0.9827046,0.9827046,0.00028836884,0.016981427,0.00041837004
2010-03-18,7.3460824e-06,0.06685112,0.9214388,0.98828995,0.98828995,0.00028071145,0.016754447,0.00062733155
2010-03-19,9.468336e-06,0.061897207,0.9262024,0.98809963,0.98809963,0.00027151598,0.016477741,0.0007956341
2010-03-22,6.6669213e-06,0.07524676,0.913968,0.9892148,0.9892148,0.0002830639,0.016824502,0.00061815337
2010-03-23,7.538806e-06,0.111421585,0.8753245,0.9867461,0.9867461,0.0002688596,0.01639694,0.0005687979
2010-03-24,9.039066e-06,0.05870419,0.92900926,0.98771346,0.98771346,0.0002497479,0.015803415,0.00073568826
2010-03-25,1.0451697e-05,0.11400519,0.87295336,0.98695856,0.98695856,0.0002565333,0.016016657,0.00080142217
2010-03-26,1.6063233e-05,0.073662415,0.9117099,0.9853723,0.9853723,0.00023456612,0.015315551,0.0010981384
2010-03-29,1.1885616e-05,0.094114244,0.8924331,0.98654735,0.98654735,0.00023336722,0.015276361,0.0008835149
2010-03-30,3.8875196e-06,0.14326145,0.8445657,0.9878271,0.9878271,0.0002863686,0.01692243,0.00031935913
2010-03-31,9.183313e-06,0.058236882,0.9294284,0.9876653,0.9876653,0.00024643348,0.0156982,0.00074451015
2010-04-01,6.0727507e-06,0.12740494,0.858874,0.98627895,0.98627895,0.00025407295,0.015939666,0.0004425865
2010-04-05,6.236964e-06,0.109791346,0.87657213,0.9863635,0.9863635,0.0002455793,0.01567097,0.0004573718
2010-04-06,4.4337394e-06,0.16731745,0.8182127,0.98553014,0.98553014,0.00026617927,0.016315002,0.000306412
2010-04-07,1.2141242e-05,0.07309216,0.9130052,0.98609734,0.98609734,0.00022310879,0.014936826,0.0008733033
2010-04-08,9.704665e-06,0.099543616,0.88731617,0.9868598,0.9868598,0.00022526427,0.015008806,0.00073854765
2010-04-09,1.2682818e-05,0.083378,0.9024388,0.98581684,0.98581684,0.00021312147,0.014598681,0.0008942164
2010-04-12,9.886669e-06,0.058572985,0.92884815,0.98742115,0.98742115,0.0002077759,0.014414433,0.00078597595
2010-04-13,1.1359969e-05,0.059675183,0.92727596,0.9869511,0.9869511,0.00020582465,0.01434659,0.00087056996
2010-04-14,1.0283473e-05,0.058716986,0.928641,0.98735803,0.98735803,0.00020302547,0.014248701,0.0008134394
2010-04-15,9.603798e-06,0.06762726,0.9189194,0.98654664,0.98654664,0.00022430994,0.01497698,0.00071385846
2010-04-16,2.0260924e-05,0.0695272,0.91422,0.9837472,0.9837472,0.0002168578,0.014726093,0.0012466101
2010-04-19,9.905356e-06,0.07609618,0.9113134,0.9874096,0.9874096,0.00026974265,0.016423844,0.00078673824
2010-04-20,1.6458707e-05,0.065893315,0.9199731,0.98586637,0.98586637,0.00029247877,0.01710201,0.0011645065
2010-04-21,6.014865e-06,0.11004183,0.8761306,0.98617244,0.98617244,0.00032354938,0.017987479,0.000434991
2010-04-22,9.411884e-06,0.07282922,0.9142941,0.98712337,0.98712337,0.00029018195,0.017034728,0.00073092757
2010-04-23,9.585118e-06,0.05809418,0.9295363,0.9876305,0.9876305,0.00027472354,0.016574787,0.00077489857
2010-04-26,8.355961e-06,0.08833324,0.89722216,0.9855554,0.9855554,0.0002809299,0.016760964,0.0005784838
2010-04-27,1.0788008e-05,0.06305299,0.9240458,0.9870988,0.9870988,0.00027130666,0.01647139,0.00083620276
2010-04-28,1.246618e-05,0.061281428,0.9250479,0.9863293,0.9863293,0.000290262,0.017037077,0.0009118915
2010-04-29,9.786215e-06,0.05850747,0.92894673,0.9874542,0.9874542,0.00028613527,0.016915534,0.0007800376
2010-04-30,1.5102088e-05,0.11352661,0.86825395,0.9817806,0.9817805,0.00030633493,0.017502427,0.00082890096
2010-05-03,6.60981e-06,0.11565122,0.86980057,0.98545176,0.9854518,0.00029532574,0.017185044,0.00045433737
2010-05-04,7.0033325e-06,0.13795862,0.8456373,0.98359597,0.98359597,0.0002634902,0.01623238,0.0004269275
2010-05-05,7.510674e-06,0.19991441,0.7871944,0.98710877,0.98710877,0.0004627402,0.021511396,0.00058261876
2010-05-06,8.7476155e-06,0.23231423,0.75324327,0.9855575,0.9855575,0.0006068346,0.024634013,0.0006056855
2010-05-07,1.0218351e-05,0.20759444,0.77851516,0.9861096,0.9861096,0.0007780079,0.027892793,0.00073564204
2010-05-10,1.5633927e-05,0.09180355,0.8944747,0.98627824,0.98627824,0.0007618852,0.027602268,0.0011393526
2010-05-11,9.968581e-06,0.058078617,0.9295443,0.9876229,0.987623,0.0007416053,0.02723243,0.0008054063
2010-05-12,1.0232634e-05,0.05808278,0.9295299,0.98761266,0.98761266,0.0007013132,0.02648232,0.0008260561
2010-05-13,1.0329286e-05,0.058084283,0.9295246,0.9876089,0.9876089,0.00066760136,0.025837982,0.0008336059
2010-05-14,1.609274e-05,0.08485467,0.9007737,0.98562837,0.98562837,0.0006474701,0.025445433,0.0011197572
2010-05-17,2.0646874e-05,0.21836065,0.7633334,0.98169404,0.98169404,0.0007248279,0.026922628,0.0011278773
2010-05-18,4.2422515e-05,0.22016506,0.75582594,0.975991,0.975991,0.0006780443,0.026039284,0.0017669429
2010-05-19,5.495777e-05,0.07696184,0.90036863,0.97733045,0.97733045,0.000576244,0.024005083,0.0024242988
2010-05-20,9.4262345e-05,0.10124961,0.86756873,0.96881837,0.96881837,0.0005769099,0.024018949,0.0030230086
2010-05-21,5.710956e-05,0.076533414,0.90191257,0.978446,0.978446,0.0006697893,0.025880288,0.0026496046
2010-05-24,5.3632484e-05,0.09995227,0.8768514,0.97680366,0.97680366,0.000726338,0.02695066,0.0023121098
2010-05-25,3.5503504e-05,0.06970894,0.91198754,0.9816965,0.9816965,0.0006910006,0.02628689,0.0019397098
2010-05-26,4.0664832e-05,0.08912183,0.8915937,0.9807155,0.9807155,0.0006971721,0.026404016,0.002108681
2010-05-27,1.4295208e-05,0.060655776,0.9257775,0.98643327,0.98643327,0.0007986652,0.028260665,0.0010536957
2010-05-28,1.6707463e-05,0.11557651,0.85921353,0.97479004,0.97479004,0.0008576155,0.029285073,0.0006627325
2010-06-01,8.674972e-06,0.09940075,0.8889719,0.9883727,0.9883727,0.00076106953,0.027587488,0.00074608554
2010-06-02,1.7335322e-05,0.1807933,0.80163354,0.9824268,0.9824268,0.00072191976,0.026868565,0.0009864648
2010-06-03,1.26775785e-05,0.06367286,0.9221298,0.98580265,0.98580265,0.00059840933,0.024462406,0.0008929539
2010-06-04,1.3126213e-05,0.06490871,0.9204556,0.98536426,0.9853643,0.0005996415,0.02448758,0.00089686015
2010-06-07,1.1609218e-05,0.19671749,0.78849036,0.98520786,0.98520786,0.00068328105,0.026139645,0.0007848232
2010-06-08,2.6065036e-05,0.069605686,0.91248727,0.982093,0.982093,0.00055066135,0.023466175,0.0014555762
2010-06-09,3.430115e-05,0.08496485,0.89326787,0.97823274,0.97823274,0.0005323801,0.023073362,0.0015758139
2010-06-10,2.3975868e-05,0.14529176,0.8185849,0.96387666,0.96387666,0.0005991709,0.024477968,0.00066372246
2010-06-11,1.4225945e-05,0.070952,0.9128636,0.9838156,0.9838156,0.00054475386,0.023339963,0.00087899173
2010-06-14,1.46108505e-05,0.06200676,0.92415136,0.98615813,0.98615813,0.0005491054,0.023432998,0.0010555548
2010-06-15,1.5651272e-05,0.072757214,0.91013217,0.98288935,0.9828894,0.00054162747,0.02327289,0.00091470964
2010-06-16,2.126821e-05,0.13741203,0.8302842,0.9676962,0.9676962,0.0005494737,0.023440855,0.00065838086
2010-06-17,3.0100693e-05,0.1637036,0.79945064,0.96315426,0.96315426,0.00048913044,0.022116294,0.0008169381
2010-06-18,1.7899136e-05,0.07991729,0.90071285,0.98063016,0.98063016,0.0004432893,0.021054436,0.00092407246
2010-06-21,2.3534323e-05,0.07753369,0.903852,0.98138565,0.9813857,0.0004190381,0.02047042,0.0012643107
2010-06-22,2.2504817e-05,0.120637864,0.8532065,0.97384435,0.9738444,0.00040726954,0.02018092,0.00086041895
2010-06-23,1.3560777e-05,0.06430701,0.92102057,0.9853276,0.9853276,0.00037792002,0.019440165,0.00092423725
2010-06-24,3.0645286e-05,0.09971593,0.8793062,0.97902215,0.97902215,0.0003700478,0.019236626,0.0014608399
2010-06-25,1.812228e-05,0.06589261,0.9183843,0.9842769,0.9842769,0.00035637384,0.018877866,0.0011525889
2010-06-28,2.2962242e-05,0.11495583,0.85427254,0.9692284,0.9692284,0.00040477078,0.020118916,0.0007462151
2010-06-29,2.2278435e-05,0.07135188,0.91167074,0.98302263,0.98302263,0.0003761105,0.019393569,0.001312243
2010-06-30,2.6237754e-05,0.13932805,0.84078693,0.980115,0.980115,0.00043025817,0.020742666,0.0013194744
2010-07-01,1.545105e-05,0.062522136,0.92320406,0.9857262,0.9857262,0.00039060402,0.019763704,0.0010824746
2010-07-02,1.9197969e-05,0.0869666,0.89792985,0.9848964,0.9848964,0.00045852026,0.021413086,0.0012710874
2010-07-06,6.474498e-05,0.083549984,0.89022404,0.973774,0.973774,0.00044222674,0.021029187,0.002468734
2010-07-07,2.1452883e-05,0.064785875,0.9197081,0.984494,0.984494,0.00045893088,0.021422673,0.0013835188
2010-07-08,2.4957657e-05,0.08345256,0.89403915,0.97749174,0.97749174,0.00049573014,0.022264998,0.001108822
2010-07-09,1.3684567e-05,0.06507385,0.92023295,0.9853068,0.9853068,0.000495466,0.022259066,0.0009313538
2010-07-12,1.1108699e-05,0.060218737,0.9265922,0.9868109,0.9868109,0.0004741559,0.02177512,0.0008422651
2010-07-13,1.4669777e-05,0.12890992,0.855904,0.98481387,0.9848139,0.00046461693,0.021554975,0.0009659983
2010-07-14,1.3374504e-05,0.15957636,0.8121438,0.97172016,0.97172016,0.00051846117,0.022769742,0.00047293422
2010-07-15,1.2437333e-05,0.07104307,0.91544294,0.986486,0.986486,0.00043488195,0.020853823,0.0009203307
2010-07-16,1.0484665e-05,0.05808666,0.9295163,0.98760295,0.98760295,0.00041285905,0.020318933,0.0008457386
2010-07-19,1.982715e-05,0.065822795,0.91839594,0.9842187,0.9842187,0.0003981797,0.019954441,0.0012563711
2010-07-20,1.1073335e-05,0.060433846,0.92630917,0.98674303,0.98674303,0.00038847764,0.019709837,0.00083528424
2010-07-21,1.1423853e-05,0.060251843,0.92652214,0.98677397,0.98677397,0.0003788492,0.01946405,0.00086374
2010-07-22,1.5394726e-05,0.062400956,0.9233643,0.9857652,0.9857652,0.00037063743,0.019251946,0.0010814867
2010-07-23,2.3444562e-05,0.15315895,0.80674183,0.9599008,0.9599008,0.00043374294,0.020826496,0.000584664
2010-07-26,1.3646384e-05,0.06372596,0.9223376,0.98606354,0.98606354,0.00037617102,0.01939513,0.0009791858
2010-07-27,1.3213071e-05,0.06313924,0.9226629,0.9858022,0.9858022,0.00036060667,0.018989647,0.0009306404
2010-07-28,1.3812988e-05,0.06152382,0.92465603,0.9861798,0.9861798,0.00036909815,0.019211927,0.0009994803
2010-07-29,1.193557e-05,0.059834193,0.9270314,0.9868656,0.9868656,0.0003579808,0.01892038,0.00090872456
2010-07-30,1.8543766e-05,0.08010893,0.90016466,0.9802736,0.9802736,0.0003619101,0.019023934,0.00094004837
2010-08-02,1.1626353e-05,0.06028027,0.9264045,0.98668474,0.98668474,0.0003485481,0.018669443,0.00087315997
2010-08-03,2.6122763e-05,0.21721242,0.69774765,0.9149601,0.9149601,0.0003872842,0.019679537,0.00030718237
2010-08-04,1.0275593e-05,0.18970434,0.7831258,0.9728302,0.9728302,0.00034219556,0.018498529,0.00037819875
2010-08-05,1.3684977e-05,0.11642227,0.86292195,0.97934425,0.97934425,0.00027853454,0.016689355,0.00066252623
2010-08-06,1.6281883e-05,0.07316655,0.9097769,0.9829435,0.9829435,0.00025799783,0.016062312,0.00095458387
2010-08-09,2.2442795e-05,0.0908788,0.8898829,0.9807617,0.9807617,0.00027053972,0.016448092,0.001166569
2010-08-10,1.6157754e-05,0.075968005,0.90602815,0.9819962,0.9819962,0.00027118885,0.016467813,0.0008974624
2010-08-11,1.2579346e-05,0.061930273,0.92420745,0.98613775,0.98613775,0.00027999416,0.016733026,0.00090745324
2010-08-12,1.9416833e-05,0.15919742,0.8229153,0.9821127,0.98211277,0.00032137235,0.01792686,0.0010855098
2010-08-13,1.8179062e-05,0.10903134,0.87513995,0.9841713,0.9841713,0.0004261747,0.020644,0.0011484852
2010-08-16,1.9447882e-05,0.064908095,0.9197364,0.9846445,0.9846445,0.00039372745,0.019842567,0.001266507
2010-08-17,2.6024645e-05,0.06792021,0.9151225,0.9830427,0.9830427,0.0003818961,0.019542161,0.0015347179
2010-08-18,1.13426095e-05,0.058820948,0.92846364,0.9872846,0.9872846,0.00037862963,0.019458408,0.00089203723
2010-08-19,1.3016431e-05,0.05952126,0.92744094,0.9869622,0.9869622,0.00036428045,0.019086132,0.0009983609
2010-08-20,3.299749e-05,0.073050395,0.9081084,0.9811588,0.9811588,0.00036163518,0.019016707,0.001751347
2010-08-23,1.5327076e-05,0.06028136,0.92629254,0.9865739,0.9865739,0.00037443297,0.01935027,0.001141586
2010-08-24,5.8783706e-05,0.097889446,0.8768153,0.97470474,0.97470474,0.00036376095,0.019072518,0.0023239022
2010-08-25,3.5543235e-05,0.070714265,0.9106177,0.98133194,0.98133194,0.0004190845,0.020471554,0.0019039602
2010-08-26,3.4967616e-05,0.071550354,0.90911835,0.9806687,0.9806687,0.0004275397,0.020677034,0.0018088622
2010-08-27,1.1352403e-05,0.058393482,0.92905504,0.9874485,0.9874485,0.00043275295,0.020802716,0.0009044668
2010-08-30,1.0470832e-05,0.07218391,0.91396797,0.9861519,0.9861519,0.00044741813,0.02115226,0.0007561191
2010-08-31,1.0578966e-05,0.058088087,0.92951137,0.98759943,0.98759943,0.00042245619,0.02055374,0.00085310335
2010-09-01,1.3867288e-05,0.08287352,0.9037992,0.9866727,0.9866727,0.00048786125,0.022087581,0.0010405174
2010-09-02,1.3469108e-05,0.16220334,0.8157158,0.97791916,0.9779191,0.0005154597,0.022703737,0.0006099908
2010-09-03,4.9570763e-06,0.09437625,0.8938363,0.9882126,0.9882126,0.00046883707,0.021652646,0.00042053976
2010-09-07,1.0143105e-05,0.058081385,0.9295348,0.9876162,0.9876162,0.0004272532,0.020670105,0.0008190612
2010-09-08,9.482729e-06,0.08661943,0.8990888,0.98570824,0.98570824,0.00041021622,0.020253796,0.0006635101
2010-09-09,7.569338e-06,0.07781654,0.9096735,0.98749006,0.98749006,0.00038325367,0.019576866,0.0006050658
2010-09-10,1.1813259e-05,0.05904419,0.928139,0.98718315,0.98718315,0.00035889447,0.01894451,0.0009216978
2010-09-13,7.858432e-06,0.11233995,0.8709438,0.98328376,0.98328376,0.00039443944,0.019860499,0.00047010757
2010-09-14,6.9801426e-06,0.09544704,0.8911187,0.98656577,0.98656577,0.0003613084,0.019008113,0.00051957887
2010-09-15,7.887323e-06,0.09183267,0.89472127,0.98655397,0.9865539,0.00033163346,0.018210806,0.0005865911
2010-09-16,8.913206e-06,0.07238156,0.9145388,0.98692036,0.98692036,0.00031462847,0.01773777,0.00068145635
2010-09-17,1.2047935e-05,0.06336651,0.9235403,0.9869068,0.9869068,0.00032416603,0.018004611,0.00092016923
2010-09-20,1.6902955e-05,0.06333006,0.92199916,0.9853292,0.9853292,0.0003213556,0.017926393,0.0011521503
2010-09-21,1.7736595e-05,0.09308042,0.88578546,0.97886586,0.97886586,0.00032924637,0.018145148,0.0008392391
2010-09-22,1.0260017e-05,0.058083206,0.92952836,0.9876116,0.98761153,0.00034055172,0.018454043,0.00082819496
2010-09-23,1.0993447e-05,0.05896801,0.9282782,0.9872462,0.9872462,0.0003413459,0.01847555,0.0008619753
2010-09-24,8.825604e-06,0.07172406,0.91494215,0.9866662,0.9866662,0.00033000374,0.018166006,0.00066189724
2010-09-27,9.724428e-06,0.09423268,0.8894911,0.98372376,0.98372376,0.00033157726,0.018209264,0.0005974616
2010-09-28,1.094959e-05,0.062995024,0.9240371,0.9870321,0.9870321,0.00030466166,0.01745456,0.00084436213
2010-09-29,1.1183173e-05,0.063037574,0.9235042,0.98654175,0.98654175,0.0002938547,0.017142192,0.0008309529
2010-09-30,9.154081e-06,0.18100572,0.7933381,0.97434384,0.97434384,0.00031190237,0.017660758,0.00035679853
2010-10-01,5.0015706e-06,0.2201876,0.75696915,0.97715676,0.97715676,0.00038371887,0.019588744,0.00021895187
2010-10-04,4.1156604e-06,0.22956651,0.7485019,0.9780684,0.9780684,0.00038086838,0.01951585,0.00018765902
2010-10-05,4.810283e-06,0.14137085,0.84521765,0.9865885,0.9865885,0.00028977494,0.017022777,0.00035866795
2010-10-06,3.8692583e-06,0.21754664,0.7638637,0.9814103,0.9814103,0.00028681834,0.016935712,0.00020814018
2010-10-07,5.6527583e-06,0.16841915,0.8144884,0.9829076,0.98290753,0.00022776515,0.0150918905,0.0003307175
2010-10-08,1.9344827e-05,0.08445803,0.8993071,0.9837651,0.9837651,0.00025298874,0.01590562,0.00119156
2010-10-11,6.3801317e-06,0.18582503,0.79373276,0.9795578,0.9795578,0.00025864106,0.01608232,0.0003121061
2010-10-12,6.517058e-06,0.09389701,0.89298666,0.98688364,0.98688364,0.00021770345,0.014754777,0.00049686484
2010-10-13,1.129306e-05,0.08054285,0.90425605,0.9847989,0.9847989,0.00020530155,0.0143283475,0.0007429111
2010-10-14,5.2196638e-06,0.19605845,0.7848347,0.98089314,0.98089314,0.00021765048,0.014752982,0.00027318264
2010-10-15,1.4573741e-05,0.068853095,0.91599476,0.98484784,0.98484784,0.0001793361,0.013391643,0.00096182624
2010-10-18,1.9016208e-05,0.067133345,0.9171923,0.98432565,0.98432565,0.0002006751,0.014165984,0.0012132053
2010-10-19,5.419214e-06,0.20161916,0.77790534,0.9795245,0.9795245,0.00023566975,0.0153515395,0.00026466814
2010-10-20,4.7722738e-06,0.14264289,0.84717584,0.9898187,0.9898187,0.00058641005,0.024215905,0.00046872895
2010-10-21,4.1382023e-06,0.23314445,0.7428811,0.9760256,0.9760256,0.000613724,0.024773454,0.00017260907
2010-10-22,5.422423e-06,0.17029817,0.8190234,0.98932153,0.98932153,0.00051354873,0.022661613,0.00050779025
2010-10-25,2.6786174e-06,0.22234365,0.7632582,0.98560184,0.9856019,0.00045795288,0.021399833,0.0001860389
2010-10-26,2.6059788e-06,0.16884746,0.8205191,0.98936653,0.98936653,0.00037387837,0.019335935,0.00024507326
2010-10-27,4.3480313e-06,0.1261036,0.86193025,0.98803383,0.98803383,0.00030938297,0.017589286,0.00036336036
2010-10-28,8.634016e-06,0.06699575,0.9205207,0.98751646,0.98751646,0.00027840442,0.016685456,0.00069163216
2010-10-29,1.0429276e-05,0.058466986,0.9289991,0.9874661,0.9874661,0.00026539454,0.016290935,0.00083208526
2010-11-01,1.2487624e-05,0.062167816,0.9240629,0.98623073,0.98623073,0.0002621538,0.016191164,0.0009069199
2010-11-02,2.9876373e-05,0.22023347,0.7323258,0.95255923,0.95255923,0.00027545355,0.016596794,0.0006297616
2010-11-03,6.4125834e-06,0.1422898,0.84162885,0.98391867,0.98391867,0.0002589752,0.016092706,0.00039875944
2010-11-04,7.914173e-06,0.1746302,0.80440545,0.9790357,0.9790356,0.000236244,0.015370231,0.0003775067
2010-11-05,5.5982346e-06,0.21512377,0.76216614,0.9772899,0.9772899,0.00027345112,0.016536357,0.00024650875
2010-11-08,7.904215e-06,0.14929165,0.8325504,0.98184204,0.98184204,0.00021731145,0.014741487,0.00043530305
2010-11-09,1.2456785e-05,0.13374862,0.8440592,0.9778079,0.9778079,0.00018953436,0.013767147,0.0005613157
2010-11-10,1.4200625e-05,0.119845346,0.857963,0.97780836,0.97780836,0.00017473983,0.01321892,0.00063990866
2010-11-11,1.4143074e-05,0.18586881,0.78026617,0.96613497,0.96613497,0.00018211277,0.013494916,0.00041763057
2010-11-12,1.538129e-05,0.06877048,0.91496223,0.9837327,0.9837327,0.00015625005,0.012500002,0.0009455344
2010-11-15,1.1995577e-05,0.060289837,0.92641324,0.9867031,0.9867031,0.00023866401,0.015448755,0.0009021332
2010-11-16,1.2870016e-05,0.10852792,0.87260354,0.98113143,0.98113143,0.00023311061,0.01526796,0.0006820877
2010-11-17,1.2396879e-05,0.060315333,0.926364,0.9866793,0.9866793,0.00031647558,0.01778976,0.0009306488
2010-11-18,1.0043865e-05,0.05867406,0.92871064,0.9873847,0.9873847,0.00033911507,0.018415077,0.00079616386
2010-11-19,1.2985077e-05,0.1506596,0.82317775,0.9738374,0.9738374,0.00034221774,0.018499129,0.00049632165
2010-11-22,1.3202652e-05,0.061645553,0.92442137,0.98606694,0.98606694,0.00029760893,0.017251346,0.0009475771
2010-11-23,2.2184728e-05,0.10185363,0.8782514,0.980105,0.980105,0.0002887289,0.016992025,0.0011150896
2010-11-24,2.126024e-05,0.07347585,0.9092206,0.9826964,0.9826964,0.00027974104,0.01672546,0.0012286609
2010-11-26,1.16437695e-05,0.22307424,0.73182255,0.9548968,0.9548968,0.0003479571,0.018653609,0.00025815843
2010-11-29,1.15459015e-05,0.08291554,0.9013935,0.984309,0.984309,0.00026674368,0.01633229,0.0007358304
2010-11-30,9.846593e-06,0.21463996,0.7497694,0.96440935,0.96440935,0.00029588366,0.017201269,0.00027666235
2010-12-01,1.1184354e-05,0.0657925,0.92064327,0.9864358,0.9864358,0.0003117719,0.017657064,0.0008245477
2010-12-02,7.5794e-06,0.23557733,0.7142707,0.94984806,0.94984806,0.0003600894,0.018976022,0.00015112874
2010-12-03,5.1351026e-06,0.23194993,0.7413053,0.9732552,0.9732552,0.00031140452,0.017646657,0.00019200389
2010-12-06,6.6073912e-06,0.22893615,0.7425557,0.9714918,0.9714918,0.0002763585,0.016624033,0.00023177172
2010-12-07,9.288673e-06,0.16323785,0.8153854,0.9786233,0.9786233,0.0002126365,0.014582061,0.00043452266
2010-12-08,1.4318055e-05,0.18846402,0.7841201,0.97258407,0.9725841,0.00019308523,0.013895511,0.0005222531
2010-12-09,1.5359667e-05,0.1016535,0.8775494,0.9792029,0.9792029,0.00017019323,0.013045813,0.0007385494
2010-12-10,2.0227582e-05,0.096808575,0.8794947,0.9763033,0.9763033,0.00016477461,0.012836456,0.0008536026
2010-12-13,2.2628567e-05,0.074265204,0.90696746,0.98123264,0.98123264,0.00016965302,0.013025092,0.0012057407
2010-12-14,1.6337533e-05,0.09503657,0.88406664,0.9791032,0.9791032,0.00018259278,0.01351269,0.00078182016
2010-12-15,3.5918718e-05,0.09348546,0.8810543,0.97453976,0.97453976,0.00017925912,0.013388769,0.0014107767
2010-12-16,1.7213239e-05,0.08764735,0.89216447,0.9798118,0.9798118,0.0001950712,0.0139667895,0.0008526381
2010-12-17,1.8562581e-05,0.06625692,0.9178903,0.98414725,0.98414725,0.00020123483,0.014185726,0.0011709377
2010-12-20,1.1226695e-05,0.062990315,0.9230017,0.985992,0.985992,0.00020404177,0.014284319,0.00080144964
2010-12-21,1.2297184e-05,0.09030231,0.8914254,0.98172766,0.98172766,0.000204322,0.014294125,0.0006729945
2010-12-22,1.7470702e-05,0.09587311,0.8828672,0.97874033,0.97874033,0.00020550146,0.014335322,0.0008217769
2010-12-23,9.676867e-06,0.10335269,0.8795797,0.9829324,0.9829324,0.000203711,0.014272736,0.00056697254
2010-12-27,1.0381734e-05,0.10139905,0.88140965,0.9828087,0.9828087,0.00020154784,0.014196754,0.00060389494
2010-12-28,1.015344e-05,0.061014336,0.9259201,0.9869345,0.9869345,0.00019147087,0.0138373,0.0007771173
2010-12-29,9.159263e-06,0.11244055,0.870484,0.9829245,0.9829245,0.00018904707,0.013749439,0.0005363986
2010-12-30,9.939764e-06,0.07725065,0.9081843,0.98543495,0.98543495,0.00017579162,0.013258643,0.00068243936
2010-12-31,1.0039946e-05,0.05967459,0.92742836,0.9871029,0.987103,0.00018557701,0.013622665,0.0007784669
2011-01-03,7.163013e-06,0.19835775,0.7775684,0.97592616,0.97592616,0.00019890798,0.014103474,0.00029754345
2011-01-04,1.299323e-05,0.08742454,0.89526874,0.98269325,0.98269325,0.00016234843,0.012741602,0.000750761
2011-01-05,1.1900844e-05,0.06070694,0.92577994,0.98648685,0.98648685,0.00020965077,0.014479322,0.0008806863
2011-01-06,1.595127e-05,0.15518983,0.81878465,0.97397447,0.97397447,0.00021206486,0.014562447,0.00061290845
2011-01-07,1.1293376e-05,0.059472363,0.9275387,0.9870111,0.9870111,0.0002628667,0.016213164,0.0008694619
2011-01-10,2.2974486e-05,0.083850905,0.8983521,0.982203,0.982203,0.00025616464,0.016005144,0.0012909195
2011-01-11,8.652887e-06,0.18768601,0.7881296,0.97581565,0.97581565,0.0002684402,0.016384145,0.00035778875
2011-01-12,6.7265337e-06,0.17595732,0.804709,0.98066634,0.98066634,0.00029823344,0.017269436,0.00034791828
2011-01-13,8.6021e-06,0.12973712,0.8551028,0.9848399,0.9848399,0.00025786625,0.016058214,0.0005674177
2011-01-14,1.6675844e-05,0.11296334,0.8699275,0.98289084,0.98289084,0.00023269161,0.015254233,0.00097467366
2011-01-18,7.643809e-06,0.14150466,0.840895,0.98239964,0.98239964,0.00021928933,0.014808421,0.0004342985
2011-01-19,1.5938602e-05,0.06936903,0.9151374,0.9845064,0.9845064,0.00019260217,0.013878118,0.0010287235
2011-01-20,1.1171346e-05,0.066218495,0.9193552,0.9855737,0.9855737,0.00019464774,0.013951622,0.0007743741
2011-01-21,2.2809785e-05,0.08163078,0.8999016,0.9815324,0.9815324,0.00022363297,0.014954363,0.0012351242
2011-01-24,1.3514634e-05,0.0826766,0.89948547,0.98216206,0.98216206,0.00022459714,0.014986565,0.0007576342
2011-01-25,3.29561e-05,0.11113779,0.8679436,0.9790814,0.9790814,0.00023232815,0.015242315,0.0015754442
2011-01-26,4.4144093e-05,0.16601068,0.8086556,0.9746663,0.9746663,0.00027704853,0.016644774,0.0017425047
2011-01-27,8.519071e-06,0.16005847,0.8183875,0.978446,0.978446,0.00029581378,0.017199237,0.0003952433
2011-01-28,2.5753938e-05,0.14635725,0.8350638,0.98142105,0.98142105,0.00031323108,0.017698336,0.0013861894
2011-01-31,4.030554e-06,0.16996941,0.8152914,0.98526084,0.98526084,0.00054621673,0.02337128,0.00027345895
2011-02-01,3.1270927e-06,0.22001982,0.7644903,0.9845101,0.9845101,0.0006144316,0.024787731,0.00020187977
2011-02-02,3.7548152e-06,0.13500012,0.8537051,0.9887052,0.9887052,0.00052751,0.022967586,0.00033243804
2011-02-03,3.6333583e-06,0.19440107,0.7926993,0.98710036,0.98710036,0.00045416932,0.02131125,0.0002816636
2011-02-04,4.1130115e-06,0.14425571,0.8446818,0.9889375,0.9889375,0.0003664107,0.019141857,0.00037179756
2011-02-07,8.493936e-06,0.18591556,0.8008566,0.9867721,0.9867722,0.00035558152,0.01885687,0.00064212375
2011-02-08,1.2518603e-05,0.061258636,0.9257851,0.98704374,0.98704374,0.0003521784,0.018766416,0.00096622034
2011-02-09,8.273455e-06,0.06207645,0.925876,0.9879525,0.9879525,0.00034109305,0.018468704,0.00068673457
2011-02-10,9.294343e-06,0.059753183,0.92780477,0.98755795,0.98755795,0.00032460084,0.018016683,0.0007470104
2011-02-11,1.363961e-05,0.15247372,0.8327981,0.9852718,0.9852718,0.00031046054,0.017619891,0.0009260888
2011-02-14,2.0601388e-05,0.06935565,0.9149493,0.98430496,0.98430496,0.0003003361,0.017330209,0.0013126055
2011-02-15,1.0576754e-05,0.058568537,0.9288389,0.98740745,0.98740745,0.00030136193,0.017359778,0.00083992124
2011-02-16,1.6071432e-05,0.06239416,0.9232311,0.98562527,0.98562527,0.00029262487,0.017106282,0.0011180334
2011-02-17,9.993646e-06,0.05987721,0.9275332,0.9874104,0.9874104,0.00028990838,0.017026696,0.00079380337
2011-02-18,9.944112e-06,0.06422419,0.9239091,0.9881333,0.9881333,0.00029375186,0.01713919,0.0008379854
2011-02-22,8.690087e-06,0.059437837,0.928485,0.9879228,0.9879228,0.0002816254,0.016781699,0.0007195441
2011-02-23,2.7921121e-06,0.241623,0.73701483,0.9786378,0.9786378,0.0006679018,0.025843797,0.00013070348
2011-02-24,1.951606e-06,0.2449507,0.73752505,0.98247576,0.98247576,0.0010296837,0.032088686,0.00011136607
2011-02-25,1.6033174e-06,0.20449966,0.7873935,0.9918932,0.9918932,0.0007796216,0.027921705,0.00019777371
2011-02-28,2.0159837e-06,0.23746374,0.7488221,0.98628587,0.9862858,0.00062261644,0.024952283,0.00014700044
2011-03-01,1.565492e-06,0.22535601,0.7650994,0.99045545,0.9904554,0.000490033,0.02213669,0.00016401944
2011-03-02,2.875e-06,0.23924479,0.7392262,0.97847104,0.97847104,0.0005386318,0.023208443,0.00013354106
2011-03-03,2.802481e-06,0.20563504,0.78122354,0.9868586,0.9868586,0.00055690366,0.023598807,0.000213256
2011-03-04,3.3735141e-06,0.16011563,0.82893944,0.98905504,0.98905504,0.00044020874,0.020981152,0.00030822528
2011-03-07,2.4756762e-06,0.23002018,0.75554675,0.9855669,0.9855669,0.00046122156,0.02147607,0.00017152785
2011-03-08,2.877729e-06,0.18968205,0.79957026,0.9892523,0.9892523,0.00037163365,0.019277802,0.00026775373
2011-03-09,1.1558839e-05,0.12392498,0.8619502,0.9858752,0.9858752,0.0003034182,0.017418904,0.00081833586
2011-03-10,6.990002e-06,0.12630321,0.8578097,0.9841129,0.9841129,0.0002780887,0.016675992,0.00043998024
2011-03-11,9.016882e-06,0.06884915,0.91931045,0.9881596,0.9881596,0.00027977425,0.016726453,0.0007615351
2011-03-14,1.1558406e-05,0.061066832,0.9258368,0.9869036,0.9869036,0.00028243207,0.016805716,0.00088256417
2011-03-15,1.641919e-05,0.07612,0.9080504,0.98417044,0.98417044,0.00027304463,0.016524062,0.0010372484
2011-03-16,1.6182315e-05,0.21227579,0.7708362,0.983112,0.983112,0.00039028394,0.019755606,0.0009582126
2011-03-17,1.0278333e-05,0.062100932,0.9245492,0.98665017,0.98665017,0.00033047824,0.01817906,0.00076992234
2011-03-18,5.8333326e-06,0.11834907,0.8674847,0.98583376,0.98583376,0.0003887493,0.019716727,0.00041177718
2011-03-21,1.0349076e-05,0.059118416,0.92838526,0.98750365,0.98750365,0.0003446834,0.018565651,0.0008281677
2011-03-22,6.4159854e-06,0.09339287,0.8939093,0.9873021,0.9873021,0.00033907715,0.018414047,0.0005052802
2011-03-23,8.719074e-06,0.117851004,0.86612785,0.98397887,0.98397887,0.00033327885,0.018255927,0.0005442233
2011-03-24,8.397445e-06,0.06904695,0.9186849,0.9877319,0.9877319,0.00032926683,0.01814571,0.0006844929
2011-03-25,1.2401861e-05,0.0752885,0.9100624,0.98535085,0.98535085,0.00031107964,0.01763745,0.00084659236
2011-03-28,1.0686426e-05,0.060351793,0.9264557,0.98680747,0.98680747,0.00029584658,0.01720019,0.0008100359
2011-03-29,1.3240698e-05,0.0681936,0.9176931,0.9858867,0.9858867,0.00029627237,0.017212564,0.0009381712
2011-03-30,1.4208209e-05,0.07939424,0.9041713,0.9835655,0.9835655,0.00028898573,0.01699958,0.00086453604
2011-03-31,9.728786e-06,0.058806665,0.9285257,0.98733234,0.98733234,0.0002776583,0.016663082,0.00076800206
2011-04-01,9.633354e-06,0.11118178,0.8713229,0.98250467,0.98250467,0.0002986144,0.017280463,0.0005506242
2011-04-04,8.0571845e-06,0.115681075,0.8685943,0.98427534,0.98427534,0.00028359256,0.016840206,0.0005123917
2011-04-05,1.0158469e-05,0.10385456,0.8808259,0.9846804,0.9846804,0.000256896,0.016027976,0.00066310336
2011-04-06,1.0136466e-05,0.0632633,0.9233597,0.986623,0.986623,0.00023665371,0.015383553,0.0007577527
2011-04-07,1.4371383e-05,0.08848033,0.8959182,0.98439854,0.98439854,0.00022980882,0.015159447,0.00092115655
2011-04-08,1.2839476e-05,0.11190926,0.87187016,0.98377943,0.98377943,0.0002356283,0.015350189,0.00079155515
2011-04-11,5.430259e-06,0.20462407,0.77488303,0.9795071,0.9795071,0.00027286264,0.016518554,0.0002649823
2011-04-12,8.411537e-06,0.084530555,0.90368026,0.9882108,0.9882108,0.00035533242,0.018850263,0.000713495
2011-04-13,1.0145535e-05,0.06973968,0.91787493,0.98761463,0.98761463,0.00042836706,0.02069703,0.0008191549
2011-04-14,7.0544615e-06,0.0879319,0.8986596,0.9865915,0.98659146,0.00040760127,0.020189138,0.0005261193
2011-04-15,9.212416e-06,0.06641938,0.9213028,0.98772216,0.98772216,0.0003805585,0.01950791,0.00075032865
2011-04-18,7.898444e-06,0.07597848,0.91080225,0.9867807,0.9867807,0.00037283506,0.019308938,0.0005974935
2011-04-19,7.5532676e-06,0.074166134,0.9147858,0.9889519,0.9889519,0.00039005742,0.019749872,0.0006836725
2011-04-20,1.1061227e-05,0.06765781,0.91815454,0.98581237,0.98581237,0.00037082998,0.019256946,0.0007796386
2011-04-21,5.2843548e-06,0.19224413,0.78981805,0.98206216,0.98206216,0.00041169842,0.020290352,0.0002945926
2011-04-25,9.18394e-06,0.06239092,0.9248681,0.98725903,0.98725903,0.0003406134,0.018455714,0.0007208196
2011-04-26,1.3031206e-05,0.06443734,0.92113614,0.9855735,0.9855735,0.00032421306,0.018005917,0.00090328074
2011-04-27,1.2524228e-05,0.09512305,0.88683504,0.9819581,0.9819581,0.00031172344,0.017655691,0.0006941742
2011-04-28,1.219381e-05,0.08716549,0.89563435,0.9827998,0.9827998,0.0002910295,0.017059587,0.0007089354
2011-04-29,1.3472548e-05,0.063203104,0.9222775,0.9854806,0.9854806,0.00027288642,0.016519275,0.0009279002
2011-05-02,1.7952738e-05,0.074598335,0.9068618,0.9814601,0.9814601,0.0002704966,0.01644678,0.0009683295
2011-05-03,8.853507e-05,0.19206715,0.7622688,0.9543359,0.9543359,0.00026435775,0.016259082,0.0019388342
2011-05-04,1.4184566e-05,0.06353167,0.92192996,0.98546165,0.9854616,0.00038501807,0.019621877,0.0009756656
2011-05-05,1.7984028e-05,0.067764334,0.9161322,0.98389655,0.98389655,0.00038680228,0.01966729,0.0011167813
2011-05-06,3.177007e-05,0.24101816,0.73439586,0.97541404,0.97541404,0.0009287926,0.030476099,0.0012922036
2011-05-09,1.5664202e-05,0.09112927,0.89459693,0.9857262,0.98572624,0.00088751724,0.029791227,0.0010974077
2011-05-10,9.6416e-06,0.13961121,0.83631766,0.9759289,0.9759289,0.001070931,0.03272508,0.00040054673
2011-05-11,7.440761e-06,0.067418754,0.92047244,0.9878912,0.9878912,0.00092761253,0.030456733,0.0006144919
2011-05-12,3.6308393e-06,0.24659722,0.7414689,0.98806614,0.98806614,0.0010754848,0.032794584,0.00030424676
2011-05-13,6.930086e-06,0.23192897,0.7537643,0.9856933,0.9856932,0.00081483164,0.028545257,0.00048439362
2011-05-16,4.2138718e-06,0.16578196,0.8236197,0.9894017,0.9894017,0.0006312516,0.025124721,0.00039759878
2011-05-17,5.4523466e-06,0.2409229,0.7463658,0.9872887,0.9872887,0.00061477756,0.024794709,0.00042893743
2011-05-18,1.740534e-05,0.14564735,0.83809483,0.9837422,0.9837422,0.0004702611,0.021685503,0.0010705825
2011-05-19,7.3587335e-06,0.14825724,0.83678365,0.9850409,0.9850409,0.0005620607,0.023707818,0.00049192365
2011-05-20,7.2502553e-06,0.1634885,0.82459927,0.9880878,0.9880878,0.0005203302,0.022810748,0.0006086398
2011-05-23,9.496177e-06,0.060880218,0.9268923,0.9877725,0.9877725,0.00045390072,0.021304946,0.0007766261
2011-05-24,8.723241e-06,0.080118135,0.9081859,0.988304,0.988304,0.00045081106,0.021232313,0.00074583234
2011-05-25,1.40908005e-05,0.09615594,0.88555956,0.9817155,0.9817155,0.000446829,0.02113833,0.00077064184
2011-05-26,1.1707708e-05,0.103187956,0.8808434,0.9840314,0.9840314,0.00043752082,0.020916998,0.0007331696
2011-05-27,9.700646e-06,0.064272195,0.9234327,0.9877049,0.9877049,0.00040970478,0.020241166,0.00078898296
2011-05-31,9.659906e-06,0.058073614,0.9295617,0.9876353,0.9876353,0.00038875546,0.019716883,0.0007812496
2011-06-01,1.5130631e-05,0.0980713,0.88096946,0.97904074,0.97904074,0.00039548764,0.019886872,0.00072190684
2011-06-02,2.030803e-05,0.24068242,0.73514533,0.97582775,0.97582775,0.00041995852,0.020492889,0.00084013835
2011-06-03,2.47704e-05,0.07372624,0.9079078,0.981634,0.981634,0.00032921575,0.018144304,0.0013487111
2011-06-06,2.4075265e-05,0.073509514,0.90837896,0.9818885,0.9818885,0.00032397255,0.017999237,0.0013292786
2011-06-07,1.8260247e-05,0.10335827,0.87998974,0.983348,0.983348,0.00032964087,0.018156014,0.0010965806
2011-06-08,2.4963692e-05,0.082344994,0.89629716,0.97864217,0.97864217,0.00030837435,0.01756059,0.0011688307
2011-06-09,3.1551463e-05,0.09464706,0.883523,0.97817004,0.97817004,0.00032317312,0.017977016,0.0014453282
2011-06-10,2.196181e-05,0.07347817,0.90797913,0.9814573,0.9814573,0.0003296106,0.018155182,0.0011843907
2011-06-13,1.26137165e-05,0.06766539,0.918352,0.9860174,0.9860174,0.0003727623,0.019307053,0.00090210134
2011-06-14,2.8094826e-05,0.12128886,0.8577663,0.9790551,0.9790551,0.00038333298,0.01957889,0.0013413688
2011-06-15,8.805627e-06,0.06682533,0.91987574,0.9867011,0.9867011,0.00040944506,0.020234749,0.00066213054
2011-06-16,7.4051068e-06,0.2366431,0.7488774,0.9855205,0.9855205,0.0005344065,0.023117235,0.00051141944
2011-06-17,3.3826775e-05,0.09696061,0.88130504,0.97826564,0.97826564,0.00040797234,0.020198325,0.0015563734
2011-06-20,8.894813e-06,0.09185873,0.8963119,0.9881706,0.9881706,0.00043565372,0.02087232,0.00075192575
2011-06-21,7.4994527e-06,0.14117222,0.84708905,0.9882613,0.9882613,0.00039992604,0.01999815,0.00063886476
2011-06-22,1.1148648e-05,0.06552688,0.9221685,0.9876954,0.9876954,0.0003464972,0.018614436,0.000906055
2011-06-23,1.2527527e-05,0.063556276,0.9222532,0.98580945,0.98580945,0.00035972314,0.01896637,0.0008828075
2011-06-24,7.02245e-06,0.24267279,0.7434978,0.9861706,0.9861706,0.0004867325,0.022062015,0.000507791
2011-06-27,2.823915e-05,0.2052876,0.7740431,0.97933066,0.97933066,0.00036931635,0.019217605,0.0013662337
2011-06-28,1.3583758e-05,0.059155103,0.9279253,0.9870804,0.9870804,0.00032222766,0.0179507,0.0010514066
2011-06-29,9.816961e-06,0.058076184,0.9295528,0.987629,0.987629,0.00034842355,0.018666107,0.0007935461
2011-06-30,9.401469e-06,0.07869769,0.9062952,0.98499286,0.98499286,0.00035646008,0.018880151,0.00062646647
2011-07-01,8.49358e-06,0.061959736,0.92628,0.98823977,0.98823977,0.00033588454,0.018327152,0.0007222288
2011-07-05,1.1161915e-05,0.19426543,0.790398,0.9846634,0.9846634,0.0003213449,0.017926095,0.00072779716
2011-07-06,6.3911625e-06,0.11681956,0.87000316,0.9868227,0.9868227,0.00034358224,0.018535972,0.00048501394
2011-07-07,9.407838e-06,0.09333892,0.89387107,0.98721,0.98721,0.00030617203,0.017497772,0.0007355606
2011-07-08,6.035448e-06,0.19455004,0.7840932,0.97864324,0.97864324,0.00032210725,0.017947346,0.00028260128
2011-07-11,6.0782995e-06,0.08183684,0.90743953,0.98927635,0.98927635,0.00038599674,0.0196468,0.0005668125
2011-07-12,9.056975e-06,0.06950985,0.9183194,0.98782927,0.98782927,0.00036663638,0.019147752,0.0007441602
2011-07-13,7.5208495e-06,0.069857456,0.91754705,0.9874045,0.9874045,0.00038394163,0.019594429,0.0005971073
2011-07-14,7.828765e-06,0.07007361,0.9172515,0.98732513,0.98732513,0.00036240916,0.019037047,0.00061766047
2011-07-15,1.279206e-05,0.071304485,0.9148794,0.9861839,0.9861839,0.0003826618,0.019561743,0.00092587946
2011-07-18,1.1222082e-05,0.073153436,0.9117182,0.9848716,0.9848716,0.0003807497,0.019512808,0.0007417904
2011-07-19,1.04491455e-05,0.07798912,0.9089864,0.9869755,0.9869755,0.0003722931,0.019294899,0.0008022679
2011-07-20,8.457154e-06,0.09269651,0.8924274,0.9851239,0.9851239,0.0003688122,0.019204484,0.0005685051
2011-07-21,8.341823e-06,0.09935015,0.885704,0.98505414,0.98505414,0.00034127955,0.018473754,0.00055813586
2011-07-22,1.5208178e-05,0.1548789,0.82820827,0.9830872,0.9830872,0.00032015378,0.017892841,0.0008992102
2011-07-25,8.510442e-06,0.08942977,0.8961738,0.9856036,0.9856036,0.00028838895,0.016982019,0.0005911495
2011-07-26,9.4215575e-06,0.060905103,0.9266907,0.9875958,0.9875958,0.00027130116,0.016471222,0.00075954554
2011-07-27,1.287804e-05,0.06980729,0.9150201,0.9848274,0.9848274,0.0002616611,0.016175942,0.00084876944
2011-07-28,1.1590559e-05,0.060228292,0.9265871,0.9868154,0.9868154,0.0002875607,0.016957615,0.0008790978
2011-07-29,3.273458e-05,0.093982205,0.88435787,0.9783401,0.9783401,0.00027804237,0.016674602,0.001511298
2011-08-01,1.2453435e-05,0.060124546,0.92664886,0.9867734,0.9867734,0.0003099488,0.017605362,0.0009415427
2011-08-02,2.3517878e-05,0.071806535,0.9107933,0.98259985,0.98259985,0.00030425802,0.017442994,0.0013515909
2011-08-03,1.6799939e-05,0.063392185,0.9219431,0.9853353,0.9853353,0.0003107997,0.017629512,0.0011456033
2011-08-04,4.4758006e-05,0.18572885,0.78877234,0.9745012,0.9745012,0.00032938333,0.018148921,0.001755298
2011-08-05,5.0418043e-05,0.23998834,0.7281346,0.9681229,0.9681229,0.00096473726,0.03106022,0.0015816382
2011-08-08,1.4641283e-05,0.059041757,0.9280389,0.98708063,0.98708063,0.0007545536,0.02746914,0.0011332819
2011-08-09,2.2627582e-05,0.19270335,0.79159546,0.9842988,0.9842988,0.00097597094,0.031240534,0.0014411395
2011-08-10,3.294093e-05,0.06421748,0.9201349,0.98435235,0.98435235,0.0009182477,0.030302601,0.0021051678
2011-08-11,1.1540134e-05,0.058149017,0.92940474,0.9875538,0.9875538,0.0010023926,0.031660583,0.0009271996
2011-08-12,1.1262648e-05,0.05809811,0.92947626,0.9875744,0.9875744,0.0010077794,0.03174554,0.0009064066
2011-08-15,7.72893e-06,0.09848118,0.8906213,0.9891025,0.9891025,0.00094900065,0.030805854,0.00070923765
2011-08-16,3.6238994e-06,0.12702322,0.8618708,0.98889405,0.98889405,0.00093360746,0.030554991,0.00032630237
2011-08-17,2.9864493e-06,0.19266465,0.79761374,0.99027836,0.99027836,0.00083436945,0.028885454,0.00030719614
2011-08-18,4.7167555e-06,0.10831428,0.8810855,0.9893998,0.9893998,0.00068947976,0.026257947,0.00044496814
2011-08-19,8.497779e-06,0.17102765,0.81728464,0.9883123,0.9883123,0.0010211901,0.031956065,0.0007270705
2011-08-22,1.073872e-05,0.05809049,0.92950296,0.9875935,0.9875935,0.0008435926,0.029044665,0.00086557015
2011-08-23,8.389886e-06,0.06752917,0.9210739,0.98860306,0.9886031,0.0008232869,0.028692976,0.00073615223
2011-08-24,7.711419e-06,0.0662626,0.9212227,0.9874853,0.9874853,0.0007825716,0.02797448,0.0006161884
2011-08-25,1.1132486e-05,0.06435751,0.92316455,0.98752207,0.98752207,0.0007294555,0.027008433,0.0008921738
2011-08-26,1.0314162e-05,0.05808405,0.92952543,0.9876095,0.9876095,0.00068466685,0.02616614,0.0008324254
2011-08-29,2.445781e-05,0.0846343,0.89763993,0.98227423,0.98227423,0.0006467491,0.025431262,0.0013797886
2011-08-30,1.9132562e-05,0.11385441,0.8693035,0.98315793,0.98315793,0.0006451303,0.025399415,0.0011359984
2011-08-31,7.365674e-06,0.08797057,0.8976861,0.9856567,0.9856567,0.0006179387,0.024858372,0.0005135264
2011-09-01,9.900304e-06,0.05807752,0.9295481,0.9876256,0.9876256,0.00056221837,0.023711145,0.00080006325
2011-09-02,4.222029e-05,0.21837321,0.75291264,0.9712858,0.9712858,0.0005325811,0.023077719,0.0014703638
2011-09-06,2.025768e-05,0.16733122,0.8148195,0.98215073,0.98215073,0.00062085007,0.024916863,0.0011349306
2011-09-07,1.216076e-05,0.059258934,0.9278378,0.9870967,0.9870967,0.000530706,0.023037057,0.00094245543
2011-09-08,7.316846e-06,0.12466832,0.8578196,0.9824879,0.9824879,0.0005884871,0.024258753,0.000417817
2011-09-09,7.1446866e-06,0.07717961,0.9115571,0.9887367,0.9887367,0.00051365065,0.022663862,0.0006343327
2011-09-12,1.1226979e-05,0.23007795,0.7536603,0.98373824,0.9837383,0.00050867215,0.02255376,0.0006903915
2011-09-13,6.48438e-06,0.16888815,0.8189889,0.9878771,0.9878771,0.0004204077,0.020503847,0.00053488556
2011-09-14,7.279321e-06,0.06677814,0.92163396,0.9884121,0.9884121,0.00043559872,0.020871002,0.00062818197
2011-09-15,1.1881664e-05,0.060521267,0.92670745,0.9872287,0.9872287,0.0004232779,0.020573718,0.0009303404
2011-09-16,1.1667872e-05,0.15505849,0.82352537,0.9785839,0.9785839,0.00040580952,0.020144714,0.00054481707
2011-09-19,6.742974e-06,0.07276693,0.9164237,0.98919064,0.9891906,0.00038795825,0.019696657,0.0006238087
2011-09-20,5.906461e-06,0.18936557,0.79904866,0.9884142,0.9884142,0.00041248536,0.020309735,0.00050980295
2011-09-21,6.244856e-06,0.09453578,0.8933663,0.98790205,0.98790205,0.00037028015,0.019242665,0.00051619107
2011-09-22,1.3510036e-05,0.13049845,0.85535836,0.98585683,0.98585683,0.0003494661,0.018694013,0.00095523405
2011-09-23,1.04465635e-05,0.21195197,0.7746776,0.98662955,0.98662955,0.00086843316,0.02946919,0.000781317
2011-09-26,2.1827504e-05,0.062816255,0.922759,0.98557526,0.98557526,0.00069840724,0.026427396,0.001513199
2011-09-27,1.42734425e-05,0.058558084,0.92874086,0.98729897,0.98729897,0.00066763797,0.025838692,0.0011238016
2011-09-28,8.510136e-06,0.091640554,0.8910438,0.9826843,0.9826843,0.0007860445,0.028036486,0.00049146975
2011-09-29,5.487228e-06,0.13912565,0.8511724,0.99029803,0.99029803,0.0008508768,0.029169792,0.0005655789
2011-09-30,1.1991976e-05,0.1480658,0.8385481,0.9866139,0.9866139,0.00074702175,0.027331699,0.00089585484
2011-10-03,1.1600456e-05,0.0785624,0.90955013,0.9881125,0.9881125,0.0008376937,0.028942939,0.00097585405
2011-10-04,1.41278415e-05,0.23725682,0.74665856,0.9839154,0.9839154,0.0008065994,0.028400693,0.0008783452
2011-10-05,2.8153458e-05,0.06380907,0.9208615,0.9846705,0.9846705,0.0007712977,0.027772248,0.0018365566
2011-10-06,8.827359e-06,0.0963767,0.88838464,0.98476136,0.98476136,0.0009069838,0.030116173,0.0005792746
2011-10-07,4.6058954e-06,0.1377099,0.84693456,0.9846445,0.9846445,0.0009369395,0.030609468,0.00029995033
2011-10-10,2.6188866e-06,0.23445277,0.7553396,0.9897924,0.9897924,0.0008008874,0.028299954,0.00025656258
2011-10-11,1.8590719e-06,0.22033353,0.76837134,0.98870486,0.98870486,0.0007996738,0.028278504,0.00016459043
2011-10-12,3.819801e-06,0.10522612,0.8843006,0.9895267,0.9895267,0.00062063744,0.024912596,0.00036471762
2011-10-13,8.140095e-06,0.2077414,0.77493775,0.9826791,0.9826791,0.00055362174,0.023529168,0.00046995873
2011-10-14,7.703787e-06,0.07217871,0.9159907,0.98816943,0.98816943,0.0004904893,0.022146992,0.0006511764
2011-10-17,5.403234e-06,0.16784282,0.81445616,0.982299,0.982299,0.0005211591,0.022828909,0.0003052497
2011-10-18,1.09759385e-05,0.16834188,0.817211,0.98555285,0.98555285,0.00043421084,0.020837726,0.00075973023
2011-10-19,6.0072794e-06,0.19456166,0.7863911,0.98095274,0.98095274,0.00044877286,0.02118426,0.0003153881
2011-10-20,6.3493153e-06,0.13173935,0.8570938,0.9888332,0.9888332,0.000488483,0.022101652,0.00056858803
2011-10-21,9.2203745e-06,0.11558951,0.86863214,0.98422164,0.98422164,0.00043739312,0.020913946,0.00058436824
2011-10-24,7.568443e-06,0.072718054,0.91509604,0.9878141,0.98781407,0.00045619253,0.021358663,0.0006210834
2011-10-25,4.462159e-06,0.21576458,0.7661379,0.9819025,0.9819025,0.00056003855,0.023665134,0.0002465619
2011-10-26,4.5151114e-06,0.12903032,0.8585985,0.98762876,0.9876288,0.00052301725,0.02286957,0.00036496832
2011-10-27,5.197405e-06,0.20062505,0.7876712,0.9882963,0.9882963,0.0005909965,0.02431042,0.00044408106
2011-10-28,3.0690967e-06,0.24140257,0.7350812,0.97648376,0.97648376,0.0008014353,0.028309634,0.00013050968
2011-10-31,9.1954025e-06,0.065014206,0.92225575,0.98726994,0.98726994,0.00060426566,0.024581816,0.00072233763
2011-11-01,1.0310946e-05,0.20144194,0.7783112,0.97975314,0.97975314,0.0005666561,0.02380454,0.0005092614
2011-11-02,1.427875e-05,0.16652513,0.81244296,0.9789681,0.9789681,0.00047584,0.021813758,0.00067890866
2011-11-03,6.4963606e-06,0.11222235,0.87503266,0.98725504,0.98725504,0.00040260557,0.020065034,0.00050971983
2011-11-04,7.921651e-06,0.16126853,0.8192122,0.98048073,0.98048073,0.00038928332,0.019730264,0.00040583746
2011-11-07,7.275227e-06,0.14154913,0.8418148,0.9833639,0.9833639,0.00032733797,0.018092483,0.00043731634
2011-11-08,7.480117e-06,0.16089937,0.819484,0.98038334,0.9803834,0.000306904,0.017518675,0.00038131443
2011-11-09,1.1495218e-05,0.08067336,0.9038241,0.9844974,0.9844974,0.00028648198,0.016925778,0.00074150396
2011-11-10,1.799885e-05,0.1950353,0.78493035,0.9799656,0.9799656,0.00028063316,0.016752109,0.00089839846
2011-11-11,8.838971e-06,0.20039853,0.7770883,0.9774868,0.97748685,0.00032302714,0.017972955,0.00039261262
2011-11-14,8.229873e-06,0.20232712,0.7800795,0.9824066,0.9824066,0.0002890088,0.01700026,0.00046778226
2011-11-15,1.2323105e-05,0.21696797,0.7653338,0.9823018,0.9823017,0.0002495696,0.015797772,0.0006962903
2011-11-16,4.3084083e-06,0.119511686,0.86854935,0.988061,0.988061,0.00023571082,0.015352877,0.00036086875
2011-11-17,3.8606154e-06,0.1064194,0.883092,0.9895114,0.9895114,0.0003287668,0.018131927,0.00036807626
2011-11-18,4.153287e-06,0.22166185,0.7676448,0.9893067,0.9893067,0.00044527356,0.021101506,0.00038840045
2011-11-21,3.341198e-06,0.1831072,0.8072528,0.99036,0.99036,0.00039327514,0.019831166,0.00034659807
2011-11-22,6.5570994e-06,0.06913374,0.91975284,0.9888866,0.9888866,0.00032592088,0.018053278,0.0005900171
2011-11-23,3.5306646e-06,0.13279706,0.85575193,0.988549,0.988549,0.00031460612,0.017737139,0.0003083279
2011-11-25,5.750682e-06,0.11116401,0.87850606,0.9896701,0.9896701,0.00032166054,0.017934898,0.00055670243
2011-11-28,1.1972438e-05,0.18836422,0.7966275,0.9849917,0.9849917,0.00029230842,0.01709703,0.0007977227
2011-11-29,7.267615e-06,0.12668672,0.85809314,0.98477983,0.98477983,0.0002846163,0.016870575,0.00047749907
2011-11-30,8.864224e-06,0.064073935,0.9226401,0.986714,0.986714,0.00028280835,0.016816907,0.0006671856
2011-12-01,6.865266e-06,0.08214748,0.9064661,0.9886136,0.9886136,0.00027170294,0.016483415,0.0006029359
2011-12-02,1.10855335e-05,0.062258832,0.92493576,0.9871946,0.9871946,0.00025343103,0.015919518,0.0008656919
2011-12-05,7.943855e-06,0.08883267,0.8971276,0.9859603,0.9859603,0.0002488271,0.015774254,0.0005658139
2011-12-06,1.579743e-05,0.09629744,0.888014,0.98431146,0.98431146,0.00023117384,0.015204402,0.0010069408
2011-12-07,8.348378e-06,0.08211724,0.9039968,0.9861141,0.9861141,0.00022174872,0.01489123,0.00060121197
2011-12-08,1.887911e-05,0.16241623,0.8199866,0.9824028,0.9824028,0.00021415506,0.014634038,0.0010728474
2011-12-09,1.0919136e-05,0.08125441,0.90584326,0.9870977,0.9870977,0.00027213542,0.016496528,0.0008462925
2011-12-12,1.1413164e-05,0.071085155,0.9161907,0.98727584,0.98727584,0.00026653282,0.016325833,0.00089696795
2011-12-13,9.715091e-06,0.15886495,0.8282074,0.98707235,0.98707235,0.00027584643,0.016608626,0.000751497
2011-12-14,5.4448183e-06,0.080250114,0.90841734,0.9886675,0.9886675,0.0003275055,0.018097112,0.00048045997
2011-12-15,7.2374023e-06,0.24186108,0.74534976,0.9872108,0.98721087,0.0005322836,0.023071272,0.0005659
2011-12-16,6.3914317e-06,0.17119528,0.8177737,0.98896897,0.98896897,0.00043695758,0.02090353,0.0005794047
2011-12-19,7.5994044e-06,0.09531717,0.8941246,0.9894418,0.9894418,0.0003662837,0.01913854,0.0007197641
2011-12-20,6.0389857e-06,0.116043195,0.87380755,0.98985076,0.98985076,0.00033626822,0.018337617,0.0005950185
2011-12-21,2.6005814e-06,0.15334633,0.8356161,0.9889624,0.9889624,0.00043976732,0.02097063,0.00023561138
2011-12-22,1.9545557e-06,0.18839884,0.80210054,0.9904994,0.9904994,0.00040261348,0.020065231,0.00020572921
2011-12-23,2.2888971e-06,0.14830765,0.84286404,0.9911717,0.9911717,0.0003383111,0.018393235,0.00025926868
2011-12-27,3.610148e-06,0.098744445,0.89166903,0.9904135,0.9904135,0.00028767748,0.016961059,0.00037658616
2011-12-28,1.6206017e-06,0.2034603,0.78746855,0.9909288,0.9909289,0.00028628745,0.016920032,0.00017865407
2011-12-29,2.4885592e-06,0.17106213,0.82030606,0.9913682,0.9913682,0.00030820136,0.017555665,0.00028830045
2011-12-30,3.1864174e-06,0.12686348,0.8630392,0.9899027,0.9899027,0.00025653315,0.016016653,0.00031557045
2012-01-03,3.653549e-06,0.10257934,0.88766396,0.9902433,0.9902433,0.0002337528,0.015288976,0.00037446624
2012-01-04,2.1001206e-06,0.24229236,0.74117327,0.9834656,0.9834656,0.00038107825,0.019521225,0.00012701532
2012-01-05,2.589204e-06,0.19116855,0.7970269,0.9881954,0.9881954,0.00028580893,0.016905885,0.00021933892
2012-01-06,4.7960298e-06,0.16879183,0.82104254,0.98983437,0.98983437,0.00026781592,0.016365083,0.00047178866
2012-01-09,3.3278964e-06,0.1448491,0.8439886,0.9888377,0.9888377,0.00022591188,0.015030365,0.00029813766
2012-01-10,3.7685443e-06,0.120752305,0.86922526,0.98997754,0.9899776,0.00019505314,0.013966143,0.00037600985
2012-01-11,6.790704e-06,0.088304974,0.89930815,0.98761314,0.98761314,0.00018287766,0.013523227,0.00054821844
2012-01-12,9.900738e-06,0.09259458,0.89562356,0.9882181,0.9882181,0.00018789737,0.013707566,0.00084033667
2012-01-13,8.363563e-06,0.13993797,0.84790814,0.9878461,0.98784614,0.00020799169,0.014421917,0.0006881369
2012-01-17,6.9121315e-06,0.07498517,0.9141959,0.98918104,0.98918104,0.00018728815,0.013685326,0.00063889066
2012-01-18,3.5526025e-06,0.12234592,0.8679996,0.99034554,0.99034554,0.00020789057,0.014418411,0.00036797518
2012-01-19,6.776367e-06,0.066818096,0.9220643,0.9888824,0.9888824,0.0001842519,0.013573942,0.0006095183
2012-01-20,1.2260191e-05,0.1300284,0.8563653,0.9863937,0.9863937,0.00017700029,0.013304145,0.0009010666
2012-01-23,3.2363712e-06,0.11851499,0.872484,0.99099904,0.99099904,0.0002140464,0.014630325,0.00035955856
2012-01-24,6.26009e-06,0.07170332,0.91733474,0.98903805,0.98903805,0.00020451908,0.014301017,0.0005710745
2012-01-25,7.3084316e-06,0.06378415,0.9248167,0.9886009,0.98860085,0.00019698172,0.014035018,0.00064114167
2012-01-26,8.990221e-06,0.058575757,0.9291816,0.9877573,0.9877573,0.00019065938,0.013807947,0.00073433475
2012-01-27,1.13523365e-05,0.11569915,0.8704727,0.9861719,0.9861719,0.00018659857,0.013660109,0.0008209615
2012-01-30,6.815374e-06,0.06891591,0.9195352,0.9884511,0.9884511,0.0001740938,0.013194461,0.0005901331
2012-01-31,1.0869191e-05,0.11337771,0.8734376,0.9868153,0.9868153,0.0001714263,0.013092987,0.00082437746
2012-02-01,2.0624047e-05,0.11018106,0.8724451,0.9826262,0.9826262,0.00016181903,0.012720811,0.0011870775
2012-02-02,1.2000789e-05,0.083889864,0.903302,0.98719186,0.98719186,0.00017095005,0.013074786,0.00093696546
2012-02-03,9.881892e-06,0.058273707,0.92938894,0.9876627,0.9876627,0.00018087609,0.013449018,0.00080097513
2012-02-06,5.3485783e-06,0.10942057,0.8786942,0.9881148,0.9881147,0.00019110474,0.013824064,0.00045001908
2012-02-07,6.571986e-06,0.07073171,0.9179365,0.9886682,0.9886682,0.00018375626,0.013555673,0.0005799598
2012-02-08,5.6850554e-06,0.121932514,0.8665426,0.9884751,0.9884751,0.00019142199,0.0138355335,0.0004932839
2012-02-09,6.784001e-06,0.06646501,0.9223876,0.9888526,0.9888526,0.0001725201,0.013134691,0.0006085736
2012-02-10,4.9727364e-06,0.0850472,0.90432626,0.98937345,0.98937345,0.00017416917,0.013197317,0.0004679538
2012-02-13,6.810388e-06,0.108158976,0.8807802,0.9889392,0.98893917,0.00017477878,0.013220392,0.00061572436
2012-02-14,3.5612297e-06,0.10134964,0.8892833,0.99063295,0.99063295,0.00021410466,0.014632315,0.00038018695
2012-02-15,4.9097457e-06,0.09445316,0.8948701,0.98932326,0.98932326,0.00019433624,0.0139404535,0.00045985432
2012-02-16,3.2162973e-06,0.16887558,0.8208225,0.98969805,0.98969805,0.00018869825,0.013736748,0.00031220284
2012-02-17,4.21003e-06,0.10025736,0.8890287,0.98928607,0.98928607,0.0001619288,0.012725124,0.000392949
2012-02-21,4.613361e-06,0.08997128,0.9000112,0.9899825,0.9899825,0.00015595222,0.012488083,0.00046052953
2012-02-22,2.5325016e-06,0.21603791,0.77045846,0.9864964,0.9864964,0.00019956923,0.014126898,0.00018754255
2012-02-23,2.755325e-06,0.15354274,0.8363941,0.9899368,0.9899368,0.00015959576,0.012633122,0.00027380287
2012-02-24,2.5414502e-06,0.17595159,0.8136709,0.9896225,0.9896225,0.00016737783,0.012937458,0.00024489942
2012-02-27,2.268274e-06,0.18151982,0.80850583,0.99002564,0.99002564,0.00019319175,0.013899343,0.00022741048
2012-02-28,2.8307866e-06,0.17759317,0.8132242,0.99081737,0.99081737,0.00018173554,0.013480932,0.00030827615
2012-02-29,4.927505e-06,0.15896516,0.8304011,0.9893663,0.9893663,0.00021424094,0.014636972,0.00046338543
2012-03-01,4.6485616e-06,0.0888294,0.90089834,0.98972774,0.98972774,0.00018624142,0.01364703,0.00045253523
2012-03-02,2.4667977e-06,0.20625888,0.7799584,0.9862173,0.9862173,0.00019562428,0.0139865745,0.00017897808
2012-03-05,4.097134e-06,0.14593294,0.84453607,0.99046904,0.990469,0.00023834304,0.015438363,0.00042987627
2012-03-06,5.9134763e-06,0.19196044,0.79569626,0.9876567,0.9876567,0.00020538681,0.014331323,0.00047908438
2012-03-07,3.694237e-06,0.109774105,0.8809734,0.9907475,0.9907475,0.00024119657,0.015530504,0.00039926954
2012-03-08,2.651597e-06,0.13571517,0.85519093,0.9909061,0.9909061,0.00023651597,0.015379076,0.00029158036
2012-03-09,3.0291094e-06,0.13183843,0.85880375,0.9906422,0.9906422,0.00020678614,0.01438006,0.00032369854
2012-03-12,4.6419423e-06,0.08660063,0.90337217,0.98997283,0.98997283,0.00018788823,0.013707233,0.0004629364
2012-03-13,4.930805e-06,0.112901896,0.8773029,0.9902048,0.9902048,0.000183309,0.013539165,0.0005033905
2012-03-14,4.5038214e-06,0.091888554,0.89762986,0.9895184,0.9895184,0.00016692998,0.012920138,0.00042968852
2012-03-15,4.925315e-06,0.099564224,0.89056194,0.99012613,0.99012613,0.00016826027,0.012971518,0.0004988233
2012-03-16,7.086921e-06,0.17996563,0.8077977,0.9877633,0.9877633,0.00015584138,0.012483644,0.00057915226
2012-03-19,3.1077238e-06,0.12655227,0.86338216,0.98993444,0.98993444,0.00019221901,0.013864307,0.00030874836
2012-03-20,4.869863e-06,0.07994142,0.91008055,0.99002194,0.99002194,0.00018009786,0.013420055,0.0004880573
2012-03-21,3.0790577e-06,0.11427355,0.87648535,0.9907589,0.9907589,0.00021273099,0.0145853,0.00033319154
2012-03-22,2.9362457e-06,0.12651959,0.8646579,0.9911775,0.99117744,0.00021648701,0.014713498,0.0003328133
2012-03-23,2.5885336e-06,0.17732286,0.81425697,0.99157983,0.99157983,0.00023248944,0.015247605,0.00030742062
2012-03-26,2.1339686e-06,0.14868343,0.8427427,0.9914261,0.9914261,0.00022708227,0.015069249,0.00024889153
2012-03-27,2.7267315e-06,0.11834821,0.87301147,0.9913597,0.9913597,0.00019374109,0.013919091,0.00031558337
2012-03-28,2.43009e-06,0.13976902,0.85162145,0.99139047,0.99139047,0.00017264103,0.0131392935,0.00028225573
2012-03-29,2.3810423e-06,0.14976132,0.8419443,0.9917056,0.9917056,0.00019620545,0.0140073355,0.00028706613
2012-03-30,2.6754171e-06,0.13275653,0.85894936,0.9917059,0.9917059,0.0002649957,0.016278688,0.0003225685
2012-04-02,3.8538524e-06,0.16088796,0.8294711,0.99035907,0.99035907,0.00023087548,0.015194587,0.00039973858
2012-04-03,1.7992435e-06,0.22330172,0.7670011,0.9903028,0.9903028,0.0002662229,0.016316338,0.0001855426
2012-04-04,3.7971433e-06,0.092636295,0.89806634,0.9907026,0.9907026,0.00023761232,0.0154146785,0.00040841044
2012-04-05,2.811254e-06,0.21649215,0.7746539,0.9911461,0.9911461,0.0002749111,0.016580442,0.00031751546
2012-04-09,1.5921005e-06,0.20773682,0.78446436,0.99220115,0.9922012,0.00028384794,0.016847787,0.00020414553
2012-04-10,1.7254824e-06,0.20650588,0.78576356,0.99226946,0.99226946,0.00023926942,0.015468336,0.00022320324
2012-04-11,2.997782e-06,0.2136691,0.77730477,0.9909739,0.9909739,0.00023250951,0.015248262,0.00033212337
2012-04-12,1.389492e-06,0.18853086,0.8040696,0.99260044,0.99260044,0.00024018777,0.015497993,0.00018778039
2012-04-13,1.4564025e-06,0.18175903,0.8105823,0.9923413,0.9923413,0.0002093603,0.014469288,0.00019016265
2012-04-16,1.8447679e-06,0.17427512,0.8179965,0.9922716,0.9922716,0.00018303958,0.013529212,0.00023869991
2012-04-17,2.2819215e-06,0.22729102,0.7637845,0.9910756,0.9910755,0.00015166432,0.012315207,0.00025569397
2012-04-18,3.148036e-06,0.23125502,0.75843656,0.9896916,0.9896916,0.00015098561,0.01228762,0.00030538597
2012-04-19,1.9476315e-06,0.20704113,0.7848918,0.9919329,0.9919329,0.00016990454,0.013034743,0.0002414298
2012-04-20,3.7980806e-06,0.21930932,0.7705643,0.98987365,0.98987365,0.00013885608,0.011783721,0.00037506898
2012-04-23,1.6071846e-06,0.19511661,0.79689395,0.9920106,0.9920106,0.00012267473,0.011075863,0.00020116445
2012-04-24,4.3647115e-06,0.085140355,0.9050593,0.9901996,0.9901996,9.9389e-05,0.009969403,0.00044536171
2012-04-25,3.8201592e-06,0.18108836,0.809152,0.9902404,0.99024034,9.569354e-05,0.009782308,0.0003914256
2012-04-26,4.443392e-06,0.100203946,0.8898529,0.9900568,0.9900568,8.62444e-05,0.009286786,0.00044687802
2012-04-27,5.0890817e-06,0.111444406,0.8783969,0.98984134,0.98984134,8.2699145e-05,0.009093907,0.00050096004
2012-04-30,7.848386e-06,0.062108118,0.9262448,0.9883529,0.9883529,7.901231e-05,0.008888887,0.00067384867
2012-05-01,6.695277e-06,0.1061523,0.8823503,0.9885026,0.9885026,8.107389e-05,0.009004104,0.00058233074
2012-05-02,7.073241e-06,0.21262105,0.7735345,0.9861555,0.9861555,9.348539e-05,0.009668784,0.00051090657
2012-05-03,6.202011e-06,0.21276164,0.7752196,0.98798126,0.98798126,9.711961e-05,0.009854929,0.0005160284
2012-05-04,2.850495e-06,0.14960745,0.8416585,0.9912659,0.9912659,0.0002257461,0.015024849,0.00032636366
2012-05-07,2.8839552e-06,0.24380521,0.7461074,0.9899126,0.9899126,0.0004386843,0.020944793,0.0002858976
2012-05-08,3.6315028e-06,0.17379117,0.8169969,0.99078804,0.99078804,0.00033849946,0.018398356,0.0003942162
2012-05-09,5.8980836e-06,0.08872708,0.9011483,0.9898754,0.9898754,0.00029680473,0.017228022,0.00058254844
2012-05-10,7.229722e-06,0.0748085,0.9145143,0.9893228,0.9893228,0.00027383337,0.01654791,0.0006771166
2012-05-11,5.8409287e-06,0.1903268,0.7985116,0.98883843,0.98883843,0.00025813954,0.01606672,0.0005233073
2012-05-14,8.890229e-06,0.17155522,0.81586313,0.98741835,0.98741835,0.00023127696,0.015207793,0.000706603
2012-05-15,1.23860045e-05,0.22928324,0.75519717,0.9844804,0.9844804,0.0002330617,0.015266359,0.00079808687
2012-05-16,1.6734451e-05,0.11372854,0.871355,0.9850835,0.9850835,0.00020580635,0.014345952,0.0011218768
2012-05-17,1.6600448e-05,0.10846447,0.8774941,0.9859586,0.9859586,0.000214599,0.014649198,0.0011822482
2012-05-18,2.4961893e-05,0.2154548,0.7650522,0.980507,0.980507,0.0002058445,0.014347282,0.0012805578
2012-05-21,1.6046839e-05,0.06049648,0.925972,0.9864685,0.98646843,0.00021333947,0.014606145,0.0011858871
2012-05-22,3.9457565e-05,0.0808764,0.8981757,0.9790521,0.9790521,0.0002217427,0.0148910275,0.0018836072
2012-05-23,1.1229991e-05,0.06345586,0.9244243,0.9878802,0.9878802,0.00024689984,0.015713047,0.00092658
2012-05-24,1.7488244e-05,0.20971447,0.7732648,0.9829793,0.9829793,0.00026391313,0.016245402,0.001027469
2012-05-25,3.5567038e-05,0.17316552,0.8040257,0.9771912,0.9771912,0.00023559577,0.015349129,0.0015593566
2012-05-29,1.8458e-05,0.1296317,0.8542885,0.9839202,0.9839202,0.00022566096,0.015022016,0.001147901
2012-05-30,1.250214e-05,0.144284,0.84179735,0.98608136,0.98608136,0.00021147013,0.0145420125,0.0008982301
2012-05-31,7.865264e-06,0.20201492,0.78572637,0.9877413,0.9877413,0.00034924308,0.018688047,0.0006416062
2012-06-01,1.967566e-05,0.18472937,0.7985748,0.98330414,0.98330414,0.00032794866,0.018109353,0.0011784756
2012-06-04,2.8280558e-05,0.24257885,0.7283324,0.97091126,0.97091126,0.00056429405,0.023754874,0.00097221683
2012-06-05,1.8847408e-05,0.061073128,0.9250739,0.98614705,0.98614705,0.00045777275,0.021395624,0.0013605335
2012-06-06,1.6693124e-05,0.06358972,0.9229779,0.9865676,0.9865676,0.0004430464,0.021048667,0.0012427522
2012-06-07,2.1279237e-05,0.12680615,0.8563284,0.98313457,0.98313457,0.00043008605,0.020738516,0.0012617072
2012-06-08,1.8158735e-05,0.19746864,0.7857434,0.98321205,0.98321205,0.00039042698,0.019759225,0.0010816532
2012-06-11,2.0483154e-05,0.087508105,0.89713854,0.9846466,0.9846466,0.00034009802,0.018441746,0.0013341135
2012-06-12,3.5000197e-05,0.17659937,0.8028673,0.9794667,0.9794667,0.00035096315,0.01873401,0.0017045559
2012-06-13,2.1721144e-05,0.08855156,0.8957556,0.98430717,0.98430717,0.00032601046,0.01805576,0.0013841444
2012-06-14,2.8870263e-05,0.089078486,0.8935276,0.9826061,0.9826061,0.00032041088,0.017900025,0.0016597937
2012-06-15,1.139689e-05,0.058100015,0.9294697,0.98756975,0.9875697,0.00033589554,0.018327454,0.0009168673
2012-06-18,2.5253119e-05,0.06740305,0.91577077,0.98317385,0.98317385,0.000323684,0.01799122,0.0015008255
2012-06-19,1.7573535e-05,0.06310033,0.92274415,0.9858445,0.9858445,0.00032753305,0.018097874,0.0012414628
2012-06-20,6.534363e-05,0.12965856,0.84065366,0.97031224,0.97031224,0.00032474194,0.018020598,0.002201029
2012-06-21,1.0767441e-05,0.17910512,0.8070539,0.986159,0.986159,0.00043380656,0.020828024,0.0007779396
2012-06-22,1.7314584e-05,0.12628336,0.8590083,0.98529166,0.98529166,0.00072753546,0.026972866,0.001177195
2012-06-25,1.5886444e-05,0.060885694,0.92541814,0.9863038,0.9863038,0.0006903633,0.026274765,0.0011599167
2012-06-26,1.1157522e-05,0.058096614,0.9294817,0.9875783,0.9875783,0.0006578806,0.025649184,0.0008982263
2012-06-27,1.9651794e-05,0.06455991,0.92011535,0.9846752,0.9846753,0.0006228044,0.02495605,0.0012823548
2012-06-28,1.8868985e-05,0.1473816,0.8352973,0.9826789,0.9826789,0.00059970724,0.02448892,0.0010893635
2012-06-29,1.6961025e-05,0.08353398,0.90204656,0.98558056,0.98558056,0.0006722331,0.025927458,0.0011762612
2012-07-02,1.41969385e-05,0.2255092,0.69013333,0.9156425,0.9156425,0.0012882308,0.03589193,0.00016829492
2012-07-03,1.5743087e-06,0.24687894,0.74358743,0.99046636,0.99046636,0.0009512031,0.030841582,0.0001651319
2012-07-05,4.039041e-06,0.23972198,0.72949564,0.96921766,0.96921766,0.0012175395,0.03489326,0.00013121292
2012-07-06,1.4666266e-06,0.23110224,0.7589336,0.99003583,0.99003583,0.00089888735,0.02998145,0.00014719008
2012-07-09,1.5361289e-06,0.24371158,0.74718016,0.99089175,0.99089175,0.00092794915,0.030462258,0.00016865256
2012-07-10,4.2662555e-06,0.19931541,0.7834309,0.9827463,0.9827463,0.0007723867,0.027791845,0.00024726617
2012-07-11,3.1852103e-06,0.1903783,0.7991449,0.98952323,0.98952323,0.00073121843,0.027041052,0.00030402603
2012-07-12,4.7882168e-06,0.18653579,0.7965791,0.9831149,0.9831149,0.00068095914,0.026095195,0.00028357643
2012-07-13,4.0638342e-06,0.15254171,0.8346945,0.9872362,0.9872362,0.0005487985,0.023426449,0.00031838752
2012-07-16,3.307419e-06,0.21506207,0.770285,0.9853471,0.9853471,0.00048246243,0.021965027,0.0002257176
2012-07-17,6.388862e-06,0.18709016,0.79395264,0.9810428,0.9810428,0.00042279065,0.020561874,0.0003370151
2012-07-18,6.986161e-06,0.17754593,0.8062202,0.9837661,0.9837661,0.0003560817,0.018870126,0.00043034344
2012-07-19,1.3411532e-05,0.07854512,0.9040947,0.98263985,0.9826398,0.00030281776,0.01740166,0.000772547
2012-07-20,6.353301e-06,0.21572092,0.7589923,0.97471327,0.9747132,0.0003594631,0.018959513,0.00025125037
2012-07-23,7.669794e-06,0.10282143,0.8827629,0.9855843,0.9855843,0.00031845225,0.01784523,0.0005320452
2012-07-24,9.270401e-06,0.1366889,0.8496553,0.98634416,0.98634416,0.0004295109,0.020724645,0.00067885977
2012-07-25,2.8702505e-05,0.20051847,0.7664151,0.9669336,0.9669336,0.0003762199,0.019396389,0.0008680265
2012-07-26,2.984912e-05,0.21282609,0.7534485,0.96627456,0.96627456,0.000322174,0.017949207,0.0008850624
2012-07-27,1.3543536e-05,0.08883893,0.8930255,0.98186445,0.98186445,0.0002768456,0.016638678,0.000746795
2012-07-30,1.2292844e-05,0.09012007,0.89129573,0.9814158,0.9814158,0.00026646792,0.016323846,0.0006614678
2012-07-31,1.0641368e-05,0.059266824,0.92786145,0.98712826,0.98712826,0.00025133105,0.015853424,0.00082672323
2012-08-01,2.0034533e-05,0.069164366,0.9141221,0.98328644,0.9832865,0.0002665681,0.016326914,0.0011986993
2012-08-02,8.285704e-05,0.20767096,0.74497783,0.9526488,0.95264876,0.00026978023,0.016424987,0.001749841
2012-08-03,1.8987066e-05,0.06468004,0.91996783,0.98464787,0.98464787,0.00037078507,0.01925578,0.0012367708
2012-08-06,6.466961e-06,0.22964479,0.73844343,0.9680882,0.9680882,0.00050668395,0.022509642,0.00020265115
2012-08-07,3.7669688e-06,0.18807739,0.79841655,0.98649395,0.98649395,0.0003971241,0.019927973,0.00027890963
2012-08-08,4.0812906e-06,0.23262247,0.74448717,0.9771096,0.9771097,0.00036648836,0.019143885,0.00017829712
2012-08-09,5.3150866e-06,0.21003085,0.77205855,0.9820894,0.9820894,0.00028004387,0.01673451,0.00029675648
2012-08-10,4.8721236e-06,0.21230873,0.7686858,0.9809946,0.9809946,0.00022152896,0.014883849,0.00025635445
2012-08-13,1.7636763e-05,0.0696871,0.9140296,0.98371667,0.9837167,0.00018158188,0.013475232,0.0010831174
2012-08-14,1.2016411e-05,0.11436989,0.8680002,0.9823701,0.9823701,0.00018382062,0.013558046,0.00068159186
2012-08-15,1.0279933e-05,0.10271915,0.87972045,0.9824396,0.9824396,0.00017763779,0.013328083,0.0005854035
2012-08-16,1.0018788e-05,0.15591751,0.8205677,0.97648525,0.97648525,0.00017552871,0.013248725,0.00042606404
2012-08-17,7.063516e-06,0.18508977,0.79503083,0.9801206,0.9801206,0.00018095326,0.013451886,0.00035531836
2012-08-20,1.7291643e-05,0.08890558,0.8939554,0.982861,0.982861,0.00015394989,0.012407655,0.0010089051
2012-08-21,8.892295e-06,0.09416256,0.8905451,0.9847077,0.9847077,0.00015495412,0.012448057,0.0005814889
2012-08-22,8.653144e-06,0.14936396,0.8307487,0.9801127,0.9801127,0.00015167643,0.012315699,0.0004351084
2012-08-23,1.0446512e-05,0.085579984,0.89835215,0.98393214,0.98393214,0.0001395845,0.011814589,0.0006501494
2012-08-24,1.4316852e-05,0.073794626,0.9095245,0.9833191,0.9833191,0.00014522276,0.012050841,0.0008582783
2012-08-27,2.6513824e-05,0.081778415,0.89848304,0.98026145,0.98026145,0.00014656334,0.012106335,0.0013432505
2012-08-28,9.221547e-06,0.07151254,0.91434556,0.9858581,0.9858581,0.00016259914,0.012751437,0.0006520719
2012-08-29,1.5037976e-05,0.09868919,0.8829945,0.9816837,0.9816837,0.0001633429,0.012780568,0.00082101475
2012-08-30,1.1681275e-05,0.07027246,0.91515815,0.9854306,0.9854306,0.00016725656,0.012932771,0.0008017677
2012-08-31,1.1485047e-05,0.06500309,0.9206415,0.9856446,0.9856446,0.00017094467,0.013074581,0.0008000495
2012-09-04,6.7825704e-06,0.16836447,0.81276757,0.98113203,0.98113203,0.00019263956,0.013879466,0.00035947538
2012-09-05,2.927413e-05,0.19962162,0.775507,0.9751286,0.9751286,0.00018941083,0.01376266,0.0011770193
2012-09-06,1.2345803e-05,0.06768607,0.918139,0.98582506,0.98582506,0.00017619408,0.013273812,0.0008709599
2012-09-07,8.528783e-06,0.10366301,0.88063717,0.9843002,0.9843002,0.00017427758,0.013201423,0.0005432414
2012-09-10,9.0484955e-06,0.08082991,0.90515876,0.9859887,0.9859887,0.00017046636,0.013056276,0.00064579875
2012-09-11,9.915147e-06,0.06651145,0.91958827,0.9860997,0.9860997,0.00016342936,0.012783949,0.00071330555
2012-09-12,1.0808266e-05,0.082342215,0.90146345,0.98380566,0.98380566,0.00016281457,0.012759881,0.0006674099
2012-09-13,2.3690507e-05,0.12681358,0.84912604,0.97593963,0.97593963,0.0001578726,0.012564736,0.0009846278
2012-09-14,1.751486e-05,0.14795151,0.8304384,0.9783899,0.97838986,0.0001794184,0.013394715,0.0008104949
2012-09-17,1.0021682e-05,0.12039285,0.8602409,0.98063374,0.98063374,0.00017326357,0.013162962,0.0005174814
2012-09-18,1.6505182e-05,0.116120465,0.86771727,0.9838377,0.9838377,0.00023176309,0.015223768,0.0010212165
2012-09-19,1.7655566e-05,0.09980796,0.8838198,0.9836278,0.9836278,0.00024069313,0.015514288,0.0010783867
2012-09-20,7.9605215e-06,0.09926518,0.88905275,0.9883179,0.9883179,0.00035682018,0.018889684,0.0006814294
2012-09-21,5.5148926e-06,0.114234656,0.87187827,0.9861129,0.98611295,0.00032539686,0.01803876,0.0003971232
2012-09-24,6.4670917e-06,0.07447499,0.91349757,0.98797256,0.98797256,0.00030255353,0.017394066,0.00053769466
2012-09-25,9.442621e-06,0.06644525,0.92152655,0.9879718,0.9879718,0.0002912594,0.017066324,0.00078503916
2012-09-26,7.714119e-06,0.06599217,0.92163557,0.98762774,0.98762774,0.00028052382,0.016748846,0.0006235015
2012-09-27,9.450228e-06,0.05853397,0.9289921,0.98752606,0.98752606,0.00028224892,0.016800266,0.0007575977
2012-09-28,1.5673302e-05,0.10193078,0.8752689,0.9771997,0.9771997,0.00029585243,0.017200362,0.0006874157
2012-10-01,1.0895996e-05,0.106398135,0.87387586,0.98027396,0.98027396,0.00027584165,0.016608482,0.00055236614
2012-10-02,0.00023799724,0.22103308,0.66334534,0.88437843,0.88437843,0.00025284372,0.01590106,0.0020584157
2012-10-03,1.6915192e-05,0.17813326,0.79926544,0.9773987,0.9773987,0.00041546073,0.020382853,0.0007484165
2012-10-04,1.6272272e-05,0.16870427,0.8137459,0.9824502,0.9824502,0.0006617707,0.025724905,0.00092720485
2012-10-05,6.4019764e-06,0.23560987,0.72248185,0.95809174,0.95809174,0.0008175629,0.028593058,0.00015276167
2012-10-08,5.177146e-06,0.08503964,0.90400684,0.98904645,0.98904645,0.00069507235,0.026364224,0.00047264565
2012-10-09,5.077157e-06,0.20172615,0.7843987,0.9861248,0.9861248,0.0006369847,0.025238557,0.0003659163
2012-10-10,3.3427348e-06,0.23573144,0.7425571,0.97828853,0.97828853,0.00073034596,0.027024914,0.00015396171
2012-10-11,2.674431e-06,0.21088435,0.77649045,0.9873748,0.9873748,0.0005834125,0.024153933,0.00021183248
2012-10-12,5.4724756e-06,0.20211694,0.7785232,0.9806401,0.9806402,0.00047167955,0.021718185,0.00028267084
2012-10-15,7.621198e-06,0.19170351,0.7933862,0.9850897,0.9850897,0.0003739712,0.019338336,0.0005111371
2012-10-16,9.817071e-06,0.22122616,0.7588291,0.9800553,0.9800553,0.0003043479,0.01744557,0.0004922139
2012-10-17,9.010129e-06,0.12843075,0.8561357,0.98456645,0.98456645,0.00024200908,0.015556641,0.0005838015
2012-10-18,1.5371512e-05,0.16680929,0.8148923,0.98170155,0.9817016,0.00021620373,0.014703868,0.0008400446
2012-10-19,2.0035337e-05,0.08333195,0.89933527,0.9826672,0.9826672,0.00019158886,0.013841563,0.0011559209
2012-10-22,1.3140872e-05,0.098613694,0.8872781,0.98589176,0.98589176,0.00023546012,0.01534471,0.0009314324
2012-10-23,2.0987076e-05,0.16873881,0.81270635,0.9814452,0.9814452,0.00024426312,0.015628919,0.0011310857
2012-10-24,2.4513367e-05,0.072817855,0.9104863,0.98330414,0.98330414,0.00031450865,0.017734392,0.0014682305
2012-10-25,4.0448343e-05,0.08449848,0.8945385,0.979037,0.979037,0.000319911,0.017886056,0.00192951
2012-10-26,1.1765069e-05,0.058771998,0.9285332,0.98730516,0.98730516,0.00032764874,0.01810107,0.00092676026
2012-10-31,1.8041148e-05,0.071244635,0.9130602,0.98430485,0.98430485,0.00031634513,0.017786093,0.0011494724
2012-11-01,1.0422882e-05,0.058085725,0.92951965,0.9876054,0.9876054,0.0003069184,0.017519087,0.0008409207
2012-11-02,4.1958945e-05,0.23070472,0.74096406,0.9716688,0.9716688,0.000301029,0.017350188,0.0014810144
2012-11-05,1.8849512e-05,0.21831074,0.76376104,0.98207176,0.98207176,0.0004231027,0.02056946,0.0010513865
2012-11-06,1.5889598e-05,0.09825471,0.8846402,0.98289496,0.9828949,0.00035979284,0.018968206,0.0009289423
2012-11-07,3.4631832e-06,0.18528302,0.8000778,0.9853608,0.9853608,0.000453613,0.021298192,0.00023656918
2012-11-08,2.1483092e-06,0.24358103,0.7471663,0.9907473,0.99074733,0.0008216562,0.028664546,0.00023218119
2012-11-09,3.637912e-06,0.16502248,0.82471824,0.9897407,0.9897407,0.0006295089,0.025090016,0.00035459752
2012-11-12,2.930185e-06,0.20117566,0.7855637,0.9867394,0.9867394,0.00054355466,0.023314258,0.00022096922
2012-11-13,2.051196e-06,0.18394847,0.80777174,0.9917202,0.9917202,0.00043732565,0.020912332,0.00024773495
2012-11-14,6.3706093e-06,0.07885259,0.91066116,0.98951375,0.98951375,0.00035642472,0.018879214,0.0006075205
2012-11-15,1.0091842e-05,0.14500076,0.8392753,0.98427606,0.98427606,0.00033999956,0.018439077,0.0006418137
2012-11-16,8.30803e-06,0.10065945,0.8876428,0.98830223,0.98830223,0.00031103255,0.017636115,0.0007102235
2012-11-19,5.16928e-06,0.1036198,0.88538456,0.9890044,0.9890044,0.0003039492,0.017434139,0.00047012148
2012-11-20,3.5984567e-06,0.2396305,0.7378567,0.9774872,0.9774872,0.00036403778,0.019079775,0.00015984052
2012-11-21,2.5720783e-06,0.16009104,0.8313868,0.99147785,0.99147785,0.0004735313,0.021760775,0.00030181085
2012-11-23,3.4327113e-06,0.18292776,0.80403197,0.9869597,0.9869597,0.00040409915,0.020102218,0.0002632386
2012-11-26,2.9741243e-06,0.1958943,0.7927566,0.9886509,0.9886509,0.00034666684,0.018618992,0.00026205857
2012-11-27,4.1845105e-06,0.19036177,0.7984675,0.9888293,0.98882926,0.00028575517,0.016904294,0.00037459747
2012-11-28,4.347666e-06,0.0965527,0.8932955,0.98984826,0.98984826,0.00024074665,0.015516013,0.0004282679
2012-11-29,9.705192e-06,0.14946088,0.83656406,0.986025,0.986025,0.00022587313,0.015029076,0.0006944669
2012-11-30,3.8383655e-06,0.17324305,0.8142261,0.98746914,0.98746914,0.00024636384,0.015695982,0.00030631293
2012-12-03,5.1650745e-06,0.2070657,0.78058946,0.98765516,0.98765516,0.00021927168,0.014807825,0.00041839958
2012-12-04,5.2588916e-06,0.20004676,0.7870284,0.98707515,0.98707515,0.00017698536,0.013303584,0.00040688223
2012-12-05,7.0888395e-06,0.18146817,0.806352,0.9878202,0.9878202,0.00015402804,0.012410803,0.0005820165
2012-12-06,8.718367e-06,0.14279649,0.8443434,0.98713994,0.98713994,0.00014087702,0.011869162,0.0006779414
2012-12-07,1.1368636e-05,0.1893005,0.7965975,0.985898,0.985898,0.00017837583,0.013355741,0.0008061729
2012-12-10,1.5951318e-05,0.15337254,0.8314253,0.98479784,0.98479784,0.00015660003,0.012513993,0.0010492794
2012-12-11,1.3043848e-05,0.14522684,0.84078044,0.9860073,0.9860073,0.00014933248,0.012220167,0.0009321877
2012-12-12,1.3469873e-05,0.12517981,0.8595098,0.98468965,0.98468965,0.00013946882,0.011809692,0.0008797889
2012-12-13,5.5634314e-06,0.12511498,0.8635886,0.98870355,0.98870355,0.00014882427,0.012199355,0.00049249374
2012-12-14,9.484345e-06,0.20546629,0.7809595,0.98642576,0.98642576,0.00014770153,0.012153252,0.00069870165
2012-12-17,6.4241653e-06,0.1040745,0.8840431,0.9881176,0.9881176,0.00014335412,0.011973058,0.00054064434
2012-12-18,4.913259e-06,0.12683006,0.8631534,0.98998344,0.98998344,0.00013593306,0.011659034,0.0004905136
2012-12-19,4.0001764e-06,0.12743595,0.8614199,0.98885584,0.98885584,0.0001305626,0.011426399,0.0003589482
2012-12-20,2.34332e-06,0.18374315,0.80623436,0.98997754,0.9899775,0.00015581437,0.012482563,0.00023380683
2012-12-21,3.2526582e-06,0.113897614,0.8764242,0.9903218,0.9903218,0.00013612708,0.011667351,0.00033608143
2012-12-24,3.163086e-06,0.14081429,0.8502423,0.9910566,0.9910566,0.00015425577,0.012419974,0.00035367906
2012-12-26,6.4330807e-06,0.08163583,0.90782297,0.9894588,0.9894588,0.00013440853,0.011593469,0.0006102797
2012-12-27,1.5302802e-06,0.22279337,0.7669642,0.98975754,0.98975754,0.00018430557,0.013575919,0.0001494055
2012-12-28,2.0752818e-06,0.16099879,0.8303715,0.9913703,0.9913703,0.00014335322,0.011973021,0.00024048191
2012-12-31,3.057626e-06,0.11408243,0.87662053,0.990703,0.990703,0.000121275574,0.011012519,0.0003288826
2013-01-02,2.8253335e-06,0.14524359,0.8455855,0.9908291,0.9908291,0.00012300555,0.011090787,0.00030807627
2013-01-03,1.860369e-06,0.20734406,0.7837355,0.99107957,0.99107957,0.00013458003,0.011600863,0.00020855147
2013-01-04,2.5190009e-06,0.13241361,0.85906005,0.9914737,0.9914737,0.00010851827,0.01041721,0.00029543805
2013-01-07,2.8973677e-06,0.15682976,0.833879,0.99070877,0.99070877,9.6077296e-05,0.009801903,0.00031183893
2013-01-08,2.9090947e-06,0.1254655,0.8655497,0.9910152,0.9910152,8.3123676e-05,0.009117219,0.00032377942
2013-01-09,3.0261647e-06,0.1271062,0.86337334,0.9904795,0.9904795,7.4912685e-05,0.008655212,0.0003178587
2013-01-10,4.5889074e-06,0.16273439,0.8268024,0.98953676,0.98953676,6.7780165e-05,0.008232871,0.00043857432
2013-01-11,4.188516e-06,0.0903886,0.899645,0.99003357,0.99003357,6.969983e-05,0.008348643,0.00042026228
2013-01-14,5.6425806e-06,0.15066218,0.8382328,0.988895,0.988895,6.771439e-05,0.008228876,0.00050811167
2013-01-15,4.7800895e-06,0.153624,0.83367896,0.98730296,0.98730296,6.772226e-05,0.008229353,0.00037647272
2013-01-16,4.860483e-06,0.13756385,0.85204697,0.98961085,0.9896108,7.485792e-05,0.008652047,0.00046784224
2013-01-17,3.9967085e-06,0.115643725,0.87473035,0.9903741,0.9903741,8.2401384e-05,0.009077521,0.0004152031
2013-01-18,3.5507273e-06,0.108555965,0.8814076,0.9899636,0.9899636,9.5435214e-05,0.009769095,0.00035378465
2013-01-22,3.7907212e-06,0.11260412,0.8768247,0.9894288,0.9894288,8.76946e-05,0.00936454,0.0003585901
2013-01-23,3.9490305e-06,0.12195443,0.8667327,0.98868716,0.98868716,8.597105e-05,0.009272058,0.000349075
2013-01-24,5.5329524e-06,0.106158644,0.8823271,0.98848575,0.9884857,9.2656745e-05,0.009625837,0.00048053102
2013-01-25,5.463952e-06,0.09093029,0.89790624,0.9888365,0.9888365,9.293424e-05,0.009640241,0.0004894491
2013-01-28,7.289116e-06,0.0638282,0.9247693,0.98859745,0.9885975,8.8995395e-05,0.009433737,0.0006392533
2013-01-29,5.3170784e-06,0.07562801,0.9137565,0.98938453,0.98938453,9.158059e-05,0.009569774,0.00050088024
2013-01-30,3.5109597e-06,0.15564167,0.83202076,0.98766243,0.98766243,9.884658e-05,0.009942162,0.00028457475
2013-01-31,6.029683e-06,0.07925079,0.90902966,0.9882805,0.9882805,8.771127e-05,0.009365429,0.0005144989
2013-02-01,7.675578e-06,0.08886552,0.89843756,0.9873031,0.9873031,8.762103e-05,0.0093606105,0.0006045227
2013-02-04,5.6393133e-06,0.10077076,0.8868138,0.9875846,0.9875846,8.7012144e-05,0.00932803,0.00045421888
2013-02-05,7.4907334e-06,0.07443635,0.9143098,0.98874617,0.98874617,0.000111036745,0.010537397,0.0006656161
2013-02-06,5.5726364e-06,0.10168833,0.88555187,0.9872402,0.9872402,0.00011061326,0.010517284,0.00043673368
2013-02-07,8.539839e-06,0.065548755,0.92212915,0.98767793,0.98767793,0.00010354657,0.010175783,0.00069305237
2013-02-08,1.4468412e-05,0.15942472,0.8244993,0.98392403,0.98392403,0.000108701526,0.010426003,0.0009000025
2013-02-11,5.130846e-06,0.089896746,0.8986574,0.9885541,0.9885541,0.00010439935,0.0102176,0.00044827015
2013-02-12,5.7154507e-06,0.113989994,0.8749891,0.9889791,0.9889791,0.00011498295,0.010723011,0.00051860115
2013-02-13,6.4862074e-06,0.06763655,0.92133504,0.9889716,0.9889716,0.00010883859,0.010432574,0.00058813626
2013-02-14,7.2421526e-06,0.064967796,0.9236779,0.98864573,0.98864573,0.000108720065,0.010426891,0.0006378353
2013-02-15,6.230324e-06,0.06790227,0.9213029,0.9892052,0.9892052,0.000108191954,0.010401536,0.00057715876
2013-02-19,5.492231e-06,0.0735561,0.9160279,0.989584,0.989584,0.00012170184,0.011031856,0.0005272894
2013-02-20,7.925815e-06,0.06152244,0.92676234,0.98828477,0.98828477,0.00012176801,0.011034855,0.00067653926
2013-02-21,4.460639e-06,0.1719055,0.81756645,0.989472,0.989472,0.00015406543,0.01241231,0.0004236918
2013-02-22,4.3145988e-06,0.12633434,0.86432326,0.9906576,0.99065757,0.00018328922,0.013538435,0.00046183117
2013-02-25,4.917322e-06,0.08093151,0.9087879,0.9897194,0.9897194,0.000163784,0.012797812,0.00047831036
2013-02-26,4.280589e-06,0.092202775,0.89793235,0.99013513,0.99013513,0.00015377885,0.01240076,0.00043392266
2013-02-27,7.800149e-06,0.1963009,0.79100204,0.98730296,0.9873029,0.000145059,0.012044044,0.00061432814
2013-02-28,1.1242464e-05,0.24221255,0.73976004,0.9819726,0.9819726,0.00012280821,0.0110818865,0.0006236312
2013-03-01,5.488308e-06,0.07422637,0.91530424,0.9895306,0.9895306,0.000117291245,0.010830108,0.0005242249
2013-03-04,9.183264e-06,0.058118727,0.9295448,0.9876635,0.9876635,0.00013007008,0.011404827,0.00074439833
2013-03-05,7.509678e-06,0.13142316,0.8566031,0.98802626,0.98802626,0.00013249433,0.011510618,0.00062717905
2013-03-06,6.1992855e-06,0.11497716,0.8721215,0.9870987,0.9870987,0.00012839558,0.011331177,0.00048051612
2013-03-07,5.3428075e-06,0.17910764,0.80969167,0.9887993,0.98879933,0.000120547455,0.01097941,0.00047700547
2013-03-08,4.020913e-06,0.11101915,0.87893724,0.9899564,0.9899564,0.00012952079,0.01138072,0.00040034496
2013-03-11,6.5313043e-06,0.06778671,0.9211314,0.98891807,0.98891807,0.00011964872,0.010938406,0.000589365
2013-03-12,8.009839e-06,0.19636999,0.78951,0.98588,0.98588,0.00011680562,0.010807665,0.00056726974
2013-03-13,5.8079695e-06,0.1267913,0.8613852,0.9881765,0.9881765,0.00010506442,0.010250093,0.00049122353
2013-03-14,6.330561e-06,0.13317864,0.85515505,0.9883337,0.9883337,9.633509e-05,0.009815044,0.00054263667
2013-03-15,9.516617e-06,0.08705504,0.89967376,0.9867288,0.9867288,9.239528e-05,0.009612246,0.00071708724
2013-03-18,8.002644e-06,0.08730722,0.8998092,0.9871164,0.9871164,9.422671e-05,0.009707044,0.0006211495
2013-03-19,9.210753e-06,0.16309234,0.82250285,0.9855952,0.9855952,9.350295e-05,0.009669692,0.00063942367
2013-03-20,6.768517e-06,0.17310238,0.8147354,0.9878378,0.9878378,0.0001345741,0.011600608,0.00055652036
2013-03-21,4.277189e-06,0.15868893,0.8277719,0.9864608,0.9864608,0.00012863889,0.011341908,0.0003159116
2013-03-22,6.5658064e-06,0.2125099,0.7737274,0.9862373,0.9862373,0.000115988536,0.0107697975,0.0004770721
2013-03-25,3.3663944e-06,0.18323183,0.80643004,0.9896619,0.9896619,0.00013389302,0.011571215,0.00032562902
2013-03-26,2.8110187e-06,0.20426588,0.78546983,0.9897357,0.9897357,0.00013528726,0.011631305,0.00027386425
2013-03-27,3.6980373e-06,0.10482533,0.8849696,0.9897949,0.9897949,0.00015987751,0.012644268,0.00036237185
2013-03-28,4.252223e-06,0.17751954,0.8099781,0.9874977,0.9874977,0.00014571541,0.012071264,0.0003401149
2013-04-01,3.7587345e-06,0.21231654,0.7752216,0.9875381,0.9875381,0.00012970826,0.011388954,0.00030161807
2013-04-02,9.217878e-06,0.23714714,0.7149025,0.9520497,0.9520497,0.00010506596,0.010250169,0.00019223806
2013-04-03,5.2934665e-06,0.2174877,0.7690749,0.9865626,0.9865626,8.456564e-05,0.009195957,0.0003939356
2013-04-04,4.596415e-06,0.24283263,0.7444451,0.9872777,0.98727775,0.00025116914,0.015848316,0.00036128765
2013-04-05,3.4967447e-06,0.17353253,0.8164962,0.99002874,0.99002874,0.00023209747,0.015234746,0.0003506823
2013-04-08,4.9265855e-06,0.1431441,0.8463814,0.9895255,0.98952556,0.0001998062,0.0141352825,0.00047034075
2013-04-09,6.520308e-06,0.12268339,0.86445796,0.9871414,0.9871414,0.00018076791,0.0134449955,0.00050707645
2013-04-10,3.1226416e-06,0.12405088,0.8664624,0.99051327,0.99051327,0.00017211288,0.01311918,0.00032915873
2013-04-11,5.4481757e-06,0.22991681,0.757015,0.9869318,0.9869318,0.00015467749,0.01243694,0.00041690332
2013-04-12,4.4297135e-06,0.19544274,0.79398113,0.9894239,0.9894239,0.00015704353,0.012531701,0.00041884073
2013-04-15,4.4471535e-06,0.18806976,0.8013208,0.98939055,0.98939055,0.00024419773,0.015626827,0.00041916917
2013-04-16,6.0143107e-06,0.23376529,0.7537083,0.9874736,0.9874736,0.00035728054,0.018901866,0.0004801311
2013-04-17,6.8262793e-06,0.09993911,0.889199,0.9891381,0.9891381,0.00027530332,0.016592266,0.0006284624
2013-04-18,6.357919e-06,0.21531165,0.77274984,0.9880615,0.9880615,0.00030681907,0.017516252,0.0005325554
2013-04-19,1.1128043e-05,0.059903447,0.92758185,0.9874853,0.9874853,0.00027344516,0.016536178,0.00088919705
2013-04-22,7.40135e-06,0.10327725,0.8854337,0.98871094,0.98871094,0.0002652915,0.016287772,0.00065562146
2013-04-23,5.3551244e-06,0.22399685,0.7620747,0.9860716,0.9860716,0.00024932428,0.015790006,0.00038447484
2013-04-24,5.8216115e-06,0.2326798,0.75367016,0.98634994,0.98634994,0.00019985945,0.014137166,0.00042648983
2013-04-25,3.5703952e-06,0.20421492,0.78469664,0.98891157,0.98891157,0.0002981596,0.017267298,0.00032199282
2013-04-26,2.3769328e-06,0.18968122,0.7997314,0.9894126,0.9894126,0.00035171607,0.018754095,0.00022450593
2013-04-29,2.0805192e-06,0.1602137,0.8315398,0.9917535,0.9917535,0.00029320738,0.017123299,0.00025229173
2013-04-30,3.6625413e-06,0.105960675,0.88435113,0.9903118,0.9903118,0.00028569822,0.01690261,0.00037804153
2013-05-01,2.746331e-06,0.20874311,0.7815304,0.9902735,0.9902735,0.0002698611,0.01642745,0.0002823548
2013-05-02,2.71777e-06,0.23952803,0.7503824,0.9899105,0.9899105,0.00036115677,0.019004125,0.00026936573
2013-05-03,6.2134786e-06,0.2313993,0.7450461,0.9764454,0.9764454,0.0005153504,0.02270133,0.0002637902
2013-05-06,1.439008e-06,0.20136538,0.7903563,0.9917217,0.99172163,0.00045587902,0.021351324,0.00017382871
2013-05-07,1.7348997e-06,0.19871627,0.792308,0.99102426,0.99102426,0.00036783237,0.019178957,0.00019328756
2013-05-08,2.1190524e-06,0.22766683,0.7626456,0.9903124,0.99031246,0.0003000179,0.017321026,0.00021873858
2013-05-09,2.0199582e-06,0.15757935,0.8339808,0.99156016,0.99156016,0.00025445296,0.015951581,0.0002393361
2013-05-10,3.9329516e-06,0.11482898,0.8750088,0.9898378,0.9898378,0.00021531183,0.014673508,0.0003870187
2013-05-13,4.7633444e-06,0.18762861,0.8013398,0.98896843,0.98896843,0.00019405775,0.013930461,0.00043179214
2013-05-14,6.3370567e-06,0.1942916,0.7933482,0.9876398,0.9876398,0.00017663141,0.013290275,0.0005126979
2013-05-15,5.914502e-06,0.07220923,0.9170505,0.9892597,0.9892597,0.00016738765,0.012937838,0.0005506841
2013-05-16,7.651651e-06,0.06759801,0.92082524,0.9884232,0.9884232,0.00015945452,0.01262753,0.0006609486
2013-05-17,1.1785888e-05,0.1357281,0.8495176,0.9852457,0.9852457,0.00015976418,0.012639786,0.0007988106
2013-05-20,7.6733495e-06,0.062740624,0.9256284,0.98836905,0.98836905,0.00015792027,0.012566633,0.0006597353
2013-05-21,6.7086135e-06,0.0814241,0.90731764,0.98874176,0.98874176,0.00015685508,0.01252418,0.0005958845
2013-05-22,8.360064e-06,0.13778721,0.8484917,0.98627895,0.98627895,0.00015190041,0.012324789,0.0006092876
2013-05-23,6.0879393e-06,0.15388623,0.8346654,0.9885517,0.9885516,0.00019226581,0.013865995,0.0005317756
2013-05-24,1.0476931e-05,0.06747789,0.91986513,0.987343,0.987343,0.00016661322,0.012907874,0.0008277587
2013-05-28,1.2200645e-05,0.0695474,0.91720915,0.98675656,0.98675656,0.00016385262,0.012800492,0.00092125975
2013-05-29,1.1604286e-05,0.121808395,0.86123794,0.98304635,0.98304635,0.00016794063,0.012959191,0.00068447134
2013-05-30,5.8099185e-06,0.17696363,0.8115111,0.9884747,0.9884747,0.00020606238,0.014354873,0.00050410244
2013-05-31,8.065354e-06,0.11697493,0.8709954,0.98797035,0.98797035,0.00017728531,0.013314853,0.0006704564
2013-06-03,4.6260334e-06,0.18493073,0.80462897,0.9895597,0.9895597,0.0002000145,0.014142648,0.00044309435
2013-06-04,4.710558e-06,0.15386954,0.83440197,0.98827153,0.9882715,0.00021129705,0.01453606,0.00040163466
2013-06-05,5.579099e-06,0.07460042,0.91477454,0.98937494,0.98937494,0.00018148175,0.013471516,0.00052508846
2013-06-06,4.8671027e-06,0.09220368,0.8977931,0.9899968,0.9899968,0.00017301177,0.013153394,0.00048655414
2013-06-07,4.405493e-06,0.11928846,0.8705023,0.98979074,0.98979074,0.000170525,0.013058522,0.00043151923
2013-06-10,2.872178e-06,0.12189482,0.86882406,0.9907189,0.9907189,0.00017324089,0.013162101,0.00030946528
2013-06-11,4.4787803e-06,0.1358459,0.8541623,0.9900082,0.9900082,0.0001544484,0.012427727,0.00044824448
2013-06-12,4.003374e-06,0.14682184,0.8434606,0.9902825,0.9902825,0.0001389366,0.011787137,0.0004119747
2013-06-13,4.3756495e-06,0.124362946,0.8650036,0.98936653,0.98936653,0.00012484717,0.011173503,0.00041149787
2013-06-14,4.086625e-06,0.094208784,0.89559126,0.98980004,0.98980004,0.0001206789,0.010985395,0.0004006509
2013-06-17,4.395856e-06,0.085497506,0.9043766,0.9898741,0.9898741,0.00012503413,0.011181866,0.0004341211
2013-06-18,7.8639505e-06,0.06839171,0.9199822,0.9883739,0.9883739,0.00011756917,0.010842931,0.00067640346
2013-06-19,6.441474e-06,0.06824289,0.9206652,0.9889081,0.9889081,0.00011899676,0.010908564,0.00058073737
2013-06-20,5.6688505e-06,0.074905984,0.9142325,0.9891385,0.9891385,0.00011634993,0.010786562,0.00052192074
2013-06-21,4.19197e-06,0.22921556,0.7594988,0.98871434,0.98871434,0.0001775501,0.0133247925,0.0003714421
2013-06-24,6.9081025e-06,0.17326306,0.8149139,0.988177,0.988177,0.00021601588,0.014697478,0.0005842936
2013-06-25,3.3326874e-06,0.1861264,0.8040744,0.9902008,0.9902008,0.00022478461,0.014992819,0.00034009852
2013-06-26,3.728279e-06,0.1159083,0.87484515,0.9907535,0.9907535,0.00018435855,0.01357787,0.0004032085
2013-06-27,4.233069e-06,0.09342882,0.89687467,0.9903035,0.9903035,0.00016532838,0.012858009,0.0004365571
2013-06-28,3.3564147e-06,0.1634712,0.8265748,0.990046,0.990046,0.00017601844,0.013267194,0.00033719337
2013-07-01,3.2088496e-06,0.108629115,0.8823711,0.99100024,0.99100024,0.00015344078,0.012387121,0.00035654817
2013-07-02,2.7858418e-06,0.13267437,0.858498,0.9911723,0.9911723,0.00016132223,0.012701268,0.00031558008
2013-07-03,3.047315e-06,0.11716571,0.87314564,0.9903113,0.9903113,0.00017549409,0.013247418,0.00031452338
2013-07-05,2.5889863e-06,0.18219927,0.8064836,0.98868287,0.98868287,0.0001866253,0.0136610875,0.00022876695
2013-07-08,2.7292288e-06,0.1762166,0.8122313,0.9884479,0.9884479,0.00021977973,0.01482497,0.000236254
2013-07-09,4.491672e-06,0.10188859,0.88699454,0.98888314,0.98888314,0.00018142225,0.013469308,0.00040404135
2013-07-10,4.657459e-06,0.11397662,0.8737722,0.9877488,0.9877488,0.00016668609,0.012910697,0.00038016355
2013-07-11,3.6944261e-06,0.18782687,0.7969925,0.98481935,0.98481935,0.00024115462,0.015529154,0.00024336421
2013-07-12,5.330754e-06,0.10271941,0.88551,0.98822945,0.98822945,0.00024083268,0.0155187845,0.00045288925
2013-07-15,3.942414e-06,0.1942131,0.7897142,0.9839273,0.9839273,0.00022810875,0.015103269,0.0002452865
2013-07-16,5.8693217e-06,0.1269571,0.85911375,0.9860709,0.9860709,0.00018613187,0.013643015,0.00042137035
2013-07-17,4.710166e-06,0.16705334,0.8175619,0.98461527,0.98461527,0.00016712087,0.012927524,0.00030615844
2013-07-18,8.842551e-06,0.15195577,0.8301603,0.9821161,0.9821161,0.00014440178,0.012016729,0.00049444207
2013-07-19,6.6741864e-06,0.14337252,0.8396387,0.98301125,0.98301125,0.00015981909,0.012641957,0.00039285907
2013-07-22,8.290447e-06,0.07388302,0.91285366,0.98673666,0.98673666,0.00014086753,0.011868763,0.0006250646
2013-07-23,1.2250776e-05,0.16576155,0.81561047,0.981372,0.981372,0.00014557151,0.012065302,0.00065765384
2013-07-24,7.86341e-06,0.08736733,0.898509,0.9858764,0.9858764,0.00013223442,0.011499323,0.00055675604
2013-07-25,8.515057e-06,0.062881075,0.92506325,0.9879443,0.9879443,0.00015357611,0.012392583,0.0007063099
2013-07-26,1.2218915e-05,0.09389538,0.8913865,0.9852819,0.9852819,0.00015061437,0.012272505,0.0008301956
2013-07-29,8.242034e-06,0.060534872,0.927593,0.9881279,0.9881279,0.00015212184,0.012333768,0.0006942348
2013-07-30,9.46574e-06,0.11009313,0.8763113,0.9864044,0.9864044,0.00014951838,0.012227771,0.0006962365
2013-07-31,6.4733294e-06,0.068268545,0.9206309,0.9888994,0.9888994,0.00016331389,0.012779432,0.0005831518
2013-08-01,3.9091838e-06,0.13815784,0.84977686,0.9879347,0.9879347,0.00018019603,0.013423712,0.00032400244
2013-08-02,2.4063595e-06,0.22865586,0.7583911,0.98704696,0.98704696,0.00025499595,0.015968593,0.00018577561
2013-08-05,2.8879167e-06,0.13057436,0.860354,0.99092835,0.99092835,0.00021465514,0.014651114,0.00031834532
2013-08-06,2.943359e-06,0.15516727,0.83540994,0.9905772,0.9905772,0.00018945085,0.013764114,0.00031236635
2013-08-07,2.9082814e-06,0.121659346,0.86916703,0.99082637,0.99082637,0.00018405452,0.013566669,0.0003170262
2013-08-08,3.4655145e-06,0.17632852,0.81407964,0.9904082,0.9904082,0.0001729778,0.013152103,0.00036129903
2013-08-09,7.9571955e-06,0.06387963,0.9246832,0.9885628,0.9885628,0.00016045105,0.012666928,0.0006957307
2013-08-12,2.6052237e-06,0.14910114,0.84055793,0.9896591,0.9896591,0.00019408371,0.013931393,0.00025193323
2013-08-13,3.402935e-06,0.111972906,0.8779781,0.989951,0.989951,0.00016591838,0.012880931,0.00033863468
2013-08-14,2.3277812e-06,0.1618976,0.8281616,0.9900592,0.9900592,0.00015384187,0.012403301,0.0002341643
2013-08-15,4.2479433e-06,0.095296785,0.89414424,0.98944104,0.98944104,0.00012973414,0.011390089,0.00040230688
2013-08-16,5.074111e-06,0.11187539,0.8758927,0.9877681,0.9877681,0.00012196542,0.011043795,0.00041482653
2013-08-19,8.77519e-06,0.0870215,0.9003539,0.9873754,0.9873754,0.00011200848,0.010583405,0.0006950854
2013-08-20,6.817742e-06,0.06785229,0.9208584,0.9887107,0.98871064,0.00011074647,0.0105236145,0.00060391193
2013-08-21,5.179214e-06,0.122540675,0.86487126,0.9874119,0.9874119,0.00013683413,0.011697613,0.00041143785
2013-08-22,7.3267997e-06,0.06450264,0.92397517,0.9884778,0.9884778,0.00013825718,0.011758281,0.0006358869
2013-08-23,5.7101356e-06,0.07819639,0.9104868,0.9886832,0.9886832,0.00014296353,0.0119567355,0.00050457264
2013-08-26,4.2540773e-06,0.13240176,0.85497725,0.987379,0.987379,0.0001489079,0.012202783,0.0003370638
2013-08-27,6.2457466e-06,0.10623947,0.88230133,0.9885408,0.98854077,0.00013480808,0.011610689,0.00054504344
2013-08-28,3.1009843e-06,0.23874132,0.7397487,0.97849005,0.97849005,0.00021158504,0.014545963,0.00014416514
2013-08-29,3.131986e-06,0.21006295,0.77503145,0.9850944,0.9850944,0.00018213557,0.013495761,0.00021012183
2013-08-30,5.5757855e-06,0.09370502,0.89463246,0.98833746,0.98833746,0.00017512903,0.013233633,0.00047809345
2013-09-03,6.0539987e-06,0.12122102,0.86698645,0.98820746,0.98820746,0.00017331232,0.013164814,0.0005133753
2013-09-04,1.4758917e-05,0.23541674,0.7379372,0.973354,0.973354,0.00016406247,0.012808687,0.00055388827
2013-09-05,5.2325113e-06,0.08266405,0.9063367,0.9890008,0.9890008,0.00017191313,0.013111564,0.00047571733
2013-09-06,5.848756e-06,0.17609107,0.8097666,0.98585767,0.98585767,0.00016987663,0.013033673,0.00041356368
2013-09-09,2.4648975e-06,0.21015589,0.7771973,0.9873532,0.9873532,0.00021034996,0.014503446,0.00019490295
2013-09-10,4.499681e-06,0.10653418,0.8831675,0.9897017,0.9897017,0.00018458911,0.013586357,0.00043693386
2013-09-11,4.5273464e-06,0.18153048,0.8074142,0.98894465,0.98894465,0.00020961955,0.014478244,0.00040951633
2013-09-12,6.0676784e-06,0.1661653,0.8209631,0.9871284,0.9871284,0.00017410482,0.013194879,0.00047139963
2013-09-13,4.11097e-06,0.14183491,0.84519356,0.9870285,0.9870285,0.0001636348,0.012791982,0.00031692276
2013-09-16,6.888838e-06,0.06761893,0.92101973,0.98863864,0.98863864,0.00014450098,0.012020856,0.0006063392
2013-09-17,9.021534e-06,0.0901211,0.8975154,0.9876365,0.9876365,0.00015585229,0.012484082,0.00072969135
2013-09-18,1.31778625e-05,0.14026192,0.84485877,0.98512065,0.98512065,0.0001603592,0.012663301,0.00088564795
2013-09-19,4.6943956e-06,0.17956284,0.8033457,0.98290855,0.9829085,0.00023346077,0.015279423,0.00027466333
2013-09-20,4.432072e-06,0.12374958,0.866212,0.98996156,0.98996156,0.00023767263,0.015416635,0.00044151023
2013-09-23,5.091098e-06,0.13711597,0.85126835,0.9883843,0.9883843,0.00024376031,0.015612825,0.0004382948
2013-09-24,6.591052e-06,0.21679062,0.77067107,0.9874617,0.9874617,0.00022831126,0.015109972,0.0005256729
2013-09-25,5.0766325e-06,0.10539319,0.88360524,0.9889984,0.9889984,0.00018730985,0.013686119,0.00046144548
2013-09-26,9.008348e-06,0.06414182,0.9242303,0.9883721,0.9883721,0.00017301888,0.013153664,0.00077471754
2013-09-27,8.286638e-06,0.065216415,0.9230877,0.98830414,0.98830414,0.0001696415,0.01302465,0.0007085103
2013-09-30,1.1023669e-05,0.062458288,0.9253103,0.9877686,0.9877686,0.00016509014,0.01284874,0.0009012591
2013-10-01,1.4732875e-05,0.15932362,0.82541347,0.9847371,0.9847371,0.00016567361,0.0128714265,0.0009652735
2013-10-02,1.1821012e-05,0.08155404,0.9055238,0.98707783,0.98707783,0.00015298983,0.012368905,0.0009147855
2013-10-03,1.0314924e-05,0.14965573,0.83384156,0.98349726,0.98349726,0.0001821643,0.0134968255,0.0006250432
2013-10-04,7.212827e-06,0.09007064,0.8985949,0.9886656,0.9886656,0.00017144746,0.013093795,0.0006363649
2013-10-07,6.663308e-06,0.14270116,0.8456964,0.98839754,0.98839754,0.00016341859,0.012783528,0.00057430123
2013-10-08,9.180774e-06,0.05982183,0.9281491,0.98797095,0.98797095,0.00015415752,0.012416018,0.0007632168
2013-10-09,7.987768e-06,0.08269861,0.9044887,0.98718727,0.98718727,0.00015332553,0.012382468,0.0006234242
2013-10-10,8.733791e-06,0.07961802,0.9086137,0.9882317,0.9882317,0.000175191,0.013235974,0.0007421467
2013-10-11,6.8176178e-06,0.1259262,0.85757977,0.98350596,0.98350596,0.00018230903,0.013502186,0.00041333836
2013-10-14,8.999038e-06,0.073807925,0.9144387,0.9882466,0.9882467,0.00017549295,0.013247375,0.0007656553
2013-10-15,8.43889e-06,0.085905425,0.9013187,0.98722416,0.98722416,0.00017042112,0.013054544,0.0006605351
2013-10-16,6.7080514e-06,0.09642851,0.8918837,0.9883122,0.9883122,0.00017446479,0.013208512,0.00057393545
2013-10-17,7.2251164e-06,0.10472219,0.8810621,0.9857843,0.9857843,0.00017269222,0.013141241,0.0005082488
2013-10-18,9.29212e-06,0.16233517,0.82453597,0.9868711,0.9868711,0.00018686894,0.013670001,0.000707762
2013-10-21,9.845123e-06,0.13572939,0.8463814,0.9821108,0.9821108,0.00016358752,0.012790134,0.0005503389
2013-10-22,8.344964e-06,0.089089,0.89954525,0.9886342,0.9886342,0.00018364318,0.013551501,0.0007342189
2013-10-23,6.4558235e-06,0.19618845,0.7901649,0.98635334,0.98635334,0.00019266931,0.013880537,0.00047306978
2013-10-24,1.0177528e-05,0.19028807,0.7962293,0.98651737,0.98651737,0.00017791004,0.013338292,0.00075486215
2013-10-25,1.1602224e-05,0.061236657,0.9263871,0.98762375,0.98762375,0.0001528762,0.012364311,0.0009374588
2013-10-28,1.1850196e-05,0.06292109,0.92458916,0.98751026,0.98751026,0.00015653568,0.012511422,0.0009487947
2013-10-29,1.2082415e-05,0.14704928,0.8347558,0.9818051,0.9818051,0.00016082085,0.012681516,0.00066405453
2013-10-30,7.3841e-06,0.1545279,0.83316594,0.98769385,0.98769385,0.00015017486,0.0122545855,0.00060003315
2013-10-31,9.874571e-06,0.058622126,0.9291047,0.9877268,0.9877268,0.00016684565,0.012916875,0.0008045642
2013-11-01,1.2055459e-05,0.12509988,0.8614192,0.9865191,0.9865191,0.0001659638,0.012882694,0.00089426205
2013-11-04,8.722415e-06,0.23672198,0.74919444,0.98591644,0.98591644,0.00019911173,0.014110696,0.00061933295
2013-11-05,1.6319746e-05,0.16919795,0.8150902,0.98428816,0.9842881,0.00015789998,0.012565826,0.0010386907
2013-11-06,9.262024e-06,0.08413275,0.90445954,0.98859227,0.98859227,0.00017602814,0.01326756,0.0008119075
2013-11-07,7.3251695e-06,0.068787776,0.9203133,0.98910105,0.98910105,0.0001873041,0.013685909,0.0006720988
2013-11-08,6.229604e-06,0.19035903,0.79844975,0.98880875,0.98880875,0.0001826887,0.013516239,0.0005566496
2013-11-11,8.976297e-06,0.0638663,0.9244766,0.98834294,0.98834294,0.00015514168,0.012455588,0.000770031
2013-11-12,7.460792e-06,0.06696561,0.9219618,0.9889274,0.98892736,0.00015430077,0.012421786,0.00067380816
2013-11-13,6.2836134e-06,0.08318463,0.90645885,0.9896435,0.98964345,0.00018379718,0.013557182,0.0006067322
2013-11-14,1.0434664e-05,0.11684202,0.86811703,0.98495907,0.98495907,0.00017925641,0.013388667,0.00069375103
2013-11-15,8.441696e-06,0.06297425,0.9253358,0.9883101,0.9883101,0.00016631918,0.012896479,0.00072213577
2013-11-18,9.877937e-06,0.10540452,0.88187945,0.98728395,0.98728395,0.00016236657,0.0127423145,0.0007768083
2013-11-19,7.0819306e-06,0.09139903,0.8977459,0.9891449,0.9891449,0.00016142866,0.012705457,0.0006524071
2013-11-20,7.359723e-06,0.12784573,0.860358,0.9882037,0.98820376,0.00015287565,0.01236429,0.0006239012
2013-11-21,1.0657158e-05,0.06775766,0.9188703,0.98662794,0.98662794,0.00013890276,0.011785702,0.00079697184
2013-11-22,3.4329162e-06,0.16868909,0.81823426,0.98692334,0.98692334,0.00017143805,0.013093435,0.00026252234
2013-11-25,7.3595324e-06,0.14220063,0.84339774,0.9855984,0.9855984,0.00015093516,0.012285567,0.00051102135
2013-11-26,9.300337e-06,0.15884216,0.82674617,0.9855883,0.9855883,0.00014416761,0.012006982,0.00064533297
2013-11-27,7.894147e-06,0.10699457,0.87909055,0.9860851,0.9860851,0.00013185914,0.011482993,0.0005673168
2013-11-29,7.086097e-06,0.079977244,0.9077809,0.98775816,0.98775816,0.00014813762,0.01217118,0.0005788425
2013-12-02,1.4084607e-05,0.08164155,0.9030865,0.98472804,0.98472804,0.00014304262,0.011960043,0.00092225266
2013-12-03,7.682981e-06,0.13607097,0.84896934,0.9850403,0.9850403,0.0001541662,0.012416368,0.00051357877
2013-12-04,4.0448863e-06,0.19797331,0.78594375,0.98391706,0.98391706,0.00021147935,0.014542329,0.00025150162
2013-12-05,4.382578e-06,0.18579502,0.8007577,0.9865527,0.9865527,0.00019767066,0.01405954,0.00032590804
2013-12-06,6.42081e-06,0.12231168,0.8635454,0.98585707,0.9858571,0.00016315162,0.012773082,0.00045399432
2013-12-09,6.0253947e-06,0.17934753,0.8043298,0.9836773,0.9836773,0.00014809292,0.012169343,0.00036914265
2013-12-10,8.0994605e-06,0.13939175,0.8469894,0.9863811,0.9863812,0.00012723616,0.011279901,0.0005947227
2013-12-11,7.412497e-06,0.16760933,0.8147892,0.9823985,0.9823985,0.0001349807,0.01161812,0.00042112893
2013-12-12,9.852895e-06,0.119716436,0.86481583,0.98453224,0.98453224,0.00013826645,0.011758676,0.0006369955
2013-12-13,1.01018395e-05,0.09950717,0.88711864,0.9866258,0.9866258,0.00012944496,0.011377389,0.00075532234
2013-12-16,1.1584826e-05,0.14347239,0.84008294,0.9835553,0.9835553,0.00013393791,0.0115731545,0.0007044724
2013-12-17,6.669918e-06,0.1603378,0.8244332,0.984771,0.984771,0.00013529092,0.011631463,0.00043797516
2013-12-18,7.336038e-06,0.06784767,0.9208704,0.9887181,0.9887181,0.000119565106,0.010934583,0.000650248
2013-12-19,5.711957e-06,0.17087033,0.8120009,0.98287123,0.9828712,0.00011965204,0.010938558,0.0003334716
2013-12-20,5.8606884e-06,0.11643724,0.8692483,0.9856855,0.9856855,0.00011871889,0.010895819,0.00040942398
2013-12-23,6.4743554e-06,0.18682538,0.79361045,0.98043585,0.98043585,0.00011234593,0.010599337,0.00033092953
2013-12-24,7.936074e-06,0.069437936,0.91824615,0.9876841,0.9876841,9.920891e-05,0.009960367,0.0006443748
2013-12-26,7.374565e-06,0.12483228,0.85890275,0.983735,0.983735,9.961463e-05,0.009980713,0.00045340156
2013-12-27,5.3142426e-06,0.15221578,0.83290637,0.98512214,0.98512214,9.4119736e-05,0.009701532,0.00035719143
2013-12-30,6.9120997e-06,0.1843887,0.7969888,0.9813775,0.9813775,9.21936e-05,0.0096017495,0.00037116892
2013-12-31,8.820248e-06,0.063442215,0.92454237,0.9879846,0.9879846,0.000100945166,0.010047147,0.00073407847
2014-01-02,1.7781786e-05,0.09886012,0.88297457,0.9818347,0.9818347,0.00010733189,0.010360111,0.000978888
2014-01-03,4.546061e-06,0.19036222,0.79862285,0.98898506,0.98898506,0.00020746244,0.0144035565,0.00041271778
2014-01-06,7.927812e-06,0.19897923,0.7882441,0.9872233,0.9872234,0.00021815559,0.0147700915,0.0006204911
2014-01-07,8.3453315e-06,0.11586745,0.87192833,0.98779577,0.98779577,0.00018680216,0.013667559,0.0006838065
2014-01-08,6.3516954e-06,0.07860459,0.9101333,0.9887379,0.9887379,0.00017185096,0.013109194,0.0005639876
2014-01-09,7.004998e-06,0.17254329,0.8154486,0.98799187,0.98799187,0.00017962251,0.013402333,0.0005833546
2014-01-10,1.4109203e-05,0.19187196,0.79305303,0.984925,0.984925,0.00016323858,0.012776486,0.00093593216
2014-01-13,5.0872723e-06,0.094870366,0.8945786,0.98944896,0.98944896,0.0001678924,0.01295733,0.0004821586
2014-01-14,8.359777e-06,0.095462486,0.893002,0.9884645,0.9884645,0.00016517015,0.012851854,0.0007246984
2014-01-15,6.3992907e-06,0.117769584,0.8709652,0.9887348,0.9887348,0.00016248193,0.01274684,0.0005680574
2014-01-16,4.557766e-06,0.21644256,0.7697941,0.9862367,0.9862367,0.00018069053,0.013442118,0.00033115337
2014-01-17,4.6871037e-06,0.1944453,0.7942784,0.9887237,0.9887237,0.00014497356,0.012040497,0.00041565954
2014-01-21,4.6527184e-06,0.15318774,0.8341437,0.98733145,0.98733145,0.00012313043,0.011096415,0.00036726528
2014-01-22,3.7267528e-06,0.10545015,0.88448477,0.9899349,0.9899349,0.00011346073,0.010651794,0.00037026562
2014-01-23,4.868764e-06,0.106759064,0.88085276,0.98761183,0.98761183,0.00013792037,0.011743951,0.0003930172
2014-01-24,6.752043e-06,0.20338313,0.7796368,0.98301995,0.98301995,0.00013000068,0.011401785,0.0003976456
2014-01-27,9.057698e-06,0.11932276,0.86268044,0.9820032,0.9820032,0.000118795775,0.010899347,0.0005032952
2014-01-28,2.5816405e-05,0.17539549,0.8053703,0.98076576,0.98076576,0.0001230089,0.011090938,0.0013422108
2014-01-29,4.3786363e-06,0.17066954,0.8144597,0.98512924,0.98512924,0.00017715631,0.013310008,0.00029444598
2014-01-30,1.0133219e-05,0.10913808,0.87213373,0.9812718,0.9812718,0.00014876176,0.012196793,0.0005410675
2014-01-31,4.9525577e-05,0.18214403,0.78149694,0.963641,0.963641,0.00014805447,0.012167764,0.0013621266
2014-02-03,9.414245e-06,0.22533831,0.75007737,0.97541565,0.9754157,0.00017631179,0.013278245,0.00038293647
2014-02-04,5.6048093e-06,0.1376042,0.8519163,0.98952055,0.98952055,0.00016978031,0.013029978,0.0005348381
2014-02-05,9.146345e-06,0.06460364,0.9224999,0.9871035,0.9871035,0.00015821708,0.012578437,0.0007092126
2014-02-06,1.7470988e-05,0.08809323,0.89581645,0.98390967,0.98390967,0.00015529155,0.012461603,0.0010858064
2014-02-07,5.761579e-06,0.07712803,0.9118887,0.9890168,0.9890168,0.00015834736,0.012583615,0.0005245797
2014-02-10,4.370672e-06,0.17198679,0.81335783,0.9853446,0.98534465,0.00018224725,0.013499898,0.00029822922
2014-02-11,4.9891264e-06,0.1770989,0.8120985,0.98919743,0.9891974,0.00015302269,0.012370234,0.0004618464
2014-02-12,5.595269e-06,0.09797423,0.88964725,0.9876215,0.9876215,0.00012962494,0.011385295,0.00045201462
2014-02-13,4.9544087e-06,0.10347351,0.88593096,0.98940444,0.98940444,0.00012252682,0.011069183,0.0004675929
2014-02-14,8.442729e-06,0.07111587,0.9158608,0.9869766,0.9869766,0.000113524526,0.010654788,0.000648275
2014-02-18,1.2543977e-05,0.08971593,0.89378154,0.9834975,0.9834975,0.00011245398,0.010604432,0.0007601259
2014-02-19,8.443525e-06,0.096872814,0.8875321,0.9844049,0.9844049,0.00015177723,0.01231979,0.0005414224
2014-02-20,1.0247689e-05,0.12910035,0.85118556,0.98028594,0.9802859,0.00014985044,0.012241341,0.0005198163
2014-02-21,1.2991136e-05,0.14044374,0.83785063,0.9782944,0.9782944,0.00013988499,0.011827298,0.0005985146
2014-02-24,1.0849641e-05,0.05962582,0.92738163,0.98700744,0.98700744,0.0001375934,0.011730021,0.0008350656
2014-02-25,4.7205325e-05,0.10999985,0.86290336,0.9729032,0.9729032,0.00014046395,0.011851748,0.0017420991
2014-02-26,2.0244486e-05,0.1592452,0.8191557,0.9784009,0.9784009,0.00017922232,0.013387394,0.00093728316
2014-02-27,8.408728e-06,0.120079264,0.86594975,0.986029,0.986029,0.0001753048,0.013240272,0.0006018714
2014-02-28,1.0164174e-05,0.16596486,0.8206269,0.98659176,0.98659176,0.00016073936,0.012678303,0.0007580541
2014-03-03,4.9794376e-06,0.08242947,0.9069287,0.9893582,0.9893582,0.00014250433,0.011937518,0.0004679125
2014-03-04,4.485551e-06,0.092508666,0.89609754,0.9886062,0.9886062,0.00017491652,0.013225601,0.000393684
2014-03-05,6.3161538e-06,0.07306278,0.91620153,0.9892643,0.9892643,0.00018347774,0.013545396,0.0005883323
2014-03-06,4.914989e-06,0.17768818,0.81168973,0.9893779,0.9893779,0.00019969547,0.014131364,0.00046271418
2014-03-07,3.238265e-06,0.114236526,0.8763566,0.99059314,0.99059314,0.00016713276,0.012927984,0.00034424488
2014-03-10,3.0785216e-06,0.124163866,0.8664037,0.99056756,0.99056756,0.00016057696,0.012671896,0.00032637612
2014-03-11,3.2233663e-06,0.12495284,0.86615497,0.9911078,0.9911078,0.000168573,0.012983566,0.00036249455
2014-03-12,4.325279e-06,0.08786971,0.90237695,0.99024665,0.99024665,0.00016456284,0.012828205,0.00044346615
2014-03-13,3.3807842e-06,0.16216585,0.8286853,0.9908511,0.99085116,0.00019099614,0.013820135,0.0003695292
2014-03-14,4.446972e-06,0.19772574,0.79175735,0.9894831,0.9894831,0.00016224346,0.012737483,0.00042284132
2014-03-17,2.8422141e-06,0.119332284,0.8717376,0.9910699,0.9910699,0.00014194989,0.011914273,0.00031827396
2014-03-18,3.7530936e-06,0.22423904,0.7653006,0.9895396,0.9895396,0.00013513186,0.011624623,0.00035879144
2014-03-19,3.03192e-06,0.13039736,0.8603897,0.9907871,0.9907871,0.00016561209,0.012869036,0.00032909468
2014-03-20,2.4577396e-06,0.18827763,0.8031037,0.9913813,0.9913813,0.00015096371,0.012286729,0.0002851632
2014-03-21,2.1339617e-06,0.15808132,0.83337116,0.9914525,0.99145246,0.00014122194,0.0118836835,0.0002496596
2014-03-24,3.0937822e-06,0.12164343,0.86956584,0.99120927,0.99120927,0.000119824894,0.010946455,0.00035193685
2014-03-25,2.9981704e-06,0.16679662,0.8241828,0.99097943,0.99097943,0.00010745547,0.010366073,0.00033237052
2014-03-26,3.2567493e-06,0.115121245,0.87551796,0.9906392,0.9906392,9.473646e-05,0.009733265,0.00034791394
2014-03-27,3.7011616e-06,0.09645528,0.8941981,0.9906534,0.9906534,9.887147e-05,0.009943414,0.00039598998
2014-03-28,3.8697617e-06,0.097430766,0.8926754,0.99010617,0.99010617,0.00010153464,0.01007644,0.00039112862
2014-03-31,4.57853e-06,0.123034716,0.8669487,0.98998344,0.98998344,9.57735e-05,0.0097863935,0.00045709603
2014-04-01,3.78863e-06,0.16135779,0.82893944,0.99029726,0.9902972,8.776464e-05,0.009368278,0.00039047003
2014-04-02,3.259879e-06,0.1831269,0.80748785,0.9906147,0.9906148,0.0001318733,0.01148361,0.00034733926
2014-04-03,3.138074e-06,0.12803079,0.8630081,0.99103886,0.99103886,0.00011012678,0.010494131,0.00035018686
2014-04-04,4.2872603e-06,0.08891992,0.9010484,0.98996836,0.98996836,0.000103529215,0.010174931,0.0004273738
2014-04-07,3.366765e-06,0.10204578,0.8888229,0.9908687,0.9908687,0.00010355318,0.010176108,0.00036870549
2014-04-08,2.6958512e-06,0.13068503,0.86058134,0.99126637,0.99126637,0.000100672856,0.010033586,0.00030867476
2014-04-09,2.7935994e-06,0.13297045,0.8572085,0.99017894,0.99017894,0.00014505559,0.012043903,0.00028444995
2014-04-10,2.5655968e-06,0.13513319,0.85593516,0.99106836,0.99106836,0.0001400405,0.011833871,0.00028724823
2014-04-11,3.2233527e-06,0.114957884,0.87599367,0.99095154,0.99095154,0.00012306786,0.011093595,0.0003562321
2014-04-14,3.0911353e-06,0.13296922,0.8576836,0.9906528,0.9906528,0.00011209558,0.01058752,0.00033070173
2014-04-15,3.3668557e-06,0.1441722,0.8454273,0.98959947,0.98959947,0.00010023604,0.010011795,0.00032371952
2014-04-16,4.5716683e-06,0.08394487,0.9059758,0.9899207,0.9899207,8.951766e-05,0.009461378,0.00045356894
2014-04-17,5.318641e-06,0.12415798,0.86432517,0.98848313,0.98848313,8.567419e-05,0.009256035,0.0004618131
2014-04-21,5.9014355e-06,0.07301693,0.9161656,0.98918253,0.98918253,8.2414364e-05,0.009078235,0.0005455468
2014-04-22,7.047309e-06,0.06447129,0.92428297,0.9887543,0.9887543,8.142031e-05,0.00902332,0.0006266654
2014-04-23,4.4629837e-06,0.087608,0.901961,0.989569,0.989569,0.00011332005,0.010645189,0.00042785806
2014-04-24,5.8000733e-06,0.08284142,0.90668625,0.98952764,0.98952764,0.00011098718,0.0105350455,0.000553846
2014-04-25,6.03116e-06,0.114020444,0.87424994,0.9882704,0.9882704,0.00010824402,0.010404038,0.000514183
2014-04-28,4.603814e-06,0.097230405,0.8929657,0.9901961,0.9901961,0.00012135277,0.011016023,0.00046959048
2014-04-29,4.7673884e-06,0.11976422,0.86982507,0.9895893,0.9895893,0.00011341486,0.010649641,0.00045793044
2014-04-30,6.0854754e-06,0.07199466,0.917056,0.9890507,0.9890507,0.00010544711,0.010268744,0.000555786
2014-05-01,5.063877e-06,0.18757246,0.8012937,0.98886615,0.98886615,0.00012021819,0.010964406,0.00045481816
2014-05-02,8.366528e-06,0.22273877,0.7630757,0.9858145,0.98581445,0.00010362878,0.010179822,0.0005897949
2014-05-05,4.69231e-06,0.11862289,0.8711615,0.9897844,0.9897844,8.968961e-05,0.00947046,0.0004593288
2014-05-06,4.8556385e-06,0.16379109,0.82564497,0.9894361,0.98943603,8.3929146e-05,0.009161285,0.00045964407
2014-05-07,5.394593e-06,0.107898325,0.8815061,0.98940444,0.98940444,7.415154e-05,0.008611129,0.0005091371
2014-05-08,5.092941e-06,0.12641346,0.8621793,0.98859274,0.98859274,8.747009e-05,0.009352544,0.00044646504
2014-05-09,5.775679e-06,0.15019858,0.8390088,0.9892074,0.9892074,8.4074985e-05,0.009169241,0.0005351511
2014-05-12,4.277629e-06,0.13649738,0.8535679,0.9900653,0.9900653,7.7609104e-05,0.008809603,0.00043057356
2014-05-13,4.487972e-06,0.1018124,0.88839674,0.99020916,0.99020916,7.5026444e-05,0.0086617805,0.0004583849
2014-05-14,2.9060427e-06,0.13993843,0.8506018,0.9905402,0.9905402,8.2876766e-05,0.009103668,0.00030719937
2014-05-15,3.8824387e-06,0.09270704,0.8975955,0.99030256,0.99030256,7.900518e-05,0.008888486,0.00040035718
2014-05-16,3.913919e-06,0.096880324,0.8935292,0.9904095,0.9904095,8.193265e-05,0.009051666,0.0004081035
2014-05-19,4.9978134e-06,0.082630135,0.9073678,0.989998,0.989998,7.9422534e-05,0.008911932,0.0004996806
2014-05-20,3.5214941e-06,0.098373875,0.8922567,0.99063057,0.99063057,7.958863e-05,0.008921246,0.00037584922
2014-05-21,3.954955e-06,0.103543445,0.88610256,0.989646,0.989646,7.488875e-05,0.008653829,0.00038197427
2014-05-22,3.3604276e-06,0.10421956,0.8864376,0.99065715,0.99065715,9.53454e-05,0.009764497,0.0003596791
2014-05-23,4.171273e-06,0.08735142,0.903074,0.99042547,0.99042547,8.909307e-05,0.009438912,0.00043566336
2014-05-27,3.416228e-06,0.102090046,0.8883375,0.99042755,0.99042755,8.739239e-05,0.00934839,0.0003568814
2014-05-28,4.1662274e-06,0.0915988,0.8984228,0.9900216,0.9900216,8.170924e-05,0.009039316,0.00041752402
2014-05-29,5.398304e-06,0.076121084,0.9132748,0.9893959,0.9893959,9.471626e-05,0.009732228,0.00050907786
2014-05-30,5.207237e-06,0.08357084,0.90620303,0.98977387,0.98977387,9.689358e-05,0.009843454,0.00050920894
2014-06-02,3.5916153e-06,0.1108897,0.8799288,0.99081856,0.9908185,9.9298835e-05,0.0099648805,0.00039118214
2014-06-03,5.5857545e-06,0.17366697,0.8148415,0.98850846,0.98850846,9.170429e-05,0.009576236,0.0004860755
2014-06-04,4.063984e-06,0.09266133,0.8977166,0.9903779,0.9903779,8.0762766e-05,0.00898681,0.00042235947
2014-06-05,4.076433e-06,0.13723056,0.8528997,0.99013025,0.99013025,7.658344e-05,0.008751197,0.00041302273
2014-06-06,8.696396e-06,0.068591796,0.91925794,0.9878497,0.9878497,6.983819e-05,0.008356925,0.00071573583
2014-06-09,7.923384e-06,0.11301738,0.8749952,0.98801255,0.98801255,7.305349e-05,0.008547134,0.0006609734
2014-06-10,4.2462884e-06,0.1022969,0.8868616,0.9891585,0.9891585,0.000103230974,0.010160265,0.00039167024
2014-06-11,4.746939e-06,0.13522506,0.85416067,0.9893857,0.9893857,9.5865515e-05,0.009791094,0.00044722212
2014-06-12,4.3317013e-06,0.08748225,0.9023858,0.98986804,0.98986804,8.663933e-05,0.009308025,0.00042752866
2014-06-13,7.5787752e-06,0.19926481,0.7743271,0.9735919,0.9735919,0.0001173623,0.010833388,0.00028698702
2014-06-16,8.544155e-06,0.12871988,0.85732937,0.98604923,0.98604923,0.00010065531,0.010032712,0.00061245065
2014-06-17,7.5713397e-06,0.09641424,0.8895453,0.98595953,0.98595953,9.485307e-05,0.009739255,0.00053925114
2014-06-18,6.750406e-06,0.12054482,0.86435103,0.9848958,0.9848958,9.465828e-05,0.0097292485,0.0004469232
2014-06-19,6.4631054e-06,0.12169693,0.8641886,0.98588556,0.98588556,9.0412956e-05,0.0095085725,0.00045790733
2014-06-20,6.37645e-06,0.08172419,0.9059587,0.9876829,0.9876829,8.6635904e-05,0.009307841,0.00051769
2014-06-23,5.7474904e-06,0.106321216,0.8807477,0.9870689,0.9870689,8.949893e-05,0.009460388,0.00044447003
2014-06-24,6.8576337e-06,0.06832848,0.92060125,0.98892975,0.98892975,9.618954e-05,0.009807627,0.000619465
2014-06-25,5.374942e-06,0.08926771,0.8990514,0.98831916,0.98831916,9.557565e-05,0.00977628,0.00046015022
2014-06-26,7.046048e-06,0.108111545,0.87913007,0.9872416,0.9872416,9.286558e-05,0.009636679,0.00055226847
2014-06-27,7.0304777e-06,0.07187009,0.9171677,0.9890378,0.9890378,9.3191295e-05,0.009653564,0.0006413389
2014-06-30,6.480772e-06,0.067097306,0.9219564,0.9890537,0.9890537,9.260319e-05,0.009623055,0.00059205276
2014-07-01,5.8214314e-06,0.078557216,0.91070986,0.98926705,0.98926705,9.2797156e-05,0.009633128,0.0005423888
2014-07-02,8.459425e-06,0.13205203,0.85461557,0.9866676,0.98666763,9.035421e-05,0.009505483,0.0006345
2014-07-03,5.256298e-06,0.088577956,0.90145385,0.9900318,0.99003184,9.507455e-05,0.009750618,0.0005273055
2014-07-07,6.299909e-06,0.06928522,0.9199958,0.989281,0.989281,9.2573864e-05,0.009621532,0.0005877328
2014-07-08,6.352429e-06,0.1665471,0.8224286,0.9889757,0.9889757,9.3446484e-05,0.009666773,0.0005762208
2014-07-09,3.7180575e-06,0.1057672,0.88507986,0.99084705,0.99084705,8.3577565e-05,0.009142077,0.00040621418
2014-07-10,4.3433542e-06,0.18743138,0.80251175,0.98994315,0.98994315,9.0561625e-05,0.009516387,0.00043188003
2014-07-11,3.7424031e-06,0.09845034,0.8922938,0.9907442,0.9907442,8.3765364e-05,0.009152342,0.00040432945
2014-07-14,2.6727473e-06,0.19339983,0.7980447,0.9914445,0.9914445,0.00012129021,0.011013184,0.0003124021
2014-07-15,4.719394e-06,0.08505221,0.90519756,0.99024975,0.99024975,9.95273e-05,0.009976337,0.00048402813
2014-07-16,3.2321034e-06,0.1650772,0.8260604,0.9911376,0.9911376,0.00010280922,0.010139489,0.0003646994
2014-07-17,3.0489903e-06,0.15553902,0.83568776,0.9912268,0.9912268,0.0001122893,0.010596665,0.00034753425
2014-07-18,1.5990295e-06,0.21408558,0.7780801,0.9921657,0.9921657,0.00015443495,0.012427186,0.00020410583
2014-07-21,2.3141451e-06,0.17375176,0.81813115,0.9918829,0.9918829,0.00012190571,0.011041092,0.00028509577
2014-07-22,1.9863721e-06,0.1331664,0.85863113,0.99179757,0.99179757,0.00013523121,0.011628895,0.00024216864
2014-07-23,1.2250717e-06,0.20410033,0.7886241,0.9927244,0.9927244,0.00011856325,0.010888675,0.00016838129
2014-07-24,1.7009859e-06,0.20315656,0.7887982,0.99195474,0.9919548,0.00012798965,0.011313251,0.00021142719
2014-07-25,3.105792e-06,0.116904736,0.87433255,0.9912373,0.9912373,0.00012494103,0.011177702,0.00035443253
2014-07-28,2.8654242e-06,0.14502442,0.8450348,0.9900592,0.9900592,0.00011234601,0.01059934,0.00028824876
2014-07-29,3.4864838e-06,0.11122762,0.879869,0.9910966,0.9910966,0.00010055949,0.010027936,0.00039159085
2014-07-30,4.644557e-06,0.08310034,0.90672517,0.9898255,0.9898255,9.764719e-05,0.009881659,0.0004564894
2014-07-31,4.496377e-06,0.1347194,0.85559535,0.9903148,0.9903147,9.7485885e-05,0.0098734945,0.0004642515
2014-08-01,6.1282417e-06,0.079266764,0.9103666,0.9896334,0.9896334,0.00014962463,0.012232115,0.0005911515
2014-08-04,8.796421e-06,0.23914081,0.7461105,0.9852513,0.9852513,0.00014315151,0.011964594,0.0005964204
2014-08-05,7.4611617e-06,0.111518525,0.87732005,0.98883855,0.98883855,0.00011931908,0.010923327,0.0006684762
2014-08-06,6.742882e-06,0.07125882,0.9182074,0.98946625,0.98946625,0.00012229107,0.011058529,0.0006401217
2014-08-07,9.168002e-06,0.06252024,0.9258432,0.98836344,0.98836344,0.000120793855,0.010990626,0.0007878622
2014-08-08,7.227583e-06,0.068078905,0.9210514,0.98913026,0.98913026,0.000122047895,0.011047529,0.00066492683
2014-08-11,7.979895e-06,0.07134259,0.917575,0.9889176,0.9889176,0.000120229,0.010964898,0.0007200504
2014-08-12,6.6608964e-06,0.08511759,0.90415853,0.9892761,0.9892761,0.00011953102,0.010933024,0.00062112696
2014-08-13,5.265115e-06,0.09682231,0.8932327,0.990055,0.990055,0.00011952828,0.010932899,0.00052942464
2014-08-14,1.244349e-05,0.17090048,0.81018335,0.9810838,0.9810838,0.0001124262,0.010603122,0.00065782224
2014-08-15,4.2022575e-06,0.21693282,0.7727267,0.98965955,0.98965955,0.00017925304,0.0133885415,0.0004063901
2014-08-18,7.473641e-06,0.11921544,0.86726826,0.9864837,0.9864837,0.00021387055,0.014624313,0.0005529351
2014-08-19,3.1202535e-06,0.17054081,0.8206745,0.9912153,0.9912153,0.00020473804,0.014308671,0.00035519135
2014-08-20,5.4157035e-06,0.07434819,0.91525775,0.98960596,0.98960596,0.00024253392,0.015573501,0.0005210395
2014-08-21,2.7458445e-06,0.11716063,0.87379307,0.9909537,0.9909537,0.00024751713,0.015732678,0.0003035318
2014-08-22,5.2420223e-06,0.0769148,0.9126812,0.989596,0.989596,0.00027805378,0.016674945,0.00050384726
2014-08-25,4.6921846e-06,0.10372227,0.8866791,0.9904014,0.9904014,0.00025998196,0.016123956,0.00048883987
2014-08-26,6.24243e-06,0.070432305,0.9188273,0.9892596,0.9892596,0.00023644505,0.01537677,0.00058121025
2014-08-27,3.739328e-06,0.09656042,0.8938521,0.99041253,0.99041253,0.00022540658,0.015013547,0.00039002253
2014-08-28,5.726358e-06,0.08950665,0.89999247,0.9894991,0.9894991,0.00020521953,0.014325486,0.0005453203
2014-08-29,7.020364e-06,0.066598356,0.92232645,0.9889248,0.9889248,0.00019465081,0.013951732,0.00063388154
2014-09-02,5.1147294e-06,0.078422084,0.9110437,0.9894658,0.9894658,0.00020067883,0.014166116,0.0004855344
2014-09-03,9.5523965e-06,0.24397229,0.7320271,0.9759994,0.9759994,0.0002726275,0.016511437,0.0003980068
2014-09-04,2.6394607e-06,0.22316004,0.7613451,0.9845051,0.9845051,0.00040037645,0.02000941,0.00017034402
2014-09-05,1.992336e-06,0.16146052,0.8306108,0.99207133,0.99207133,0.00033807883,0.018386919,0.0002512825
2014-09-08,2.357687e-06,0.1614821,0.83004934,0.99153143,0.99153143,0.00030842095,0.017561918,0.00027840445
2014-09-09,5.1364527e-06,0.08603243,0.90402037,0.9900528,0.9900528,0.00026630715,0.01631892,0.00051637273
2014-09-10,7.138997e-06,0.068522036,0.92056954,0.9890916,0.9890916,0.0002459297,0.015682146,0.000654448
2014-09-11,1.00518155e-05,0.105979495,0.8820243,0.9880038,0.9880038,0.0002433208,0.015598743,0.000837916
2014-09-12,8.344561e-06,0.17187732,0.8150535,0.98693085,0.98693085,0.00024079559,0.01551759,0.0006384929
2014-09-15,7.898261e-06,0.079836965,0.90923876,0.9890757,0.9890757,0.00021140407,0.014539741,0.0007230006
2014-09-16,9.186115e-06,0.06210159,0.9262341,0.9883357,0.9883357,0.00020378677,0.014275391,0.00078754296
2014-09-17,5.5591945e-06,0.07748979,0.9115272,0.989017,0.989017,0.00022438543,0.0149795,0.00050616404
2014-09-18,6.8139757e-06,0.072015405,0.91725177,0.9892672,0.9892672,0.00021210675,0.0145638855,0.00063487224
2014-09-19,8.924874e-06,0.09735621,0.8912215,0.9885777,0.9885777,0.00021680271,0.014724222,0.0007813569
2014-09-22,6.0656325e-06,0.07264537,0.9166609,0.9893063,0.9893063,0.00020741056,0.014401755,0.000567214
2014-09-23,3.689755e-06,0.11553877,0.8753449,0.99088365,0.99088365,0.00020333378,0.014259515,0.0004047403
2014-09-24,8.338146e-06,0.06406407,0.924602,0.98866606,0.98866606,0.0001816815,0.013478928,0.0007356792
2014-09-25,8.376446e-06,0.061721552,0.92658955,0.9883111,0.9883111,0.00018750736,0.013693333,0.00071661617
2014-09-26,9.482129e-06,0.05941737,0.92846966,0.987887,0.987887,0.00018273202,0.013517841,0.0007828076
2014-09-29,7.765059e-06,0.1974844,0.78905594,0.9865403,0.9865403,0.00018584213,0.0136323925,0.00057691254
2014-09-30,9.23017e-06,0.058750164,0.9290287,0.98777884,0.98777884,0.0001770694,0.0133067425,0.0007552615
2014-10-01,6.603625e-06,0.23611437,0.7503009,0.98641527,0.98641527,0.00025399786,0.01593731,0.00048610635
2014-10-02,3.6264028e-05,0.24033287,0.7234123,0.9637451,0.9637451,0.0002030022,0.014247884,0.0010002522
2014-10-03,8.656699e-06,0.22170135,0.7644179,0.9861193,0.9861193,0.00018506094,0.013603711,0.0006236487
2014-10-06,1.3030274e-05,0.0823478,0.9051421,0.98748994,0.98748994,0.00019539977,0.0139785465,0.0010415836
2014-10-07,1.5647098e-05,0.073526904,0.9125869,0.98611385,0.98611385,0.0001932947,0.013903047,0.001126813
2014-10-08,1.2491767e-05,0.105612844,0.8813746,0.9869874,0.9869875,0.00021296836,0.014593435,0.0009599756
2014-10-09,1.6643584e-05,0.21120347,0.7724677,0.9836711,0.9836711,0.00023336941,0.015276433,0.0010192734
2014-10-10,1.7295537e-05,0.16247661,0.8226982,0.9851748,0.9851748,0.0002656023,0.01629731,0.001166629
2014-10-13,4.417746e-05,0.08097165,0.89836776,0.9793394,0.9793394,0.00023582537,0.015356607,0.0021382489
2014-10-14,2.2259463e-05,0.06285255,0.92243016,0.9852827,0.9852827,0.0002561464,0.016004574,0.0015124711
2014-10-15,2.0643125e-05,0.1984109,0.7854394,0.9838503,0.98385024,0.00039614938,0.019903501,0.0012782358
2014-10-16,5.4290882e-05,0.12222764,0.85493517,0.97716284,0.97716284,0.00033198175,0.018220367,0.0023773042
2014-10-17,1.5438009e-05,0.058929123,0.9281809,0.98711,0.98711,0.0003527655,0.018782053,0.001197675
2014-10-20,2.3610388e-05,0.06475192,0.91986066,0.9846126,0.9846126,0.00034287607,0.018516913,0.0015343959
2014-10-21,1.7792641e-05,0.13279071,0.85286605,0.9856568,0.98565674,0.00033904234,0.018413102,0.0012404929
2014-10-22,1.4832741e-05,0.06250331,0.9245974,0.9871007,0.9871007,0.0003070753,0.017523564,0.0011498891
2014-10-23,1.6110796e-05,0.19229622,0.7929885,0.9852847,0.9852847,0.00034874654,0.018674757,0.001094832
2014-10-24,1.2255058e-05,0.06337599,0.92437196,0.98774797,0.98774797,0.0003626115,0.01904236,0.001000247
2014-10-27,1.3025901e-05,0.10322182,0.8843699,0.98759174,0.98759174,0.00035896205,0.018946294,0.0010497769
2014-10-28,1.6329786e-05,0.10632292,0.87992084,0.9862438,0.9862438,0.00033049466,0.018179512,0.0011870842
2014-10-29,1.1485698e-05,0.05859168,0.9290656,0.98765725,0.98765725,0.0003097268,0.017599057,0.00093056227
2014-10-30,1.0361306e-05,0.06171293,0.9261735,0.9878864,0.9878864,0.00030430558,0.017444357,0.0008553469
2014-10-31,1.4748875e-05,0.06087522,0.92599744,0.9868727,0.9868727,0.00030338825,0.017418044,0.0011235246
2014-11-03,3.1521966e-05,0.07200687,0.9099302,0.9819371,0.9819371,0.00029903164,0.017292531,0.0017451231
2014-11-04,2.4089119e-05,0.064651,0.91989315,0.98454416,0.98454416,0.00033953448,0.018426461,0.001558577
2014-11-05,3.634196e-05,0.0704339,0.9109432,0.9813771,0.9813771,0.00036393298,0.019077027,0.0019514689
2014-11-06,1.8924688e-05,0.06259583,0.92288095,0.9854768,0.9854768,0.00039297287,0.019823544,0.0013030652
2014-11-07,1.2843094e-05,0.05897529,0.9281938,0.9871691,0.9871691,0.000387943,0.01969627,0.0010009493
2014-11-10,5.5447865e-05,0.09830001,0.8708931,0.96919316,0.9691931,0.0003779374,0.019440612,0.0017998556
2014-11-11,3.7993465e-05,0.15886836,0.8188331,0.9777015,0.9777015,0.00041057734,0.020262709,0.0017038563
2014-11-12,3.4133755e-05,0.07482114,0.9051888,0.9800099,0.9800099,0.00038134985,0.01952818,0.0017075341
2014-11-13,2.746458e-05,0.0690978,0.9136079,0.9827057,0.9827057,0.00038686526,0.01966889,0.0015880724
2014-11-14,3.316685e-05,0.23935753,0.73583317,0.9751907,0.9751907,0.0004886068,0.022104451,0.0013368715
2014-11-17,2.8443697e-05,0.092179075,0.8842101,0.97638917,0.97638917,0.0005005303,0.022372534,0.0012046886
2014-11-18,1.1964312e-05,0.05810785,0.9294423,0.98755014,0.98755014,0.00047164803,0.021717459,0.0009609997
2014-11-19,1.941814e-05,0.06261495,0.9227922,0.9854071,0.9854071,0.00046164013,0.021485813,0.001330658
2014-11-20,1.3338278e-05,0.05899316,0.9281659,0.9871591,0.9871591,0.00044544175,0.02110549,0.0010387318
2014-11-21,3.30851e-05,0.080925465,0.89748967,0.97841513,0.97841513,0.0004368767,0.020901596,0.0015327914
2014-11-24,5.0855015e-05,0.097213,0.87541735,0.9726303,0.9726304,0.0004368142,0.0209001,0.0018580786
2014-11-25,2.3481336e-05,0.13309042,0.84870553,0.98179597,0.98179597,0.00044263442,0.021038879,0.0012898975
2014-11-26,1.3499226e-05,0.05886053,0.92832935,0.9871899,0.9871899,0.00046828546,0.021639904,0.0010537946
2014-11-28,1.9166819e-05,0.06285734,0.9225172,0.9853745,0.9853745,0.0004501024,0.021215618,0.0013105078
2014-12-01,3.545903e-05,0.22402313,0.7564256,0.9804487,0.9804487,0.0011700143,0.03420547,0.0018136427
2014-12-02,3.1321146e-05,0.15638688,0.82467484,0.9810617,0.9810617,0.0013145993,0.036257405,0.0016538517
2014-12-03,1.5919379e-05,0.22661072,0.75844216,0.9850529,0.9850529,0.0012700699,0.035638038,0.0010650468
2014-12-04,1.2771463e-05,0.13010636,0.85773194,0.9878383,0.98783827,0.0009909741,0.031479742,0.0010501404
2014-12-05,1.1851117e-05,0.16110727,0.82679117,0.98789847,0.98789847,0.00087268587,0.029541258,0.0009793072
2014-12-08,2.1739788e-05,0.06979198,0.91647696,0.98626894,0.98626894,0.0007689723,0.02773035,0.0015832561
2014-12-09,8.563208e-05,0.2230076,0.7454659,0.9684735,0.9684735,0.000858778,0.029304914,0.002716193
2014-12-10,3.3951612e-05,0.06663858,0.9164756,0.9831142,0.9831142,0.00075740356,0.027520966,0.0020106586
2014-12-11,4.493201e-05,0.19270961,0.78740907,0.9801187,0.9801187,0.00087165716,0.02952384,0.0022600128
2014-12-12,0.00011503947,0.09585951,0.87227,0.9681295,0.9681295,0.00078449526,0.028008843,0.0036095928
2014-12-15,3.2077736e-05,0.06329656,0.92156357,0.9848601,0.9848601,0.0009276519,0.030457377,0.002118758
2014-12-16,0.00012383916,0.08815845,0.8791512,0.96730965,0.96730965,0.0009586689,0.030962378,0.0037882486
2014-12-17,0.00013007745,0.089744404,0.8763352,0.9660796,0.9660796,0.0009666553,0.031091081,0.0038347843
2014-12-18,4.499106e-05,0.06796152,0.91412085,0.98208237,0.98208237,0.0009850714,0.031385846,0.0025109935
2014-12-19,0.000105815554,0.08584519,0.8852485,0.97109365,0.97109365,0.0010707102,0.03272171,0.0036606342
2014-12-22,4.5293647e-05,0.06979253,0.9111554,0.9809479,0.9809479,0.001214888,0.034855243,0.0023773587
2014-12-23,0.00017260596,0.12830797,0.8281516,0.9564596,0.9564595,0.0011884739,0.03447425,0.0039642695
2014-12-24,2.0543532e-05,0.060802888,0.9254843,0.9862872,0.9862872,0.0012954439,0.035992276,0.0014981256
2014-12-26,5.204755e-05,0.19660406,0.7814177,0.9780218,0.9780218,0.001251348,0.035374396,0.0023681445
2014-12-29,5.0772684e-05,0.07307609,0.90716434,0.9802404,0.9802404,0.001111025,0.033332042,0.0025695204
2014-12-30,3.2777618e-05,0.06362664,0.9210637,0.98469037,0.98469037,0.00109062,0.033024535,0.0021409802
2014-12-31,9.524936e-05,0.08665732,0.8831974,0.9698548,0.9698548,0.0010427285,0.032291308,0.0031596827
2015-01-02,0.00011678195,0.09271813,0.87441283,0.96713096,0.96713096,0.0010385597,0.032226693,0.0035529467
2015-01-05,2.7866285e-05,0.06252796,0.92279917,0.9853271,0.9853271,0.0010365132,0.032194927,0.00189917
2015-01-06,0.00014766173,0.15209894,0.8087183,0.9608173,0.9608173,0.0011524044,0.03394708,0.0037685419
2015-01-07,7.5941316e-05,0.07604464,0.9004914,0.97653604,0.97653604,0.0013650557,0.03694666,0.0032365082
2015-01-08,0.000105060324,0.08446995,0.8864524,0.97092235,0.97092235,0.0013215321,0.036352884,0.0036130955
2015-01-09,5.6876117e-05,0.07136431,0.90846705,0.97983134,0.97983134,0.0012771222,0.035736848,0.0028200243
2015-01-12,7.190874e-05,0.07562215,0.901297,0.9769191,0.9769191,0.001222997,0.034971375,0.0031155106
2015-01-13,0.00018710725,0.18818054,0.7644005,0.952581,0.95258105,0.0013539079,0.036795486,0.0039458275
2015-01-14,4.3131953e-05,0.06713453,0.91551316,0.9826477,0.98264766,0.0012252807,0.03500401,0.0024856646
2015-01-15,1.3867005e-05,0.05813198,0.92935747,0.98748946,0.98748946,0.0013655145,0.036952868,0.0011084259
2015-01-16,8.207016e-05,0.14773573,0.82651114,0.97424686,0.97424686,0.0014131309,0.037591632,0.0031868021
2015-01-20,2.8622066e-05,0.08971012,0.888048,0.9777581,0.9777581,0.0016369247,0.040458925,0.001286854
2015-01-21,4.853772e-05,0.18859206,0.79009336,0.97868544,0.97868544,0.0016944255,0.0411634,0.0022772094
2015-01-22,7.500096e-06,0.11828677,0.8698809,0.9881677,0.9881677,0.0015490304,0.039357726,0.00063386647
2015-01-23,3.6678437e-05,0.06689591,0.91663116,0.98352706,0.98352706,0.0014722483,0.03836989,0.0022265879
2015-01-26,1.688746e-05,0.058441576,0.92884547,0.98728704,0.98728704,0.0014031157,0.037458185,0.0013283661
2015-01-27,0.00010565081,0.11705766,0.85211855,0.96917623,0.96917623,0.0013259351,0.036413394,0.0034275763
2015-01-28,1.5482432e-05,0.059342638,0.9276215,0.9869641,0.9869641,0.0012996028,0.036050003,0.0011876771
2015-01-29,4.7050155e-05,0.07185913,0.90927315,0.98113227,0.98113227,0.0013136215,0.036243916,0.0024936837
2015-01-30,9.021592e-05,0.085012086,0.88666856,0.97168064,0.97168064,0.0012416658,0.03523728,0.0031856627
2015-02-02,2.091108e-05,0.17403033,0.78898275,0.96301305,0.96301305,0.0017323494,0.041621502,0.0005653638
2015-02-03,1.2795133e-05,0.08323396,0.8991637,0.9823977,0.9823977,0.0015141878,0.038912565,0.00072690024
2015-02-04,5.5029636e-06,0.22494662,0.74950904,0.97445565,0.97445565,0.0017547786,0.041890077,0.00021542786
2015-02-05,2.215337e-06,0.24662864,0.74461645,0.9912451,0.9912451,0.0031810827,0.05640109,0.0002530394
2015-02-06,3.8238e-06,0.23860762,0.7404324,0.97903997,0.97904,0.0027815828,0.05274071,0.00018243292
2015-02-09,2.3104462e-06,0.22291297,0.765643,0.98855597,0.98855597,0.002194596,0.046846516,0.00020189093
2015-02-10,2.0481132e-06,0.23193133,0.75653017,0.9884615,0.9884615,0.0017918979,0.042330816,0.00017750246
2015-02-11,6.7781825e-06,0.104004055,0.8859954,0.9899994,0.9899994,0.0020711075,0.04550942,0.0006777785
2015-02-12,7.3706146e-06,0.105368346,0.8839854,0.9893537,0.9893538,0.0019022343,0.04361461,0.0006923181
2015-02-13,1.0017719e-05,0.23375598,0.7206845,0.9544405,0.9544405,0.0019231341,0.04385355,0.000219882
2015-02-17,3.6728472e-06,0.1824868,0.8049681,0.9874549,0.9874549,0.0016058,0.040072434,0.00029277126
2015-02-18,5.2128617e-06,0.21933822,0.7682702,0.98760843,0.98760843,0.0013314054,0.03648843,0.00042067815
2015-02-19,8.529715e-06,0.1484926,0.8396572,0.9881498,0.98814976,0.0011826814,0.034390137,0.00071979634
2015-02-20,1.4432021e-05,0.08896275,0.8939064,0.98286915,0.98286915,0.0010563892,0.03250214,0.00084245787
2015-02-23,1.784688e-05,0.08355187,0.8977205,0.9812724,0.9812724,0.0009826615,0.03134743,0.00095297204
2015-02-24,3.9600967e-05,0.08200556,0.8964455,0.9784511,0.9784511,0.00092730264,0.030451644,0.0018377234
2015-02-25,2.358861e-05,0.068204775,0.91703916,0.9852439,0.9852439,0.00087198906,0.029529462,0.0015985684
2015-02-26,2.2931456e-05,0.09469244,0.87992346,0.97461593,0.97461593,0.0009014937,0.030024884,0.0009033798
2015-02-27,3.698871e-05,0.07678031,0.90415144,0.98093176,0.98093176,0.001125253,0.03354479,0.0019398071
2015-03-02,1.158807e-05,0.20434383,0.762902,0.9672458,0.9672458,0.0011341787,0.03367757,0.00035378902
2015-03-03,1.3476035e-05,0.058127254,0.9293741,0.9875014,0.9875014,0.0008795933,0.029657938,0.001078202
2015-03-04,3.6998223e-05,0.17047733,0.78697187,0.9574492,0.9574492,0.0008505027,0.02916338,0.000869507
2015-03-05,9.538627e-06,0.0713497,0.9170848,0.9884345,0.9884345,0.0007715207,0.027776262,0.00082474784
2015-03-06,1.7244482e-05,0.13715203,0.8470222,0.9841742,0.9841742,0.0007337772,0.027088322,0.001089643
2015-03-09,2.0249548e-05,0.07707078,0.9073155,0.98438627,0.98438627,0.00071230094,0.026688967,0.0012969061
2015-03-10,3.8321497e-05,0.11521597,0.8635985,0.9788145,0.9788145,0.00067097385,0.025903163,0.0018088535
2015-03-11,2.4311663e-05,0.088152304,0.89565396,0.98380625,0.98380625,0.00075920945,0.027553756,0.0015012993
2015-03-12,1.5514863e-05,0.060361885,0.92619115,0.986553,0.986553,0.00070495583,0.026551004,0.0011537799
2015-03-13,4.3853084e-05,0.07994779,0.899015,0.9789628,0.9789628,0.0007025261,0.026505208,0.0020845474
2015-03-16,3.940894e-05,0.109743655,0.8707005,0.98044413,0.98044413,0.0008623187,0.029365264,0.0020151979
2015-03-17,6.893417e-05,0.08673814,0.88776577,0.97450393,0.9745039,0.00084276916,0.029030487,0.002703718
2015-03-18,1.9215204e-05,0.060796645,0.9254747,0.9862713,0.9862713,0.0008255415,0.028732238,0.0013996398
2015-03-19,1.41400515e-05,0.059379123,0.9275873,0.9869664,0.9869664,0.0008275506,0.02876718,0.0010848899
2015-03-20,4.258225e-05,0.073517,0.9069375,0.9804545,0.9804545,0.0007970357,0.02823182,0.0021786222
2015-03-23,1.5457483e-05,0.06124347,0.9249325,0.98617595,0.98617595,0.0008773636,0.029620323,0.0011181592
2015-03-24,1.2909949e-05,0.107720844,0.8780767,0.9857975,0.9857975,0.0009103603,0.030172179,0.0009089929
2015-03-25,1.15740195e-05,0.062208764,0.92500633,0.9872151,0.9872151,0.00081238936,0.028502446,0.0009052883
2015-03-26,1.1232414e-05,0.13121708,0.85017776,0.9813948,0.9813948,0.0008388902,0.028963601,0.0006037253
2015-03-27,6.4174496e-06,0.20517917,0.77301115,0.9781903,0.9781903,0.0009771666,0.031259663,0.00029424753
2015-03-30,3.691715e-06,0.23355336,0.75617707,0.9897304,0.9897304,0.0013016665,0.036078617,0.00035948053
2015-03-31,7.2150297e-06,0.101076484,0.8861055,0.98718196,0.98718196,0.0009919729,0.0314956,0.00056288094
2015-04-01,7.184537e-06,0.09283886,0.895934,0.98877287,0.98877287,0.0009381711,0.030629579,0.00063992635
2015-04-02,8.754562e-06,0.12548977,0.8549667,0.9804565,0.9804565,0.0010868402,0.03296726,0.00044795198
2015-04-06,6.25368e-06,0.11908482,0.87051415,0.989599,0.989599,0.0009851293,0.03138677,0.00060125696
2015-04-07,1.6455935e-05,0.22062516,0.7162124,0.93683755,0.93683755,0.0012786493,0.035758205,0.00026053353
2015-04-08,4.101811e-06,0.17909427,0.8062999,0.9853942,0.9853942,0.001193972,0.0345539,0.000280834
2015-04-09,2.0971302e-06,0.24541046,0.745189,0.99059945,0.99059945,0.0018062723,0.04250026,0.00022308598
2015-04-10,6.8936597e-06,0.22653316,0.75203305,0.9785662,0.9785662,0.00136039,0.036883466,0.00032162608
2015-04-13,3.5160112e-06,0.18365951,0.80320877,0.98686826,0.98686826,0.0010905745,0.03302385,0.00026774913
2015-04-14,5.0396598e-06,0.13448687,0.8537914,0.98827827,0.98827827,0.0008840238,0.029732538,0.00042994163
2015-04-15,8.833614e-06,0.1024974,0.8808804,0.9833778,0.9833778,0.0008507179,0.02916707,0.00053143513
2015-04-16,1.0054595e-05,0.22583802,0.72848654,0.95432454,0.95432454,0.0010831556,0.03291133,0.00022013125
2015-04-17,4.5017564e-06,0.18960397,0.795828,0.98543197,0.98543197,0.00080575433,0.028385812,0.00030901612
2015-04-20,7.4208515e-06,0.16036113,0.82455677,0.9849179,0.9849179,0.0007037484,0.026528256,0.0004920297
2015-04-21,1.1805629e-05,0.14842166,0.83284295,0.9812646,0.9812646,0.00060773885,0.02465236,0.0006301239
2015-04-22,1.2767006e-05,0.06879296,0.9165959,0.9853888,0.9853888,0.00057914056,0.02406534,0.00087378314
2015-04-23,1.2241623e-05,0.08679031,0.89535815,0.98214847,0.98214847,0.00056103413,0.02368616,0.0006857464
2015-04-24,1.5765601e-05,0.1295675,0.8429137,0.9724812,0.9724812,0.00058023765,0.024088122,0.00057290273
2015-04-27,9.7484e-06,0.06636588,0.9201139,0.9864798,0.9864798,0.0005191653,0.0227852,0.0007210258
2015-04-28,1.0743809e-05,0.06404551,0.92236954,0.986415,0.986415,0.00048805366,0.022091936,0.0007908599
2015-04-29,1.12340795e-05,0.0630831,0.92301023,0.98609334,0.98609334,0.0004609723,0.021470265,0.00080782024
2015-04-30,1.4239649e-05,0.09141601,0.8887266,0.9801426,0.9801426,0.00047953037,0.021898182,0.0007170951
2015-05-01,1.4661683e-05,0.087875485,0.8924257,0.9803012,0.9803012,0.00046849428,0.021644728,0.00074429327
2015-05-04,1.5760634e-05,0.07719368,0.90537137,0.98256505,0.98256505,0.00043884164,0.020948548,0.0009039676
2015-05-05,1.591057e-05,0.07377116,0.9090484,0.98281956,0.98281956,0.0004142886,0.020354081,0.0009260861
2015-05-06,2.6356207e-05,0.14009699,0.8229767,0.96307373,0.96307373,0.00043644145,0.02089118,0.00071375223
2015-05-07,2.1743239e-05,0.09827679,0.8804937,0.9787705,0.9787705,0.00039565528,0.019891085,0.0010241991
2015-05-08,1.9893145e-05,0.1201051,0.86203307,0.98213816,0.98213816,0.00048003765,0.021909762,0.0011137229
2015-05-11,1.3399752e-05,0.06672996,0.917953,0.984683,0.984683,0.00044022105,0.020981446,0.00087482744
2015-05-12,2.4120502e-05,0.08906682,0.89128727,0.9803541,0.9803541,0.00041795248,0.020443887,0.0012277608
2015-05-13,2.6187163e-05,0.13864207,0.823089,0.9617311,0.9617311,0.00045125282,0.021242712,0.00068429316
2015-05-14,1.5781596e-05,0.071309105,0.9120291,0.9833382,0.9833382,0.00040024632,0.020006157,0.000947171
2015-05-15,1.27920475e-05,0.06325545,0.92234665,0.9856021,0.9856021,0.00038873826,0.019716447,0.00088846503
2015-05-18,1.652468e-05,0.06749176,0.91651535,0.9840071,0.9840071,0.00037208173,0.01928942,0.0010332523
2015-05-19,1.6768272e-05,0.06650606,0.91772103,0.98422706,0.98422706,0.00035897366,0.018946601,0.0010631039
2015-05-20,2.9014054e-05,0.07441324,0.9058416,0.9802548,0.9802548,0.00043940678,0.020962032,0.0014694253
2015-05-21,1.678442e-05,0.09053767,0.8877675,0.97830516,0.97830516,0.00049118267,0.02216264,0.00077365956
2015-05-22,1.8063462e-05,0.14601602,0.82252234,0.96853834,0.96853834,0.00052812655,0.022981005,0.0005741421
2015-05-26,1.40431375e-05,0.072760545,0.91247296,0.9852335,0.9852335,0.00049388903,0.022223614,0.00095101236
2015-05-27,1.8317383e-05,0.10826813,0.87424755,0.9825157,0.9825157,0.00052566384,0.02292736,0.0010476471
2015-05-28,1.8502084e-05,0.16011381,0.8219039,0.9820177,0.9820177,0.00048712044,0.022070805,0.001028905
2015-05-29,1.701213e-05,0.07160989,0.9113861,0.982996,0.982996,0.00042004714,0.020495052,0.0010004774
2015-06-01,1.4476561e-05,0.19814701,0.76054746,0.95869446,0.95869446,0.0005396318,0.023229977,0.00035047502
2015-06-02,7.5932885e-06,0.10897499,0.87887925,0.98785424,0.98785424,0.00042560595,0.02063022,0.0006251803
2015-06-03,1.013367e-05,0.152585,0.8251759,0.9777609,0.9777609,0.00041395042,0.020345772,0.0004556693
2015-06-04,9.613444e-06,0.07924019,0.9082159,0.9874561,0.9874561,0.0004632703,0.021523714,0.0007663829
2015-06-05,8.403816e-06,0.18025377,0.8064469,0.9867007,0.98670065,0.00049302843,0.022204245,0.00063189975
2015-06-08,1.3428632e-05,0.08914969,0.89181674,0.98096645,0.98096645,0.0004714689,0.021713335,0.00070552423
2015-06-09,9.996694e-06,0.058102116,0.9295102,0.9876123,0.9876123,0.00046003028,0.021448316,0.0008069859
2015-06-10,1.9227999e-05,0.16259944,0.79882336,0.9614228,0.9614228,0.0005031283,0.02243052,0.0004984291
2015-06-11,1.038483e-05,0.17337658,0.8008367,0.97421324,0.97421324,0.000492742,0.022197792,0.00040271948
2015-06-12,1.2111822e-05,0.07826672,0.906577,0.98484373,0.98484373,0.00042612327,0.020642754,0.0007991295
2015-06-15,1.3340878e-05,0.06505992,0.92054266,0.98560256,0.98560256,0.00041302285,0.020322964,0.0009266144
2015-06-16,1.1383004e-05,0.061123922,0.92533314,0.98645705,0.98645705,0.00039730733,0.01993257,0.0008405114
2015-06-17,1.616243e-05,0.0865835,0.8932085,0.979792,0.979792,0.00038227643,0.01955189,0.0007998035
2015-06-18,3.142466e-05,0.09264764,0.88278794,0.9754356,0.9754356,0.00035771454,0.018913344,0.0012792773
2015-06-19,1.4316308e-05,0.06763125,0.9167307,0.98436195,0.98436195,0.00035401213,0.01881521,0.0009154789
2015-06-22,1.4476059e-05,0.06293608,0.9226688,0.9856049,0.9856049,0.0003525478,0.018776257,0.0010056228
2015-06-23,5.299567e-05,0.10866817,0.86033696,0.9690051,0.9690051,0.000339816,0.0184341,0.0017098195
2015-06-24,2.113764e-05,0.11307972,0.8590278,0.9721075,0.9721075,0.0003970075,0.019925047,0.00075782597
2015-06-25,1.190299e-05,0.060146626,0.9265999,0.98674655,0.98674655,0.0003796819,0.019485429,0.000898105
2015-06-26,1.2535385e-05,0.060495388,0.92608136,0.98657674,0.98657674,0.00036942298,0.01922038,0.00093385525
2015-06-29,1.8158287e-05,0.065982096,0.9182538,0.9842359,0.9842359,0.00035477165,0.018835383,0.0011518747
2015-06-30,1.1324101e-05,0.059372988,0.9276982,0.98707116,0.98707116,0.00037668354,0.019408338,0.0008758789
2015-07-01,2.3693665e-05,0.11769404,0.85218793,0.96988195,0.96988195,0.0003824716,0.019556882,0.00078669324
2015-07-02,1.7009212e-05,0.169374,0.81377155,0.98314553,0.98314553,0.00057091686,0.023893867,0.0010091814
2015-07-06,1.11253985e-05,0.059500746,0.92755955,0.9870603,0.9870603,0.00048170422,0.021947762,0.00085978856
2015-07-07,6.7256565e-06,0.23511204,0.752285,0.9873971,0.9873971,0.00084520504,0.02907241,0.00053365837
2015-07-08,2.7082868e-05,0.067031994,0.91614336,0.98317534,0.98317534,0.00064642244,0.02542484,0.0016097124
2015-07-09,1.4176322e-05,0.058775656,0.92843354,0.9872092,0.9872092,0.0006311877,0.025123449,0.0011083218
2015-07-10,1.1158789e-05,0.058096625,0.9294815,0.98757815,0.98757815,0.0006271187,0.025042338,0.00089831965
2015-07-13,1.7691254e-05,0.061410338,0.9246528,0.9860632,0.9860631,0.0005941117,0.024374407,0.0012693899
2015-07-14,5.1388666e-05,0.13573918,0.8406216,0.97636074,0.9763608,0.00057384744,0.023955112,0.0021738694
2015-07-15,4.9098795e-05,0.07857768,0.89817303,0.97675073,0.97675073,0.00056734483,0.023819001,0.0021118426
2015-07-16,3.5628935e-05,0.17105584,0.8089628,0.9800187,0.9800187,0.00063640345,0.025227038,0.0017831117
2015-07-17,3.3669934e-05,0.06858754,0.91349596,0.9820835,0.9820835,0.0005676009,0.023824375,0.0018792696
2015-07-20,1.6776057e-05,0.060279705,0.9262528,0.9865325,0.9865325,0.0005521984,0.023498902,0.0012456706
2015-07-21,2.882218e-05,0.0670218,0.9160851,0.9831069,0.9831069,0.00054160913,0.023272498,0.0017061521
2015-07-22,2.0597025e-05,0.06286497,0.92247003,0.985335,0.985335,0.00052602286,0.022935187,0.0014045015
2015-07-23,7.782735e-05,0.08533035,0.8865966,0.971927,0.971927,0.00054128264,0.023265481,0.0027723191
2015-07-24,9.1346155e-05,0.08490417,0.8848175,0.9697217,0.9697217,0.0005779537,0.024040667,0.0030168828
2015-07-27,7.588073e-05,0.080702804,0.892625,0.97332776,0.97332776,0.00060649245,0.024627067,0.0028449323
2015-07-28,3.8921877e-05,0.06923857,0.91244614,0.9816847,0.9816847,0.0006377574,0.02525386,0.0021251
2015-07-29,4.8341524e-05,0.072864495,0.90643555,0.9793,0.9793,0.00063103676,0.025120445,0.0023353419
2015-07-30,1.7454136e-05,0.06028836,0.92621803,0.9865064,0.9865064,0.00064018,0.025301779,0.0012935124
2015-07-31,7.14943e-05,0.080655746,0.89271456,0.9733703,0.9733703,0.00061241986,0.024747118,0.0026847594
2015-08-03,2.3654891e-05,0.06324561,0.9217985,0.9850441,0.9850441,0.00068848114,0.026238924,0.0015816451
2015-08-04,8.079397e-05,0.2373515,0.72666323,0.9640147,0.96401477,0.00077254744,0.027794737,0.0022451943
2015-08-05,3.214696e-05,0.0675235,0.91517854,0.982702,0.982702,0.0006780956,0.026040269,0.0018584224
2015-08-06,3.9890576e-05,0.06925913,0.91238064,0.98163974,0.98163974,0.0006645285,0.02577845,0.002172659
2015-08-07,5.2329637e-05,0.07417321,0.90428406,0.9784573,0.9784573,0.00065480446,0.025589148,0.002429109
2015-08-10,5.858122e-05,0.07554526,0.90187275,0.977418,0.977418,0.00066872063,0.025859633,0.0025941562
2015-08-11,1.9791998e-05,0.06404838,0.92070925,0.98475766,0.98475766,0.0007063065,0.026576428,0.0012984884
2015-08-12,1.986833e-05,0.060633656,0.9256641,0.9862978,0.9862978,0.0007882591,0.028075952,0.0014500087
2015-08-13,1.543498e-05,0.059192877,0.9278017,0.9869946,0.9869946,0.000750961,0.027403668,0.0011868153
2015-08-14,0.00014733292,0.13732563,0.8205043,0.95782995,0.95782995,0.0007499469,0.027385158,0.0034937812
2015-08-17,4.8037724e-05,0.07318945,0.90606403,0.9792535,0.9792535,0.00076783623,0.027709858,0.0023154584
2015-08-18,9.071167e-05,0.08539868,0.88480926,0.9702079,0.9702079,0.00076059566,0.0275789,0.003044826
2015-08-19,3.8477996e-05,0.07080781,0.9100389,0.9808467,0.9808467,0.0007898944,0.02810506,0.002008949
2015-08-20,8.207975e-05,0.1191443,0.8524267,0.971571,0.971571,0.0008936484,0.029893953,0.0028871868
2015-08-21,2.815225e-05,0.06441926,0.9199858,0.98440504,0.98440504,0.00085159065,0.029182026,0.0018052147
2015-08-24,3.843818e-05,0.06837009,0.91373223,0.98210233,0.98210233,0.00083055615,0.028819371,0.0021476643
2015-08-25,8.275018e-05,0.12454575,0.84861493,0.9731607,0.9731607,0.0010150023,0.0318591,0.0030831702
2015-08-26,5.9002836e-05,0.075020485,0.90263164,0.97765213,0.97765213,0.0010373179,0.032207422,0.0026401998
2015-08-27,0.00013310026,0.1603938,0.8013625,0.96175635,0.96175635,0.0010208974,0.031951487,0.003480323
2015-08-28,4.527093e-05,0.202016,0.6339932,0.8360092,0.8360092,0.002473589,0.04973519,0.00027605775
2015-08-31,7.983968e-06,0.21288958,0.75509036,0.9679799,0.9679799,0.0023501636,0.048478488,0.00024934244
2015-09-01,1.0462337e-05,0.22929947,0.6934306,0.9227301,0.9227301,0.003288867,0.057348642,0.00013539988
2015-09-02,1.019041e-06,0.2480184,0.74416625,0.99218464,0.99218464,0.003773275,0.06142699,0.0001303895
2015-09-03,4.44862e-06,0.24073993,0.7245743,0.96531427,0.96531427,0.0028901345,0.05375997,0.00012825505
2015-09-04,3.366652e-06,0.20341584,0.7827885,0.9862043,0.9862044,0.002125181,0.046099685,0.0002440368
2015-09-08,3.1424483e-06,0.20899865,0.7798444,0.988843,0.9888431,0.0017147057,0.041409004,0.0002816577
2015-09-09,1.2192158e-05,0.06990062,0.91557133,0.98547196,0.98547196,0.0013417916,0.036630474,0.0008392158
2015-09-10,2.0037973e-05,0.116427384,0.8683739,0.98480123,0.98480123,0.0013524353,0.036775474,0.0013183946
2015-09-11,1.9837888e-05,0.15616478,0.80756867,0.96373343,0.96373343,0.0013721753,0.037042886,0.0005470021
2015-09-14,1.6217124e-05,0.06207501,0.92460877,0.9866838,0.9866838,0.0012568879,0.035452615,0.0012178479
2015-09-15,2.9499368e-05,0.0923318,0.8912029,0.98353475,0.9835347,0.0011913169,0.03451546,0.0017916141
2015-09-16,2.3142336e-05,0.06439741,0.92006814,0.98446554,0.98446554,0.0011070054,0.03327169,0.0014897418
2015-09-17,2.8840643e-05,0.1510015,0.8076996,0.95870113,0.95870113,0.0012406394,0.03522271,0.00069833983
2015-09-18,1.72099e-05,0.06146422,0.9246074,0.9860716,0.9860716,0.0010355635,0.03218017,0.0012355966
2015-09-21,2.9908742e-05,0.08066019,0.9020956,0.9827558,0.9827558,0.0011206531,0.03347616,0.0017344214
2015-09-22,1.2289192e-05,0.16838077,0.8044368,0.9728176,0.97281754,0.0011938364,0.034551937,0.00045210106
2015-09-23,1.0429185e-05,0.07574038,0.9101586,0.985899,0.985899,0.001031003,0.032109234,0.0007396045
2015-09-24,1.944043e-05,0.06250104,0.92376196,0.98626304,0.98626304,0.0010175982,0.031899814,0.0014151912
2015-09-25,3.1662817e-05,0.08777499,0.892111,0.979886,0.979886,0.00096496113,0.031063823,0.0015741677
2015-09-28,1.3525262e-05,0.062243216,0.92399615,0.9862394,0.9862394,0.0009184814,0.030306458,0.0009828958
2015-09-29,3.2397922e-05,0.069858305,0.91298395,0.98284227,0.98284227,0.00091247796,0.03020725,0.0018882402
2015-09-30,2.4740275e-05,0.07077955,0.9112164,0.98199594,0.98199594,0.00088713324,0.029784782,0.0013741498
2015-10-01,2.2825056e-05,0.064113826,0.9205142,0.9846281,0.9846281,0.0008338994,0.028877316,0.001484854
2015-10-02,6.512687e-05,0.084866166,0.88954866,0.9744148,0.9744148,0.0007945762,0.028188229,0.0025454925
2015-10-05,2.4931007e-05,0.06656868,0.91706663,0.9836353,0.9836353,0.0007978863,0.028246881,0.001523463
2015-10-06,1.7810013e-05,0.064469345,0.92029834,0.9847677,0.9847677,0.0007725325,0.02779447,0.0011692249
2015-10-07,2.0841046e-05,0.14335047,0.82068026,0.96403074,0.96403074,0.0008752495,0.029584616,0.00057941274
2015-10-08,1.3280845e-05,0.08983506,0.8966424,0.98647743,0.98647743,0.00077219773,0.027788445,0.0009821247
2015-10-09,9.900782e-06,0.17705745,0.79720956,0.974267,0.974267,0.00080399774,0.028354853,0.00038475048
2015-10-12,8.235276e-06,0.08426261,0.9022935,0.9865561,0.9865561,0.00065341184,0.025561921,0.0006125666
2015-10-13,6.956072e-06,0.17059684,0.8179336,0.98853046,0.98853046,0.0008305915,0.028819984,0.00060648203
2015-10-14,4.1562966e-05,0.081784025,0.89675814,0.97854215,0.97854215,0.0007021255,0.02649765,0.0019369584
2015-10-15,2.6358875e-05,0.074612945,0.90670717,0.98132014,0.98132014,0.0006712361,0.025908224,0.0014110855
2015-10-16,2.6896694e-05,0.06716869,0.91597575,0.98314446,0.98314446,0.0006375081,0.025248922,0.0015957186
2015-10-19,1.8671231e-05,0.067510724,0.91641027,0.983921,0.983921,0.00063397066,0.025178773,0.0011612178
2015-10-20,3.806963e-05,0.12135747,0.8585044,0.9798619,0.97986186,0.00065901974,0.02567138,0.0018904295
2015-10-21,1.5712574e-05,0.05971268,0.92708576,0.9867984,0.9867984,0.00061098934,0.024718199,0.0011902028
2015-10-22,4.231559e-05,0.07273803,0.90691566,0.9796537,0.9796537,0.00058592774,0.024205944,0.00207977
2015-10-23,2.3095594e-05,0.06531392,0.9188707,0.9841846,0.9841846,0.000574718,0.023973277,0.0014603252
2015-10-26,5.503806e-05,0.07655082,0.90076476,0.9773156,0.9773156,0.00057136343,0.02390321,0.002426252
2015-10-27,0.00021463934,0.1109572,0.8348787,0.9458359,0.9458359,0.00058521854,0.02419129,0.0039627594
2015-10-28,2.5200765e-05,0.064047776,0.92059976,0.9846475,0.9846475,0.00073970796,0.027197573,0.0016414776
2015-10-29,3.1226795e-05,0.12809548,0.83395064,0.9620461,0.96204615,0.00094651314,0.030765453,0.0008227556
2015-10-30,1.1236814e-05,0.058097746,0.92947763,0.98757535,0.98757535,0.0008212918,0.028658189,0.000904397
2015-11-02,1.3122485e-05,0.08721883,0.89505404,0.98227286,0.98227286,0.0007819006,0.027962485,0.0007402484
2015-11-03,2.5841096e-05,0.15817577,0.8193624,0.97753817,0.97753817,0.0007215901,0.02686243,0.0011504447
2015-11-04,9.596601e-06,0.22413327,0.73369086,0.9578241,0.9578241,0.0008359401,0.02891263,0.0002275376
2015-11-05,1.0633391e-05,0.09509669,0.89259654,0.98769325,0.98769325,0.0008786734,0.029642425,0.00086402916
2015-11-06,1.6345493e-05,0.06235173,0.92352074,0.98587245,0.98587245,0.0008530221,0.029206542,0.001156994
2015-11-09,1.6639651e-05,0.06243257,0.9231795,0.9856121,0.9856121,0.0008305281,0.028818885,0.0011565026
2015-11-10,2.1003822e-05,0.06449836,0.92015,0.98464835,0.98464835,0.00078932126,0.028094862,0.0013681798
2015-11-11,1.8187417e-05,0.0640162,0.92097807,0.9849943,0.9849943,0.00075090845,0.027402708,0.0012120332
2015-11-12,4.701758e-05,0.076367244,0.9024371,0.97880435,0.97880435,0.0007659156,0.02767518,0.0022182656
2015-11-13,7.908172e-05,0.11158127,0.86087,0.97245127,0.97245127,0.00079855014,0.02825863,0.002870612
2015-11-16,4.4386106e-05,0.070230424,0.9108585,0.98108894,0.98108894,0.00083475444,0.028892117,0.0023470973
2015-11-17,3.61391e-05,0.06865608,0.91341764,0.9820737,0.9820737,0.00084521994,0.029072667,0.0020159849
2015-11-18,4.3428874e-05,0.0705467,0.91033596,0.98088264,0.98088264,0.00085533323,0.02924608,0.0022716988
2015-11-19,3.3615703e-05,0.06842206,0.91386324,0.9822853,0.9822853,0.0008222799,0.028675424,0.0018976185
2015-11-20,3.4628614e-05,0.06883498,0.9132244,0.98205936,0.98205936,0.0007870659,0.028054694,0.0019301771
2015-11-23,5.396836e-05,0.07572518,0.9017096,0.9774348,0.9774348,0.00075446774,0.027467577,0.0023916648
2015-11-24,1.2398221e-05,0.058259904,0.9292146,0.9874745,0.9874745,0.00081614027,0.02856817,0.0009898385
2015-11-25,1.4795863e-05,0.06993669,0.9138999,0.9838366,0.9838366,0.0008108652,0.028475694,0.0009153925
2015-11-27,1.4592177e-05,0.06180302,0.9243043,0.98610735,0.98610735,0.00075681304,0.027510235,0.0010503522
2015-11-30,1.6560574e-05,0.062245686,0.9240298,0.9862755,0.9862755,0.0007759384,0.02785567,0.0012066427
2015-12-01,3.882245e-05,0.07796107,0.90197647,0.97993755,0.97993755,0.000733726,0.027087377,0.0019350806
2015-12-02,5.311442e-05,0.09485167,0.875584,0.9704357,0.9704357,0.00070224155,0.026499841,0.0017965717
2015-12-03,3.6249578e-05,0.21024704,0.76870954,0.9789566,0.9789566,0.0008770829,0.029615585,0.0017226087
2015-12-04,0.0001040437,0.15026112,0.79340434,0.94366544,0.94366544,0.00087418733,0.029566659,0.0018468895
2015-12-07,3.3444998e-05,0.074581474,0.9083171,0.9828986,0.9828986,0.0009123435,0.030205024,0.0019556868
2015-12-08,4.791236e-05,0.22811733,0.74746364,0.975581,0.975581,0.0011309439,0.03362951,0.0019620927
2015-12-09,5.0409355e-05,0.071570255,0.9085454,0.98011565,0.98011565,0.00089683576,0.029947216,0.0025351273
2015-12-10,3.5081343e-05,0.06553524,0.91812116,0.9836564,0.9836564,0.00087183894,0.02952692,0.002146489
2015-12-11,3.151288e-05,0.06441847,0.9198754,0.9842939,0.9842939,0.00084355293,0.029043982,0.0020064074
2015-12-14,3.9428745e-05,0.06717501,0.91583157,0.9830066,0.9830066,0.0008723785,0.029536055,0.0023202384
2015-12-15,0.00017722847,0.17738192,0.77468956,0.9520715,0.9520715,0.0008624975,0.029368307,0.0036977672
2015-12-16,9.299554e-05,0.17371774,0.7917501,0.9654678,0.9654678,0.0009844776,0.031376384,0.0026930103
2015-12-17,3.648186e-05,0.10997475,0.87278885,0.9827636,0.9827636,0.001315044,0.036263537,0.0021165577
2015-12-18,4.7054356e-05,0.07143481,0.9088563,0.98029107,0.98029107,0.001213873,0.03484068,0.0023874636
2015-12-21,3.119204e-05,0.06530856,0.9185603,0.9838689,0.9838689,0.0011533579,0.033961125,0.0019336583
2015-12-22,3.4904817e-05,0.0658477,0.9177718,0.9836195,0.9836195,0.001090621,0.033024553,0.0021308777
2015-12-23,5.6236087e-05,0.16963464,0.80547863,0.9751133,0.9751133,0.0011373931,0.033725258,0.002259682
2015-12-24,1.7006805e-05,0.077834725,0.9037861,0.98162085,0.98162085,0.0012008912,0.034653876,0.0009253313
2015-12-28,1.4779703e-05,0.06102229,0.92564076,0.98666304,0.98666304,0.0011213827,0.03348705,0.0011081765
2015-12-29,1.5778585e-05,0.060608238,0.92621195,0.98682016,0.9868202,0.0011261812,0.033558622,0.0011971759
2015-12-30,1.452168e-05,0.18974368,0.7754554,0.9651991,0.9651991,0.0011068931,0.03327,0.00041727902
2015-12-31,2.976862e-05,0.21247682,0.76819956,0.9806764,0.9806764,0.0010967411,0.033117082,0.0015405328
2016-01-04,2.3558508e-05,0.08369273,0.8952356,0.9789283,0.9789283,0.00090143026,0.030023828,0.001118018
2016-01-05,2.3608982e-05,0.069301836,0.9135049,0.98280674,0.98280674,0.0008356774,0.028908085,0.0013731535
2016-01-06,4.505098e-05,0.124369755,0.85279423,0.977164,0.977164,0.00082043436,0.028643226,0.0019728027
2016-01-07,6.0272076e-05,0.23476483,0.73628336,0.9710482,0.9710482,0.001155134,0.03398726,0.0020818058
2016-01-08,5.0567167e-05,0.07194888,0.9079658,0.97991467,0.97991467,0.0010149014,0.031857517,0.0025176164
2016-01-11,7.0902744e-05,0.0771433,0.8990765,0.97621983,0.97621983,0.0009729697,0.031192463,0.0029815915
2016-01-12,0.00012639303,0.09199286,0.8746127,0.96660554,0.96660554,0.0011744441,0.034270164,0.0037848507
2016-01-13,0.00023892905,0.11730958,0.8277654,0.945075,0.945075,0.0012454778,0.03529133,0.0043500946
2016-01-14,0.0001723661,0.106329024,0.85151845,0.9578475,0.9578475,0.0012700281,0.035637453,0.004089105
2016-01-15,0.00017918824,0.100623325,0.8536581,0.9542814,0.9542814,0.0013106017,0.036202233,0.003919372
2016-01-19,0.000104693405,0.1645269,0.8051923,0.9697192,0.9697192,0.0016480458,0.04059613,0.0034574154
2016-01-20,9.984089e-05,0.08241366,0.88926494,0.9716786,0.9716786,0.0016153741,0.040191717,0.0035252825
2016-01-21,4.672179e-05,0.065655224,0.91764724,0.9833025,0.9833025,0.0019368024,0.044009116,0.0027981265
2016-01-22,3.2233096e-05,0.21087259,0.74726546,0.95813805,0.95813805,0.002563658,0.050632577,0.0007699855
2016-01-25,1.7770275e-05,0.22184372,0.66779876,0.8896425,0.8896425,0.0035079732,0.059228145,0.0001610246
2016-01-26,2.7873773e-06,0.21491662,0.777549,0.9924657,0.9924656,0.0031438484,0.05607003,0.00036995712
2016-01-27,1.0789933e-05,0.23151079,0.7332436,0.96475434,0.96475434,0.0027210973,0.052164137,0.0003061351
2016-01-28,4.759126e-06,0.2419466,0.72851133,0.9704579,0.9704579,0.002167737,0.046558965,0.00016109647
2016-01-29,5.776517e-06,0.14772516,0.83954984,0.987275,0.987275,0.0017715949,0.04209032,0.0004539504
2016-02-01,1.1810161e-05,0.10499328,0.8789734,0.9839667,0.9839667,0.0015134471,0.038903046,0.00073660235
2016-02-02,2.4802743e-05,0.19011909,0.79202116,0.98214024,0.98214024,0.0017400987,0.04171449,0.0013887503
2016-02-03,5.3922355e-05,0.23645985,0.7357787,0.97223854,0.97223854,0.002017205,0.044913307,0.0019423459
2016-02-04,2.7999387e-05,0.22205406,0.7012964,0.92335045,0.92335045,0.0029408461,0.05422957,0.00036529097
2016-02-05,1.6761205e-05,0.076039724,0.9108321,0.98687184,0.98687184,0.0021602758,0.046478767,0.0012767367
2016-02-08,2.1078753e-05,0.07537071,0.9117803,0.987151,0.987151,0.0020388337,0.045153446,0.001640501
2016-02-09,3.4566732e-05,0.1035121,0.87990457,0.9834167,0.9834167,0.0019998,0.044719126,0.0020844273
2016-02-10,6.8548776e-05,0.14804137,0.8298354,0.9778768,0.9778768,0.0021792317,0.046682242,0.0030984993
2016-02-11,5.4363703e-05,0.07011371,0.9104,0.9805137,0.9805137,0.0019245531,0.04386973,0.002789841
2016-02-12,8.054753e-05,0.07564248,0.90083104,0.9764735,0.9764735,0.001957842,0.044247508,0.0034236952
2016-02-16,6.3731735e-05,0.16389921,0.7522416,0.9161408,0.9161408,0.0028616404,0.053494304,0.00075998495
2016-02-17,1.7005017e-05,0.19941601,0.78840077,0.98781675,0.9878168,0.0022481272,0.047414422,0.0013957703
2016-02-18,1.7259474e-05,0.2230347,0.72846353,0.9514982,0.9514982,0.0023719273,0.048702437,0.0003558523
2016-02-19,7.930352e-06,0.24126713,0.7438787,0.98514587,0.98514587,0.0017476147,0.04180448,0.00053388183
2016-02-22,1.1240023e-05,0.18105227,0.80629444,0.9873467,0.9873467,0.001650012,0.04062034,0.0008883083
2016-02-23,2.0772444e-05,0.09560591,0.8807592,0.9763651,0.9763651,0.001993193,0.04464519,0.0008788882
2016-02-24,1.15621415e-05,0.18354301,0.8036696,0.9872126,0.9872126,0.0017902342,0.042311158,0.00090418226
2016-02-25,1.757672e-05,0.13735016,0.83644354,0.9737937,0.9737937,0.0014636084,0.038257133,0.0006707055
2016-02-26,1.0257347e-05,0.09695724,0.8874184,0.9843756,0.9843756,0.0013492987,0.0367328,0.0006564952
2016-02-29,8.349808e-06,0.14087318,0.8471741,0.9880473,0.9880473,0.0012155842,0.03486523,0.000698571
2016-03-01,6.9339396e-05,0.1348635,0.82482487,0.95968837,0.95968837,0.0011560125,0.034000184,0.001720084
2016-03-02,9.750406e-06,0.065580964,0.92013055,0.9857115,0.9857115,0.001070706,0.032721646,0.00068239606
2016-03-03,1.6825828e-05,0.07247902,0.91229385,0.98477286,0.98477286,0.0009984263,0.031597886,0.0011049894
2016-03-04,2.4183075e-05,0.16231662,0.81520295,0.9775196,0.9775196,0.0009282679,0.03046749,0.001075739
2016-03-07,8.39092e-06,0.18383844,0.7917065,0.9755449,0.9755449,0.0010161557,0.031877197,0.00034311574
2016-03-08,8.418262e-06,0.2218808,0.7421285,0.9640093,0.9640093,0.0013374819,0.0365716,0.00023390094
2016-03-09,7.729817e-06,0.077181876,0.9106906,0.9878725,0.9878725,0.001319329,0.036322568,0.0006373783
2016-03-10,8.515304e-06,0.22110558,0.7414016,0.9625072,0.9625072,0.0013843874,0.037207358,0.00022711832
2016-03-11,3.3762592e-06,0.19704263,0.79083705,0.9878797,0.9878797,0.0010670621,0.032665916,0.0002785622
2016-03-14,5.489999e-06,0.21108364,0.768347,0.9794307,0.9794307,0.0009045511,0.030075757,0.00026690224
2016-03-15,8.495277e-06,0.117862746,0.868243,0.98610574,0.98610574,0.0009609342,0.03099894,0.0006114235
2016-03-16,9.992002e-06,0.07880542,0.9068999,0.9857054,0.9857054,0.0009056589,0.030094167,0.00069900416
2016-03-17,1.2781801e-05,0.226201,0.7209442,0.9471452,0.9471452,0.001082557,0.032902233,0.00024182869
2016-03-18,4.7058197e-06,0.22699763,0.7495488,0.9765464,0.9765464,0.0012313703,0.035090886,0.00020064387
2016-03-21,6.90169e-06,0.15966773,0.8241418,0.98380953,0.98380953,0.0010124494,0.03181901,0.00042628104
2016-03-22,1.0758669e-05,0.17539655,0.7978546,0.97325116,0.97325116,0.00086281874,0.029373776,0.00040221075
2016-03-23,7.2406415e-06,0.21556963,0.75525784,0.97082746,0.97082746,0.00094743125,0.030780371,0.00024820058
2016-03-24,8.6015225e-06,0.16252306,0.8241955,0.98671854,0.98671854,0.0010871239,0.03297156,0.00064763357
2016-03-28,9.572038e-06,0.097496316,0.8866481,0.98414445,0.98414445,0.00091653067,0.030274257,0.0006037026
2016-03-29,8.49182e-06,0.09049872,0.8960676,0.98656636,0.98656636,0.0008226076,0.028681137,0.00063213124
2016-03-30,9.841765e-06,0.058268454,0.9292761,0.98754454,0.98754454,0.0008207853,0.02864935,0.0007901565
2016-03-31,1.2669387e-05,0.064250596,0.9215711,0.98582166,0.98582166,0.00077261584,0.027795969,0.0008935736
2016-04-01,4.6503905e-05,0.13066185,0.8404282,0.97109,0.97109,0.0007246949,0.026920158,0.001608576
2016-04-04,2.4660925e-05,0.07403303,0.909176,0.983209,0.983209,0.0008806542,0.029675819,0.0014687002
2016-04-05,2.8031754e-05,0.06916341,0.9137932,0.9829566,0.98295665,0.0008933607,0.02988914,0.0016447267
2016-04-06,4.7848436e-05,0.080122456,0.8972295,0.97735196,0.97735196,0.0008461564,0.029088767,0.0021126969
2016-04-07,4.7822472e-05,0.19299908,0.74722934,0.9402284,0.9402284,0.0010096696,0.0317753,0.0008000869
2016-04-08,1.0724261e-05,0.05809027,0.92950374,0.987594,0.987594,0.0008364343,0.028921174,0.0008644421
2016-04-11,2.580206e-05,0.21594663,0.6857129,0.9016595,0.9016595,0.0010238781,0.031998094,0.00026237467
2016-04-12,4.8458514e-06,0.18927842,0.7942782,0.9835566,0.9835566,0.0007814302,0.027954074,0.0002946994
2016-04-13,1.0097135e-05,0.2295891,0.7194801,0.9490692,0.9490692,0.0009858508,0.031398263,0.00019825205
2016-04-14,4.7140497e-06,0.19095288,0.79342926,0.98438215,0.98438215,0.00074239454,0.027246919,0.00030183734
2016-04-15,8.594927e-06,0.22675386,0.7494869,0.97624075,0.97624075,0.000601779,0.024531184,0.00036175083
2016-04-18,1.5842254e-05,0.16621014,0.81347036,0.9796805,0.97968054,0.00063857145,0.025269972,0.0007796568
2016-04-19,1.0590082e-05,0.116884954,0.8650539,0.98193884,0.98193884,0.0005712821,0.02390151,0.00058634556
2016-04-20,1.0846371e-05,0.17455399,0.79629767,0.97085166,0.97085166,0.0006238645,0.02497728,0.00037210938
2016-04-21,3.644996e-05,0.20743611,0.69444454,0.9018806,0.9018806,0.00074399804,0.027276328,0.00037148586
2016-04-22,9.157916e-06,0.11035038,0.87283087,0.98318124,0.98318124,0.00058594835,0.02420637,0.00054450595
2016-04-25,1.3434377e-05,0.15307444,0.8194775,0.97255194,0.97255194,0.0005376104,0.023186427,0.00048944727
2016-04-26,1.5250916e-05,0.14262937,0.8366662,0.9792956,0.9792956,0.00055337325,0.023523888,0.00073660305
2016-04-27,2.120007e-05,0.19767606,0.7489065,0.94658256,0.94658256,0.0006249073,0.024998147,0.00039687543
2016-04-28,1.3109616e-05,0.2155488,0.7429793,0.9585281,0.9585281,0.0006512564,0.025519727,0.0003161084
2016-04-29,1.0721844e-05,0.17707546,0.79536885,0.9724443,0.9724443,0.00054603576,0.023367409,0.00038909708
2016-05-02,1.3526672e-05,0.096372746,0.88411677,0.9804895,0.9804895,0.00044624732,0.021124566,0.0006933019
2016-05-03,3.2847398e-05,0.16352893,0.8039172,0.96744615,0.96744615,0.0004701265,0.0216824,0.0010090172
2016-05-04,1.7617038e-05,0.08087025,0.9000813,0.98095155,0.98095155,0.0005196121,0.022795001,0.000924854
2016-05-05,2.0732972e-05,0.09528465,0.88321424,0.9784989,0.9784989,0.0004859153,0.022043487,0.0009642739
2016-05-06,2.4902223e-05,0.11074915,0.86433506,0.9750842,0.9750842,0.00046366872,0.021532968,0.0009994545
2016-05-09,1.6041948e-05,0.08563874,0.89470094,0.9803397,0.9803397,0.00043173847,0.020778317,0.0008159567
2016-05-10,2.2139608e-05,0.1130037,0.86805856,0.9810623,0.9810623,0.00046915218,0.021659922,0.0011690754
2016-05-11,3.964467e-05,0.17672983,0.75627756,0.9330074,0.93300736,0.0005145978,0.02268475,0.00059177703
2016-05-12,2.357835e-05,0.19403979,0.7489886,0.9430284,0.94302845,0.0006368952,0.025236782,0.0004138614
2016-05-13,1.2898652e-05,0.12709115,0.8522609,0.97935206,0.97935206,0.0005195352,0.022793315,0.0006246943
2016-05-16,1.4301798e-05,0.15671922,0.8182103,0.9749295,0.9749295,0.0004704643,0.021690188,0.0005704635
2016-05-17,1.8801085e-05,0.21768649,0.7264764,0.94416285,0.94416285,0.0005588813,0.023640672,0.0003367128
2016-05-18,1.6324635e-05,0.18471485,0.777234,0.9619489,0.9619489,0.00045642242,0.021364044,0.00042901843
2016-05-19,1.5941858e-05,0.14419617,0.828358,0.97255415,0.97255415,0.00037244364,0.0192988,0.0005808476
2016-05-20,1.36281205e-05,0.10315134,0.87669027,0.9798416,0.9798416,0.0003245654,0.018015698,0.00067605136
2016-05-23,2.4524526e-05,0.1379118,0.8280229,0.9659347,0.9659347,0.00030613766,0.01749679,0.0007199268
2016-05-24,1.4510957e-05,0.07254739,0.9106738,0.9832212,0.9832212,0.00028411055,0.016855579,0.00086483744
2016-05-25,2.4612436e-05,0.10095654,0.87213564,0.9730922,0.9730922,0.00028191047,0.016790189,0.00091469515
2016-05-26,2.248368e-05,0.121731125,0.84858114,0.97031224,0.97031224,0.00030658086,0.017509451,0.0007573383
2016-05-27,1.8399594e-05,0.07768477,0.904644,0.9823288,0.9823288,0.00028306074,0.01682441,0.0010412177
2016-05-31,1.3847756e-05,0.06624938,0.9182981,0.9845475,0.9845475,0.0002753017,0.016592218,0.00089614966
2016-06-01,2.0411844e-05,0.07738753,0.90311927,0.9805068,0.9805068,0.00026825504,0.016378494,0.0010471252
2016-06-02,1.9178726e-05,0.07266754,0.9092071,0.98187464,0.98187464,0.00026301068,0.016217604,0.0010581159
2016-06-03,2.1785167e-05,0.07732471,0.90257525,0.97989994,0.97989994,0.00025897313,0.016092641,0.0010838361
2016-06-06,2.6615713e-05,0.0736422,0.90726453,0.9809067,0.9809067,0.0002657309,0.016301254,0.0013939836
2016-06-07,3.4967576e-05,0.10968797,0.8576699,0.9673579,0.9673579,0.00030184165,0.01737359,0.0010712408
2016-06-08,5.3193347e-05,0.16090165,0.7803555,0.9412572,0.9412572,0.00031283087,0.017687026,0.0009055293
2016-06-09,3.1658124e-05,0.1410851,0.81709373,0.9581788,0.9581788,0.00034321245,0.018525993,0.0007569878
2016-06-10,1.3743415e-05,0.063808575,0.9214777,0.98528624,0.98528624,0.0003374385,0.0183695,0.00093405164
2016-06-13,4.334925e-05,0.16452578,0.8067974,0.9713232,0.97132313,0.00038269343,0.019562552,0.0015116484
2016-06-14,3.0424279e-05,0.09101717,0.8849806,0.9759978,0.9759978,0.00035489496,0.018838655,0.0012675624
2016-06-15,1.706999e-05,0.06669293,0.91750187,0.9841948,0.9841948,0.00035069272,0.018726792,0.0010800246
2016-06-16,2.4115097e-05,0.07034134,0.9119627,0.98230404,0.98230404,0.0003457517,0.0185944,0.0013627457
2016-06-17,3.1712367e-05,0.08861959,0.89126766,0.97988725,0.97988725,0.0004434277,0.021057723,0.0015767294
2016-06-20,3.8579463e-05,0.18365547,0.7477746,0.93143004,0.9314301,0.0005505502,0.023463806,0.00056262926
2016-06-21,1.3948954e-05,0.18690836,0.77712667,0.96403503,0.96403503,0.0005975673,0.02444519,0.00038784838
2016-06-22,1.8003338e-05,0.084633574,0.89510036,0.97973394,0.97973394,0.00050024386,0.022366133,0.0008883494
2016-06-23,1.808639e-05,0.12345187,0.854772,0.97822386,0.97822386,0.00046831084,0.02164049,0.00083056
2016-06-24,1.5083191e-05,0.16260754,0.8072728,0.96988034,0.96988034,0.00046538812,0.021572856,0.00050077564
2016-06-27,1.1249615e-05,0.19675776,0.78721726,0.98397505,0.98397505,0.00081018044,0.02846367,0.0007020064
2016-06-28,2.4241495e-05,0.11874929,0.8620651,0.9808144,0.98081434,0.0008046345,0.02836608,0.0012635253
2016-06-29,2.4243514e-05,0.14207667,0.8186119,0.9606886,0.9606886,0.0008398159,0.028979577,0.0006167043
2016-06-30,1.6184114e-05,0.22678594,0.70197856,0.9287645,0.9287645,0.0009541925,0.030890007,0.00022719178
2016-07-01,7.833913e-06,0.09381678,0.89299625,0.986813,0.986813,0.00091542635,0.030256014,0.00059406366
2016-07-05,1.2961141e-05,0.21124817,0.7494883,0.96073645,0.96073645,0.0008419651,0.029016634,0.0003301062
2016-07-06,1.9955247e-05,0.23016459,0.748539,0.97870356,0.97870356,0.0011775031,0.034314767,0.0009370226
2016-07-07,2.1500042e-05,0.17447351,0.7889802,0.9634537,0.9634537,0.00097117666,0.031163707,0.00058829616
2016-07-08,1.48945555e-05,0.18445873,0.80032796,0.9847867,0.9847867,0.0012191283,0.034916017,0.0009790476
2016-07-11,2.4101308e-05,0.068986505,0.91391814,0.9829047,0.9829047,0.0009966434,0.03156966,0.0014098184
2016-07-12,2.3511493e-05,0.06637624,0.91730034,0.9836766,0.98367655,0.0009497695,0.03081833,0.0014403563
2016-07-13,2.9785346e-05,0.14845401,0.80458295,0.95303696,0.95303696,0.0010251752,0.032018356,0.00063422957
2016-07-14,8.465734e-06,0.16237654,0.8256483,0.98802483,0.98802483,0.001155644,0.033994764,0.00070694066
2016-07-15,3.7134156e-05,0.12602702,0.83794224,0.9639693,0.96396923,0.0010297387,0.032089543,0.0010306252
2016-07-18,1.1882885e-05,0.060241222,0.92669505,0.9869363,0.9869363,0.00090402603,0.030067027,0.00090960896
2016-07-19,2.318682e-05,0.1674454,0.81279373,0.98023915,0.98023915,0.0008646978,0.029405745,0.0011733718
2016-07-20,2.9144061e-05,0.07604926,0.904007,0.9800563,0.9800563,0.0007559201,0.027494,0.0014613157
2016-07-21,6.0877162e-05,0.088951305,0.8827337,0.971685,0.971685,0.0007154582,0.02674805,0.0021499963
2016-07-22,1.8594632e-05,0.06242032,0.9231831,0.9856034,0.9856034,0.00069421757,0.02634801,0.0012915982
2016-07-25,1.5404401e-05,0.059961088,0.92675,0.9867111,0.9867111,0.0006697614,0.025879748,0.0011591917
2016-07-26,5.2832547e-05,0.077053614,0.90020555,0.97725916,0.97725916,0.00067215,0.025925856,0.0023232452
2016-07-27,3.614783e-05,0.0702788,0.91087735,0.9811562,0.9811562,0.000659925,0.025689006,0.0019182847
2016-07-28,5.5939156e-05,0.076288566,0.9008166,0.9771052,0.9771052,0.0006771112,0.026021361,0.0024433127
2016-07-29,2.2503089e-05,0.062140442,0.92347395,0.9856144,0.9856144,0.0006934914,0.026334226,0.0015642808
2016-08-01,3.495189e-05,0.0678415,0.9145497,0.98239124,0.98239124,0.0006702816,0.025889797,0.0019849145
2016-08-02,7.734294e-05,0.08056469,0.89262176,0.97318643,0.97318643,0.00074571476,0.027307779,0.0028844704
2016-08-03,3.8062393e-05,0.068984725,0.9127121,0.98169684,0.98169684,0.00075891695,0.027548447,0.0020795537
2016-08-04,1.3498797e-05,0.059133206,0.9279459,0.98707914,0.98707914,0.0008041624,0.028357757,0.0010447293
2016-08-05,3.149312e-05,0.07932948,0.8987473,0.9780768,0.9780768,0.00080076366,0.028297767,0.0014365213
2016-08-08,1.9186491e-05,0.06290447,0.9224418,0.98534626,0.98534626,0.0007520641,0.027423788,0.0013093236
2016-08-09,5.6417502e-05,0.1756158,0.7805187,0.9561345,0.9561345,0.0007641257,0.027642824,0.0012861474
2016-08-10,4.2935986e-05,0.13616379,0.8388891,0.9750529,0.9750529,0.0006592949,0.025676738,0.0017210807
2016-08-11,5.199887e-05,0.17863059,0.79393816,0.97256875,0.97256875,0.0006834048,0.026142012,0.0018956071
2016-08-12,4.8575206e-05,0.17262237,0.7546301,0.9272525,0.9272525,0.0009029971,0.03004991,0.0006677231
2016-08-15,1.2103843e-05,0.11389004,0.8665289,0.980419,0.980419,0.0008173566,0.028589448,0.0006181416
2016-08-16,1.3573499e-05,0.20169443,0.7598658,0.96156025,0.96156025,0.0008063116,0.028395627,0.000353111
2016-08-17,7.3264387e-06,0.18313365,0.7949044,0.9780381,0.9780381,0.0006913199,0.026292963,0.00033359724
2016-08-18,8.532073e-06,0.20443657,0.76847875,0.97291535,0.9729153,0.0005601831,0.023668187,0.0003150151
2016-08-19,1.05483505e-05,0.20883775,0.756971,0.96580875,0.96580875,0.0006213754,0.024927402,0.00030851024
2016-08-22,8.996682e-06,0.1251103,0.8562274,0.9813377,0.98133767,0.0004883396,0.022098407,0.00048207853
2016-08-23,1.0909638e-05,0.059221506,0.9279293,0.9871508,0.9871508,0.00054738444,0.023396248,0.00084905117
2016-08-24,1.4677443e-05,0.17796183,0.78855485,0.9665167,0.9665167,0.0005470735,0.023389602,0.0004383508
2016-08-25,9.762744e-06,0.11004419,0.8721621,0.9822063,0.9822063,0.00058838533,0.024256656,0.0005486625
2016-08-26,1.3346391e-05,0.14120941,0.83435714,0.97556657,0.97556657,0.00053790194,0.023192713,0.0005462348
2016-08-29,1.4213145e-05,0.07977134,0.90245515,0.9822265,0.9822265,0.00046773575,0.021627199,0.0007996814
2016-08-30,2.966325e-05,0.15659305,0.81892157,0.97551465,0.97551465,0.0004523839,0.021269318,0.0012114693
2016-08-31,2.2463182e-05,0.07214435,0.90990305,0.9820474,0.9820474,0.0004296885,0.020728929,0.0012512481
2016-09-01,1.8377117e-05,0.06422355,0.9207893,0.9850128,0.9850128,0.00050947856,0.022571633,0.0012261899
2016-09-02,0.00019630637,0.23061132,0.6964982,0.92710954,0.92710954,0.00056751707,0.023822617,0.0026931695
2016-09-06,2.879007e-05,0.08414544,0.89308226,0.9772277,0.9772277,0.0007853587,0.028024253,0.0012642576
2016-09-07,1.463004e-05,0.059885003,0.926862,0.986747,0.986747,0.0007362587,0.027134087,0.0011039062
2016-09-08,2.0062085e-05,0.07093684,0.91186213,0.982799,0.982799,0.0007097992,0.026642056,0.001166332
2016-09-09,2.53263e-05,0.16535032,0.78527313,0.95062345,0.95062345,0.0008128843,0.028511126,0.00051292166
2016-09-12,5.423743e-06,0.2100966,0.7781219,0.9882185,0.9882185,0.0008957123,0.029928453,0.00046036046
2016-09-13,1.8218117e-05,0.09360152,0.88422,0.9778215,0.9778215,0.00071814767,0.026798278,0.0008214325
2016-09-14,1.4923713e-05,0.07606331,0.90846795,0.9845313,0.9845313,0.0007415889,0.02723213,0.00096476736
2016-09-15,1.8436218e-05,0.062302105,0.9233514,0.9856535,0.9856535,0.00075744546,0.027521728,0.001285069
2016-09-16,2.5282268e-05,0.094402246,0.8796697,0.974072,0.974072,0.0007211496,0.026854228,0.00097509444
2016-09-19,1.3235662e-05,0.06098613,0.9253373,0.9863235,0.9863235,0.0006992617,0.026443558,0.00096776505
2016-09-20,4.0696614e-05,0.07792289,0.90033346,0.97825634,0.97825634,0.0006624965,0.025739007,0.0018716546
2016-09-21,4.695329e-05,0.07728167,0.8997495,0.9770312,0.9770312,0.0006378609,0.02525591,0.002044218
2016-09-22,3.0229106e-05,0.14135379,0.81661683,0.9579706,0.9579706,0.00076092355,0.027584843,0.0007192375
2016-09-23,3.2159245e-05,0.18020548,0.7791725,0.95937794,0.95937794,0.0007148185,0.02673609,0.0007916696
2016-09-26,1.6190841e-05,0.06925696,0.9163075,0.9855645,0.9855645,0.0008886981,0.02981104,0.0011215965
2016-09-27,2.0420215e-05,0.21169893,0.7322359,0.94393486,0.94393486,0.00090072607,0.0300121,0.00036422303
2016-09-28,1.03737975e-05,0.060046688,0.9273551,0.9874018,0.9874018,0.0008465847,0.029096128,0.0008234338
2016-09-29,3.0108013e-05,0.20906483,0.635352,0.84441686,0.84441686,0.0009557736,0.030915588,0.00019351719
2016-09-30,4.2532324e-06,0.22776867,0.7519485,0.97971714,0.97971714,0.00069225475,0.026310734,0.00020969585
2016-10-03,6.127201e-06,0.23318818,0.73539615,0.9685843,0.9685843,0.0005404737,0.02324809,0.00019503626
2016-10-04,6.694632e-06,0.2341035,0.73205125,0.96615475,0.96615475,0.0004344737,0.020844033,0.00019780124
2016-10-05,6.602985e-06,0.21865936,0.75514114,0.9738005,0.9738005,0.00032645807,0.018068152,0.00025202695
2016-10-06,1.2680904e-05,0.21739775,0.7407065,0.95810425,0.95810425,0.00036784582,0.019179307,0.0003026776
2016-10-07,1.1416762e-05,0.2049311,0.7619077,0.9668388,0.9668388,0.00031608256,0.017778711,0.0003442805
2016-10-11,1.5083725e-05,0.1116133,0.86590886,0.9775222,0.97752213,0.00028585477,0.01690724,0.0006710497
2016-10-12,1.8714281e-05,0.19997287,0.7544973,0.95447016,0.95447016,0.00030394812,0.017434107,0.0004110333
2016-10-13,1.2760981e-05,0.16250935,0.8145257,0.9770351,0.97703505,0.00027840058,0.01668534,0.0005556734
2016-10-14,2.7791984e-05,0.1291286,0.83507955,0.9642081,0.9642081,0.0002434747,0.0156036755,0.0007764887
2016-10-17,1.9726975e-05,0.08568747,0.8933799,0.9790674,0.9790674,0.00023164178,0.0152197825,0.00094240374
2016-10-18,2.1092726e-05,0.08573116,0.8927308,0.9784619,0.9784619,0.0002327382,0.0152557595,0.0009793226
2016-10-19,2.5139896e-05,0.11838468,0.85058916,0.9689738,0.9689738,0.00023276651,0.015256687,0.00081028
2016-10-20,3.015959e-05,0.16832882,0.7828337,0.9511625,0.9511625,0.0002999702,0.017319648,0.00061755005
2016-10-21,1.8317523e-05,0.07439992,0.9073938,0.98179376,0.98179376,0.00035538193,0.018851576,0.0010061124
2016-10-24,2.5459283e-05,0.14311951,0.8201855,0.963305,0.963305,0.00034561692,0.018590774,0.0006938079
2016-10-25,4.144515e-05,0.17513596,0.7898155,0.96495146,0.96495146,0.00031544827,0.017760864,0.001182507
2016-10-26,1.5640053e-05,0.06773195,0.9164331,0.9841651,0.9841651,0.0003132914,0.01770004,0.0009876933
2016-10-27,1.9453213e-05,0.06707283,0.91678417,0.983857,0.983857,0.00032003346,0.01788948,0.0012050539
2016-10-28,1.5472899e-05,0.09552472,0.8844773,0.98000205,0.98000205,0.0003205082,0.017902743,0.00077372405
2016-10-31,1.1277341e-05,0.05839414,0.9290597,0.9874538,0.9874538,0.00034094718,0.018464755,0.0008988664
2016-11-01,2.6945447e-05,0.06977222,0.9128739,0.98264617,0.98264617,0.00041573294,0.02038953,0.0015527087
2016-11-02,3.6704136e-05,0.10400595,0.8661922,0.97019815,0.97019815,0.000407748,0.020192772,0.0012316061
2016-11-03,3.756774e-05,0.12571281,0.8534006,0.9791134,0.9791134,0.00047826918,0.021869367,0.0017986528
2016-11-04,5.0792212e-05,0.080181144,0.896888,0.97706914,0.97706914,0.00047534236,0.021802347,0.0022150155
2016-11-07,6.8262336e-05,0.08854943,0.88564324,0.9741927,0.9741927,0.00049181475,0.022176897,0.0026450765
2016-11-08,3.499532e-05,0.071200915,0.90975416,0.98095506,0.98095506,0.0005331579,0.023090212,0.0018375131
2016-11-09,8.916425e-05,0.092331626,0.8759846,0.96831626,0.96831626,0.00052025967,0.022809202,0.0028141956
2016-11-10,2.4250805e-05,0.0649412,0.91940427,0.9843455,0.98434544,0.0005484397,0.02341879,0.0015491263
2016-11-14,8.517889e-05,0.13737513,0.8311157,0.96849084,0.96849084,0.0005408642,0.023256486,0.0027033053
2016-11-15,4.569352e-05,0.12512064,0.8543316,0.97945225,0.97945225,0.0006641918,0.025771918,0.0022237727
2016-11-16,5.1823077e-05,0.17777674,0.7536207,0.93139744,0.93139744,0.0010006195,0.03163257,0.00075541023
2016-11-17,1.5514624e-05,0.06419353,0.9225946,0.98678815,0.98678815,0.0008112709,0.028482817,0.0011742965
2016-11-18,2.722053e-05,0.095668755,0.8833084,0.97897714,0.97897714,0.0007647911,0.027654856,0.0012948065
2016-11-21,1.43046855e-05,0.07582008,0.9083996,0.9842197,0.9842197,0.0007058629,0.02656808,0.0009064884
2016-11-22,1.1348891e-05,0.2247686,0.72565764,0.9504262,0.9504262,0.0007673204,0.027700549,0.00022892932
2016-11-23,1.0100303e-05,0.0733746,0.91275764,0.9861322,0.98613226,0.00059569685,0.024406902,0.00072832796
2016-11-25,1.0475632e-05,0.094409056,0.8903401,0.98474914,0.98474914,0.0005540384,0.02353802,0.0006868879
2016-11-28,9.543394e-06,0.15549235,0.8315125,0.9870049,0.9870049,0.00065984344,0.025687419,0.0007343827
2016-11-29,1.7040536e-05,0.19111922,0.7676563,0.9587756,0.9587755,0.0006311963,0.02512362,0.00041336025
2016-11-30,1.2415755e-05,0.06384401,0.92350256,0.9873466,0.9873466,0.00081237766,0.028502239,0.0009812181
2016-12-01,4.797104e-05,0.17797552,0.53673655,0.7147121,0.7147121,0.0012656443,0.035575897,0.00016814956
2016-12-02,5.8562923e-06,0.23773386,0.7181498,0.9558836,0.9558836,0.0009095744,0.030159151,0.00013274644
2016-12-05,3.5904532e-06,0.24182162,0.7318543,0.9736759,0.97367597,0.00069234415,0.026312433,0.00013639418
2016-12-06,5.3049966e-06,0.23497286,0.73562646,0.9705993,0.9705993,0.0005111475,0.02260857,0.00018043772
2016-12-07,5.5061364e-06,0.2349283,0.73956966,0.974498,0.974498,0.0004490916,0.021191781,0.00021590976
2016-12-08,1.0166763e-05,0.202113,0.77592254,0.97803557,0.97803557,0.00046493998,0.021562466,0.00046287396
2016-12-09,9.741389e-06,0.20655309,0.7644086,0.9709617,0.9709617,0.00046033468,0.02145541,0.0003354668
2016-12-12,8.41855e-06,0.21464363,0.75694597,0.9715896,0.97158957,0.0003947312,0.019867843,0.00029631957
2016-12-13,1.4337399e-05,0.22788824,0.71235776,0.940246,0.940246,0.00044415717,0.021075036,0.00023994035
2016-12-14,9.134274e-06,0.20650674,0.7653894,0.9718961,0.9718961,0.00033227316,0.018228361,0.00032501813
2016-12-15,8.788728e-06,0.113006555,0.87197065,0.9849772,0.9849772,0.00055452005,0.02354825,0.0005850254
2016-12-16,1.3889464e-05,0.15855473,0.8189117,0.9774664,0.9774664,0.0004933208,0.022210827,0.00061638915
2016-12-19,9.023147e-06,0.2080531,0.7639601,0.97201324,0.97201324,0.0004764326,0.021827336,0.00032240764
2016-12-20,1.1779009e-05,0.10948467,0.87160355,0.9810882,0.9810882,0.00037631363,0.019398805,0.0006228398
2016-12-21,1.9339534e-05,0.13265316,0.8384355,0.97108865,0.97108865,0.00034015818,0.018443378,0.00066892523
2016-12-22,1.1920735e-05,0.06242911,0.9234911,0.98592025,0.98592025,0.00030750484,0.017535817,0.0008466582
2016-12-23,1.7177566e-05,0.17952022,0.7902752,0.96979547,0.96979547,0.0003003956,0.017331924,0.0005687082
2016-12-27,1.41343535e-05,0.08859347,0.8926252,0.9812187,0.9812187,0.00025478326,0.015961932,0.0007525757
2016-12-28,2.1444292e-05,0.17394334,0.7856755,0.95961887,0.95961887,0.00026487702,0.016275043,0.0005310473
2016-12-29,1.6351942e-05,0.0953347,0.8833742,0.9787089,0.9787089,0.0002308441,0.015193555,0.00076801854
2016-12-30,2.876139e-05,0.10441498,0.8676371,0.9720521,0.9720521,0.00022328165,0.014942612,0.0010291073
2017-01-03,3.0337611e-05,0.09052935,0.8849622,0.9754916,0.9754915,0.00022263141,0.014920838,0.0012378446
2017-01-04,0.00012999678,0.124652006,0.8300379,0.9546899,0.9546899,0.00029071065,0.017050238,0.0028690477
2017-01-05,1.6416447e-05,0.11374526,0.862804,0.97654927,0.97654927,0.00040893955,0.020222254,0.00070003985
2017-01-06,1.21737385e-05,0.07786629,0.9066796,0.9845459,0.9845459,0.00037868254,0.019459767,0.0007877345
2017-01-09,1.1705001e-05,0.10021548,0.88276106,0.98297656,0.98297656,0.00035678266,0.018888691,0.00068758125
2017-01-10,1.7564715e-05,0.2132692,0.76944375,0.982713,0.982713,0.00047568936,0.021810304,0.001016064
2017-01-11,1.4130808e-05,0.06144099,0.92473745,0.98617846,0.98617846,0.0004908054,0.022154128,0.0010223757
2017-01-12,8.960887e-06,0.18608318,0.7896303,0.9757135,0.9757135,0.0005145012,0.022682618,0.00036896562
2017-01-13,8.376275e-06,0.08786249,0.89756995,0.98543245,0.98543245,0.00045276116,0.021278186,0.0005749953
2017-01-17,8.569277e-06,0.07865916,0.9090877,0.9877469,0.9877469,0.00042823795,0.020693911,0.00069935556
2017-01-18,1.3863806e-05,0.11545449,0.86727124,0.98272574,0.98272574,0.00039814727,0.019953627,0.00080257014
2017-01-19,1.9820858e-05,0.20470206,0.7772313,0.98193336,0.98193336,0.00044506957,0.021096673,0.0010970968
2017-01-20,2.0243902e-05,0.11214131,0.8682653,0.9804066,0.9804066,0.00037176296,0.019281156,0.0010331991
2017-01-23,1.4846119e-05,0.1498873,0.8261895,0.9760768,0.97607684,0.00038786954,0.019694405,0.00062057364
2017-01-24,1.0114809e-05,0.083970256,0.9028364,0.98680663,0.98680663,0.00034076322,0.018459773,0.0007666585
2017-01-25,1.0267519e-05,0.11356037,0.8690641,0.9826245,0.9826245,0.0003229828,0.017971722,0.0005909184
2017-01-26,1.5604675e-05,0.18644728,0.7962431,0.98269033,0.98269033,0.000298891,0.017288465,0.0009015007
2017-01-27,1.1767501e-05,0.15371022,0.8238764,0.9775866,0.9775866,0.00032160964,0.017933479,0.0005250214
2017-01-30,1.7867258e-05,0.10284709,0.88091457,0.98376167,0.98376167,0.0002975802,0.017250514,0.0011003136
2017-01-31,4.7809845e-05,0.14917666,0.8248542,0.97403085,0.97403085,0.00029123304,0.017065551,0.0018410247
2017-02-01,2.3129147e-05,0.07193687,0.9100092,0.98194605,0.98194605,0.0002895394,0.017015858,0.0012811129
2017-02-02,1.0507396e-05,0.17484473,0.79881626,0.973661,0.973661,0.00031487332,0.01774467,0.00039892926
2017-02-03,1.4109788e-05,0.16077352,0.82333285,0.98410636,0.98410636,0.00026957717,0.016418805,0.0008877633
2017-02-06,2.4094632e-05,0.090925746,0.8884496,0.97937536,0.97937536,0.00024034831,0.015503171,0.0011682451
2017-02-07,1.6631944e-05,0.16681814,0.8161859,0.98300403,0.98300403,0.00025972753,0.016116064,0.0009785818
2017-02-08,2.0534399e-05,0.07245114,0.91094524,0.98339635,0.98339635,0.00027245822,0.016506309,0.0012367402
2017-02-09,1.1346672e-05,0.060034707,0.9267829,0.9868176,0.9868176,0.00026938756,0.01641303,0.0008607439
2017-02-10,1.242776e-05,0.061338782,0.9250997,0.98643845,0.98643845,0.00027008244,0.016434185,0.00091639697
2017-02-13,1.4896056e-05,0.10891046,0.8728194,0.98172987,0.98172987,0.00027770607,0.016664516,0.00081532274
2017-02-14,1.2733269e-05,0.20328979,0.7810178,0.9843076,0.9843076,0.0002912346,0.017065598,0.00081142836
2017-02-15,2.0483732e-05,0.10011837,0.8808986,0.981017,0.981017,0.00024497433,0.015651656,0.0010790563
2017-02-16,1.4218215e-05,0.06781164,0.91795826,0.9857699,0.98576987,0.00023665474,0.015383587,0.0009991667
2017-02-17,2.3798124e-05,0.15798347,0.82303375,0.98101723,0.98101723,0.000232805,0.015257949,0.0012536698
2017-02-21,2.5443165e-05,0.077048704,0.90505236,0.9821011,0.9821011,0.00021544578,0.014678071,0.0014214918
2017-02-22,4.1279964e-05,0.20435365,0.7661979,0.97055155,0.97055155,0.00023161227,0.015218813,0.0014017704
2017-02-23,1.3637641e-05,0.063024886,0.92323685,0.9862617,0.9862617,0.00023518446,0.015335725,0.000992675
2017-02-24,1.0352426e-05,0.08511947,0.9007161,0.9858356,0.9858356,0.00024626826,0.015692936,0.00073087704
2017-02-27,1.156142e-05,0.11951266,0.86702186,0.98653454,0.98653454,0.00023864588,0.015448168,0.000858598
2017-02-28,1.201395e-05,0.059970815,0.926844,0.9868148,0.9868148,0.00021856358,0.0147838965,0.00091116916
2017-03-01,2.018309e-05,0.06741231,0.91658956,0.9840019,0.9840019,0.00021464573,0.014650793,0.001261591
2017-03-02,9.677575e-06,0.059141617,0.92819786,0.9873395,0.9873395,0.0002177874,0.014757622,0.000764391
2017-03-03,1.1126468e-05,0.14323965,0.84323,0.9864697,0.9864696,0.00024355826,0.015606353,0.0008223363
2017-03-06,1.7681235e-05,0.07139176,0.91297865,0.9843704,0.9843704,0.00024204818,0.015557897,0.0011312668
2017-03-07,1.09977955e-05,0.059043437,0.9281639,0.9872073,0.9872073,0.0002391784,0.015465394,0.00085969263
2017-03-08,1.8000794e-05,0.065324984,0.9194043,0.9847293,0.9847293,0.00023310483,0.015267771,0.001178779
2017-03-09,3.4317484e-06,0.15893593,0.83208597,0.9910219,0.9910219,0.00043397688,0.020832112,0.00038223428
2017-03-10,1.08729955e-05,0.19739607,0.7891381,0.9865342,0.9865341,0.00043021006,0.020741506,0.0008074513
2017-03-13,1.4374372e-05,0.20311444,0.78197294,0.9850874,0.9850874,0.00040345272,0.020086132,0.0009639075
2017-03-14,2.7167192e-05,0.16586818,0.8159321,0.98180026,0.98180026,0.0003307558,0.018186694,0.001492724
2017-03-15,3.283352e-05,0.11008508,0.87166184,0.9817469,0.9817469,0.00033137604,0.018203737,0.0017987926
2017-03-16,1.8300865e-05,0.13906853,0.84519696,0.9842655,0.9842655,0.00038180623,0.019539863,0.0011631048
2017-03-17,1.9764448e-05,0.1316453,0.8527497,0.984395,0.984395,0.00034186605,0.01848962,0.0012665481
2017-03-20,2.3326776e-05,0.085789375,0.8977181,0.98350745,0.98350745,0.00031130933,0.01764396,0.0014143831
2017-03-21,1.25192555e-05,0.05905919,0.9281027,0.9871619,0.9871619,0.00031470918,0.017740045,0.00097516226
2017-03-22,1.5929962e-05,0.06130331,0.9251577,0.98646104,0.98646104,0.0003251582,0.018032143,0.0011766019
2017-03-23,3.1841675e-05,0.14680755,0.8331921,0.97999966,0.97999966,0.00032953545,0.01815311,0.0015920568
2017-03-24,2.5507992e-05,0.118166365,0.8639769,0.9821433,0.9821433,0.0003143192,0.01772905,0.0014284817
2017-03-27,1.9996496e-05,0.06507546,0.919376,0.9844515,0.9844515,0.00030052615,0.01733569,0.0012860701
2017-03-28,2.1371587e-05,0.06597664,0.9180333,0.9840099,0.9840099,0.0002980894,0.017265266,0.0013365529
2017-03-29,1.41545115e-05,0.061668295,0.9243751,0.9860434,0.9860434,0.00030631773,0.017501935,0.00101418
2017-03-30,1.2793759e-05,0.06480764,0.9207226,0.98553026,0.98553026,0.00033009035,0.018168388,0.0008841732
2017-03-31,1.0237605e-05,0.09985607,0.8860557,0.9859118,0.9859118,0.00033454306,0.018290518,0.00072667876
2017-04-03,1.1001602e-05,0.081659615,0.9038184,0.98547804,0.98547804,0.00030888105,0.017575013,0.000757584
2017-04-04,1.3221407e-05,0.092234954,0.8936266,0.98586154,0.98586154,0.00029461939,0.01716448,0.00093513774
2017-04-05,1.5168109e-05,0.115457766,0.8616695,0.97712725,0.97712725,0.00029827305,0.017270584,0.0006631521
2017-04-06,1.7802318e-05,0.10744083,0.87473303,0.98217386,0.98217386,0.0002726952,0.016513485,0.0009986637
2017-04-07,1.2493281e-05,0.063644655,0.92199284,0.9856375,0.9856375,0.0002680864,0.016373344,0.00086985336
2017-04-10,1.5850663e-05,0.12331609,0.8557116,0.9790277,0.9790277,0.00026622706,0.016316466,0.00075579
2017-04-11,1.1735107e-05,0.1317982,0.8485913,0.98038954,0.98038954,0.00027411265,0.016556349,0.0005984105
2017-04-12,1.9480547e-05,0.08581882,0.89497334,0.98079216,0.98079216,0.00024873615,0.01577137,0.001014198
2017-04-13,1.6481143e-05,0.07250693,0.91127354,0.98378044,0.98378044,0.00024486516,0.015648168,0.0010161279
2017-04-17,1.4098006e-05,0.06285038,0.9228053,0.98565567,0.98565567,0.00023970468,0.015482399,0.0009828275
2017-04-18,2.0627733e-05,0.07154325,0.91184187,0.9833851,0.9833851,0.0002419076,0.015553379,0.0012415191
2017-04-19,1.3079023e-05,0.061344165,0.9248999,0.986244,0.986244,0.00024286244,0.015584044,0.0009507884
2017-04-20,1.2705572e-05,0.091239564,0.8950973,0.9863369,0.9863369,0.00032887168,0.01813482,0.0009299178
2017-04-21,1.8282866e-05,0.07828011,0.9036592,0.9819393,0.9819393,0.00030826955,0.017557606,0.001012302
2017-04-24,1.773692e-05,0.15675971,0.8266902,0.9834499,0.98344994,0.0003106023,0.017623913,0.0010717092
2017-04-25,2.900104e-05,0.14912207,0.83092123,0.9800433,0.9800433,0.00028486762,0.016878022,0.0014531976
2017-04-26,2.4310193e-05,0.06986421,0.91267824,0.98254246,0.98254246,0.00027189334,0.01648919,0.0013925321
2017-04-27,3.568419e-05,0.10772049,0.8713397,0.9790602,0.9790602,0.00027252728,0.0165084,0.0017041301
2017-04-28,3.1524705e-05,0.16454972,0.8146293,0.979179,0.979179,0.00029256055,0.017104402,0.0015140839
2017-05-01,4.6383335e-05,0.101758875,0.87461066,0.97636956,0.97636956,0.00027811612,0.016676813,0.0019628638
2017-05-02,4.74887e-05,0.16656718,0.80853534,0.97510254,0.97510254,0.00030025738,0.017327936,0.0019073715
2017-05-03,3.9734266e-05,0.087051705,0.89190644,0.97895813,0.97895813,0.00039184073,0.019794967,0.0018883429
2017-05-04,2.4594374e-05,0.06694737,0.9164525,0.9833999,0.98339987,0.00039006324,0.01975002,0.0014815823
2017-05-05,1.2524782e-05,0.2308518,0.75395274,0.9848045,0.9848045,0.0005463081,0.023373235,0.0008242434
2017-05-08,2.603699e-05,0.06649184,0.9170913,0.98358315,0.98358315,0.0004765135,0.02182919,0.001585992
2017-05-09,5.3959448e-05,0.09747587,0.8778133,0.97528917,0.97528917,0.00046426992,0.021546924,0.0021836353
2017-05-10,3.0400137e-05,0.10399214,0.8777399,0.9817321,0.9817321,0.0004759026,0.021815192,0.0016641261
2017-05-11,1.7311946e-05,0.07021695,0.91304857,0.9832655,0.9832655,0.0005472627,0.023393648,0.0010345075
2017-05-12,1.2592438e-05,0.059427816,0.92757577,0.98700356,0.98700356,0.0005243961,0.022899697,0.00096891477
2017-05-15,1.6694134e-05,0.063228376,0.9221685,0.98539686,0.98539686,0.00049900956,0.022338523,0.0011431881
2017-05-16,2.0795022e-05,0.13470814,0.8430679,0.97777605,0.97777605,0.0005038375,0.022446325,0.0009357032
2017-05-17,2.5007217e-05,0.102823935,0.8773935,0.9802174,0.9802174,0.0004478678,0.021162886,0.0012641015
2017-05-18,2.6457796e-05,0.12223348,0.85619426,0.97842777,0.97842777,0.00042479712,0.020610606,0.0012264746
2017-05-19,2.0745862e-05,0.07024063,0.91253537,0.982776,0.982776,0.00039379948,0.019844381,0.0012044731
2017-05-22,1.03637985e-05,0.15424077,0.8228223,0.97706306,0.97706306,0.00040660676,0.020164493,0.00045183874
2017-05-23,2.1010097e-05,0.086286336,0.89233613,0.97862244,0.97862244,0.00035402126,0.018815452,0.0009828106
2017-05-24,2.6486625e-05,0.11873904,0.85710704,0.97584605,0.97584605,0.00035442147,0.018826084,0.0010965754
2017-05-25,2.3064393e-05,0.07989019,0.90125173,0.9811419,0.9811419,0.00033093506,0.01819162,0.0012230512
2017-05-26,5.683369e-06,0.19950172,0.7886461,0.9881478,0.98814785,0.00051565387,0.022708014,0.00047952
2017-05-30,1.40673565e-05,0.082955435,0.89884114,0.98179656,0.98179656,0.0004769853,0.021839993,0.00077278574
2017-05-31,1.66039e-05,0.077346094,0.90751314,0.9848592,0.9848592,0.0004435748,0.021061216,0.001096635
2017-06-01,8.87795e-06,0.18408616,0.80274254,0.9868287,0.9868287,0.0004780409,0.021864146,0.0006740367
2017-06-02,1.6353482e-05,0.1462882,0.8377257,0.9840139,0.9840139,0.00039268562,0.019816296,0.0010229823
2017-06-05,1.5066299e-05,0.17662384,0.8076902,0.984314,0.984314,0.0003774408,0.019427836,0.00096049486
2017-06-06,2.446799e-05,0.21319838,0.76689464,0.980093,0.980093,0.00032567707,0.018046524,0.0012291151
2017-06-07,1.2407318e-05,0.05892574,0.9282748,0.98720056,0.98720056,0.00033081011,0.018188186,0.00096936396
2017-06-08,6.6686434e-06,0.24206659,0.74460006,0.9866667,0.9866667,0.00048410098,0.022002295,0.00050014874
2017-06-09,4.1547864e-05,0.106111266,0.8727635,0.9788748,0.9788748,0.00036808848,0.019185632,0.0019667444
2017-06-12,2.111705e-05,0.06443177,0.9203245,0.9847563,0.9847563,0.00036442943,0.019090034,0.001385296
2017-06-13,2.3697958e-05,0.13586879,0.84682167,0.98269045,0.98269045,0.00035825386,0.018927595,0.0013690686
2017-06-14,2.8475539e-05,0.071202494,0.9105496,0.9817521,0.9817521,0.00033571516,0.018322531,0.0015604829
2017-06-15,1.0799356e-05,0.24086289,0.74325085,0.98411375,0.98411375,0.00043798375,0.02092806,0.0006797927
2017-06-16,2.1735224e-05,0.063254535,0.92189807,0.9851526,0.9851526,0.00034586905,0.018597554,0.001463908
2017-06-19,2.2167918e-05,0.064854845,0.91958064,0.9844355,0.9844355,0.00034289877,0.018517526,0.0014242614
2017-06-20,3.061564e-05,0.07096597,0.9117584,0.98272437,0.98272437,0.0003474332,0.01863956,0.0017721865
2017-06-21,2.188797e-05,0.06247614,0.92297995,0.9854561,0.9854561,0.0003830889,0.019572657,0.0015049598
2017-06-22,5.3233165e-05,0.08536433,0.892591,0.97795534,0.97795534,0.0003926111,0.019814417,0.0024147874
2017-06-23,2.8274693e-05,0.0664387,0.9170025,0.9834412,0.9834412,0.0004055499,0.02013827,0.0017075301
2017-06-26,2.3536499e-05,0.06370977,0.9211636,0.9848734,0.9848734,0.00040260408,0.020064997,0.001555969
2017-06-27,1.6225022e-05,0.06022425,0.9263453,0.9865695,0.9865695,0.00039881901,0.019970454,0.001208075
2017-06-28,2.2173454e-05,0.066166624,0.9176361,0.98380274,0.98380274,0.0004083179,0.020206878,0.0013689629
2017-06-29,1.3469198e-05,0.059583604,0.9273232,0.9869068,0.9869068,0.00040486734,0.020121315,0.0010287191
2017-06-30,3.053528e-05,0.072720066,0.90822834,0.9809484,0.9809484,0.00038986516,0.019745003,0.0016027663
2017-07-03,1.820113e-05,0.07846195,0.90277356,0.9812355,0.9812355,0.0004270923,0.020666212,0.000969977
2017-07-05,1.4799555e-05,0.15475315,0.82147855,0.9762317,0.9762317,0.00044135525,0.021008456,0.0006226592
2017-07-06,4.576221e-06,0.18619348,0.8030724,0.98926586,0.98926586,0.00065461337,0.025585413,0.0004263239
2017-07-07,1.0516884e-05,0.058594473,0.92880857,0.98740304,0.98740304,0.0005433108,0.023309028,0.0008348744
2017-07-10,6.0066454e-06,0.17936382,0.8093562,0.98872006,0.98872006,0.0005643816,0.023756716,0.00053250685
2017-07-11,1.2400852e-05,0.05910445,0.9280265,0.98713094,0.98713094,0.00046511434,0.02156651,0.0009636175
2017-07-12,1.1522591e-05,0.058875628,0.9283884,0.98726404,0.98726404,0.00045574532,0.021348193,0.0009047287
2017-07-13,2.1890288e-05,0.077398755,0.90590745,0.9833062,0.9833062,0.00044017466,0.02098034,0.0013112848
2017-07-14,2.0495527e-05,0.0813046,0.9000838,0.9813884,0.9813884,0.0004330299,0.020809371,0.0011012227
2017-07-17,1.3805598e-05,0.07138369,0.91255,0.9839337,0.9839337,0.0004179006,0.020442616,0.00085928856
2017-07-18,1.1506528e-05,0.05906939,0.9281181,0.9871875,0.9871875,0.00040455916,0.020113656,0.0008980708
2017-07-19,1.4373048e-05,0.0677456,0.916658,0.9844036,0.9844036,0.00039075164,0.019767439,0.0009215625
2017-07-20,1.5442747e-05,0.15675414,0.8137635,0.97051764,0.97051764,0.0003881279,0.019700961,0.0005237961
2017-07-21,1.9170804e-05,0.07650933,0.905262,0.98177135,0.98177135,0.00033956338,0.018427245,0.0010516853
2017-07-24,2.4411227e-05,0.14560562,0.83504725,0.98065287,0.98065287,0.00036453997,0.01909293,0.0012617492
2017-07-25,2.6630594e-05,0.09518379,0.8838742,0.97905797,0.97905797,0.00035027304,0.018715583,0.0012716337
2017-07-26,1.3213409e-05,0.19577432,0.7677552,0.9635295,0.9635295,0.00043777638,0.020923106,0.0003623043
2017-07-27,6.4307446e-06,0.17739551,0.80400383,0.98139936,0.98139936,0.00040968796,0.02024075,0.00034572702
2017-07-28,9.095558e-06,0.11394128,0.8690548,0.9829961,0.9829961,0.00034157062,0.018481629,0.0005349103
2017-07-31,7.76746e-06,0.20661148,0.7675332,0.9741447,0.9741447,0.00032618994,0.018060729,0.0003004204
2017-08-01,7.944148e-06,0.15220383,0.82926166,0.98146546,0.98146546,0.0002747638,0.016576,0.00042861313
2017-08-02,1.4609598e-05,0.079032496,0.9046796,0.9837121,0.9837121,0.00030022877,0.017327111,0.0008969589
2017-08-03,1.21621715e-05,0.14579414,0.8342259,0.98002005,0.98002005,0.0002918912,0.017084824,0.0006087187
2017-08-04,1.1905878e-05,0.061979245,0.92447394,0.9864532,0.9864532,0.0002752669,0.016591169,0.0008788685
2017-08-07,1.0666927e-05,0.10749329,0.8745173,0.9820106,0.9820106,0.0002737697,0.016545987,0.0005929563
2017-08-08,1.2736553e-05,0.061729737,0.9244351,0.9861648,0.9861648,0.00025187075,0.015870437,0.000920591
2017-08-09,1.3129346e-05,0.061603293,0.92451113,0.98611444,0.98611444,0.0002469398,0.015714318,0.00094553974
2017-08-10,1.755489e-05,0.07525159,0.9067365,0.9819881,0.9819881,0.00024504462,0.0156539,0.0009746259
2017-08-11,1.1661195e-05,0.059340212,0.92772955,0.9870698,0.9870698,0.0002698602,0.016427422,0.0009018562
2017-08-14,1.5442507e-05,0.06450315,0.92057854,0.9850817,0.9850817,0.00026321164,0.016223798,0.0010351366
2017-08-15,2.7114982e-05,0.09288638,0.888449,0.9813354,0.9813354,0.00030053785,0.017336028,0.0014527492
2017-08-16,1.6498432e-05,0.06390704,0.9211479,0.9850549,0.9850549,0.0002942357,0.0171533,0.0011039366
2017-08-17,2.3994975e-05,0.06918279,0.913806,0.98298883,0.98298883,0.00030506754,0.017466184,0.0014105426
2017-08-18,1.2696056e-05,0.061023355,0.92538804,0.9864114,0.9864114,0.00030557183,0.017480614,0.0009343162
2017-08-21,2.0437003e-05,0.12208952,0.8489494,0.9710389,0.9710389,0.00034846985,0.018667348,0.0007056703
2017-08-22,1.129203e-05,0.059171267,0.9280942,0.98726547,0.98726547,0.00038670568,0.019664833,0.00088672515
2017-08-23,2.8032142e-05,0.1379392,0.8303344,0.96827364,0.96827364,0.0003719459,0.019285899,0.00088356
2017-08-24,1.1034989e-05,0.15205319,0.8253825,0.97743565,0.97743565,0.00037128685,0.019268805,0.0004890453
2017-08-25,1.1026744e-05,0.06279557,0.92345357,0.98624915,0.98624915,0.00038257707,0.019559577,0.00080189534
2017-08-28,1.520842e-05,0.075114526,0.90875196,0.9838665,0.9838665,0.0003694006,0.019219797,0.0009426617
2017-08-29,1.2774782e-05,0.068698026,0.91587067,0.9845687,0.9845687,0.00040883105,0.020219572,0.0008278495
2017-08-30,1.3299977e-05,0.121488735,0.8566997,0.97818846,0.97818846,0.0003878434,0.01969374,0.00060976774
2017-08-31,1.3110456e-05,0.07190274,0.911783,0.98368573,0.98368573,0.00035928783,0.01895489,0.00080361904
2017-09-01,1.7999431e-05,0.21325716,0.7232983,0.9365555,0.9365555,0.0003931962,0.019829176,0.0002837036
2017-09-05,0.000112615795,0.22736,0.68213344,0.90949345,0.90949345,0.00030262442,0.017396104,0.0012442833
2017-09-06,3.346399e-05,0.22618139,0.7237606,0.949942,0.949942,0.0005013966,0.022391887,0.0006685043
2017-09-07,1.1748107e-05,0.17752782,0.7980926,0.97562045,0.9756204,0.0004189041,0.020467147,0.00048188365
2017-09-08,1.1303047e-05,0.20172773,0.7719869,0.97371465,0.97371465,0.00034656344,0.018616214,0.0004300132
2017-09-11,1.20985005e-05,0.07480773,0.9109918,0.98579955,0.98579955,0.00050638523,0.022503005,0.0008519801
2017-09-12,1.1010229e-05,0.06369606,0.9225185,0.9862146,0.9862145,0.00048438468,0.022008741,0.0007986864
2017-09-13,1.3894035e-05,0.084484845,0.8976456,0.98213047,0.9821304,0.00045847017,0.021411916,0.0007775265
2017-09-14,1.510248e-05,0.18293245,0.7846115,0.96754396,0.96754396,0.0004652377,0.02156937,0.00046532106
2017-09-15,1.1940567e-05,0.18459632,0.7896022,0.9741985,0.9741985,0.00040499662,0.020124529,0.00046278612
2017-09-18,1.28947995e-05,0.16322306,0.8102503,0.97347337,0.9734733,0.00033173728,0.018213656,0.00048610772
2017-09-19,1.3946292e-05,0.0821689,0.9000428,0.98221165,0.98221165,0.00028168934,0.016783603,0.00078401266
2017-09-20,2.0890207e-05,0.09492388,0.88192666,0.9768505,0.9768505,0.00027397432,0.016552169,0.00090240466
2017-09-21,3.2005482e-05,0.20253365,0.7383146,0.9408483,0.9408483,0.00029459278,0.017163705,0.0005410745
2017-09-22,3.5194687e-05,0.13695884,0.8344043,0.9713631,0.9713631,0.0002508093,0.01583696,0.001228999
2017-09-25,1.3748594e-05,0.07977406,0.9025918,0.9823659,0.9823659,0.0002449841,0.01565197,0.0007796598
2017-09-26,9.612476e-06,0.2181753,0.7456947,0.96387,0.96387,0.0003071007,0.017524289,0.0002660524
2017-09-27,1.2296362e-05,0.09333086,0.88995385,0.9832847,0.9832847,0.0002486168,0.015767587,0.00073563564
2017-09-28,1.8513623e-05,0.12074773,0.8571886,0.9779363,0.9779363,0.00023566918,0.015351521,0.0008390998
2017-09-29,1.5845779e-05,0.07050754,0.9132936,0.9838011,0.9838011,0.00023628627,0.015371606,0.0009782026
2017-10-02,1.8607192e-05,0.09000625,0.8923619,0.9823681,0.9823681,0.00023189715,0.01522817,0.0010553148
2017-10-03,3.3208882e-05,0.12525615,0.8532976,0.9785538,0.9785538,0.00026737846,0.016351711,0.001548472
2017-10-04,1.35210075e-05,0.0624338,0.92343026,0.98586404,0.98586404,0.00026281588,0.016211597,0.0009564975
2017-10-05,1.6016409e-05,0.06678888,0.9174434,0.9842323,0.9842323,0.0002612739,0.01616397,0.0010157737
2017-10-06,1.197426e-05,0.081611395,0.90190816,0.98351955,0.98351955,0.00027247463,0.016506806,0.0007265738
2017-10-09,1.2662783e-05,0.15369377,0.831707,0.9854008,0.9854008,0.0003322356,0.018227331,0.0008673612
2017-10-10,1.9593137e-05,0.07185254,0.9118793,0.98373187,0.98373187,0.00029385375,0.017142164,0.0012043875
2017-10-11,9.090011e-06,0.13234979,0.8478176,0.9801674,0.9801674,0.00033774425,0.01837782,0.00045833658
2017-10-12,6.559584e-06,0.14086124,0.8436229,0.98448414,0.9844842,0.00030229037,0.0173865,0.0004227663
2017-10-13,1.11622585e-05,0.05872024,0.92860585,0.9873261,0.9873261,0.00028909853,0.017002897,0.00088072696
2017-10-16,9.568252e-06,0.18716043,0.78679216,0.9739526,0.9739526,0.0002954541,0.017188778,0.00036733988
2017-10-17,9.000499e-06,0.1853105,0.79480463,0.9801151,0.9801151,0.0002536858,0.015927518,0.00045263016
2017-10-18,1.1396857e-05,0.08359123,0.9004841,0.9840753,0.9840753,0.00021063154,0.014513151,0.00071567204
2017-10-19,1.5035004e-05,0.072618134,0.9114834,0.98410153,0.98410153,0.00020174192,0.0142035885,0.000945689
2017-10-20,8.101683e-06,0.061940305,0.9261168,0.98805714,0.98805714,0.00021472931,0.014653645,0.00067837024
2017-10-23,1.5917769e-05,0.12115106,0.854697,0.975848,0.9758481,0.00020762645,0.014409249,0.00065906683
2017-10-24,1.1557758e-05,0.0599455,0.9268868,0.9868323,0.9868323,0.0002012878,0.014187593,0.0008777369
2017-10-25,1.7627219e-05,0.1632006,0.8052495,0.9684501,0.9684501,0.00020497211,0.014316847,0.00055870967
2017-10-26,1.32821315e-05,0.062242854,0.9237318,0.98597467,0.98597467,0.00018813423,0.013716203,0.00094701024
2017-10-27,1.5337682e-05,0.12615529,0.8512398,0.9773951,0.97739506,0.00019160585,0.013842177,0.0006785119
2017-10-30,7.747725e-06,0.19196743,0.7880747,0.9800421,0.9800421,0.00024761222,0.015735699,0.00038820342
2017-10-31,1.46884795e-05,0.074571155,0.908232,0.9828031,0.9828031,0.000206583,0.014372996,0.0008541356
2017-11-01,1.2081791e-05,0.12298856,0.85777813,0.9807667,0.9807667,0.00020350704,0.014265589,0.0006281709
2017-11-02,1.6108324e-05,0.08071474,0.9031801,0.9838949,0.9838949,0.00018700551,0.013674996,0.0010001992
2017-11-03,1.1211615e-05,0.075926505,0.9085949,0.9845214,0.9845214,0.00018641283,0.013653308,0.0007243295
2017-11-06,1.3210627e-05,0.18043616,0.78857946,0.9690156,0.9690156,0.00021014066,0.014496229,0.00042636378
2017-11-07,1.810178e-05,0.21744575,0.72288096,0.9403267,0.9403267,0.00034166477,0.018484175,0.00030334803
2017-11-08,1.526822e-05,0.1252817,0.8533467,0.9786284,0.9786284,0.00026685983,0.016335845,0.00071441627
2017-11-09,1.602545e-05,0.17327215,0.7959185,0.96919066,0.96919066,0.0002492717,0.015788341,0.000520149
2017-11-10,1.5109243e-05,0.21363385,0.74602056,0.9596544,0.9596544,0.00022082774,0.014860274,0.00037449534
2017-11-13,1.5759404e-05,0.11136692,0.86723477,0.9786017,0.9786017,0.00019280893,0.013885566,0.00073647907
2017-11-14,3.457161e-05,0.11385931,0.8565774,0.9704367,0.9704367,0.00018297147,0.013526695,0.0011694094
2017-11-15,2.2975744e-05,0.07185133,0.91011053,0.98196185,0.98196185,0.00023279396,0.015257587,0.0012737304
2017-11-16,2.6223253e-05,0.1043932,0.87223697,0.97663015,0.97663015,0.00023826791,0.015435929,0.0011220977
2017-11-17,2.4792116e-05,0.078367114,0.9025091,0.9808762,0.9808762,0.00023546163,0.015344759,0.0012964016
2017-11-20,7.0548767e-06,0.22096074,0.7495736,0.9705343,0.9705343,0.0002863231,0.016921084,0.00023942695
2017-11-21,1.4180378e-05,0.07797779,0.905475,0.9834528,0.9834528,0.00023728795,0.015404154,0.0008569652
2017-11-22,9.062008e-06,0.12153329,0.86073756,0.98227084,0.98227084,0.00024195189,0.0155548025,0.0005111357
2017-11-24,6.375133e-06,0.17990944,0.80347383,0.98338324,0.9833833,0.0002683195,0.016380461,0.00038365676
2017-11-27,4.908403e-06,0.22082958,0.7607622,0.9815918,0.9815918,0.00026610336,0.016312676,0.00026664248
2017-11-28,1.02350905e-05,0.075200945,0.91002476,0.98522574,0.9852257,0.00025435805,0.015948607,0.0006927649
2017-11-29,9.523091e-06,0.12133102,0.86096525,0.9822963,0.9822963,0.0002421069,0.015559784,0.0005379149
2017-11-30,1.5152381e-05,0.07756502,0.9064301,0.98399514,0.98399514,0.00023605203,0.015363985,0.0009467362
2017-12-01,2.3157925e-05,0.09921187,0.8821954,0.9814073,0.9814073,0.00022929284,0.015142418,0.0012455375
2017-12-04,1.1918514e-05,0.20787308,0.75659835,0.96447146,0.96447146,0.00025195463,0.015873078,0.0003354631
2017-12-05,1.2593467e-05,0.19606532,0.78854096,0.98460627,0.98460627,0.00025317312,0.015911415,0.00081809046
2017-12-06,9.2021155e-06,0.15090013,0.8290526,0.97995275,0.97995275,0.00021333061,0.014605842,0.0004590214
2017-12-07,6.389319e-06,0.20411143,0.78350616,0.9876176,0.9876176,0.00031712558,0.01780802,0.00051600055
2017-12-08,1.129304e-05,0.18420623,0.79200053,0.9762068,0.9762068,0.0002878967,0.016967518,0.0004746327
2017-12-11,5.666218e-06,0.12182134,0.86453235,0.9863537,0.9863537,0.00026371595,0.016239334,0.00041521995
2017-12-12,5.6300146e-06,0.123629235,0.86272275,0.98635197,0.98635197,0.00024756585,0.015734226,0.00041251472
2017-12-13,9.221431e-06,0.18734126,0.7991509,0.98649216,0.98649216,0.00024704385,0.01571763,0.00068267237
2017-12-14,8.107568e-06,0.20541947,0.78130126,0.98672074,0.98672074,0.00022439627,0.014979862,0.00061054365
2017-12-15,7.005778e-06,0.09404318,0.8935366,0.9875798,0.9875798,0.00019500073,0.0139642665,0.00056406425
2017-12-18,1.4509623e-05,0.13670157,0.84849113,0.9851927,0.9851927,0.00018299269,0.013527479,0.0009798977
2017-12-19,7.3784304e-06,0.087698266,0.89881057,0.98650885,0.98650885,0.00017076245,0.013067611,0.00054690876
2017-12-20,6.313197e-06,0.10545852,0.88156307,0.98702157,0.98702157,0.00016305086,0.0127691375,0.0004864375
2017-12-21,6.717038e-06,0.07543972,0.91259074,0.9880305,0.98803043,0.00016205072,0.012729915,0.0005611792
2017-12-22,9.290248e-06,0.07108216,0.9161263,0.9872085,0.9872085,0.00015606286,0.012492512,0.00072628213
2017-12-26,9.434528e-06,0.07781812,0.90819705,0.98601514,0.98601514,0.00015245586,0.0123473015,0.00067462446
2017-12-27,4.1503536e-06,0.2321098,0.74504524,0.977155,0.977155,0.00019689096,0.014031784,0.00018167472
2017-12-28,6.935146e-06,0.086122476,0.9010437,0.98716617,0.98716617,0.00015853377,0.012591019,0.0005403799
2017-12-29,9.4362085e-06,0.100727454,0.8828394,0.9835668,0.9835668,0.00015061379,0.012272481,0.0005742168
2018-01-02,6.4106775e-06,0.18138093,0.79979175,0.9811727,0.9811727,0.00015131861,0.012301163,0.0003404987
2018-01-03,1.3771771e-05,0.08177855,0.9024587,0.98423725,0.98423725,0.00012764022,0.011297797,0.00087369105
2018-01-04,8.318898e-06,0.20139746,0.772078,0.97347546,0.97347546,0.00016305572,0.0127693275,0.0003136302
2018-01-05,1.0262601e-05,0.10420073,0.88070077,0.9849015,0.9849015,0.00014124176,0.011884518,0.0006797094
2018-01-08,1.21297e-05,0.13338672,0.85164493,0.98503166,0.98503166,0.00014400469,0.012000196,0.0008103573
2018-01-09,8.909028e-06,0.07314242,0.91336775,0.98651016,0.98651016,0.00013743661,0.011723336,0.00066042494
2018-01-10,6.6432585e-06,0.17804663,0.80124575,0.9792924,0.9792924,0.00016222683,0.01273683,0.00032081245
2018-01-11,7.4096597e-06,0.16549323,0.81813604,0.9836293,0.9836293,0.00015237182,0.012343898,0.00045261678
2018-01-12,1.315884e-05,0.07161446,0.91235715,0.9839716,0.9839716,0.00013395368,0.011573836,0.0008209701
2018-01-16,1.1493258e-05,0.12556872,0.85423017,0.97979885,0.9797989,0.00013947442,0.011809928,0.0005689409
2018-01-17,1.9479403e-05,0.086225,0.89578235,0.9820074,0.9820074,0.00014113226,0.01187991,0.0010826332
2018-01-18,1.3847664e-05,0.09268377,0.8881993,0.9808831,0.9808831,0.00014697191,0.012123197,0.0007243685
2018-01-19,1.2120797e-05,0.062882766,0.9228562,0.985739,0.985739,0.00014441616,0.012017327,0.00084992574
2018-01-22,1.535283e-05,0.06562352,0.9189879,0.9846114,0.9846114,0.0001508926,0.012283836,0.0009976751
2018-01-23,1.7628256e-05,0.09343494,0.88534456,0.9787795,0.9787795,0.00015420075,0.01241776,0.000830718
2018-01-24,2.171127e-05,0.12930135,0.839158,0.96845937,0.96845937,0.00017539489,0.013243673,0.00068835873
2018-01-25,1.6006465e-05,0.1674861,0.80411565,0.9716017,0.9716017,0.00020754858,0.014406547,0.0005636421
2018-01-26,1.978063e-05,0.13978964,0.8362907,0.97608036,0.97608036,0.00018342042,0.013543279,0.00082696177
2018-01-29,1.4505293e-05,0.1455758,0.8282159,0.9737917,0.9737917,0.00018534879,0.013614287,0.0005534622
2018-01-30,1.3926794e-05,0.06318208,0.92231375,0.9854958,0.9854958,0.00017992718,0.013413694,0.00096019084
2018-01-31,0.00011447416,0.18401347,0.7723431,0.9563566,0.9563566,0.00019715828,0.014041306,0.0026229424
2018-02-01,2.1874645e-05,0.097522214,0.88238645,0.97990865,0.97990865,0.00026877795,0.01639445,0.001088759
2018-02-02,1.0064059e-05,0.20706183,0.7729595,0.9800213,0.9800213,0.00028449815,0.016867073,0.0005037394
2018-02-05,8.924681e-06,0.122363545,0.8648231,0.9871867,0.9871867,0.00023639755,0.015375225,0.0006965154
2018-02-06,8.9812675e-06,0.19314519,0.79341424,0.9865594,0.9865594,0.00026379438,0.016241748,0.00066821877
2018-02-07,9.558524e-06,0.1963026,0.78962785,0.98593044,0.98593044,0.00024682138,0.01571055,0.0006793763
2018-02-08,6.9644807e-06,0.23142733,0.7556077,0.98703504,0.98703504,0.00033515075,0.018307123,0.000537177
2018-02-09,1.8500468e-05,0.1364722,0.84759104,0.98406327,0.98406327,0.0002864556,0.016925,0.0011608696
2018-02-12,1.2710796e-05,0.24297062,0.74017906,0.9831497,0.98314965,0.00040674958,0.020168034,0.0007543368
2018-02-13,2.3411982e-05,0.2164929,0.76445377,0.98094666,0.98094666,0.00031417693,0.017725037,0.00122876
2018-02-14,2.1427528e-05,0.07073448,0.914082,0.9848165,0.9848165,0.00026438906,0.016260045,0.0014112369
2018-02-15,1.1693375e-05,0.11107441,0.8743191,0.98539346,0.98539346,0.00030151516,0.017364193,0.0008005577
2018-02-16,6.3955463e-06,0.10487902,0.88438886,0.9892679,0.9892679,0.00029104057,0.017059911,0.000595926
2018-02-20,9.037998e-06,0.1053199,0.8821767,0.9874966,0.9874966,0.0002667228,0.01633165,0.0007228441
2018-02-21,6.603463e-06,0.10074025,0.8875496,0.98828983,0.98828983,0.0002454971,0.015668347,0.00056390854
2018-02-22,8.477353e-06,0.11757925,0.8703414,0.98792064,0.98792064,0.00022594801,0.015031567,0.00070180494
2018-02-23,6.652515e-06,0.1518738,0.8355378,0.98741156,0.9874116,0.00024023533,0.015499527,0.0005284622
2018-02-26,6.249168e-06,0.07649463,0.9120884,0.988583,0.988583,0.00022965629,0.015154415,0.0005473578
2018-02-27,6.704081e-06,0.08103606,0.9072546,0.98829067,0.98829067,0.00021795536,0.0147633115,0.00057254167
2018-02-28,6.274827e-06,0.1175325,0.8712677,0.98880017,0.98880017,0.00022129698,0.014876054,0.0005602608
2018-03-01,5.003021e-06,0.2287803,0.7594297,0.98821,0.98820996,0.0002571163,0.016034847,0.00042434526
2018-03-02,9.61191e-06,0.05807283,0.9295645,0.9876373,0.9876373,0.00022714428,0.015071306,0.0007774916
2018-03-05,1.578551e-05,0.07316037,0.9124557,0.985616,0.985616,0.00022169361,0.014889379,0.0010974375
2018-03-06,6.5218164e-06,0.082926184,0.9054253,0.9883515,0.98835146,0.00025059294,0.015830128,0.0005598858
2018-03-07,9.333595e-06,0.06981663,0.9179221,0.9877387,0.9877387,0.00023341984,0.015278083,0.0007612257
2018-03-08,5.3773247e-06,0.17498608,0.81392974,0.9889158,0.9889158,0.00026272284,0.016208727,0.00048513425
2018-03-09,1.0247404e-05,0.22685201,0.7580726,0.9849246,0.9849246,0.00027113725,0.016466245,0.00067974406
2018-03-12,3.7221084e-06,0.18476589,0.8024962,0.98726207,0.98726207,0.0004365956,0.02089487,0.0002922067
2018-03-13,4.6222353e-06,0.14954445,0.8402432,0.9897877,0.9897877,0.00037751207,0.01942967,0.00045261442
2018-03-14,6.3598154e-06,0.15340205,0.8345392,0.9879412,0.9879412,0.00033955244,0.01842695,0.0005274006
2018-03-15,5.94792e-06,0.10069756,0.88814265,0.9888402,0.9888402,0.0002920286,0.017088844,0.00053297833
2018-03-16,5.9137446e-06,0.16431285,0.824174,0.9884868,0.9884868,0.00026656405,0.016326789,0.00051365024
2018-03-19,5.6867916e-06,0.09010813,0.8984951,0.9886032,0.98860323,0.0002811255,0.016766798,0.00049898034
2018-03-20,7.79579e-06,0.122165225,0.8660457,0.9882109,0.9882109,0.00026030105,0.016133849,0.000661272
2018-03-21,5.1747625e-06,0.1936459,0.78813314,0.98177904,0.98177904,0.0002877412,0.016962936,0.00028400053
2018-03-22,3.2754522e-06,0.22830725,0.75498074,0.983288,0.983288,0.00037624466,0.019397028,0.00019599391
2018-03-23,3.6649694e-06,0.14586319,0.84452313,0.9903863,0.9903863,0.00033004498,0.01816714,0.0003812239
2018-03-26,3.5588837e-06,0.20735395,0.77841246,0.9857664,0.9857664,0.00036667165,0.019148672,0.00025003418
2018-03-27,4.3855944e-06,0.16402328,0.8253382,0.98936146,0.98936146,0.00029471732,0.017167334,0.00041223667
2018-03-28,7.612958e-06,0.0867454,0.90013206,0.98687744,0.98687744,0.00025144633,0.01585706,0.00058014283
2018-03-29,7.171586e-06,0.09176578,0.89671725,0.988483,0.988483,0.00025013727,0.01581573,0.0006226963
2018-04-02,7.2686057e-06,0.10638663,0.88062024,0.98700684,0.9870069,0.00023798384,0.015426725,0.000559418
2018-04-03,7.473478e-06,0.20630711,0.7808655,0.9871726,0.9871726,0.0003152161,0.017754326,0.00058261846
2018-04-04,9.689828e-06,0.08023268,0.9057182,0.9859509,0.9859509,0.00026573802,0.016301474,0.0006897111
2018-04-05,8.844773e-06,0.07924905,0.90858877,0.9878378,0.9878378,0.00025085325,0.015838347,0.0007272341
2018-04-06,1.3696384e-05,0.10865055,0.87689674,0.9855473,0.9855473,0.00023723936,0.015402577,0.0009476698
2018-04-09,8.534822e-06,0.15109143,0.8361616,0.98725307,0.98725307,0.00028330693,0.016831724,0.000669559
2018-04-10,9.371833e-06,0.1307589,0.8530044,0.9837633,0.9837633,0.00031487353,0.017744675,0.0005771998
2018-04-11,4.682083e-06,0.22107652,0.757916,0.9789925,0.97899246,0.0004134131,0.020332562,0.00022287696
2018-04-12,3.0010613e-06,0.19191279,0.7963478,0.98826057,0.98826057,0.00040260865,0.02006511,0.00025563937
2018-04-13,4.260937e-06,0.16569662,0.82368,0.9893766,0.9893766,0.00032596337,0.018054456,0.00040108996
2018-04-16,5.4441407e-06,0.15659767,0.82952654,0.9861242,0.9861242,0.000276138,0.0166174,0.00039234836
2018-04-17,6.4812716e-06,0.13712566,0.85123414,0.9883598,0.9883598,0.00028385888,0.016848112,0.00055680115
2018-04-18,1.1982696e-05,0.061419386,0.9249806,0.98639995,0.98639995,0.0002506257,0.015831161,0.0008810773
2018-04-19,5.8275737e-06,0.17639558,0.8061124,0.982508,0.982508,0.00029423813,0.017153371,0.00033315658
2018-04-20,5.4147877e-06,0.11795377,0.86949956,0.98745334,0.98745334,0.00024447014,0.01563554,0.0004315721
2018-04-23,1.109441e-05,0.112872794,0.86820173,0.9810745,0.9810745,0.00021811873,0.014768844,0.0005862153
2018-04-24,9.168721e-06,0.10793766,0.87633735,0.984275,0.984275,0.00020189345,0.014208921,0.0005830659
2018-04-25,1.35713535e-05,0.073451355,0.9118528,0.9853041,0.9853041,0.00020733463,0.014399119,0.00092347997
2018-04-26,2.0122245e-05,0.07597596,0.90673983,0.9827158,0.9827158,0.00020440685,0.014297092,0.0011641978
2018-04-27,1.2793555e-05,0.06301138,0.92277515,0.9857865,0.98578656,0.00020571689,0.014342834,0.00090009865
2018-04-30,1.263016e-05,0.061101515,0.9252634,0.9863649,0.9863649,0.00020277714,0.014239984,0.0009262977
2018-05-01,1.9559931e-05,0.0795756,0.9016784,0.981254,0.981254,0.00020294612,0.014245916,0.001043418
2018-05-02,1.843676e-05,0.08187794,0.901614,0.98349196,0.98349196,0.00023336042,0.015276139,0.001116835
2018-05-03,5.2914882e-05,0.1424612,0.8240425,0.9665037,0.9665037,0.0002367375,0.015386276,0.0015797223
2018-05-04,1.5652942e-05,0.0657423,0.9192152,0.9849575,0.9849575,0.00025516865,0.015973998,0.0010405823
2018-05-07,1.2651454e-05,0.14430737,0.83358663,0.977894,0.977894,0.0002725568,0.016509295,0.00057230884
2018-05-08,1.1642554e-05,0.123931326,0.85680604,0.9807374,0.9807374,0.00026872178,0.016392736,0.00060441205
2018-05-09,1.27095045e-05,0.10200459,0.8829443,0.9849489,0.9849489,0.0003140595,0.017721724,0.00084442215
2018-05-10,8.248192e-06,0.2177444,0.75141364,0.96915805,0.96915805,0.00037839042,0.01945226,0.00026743422
2018-05-11,1.16610145e-05,0.08967137,0.8936289,0.98330027,0.98330027,0.00029434392,0.017156454,0.0006982756
2018-05-14,1.3839433e-05,0.10552968,0.87667406,0.9822037,0.9822037,0.00028283964,0.016817836,0.0007776589
2018-05-15,1.6829337e-05,0.14043917,0.8332373,0.97367644,0.97367644,0.000263041,0.01621854,0.0006393261
2018-05-16,2.1410142e-05,0.100088775,0.877009,0.97709775,0.97709775,0.00023908346,0.015462324,0.00093484885
2018-05-17,1.7950733e-05,0.08360214,0.8959906,0.97959274,0.97959274,0.00023161006,0.01521874,0.00087962486
2018-05-18,1.9760704e-05,0.0738418,0.90789133,0.98173314,0.98173314,0.00022547592,0.015015855,0.0010817791
2018-05-21,1.6886803e-05,0.06589655,0.9185228,0.98441935,0.98441935,0.00022521506,0.015007167,0.0010838314
2018-05-22,1.4530889e-05,0.07530733,0.90711707,0.9824244,0.9824244,0.00023512941,0.01533393,0.00082676386
2018-05-23,2.7984854e-05,0.08455245,0.8918372,0.97638965,0.97638965,0.00022805462,0.0151014775,0.0011852789
2018-05-24,3.2339594e-05,0.082447134,0.8953479,0.977795,0.977795,0.00023291183,0.015261449,0.0014564107
2018-05-25,2.181687e-05,0.071155354,0.911385,0.98254037,0.98254037,0.00026222825,0.016193463,0.0012495607
2018-05-29,2.1753305e-05,0.13508298,0.84571934,0.9808023,0.9808023,0.00038090957,0.019516904,0.0011331203
2018-05-30,4.802992e-05,0.1531984,0.81875604,0.97195446,0.97195446,0.00038444164,0.019607183,0.0017125693
2018-05-31,1.7634373e-05,0.11075186,0.86483103,0.9755829,0.9755829,0.0004349218,0.020854779,0.000722214
2018-06-01,1.4283238e-05,0.062131763,0.92388445,0.9860162,0.9860162,0.00042784098,0.020684317,0.0010214142
2018-06-04,1.8835124e-05,0.09572055,0.88758755,0.9833081,0.9833081,0.00043141592,0.020770553,0.0011283975
2018-06-05,2.2294202e-05,0.13569906,0.84584177,0.98154086,0.9815408,0.00042773964,0.020681867,0.0012077594
2018-06-06,2.7086639e-05,0.1273963,0.85199714,0.9793934,0.9793934,0.00040230184,0.020057464,0.0013144657
2018-06-07,2.9561776e-05,0.14437197,0.8349941,0.97936606,0.97936606,0.00038933667,0.019731617,0.0014326775
2018-06-08,1.97845e-05,0.09985557,0.8760389,0.97589445,0.97589445,0.00040371373,0.020092629,0.00082074467
2018-06-11,1.658868e-05,0.08066616,0.90417117,0.98483735,0.98483735,0.00037462654,0.019355271,0.0010940491
2018-06-12,1.4979766e-05,0.062642425,0.9230176,0.98566,0.9856601,0.0003575157,0.018908085,0.0010446153
2018-06-13,3.159961e-05,0.08496796,0.89382184,0.9787898,0.9787898,0.00034582484,0.018596366,0.0014898314
2018-06-14,1.576499e-05,0.06613462,0.9182242,0.98435885,0.98435885,0.0003420461,0.018494489,0.0010079175
2018-06-15,3.9271996e-05,0.09742498,0.8800196,0.9774446,0.9774446,0.00033065307,0.018183868,0.0017411341
2018-06-18,2.720108e-05,0.1601379,0.8194885,0.9796264,0.9796264,0.00040651343,0.020162178,0.0013351152
2018-06-19,5.691104e-05,0.113674514,0.84666663,0.96034116,0.96034116,0.00038275015,0.019564,0.0014350151
2018-06-20,1.5386791e-05,0.06745305,0.9182983,0.98575133,0.98575133,0.0003977649,0.019944044,0.0010798756
2018-06-21,1.516737e-05,0.062125817,0.92379785,0.98592365,0.98592365,0.00040079665,0.020019906,0.0010775072
2018-06-22,2.3088736e-05,0.083557665,0.899459,0.98301667,0.98301667,0.0003923505,0.01980784,0.001359494
2018-06-25,1.9900219e-05,0.19482212,0.7602594,0.9550815,0.9550815,0.0005459647,0.023365887,0.00044302968
2018-06-26,6.643303e-06,0.17835009,0.8096123,0.98796237,0.98796237,0.00044609714,0.021121012,0.0005518778
2018-06-27,8.295456e-06,0.20312966,0.77087706,0.9740067,0.9740067,0.00058774324,0.024243416,0.00031913837
2018-06-28,7.2757975e-06,0.2208574,0.7490279,0.9698853,0.9698853,0.000655198,0.025596837,0.00024160277
2018-06-29,3.785246e-06,0.22946545,0.7551098,0.9845753,0.9845753,0.0005167317,0.022731733,0.00024540114
2018-07-02,6.800681e-06,0.2140188,0.76026195,0.9742808,0.9742808,0.00041359526,0.020337041,0.00026442014
2018-07-03,6.10571e-06,0.23727635,0.7480471,0.9853234,0.9853234,0.00032326425,0.017979551,0.00041601746
2018-07-05,1.1993337e-05,0.13554806,0.842642,0.97819006,0.97819006,0.00024936197,0.015791198,0.00054990244
2018-07-06,1.28155425e-05,0.09949345,0.88330215,0.9827956,0.9827956,0.00025927104,0.016101895,0.000744899
2018-07-09,1.3803629e-05,0.08887518,0.89563006,0.98450524,0.98450524,0.00025495005,0.015967155,0.00089085766
2018-07-10,1.4326714e-05,0.08985772,0.8909036,0.9807613,0.9807613,0.00024216168,0.015561545,0.00074468163
2018-07-11,1.3215734e-05,0.11249396,0.86799645,0.9804904,0.98049045,0.00023103395,0.015199801,0.00067739596
2018-07-12,3.965701e-06,0.23220798,0.75671697,0.9889249,0.988925,0.0005165295,0.022727285,0.0003580743
2018-07-13,4.1789015e-05,0.110397674,0.8634248,0.9738225,0.9738225,0.0003950414,0.019875648,0.0015963699
2018-07-16,9.727521e-06,0.05845303,0.9292412,0.9876942,0.9876942,0.00039259915,0.019814115,0.00079048285
2018-07-17,5.7655216e-06,0.24119031,0.74608016,0.9872705,0.9872705,0.00048097072,0.021931045,0.0004529251
2018-07-18,1.7288865e-05,0.063380435,0.921954,0.9853344,0.9853344,0.00036460898,0.019094737,0.0011788717
2018-07-19,1.38504665e-05,0.06339533,0.9230073,0.98640263,0.98640263,0.0003594056,0.018957995,0.0010186137
2018-07-20,8.456038e-06,0.062021345,0.92628026,0.98830163,0.98830163,0.000351786,0.01875596,0.00072283926
2018-07-23,6.5449353e-06,0.0805815,0.9076638,0.9882453,0.9882453,0.0003465619,0.018616173,0.0005567935
2018-07-24,8.395902e-06,0.071767144,0.91658026,0.9883474,0.9883474,0.00043378863,0.020827593,0.0007205182
2018-07-25,9.745667e-06,0.061465,0.9264364,0.98790145,0.98790145,0.0004118094,0.020293087,0.0008055235
2018-07-26,9.986843e-06,0.058217973,0.929356,0.987574,0.987574,0.0003988082,0.019970182,0.00080370414
2018-07-27,9.432165e-06,0.08173647,0.90385157,0.985588,0.985588,0.00038166088,0.019536143,0.0006544667
2018-07-30,1.0154034e-05,0.05808539,0.92952865,0.98761404,0.98761404,0.0003693881,0.019219471,0.0008198016
2018-07-31,1.3767655e-05,0.1209544,0.8604573,0.9814117,0.9814117,0.000377942,0.019440731,0.0007406622
2018-08-01,9.887101e-06,0.09088565,0.89649695,0.9873826,0.9873826,0.00038719116,0.019677173,0.0007836079
2018-08-02,1.8452845e-05,0.22973455,0.7508646,0.98059916,0.98059916,0.00038134385,0.019528028,0.00095113664
2018-08-03,1.2317371e-05,0.06417832,0.9215586,0.9857369,0.98573697,0.0003859287,0.019645069,0.00086358347
2018-08-06,1.1352926e-05,0.05839588,0.9290517,0.98744756,0.98744756,0.0003711877,0.019266233,0.0009044398
2018-08-07,1.6835369e-05,0.06405038,0.9210363,0.9850867,0.9850867,0.00035933917,0.018956244,0.0011288814
2018-08-08,1.3871035e-05,0.066270426,0.9185739,0.9848443,0.9848443,0.00034807625,0.018656801,0.0009152371
2018-08-09,2.364047e-05,0.16638371,0.8153691,0.9817528,0.9817529,0.00040581147,0.020144762,0.001295568
2018-08-10,5.554897e-05,0.096454106,0.8778045,0.9742586,0.9742586,0.00035531895,0.018849906,0.0021579624
2018-08-13,1.6238078e-05,0.06791146,0.91601205,0.9839235,0.9839235,0.000381248,0.019525573,0.0010100503
2018-08-14,3.7756894e-05,0.07883198,0.9003249,0.97915685,0.97915685,0.00036843904,0.019194765,0.0018114775
2018-08-15,1.1571483e-05,0.058593675,0.92876375,0.98735744,0.98735744,0.00037001367,0.01923574,0.00091527984
2018-08-16,3.513007e-05,0.12668633,0.85220224,0.9788886,0.9788886,0.00041148654,0.020285131,0.001664031
2018-08-17,6.2384825e-05,0.09281833,0.87942207,0.9722404,0.9722404,0.00039141887,0.019784309,0.0022473233
2018-08-20,1.9203204e-05,0.06444927,0.92033625,0.9847855,0.9847855,0.000410666,0.020264896,0.0012621644
2018-08-21,1.32527775e-05,0.061527275,0.9246761,0.9862034,0.9862034,0.00040089648,0.0200224,0.00096058095
2018-08-22,1.3689314e-05,0.062010188,0.9241086,0.9861188,0.9861188,0.0003951919,0.019879434,0.0009861761
2018-08-23,2.764074e-05,0.10082948,0.8719296,0.97275907,0.97275907,0.00038219918,0.019549916,0.0010146768
2018-08-24,1.9564292e-05,0.067214675,0.91652614,0.9837408,0.9837408,0.0003609382,0.018998373,0.0012032756
2018-08-27,2.3703273e-05,0.12552314,0.84686774,0.9723909,0.9723909,0.00036138165,0.01901004,0.00085853087
2018-08-28,1.6465303e-05,0.080519214,0.90128016,0.98179936,0.98179936,0.00033021922,0.018171934,0.0009046554
2018-08-29,1.7811486e-05,0.07045345,0.91270196,0.9831554,0.9831554,0.000316252,0.017783476,0.0010574022
2018-08-30,1.6690534e-05,0.11932147,0.85573184,0.9750533,0.9750533,0.000320187,0.01789377,0.00066904805
2018-08-31,1.1563075e-05,0.10410228,0.87717855,0.98128086,0.9812808,0.00030347027,0.017420398,0.0006177141
2018-09-04,1.4255867e-05,0.06960634,0.91431445,0.9839208,0.9839208,0.00028238443,0.016804298,0.0008866037
2018-09-05,0.00015622818,0.2258781,0.6824569,0.90833503,0.90833503,0.00027248467,0.01650711,0.001704339
2018-09-06,2.1389438e-05,0.12202952,0.8601076,0.98213714,0.98213714,0.0004062001,0.020154407,0.0011974254
2018-09-07,2.197083e-05,0.0681119,0.9154967,0.9836086,0.9836086,0.00039522926,0.019880373,0.001340388
2018-09-10,1.34027305e-05,0.060858835,0.92556417,0.986423,0.986423,0.0003838213,0.019591358,0.0009871655
2018-09-11,1.4552595e-05,0.060947575,0.9253882,0.9863358,0.9863358,0.00036933395,0.019218063,0.0010650173
2018-09-12,1.2142914e-05,0.105156474,0.8749449,0.9801014,0.9801014,0.00039370896,0.019842101,0.0006102398
2018-09-13,9.510275e-06,0.084435135,0.90076804,0.9852032,0.98520315,0.00038288673,0.019567491,0.0006427254
2018-09-14,1.1379882e-05,0.14781286,0.83798164,0.9857945,0.9857945,0.00041086148,0.020269718,0.00080108905
2018-09-17,1.3720661e-05,0.1687823,0.81497175,0.98375404,0.98375404,0.00036027102,0.018980807,0.00084455824
2018-09-18,1.0361462e-05,0.05876399,0.92859024,0.9873542,0.9873542,0.00030766142,0.01754028,0.0008193612
2018-09-19,1.241168e-05,0.09767262,0.88337994,0.9810526,0.9810526,0.000306464,0.017506113,0.000655059
2018-09-20,6.772239e-06,0.1334257,0.8503769,0.9838026,0.9838026,0.00031401403,0.01772044,0.00041810697
2018-09-21,1.4345415e-05,0.06384787,0.92145216,0.98530006,0.98530006,0.0002768102,0.016637614,0.00097588287
2018-09-24,2.3328304e-05,0.088977255,0.88952816,0.97850543,0.97850543,0.0002694301,0.016414326,0.0010853116
2018-09-25,1.6385018e-05,0.20427313,0.75224257,0.9565157,0.95651567,0.00029170082,0.01707925,0.00037680333
2018-09-26,1.847063e-05,0.13266055,0.8404831,0.9731437,0.9731437,0.00023712497,0.015398863,0.0006877577
2018-09-27,3.0220177e-05,0.10339036,0.87227076,0.9756611,0.9756611,0.00023132889,0.0152095,0.001241641
2018-09-28,1.92608e-05,0.13977636,0.83036554,0.9701419,0.9701419,0.00023768962,0.015417186,0.0006450776
2018-10-01,1.269959e-05,0.20273137,0.7647028,0.96743417,0.96743417,0.000249387,0.015791992,0.0003899667
2018-10-02,1.5202171e-05,0.2165187,0.7344152,0.9509339,0.9509339,0.00035520596,0.018846909,0.00030983027
2018-10-03,1.4219503e-05,0.15007327,0.8246703,0.9747436,0.9747436,0.00027636637,0.01662427,0.00056300603
2018-10-04,1.8664101e-05,0.20718662,0.7465835,0.95377016,0.95377016,0.00027737734,0.01665465,0.00040372412
2018-10-05,1.6947626e-05,0.15284738,0.8265492,0.9793965,0.9793966,0.00038630044,0.019654527,0.00082256144
2018-10-08,1.5101728e-05,0.1806669,0.7928505,0.9735174,0.9735174,0.0003362456,0.018337,0.0005702514
2018-10-09,1.7780021e-05,0.08190279,0.8983557,0.9802585,0.9802585,0.00028184414,0.016788214,0.00090064295
2018-10-10,2.4250929e-05,0.2071046,0.74888515,0.9559897,0.9559897,0.00027723273,0.016650308,0.0005510287
2018-10-11,2.1929125e-05,0.12129241,0.8592477,0.9805401,0.9805401,0.00035524293,0.018847888,0.0011268876
2018-10-12,2.833894e-05,0.23098283,0.7432899,0.9742727,0.9742727,0.00044198308,0.021023395,0.0011015136
2018-10-15,2.7082358e-05,0.11318942,0.86411875,0.97730815,0.97730815,0.00036254677,0.019040661,0.0011934842
2018-10-16,1.264232e-05,0.060789026,0.9256939,0.986483,0.986483,0.00034431997,0.018555861,0.00093528884
2018-10-17,1.6198517e-05,0.0818455,0.89949405,0.9813396,0.9813396,0.00033155503,0.018208653,0.0008680679
2018-10-18,2.7898222e-05,0.09883099,0.8826635,0.9814945,0.9814945,0.00039245174,0.019810395,0.0015075627
2018-10-19,0.00010659399,0.15243636,0.80859756,0.96103394,0.96103394,0.00040002895,0.020000724,0.0027355598
2018-10-22,1.327668e-05,0.07471538,0.909184,0.98389935,0.98389935,0.00043666596,0.020896554,0.00082460546
2018-10-23,3.8894108e-05,0.1518545,0.8192517,0.97110623,0.97110623,0.00041030394,0.02025596,0.0013461071
2018-10-24,2.6787495e-05,0.1027841,0.8800647,0.9828488,0.9828488,0.00062604673,0.025020925,0.0015618459
2018-10-25,8.3062965e-05,0.14974454,0.8161824,0.9659269,0.9659269,0.0005809902,0.024103738,0.0024377862
2018-10-26,4.222793e-05,0.086228505,0.8898599,0.9760884,0.9760884,0.00056538015,0.023777723,0.0017660022
2018-10-29,4.12768e-05,0.0869307,0.88934547,0.97627616,0.97627616,0.0005464644,0.023376578,0.0017398868
2018-10-30,1.6766639e-05,0.06190865,0.92402965,0.9859383,0.9859383,0.0005334191,0.023095867,0.001192363
2018-10-31,3.818477e-05,0.07313825,0.9067799,0.9799181,0.9799181,0.00052036607,0.022811534,0.0019014542
2018-11-01,5.8745594e-05,0.08176654,0.8935089,0.97527546,0.97527546,0.00052331534,0.022876086,0.0023760032
2018-11-02,6.30757e-05,0.17061219,0.8016379,0.9722501,0.9722501,0.0005789017,0.024060376,0.0022730066
2018-11-05,4.3177148e-05,0.0723986,0.907538,0.9799366,0.9799366,0.00054069376,0.023252822,0.0021520355
2018-11-06,1.879713e-05,0.060889885,0.92533976,0.98622966,0.98622966,0.0005339323,0.023106975,0.0013650446
2018-11-07,3.6355952e-05,0.070046395,0.91125274,0.98129916,0.98129916,0.000525568,0.022925269,0.0019440814
2018-11-08,0.00028659694,0.13482866,0.79109025,0.9259189,0.92591894,0.0005209001,0.022823237,0.0038686907
2018-11-09,4.4695465e-05,0.07271282,0.90701306,0.9797259,0.9797259,0.00073576893,0.02712506,0.0022045595
2018-11-12,4.922616e-05,0.07362748,0.90521854,0.978846,0.978846,0.00071691454,0.02677526,0.0023270394
2018-11-13,2.9662773e-05,0.06598813,0.91758066,0.9835688,0.9835688,0.0006997263,0.02645234,0.0018052699
2018-11-14,4.4227818e-05,0.09098369,0.890523,0.9815067,0.9815067,0.0010293177,0.032082982,0.0023915598
2018-11-15,1.4708056e-05,0.058349386,0.9290276,0.987377,0.987377,0.0009695387,0.031137416,0.001165178
2018-11-16,0.000435125,0.12036665,0.785562,0.9059286,0.9059286,0.0009161462,0.030267907,0.0046254764
2018-11-19,1.3971829e-05,0.058755763,0.92846614,0.9872219,0.9872219,0.0011548215,0.033982664,0.0010934196
2018-11-20,1.3463478e-05,0.058127105,0.92937464,0.98750174,0.98750174,0.0010876894,0.032980137,0.0010772282
2018-11-21,9.321752e-05,0.22962281,0.7344043,0.96402717,0.96402717,0.0012384867,0.03519214,0.002591331
2018-11-23,5.9374895e-05,0.077186026,0.89919835,0.9763844,0.9763844,0.001113628,0.033371065,0.0025142236
2018-11-26,4.2680516e-05,0.24139497,0.73239493,0.97378993,0.97378993,0.0015601069,0.039498188,0.0016284015
2018-11-27,4.1762527e-05,0.07304496,0.9067711,0.9798161,0.9798161,0.0013183422,0.03630898,0.0020690989
2018-11-28,4.273588e-05,0.06942559,0.9124099,0.9818355,0.9818355,0.001237383,0.035176456,0.0023527122
2018-11-29,2.005802e-05,0.059513915,0.9272612,0.9867751,0.9867751,0.001215748,0.034867577,0.0015166859
2018-11-30,2.6287355e-05,0.06469839,0.91949725,0.98419565,0.98419565,0.0011776797,0.03431734,0.0016632987
2018-12-03,7.464118e-05,0.082681045,0.89154565,0.9742267,0.9742267,0.0011161538,0.033408888,0.0028960677
2018-12-04,0.00014047371,0.21979557,0.71332157,0.93311715,0.93311715,0.0011933033,0.034544222,0.002100295
2018-12-06,2.0089137e-05,0.065629184,0.91954476,0.98517394,0.98517394,0.0009981191,0.031593025,0.0013549883
2018-12-07,3.70184e-05,0.103256725,0.87802464,0.98128134,0.98128134,0.0010130967,0.03182918,0.0019776202
2018-12-10,1.66225e-05,0.061997753,0.9237808,0.98577857,0.98577857,0.00097330235,0.031197794,0.0011688346
2018-12-11,2.388755e-05,0.21743217,0.76429653,0.9817287,0.9817287,0.00097655226,0.031249836,0.001307379
2018-12-12,4.925846e-05,0.07586772,0.9015846,0.97745234,0.97745234,0.0008038376,0.02835203,0.0021846371
2018-12-13,0.00012330168,0.12977809,0.8316082,0.96138626,0.96138626,0.00078152126,0.027955702,0.0031932078
2018-12-14,1.8608684e-05,0.068358876,0.9153862,0.9837451,0.9837451,0.0008701922,0.02949902,0.0011448044
2018-12-17,6.579053e-05,0.21167494,0.758845,0.9705199,0.9705199,0.0008643954,0.029400602,0.0022316931
2018-12-18,0.000120090044,0.16601403,0.794503,0.960517,0.960517,0.0008687887,0.029475221,0.0030415624
2018-12-19,2.2372933e-05,0.062430482,0.92397773,0.98640823,0.98640823,0.0017695735,0.0420663,0.0016460652
2018-12-20,5.8821483e-05,0.0835689,0.89061415,0.9741831,0.9741831,0.0016831729,0.04102649,0.0022784085
2018-12-21,5.985095e-05,0.19962306,0.77659005,0.9762131,0.9762131,0.0016262487,0.040326774,0.0025161305
2018-12-24,2.8110377e-05,0.06278184,0.9223963,0.9851782,0.9851781,0.0013314203,0.036488634,0.0018965527
2018-12-26,0.00020032322,0.19776896,0.75268364,0.95045257,0.95045257,0.0015613558,0.039513994,0.0040430594
2018-12-27,2.9511564e-05,0.12214695,0.84141195,0.9635589,0.9635589,0.0027368022,0.052314457,0.0008098431
2018-12-28,1.0804097e-05,0.10969849,0.8796826,0.9893811,0.9893811,0.002487902,0.049878873,0.0010174379
2018-12-31,5.0206152e-05,0.1641847,0.8120043,0.976189,0.976189,0.002226659,0.04718749,0.0021085292
2019-01-02,3.3389366e-05,0.23158057,0.74314606,0.9747266,0.9747266,0.0018586448,0.043112002,0.0013211278
2019-01-03,7.58317e-06,0.16521205,0.8230187,0.98823076,0.98823076,0.0015518484,0.039393507,0.0006443214
2019-01-04,3.192693e-05,0.098995745,0.881492,0.98048776,0.98048776,0.0013066718,0.036147915,0.0016362518
2019-01-07,2.3838804e-05,0.10049634,0.8835396,0.98403597,0.98403597,0.0012160665,0.034872144,0.0014932823
2019-01-08,3.4015364e-05,0.1874249,0.79098976,0.97841465,0.97841465,0.0011112749,0.03333579,0.0015758545
2019-01-09,1.3656659e-05,0.17619658,0.80329317,0.97948974,0.97948974,0.0010339314,0.032154802,0.00066584535
2019-01-10,6.087249e-06,0.20029856,0.7783987,0.97869724,0.97869724,0.0012898481,0.035914455,0.00028574932
2019-01-11,8.049134e-06,0.19460648,0.79063064,0.9852371,0.9852371,0.0010135444,0.03183621,0.0005452279
2019-01-14,7.455538e-06,0.16112834,0.8271769,0.9883053,0.9883053,0.0008829053,0.029713722,0.00063751265
2019-01-15,1.2756889e-05,0.061637197,0.9259667,0.9876039,0.9876039,0.0008115289,0.028487345,0.0010291053
2019-01-16,1.7495971e-05,0.13796456,0.8376302,0.97559476,0.97559476,0.0008232378,0.02869212,0.00071689405
2019-01-17,2.8139693e-05,0.13882674,0.8399036,0.9787303,0.9787303,0.0007088454,0.02662415,0.0013229956
2019-01-18,1.694698e-05,0.08367632,0.9011353,0.98481166,0.98481166,0.0006267494,0.025034964,0.0011157892
2019-01-22,5.983683e-06,0.18579002,0.79651344,0.98230344,0.98230344,0.000669824,0.025880959,0.0003381269
2019-01-23,4.8853042e-05,0.2329053,0.7333598,0.96626514,0.9662651,0.00064094405,0.025316874,0.0014481472
2019-01-24,1.3333864e-05,0.21289091,0.7702534,0.98314434,0.98314434,0.00051901385,0.022781875,0.00079106167
2019-01-25,1.3612071e-05,0.08950422,0.8969919,0.98649615,0.98649615,0.0004319462,0.020783314,0.0010080141
2019-01-28,8.620818e-06,0.16044042,0.82620585,0.98664623,0.9866463,0.00041046186,0.020259859,0.00064557215
2019-01-29,4.292651e-05,0.23115277,0.7436329,0.9747857,0.9747857,0.00051631173,0.022722494,0.0017024658
2019-01-30,2.0904285e-05,0.17635496,0.793979,0.97033393,0.97033393,0.0005694345,0.023862826,0.0007046531
2019-01-31,7.5930693e-06,0.10739404,0.88088745,0.9882815,0.9882815,0.0005232256,0.022874124,0.0006479551
2019-02-01,9.056034e-06,0.2063873,0.7797656,0.9861529,0.9861529,0.0004760464,0.021818487,0.0006540016
2019-02-04,7.055362e-06,0.13499558,0.8485139,0.9835095,0.9835095,0.0005276507,0.022970648,0.00042784354
2019-02-05,8.470568e-06,0.17987682,0.8070247,0.9869015,0.9869015,0.00047754118,0.021852715,0.0006466834
2019-02-06,1.3186522e-05,0.10992684,0.87584513,0.98577195,0.98577195,0.00044505924,0.021096427,0.0009267978
2019-02-07,1.11272675e-05,0.06444498,0.9225039,0.98694885,0.98694885,0.00040730153,0.020181714,0.0008525889
2019-02-08,1.8806488e-05,0.204815,0.77759874,0.98241377,0.98241377,0.00043019888,0.020741235,0.0010693871
2019-02-11,1.7119124e-05,0.06299228,0.92246866,0.98546094,0.98546094,0.00035366436,0.018805966,0.0011774572
2019-02-12,2.8462344e-05,0.09831431,0.88363063,0.9819449,0.9819449,0.00034573494,0.018593948,0.0015764174
2019-02-13,1.949872e-05,0.06633067,0.9179994,0.98433006,0.98433006,0.00035017612,0.018712994,0.001244339
2019-02-14,1.9740211e-05,0.0760214,0.90702486,0.98304623,0.9830463,0.00035532357,0.018850029,0.0011643555
2019-02-15,1.0499657e-05,0.06342363,0.92326087,0.9866845,0.9866845,0.00034843292,0.018666359,0.000788529
2019-02-19,7.6027145e-06,0.107872605,0.8769566,0.9848292,0.9848292,0.00036074535,0.018993298,0.0005011409
2019-02-20,1.0061283e-05,0.0587501,0.92861193,0.987362,0.987362,0.0003321556,0.018225137,0.00079611526
2019-02-21,1.0496313e-05,0.14125615,0.8377594,0.9790155,0.9790155,0.00033077374,0.018187186,0.0005001943
2019-02-22,9.297983e-06,0.07147835,0.91486025,0.9863386,0.9863386,0.00028763557,0.016959822,0.00068060326
2019-02-25,1.146154e-05,0.06271023,0.92359465,0.9863049,0.9863049,0.00027424187,0.016560249,0.00083690684
2019-02-26,1.3512431e-05,0.1122475,0.87289894,0.98514646,0.9851464,0.0003282365,0.018117297,0.00090971135
2019-02-27,1.1901017e-05,0.08123687,0.9020126,0.9832495,0.9832494,0.0003000314,0.017321413,0.00071048667
2019-02-28,9.477419e-06,0.10619107,0.87626004,0.98245114,0.9824511,0.00033484818,0.018298857,0.00054005894
2019-03-01,1.0185596e-05,0.064977944,0.9215588,0.98653674,0.98653674,0.00030520465,0.017470106,0.00075654755
2019-03-04,9.427566e-06,0.058505464,0.9289781,0.98748356,0.98748356,0.0003332649,0.018255545,0.0007532147
2019-03-05,9.542292e-06,0.079043895,0.9064475,0.98549145,0.9854914,0.0003301978,0.018171346,0.0006577015
2019-03-06,1.0235517e-05,0.06016868,0.9266783,0.986847,0.986847,0.00030889598,0.017575437,0.0007781878
2019-03-07,1.0395759e-05,0.05949641,0.9275539,0.9870503,0.9870503,0.0002988464,0.017287174,0.0008027796
2019-03-08,9.931672e-06,0.059214056,0.9279797,0.98719376,0.98719376,0.00029099023,0.017058436,0.000775534
2019-03-11,1.4279455e-05,0.06375506,0.9217014,0.9854564,0.9854564,0.0002867515,0.01693374,0.0009818382
2019-03-12,1.214918e-05,0.06200792,0.92423797,0.9862459,0.9862459,0.00028857414,0.01698747,0.0008833115
2019-03-13,1.3117752e-05,0.06218607,0.9237319,0.985918,0.985918,0.00027894514,0.01670165,0.00093152525
2019-03-14,9.738249e-06,0.069912806,0.9160973,0.9860101,0.9860101,0.00030633796,0.017502513,0.0006960901
2019-03-15,1.24264025e-05,0.06933801,0.91642416,0.9857622,0.9857622,0.00029268622,0.017108075,0.00087277417
2019-03-18,1.4289286e-05,0.065193266,0.9200791,0.98527235,0.9852724,0.00028086957,0.016759165,0.00097023515
2019-03-19,1.0731598e-05,0.0612946,0.9252771,0.9865717,0.9865717,0.00027853946,0.016689502,0.0007991795
2019-03-20,1.3091507e-05,0.06904828,0.91516846,0.98421675,0.98421675,0.0002685542,0.016387623,0.0008294557
2019-03-21,1.8048067e-05,0.12693068,0.84872484,0.97565556,0.97565556,0.0002709372,0.01646017,0.00074136286
2019-03-22,1.28738475e-05,0.061939806,0.9241116,0.9860514,0.98605144,0.00024865076,0.015768664,0.0009229478
2019-03-25,1.3819801e-05,0.06357554,0.92206144,0.985637,0.985637,0.00025857938,0.016080404,0.0009621813
2019-03-26,1.2509417e-05,0.063039854,0.9228679,0.98590773,0.98590773,0.00025324864,0.015913788,0.0008876795
2019-03-27,1.196642e-05,0.067505546,0.91768897,0.9851945,0.9851945,0.00026808973,0.016373446,0.0008082418
2019-03-28,1.9377316e-05,0.17739202,0.8033945,0.9807865,0.9807865,0.00026360378,0.016235879,0.0010085262
2019-03-29,1.678524e-05,0.08754484,0.89648557,0.9840304,0.9840304,0.00023193113,0.015229286,0.0010510762
2019-04-01,1.2248852e-05,0.07070836,0.91492593,0.98563427,0.98563427,0.00024144704,0.015538566,0.00085264375
2019-04-02,8.549063e-06,0.11579173,0.86906165,0.9848534,0.9848534,0.0002724904,0.016507283,0.00056442077
2019-04-03,9.900221e-06,0.11508183,0.8671679,0.98224974,0.98224974,0.00027393064,0.01655085,0.00055775064
2019-04-04,1.0416377e-05,0.068988726,0.9176981,0.9866868,0.9866868,0.00024797983,0.015747376,0.00078241125
2019-04-05,1.0393325e-05,0.13079448,0.8545666,0.98536104,0.98536104,0.00024048601,0.015507611,0.000709977
2019-04-08,7.83074e-06,0.1439179,0.8381066,0.9820245,0.9820245,0.0002470028,0.015716324,0.00043563385
2019-04-09,8.575046e-06,0.12833977,0.8546374,0.98297715,0.98297715,0.0002751596,0.016587935,0.0005037375
2019-04-10,1.11010395e-05,0.059720013,0.9272061,0.98692614,0.98692614,0.0002496387,0.015799958,0.0008491018
2019-04-11,7.764301e-06,0.17600405,0.80205196,0.978056,0.978056,0.00024802607,0.015748844,0.00035382362
2019-04-12,8.499952e-06,0.14354222,0.84335905,0.9869013,0.9869013,0.00025350522,0.015921848,0.00064891484
2019-04-15,1.1223496e-05,0.07960599,0.9054767,0.9850827,0.9850827,0.00022536716,0.0150122335,0.00075238047
2019-04-16,1.6995937e-05,0.10836872,0.8753056,0.9836743,0.9836743,0.00022030332,0.014842618,0.0010410533
2019-04-17,1.0786068e-05,0.076161854,0.9084587,0.9846206,0.9846206,0.00022058321,0.014852044,0.00070133083
2019-04-18,1.0154617e-05,0.058431815,0.9290428,0.9874746,0.9874746,0.0002129143,0.014591583,0.0008107232
2019-04-22,8.509832e-06,0.05981623,0.9281805,0.98799676,0.98799676,0.00020868462,0.0144459205,0.00070896104
2019-04-23,6.0345214e-06,0.1648812,0.81684816,0.9817294,0.9817294,0.0002425728,0.015574749,0.0003302857
2019-04-24,9.5046835e-06,0.11404289,0.87181664,0.9858595,0.9858595,0.00021710181,0.014734375,0.000672161
2019-04-25,9.671151e-06,0.0663236,0.9212419,0.98756546,0.98756546,0.00020350965,0.014265681,0.00077776494
2019-04-26,9.998488e-06,0.05870814,0.92873484,0.987443,0.987443,0.00020462192,0.014304612,0.0007962463
2019-04-29,6.3576376e-06,0.10993252,0.8789137,0.98884624,0.98884624,0.00025275472,0.015898261,0.0005699996
2019-04-30,1.4514534e-05,0.09737489,0.88749695,0.98487186,0.98487186,0.0002294422,0.01514735,0.0009594397
2019-05-01,1.0613429e-05,0.07295179,0.9123128,0.9852646,0.9852646,0.0002218841,0.014895774,0.0007202674
2019-05-02,1.5016566e-05,0.14579557,0.8376467,0.9834423,0.9834423,0.0002149391,0.014660801,0.0009069238
2019-05-03,9.222965e-06,0.1838681,0.8022706,0.9861387,0.9861387,0.00031587496,0.017772872,0.0006653752
2019-05-06,1.370592e-05,0.07235976,0.91363066,0.9859904,0.9859904,0.0002632781,0.016225846,0.0009783237
2019-05-07,1.5590018e-05,0.16794768,0.81539404,0.9833417,0.9833417,0.00025588032,0.01599626,0.0009358705
2019-05-08,1.6167702e-05,0.14860362,0.8352413,0.98384494,0.98384494,0.00025708956,0.016034013,0.0010007822
2019-05-09,1.0390897e-05,0.058557633,0.9288685,0.9874261,0.9874261,0.00025027944,0.015820222,0.0008263863
2019-05-10,1.4190683e-05,0.08836068,0.8973776,0.9857383,0.9857383,0.0002457552,0.01567658,0.0009950189
2019-05-13,1.27217845e-05,0.060506765,0.92605466,0.9865614,0.9865614,0.00023479537,0.015323034,0.0009466612
2019-05-14,1.8833678e-05,0.12073852,0.8625568,0.9832953,0.9832953,0.00023662958,0.015382769,0.0011274493
2019-05-15,1.2615376e-05,0.06106622,0.9253283,0.9863945,0.9863945,0.00023978605,0.015485027,0.0009272279
2019-05-16,1.6821767e-05,0.06849381,0.9156097,0.9841035,0.98410356,0.00023530486,0.01533965,0.0010582057
2019-05-17,1.22556285e-05,0.08129847,0.9018426,0.98314106,0.98314106,0.0002445201,0.015637139,0.0007269515
2019-05-20,1.32780215e-05,0.061344296,0.9249774,0.98632175,0.9863217,0.00023309604,0.015267483,0.0009707396
2019-05-21,1.4730572e-05,0.06273924,0.9229578,0.98569703,0.98569703,0.00023052283,0.0151829785,0.0010298961
2019-05-22,1.3969891e-05,0.13899067,0.84061587,0.97960657,0.9796065,0.00022774012,0.015091061,0.0006850192
2019-05-23,1.1093908e-05,0.1667092,0.81917,0.9858792,0.9858792,0.0002956401,0.017194187,0.00078564207
2019-05-24,5.1564352e-06,0.22041115,0.7684839,0.988895,0.98889506,0.0008352348,0.02890043,0.0004643345
2019-05-28,1.643277e-05,0.064449556,0.9209645,0.985414,0.985414,0.0006793885,0.026065083,0.0011266147
2019-05-29,8.911382e-06,0.06845384,0.9194162,0.98787004,0.98787004,0.0006466977,0.02543025,0.0007346587
2019-05-30,1.0133269e-05,0.0753541,0.91280293,0.98815703,0.98815703,0.00060582545,0.024613522,0.0008556361
2019-05-31,8.766087e-06,0.24249576,0.74273807,0.98523384,0.98523384,0.0006760939,0.026001805,0.00059366075
2019-06-03,8.672178e-06,0.24495722,0.73956954,0.98452675,0.98452675,0.001281992,0.035804916,0.00056046277
2019-06-04,2.6717053e-05,0.24089292,0.73728645,0.9781794,0.97817934,0.0009627289,0.031027874,0.0012243956
2019-06-05,5.171484e-05,0.11068388,0.86759907,0.9782829,0.9782829,0.00074051775,0.027212456,0.002381299
2019-06-06,2.7206881e-05,0.20145991,0.78147674,0.9829367,0.9829366,0.00082573894,0.028735673,0.0015944659
2019-06-07,3.6842222e-05,0.12342303,0.8577052,0.9811282,0.9811282,0.0007322196,0.027059557,0.0019522384
2019-06-10,1.6299899e-05,0.060205586,0.92640316,0.98660874,0.98660874,0.00074852724,0.027359227,0.0012172046
2019-06-11,1.4423328e-05,0.1148148,0.87231684,0.98713166,0.98713166,0.0007212893,0.02685683,0.0011208379
2019-06-12,1.481513e-05,0.05905982,0.9280086,0.9870684,0.9870684,0.0006436164,0.025369596,0.0011456546
2019-06-13,1.2006637e-05,0.23941824,0.74527645,0.9846947,0.9846947,0.0007115925,0.026675692,0.00078447675
2019-06-14,3.598162e-05,0.087551706,0.89219904,0.97975075,0.97975075,0.0006562114,0.025616623,0.0017769361
2019-06-17,1.4321186e-05,0.058851782,0.9283245,0.9871763,0.9871763,0.0006229617,0.024959201,0.0011167749
2019-06-18,2.6102745e-05,0.16692798,0.8152831,0.9822111,0.9822111,0.0006002068,0.024499118,0.0014673625
2019-06-19,1.6458158e-05,0.09176739,0.8897176,0.98148495,0.98148495,0.00074391125,0.027274737,0.000888907
2019-06-20,8.7987e-06,0.070860386,0.91775185,0.98861223,0.98861223,0.0006790688,0.026058948,0.000772645
2019-06-21,3.861628e-06,0.22911598,0.7509959,0.98011184,0.98011184,0.0008245375,0.028714761,0.00019416717
2019-06-24,4.2722527e-06,0.11439185,0.873932,0.98832387,0.98832387,0.0006644508,0.025776943,0.0003658962
2019-06-25,9.138332e-06,0.063547745,0.9245858,0.98813355,0.98813355,0.0005921186,0.024333486,0.0007700982
2019-06-26,6.9110224e-06,0.11026686,0.8762305,0.98649734,0.98649734,0.000556736,0.023595255,0.00051182683
2019-06-27,4.4243034e-06,0.21647695,0.76299477,0.9794717,0.9794717,0.00057049835,0.023885107,0.00021552198
2019-06-28,9.223086e-06,0.08300406,0.9047264,0.98773044,0.98773044,0.00043979037,0.020971179,0.0007517049
2019-07-01,9.9723e-06,0.08303485,0.9039528,0.98698765,0.98698765,0.0004297755,0.020731028,0.00076637196
2019-07-02,9.266167e-06,0.15910871,0.82481724,0.98392594,0.98392594,0.00040729472,0.020181544,0.000576467
2019-07-03,3.1787667e-06,0.22679004,0.76313615,0.98992616,0.9899262,0.0007349701,0.027110333,0.00031554667
2019-07-05,1.0512485e-05,0.06314907,0.92326677,0.98641586,0.98641586,0.00064553786,0.025407437,0.00077387947
2019-07-08,1.0761957e-05,0.05809083,0.92950183,0.98759264,0.98759264,0.0006069841,0.024637047,0.0008673848
2019-07-09,1.5825806e-05,0.14908254,0.83507967,0.9841622,0.9841622,0.00057528017,0.023984998,0.0009992435
2019-07-10,1.1198993e-05,0.059358045,0.92772454,0.9870826,0.9870826,0.000497322,0.022300718,0.00086696964
2019-07-11,1.1597989e-05,0.21681288,0.74239063,0.95920354,0.9592035,0.00058613846,0.024210297,0.00028428913
2019-07-12,7.766797e-06,0.13199757,0.8558046,0.9878022,0.9878022,0.0004503007,0.02122029,0.00063673797
2019-07-15,1.4825886e-05,0.08358268,0.9006943,0.984277,0.984277,0.0003931369,0.01982768,0.00094294315
2019-07-16,1.0741855e-05,0.19974224,0.7849103,0.9846526,0.9846526,0.00037859313,0.01945747,0.00069991266
2019-07-17,9.767771e-06,0.20292075,0.78254265,0.9854634,0.9854634,0.0005345941,0.023121292,0.0006719424
2019-07-18,2.2915556e-05,0.07330916,0.90991175,0.98322093,0.98322093,0.0004733051,0.021755576,0.0013657231
2019-07-19,3.5365156e-05,0.11180344,0.86810327,0.9799067,0.9799067,0.0005056452,0.022486556,0.0017600453
2019-07-22,2.5359619e-05,0.06991701,0.91242784,0.98234487,0.98234487,0.00047796458,0.0218624,0.0014363878
2019-07-23,1.1655504e-05,0.058103632,0.9294571,0.98756075,0.98756075,0.00046890217,0.02165415,0.00093699404
2019-07-24,1.3206681e-05,0.06066496,0.92580134,0.9864663,0.9864663,0.00045272073,0.021277236,0.00097583584
2019-07-25,3.89818e-05,0.08030833,0.89906305,0.97937137,0.97937137,0.00044794357,0.021164678,0.001889694
2019-07-26,1.3773724e-05,0.060149312,0.9265402,0.9866895,0.9866895,0.00044212295,0.02102672,0.0010348021
2019-07-29,4.5965724e-05,0.08140987,0.8960525,0.97746235,0.97746235,0.0004239489,0.020590018,0.0020395084
2019-07-30,3.2716496e-05,0.07704058,0.90314424,0.98018485,0.9801848,0.00043682512,0.020900361,0.0016510852
2019-07-31,1.485047e-05,0.07203611,0.91139823,0.9834343,0.9834343,0.00045897558,0.021423716,0.00089645997
2019-08-01,1.080248e-05,0.058221158,0.9293161,0.98753726,0.98753726,0.0004388026,0.020947617,0.0008667824
2019-08-02,4.5929105e-06,0.24557991,0.7412601,0.98684,0.98684,0.00081556686,0.028558131,0.00034900563
2019-08-05,1.3055264e-05,0.22157682,0.74355865,0.96513546,0.96513546,0.00084462203,0.029062381,0.00037445675
2019-08-06,4.295869e-06,0.23150012,0.7578143,0.98931444,0.98931444,0.0007114368,0.026672773,0.00040202553
2019-08-07,2.011942e-05,0.06413248,0.9216118,0.9857443,0.98574424,0.0006342861,0.025185037,0.0014113244
2019-08-08,1.8304434e-05,0.18968228,0.7956046,0.98528683,0.98528683,0.00075715035,0.027516365,0.0012440851
2019-08-09,1.8986999e-05,0.06371529,0.9214642,0.9851795,0.9851795,0.0007667405,0.027690079,0.0012811294
2019-08-12,1.3296679e-05,0.07299773,0.9118975,0.9848952,0.9848952,0.00080987386,0.028458282,0.00088029663
2019-08-13,1.1827288e-05,0.10333615,0.88384336,0.9871795,0.9871795,0.00075605797,0.027496507,0.0009225307
2019-08-14,1.502869e-05,0.17428991,0.79021907,0.964509,0.964509,0.0008332834,0.028866649,0.00042345084
2019-08-15,4.04555e-06,0.22790048,0.7615838,0.98948425,0.9894843,0.00086952327,0.02948768,0.00038471344
2019-08-16,1.5276493e-05,0.081882894,0.9048114,0.9866943,0.9866943,0.0007115333,0.026674582,0.0011481144
2019-08-19,3.1083193e-05,0.07698237,0.90249336,0.97947574,0.97947574,0.0006631826,0.025752332,0.0015144608
2019-08-20,8.528354e-06,0.11891572,0.86402905,0.9829448,0.9829448,0.0006735362,0.025952576,0.0005000438
2019-08-21,1.4244881e-05,0.069762744,0.9147788,0.9845416,0.9845416,0.0005909937,0.024310362,0.00092149747
2019-08-22,1.7756089e-05,0.06485639,0.91986126,0.98471767,0.98471767,0.00056495605,0.023768805,0.0011618703
2019-08-23,2.84967e-05,0.09310398,0.88834506,0.98144907,0.98144907,0.0005399164,0.023236101,0.0015361331
2019-08-26,3.386595e-05,0.07342896,0.907905,0.9813339,0.981334,0.0005523254,0.023501605,0.0018143035
2019-08-27,2.4156516e-05,0.06433626,0.9202401,0.98457634,0.98457634,0.0005427716,0.023297459,0.0015661991
2019-08-28,2.3121127e-05,0.066792116,0.9166608,0.9834529,0.9834529,0.00055924617,0.023648387,0.0013972932
2019-08-29,1.3411334e-05,0.061337117,0.92492807,0.9862652,0.9862652,0.0005510246,0.023473913,0.00097644795
2019-08-30,1.2774121e-05,0.06238155,0.923716,0.9860976,0.9860976,0.00053936,0.023224125,0.00091884116
2019-09-03,2.2072652e-05,0.2101891,0.7697318,0.9799209,0.9799209,0.000563594,0.023740135,0.0010992863
2019-09-04,9.60897e-05,0.23038983,0.72620213,0.95659196,0.95659196,0.0005531902,0.023519995,0.0022136385
2019-09-05,4.9624166e-05,0.16559201,0.7632042,0.92879623,0.92879623,0.0009017758,0.030029582,0.00069693173
2019-09-06,1.5378713e-05,0.070500925,0.91355366,0.98405457,0.98405457,0.0007379002,0.02716432,0.0009644587
2019-09-09,1.4730903e-05,0.07306065,0.9101184,0.98317903,0.98317903,0.00069043547,0.02627614,0.0008757465
2019-09-10,2.3815322e-05,0.14137875,0.8233203,0.9646991,0.9646991,0.0006818273,0.026111823,0.0006746376
2019-09-11,2.0085125e-05,0.14380738,0.8279891,0.9717965,0.9717965,0.0005943333,0.024378952,0.0007121504
2019-09-12,2.8459854e-05,0.079213254,0.90089333,0.9801066,0.9801066,0.0006365316,0.025229579,0.0014306173
2019-09-13,2.5381307e-05,0.06895094,0.9136077,0.98255867,0.98255867,0.00061359565,0.024770863,0.001455239
2019-09-16,1.9248599e-05,0.06536797,0.9189664,0.98433435,0.98433435,0.00058742875,0.024236929,0.0012287137
2019-09-17,8.9991714e-05,0.0477757,0.1433327,0.1911084,0.1911084,0.0017807033,0.042198382,0.00011125312
2019-09-18,1.3940784e-06,0.24113783,0.7498826,0.9910204,0.99102044,0.00050872966,0.022555036,0.00015524917
2019-09-19,4.9526934e-06,0.24043669,0.72917855,0.9696152,0.9696152,0.0004910959,0.022160683,0.00016299916
2019-09-20,4.479788e-06,0.24011193,0.72257584,0.9626878,0.9626878,0.00036305198,0.019053923,0.00012006226
2019-09-23,2.3414964e-06,0.24109952,0.7425258,0.98362535,0.98362535,0.00026701853,0.0163407,0.00014299522
2019-09-24,1.10772025e-05,0.1629011,0.8138215,0.9767226,0.9767226,0.00022095103,0.014864421,0.00047587795
2019-09-25,1.325176e-05,0.11666904,0.866472,0.98314106,0.98314106,0.00028107764,0.016765371,0.00078603777
2019-09-26,1.5739774e-05,0.161,0.8191265,0.9801265,0.9801265,0.0002806576,0.01675284,0.00079199806
2019-09-27,1.6229023e-05,0.105234765,0.8732638,0.9784985,0.9784985,0.00024607507,0.01568678,0.0007547863
2019-09-30,1.3915668e-05,0.084366575,0.90014714,0.9845137,0.9845137,0.00023991149,0.015489076,0.00089857925
2019-10-01,0.000107365566,0.13167952,0.8323715,0.964051,0.964051,0.00032569695,0.018047076,0.0029866085
2019-10-02,8.249842e-05,0.09226812,0.8773885,0.9696566,0.9696566,0.0003881955,0.019702679,0.0027188247
2019-10-03,6.641218e-05,0.083613865,0.8906444,0.97425824,0.97425824,0.00045530702,0.021337925,0.00257994
2019-10-04,1.6819306e-05,0.059964515,0.9267105,0.986675,0.986675,0.00047317086,0.021752492,0.0012622391
2019-10-07,2.043947e-05,0.063052334,0.9221891,0.9852415,0.9852415,0.00045792534,0.02139919,0.001384926
2019-10-08,5.580381e-05,0.07789823,0.89836913,0.97626734,0.97626734,0.00044285244,0.021044059,0.0023513506
2019-10-09,2.7613933e-05,0.06685177,0.9164265,0.9832783,0.9832783,0.00045414176,0.021310601,0.0016513806
2019-10-10,5.2444946e-05,0.07744598,0.89921606,0.97666204,0.97666204,0.00044386814,0.021068178,0.002247195
2019-10-11,1.5281319e-05,0.06116707,0.92506117,0.9862282,0.9862282,0.00047625863,0.02182335,0.0011096116
2019-10-14,2.7547028e-05,0.09258098,0.8835262,0.9761072,0.9761072,0.00048284928,0.021973832,0.0011529417
2019-10-15,1.3076655e-05,0.0592834,0.9277768,0.9870602,0.9870602,0.0004939785,0.022225628,0.0010105754
2019-10-16,1.5065371e-05,0.060805447,0.9255499,0.98635536,0.98635536,0.0004845402,0.022012275,0.0011041241
2019-10-17,3.8156224e-05,0.11544604,0.8536691,0.96911514,0.96911514,0.00046976208,0.021673996,0.0012354346
2019-10-18,1.5151978e-05,0.06508673,0.91992015,0.98500687,0.98500687,0.00045163365,0.021251675,0.0010105947
2019-10-21,2.2260023e-05,0.07085831,0.9116608,0.9825191,0.9825191,0.00043121388,0.02076569,0.0012733904
2019-10-22,3.7746926e-05,0.07543107,0.90362394,0.979055,0.979055,0.00042114063,0.020521712,0.0018021916
2019-10-23,1.7084605e-05,0.06923201,0.914353,0.983585,0.983585,0.00043661054,0.020895228,0.0010407923
2019-10-24,1.2186359e-05,0.12840012,0.84846795,0.97686803,0.97686803,0.0004900358,0.022136752,0.00052681897
2019-10-25,1.142103e-05,0.1160943,0.86486274,0.98095703,0.98095703,0.0004304477,0.020747233,0.0005997505
2019-10-28,1.119665e-05,0.0953197,0.8884157,0.9837354,0.9837354,0.00039002192,0.019748973,0.00068840536
2019-10-29,1.1443288e-05,0.06000945,0.926805,0.98681444,0.9868145,0.00038016838,0.019497907,0.0008678651
2019-10-30,1.4391487e-05,0.067336425,0.91705906,0.9843955,0.9843955,0.00036533867,0.019113835,0.0009222654
2019-10-31,1.4284167e-05,0.061634917,0.9244136,0.9860485,0.9860485,0.0003547842,0.018835716,0.001023846
2019-11-01,7.072231e-05,0.11035117,0.8592533,0.96960443,0.96960443,0.00035872776,0.01894011,0.0023267309
2019-11-04,2.5652824e-05,0.18462434,0.76422775,0.9488521,0.94885206,0.0005249037,0.022910777,0.0005015423
2019-11-05,1.5956437e-05,0.09265784,0.8871232,0.9797811,0.9797811,0.00043299535,0.02080854,0.0007891839
2019-11-06,1.4945298e-05,0.17918779,0.7889218,0.96810955,0.96810955,0.00041317948,0.020326817,0.00046864492
2019-11-07,2.781134e-05,0.16976877,0.80684686,0.9766156,0.9766156,0.00038527255,0.01962836,0.0011893121
2019-11-08,2.2081027e-05,0.17109522,0.7993028,0.970398,0.97039807,0.00037127492,0.019268496,0.0007459305
2019-11-11,2.5751611e-05,0.08058216,0.89889497,0.9794771,0.9794771,0.0003191472,0.017864691,0.001254775
2019-11-12,0.000107660715,0.16753212,0.7885394,0.9560715,0.9560715,0.00031646693,0.017789517,0.0024508168
2019-11-13,2.0534895e-05,0.068577275,0.91457754,0.98315483,0.98315483,0.0003574879,0.018907351,0.0012190378
2019-11-14,2.5333078e-05,0.09150351,0.88512945,0.97663295,0.97663295,0.00034947006,0.018694118,0.0010841369
2019-11-15,2.512656e-05,0.07144225,0.91024655,0.9816888,0.9816888,0.0003383892,0.018395359,0.001372196
2019-11-18,2.1322632e-05,0.10126088,0.87436795,0.97562885,0.97562885,0.00035225978,0.018768584,0.00087491295
2019-11-19,4.1928026e-05,0.07923375,0.89908344,0.9783172,0.9783172,0.00034370046,0.01853916,0.0019336999
2019-11-20,2.1547286e-05,0.06746409,0.91654736,0.9840115,0.9840115,0.00043734524,0.0209128,0.0013476716
2019-11-21,1.5248828e-05,0.14549679,0.82519656,0.97069335,0.97069335,0.00049854524,0.022328127,0.00052031974
2019-11-22,6.3726798e-06,0.2219829,0.7513671,0.97335,0.97335,0.0005188662,0.022778634,0.00023912484
2019-11-25,8.374194e-06,0.09550693,0.89130473,0.98681164,0.98681164,0.000440753,0.020994117,0.00063496846
2019-11-26,1.8407605e-05,0.21167707,0.7562515,0.9679286,0.9679286,0.00040267772,0.020066831,0.0005739568
2019-11-27,5.6158888e-06,0.19475764,0.7865433,0.98130095,0.98130095,0.00033224767,0.018227663,0.00030033017
2019-11-29,1.2983947e-05,0.08081361,0.90447706,0.98529065,0.98529065,0.0002725961,0.016510485,0.0008827001
2019-12-02,3.7888287e-05,0.23759572,0.73674726,0.974343,0.974343,0.00047938008,0.02189475,0.0014767234
2019-12-03,1.5594183e-05,0.17095463,0.811848,0.9828026,0.9828026,0.0004375034,0.020916581,0.0009067772
2019-12-04,1.3811077e-05,0.05939094,0.92761004,0.987001,0.987001,0.0003716539,0.019278327,0.0010624725
2019-12-05,5.686882e-06,0.22098233,0.7545225,0.9755048,0.9755048,0.00045576267,0.0213486,0.00023216326
2019-12-06,5.47987e-06,0.12675521,0.8605825,0.98733765,0.9873377,0.0003495826,0.018697128,0.00043276878
2019-12-09,7.565242e-06,0.19717842,0.78444564,0.98162407,0.98162407,0.00032726722,0.018090528,0.00041169295
2019-12-10,8.816149e-06,0.1637638,0.82193255,0.9856964,0.9856964,0.00026641434,0.016322203,0.00061635766
2019-12-11,6.8611466e-06,0.16159491,0.8215755,0.98317045,0.98317045,0.00022977675,0.015158389,0.00040768448
2019-12-12,1.4928486e-05,0.163356,0.820857,0.984213,0.984213,0.0002069716,0.014386508,0.0009456186
2019-12-13,1.3697507e-05,0.0814263,0.9021688,0.98359513,0.98359513,0.00019256413,0.013876747,0.000834966
2019-12-16,7.1158966e-06,0.1741095,0.8062762,0.9803857,0.9803857,0.0002049911,0.014317511,0.00036279164
2019-12-17,7.524576e-06,0.13271725,0.8513657,0.98408294,0.98408294,0.00017315561,0.013158861,0.0004727365
2019-12-18,6.1875e-06,0.19319232,0.7864513,0.9796436,0.9796436,0.00017346384,0.013170567,0.0003039582
2019-12-19,1.1068044e-05,0.06847196,0.9174163,0.98588824,0.98588824,0.00014263963,0.011943184,0.00078431366
2019-12-20,7.485668e-06,0.15632279,0.82476115,0.9810839,0.9810839,0.0001433207,0.011971663,0.0003957306
2019-12-23,1.1285733e-05,0.060468417,0.9261759,0.9866443,0.9866443,0.0001523584,0.0123433545,0.00084501423
2019-12-24,2.7593518e-05,0.090047725,0.88974786,0.9797956,0.9797956,0.00015246753,0.012347775,0.0013657166
2019-12-26,1.0557482e-05,0.100322895,0.88204336,0.98236626,0.98236626,0.00017131546,0.013088753,0.0005987093
2019-12-27,8.638272e-06,0.122702084,0.8593266,0.98202866,0.98202866,0.00016987452,0.013033592,0.00048066943
2019-12-30,2.485185e-05,0.101358,0.8780539,0.9794119,0.9794119,0.0001546366,0.012435297,0.0012070978
2019-12-31,1.4970049e-05,0.06674637,0.91780806,0.9845544,0.9845544,0.00016071078,0.012677176,0.00096921186
2020-01-02,2.317849e-05,0.07557762,0.90661234,0.98218995,0.98218995,0.00016960927,0.013023412,0.0013014278
2020-01-03,1.8894212e-05,0.068674155,0.91495436,0.9836285,0.9836285,0.00017717326,0.013310645,0.0011540925
2020-01-06,6.185121e-06,0.19086935,0.78785396,0.9787233,0.9787233,0.00024226971,0.015565015,0.0002906991
2020-01-07,9.601133e-06,0.061290964,0.9262739,0.98756486,0.98756486,0.00019906813,0.0141091505,0.000772097
2020-01-08,1.4810379e-05,0.09774289,0.8860174,0.9837603,0.9837603,0.00019928021,0.014116664,0.0009119859
2020-01-09,4.7608814e-06,0.23436947,0.7541513,0.98852074,0.98852074,0.0004433805,0.021056602,0.0004147377
2020-01-10,9.1121365e-06,0.119465955,0.8676864,0.98715234,0.98715234,0.0003394089,0.018423054,0.00070924475
2020-01-13,1.2019649e-05,0.067280635,0.9198822,0.9871628,0.9871628,0.00031330503,0.017700424,0.000936316
2020-01-14,1.2790379e-05,0.11350389,0.87318075,0.9866846,0.9866846,0.00031883485,0.017855948,0.0009605718
2020-01-15,1.8037334e-05,0.08469435,0.8998181,0.98451245,0.98451245,0.0002918129,0.017082533,0.0011646342
2020-01-16,1.8771298e-05,0.18579812,0.79762363,0.98342174,0.98342174,0.00028535092,0.016892333,0.0011322842
2020-01-17,1.3518081e-05,0.0905636,0.89584225,0.98640585,0.98640585,0.00027298878,0.016522372,0.0009944042
2020-01-21,2.2780769e-05,0.15159692,0.831086,0.9826829,0.9826829,0.00025807394,0.01606468,0.001315506
2020-01-22,1.1275639e-05,0.15857792,0.8278668,0.9864447,0.9864447,0.00023929377,0.015469124,0.00083182583
2020-01-23,1.2920636e-05,0.2389153,0.74455655,0.9834718,0.9834719,0.0003341196,0.018278938,0.0007817333
2020-01-24,2.6093148e-05,0.182686,0.7993792,0.9820652,0.9820652,0.00036420656,0.019084197,0.0014548893
2020-01-27,2.5340658e-05,0.23728287,0.7428657,0.98014855,0.98014855,0.00043831946,0.020936081,0.0012765145
2020-01-28,4.1814958e-05,0.2023889,0.7765695,0.97895837,0.97895837,0.00044402148,0.021071818,0.001987249
2020-01-29,4.4626384e-05,0.071745634,0.9083661,0.9801117,0.9801117,0.00039425743,0.019855917,0.0022438532
2020-01-30,3.910622e-05,0.06977553,0.91184276,0.9816183,0.9816183,0.00040342254,0.020085381,0.0021274523
2020-01-31,2.791136e-05,0.22986121,0.75069094,0.98055214,0.98055214,0.00044325186,0.021053547,0.001435189
2020-02-03,7.938139e-05,0.10653439,0.8666904,0.9732248,0.97322476,0.00039065746,0.019765057,0.0029647376
2020-02-04,5.673314e-05,0.1850066,0.7914628,0.9764694,0.9764694,0.00050610263,0.022496725,0.0024110365
2020-02-05,0.00012961437,0.10397593,0.8601751,0.964151,0.964151,0.00047679408,0.021835616,0.003615567
2020-02-06,4.4108732e-05,0.07216807,0.9077169,0.9798849,0.9798849,0.0005922894,0.024336996,0.0021928195
2020-02-07,3.9926537e-05,0.070194155,0.911199,0.9813931,0.9813931,0.00058272504,0.024139699,0.002145792
2020-02-10,2.4555628e-05,0.064207435,0.920627,0.98483443,0.98483443,0.0005821917,0.02412865,0.0016191697
2020-02-11,4.409563e-05,0.1944392,0.7827523,0.9771915,0.97719145,0.0005754791,0.023989147,0.0019332987
2020-02-12,4.792674e-05,0.09474307,0.88337326,0.97811633,0.97811633,0.00050462794,0.022463925,0.002190069
2020-02-13,1.2704836e-05,0.059147887,0.9279744,0.9871223,0.9871223,0.0005486968,0.023424277,0.0009865763
2020-02-14,1.9091149e-05,0.14629069,0.8379483,0.98423904,0.984239,0.0005231524,0.022872524,0.0012112936
2020-02-18,1.5392616e-05,0.14314274,0.8413005,0.98444325,0.98444325,0.0004783194,0.021870514,0.0009894491
2020-02-19,1.0909405e-05,0.058181178,0.92936945,0.9875506,0.9875506,0.00041781107,0.020440428,0.00087630085
2020-02-20,1.0873125e-05,0.10802531,0.87433976,0.9823651,0.9823651,0.00043081166,0.020756003,0.00061656756
2020-02-21,6.559585e-06,0.12464826,0.8634973,0.9881456,0.9881456,0.0003961338,0.01990311,0.00055334554
2020-02-24,1.1662111e-05,0.19491751,0.79001975,0.98493725,0.98493725,0.00035601758,0.018868428,0.00077423523
2020-02-25,5.54415e-06,0.23869449,0.74928814,0.98798263,0.98798263,0.0005663354,0.023797803,0.00046134475
2020-02-26,9.44244e-06,0.24076372,0.7438068,0.9845705,0.9845705,0.00065104896,0.02551566,0.00061197334
2020-02-27,1.2094501e-05,0.24413197,0.73836154,0.9824935,0.9824935,0.00063196616,0.025138937,0.0006908585
2020-02-28,7.968575e-05,0.23393911,0.7306093,0.9645484,0.9645484,0.0007688277,0.027727742,0.002247734
2020-03-02,8.310575e-05,0.17496428,0.7964215,0.97138584,0.97138584,0.0012494938,0.03534818,0.0029043572
2020-03-03,1.1801119e-05,0.058105633,0.9294501,0.98755574,0.98755574,0.0014056802,0.037492402,0.00094831845
2020-03-04,1.394364e-05,0.07094416,0.916823,0.98776716,0.9877672,0.0013229315,0.036372125,0.001139853
2020-03-05,1.4773649e-05,0.077623025,0.9098897,0.9875127,0.9875127,0.0012322726,0.035103742,0.0011830947
2020-03-06,1.0009686e-05,0.23891497,0.7468304,0.9857454,0.9857454,0.0011647068,0.0341278,0.000702206
2020-03-09,1.28335005e-05,0.24559383,0.73823524,0.9838291,0.9838291,0.0035807984,0.059839774,0.00079361605
2020-03-10,6.9870795e-05,0.19347787,0.78943837,0.98291624,0.98291624,0.022248512,0.14915936,0.0040898947
2020-03-11,4.881446e-05,0.08113602,0.8966378,0.97777385,0.9777738,0.019510219,0.13967898,0.0021962621
2020-03-12,3.6318987e-05,0.07664125,0.9104381,0.9870794,0.9870794,0.01768034,0.13296744,0.0028109327
2020-03-13,4.3511536e-05,0.2450469,0.73899627,0.9840432,0.9840432,0.01629642,0.12765743,0.0027268303
2020-03-16,3.984294e-05,0.060857467,0.92488104,0.9857385,0.9857385,0.012098639,0.109993815,0.0027937442
2020-03-17,0.0003470254,0.23120804,0.69649863,0.92770666,0.92770666,0.011845591,0.10883745,0.00480024
2020-03-18,0.00017048477,0.084618375,0.87914276,0.96376115,0.96376115,0.009519563,0.09756825,0.0047044754
2020-03-19,0.00010608223,0.06916353,0.90959847,0.978762,0.97876203,0.015181124,0.123211704,0.004994919
2020-03-20,3.5551933e-05,0.058322378,0.92866826,0.98699063,0.98699063,0.017062591,0.13062385,0.0027327945
2020-03-23,5.655352e-05,0.058504496,0.9279741,0.9864786,0.9864786,0.016685925,0.12917401,0.004182528
2020-03-24,0.0002451881,0.14826405,0.804458,0.9527221,0.9527221,0.01563609,0.12504435,0.005186101
2020-03-25,3.1064184e-05,0.05828771,0.9287964,0.9870841,0.98708415,0.012933514,0.11372561,0.00240511
2020-03-26,2.3860293e-05,0.058229767,0.929008,0.98723775,0.98723775,0.012065958,0.109845154,0.0018695995
2020-03-27,4.0930536e-05,0.058364253,0.9285118,0.9868761,0.9868761,0.011611074,0.10775469,0.0031187714
2020-03-30,5.468864e-05,0.06275291,0.9217168,0.9844697,0.9844697,0.0109659415,0.104718395,0.0035214182
2020-03-31,3.8814538e-05,0.058347646,0.92857414,0.9869218,0.9869218,0.010456926,0.102259114,0.0029678778
2020-04-01,9.810066e-05,0.07289988,0.9043494,0.97724926,0.97724926,0.009769884,0.098842725,0.0043119774
2020-04-02,7.747283e-05,0.06873845,0.9120368,0.98077524,0.98077524,0.008938848,0.09454548,0.004029846
2020-04-03,3.9270617e-05,0.064890556,0.91879064,0.9836812,0.9836812,0.011564326,0.10753755,0.0024064651
2020-04-06,2.219484e-05,0.058755845,0.9282726,0.9870285,0.9870285,0.01148488,0.107167535,0.0017110438
2020-04-07,2.3423674e-05,0.058226064,0.9290214,0.98724747,0.98724747,0.011091422,0.10531582,0.001836786
2020-04-08,3.1532683e-05,0.05876937,0.9280949,0.98686427,0.98686427,0.0108969975,0.104388684,0.0024005275
2020-04-09,3.1171603e-05,0.06117434,0.92453206,0.9857064,0.9857064,0.010354538,0.10175725,0.0021808068
2020-04-13,3.353178e-05,0.058306806,0.92872596,0.9870328,0.9870328,0.010188237,0.10093679,0.0025858865
2020-04-14,3.074795e-05,0.058307733,0.9287733,0.987081,0.987081,0.009510049,0.09751948,0.002380055
2020-04-15,3.335936e-05,0.05830548,0.92873085,0.98703635,0.98703635,0.009550198,0.097725116,0.0025732995
2020-04-16,4.5919878e-05,0.061334662,0.9240513,0.98538595,0.98538595,0.008911664,0.094401605,0.0031421743
2020-04-17,4.1532436e-05,0.06117638,0.9243728,0.98554915,0.98554915,0.008280758,0.09099867,0.0028740484
2020-04-20,4.6431753e-05,0.061397713,0.9239464,0.9853441,0.9853441,0.008129644,0.09016454,0.0031681296
2020-04-21,5.8448288e-05,0.06275538,0.92164904,0.98440444,0.98440444,0.0079929605,0.08940336,0.0037477529
2020-04-22,0.0008492837,0.1244465,0.7149891,0.83943564,0.83943564,0.007869949,0.08871273,0.005289366
2020-04-23,3.8557322e-05,0.058345642,0.92858166,0.9869273,0.9869273,0.019171422,0.1384609,0.0029494471
2020-04-24,3.6351787e-05,0.058328554,0.92864543,0.986974,0.986974,0.01972917,0.14046057,0.00279071
2020-04-27,2.5959678e-05,0.058247194,0.92894465,0.98719186,0.98719186,0.018397424,0.1356371,0.0020268103
2020-04-28,4.867894e-05,0.05842848,0.92826825,0.9866967,0.9866967,0.021749333,0.14747655,0.0036591683
2020-04-29,3.8465514e-05,0.05834493,0.92858434,0.98692924,0.9869293,0.020310592,0.14251523,0.0029428669
2020-04-30,3.0692212e-05,0.058284827,0.92880714,0.98709196,0.98709196,0.021208106,0.14563003,0.002377759
2020-05-01,5.5368804e-05,0.07215668,0.9073725,0.97952914,0.97952914,0.02264565,0.15048471,0.0027047624
2020-05-04,7.0213784e-05,0.09213863,0.87260705,0.9647457,0.9647457,0.020772796,0.14412771,0.0019916375
2020-05-05,2.160472e-05,0.062213134,0.92309076,0.9853039,0.9853039,0.018280374,0.13520493,0.0014700966
2020-05-06,0.0010114532,0.01876392,0.057255693,0.076019615,0.076019615,0.019044587,0.13800213,0.0010946696
2020-05-07,3.889302e-05,0.067891814,0.9140082,0.98190004,0.98190004,0.002112422,0.04596109,0.00214879
2020-05-08,7.353159e-05,0.08297505,0.88683593,0.96981096,0.96981096,0.001993531,0.044648975,0.0024357052
2020-05-11,0.00062665547,0.1435571,0.63776016,0.78131723,0.78131723,0.002041156,0.045179155,0.0028655916
2020-05-12,5.063641e-05,0.083208375,0.89057994,0.9737883,0.9737883,0.0020166412,0.04490703,0.0019318262
2020-05-13,0.00020571637,0.11987103,0.8053234,0.92519444,0.92519444,0.0022034987,0.04694144,0.0027500144
2020-05-14,0.0006638855,0.13797945,0.6990077,0.83698714,0.83698714,0.0020254913,0.04500546,0.004072596
2020-05-15,0.00033011247,0.15112235,0.657852,0.8089743,0.8089743,0.003093536,0.055619564,0.0017281052
2020-05-18,0.00012209067,0.1203444,0.816387,0.9367314,0.9367314,0.0030117913,0.05487979,0.0019297197
2020-05-19,0.00032760712,0.15102893,0.5656002,0.71662915,0.71662915,0.0033100937,0.057533413,0.0011561073
2020-05-20,3.1264226e-05,0.07427725,0.9057404,0.9800176,0.98001766,0.002265811,0.047600534,0.0015645883
2020-05-21,0.0011614019,0.13940015,0.47565565,0.6150558,0.6150558,0.002149323,0.04636079,0.0030170656
2020-05-22,0.00029138802,0.15038605,0.7247306,0.87511665,0.87511665,0.0022055889,0.046963695,0.0023332816
2020-05-26,5.418238e-05,0.08791652,0.8830284,0.97094494,0.9709449,0.0019511379,0.044171687,0.0018648173
2020-05-27,6.936847e-05,0.10783777,0.84820724,0.95604503,0.95604503,0.0018688659,0.04323038,0.0015781713
2020-05-28,0.00016465291,0.11706864,0.82364106,0.9407097,0.9407097,0.0018837999,0.043402765,0.0027770638
2020-05-29,2.261375e-05,0.079341255,0.8996264,0.9789676,0.9789676,0.0018004548,0.042431768,0.0010751868
2020-06-01,0.000116836,0.1516418,0.74202406,0.89366585,0.89366585,0.0018504872,0.04301729,0.0010987627
2020-06-02,9.383507e-05,0.14317505,0.7756549,0.91883,0.91883,0.001490354,0.0386051,0.0011560312
2020-06-03,3.362656e-05,0.12645714,0.82646996,0.9529271,0.9529271,0.0014532236,0.03812117,0.0007143509
2020-06-04,1.7505316e-05,0.07246214,0.9094578,0.98191994,0.98191994,0.0012551245,0.035427734,0.0009682114
2020-06-05,4.4675562e-05,0.11663299,0.8406622,0.9572952,0.9572952,0.0011596292,0.03405333,0.001046148
2020-06-08,8.121239e-05,0.1624391,0.7176856,0.8801247,0.8801247,0.0013773602,0.037112802,0.00067747384
2020-06-09,1.4785783e-05,0.0786322,0.90166503,0.9802972,0.9802972,0.0012713387,0.035655838,0.000750441
2020-06-10,4.8770038e-05,0.14631598,0.78551614,0.93183213,0.93183213,0.0011901248,0.034498185,0.0007154403
2020-06-11,2.71716e-05,0.122667536,0.8367698,0.9594374,0.9594374,0.0010238,0.031996876,0.0006698678
2020-06-12,1.562405e-05,0.06449502,0.92061853,0.98511356,0.98511356,0.0017942364,0.04235843,0.0010495492
2020-06-15,6.738104e-05,0.12556085,0.8224503,0.9480111,0.94801116,0.001667816,0.0408389,0.001296066
2020-06-16,1.7469147e-05,0.103055485,0.86893195,0.9719874,0.9719874,0.0015066729,0.038815886,0.0006236181
2020-06-17,1.7873866e-05,0.10756483,0.86241436,0.96997917,0.96997917,0.0014398635,0.03794553,0.0005953821
2020-06-18,1.2417743e-05,0.08242126,0.89800006,0.9804213,0.9804213,0.0012732267,0.035682302,0.0006342477
2020-06-19,1.8438022e-05,0.11347224,0.85514,0.9686122,0.9686122,0.0011981693,0.03461458,0.0005874263
2020-06-22,1.8945615e-05,0.11130321,0.8577524,0.9690556,0.9690556,0.0011026554,0.033206254,0.0006122468
2020-06-23,2.2335566e-05,0.108675346,0.8590198,0.9676952,0.9676952,0.0009987042,0.031602282,0.0006914003
2020-06-24,1.6332095e-05,0.08639744,0.89144874,0.97784615,0.97784615,0.0008809027,0.029680004,0.0007372123
2020-06-25,4.105674e-05,0.08473028,0.89012885,0.9748591,0.9748591,0.0011175962,0.03343047,0.0016330669
2020-06-26,4.8774218e-05,0.14906156,0.7927818,0.94184333,0.94184333,0.00106414,0.03262116,0.00083866937
2020-06-29,1.50128635e-05,0.08618486,0.89275724,0.9789421,0.9789421,0.0008981276,0.029968778,0.0007129325
2020-06-30,1.5172345e-05,0.1119479,0.8590357,0.97098356,0.97098356,0.0008981277,0.029968778,0.000522888
2020-07-01,1.5297244e-05,0.097673886,0.8777135,0.9753874,0.9753874,0.0008005602,0.028294172,0.00062152074
2020-07-02,2.9359902e-05,0.13038373,0.8259527,0.95633644,0.95633644,0.0007362124,0.027133234,0.000672412
2020-07-06,1.9509273e-05,0.1267798,0.83798516,0.96476495,0.96476495,0.00069165096,0.026299259,0.00055368943
2020-07-07,1.618109e-05,0.0980435,0.8777611,0.9758046,0.9758046,0.00059917016,0.024477953,0.0006687679
2020-07-08,1.8487417e-05,0.10307315,0.86977744,0.97285056,0.97285056,0.00054213236,0.023283737,0.00068095024
2020-07-09,2.022698e-05,0.10074683,0.87162054,0.97236735,0.97236735,0.0004945545,0.022238582,0.00073199556
2020-07-10,3.1408214e-05,0.102335036,0.86655456,0.9688896,0.9688896,0.0005546771,0.023551583,0.0010095726
2020-07-13,2.1972724e-05,0.12988856,0.83218944,0.962078,0.962078,0.00056602975,0.02379138,0.00057941856
2020-07-14,1.8892873e-05,0.09514786,0.87995356,0.9751014,0.9751014,0.00050989026,0.02258075,0.000758793
2020-07-15,2.1985425e-05,0.11410832,0.85420203,0.96831036,0.96831036,0.00046948978,0.021667713,0.00069377315
2020-07-16,2.5925381e-05,0.14961995,0.801855,0.95147496,0.95147496,0.0004787396,0.021880118,0.00053426815
2020-07-17,2.443471e-05,0.11161107,0.85778904,0.9694001,0.9694001,0.00042864284,0.020703692,0.0007985227
2020-07-20,2.2552644e-05,0.11862605,0.84823155,0.9668576,0.9668576,0.00039406284,0.019851016,0.00068047736
2020-07-21,2.8425053e-05,0.13024457,0.827949,0.95819354,0.95819354,0.0003599765,0.018973047,0.00067992014
2020-07-22,4.5145553e-05,0.16019514,0.76390886,0.92410403,0.924104,0.00042533275,0.020623596,0.0005948347
2020-07-23,1.4953313e-05,0.09277839,0.8856898,0.9784682,0.9784682,0.0003705073,0.019248566,0.00069447514
2020-07-24,1.4454146e-05,0.084825635,0.8953277,0.9801533,0.9801533,0.00038113847,0.019522768,0.00072829047
2020-07-27,1.8750696e-05,0.11207533,0.8598498,0.97192514,0.97192514,0.0003579079,0.018918455,0.00066788204
2020-07-28,2.2818329e-05,0.12042019,0.847517,0.96793723,0.96793723,0.00033237494,0.018231153,0.0007116768
2020-07-29,1.7080329e-05,0.09143737,0.8860198,0.97745717,0.97745717,0.00032741515,0.018094616,0.0007576833
2020-07-30,2.2727903e-05,0.11351851,0.8565515,0.97007006,0.97007,0.0003097942,0.017600972,0.0007593703
2020-07-31,1.34252905e-05,0.06419894,0.921077,0.985276,0.985276,0.0004154536,0.020382678,0.0009117954
2020-08-03,3.930584e-05,0.12968066,0.83367336,0.96335405,0.963354,0.00040071877,0.020017961,0.0010725835
2020-08-04,1.9432027e-05,0.0903671,0.88573766,0.97610474,0.97610474,0.00041525502,0.020377807,0.00081321667
2020-08-05,3.170538e-05,0.13336451,0.8267606,0.9601251,0.9601251,0.00041168372,0.020289991,0.00079512096
2020-08-06,2.7170207e-05,0.12030566,0.8455132,0.9658189,0.9658189,0.00038953478,0.019736635,0.00079488935
2020-08-07,1.8943001e-05,0.08559003,0.89277273,0.97836274,0.97836274,0.00036077612,0.018994108,0.00087548053
2020-08-10,1.4470977e-05,0.06739529,0.91676277,0.98415804,0.98415804,0.00036813138,0.01918675,0.00091345864
2020-08-11,4.236545e-05,0.15361269,0.7904336,0.94404626,0.94404626,0.00037161686,0.019277366,0.00075715134
2020-08-12,2.289372e-05,0.08693408,0.8900887,0.97702277,0.97702277,0.00034627644,0.018608505,0.0009963654
2020-08-13,3.3584543e-05,0.15608664,0.7917595,0.9478461,0.9478461,0.0003850853,0.01962359,0.00064395095
2020-08-14,1.3895314e-05,0.07112186,0.9123981,0.98352,0.98352,0.0003552536,0.018848173,0.0008431608
2020-08-17,1.9936531e-05,0.09073164,0.8859866,0.97671825,0.97671825,0.00034033737,0.018448235,0.0008563157
2020-08-18,2.4523764e-05,0.12187509,0.8449597,0.9668348,0.9668348,0.00035957407,0.01896244,0.0007394423
2020-08-19,3.0269923e-05,0.15676165,0.7988102,0.95557183,0.95557183,0.00032835628,0.018120604,0.00068132277
2020-08-20,1.7280658e-05,0.077228904,0.90373766,0.98096657,0.98096657,0.00029263977,0.017106717,0.00090791075
2020-08-21,3.2980406e-05,0.0975309,0.8732863,0.9708172,0.9708172,0.00028723126,0.016947899,0.001130132
2020-08-24,1.3194889e-05,0.061605163,0.92447037,0.9860755,0.9860755,0.00028719986,0.016946971,0.0009476038
2020-08-25,4.7980746e-05,0.15658867,0.7827777,0.9393664,0.9393664,0.00028118913,0.016768696,0.00079132273
2020-08-26,2.7656022e-05,0.11504868,0.85211885,0.96716756,0.9671675,0.0003119951,0.017663384,0.0008423382
2020-08-27,2.4806723e-05,0.074651055,0.9061879,0.98083895,0.98083895,0.0002935668,0.017133791,0.0012946435
2020-08-28,3.2352644e-05,0.07611602,0.90341705,0.9795331,0.9795331,0.00029602242,0.017205302,0.0015807282
2020-08-31,2.669797e-05,0.09913518,0.87330604,0.9724412,0.9724412,0.00030004935,0.017321933,0.0009687637
2020-09-01,3.3652308e-05,0.075107254,0.9045173,0.97962457,0.97962457,0.00029615298,0.017209096,0.0016516121
2020-09-02,0.00047863225,0.179602,0.6597794,0.83938146,0.83938146,0.0003023338,0.017387748,0.0029799314
2020-09-03,2.1486108e-05,0.066026025,0.91789967,0.9839257,0.9839257,0.0008387467,0.028961124,0.0013366746
2020-09-04,2.2734368e-05,0.066183515,0.9175573,0.9837408,0.9837408,0.000792235,0.02814667,0.001398247
2020-09-08,2.0187807e-05,0.06320564,0.92196923,0.9851749,0.9851749,0.00085386843,0.029221028,0.0013617311
2020-09-09,0.00011497199,0.18964699,0.773221,0.96286803,0.962868,0.0012013043,0.034659836,0.0030963076
2020-09-10,6.3554435e-05,0.09294531,0.8758025,0.96874785,0.96874785,0.0012663469,0.03558577,0.0020336022
2020-09-11,4.5115987e-05,0.07523718,0.9051445,0.98038167,0.98038167,0.0012103472,0.034790043,0.002299685
2020-09-14,4.6109148e-05,0.073266566,0.90599644,0.979263,0.979263,0.0011406791,0.03377394,0.0022235215
2020-09-15,1.6860704e-05,0.059901115,0.9267724,0.98667353,0.98667353,0.0010798881,0.03286165,0.0012652044
2020-09-16,1.449989e-05,0.06108179,0.9251336,0.98621535,0.98621535,0.001060595,0.03256678,0.0010518869
2020-09-17,3.0064179e-05,0.116503194,0.84855545,0.9650586,0.9650586,0.001134704,0.033685368,0.0008604177
2020-09-18,3.3969074e-05,0.2191534,0.70819825,0.92735165,0.92735165,0.0010382768,0.032222304,0.0004675822
2020-09-21,5.05658e-06,0.17915052,0.805057,0.9842075,0.9842075,0.0007714814,0.027775554,0.0003201889
2020-09-22,1.837968e-05,0.18298282,0.80137193,0.98435473,0.98435473,0.0009890951,0.03144988,0.0011747759
2020-09-23,6.0001116e-06,0.14691138,0.83815193,0.9850633,0.9850633,0.0008202677,0.028640317,0.000401703
2020-09-24,1.0648282e-05,0.058089137,0.92950773,0.98759687,0.98759687,0.0007030544,0.026515173,0.0008585157
2020-09-25,1.5482914e-05,0.066714734,0.9176421,0.9843568,0.9843569,0.00066909526,0.025866875,0.0009897549
2020-09-28,3.228847e-05,0.088403456,0.886479,0.9748825,0.9748825,0.0006296721,0.025093267,0.0012854962
2020-09-29,2.1139096e-05,0.098488085,0.8773073,0.9757954,0.9757954,0.00059674674,0.024428401,0.00087334996
2020-09-30,1.19583165e-05,0.05810777,0.9294426,0.9875504,0.9875504,0.00065215846,0.025537394,0.0009605365
2020-10-01,0.00018280618,0.18562247,0.71193886,0.8975613,0.8975613,0.0006492599,0.02548058,0.0017845423
2020-10-02,4.1447984e-05,0.07508373,0.90509224,0.980176,0.980176,0.0009165652,0.030274827,0.0020907952
2020-10-05,6.384972e-05,0.087904945,0.8875091,0.97541404,0.97541404,0.0010185495,0.031914722,0.002596999
2020-10-06,4.6879228e-05,0.15749519,0.7731836,0.9306788,0.9306788,0.0012502299,0.03535859,0.0006762609
2020-10-07,1.7169545e-05,0.2251262,0.7005398,0.92566603,0.92566603,0.0012183946,0.03490551,0.00023097846
2020-10-08,4.454626e-06,0.13150175,0.8580812,0.98958296,0.98958296,0.00094445894,0.03073205,0.0004276286
2020-10-09,1.23836735e-05,0.22894092,0.71148145,0.94042236,0.94042236,0.00093583507,0.03059142,0.00020785772
2020-10-12,4.229072e-06,0.21540564,0.7685994,0.98400503,0.98400503,0.00072745414,0.026971357,0.0002644002
2020-10-13,1.0203098e-05,0.08645652,0.900453,0.9869095,0.9869095,0.00075054384,0.027396055,0.0007794282
2020-10-14,2.3062457e-05,0.19249707,0.76513046,0.95762753,0.95762753,0.00071757875,0.026787661,0.00054427935
2020-10-15,2.6357236e-05,0.21868816,0.72476137,0.94344956,0.9434495,0.0006525434,0.025544928,0.00046608364
2020-10-16,1.4434437e-05,0.08326616,0.89933157,0.9825977,0.9825977,0.00050034386,0.022368368,0.0008294561
2020-10-19,2.0240665e-05,0.14249429,0.83316433,0.97565866,0.97565866,0.00046481,0.021559453,0.00083153433
2020-10-20,2.0639094e-05,0.070560805,0.9121009,0.9826617,0.9826617,0.00040780837,0.020194266,0.0011903775
2020-10-21,3.220743e-05,0.10064215,0.8693364,0.9699786,0.9699786,0.00040863402,0.020214697,0.0010728147
2020-10-22,2.7608829e-05,0.07073907,0.91177297,0.98251206,0.98251206,0.0005131285,0.022652341,0.0015787351
2020-10-23,6.402629e-05,0.12876762,0.8250611,0.9538287,0.9538287,0.0005111396,0.022608396,0.0013867116
2020-10-26,3.5008696e-05,0.07556222,0.904092,0.97965425,0.97965425,0.00053658045,0.023164207,0.0017206887
2020-10-27,2.3293014e-05,0.064709835,0.9197675,0.98447734,0.98447734,0.0006031393,0.024558894,0.0015005815
2020-10-28,6.609737e-05,0.14722322,0.7933225,0.94054574,0.94054574,0.00062050717,0.02490998,0.0011117347
2020-10-29,3.054894e-05,0.14790091,0.83365643,0.9815573,0.98155737,0.0010351152,0.032173205,0.0016564254
2020-10-30,2.2178541e-05,0.061243497,0.9247588,0.98600227,0.98600227,0.0010585856,0.03253591,0.001584438
2020-11-02,4.438971e-05,0.071621574,0.9085257,0.9801473,0.9801473,0.0010082579,0.031753078,0.0022359537
2020-11-03,0.00010342285,0.10279087,0.856156,0.9589469,0.9589469,0.0010160202,0.03187507,0.0025192448
2020-11-04,3.8094237e-05,0.07886324,0.898767,0.97763026,0.97763026,0.0010257529,0.032027375,0.0017029359
2020-11-05,3.1904776e-05,0.17816246,0.7696562,0.94781864,0.94781864,0.0010772892,0.032822084,0.0006114209
2020-11-06,2.205515e-05,0.09060589,0.8903608,0.9809667,0.9809667,0.00087704574,0.029614957,0.0011587658
2020-11-09,2.4389728e-05,0.11536976,0.86714846,0.9825182,0.9825182,0.00097602064,0.03124133,0.0013951494
2020-11-10,3.6699137e-05,0.19930375,0.60485435,0.8041581,0.8041581,0.0016308762,0.04038411,0.00018739165
2020-11-11,4.586716e-06,0.23349357,0.7404152,0.9739088,0.9739088,0.0011575881,0.034023345,0.00017579539
2020-11-12,4.172828e-06,0.2112092,0.77170366,0.98291284,0.98291284,0.00086255715,0.029369323,0.00024420838
2020-11-13,5.0341887e-06,0.22814232,0.7511647,0.979307,0.979307,0.00068412255,0.026155736,0.00024327975
2020-11-16,4.8256074e-06,0.20443991,0.7806369,0.98507684,0.9850768,0.00065708236,0.025633618,0.00032336375
2020-11-17,4.9234528e-05,0.21347412,0.7004801,0.91395426,0.91395426,0.00069529767,0.026368497,0.00057219015
2020-11-18,9.72006e-06,0.17433295,0.8031454,0.9774783,0.9774784,0.0005370772,0.023174927,0.0004315869
2020-11-19,9.488362e-06,0.20474066,0.767707,0.97244763,0.97244763,0.00045560676,0.021344947,0.00034437556
2020-11-20,1.351893e-05,0.16423376,0.81122094,0.9754547,0.9754547,0.0003602099,0.018979197,0.00055077445
2020-11-23,1.038086e-05,0.19144195,0.7792198,0.97066176,0.97066176,0.00032066507,0.017907124,0.00035383375
2020-11-24,1.5192284e-05,0.1650655,0.80342245,0.968488,0.968488,0.0003456556,0.018591816,0.00048211074
2020-11-25,1.0694375e-05,0.2278627,0.72152215,0.94938487,0.94938487,0.0005816914,0.02411828,0.0002112881
2020-11-27,7.075414e-06,0.22047223,0.7504134,0.97088563,0.97088563,0.00049953087,0.022350186,0.00024302141
2020-11-30,8.406632e-06,0.18616295,0.7914877,0.97765064,0.97765064,0.00038578943,0.019641522,0.0003761465
2020-12-01,1.204284e-05,0.14266327,0.83631516,0.9789784,0.9789784,0.00031739118,0.017815476,0.0005728792
2020-12-02,1.7470928e-05,0.15133637,0.82259524,0.9739316,0.9739316,0.0003227634,0.017965617,0.0006701959
2020-12-03,1.8090554e-05,0.17855026,0.78341323,0.9619635,0.9619635,0.00032178947,0.017938491,0.00047561005
2020-12-04,3.2144308e-05,0.15597832,0.80220443,0.95818275,0.95818275,0.00028071835,0.016754651,0.0007686854
2020-12-07,1.1337989e-05,0.14735943,0.8290559,0.97641534,0.97641534,0.00028474187,0.016874297,0.00048073567
2020-12-08,1.8823242e-05,0.1324622,0.8441691,0.9766313,0.9766313,0.00026557923,0.016296603,0.00080548896
2020-12-09,1.4595156e-05,0.12831032,0.84732276,0.9756331,0.9756331,0.00024487072,0.015648346,0.0005989743
2020-12-10,1.2990134e-05,0.06816531,0.91631544,0.98448074,0.98448074,0.00022258992,0.014919448,0.000837033
2020-12-11,1.2544395e-05,0.1795171,0.78899854,0.96851563,0.96851563,0.00026688733,0.016336687,0.00039843252
2020-12-14,1.2148277e-05,0.0828745,0.9005722,0.98344666,0.98344666,0.00022714706,0.015071399,0.00073388667
2020-12-15,1.3276971e-05,0.1351609,0.84060264,0.97576356,0.97576356,0.00022304126,0.014934566,0.0005478103
2020-12-16,1.4177936e-05,0.12671973,0.8490799,0.9757996,0.9757996,0.00022388928,0.01496293,0.0005858559
2020-12-17,1.2364289e-05,0.13769051,0.83882654,0.976517,0.9765171,0.00020625787,0.0143616805,0.00052652135
2020-12-18,1.6333574e-05,0.11419649,0.8614236,0.9756201,0.9756201,0.00020201168,0.014213081,0.0006699604
2020-12-21,1.3656499e-05,0.14834096,0.82532156,0.9736625,0.9736625,0.00021586663,0.014692401,0.0005185191
2020-12-22,1.6387048e-05,0.0705233,0.912682,0.9832053,0.9832053,0.00031085243,0.017631007,0.00097572844
2020-12-23,1.389757e-05,0.076086335,0.9072238,0.98331016,0.98331016,0.00031689752,0.017801616,0.00083269656
2020-12-24,1.3842866e-05,0.1956697,0.766692,0.9623617,0.9623617,0.0003412482,0.018472904,0.00036778662
2020-12-28,1.3087164e-05,0.071219005,0.91323304,0.98445207,0.98445207,0.00027629352,0.01662208,0.0008417303
2020-12-29,2.2808728e-05,0.07039182,0.9122235,0.98261535,0.98261535,0.00027738186,0.016654784,0.001312004
2020-12-30,1.2282857e-05,0.085839845,0.8960893,0.9819292,0.9819292,0.0002800273,0.016734017,0.0006797068
2020-12-31,1.096491e-05,0.077872515,0.90636873,0.98424125,0.98424125,0.00026878962,0.016394805,0.0006957981
2021-01-04,1.2125914e-05,0.06488239,0.920601,0.9854834,0.9854834,0.00025497747,0.015968014,0.00083531404
2021-01-05,1.7011e-05,0.06647587,0.9178226,0.98429847,0.98429847,0.00027018617,0.01643734,0.0010833974
2021-01-06,9.670568e-06,0.22250527,0.7351493,0.9576546,0.9576546,0.00041265867,0.020314002,0.0002283735
2021-01-07,5.2162986e-06,0.16365148,0.82085353,0.984505,0.984505,0.00035470107,0.018833509,0.00033664395
2021-01-08,6.8050417e-06,0.17323002,0.80780053,0.9810306,0.9810306,0.00029861942,0.017280608,0.00035873754
2021-01-11,6.664049e-06,0.23088735,0.7350954,0.96598274,0.96598274,0.00037547262,0.019377116,0.00019590197
2021-01-12,6.665578e-06,0.15613663,0.82814896,0.9842856,0.9842856,0.00028267273,0.016812874,0.00042416988
2021-01-13,1.1637758e-05,0.1965145,0.7704169,0.9669314,0.9669314,0.00029117038,0.017063715,0.00035192777
2021-01-14,1.060213e-05,0.12649794,0.85447407,0.980972,0.980972,0.00024278299,0.015581495,0.0005571855
2021-01-15,9.045371e-06,0.19254977,0.7822205,0.97477025,0.97477025,0.0002367543,0.015386823,0.00035852002
2021-01-19,1.1554853e-05,0.068538375,0.9171694,0.98570776,0.98570776,0.000296848,0.017229278,0.00080847036
2021-01-20,1.3980841e-05,0.13845319,0.83703923,0.9754924,0.9754924,0.00029293148,0.01711524,0.00057047
2021-01-21,1.2844744e-05,0.09550069,0.88550055,0.98100126,0.98100126,0.00026217912,0.016191946,0.0006760839
2021-01-22,1.1624105e-05,0.068800755,0.91658026,0.985381,0.985381,0.00024551255,0.01566884,0.0007951372
2021-01-25,1.0498044e-05,0.05922424,0.92792904,0.9871533,0.9871533,0.0002555176,0.015984919,0.0008171777
2021-01-26,1.1849599e-05,0.08068275,0.90269434,0.9833771,0.9833771,0.00025270274,0.015896626,0.00071284786
2021-01-27,1.1301156e-05,0.06200656,0.92415404,0.9861606,0.9861606,0.00024082825,0.015518642,0.0008165915
2021-01-28,1.3040881e-05,0.06658744,0.9182808,0.9848682,0.9848682,0.0002350171,0.015330267,0.0008618212
2021-01-29,1.5333728e-05,0.06388271,0.9213927,0.9852754,0.9852754,0.00023542506,0.015343567,0.0010413672
2021-02-01,2.8122791e-05,0.077248864,0.90307117,0.98032004,0.98032004,0.00023279608,0.015257657,0.0014290062
2021-02-02,1.9933543e-05,0.11638776,0.8549144,0.9713022,0.9713022,0.00028778103,0.01696411,0.00069460203
2021-02-03,1.2634014e-05,0.15712285,0.8165762,0.97369903,0.97369903,0.00032283724,0.017967671,0.0004803631
2021-02-04,1.1456729e-05,0.1467362,0.8298118,0.976548,0.976548,0.0003195643,0.017876362,0.00048851856
2021-02-05,1.2664273e-05,0.13180071,0.84558505,0.97738576,0.97738576,0.0002896326,0.017018596,0.00056001317
2021-02-08,1.3179037e-05,0.1874573,0.7850654,0.9725227,0.97252274,0.0002727409,0.01651487,0.0004796332
2021-02-09,1.3102491e-05,0.20067774,0.76278,0.96345776,0.96345776,0.00029691635,0.017231261,0.00035855744
2021-02-10,1.8994457e-05,0.1400112,0.8323772,0.9723884,0.9723884,0.00024797668,0.015747275,0.0006879155
2021-02-11,1.6192227e-05,0.13135403,0.8452337,0.9765877,0.9765877,0.00022923428,0.015140485,0.00069161237
2021-02-12,1.5672982e-05,0.07814263,0.9048675,0.9830101,0.9830101,0.0002178683,0.014760363,0.0009224889
2021-02-16,1.3102092e-05,0.19820727,0.764779,0.96298623,0.96298623,0.00024617327,0.01568991,0.0003539789
2021-02-17,2.146255e-05,0.18494222,0.7673837,0.9523259,0.95232594,0.00021913546,0.014803224,0.00045019292
2021-02-18,1.872384e-05,0.15736039,0.80827373,0.9656341,0.9656341,0.00024789534,0.015744692,0.0005448379
2021-02-19,2.4257239e-05,0.11325247,0.8628869,0.97613937,0.97613937,0.0002362117,0.01536918,0.0010166217
2021-02-22,1.3110651e-05,0.07597282,0.90696776,0.98294055,0.98294055,0.00028099428,0.016762884,0.0007685274
2021-02-23,1.1275663e-05,0.22893247,0.7193543,0.9482867,0.9482868,0.00037219143,0.019292263,0.0002180419
2021-02-24,1.472451e-05,0.1299537,0.846213,0.97616667,0.97616667,0.00028066325,0.016753007,0.0006178116
2021-02-25,1.0043577e-05,0.21471828,0.7502062,0.96492445,0.96492445,0.0003307718,0.018187134,0.0002863413
2021-02-26,1.0619531e-05,0.15871932,0.8217618,0.9804811,0.9804811,0.00026283987,0.016212337,0.0005440637
2021-03-01,1.0342404e-05,0.07029921,0.9169376,0.9872368,0.9872368,0.00039646617,0.019911459,0.00081032986
2021-03-02,9.445869e-06,0.0585075,0.9289739,0.9874814,0.9874814,0.00038829423,0.019705182,0.0007545477
2021-03-03,1.0728501e-05,0.0599355,0.9269289,0.9868644,0.9868644,0.00038336703,0.01957976,0.00081674923
2021-03-04,9.777214e-06,0.16408159,0.81364715,0.9777287,0.9777287,0.00040368037,0.020091798,0.00043900555
2021-03-05,6.442809e-06,0.2334313,0.73226273,0.965694,0.965694,0.0006077853,0.024653303,0.00018780421
2021-03-08,4.1153e-06,0.23608176,0.7389885,0.9750703,0.9750703,0.0007302428,0.027023004,0.00016507617
2021-03-09,5.949718e-06,0.12372122,0.86503047,0.9887517,0.9887517,0.00060494646,0.02459566,0.0005289442
2021-03-10,6.638999e-06,0.1434218,0.84092593,0.9843477,0.9843477,0.00056234107,0.023713732,0.0004241549
2021-03-11,5.8521427e-06,0.15076181,0.83362806,0.98438984,0.9843899,0.00048550585,0.022034198,0.00037489322
2021-03-12,5.7232214e-06,0.21202612,0.7652335,0.97725964,0.97725964,0.0004973126,0.022300506,0.00025167677
2021-03-15,1.0526553e-05,0.078316286,0.9068482,0.98516446,0.98516446,0.000395153,0.019878456,0.0007095499
2021-03-16,1.7240136e-05,0.1445293,0.83810794,0.9826372,0.9826372,0.00036988367,0.01923236,0.0009929368
2021-03-17,1.0263232e-05,0.059713237,0.9272529,0.98696613,0.98696613,0.0003397481,0.018432258,0.000787428
2021-03-18,1.9767309e-05,0.13011974,0.8523665,0.98248625,0.98248625,0.0003259576,0.018054295,0.0011286736
2021-03-19,1.45843105e-05,0.15728487,0.82923204,0.9865169,0.9865169,0.001012221,0.03181542,0.0010816728
2021-03-22,7.701511e-06,0.15755974,0.82437944,0.9819392,0.9819392,0.0009382624,0.03063107,0.0004264213
2021-03-23,9.950126e-06,0.060978584,0.92596453,0.9869431,0.9869431,0.00078174035,0.02795962,0.00076206034
2021-03-24,5.2318533e-06,0.17084344,0.8192136,0.99005705,0.99005705,0.0009819585,0.031336218,0.0005261873
2021-03-25,8.561485e-06,0.21856505,0.7449934,0.96355844,0.96355844,0.001370313,0.03701774,0.00023493735
2021-03-26,1.8533976e-06,0.21894959,0.77332747,0.992277,0.992277,0.0014527063,0.038114384,0.00023998498
2021-03-29,5.22724e-06,0.23327224,0.7393132,0.97258544,0.97258544,0.0014772005,0.038434368,0.00019067385
2021-03-30,2.4735666e-06,0.17019455,0.8200241,0.99021864,0.99021864,0.0011179184,0.033435285,0.00025288574
2021-03-31,3.0104866e-06,0.15610074,0.8343515,0.99045223,0.99045223,0.0009671214,0.031098576,0.0003153078
2021-04-01,4.015782e-06,0.19687693,0.7929537,0.9898307,0.9898307,0.0008958582,0.029930891,0.0003948916
2021-04-05,5.6971853e-06,0.22477964,0.7484027,0.9731823,0.9731823,0.0009948027,0.031540494,0.0002124414
2021-04-06,5.933807e-06,0.21324724,0.7757822,0.98902947,0.98902947,0.0012441,0.0352718,0.00054088596
2021-04-07,5.183242e-06,0.18109193,0.8046764,0.9857683,0.9857683,0.0009982623,0.03159529,0.00036420446
2021-04-08,4.2163797e-06,0.13950624,0.8495078,0.989014,0.989014,0.00081772055,0.028595813,0.00038379675
2021-04-09,5.582808e-06,0.12083041,0.8678546,0.988685,0.988685,0.00070020545,0.026461395,0.0004933994
2021-04-12,9.965659e-06,0.06881192,0.9185523,0.9873642,0.9873642,0.00061621674,0.024823714,0.0007886828
2021-04-13,1.2900074e-05,0.06135993,0.9249174,0.98627734,0.98627734,0.0005785933,0.024053967,0.00094005646
2021-04-14,1.1686502e-05,0.060156483,0.9265896,0.9867461,0.9867461,0.00055175537,0.023489473,0.00088173884
2021-04-15,7.746848e-06,0.22409473,0.74319035,0.9672851,0.9672851,0.00066116016,0.025713034,0.00023679873
2021-04-16,5.4319657e-06,0.12965743,0.8574587,0.98711616,0.98711616,0.0005039782,0.02244946,0.00042161072
2021-04-19,8.110439e-06,0.121298894,0.8649583,0.9862572,0.9862572,0.00044142632,0.021010147,0.0005901589
2021-04-20,8.349179e-06,0.105412096,0.8793112,0.9847233,0.9847233,0.000391599,0.019788861,0.0005465313
2021-04-21,2.065148e-05,0.12517115,0.8515307,0.9767018,0.97670186,0.00037697866,0.019415937,0.0008863979
2021-04-22,2.5216761e-05,0.13110024,0.84926665,0.9803669,0.9803669,0.000381539,0.019533023,0.0012843994
2021-04-23,1.623313e-05,0.06639906,0.9181356,0.9845346,0.9845346,0.00034939378,0.018692078,0.0010496433
2021-04-26,1.2477311e-05,0.066317216,0.91903377,0.98535097,0.98535097,0.0003454326,0.018585818,0.0008517498
2021-04-27,1.3293888e-05,0.062539525,0.92331916,0.9858587,0.9858587,0.00033097438,0.018192701,0.0009400739
2021-04-28,1.4850706e-05,0.09293731,0.88672584,0.97966313,0.97966313,0.00033542744,0.018314678,0.0007302357
2021-04-29,1.5381973e-05,0.08279688,0.8982399,0.9810368,0.9810368,0.00033121617,0.018199345,0.00081114785
2021-04-30,1.5858668e-05,0.094423935,0.8851026,0.9795266,0.9795266,0.000338569,0.018400244,0.00077459787
2021-05-03,1.613371e-05,0.0763485,0.9078759,0.9842244,0.9842244,0.00036324584,0.01905901,0.0010226989
2021-05-04,1.5150843e-05,0.13273047,0.8418202,0.97455066,0.97455066,0.0003608223,0.018995324,0.0005953335
2021-05-05,1.5730619e-05,0.17653371,0.78885925,0.96539295,0.96539295,0.00036285608,0.019048782,0.0004545495
2021-05-06,1.7383676e-05,0.086076215,0.8947584,0.9808346,0.9808346,0.0003022073,0.01738411,0.0009070345
2021-05-07,2.0350739e-05,0.08451491,0.89745355,0.98196846,0.98196846,0.0003055245,0.01747926,0.0011286192
2021-05-10,1.7963755e-05,0.09480474,0.8833062,0.97811097,0.97811097,0.000295158,0.017180163,0.0008206739
2021-05-11,1.6556825e-05,0.0706799,0.91268086,0.98336077,0.98336077,0.00027867913,0.016693685,0.0009950474
2021-05-12,1.8416926e-05,0.07720141,0.9036915,0.9808929,0.9808929,0.00027288112,0.016519114,0.00096387847
2021-05-13,1.7918954e-05,0.08697572,0.8922633,0.979239,0.979239,0.00027602748,0.016614074,0.00086310593
2021-05-14,1.9108658e-05,0.14039679,0.841722,0.9821188,0.9821188,0.00037098356,0.019260934,0.0010686443
2021-05-17,1.8007859e-05,0.14531374,0.82421917,0.9695329,0.9695329,0.00041062376,0.020263854,0.0005910593
2021-05-18,1.3587769e-05,0.10312292,0.8763777,0.97950065,0.97950065,0.00038268292,0.019562284,0.00066283904
2021-05-19,1.3882478e-05,0.063944995,0.92141145,0.98535645,0.98535645,0.00036400612,0.019078944,0.00094802683
2021-05-20,2.1549193e-05,0.07171741,0.91161215,0.9833296,0.98332953,0.00042020227,0.020498836,0.0012926615
2021-05-21,2.9458091e-05,0.1392652,0.83648837,0.97575355,0.97575355,0.00043663237,0.02089575,0.0012149443
2021-05-24,1.5840149e-05,0.0968871,0.88216275,0.97904986,0.97904986,0.00047571855,0.021810973,0.000756088
2021-05-25,9.716789e-06,0.19631481,0.77444977,0.9707646,0.9707646,0.00057448633,0.023968445,0.00033236353
2021-05-26,9.788361e-06,0.082261264,0.9032146,0.98547584,0.98547584,0.0004546284,0.021322018,0.0006739364
2021-05-27,1.0032362e-05,0.10771597,0.8750536,0.98276955,0.98276955,0.00042070562,0.02051111,0.00058224605
2021-05-28,1.2050935e-05,0.15346225,0.82529026,0.9787525,0.9787525,0.00038765278,0.0196889,0.0005671694
2021-06-01,1.3773671e-05,0.067869164,0.9168912,0.9847604,0.9847604,0.00034229082,0.018501103,0.0009038081
2021-06-02,2.1974192e-05,0.10053105,0.87357473,0.9741058,0.9741058,0.0003565632,0.018882882,0.0008486136
2021-06-03,1.5647993e-05,0.15401614,0.8181504,0.97216654,0.97216654,0.0003592588,0.018954122,0.00056220073
2021-06-04,1.645041e-05,0.081180185,0.9000665,0.9812467,0.9812467,0.0003096188,0.017595988,0.0008772013
2021-06-07,1.8935236e-05,0.12700172,0.845059,0.9720607,0.9720607,0.00030579805,0.017487083,0.00067772716
2021-06-08,2.316148e-05,0.10114178,0.87652445,0.9776662,0.97766626,0.0002817076,0.016784146,0.0010370595
2021-06-09,2.186363e-05,0.09750267,0.8774573,0.97495997,0.97495997,0.00028354666,0.016838843,0.0008731471
2021-06-10,2.0643261e-05,0.07146495,0.91099167,0.9824566,0.9824566,0.00027089016,0.01645874,0.0011766984
2021-06-11,2.082124e-05,0.08255497,0.89665425,0.97920924,0.97920924,0.00026884838,0.016396597,0.0010014663
2021-06-14,1.4714177e-05,0.06304546,0.9224117,0.9854571,0.9854571,0.0002679114,0.016368,0.001011779
2021-06-15,2.2336426e-05,0.07354353,0.908119,0.9816626,0.9816626,0.00026186637,0.016182285,0.0012180784
2021-06-16,4.290738e-05,0.09868203,0.87114644,0.9698285,0.9698285,0.0002816595,0.016782714,0.0014221156
2021-06-17,2.1449316e-05,0.071858756,0.9101888,0.98204756,0.98204756,0.00028827717,0.016978728,0.0011947853
2021-06-18,1.7247905e-05,0.06675731,0.91746354,0.98422086,0.98422086,0.00030164432,0.01736791,0.0010930828
2021-06-21,2.030069e-05,0.085454956,0.8924634,0.9779183,0.9779183,0.00029845396,0.01727582,0.0009193456
2021-06-22,1.4457191e-05,0.15700358,0.81326866,0.97027224,0.97027224,0.00035160594,0.018751157,0.00048631962
2021-06-23,2.6136098e-05,0.11533273,0.8540191,0.9693518,0.9693518,0.0003115309,0.017650237,0.0008527784
2021-06-24,1.711357e-05,0.07982415,0.90090245,0.9807266,0.9807266,0.0002921896,0.017093554,0.00088793726
2021-06-25,1.8388637e-05,0.079002805,0.90146923,0.980472,0.980472,0.00028095933,0.016761841,0.00094165624
2021-06-28,2.0583424e-05,0.07686855,0.9039667,0.98083526,0.98083526,0.00027947326,0.016717454,0.0010740256
2021-06-29,1.8157058e-05,0.06782672,0.91599476,0.9838215,0.9838215,0.00029229335,0.017096588,0.0011222963
2021-06-30,1.9184276e-05,0.0753714,0.90561295,0.98098433,0.98098433,0.0002859315,0.01690951,0.0010088667
2021-07-01,2.2252307e-05,0.079943426,0.89937043,0.97931385,0.97931385,0.00028126655,0.016771004,0.0010757104
2021-07-02,3.0237816e-05,0.14991613,0.8089343,0.9588504,0.9588504,0.0003191189,0.0178639,0.0007348262
2021-07-06,2.2271908e-05,0.10509591,0.8681855,0.97328144,0.97328144,0.00028858893,0.016987905,0.0008335745
2021-07-07,3.590151e-05,0.11092312,0.86557746,0.9765006,0.9765006,0.00033509493,0.018305598,0.001527761
2021-07-08,3.0367062e-05,0.085065864,0.8932725,0.97833836,0.97833836,0.0003554718,0.01885396,0.001401882
2021-07-09,2.1286385e-05,0.103599,0.8706226,0.9742216,0.9742216,0.00035633717,0.018876895,0.0008257446
2021-07-12,2.2346598e-05,0.13306771,0.83432704,0.96739477,0.96739477,0.00038043433,0.019504726,0.0006853685
2021-07-13,1.5058217e-05,0.066527255,0.9179177,0.984445,0.984445,0.00034524954,0.018580891,0.00096806133
2021-07-14,2.2281825e-05,0.17336707,0.78499305,0.95836014,0.95836014,0.0003472629,0.018634992,0.00053510803
2021-07-15,1.3273057e-05,0.06354031,0.92222166,0.98576194,0.985762,0.00043883323,0.020948347,0.00093222375
2021-07-16,1.9011995e-05,0.10181754,0.8808854,0.982703,0.982703,0.0004451581,0.02109877,0.001099148
2021-07-19,1.186628e-05,0.06419481,0.9215247,0.9857195,0.9857195,0.0004115494,0.020286681,0.000830943
2021-07-20,7.1066574e-06,0.19694482,0.7909783,0.98792315,0.98792315,0.00078432634,0.028005827,0.0005884527
2021-07-21,2.297733e-05,0.09211452,0.88380575,0.97592026,0.97592026,0.00067007996,0.025885902,0.0009542184
2021-07-22,2.3866254e-05,0.18555227,0.7605655,0.94611776,0.94611776,0.0007745456,0.027830658,0.00044293358
2021-07-23,8.715888e-06,0.21208388,0.7572793,0.96936315,0.96936315,0.0007061057,0.02657265,0.00028449038
2021-07-26,6.0311363e-06,0.17822525,0.8039589,0.9821842,0.9821842,0.0005442701,0.023329597,0.00033852685
2021-07-27,1.1199536e-05,0.17862032,0.79532504,0.9739454,0.9739454,0.00044468112,0.021087464,0.00042984835
2021-07-28,1.853285e-05,0.11081277,0.86640173,0.9772145,0.9772145,0.00036752757,0.019171009,0.00081336213
2021-07-29,1.7120992e-05,0.117348045,0.8583683,0.97571635,0.97571635,0.00034812224,0.018658035,0.00070504204
2021-07-30,1.5521033e-05,0.18348202,0.7818614,0.9653435,0.9653435,0.0003483149,0.018663196,0.00044785312
2021-08-02,2.3089111e-05,0.1238137,0.8465884,0.97040206,0.97040206,0.00029114448,0.017062956,0.00078009185
2021-08-03,1.7131308e-05,0.11338485,0.86943126,0.9828161,0.9828161,0.00044175738,0.021018025,0.0009969395
2021-08-04,1.4808531e-05,0.07428599,0.90854216,0.98282814,0.98282814,0.0004127984,0.02031744,0.000862372
2021-08-05,1.0393307e-05,0.058132112,0.9294549,0.98758703,0.98758703,0.0004808039,0.021927241,0.00083729444
2021-08-06,2.0973153e-05,0.100131154,0.87478006,0.9749112,0.9749112,0.00046781154,0.021628952,0.00083595724
2021-08-09,1.7165356e-05,0.064483285,0.9205129,0.9849962,0.9849962,0.00044469957,0.021087902,0.0011440672
2021-08-10,2.8329012e-05,0.07455245,0.90702677,0.98157924,0.9815792,0.00047336504,0.021756954,0.0015378854
2021-08-11,2.2148623e-05,0.11256464,0.8590493,0.97161394,0.97161394,0.000510529,0.022594888,0.00078026415
2021-08-12,1.670674e-05,0.08985078,0.88935876,0.97920954,0.97920954,0.00048191196,0.021952493,0.00080357725
2021-08-13,3.365317e-05,0.11119446,0.8662778,0.9774723,0.9774723,0.0004458843,0.021115974,0.0014938577
2021-08-16,1.6772372e-05,0.06536937,0.91963315,0.9850025,0.9850025,0.0004303551,0.020745002,0.0011183459
2021-08-17,2.5105255e-05,0.088228874,0.89389265,0.9821215,0.9821215,0.00043184427,0.020780863,0.001404217
2021-08-18,6.289588e-05,0.10252289,0.8690915,0.9716144,0.9716144,0.00042122055,0.020523658,0.0022157687
2021-08-19,1.9004097e-05,0.06433061,0.92049026,0.98482084,0.98482084,0.0004598487,0.021444082,0.0012519864
2021-08-20,3.7224312e-05,0.108666286,0.8711781,0.9798444,0.9798444,0.00049147237,0.022169176,0.0018468463
2021-08-23,4.3502478e-05,0.071270734,0.9093261,0.98059684,0.9805968,0.00051789935,0.022757402,0.0022420306
2021-08-24,3.927435e-05,0.14368595,0.80249524,0.9461812,0.9461812,0.00070468005,0.02654581,0.0007297512
2021-08-25,1.0592149e-05,0.16474986,0.8093178,0.9740677,0.9740677,0.00071982516,0.026829557,0.00040845372
2021-08-26,7.411091e-06,0.19246718,0.7829169,0.9753841,0.9753841,0.0006162145,0.024823667,0.00030106946
2021-08-27,1.0820844e-05,0.058091704,0.92949873,0.98759043,0.98759043,0.00052803574,0.022979029,0.0008719759
2021-08-30,1.0853567e-05,0.18264209,0.78995013,0.97259223,0.97259223,0.0005229359,0.022867791,0.00039600334
2021-08-31,1.3114213e-05,0.17711806,0.7938221,0.9709402,0.9709402,0.00043184464,0.020780873,0.00045128324
2021-09-01,1.4496407e-05,0.07771947,0.90537876,0.9830982,0.9830982,0.00037563514,0.019381309,0.00085768464
2021-09-02,7.767505e-05,0.22271286,0.7341866,0.95689946,0.95689946,0.00035467825,0.018832903,0.001802183
2021-09-03,1.7456758e-05,0.18683146,0.77284986,0.95968133,0.95968133,0.00042687004,0.020660834,0.0004329696
2021-09-07,1.4044454e-05,0.0731516,0.91012913,0.9832807,0.9832807,0.00036714558,0.019161044,0.00084001536
2021-09-08,3.400146e-05,0.077482216,0.90151554,0.97899777,0.97899777,0.0003623225,0.019034771,0.0016189449
2021-09-09,1.3656721e-05,0.06302675,0.9225542,0.9855809,0.9855809,0.0003748986,0.019362299,0.0009471286
2021-09-10,1.9429815e-05,0.06523335,0.91923404,0.9844674,0.9844674,0.00037799118,0.019441996,0.0012509045
2021-09-13,2.9787523e-05,0.11956403,0.84502363,0.9645877,0.9645877,0.00040046067,0.020011514,0.0008411629
2021-09-14,1.3761117e-05,0.063707516,0.9216559,0.9853634,0.9853634,0.0003805714,0.019508239,0.0009401869
2021-09-15,2.1238056e-05,0.08955998,0.88851917,0.97807914,0.97807914,0.0003645176,0.019092344,0.00096885144
2021-09-16,2.5072277e-05,0.16785747,0.78737617,0.95523363,0.95523363,0.0004247546,0.020609576,0.0005600695
2021-09-17,3.172581e-05,0.17487165,0.79105425,0.9659259,0.96592593,0.00035952346,0.018961104,0.00093108206
2021-09-20,3.9627314e-05,0.1018016,0.8686811,0.97048265,0.97048265,0.00033058252,0.01818193,0.0013425091
2021-09-21,2.269587e-05,0.077820785,0.904514,0.9823348,0.9823348,0.00038474431,0.0196149,0.001284778
2021-09-22,3.0137286e-05,0.19233347,0.7653422,0.95767564,0.95767564,0.0003717086,0.019279746,0.00071205525
2021-09-23,1.6100748e-05,0.14862858,0.82229173,0.9709203,0.9709203,0.0004177321,0.020438496,0.00055367703
2021-09-24,1.4412161e-05,0.13775374,0.8357864,0.9735401,0.9735401,0.000390705,0.01976626,0.00054467993
2021-09-27,1.294379e-05,0.12709361,0.8506617,0.9777553,0.9777553,0.0003521061,0.01876449,0.0005818822
2021-09-28,2.2465541e-05,0.10930655,0.8619268,0.97123337,0.97123337,0.00036048287,0.018986387,0.00078095833
2021-09-29,1.9584217e-05,0.13382523,0.8408586,0.9746838,0.9746838,0.00033378473,0.018269777,0.000773585
2021-09-30,4.746767e-05,0.1170438,0.84479004,0.96183383,0.96183383,0.00030567453,0.017483551,0.0012437108
2021-10-01,2.1981064e-05,0.08689685,0.8901079,0.97700477,0.97700477,0.0003063901,0.017504003,0.00095589657
2021-10-04,4.9923357e-05,0.167447,0.78331256,0.9507596,0.95075953,0.00030526723,0.017471898,0.0010138697
2021-10-05,2.228986e-05,0.1863975,0.7657992,0.9521967,0.9521967,0.000373315,0.019321362,0.00046628303
2021-10-06,2.541204e-05,0.17767225,0.7727661,0.9504384,0.9504384,0.00035890852,0.018944882,0.00051273627
2021-10-07,5.331742e-05,0.09398156,0.8792591,0.9732407,0.9732407,0.0003698078,0.019230388,0.00199248
2021-10-08,2.1211616e-05,0.16760345,0.794037,0.9616404,0.9616404,0.00038971225,0.019741131,0.00055296783
2021-10-11,1.7125396e-05,0.16501619,0.802697,0.9677132,0.9677132,0.0003593434,0.018956356,0.0005304144
2021-10-12,2.528057e-05,0.19182508,0.76333994,0.955165,0.955165,0.00033978175,0.01843317,0.00056385825
2021-10-13,1.8736706e-05,0.0882006,0.8899754,0.97817606,0.978176,0.00028494975,0.016880454,0.000858539
2021-10-14,1.9108495e-05,0.11794678,0.85577565,0.97372246,0.97372246,0.00027298823,0.016522355,0.0007271797
2021-10-15,1.7703995e-05,0.17523675,0.789268,0.9645048,0.9645048,0.00026577627,0.016302645,0.0004987712
2021-10-18,2.4901286e-05,0.10744606,0.8625268,0.96997285,0.96997285,0.0002511373,0.015847312,0.00082929234
2021-10-19,1.739193e-05,0.06935946,0.9138016,0.9831611,0.9831611,0.0002418261,0.015550759,0.001032842
2021-10-20,1.2164109e-05,0.1324992,0.84496903,0.97746825,0.97746825,0.00024091134,0.015521319,0.0005398653
2021-10-21,1.641656e-05,0.17805152,0.7869054,0.96495694,0.96495694,0.00023081507,0.015192599,0.0004684682
2021-10-22,1.5627305e-05,0.06524347,0.91951066,0.98475415,0.98475415,0.00024775034,0.015740087,0.0010250199
2021-10-25,1.6508515e-05,0.08284287,0.8973835,0.9802264,0.9802264,0.00025795816,0.016061077,0.00083487644
2021-10-26,1.9030187e-05,0.08361386,0.8950533,0.9786672,0.9786672,0.0002480006,0.015748035,0.0008920623
2021-10-27,2.388685e-05,0.11600384,0.8571596,0.9731634,0.9731635,0.00024992853,0.015809128,0.0008900857
2021-10-28,1.6425609e-05,0.06604108,0.9183934,0.9844344,0.9844345,0.00030508701,0.01746674,0.0010552524
2021-10-29,6.331928e-05,0.12228783,0.84007597,0.9623638,0.9623638,0.00029677924,0.017227283,0.0016824028
2021-11-01,1.611261e-05,0.068171114,0.9155642,0.98373526,0.9837353,0.00032231753,0.017953204,0.0009906469
2021-11-02,4.926995e-05,0.14964832,0.8163534,0.9660017,0.9660017,0.00031326897,0.017699406,0.0014491882
2021-11-03,1.2528047e-05,0.06994405,0.91401434,0.98395836,0.98395836,0.0003055514,0.017480029,0.0007809706
2021-11-04,1.7096827e-05,0.17299548,0.80944693,0.98244244,0.9824424,0.00038893012,0.01972131,0.00097375864
2021-11-05,2.098369e-05,0.089636125,0.89255965,0.9821958,0.9821958,0.00044812047,0.021168856,0.0011785806
2021-11-08,1.4250072e-05,0.18586513,0.7819942,0.9678593,0.9678594,0.0005043354,0.022457413,0.00044336572
2021-11-09,8.220244e-06,0.12844825,0.8553744,0.98382264,0.98382264,0.00042009115,0.020496124,0.00050813274
2021-11-10,8.8002e-06,0.19669,0.7759142,0.97260416,0.97260416,0.000457741,0.021394882,0.0003212239
2021-11-11,4.865678e-06,0.18576597,0.80315566,0.98892164,0.98892164,0.00059404224,0.024372982,0.0004392057
2021-11-12,6.935289e-06,0.103230275,0.88249624,0.98572654,0.98572654,0.00048346244,0.021987779,0.00048588688
2021-11-15,1.8199033e-05,0.06498257,0.9200819,0.9850645,0.9850645,0.00044410228,0.021073734,0.0012185089
2021-11-16,9.397863e-06,0.061761487,0.92508024,0.98684174,0.98684174,0.00042685927,0.020660574,0.00071421766
2021-11-17,1.02263e-05,0.08865044,0.8953153,0.98396575,0.98396575,0.0004044603,0.020111198,0.0006377787
2021-11-18,4.4126475e-05,0.090726234,0.88819164,0.9789179,0.9789179,0.00045430782,0.021314498,0.0020930774
2021-11-19,4.392565e-06,0.15804498,0.82816935,0.98621434,0.98621434,0.00045347825,0.02129503,0.00031863293
2021-11-22,1.3126489e-05,0.062293727,0.9249282,0.9872219,0.9872219,0.0006053458,0.024603777,0.0010272643
2021-11-23,2.8843087e-05,0.08291698,0.8948393,0.97775626,0.97775626,0.00057728513,0.024026759,0.0012966834
2021-11-24,9.567979e-06,0.07289382,0.9120054,0.9848992,0.9848992,0.00058668014,0.024221482,0.0006336084
2021-11-26,1.0354229e-05,0.06283273,0.92461985,0.98745257,0.98745257,0.00054481963,0.02334137,0.0008252069
2021-11-29,5.2329096e-06,0.24409983,0.74570787,0.98980767,0.9898077,0.0017495607,0.04182775,0.0005134162
2021-11-30,0.00019973991,0.20648937,0.6766473,0.8831367,0.8831367,0.0014727704,0.03837669,0.0017091755
2021-12-01,1.691568e-05,0.16616924,0.82159996,0.9877692,0.9877692,0.0018355515,0.042843338,0.001383038
2021-12-02,6.256204e-05,0.10520654,0.87275493,0.9779615,0.9779615,0.001539996,0.03924278,0.0028387588
2021-12-03,1.9560368e-05,0.05887208,0.92817086,0.98704296,0.98704296,0.0014267688,0.037772592,0.0015096328
2021-12-06,2.29493e-05,0.07496567,0.91124654,0.9862122,0.9862122,0.00134472,0.036670424,0.0016644635
2021-12-07,2.8549139e-05,0.12831014,0.8432811,0.97159123,0.97159123,0.0014164534,0.0376358,0.0010049412
2021-12-08,3.5186276e-06,0.13874903,0.85060346,0.98935246,0.98935246,0.0013887471,0.037265897,0.00033046404
2021-12-09,4.1019994e-06,0.12593383,0.8637441,0.9896779,0.9896779,0.0011870733,0.03445393,0.0003973999
2021-12-10,4.8833335e-06,0.16835052,0.8217643,0.9901148,0.9901148,0.0010800927,0.032864764,0.0004940049
2021-12-13,4.025251e-06,0.13014239,0.8594483,0.9895907,0.9895907,0.00090929837,0.030154575,0.00038669776
2021-12-14,2.0938658e-05,0.13604072,0.8475386,0.98357934,0.9835793,0.00078953523,0.028098669,0.0012751409
2021-12-15,2.1980597e-05,0.065210134,0.9192221,0.9844322,0.9844322,0.0006990798,0.026440118,0.0014119288
2021-12-16,1.3590384e-05,0.059499633,0.9274645,0.9869641,0.9869641,0.0006647875,0.025783474,0.0010425356
2021-12-17,1.350669e-05,0.088043325,0.89439857,0.9824419,0.9824419,0.00065600936,0.02561268,0.000769257
2021-12-20,1.7111597e-05,0.11379832,0.8718027,0.985601,0.985601,0.0006407953,0.025313934,0.0011883886
2021-12-21,1.36024555e-05,0.058128793,0.9293687,0.98749745,0.98749745,0.0007406023,0.02721401,0.0010879744
2021-12-22,1.4696236e-05,0.14353442,0.83056974,0.97410417,0.97410417,0.0008007856,0.028298156,0.0005675135
2021-12-23,5.077465e-06,0.12930234,0.8585162,0.98781854,0.98781854,0.00075285375,0.02743818,0.00041681906
2021-12-27,8.165006e-06,0.1314189,0.8537764,0.9851953,0.9851953,0.00067610544,0.026002027,0.0005515137
2021-12-28,5.8694623e-06,0.08594762,0.9019519,0.98789954,0.98789954,0.00065858994,0.025663007,0.00048506117
2021-12-29,3.7746895e-06,0.17325163,0.81447166,0.9877233,0.9877233,0.0006021855,0.024539469,0.00030746753
2021-12-30,4.209039e-06,0.13391213,0.8546735,0.98858565,0.98858565,0.00050363876,0.022441898,0.0003687498
2021-12-31,2.8198388e-05,0.14331508,0.8327994,0.97611445,0.97611445,0.00043850666,0.02094055,0.0011805628
2022-01-03,4.029689e-06,0.15947004,0.83061403,0.99008405,0.99008405,0.0004734074,0.021757927,0.00040638464
2022-01-04,4.9367254e-06,0.13156271,0.8555833,0.987146,0.987146,0.00041747815,0.020432282,0.000384062
2022-01-05,6.1306087e-06,0.17955148,0.8035568,0.9831083,0.9831083,0.0003799857,0.019493222,0.00036293577
2022-01-06,7.034678e-06,0.084676735,0.9024703,0.98714703,0.98714703,0.00033268644,0.018239694,0.0005473194
2022-01-07,6.2360677e-06,0.15341876,0.83228517,0.98570395,0.98570395,0.00034193404,0.018491458,0.000436209
2022-01-10,8.425779e-06,0.07437443,0.91340476,0.9877792,0.9877792,0.00029902245,0.017292265,0.0006894622
2022-01-11,1.1677189e-05,0.08056114,0.9057707,0.9863319,0.9863319,0.00028726977,0.016949035,0.0008543376
2022-01-12,5.956225e-06,0.18866289,0.79045725,0.97912014,0.97912014,0.0003837817,0.019590348,0.00028526166
2022-01-13,9.353192e-06,0.071419954,0.9141346,0.9855546,0.9855546,0.0003644477,0.019090513,0.00064748473
2022-01-14,6.791945e-05,0.14890093,0.8165625,0.9654634,0.9654634,0.00034557199,0.018589567,0.0019665933
2022-01-18,5.467971e-06,0.17132097,0.8120957,0.9834167,0.9834167,0.00041116992,0.020277325,0.00032972707
2022-01-19,5.544286e-06,0.17896375,0.8038795,0.9828433,0.9828433,0.00039984816,0.019996203,0.00032315537
2022-01-20,6.9417097e-06,0.13742633,0.8463837,0.98381,0.98381,0.000381861,0.019541264,0.00042876546
2022-01-21,1.0344714e-05,0.14312427,0.8389058,0.9820301,0.9820301,0.00033026107,0.018173086,0.00057566876
2022-01-24,9.19632e-06,0.08013917,0.9060654,0.98620456,0.98620456,0.00034872605,0.018674208,0.0006666205
2022-01-25,9.894644e-06,0.120815426,0.8662958,0.9871112,0.9871112,0.00036383473,0.019074453,0.00076769385
2022-01-26,7.6255865e-06,0.15700042,0.82292455,0.979925,0.979925,0.00041236647,0.020306809,0.00037985443
2022-01-27,6.9067287e-06,0.15244329,0.8293346,0.9817779,0.9817779,0.00040976919,0.020242756,0.00037903048
2022-01-28,9.991876e-06,0.058467943,0.92901945,0.9874874,0.9874874,0.0003584032,0.01893154,0.0007985436
2022-01-31,0.0002292755,0.11327458,0.8257701,0.93904465,0.93904465,0.00034323416,0.01852658,0.003761368
2022-02-01,1.3111022e-05,0.072241545,0.9116447,0.98388624,0.98388624,0.0005380749,0.02319644,0.00081365387
2022-02-02,1.4051746e-05,0.06359605,0.92176783,0.9853639,0.9853639,0.000503652,0.022442192,0.0009600745
2022-02-03,1.13835285e-05,0.061257046,0.9250677,0.9863248,0.9863248,0.00047831435,0.021870399,0.0008324206
2022-02-04,6.959445e-05,0.1502418,0.80250555,0.95274734,0.95274734,0.00048426422,0.022006005,0.0014728156
2022-02-07,1.6554584e-05,0.12650606,0.8496988,0.9762048,0.9762049,0.000531659,0.023057733,0.00069571147
2022-02-08,1.7058866e-05,0.06910219,0.9148766,0.98397875,0.98397875,0.00048366998,0.021992499,0.0010647649
2022-02-09,1.8065719e-05,0.07678304,0.90726674,0.9840498,0.9840498,0.00049280503,0.022199212,0.0011326325
2022-02-10,1.9465377e-05,0.10515291,0.87410444,0.97925735,0.97925735,0.0004659156,0.021585079,0.0009384226
2022-02-11,1.1067774e-05,0.06040881,0.9263158,0.9867246,0.9867246,0.00042723896,0.02066976,0.0008337064
2022-02-14,8.038584e-06,0.16672911,0.8119,0.9786291,0.9786291,0.00048065986,0.021923956,0.0003761465
2022-02-15,7.394709e-06,0.119160436,0.86488116,0.9840416,0.9840416,0.00050078915,0.022378318,0.00046337326
2022-02-16,1.007937e-05,0.16556942,0.8209038,0.9864732,0.9864732,0.0005983693,0.024461588,0.00074514095
2022-02-17,9.921183e-06,0.09055279,0.8931517,0.9837045,0.9837045,0.0005484809,0.023419669,0.0006088299
2022-02-18,1.5514623e-05,0.08243979,0.90330005,0.9857398,0.9857398,0.0005387226,0.023210399,0.0010879688
2022-02-22,1.0094621e-05,0.05958312,0.92743415,0.9870173,0.9870173,0.0005071408,0.022519788,0.0007775425
2022-02-23,1.4709813e-05,0.07148817,0.91157603,0.9830642,0.9830642,0.00049164856,0.02217315,0.0008685619
2022-02-24,1.1049097e-05,0.060236935,0.92650753,0.98674446,0.98674446,0.00046350656,0.021529203,0.0008335458
2022-02-25,1.7281245e-05,0.071765624,0.91076213,0.98252773,0.98252773,0.00044382684,0.021067198,0.0009890671
2022-02-28,2.0789335e-05,0.11580176,0.8670819,0.98288363,0.98288363,0.0004345242,0.020845244,0.0012145881
2022-03-01,1.0945856e-05,0.23101537,0.7147037,0.94571906,0.94571906,0.00062039605,0.024907751,0.00020165194
2022-03-02,9.9533345e-06,0.21251951,0.7431094,0.95562893,0.95562893,0.001825323,0.042723797,0.00022432036
2022-03-03,1.2679141e-05,0.21920791,0.6576624,0.87687033,0.8768703,0.0023198023,0.048164327,0.00010297389
2022-03-04,2.3971893e-06,0.23243056,0.755549,0.9879796,0.9879796,0.001699164,0.04122092,0.00019942659
2022-03-07,1.1456314e-05,0.22206242,0.66624016,0.88830256,0.88830256,0.0024750584,0.04974996,0.000102565595
2022-03-08,5.1205093e-06,0.2394787,0.72089857,0.9603773,0.9603773,0.0018795686,0.04335399,0.00012923163
2022-03-09,2.4649195e-05,0.18960828,0.56883025,0.7584385,0.7584385,0.0016558421,0.04069204,0.000102041085
2022-03-10,2.8252487e-06,0.24660867,0.74360013,0.9902088,0.9902088,0.004146601,0.06439411,0.00028854993
2022-03-11,1.9442476e-05,0.22450255,0.7478405,0.9723431,0.9723431,0.0032428731,0.05694623,0.00070298795
2022-03-14,1.15972925e-05,0.21657494,0.73617554,0.9527505,0.95275044,0.0026535047,0.05151218,0.00024544797
2022-03-15,6.999001e-06,0.13165197,0.85806406,0.989716,0.98971605,0.002739083,0.05233625,0.0006805714
2022-03-16,1.5328058e-05,0.112206936,0.8753508,0.9875577,0.9875577,0.002933276,0.054159727,0.0012319322
2022-03-17,1.5228055e-05,0.06996442,0.9149928,0.9849572,0.9849572,0.0026077558,0.05106619,0.0010123164
2022-03-18,3.534255e-05,0.20435892,0.6260163,0.83037525,0.83037525,0.0028490638,0.053376622,0.00020835728
2022-03-21,1.2797979e-05,0.12885655,0.85066724,0.9795238,0.9795238,0.0018733726,0.043282475,0.00062501663
2022-03-22,1.0079241e-05,0.23023352,0.7142565,0.9444901,0.9444901,0.0022063274,0.04697156,0.00018157548
2022-03-23,1.0177112e-05,0.18528828,0.79273343,0.9780217,0.97802174,0.0015887101,0.039858628,0.00046305233
2022-03-24,1.1670384e-05,0.23065887,0.69830304,0.92896193,0.92896193,0.0014120918,0.037577808,0.00016428353
2022-03-25,1.550521e-05,0.17640428,0.8000538,0.9764581,0.9764581,0.0011200919,0.033467773,0.0006586211
2022-03-28,1.6293032e-05,0.099851094,0.8777278,0.9775789,0.9775789,0.00094404,0.030725235,0.0007266823
2022-03-29,3.9174553e-05,0.22872289,0.7456826,0.97440547,0.97440547,0.0013697089,0.03700958,0.0015305829
2022-03-30,2.341708e-05,0.07288297,0.90839386,0.9812768,0.9812768,0.0011235998,0.03352014,0.0012506993
2022-03-31,1.8631912e-05,0.100317724,0.8729114,0.9732291,0.9732291,0.001126023,0.033556268,0.00069597655
2022-04-01,1.8846276e-05,0.07405968,0.912177,0.9862367,0.9862367,0.0015322713,0.039144237,0.001369313
2022-04-04,1.4417779e-05,0.063542545,0.9234824,0.98702496,0.98702496,0.0014244994,0.03774254,0.0011111937
2022-04-05,3.5894813e-05,0.11522378,0.84815687,0.96338063,0.96338063,0.0014283693,0.037793774,0.000980214
2022-04-06,1.1275676e-05,0.058098298,0.92947567,0.987574,0.987574,0.0012671539,0.035597105,0.00090742466
2022-04-07,3.3775013e-05,0.07724262,0.90559834,0.98284096,0.98284096,0.0013850306,0.037216,0.0019683505
2022-04-08,1.2989435e-05,0.058634695,0.92868096,0.98731565,0.98731565,0.0012884717,0.035895288,0.0010240525
2022-04-11,1.4099066e-05,0.06427458,0.920797,0.98507154,0.98507154,0.0012398309,0.03521123,0.00094444206
2022-04-12,2.416547e-05,0.08071244,0.90345395,0.9841664,0.9841664,0.0012663226,0.035585426,0.001526213
2022-04-13,4.803595e-05,0.15751077,0.76823115,0.9257419,0.9257419,0.0015044182,0.03878683,0.0006468783
2022-04-14,2.0038944e-05,0.1918106,0.7601142,0.9519248,0.9519248,0.0014011784,0.037432317,0.00041682497
2022-04-18,1.6552862e-05,0.16566962,0.80118483,0.96685445,0.96685445,0.0012081746,0.034758806,0.00049939926
2022-04-19,1.2801942e-05,0.15647937,0.8191386,0.97561795,0.97561795,0.0010063354,0.031722788,0.0005250559
2022-04-20,9.676097e-05,0.12298832,0.8351881,0.95817643,0.95817643,0.0012911292,0.035932284,0.0023135513
2022-04-21,3.7051475e-05,0.12375396,0.83734065,0.9610946,0.9610946,0.0011754165,0.03428435,0.00095234835
2022-04-22,9.569533e-06,0.058287624,0.9292577,0.9875453,0.9875453,0.0010332399,0.032144047,0.0007683479
2022-04-25,3.9315022e-05,0.08418687,0.8914856,0.9756724,0.9756724,0.0009864599,0.03140796,0.0016160682
2022-04-26,2.1752241e-05,0.07005399,0.91217214,0.98222613,0.98222613,0.0010244353,0.0320068,0.0012238328
2022-04-27,4.8735306e-05,0.18063264,0.73882526,0.9194579,0.9194579,0.0010249609,0.03201501,0.00060509116
2022-04-28,1.1753965e-05,0.0654346,0.9196337,0.98506826,0.98506826,0.0008075249,0.028416982,0.0007871799
2022-04-29,0.00011450221,0.19963463,0.65497154,0.85460615,0.85460615,0.00082128553,0.028658079,0.0007875313
2022-05-02,1.5450882e-05,0.06096265,0.9253625,0.9863252,0.9863252,0.0006611636,0.025713101,0.0011298803
2022-05-03,2.240092e-05,0.06771197,0.91582555,0.9835375,0.9835375,0.00062841317,0.025068171,0.0013607236
2022-05-04,1.398774e-05,0.062489558,0.9231344,0.98562396,0.98562396,0.0006466671,0.02542965,0.0009729895
2022-05-05,2.3250903e-05,0.10262661,0.8671832,0.96980983,0.96980983,0.00077442685,0.027828526,0.0007701481
2022-05-06,1.2077608e-05,0.060003303,0.9267984,0.9868017,0.9868017,0.0006964036,0.026389461,0.000915087
2022-05-09,1.5991269e-05,0.06560444,0.918919,0.9845235,0.9845235,0.0006686232,0.025857748,0.0010332597
2022-05-10,9.033465e-05,0.10654857,0.86013556,0.9666841,0.9666841,0.000890977,0.029849237,0.002711458
2022-05-11,2.597513e-05,0.07597222,0.9043911,0.9803633,0.9803633,0.00097324286,0.03119684,0.0013227855
2022-05-12,1.0199788e-05,0.06313731,0.9228968,0.9860341,0.9860341,0.0011590476,0.034044787,0.00073033496
2022-05-13,9.430622e-06,0.058339864,0.9291873,0.9875272,0.98752713,0.0010807582,0.032874886,0.0007560945
2022-05-16,1.2656829e-05,0.07621332,0.90596175,0.98217505,0.98217505,0.001107104,0.03327317,0.0007100626
2022-05-17,1.2804259e-05,0.0756039,0.9070723,0.9826762,0.9826762,0.0010975843,0.033129808,0.0007391141
2022-05-18,2.0192045e-05,0.08521896,0.8967462,0.9819652,0.9819652,0.0010280521,0.03206325,0.0011196147
2022-05-19,6.192597e-05,0.21504726,0.7507126,0.9657598,0.9657598,0.0009977515,0.031587206,0.0018085758
2022-05-20,3.014276e-05,0.121575154,0.8394787,0.96105385,0.96105385,0.0009285788,0.030472592,0.0007739599
2022-05-23,1.6581387e-05,0.06558194,0.91896087,0.9845428,0.9845428,0.0008191028,0.028619973,0.0010727282
2022-05-24,1.1745668e-05,0.06073628,0.9257336,0.9864699,0.9864699,0.0008155203,0.028557315,0.0008681155
2022-05-25,1.5649202e-05,0.06786301,0.9158867,0.9837497,0.9837497,0.00076819706,0.027716368,0.0009630093
2022-05-26,2.0395571e-05,0.07456797,0.9059904,0.9805584,0.9805584,0.00072082726,0.026848227,0.0010490683
2022-05-27,2.7219985e-05,0.09010302,0.883519,0.973622,0.973622,0.000756014,0.027495708,0.0010319209
2022-05-31,1.2859312e-05,0.064591944,0.92052656,0.9851185,0.9851185,0.00070140214,0.026483998,0.00086411444
2022-06-01,3.2368644e-05,0.08040973,0.89646655,0.97687626,0.97687626,0.00065941265,0.025679031,0.0013998013
2022-06-02,1.4496936e-05,0.06360476,0.92160285,0.9852076,0.9852076,0.0006254358,0.025008714,0.0009800271
2022-06-03,1.6262002e-05,0.06872455,0.91463876,0.98336333,0.98336333,0.00060272275,0.024550412,0.0009774794
2022-06-06,1.601179e-05,0.06790552,0.91574836,0.9836539,0.9836539,0.0005867711,0.02422336,0.0009795482
2022-06-07,2.1553633e-05,0.07005301,0.91214776,0.9822008,0.98220074,0.0005541112,0.023539567,0.0012109327
2022-06-08,3.2721087e-05,0.07929635,0.898863,0.97815937,0.97815937,0.00053083326,0.02303982,0.001498175
2022-06-09,2.3756165e-05,0.073602885,0.9073384,0.9809413,0.9809413,0.0005486705,0.023423716,0.0012464733
2022-06-10,2.1248503e-05,0.07581851,0.9042212,0.9800397,0.9800397,0.0005235487,0.022881186,0.0010645391
2022-06-13,6.858817e-05,0.10946715,0.85796565,0.9674328,0.9674328,0.00049855583,0.022328364,0.0021060503
2022-06-14,0.00012162086,0.15353954,0.79856867,0.9521082,0.9521082,0.000496733,0.022287508,0.0025394927
2022-06-15,0.00036276662,0.13685012,0.762419,0.8992691,0.8992691,0.0005622267,0.02371132,0.003601344
2022-06-16,2.8210026e-05,0.076380774,0.9029654,0.9793462,0.9793462,0.00092420087,0.030400673,0.0013658527
2022-06-17,9.239657e-06,0.058132857,0.9294913,0.9876241,0.98762417,0.0008913053,0.029854735,0.00074658514
2022-06-21,5.0805662e-05,0.0844076,0.8937812,0.9781888,0.97818875,0.0011304994,0.033622902,0.0023293395
2022-06-22,1.4178098e-05,0.0669079,0.9176177,0.98452556,0.98452556,0.0010691038,0.032697152,0.000916227
2022-06-23,1.0304662e-05,0.058083896,0.9295259,0.9876098,0.9876098,0.0011097753,0.03331329,0.0008316787
2022-06-24,5.1715928e-05,0.09349996,0.8838313,0.9773313,0.9773313,0.0010617155,0.032583978,0.0022813785
2022-06-27,9.205256e-06,0.058065955,0.92958826,0.9876542,0.9876542,0.0010821904,0.032896664,0.000745619
2022-06-28,1.07746755e-05,0.072681524,0.91530895,0.9879905,0.9879905,0.001033427,0.03214696,0.00089717924
2022-06-29,9.205256e-06,0.058065955,0.92958826,0.9876542,0.9876542,0.0009844641,0.03137617,0.000745619
2022-06-30,1.3794472e-05,0.19224209,0.7919953,0.9842374,0.9842374,0.00094340317,0.03071487,0.00087513786
2022-07-01,0.00033675827,0.21117441,0.7042031,0.91537756,0.91537756,0.0010319434,0.032123875,0.0039795386
2022-07-05,8.382543e-06,0.062152773,0.9257753,0.98792803,0.98792803,0.0011922305,0.03452869,0.00069438084
2022-07-06,5.001232e-05,0.24111274,0.72869194,0.9698047,0.96980464,0.0015737861,0.039670974,0.0016562951
2022-07-07,3.0594616e-05,0.17219509,0.80919254,0.9813876,0.9813876,0.0012210971,0.0349442,0.0016437774
2022-07-08,9.678928e-06,0.069803685,0.9149363,0.98473996,0.98474,0.0013153306,0.036267485,0.0006342662
2022-07-11,1.1661699e-05,0.05861555,0.92900205,0.9876176,0.9876176,0.001239982,0.035213377,0.0009417973
2022-07-12,9.960582e-06,0.058078494,0.9295448,0.9876233,0.9876233,0.0011664312,0.034153055,0.0008047833
2022-07-13,4.1641422e-05,0.20897564,0.768733,0.9777087,0.9777087,0.0014925224,0.03863318,0.001868057
2022-07-14,1.3305696e-05,0.058125168,0.9293815,0.9875067,0.9875066,0.001193319,0.03454445,0.0010650255
2022-07-15,2.9045937e-05,0.06552299,0.9184005,0.9839235,0.9839235,0.0011242116,0.033529263,0.001806732
2022-07-18,1.1149919e-05,0.058096502,0.929482,0.9875785,0.9875785,0.0010839062,0.03292273,0.00089763146
2022-07-19,1.0355604e-05,0.058084678,0.92952317,0.98760784,0.98760784,0.0011628456,0.03410052,0.00083565747
2022-07-20,1.0049211e-05,0.058079902,0.92953986,0.98761976,0.98761976,0.0011050729,0.033242635,0.0008117136
2022-07-21,1.10547e-05,0.058095124,0.9294868,0.9875819,0.9875819,0.001058722,0.032538008,0.0008902093
2022-07-22,3.451511e-05,0.19015707,0.78773594,0.977893,0.977893,0.0012026613,0.03467941,0.0015612748
2022-07-25,1.1334418e-05,0.058099143,0.9294728,0.98757195,0.98757195,0.0010402079,0.032252256,0.0009120032
2022-07-26,1.0117333e-05,0.058080968,0.9295361,0.9876171,0.9876171,0.001002981,0.031669874,0.00081703905
2022-07-27,1.1271492e-05,0.05809824,0.9294759,0.98757416,0.98757416,0.0009616319,0.03101019,0.000907101
2022-07-28,2.1227053e-05,0.075501576,0.9051382,0.98063976,0.98063976,0.0009371241,0.030612482,0.0010964249
2022-07-29,1.2085242e-05,0.058109477,0.92943656,0.987546,0.987546,0.000875451,0.029588021,0.0009703925
2022-08-01,1.0793468e-05,0.058091298,0.9295002,0.9875915,0.9875915,0.00085471635,0.029235533,0.0008698451
2022-08-02,6.9187896e-05,0.23526502,0.7058159,0.9410809,0.9410809,0.00094695005,0.030772554,0.0011742869
2022-08-03,2.2622135e-05,0.06380854,0.92094594,0.9847545,0.9847545,0.0007443972,0.027283644,0.0014838568
2022-08-04,3.0869156e-05,0.10536102,0.87740946,0.9827705,0.9827705,0.0008147801,0.028544353,0.0017916458
2022-08-05,7.192598e-05,0.15196456,0.81970245,0.971667,0.971667,0.0008059486,0.028389234,0.002538593
2022-08-08,1.3169992e-05,0.058123477,0.9293874,0.98751086,0.98751086,0.0007364488,0.02713759,0.0010545155
2022-08-09,2.0312133e-05,0.06153262,0.92432725,0.9858599,0.9858599,0.0007191137,0.026816295,0.0014364885
2022-08-10,1.4384676e-05,0.060908567,0.9254211,0.9863297,0.9863297,0.00068560254,0.026184013,0.0010522556
2022-08-11,1.0991306e-05,0.058094207,0.92949003,0.98758423,0.98758423,0.00066337467,0.025756061,0.00088527
2022-08-12,1.1875751e-05,0.059158787,0.9279963,0.9871551,0.9871551,0.0006657819,0.02580275,0.0009245484
2022-08-15,2.8816074e-05,0.07153585,0.9100826,0.9816184,0.9816184,0.00066487375,0.025785146,0.001567659
2022-08-16,3.5221852e-05,0.08846126,0.89200795,0.9804692,0.9804692,0.0006973134,0.026406692,0.0018034029
2022-08-17,1.369738e-05,0.058589295,0.92871106,0.98730034,0.98730034,0.00075344654,0.02744898,0.0010785625
2022-08-18,2.630779e-05,0.07099004,0.910462,0.98145205,0.98145205,0.00073211326,0.027057592,0.0014183663
2022-08-19,9.790792e-06,0.058075756,0.9295542,0.98763,0.98763,0.0007428181,0.02725469,0.00079149555
2022-08-22,1.0937715e-05,0.06200565,0.924617,0.98662263,0.98662263,0.00070071674,0.026471054,0.0008176283
2022-08-23,7.308932e-05,0.12539929,0.8388424,0.9642417,0.9642417,0.0006612197,0.025714193,0.002043981
2022-08-24,2.7413924e-05,0.08505184,0.8911284,0.97618026,0.97618026,0.0008081083,0.028427245,0.0011508907
2022-08-25,8.5173175e-05,0.22391002,0.70275784,0.92666787,0.92666787,0.0007596982,0.027562624,0.0011614715
2022-08-26,1.0416163e-05,0.05808562,0.92952,0.98760563,0.98760563,0.00076501747,0.027658949,0.00084039476
2022-08-29,1.6349082e-05,0.06740084,0.9165925,0.9839933,0.9839933,0.0007233247,0.026894696,0.0010213894
2022-08-30,9.784723e-06,0.05807565,0.9295546,0.98763025,0.98763025,0.000794483,0.028186575,0.00079102017
2022-08-31,6.311618e-05,0.17817341,0.791233,0.9694064,0.9694064,0.00093821116,0.030630233,0.0020630537
2022-09-01,2.148886e-05,0.09449995,0.8893441,0.98384404,0.98384404,0.0009022626,0.030037686,0.0013300889
2022-09-02,3.0416972e-05,0.23735325,0.73851043,0.9758637,0.9758637,0.0009307252,0.03050779,0.0012602166
2022-09-06,1.5056075e-05,0.060799498,0.92550933,0.9863088,0.9863088,0.00071957434,0.026824882,0.001099691
2022-09-07,3.7713384e-05,0.070727035,0.9102675,0.9809945,0.9809945,0.00068102975,0.026096547,0.001984343
2022-09-08,9.131663e-05,0.0947436,0.87549007,0.9702337,0.9702337,0.0009019905,0.030033156,0.0030677835
2022-09-09,1.3075302e-05,0.0581223,0.9293916,0.9875139,0.9875139,0.00091556384,0.030258285,0.0010471886
2022-09-12,1.1135619e-05,0.058096297,0.9294827,0.987579,0.987579,0.0009476018,0.030783141,0.0008965147
2022-09-13,1.1654787e-05,0.05810362,0.9294571,0.98756075,0.98756075,0.0008990783,0.029984634,0.0009369364
2022-09-14,1.1826828e-05,0.058105983,0.9294488,0.9875548,0.9875548,0.00084913615,0.029139942,0.00095031154
2022-09-15,1.1614099e-05,0.05810306,0.9294591,0.9875622,0.9875622,0.0008109864,0.028477823,0.0009337728
2022-09-16,0.000120166915,0.100158796,0.86402583,0.96418464,0.96418464,0.0008546207,0.029233897,0.0033551783
2022-09-19,5.2540217e-05,0.07700626,0.8996682,0.9766745,0.9766745,0.00085858273,0.029301582,0.0022524795
2022-09-20,2.4511959e-05,0.08071566,0.89815366,0.9788693,0.9788693,0.00082877476,0.02878845,0.0011600174
2022-09-21,1.3365132e-05,0.058310274,0.92911714,0.9874274,0.9874274,0.0007877281,0.028066495,0.0010630375
2022-09-22,1.17655645e-05,0.058105145,0.92945176,0.98755693,0.98755693,0.0007647425,0.027653977,0.0009455519
2022-09-23,5.703184e-05,0.07931988,0.8956979,0.9750178,0.9750178,0.00072491536,0.026924253,0.0022828977
2022-09-26,7.566423e-05,0.10715055,0.8665017,0.97365224,0.97365224,0.0009807097,0.031316284,0.0028717525
2022-09-27,2.5425592e-05,0.062563926,0.9227828,0.98534673,0.9853467,0.0009998899,0.031621035,0.0017351485
2022-09-28,2.3800043e-05,0.064812906,0.9193761,0.984189,0.984189,0.0009807108,0.031316303,0.0015052813
2022-09-29,1.2512152e-05,0.06576647,0.919654,0.98542047,0.98542047,0.0010579161,0.03252562,0.0008581997
2022-09-30,1.8388931e-05,0.06267045,0.9237192,0.9863897,0.9863897,0.0009941272,0.031529784,0.0013511038
2022-10-03,2.4520414e-05,0.06507139,0.9194784,0.9845498,0.9845498,0.0009667181,0.03109209,0.0015870633
2022-10-04,1.01105525e-05,0.085214525,0.8997375,0.98495203,0.984952,0.001079561,0.032856673,0.00067188824
2022-10-05,4.8795278e-06,0.19004564,0.78909916,0.9791448,0.9791448,0.0010784107,0.032839164,0.00023397189
2022-10-06,6.101099e-06,0.21188954,0.7683438,0.9802333,0.9802333,0.00089305907,0.029884094,0.0003086556
2022-10-07,3.88616e-06,0.23568128,0.74293727,0.97861856,0.97861856,0.0007044947,0.026542319,0.00018175392
2022-10-10,4.4526046e-06,0.23749124,0.7339655,0.97145677,0.97145677,0.0010269675,0.032046333,0.0001559951
2022-10-11,7.4767286e-06,0.20397122,0.7825801,0.9865513,0.9865513,0.00082422514,0.028709322,0.0005559437
2022-10-12,5.9110016e-06,0.10468964,0.88184196,0.9865316,0.9865316,0.00073379435,0.027088638,0.00043887977
2022-10-13,1.0560383e-05,0.059039067,0.9282363,0.98727536,0.98727536,0.0007122659,0.02668831,0.0008299162
2022-10-14,5.451733e-06,0.1789544,0.8019743,0.98092866,0.98092866,0.00069683004,0.02639754,0.00028585998
2022-10-17,1.6857e-05,0.061589148,0.9246276,0.9862167,0.9862167,0.0008550406,0.029241078,0.001223004
2022-10-18,6.27867e-05,0.14335996,0.8191223,0.9624823,0.9624823,0.0008076955,0.028419985,0.0016735209
2022-10-19,1.2994399e-05,0.058121286,0.9293952,0.98751646,0.98751646,0.0008676965,0.029456688,0.0010409228
2022-10-20,9.204025e-06,0.05808426,0.9295658,0.98765004,0.98765004,0.0008796644,0.029659137,0.00074526743
2022-10-21,1.09762295e-05,0.058093995,0.9294908,0.9875848,0.9875848,0.0008282346,0.028779065,0.0008840982
2022-10-24,5.2968753e-05,0.08772278,0.88604295,0.97376573,0.97376573,0.000787988,0.028071124,0.0020190673
2022-10-25,9.205256e-06,0.058065955,0.92958826,0.9876542,0.9876542,0.0007540904,0.027460705,0.000745619
2022-10-26,9.205256e-06,0.058065955,0.92958826,0.9876542,0.9876542,0.0007143673,0.02672765,0.000745619
2022-10-27,1.5488022e-05,0.17378649,0.8015604,0.9753469,0.9753469,0.0007243765,0.026914245,0.0006282389
2022-10-28,9.620166e-06,0.1868,0.7865055,0.9733055,0.9733055,0.0006254128,0.025008254,0.0003603804
2022-10-31,1.4257966e-05,0.15268376,0.8256508,0.97833455,0.97833455,0.0005359257,0.023150068,0.0006580968
2022-11-01,1.3340715e-05,0.09190847,0.8951339,0.98704237,0.98704237,0.0004955735,0.02226148,0.0010295642
2022-11-02,0.00027691302,0.21863529,0.70695555,0.9255908,0.9255909,0.0004967208,0.022287233,0.0037214898
2022-11-03,1.0212792e-05,0.08968633,0.8921228,0.98180914,0.98180914,0.0006992165,0.026442703,0.00056142436
2022-11-04,3.988265e-05,0.16762534,0.7951888,0.9628141,0.9628141,0.00067273143,0.025937067,0.0010725205
2022-11-07,5.407125e-06,0.092736945,0.8946355,0.98737246,0.98737246,0.0009755297,0.03123347,0.00042820093
2022-11-08,8.050285e-06,0.09909355,0.88946253,0.9885561,0.9885561,0.0008858843,0.029763808,0.00070345565
2022-11-09,6.27771e-05,0.09111794,0.87989885,0.97101676,0.97101676,0.00089822605,0.029970419,0.0021659797
2022-11-10,1.2438948e-05,0.1763061,0.8097335,0.98603964,0.98603964,0.0009679196,0.031111406,0.00089101907
2022-11-11,9.999059e-06,0.058079105,0.9295426,0.9876217,0.9876217,0.000805312,0.02837802,0.000807791
2022-11-14,1.2208589e-05,0.059328664,0.92768705,0.9870157,0.9870157,0.00080459745,0.028365428,0.00094025955
2022-11-15,8.5188585e-06,0.1133092,0.8753542,0.9886634,0.9886634,0.0008337739,0.028875144,0.00075144577
2022-11-16,1.0183661e-05,0.10985084,0.8746529,0.98450375,0.98450375,0.0007544534,0.027467316,0.0006571692
2022-11-17,1.059545e-05,0.060382336,0.92740774,0.98779005,0.9877901,0.0006970009,0.026400775,0.0008677716
2022-11-18,1.20518e-05,0.07388497,0.9141021,0.98798704,0.98798704,0.00079316436,0.028163174,0.0010032333
2022-11-21,2.6190251e-05,0.06448008,0.9198635,0.9843436,0.9843436,0.0007652703,0.02766352,0.0016728132
2022-11-22,1.204261e-05,0.058108907,0.9294386,0.9875475,0.9875475,0.0007315099,0.02704644,0.00096708507
2022-11-23,1.16105875e-05,0.058103006,0.9294593,0.9875623,0.9875623,0.00070491916,0.026550313,0.0009334995
2022-11-25,1.502279e-05,0.058560606,0.92871875,0.98727936,0.98727936,0.00075128244,0.027409531,0.0011809771
2022-11-28,0.00019021945,0.21263313,0.7331619,0.94579506,0.94579506,0.00074049854,0.027212102,0.003509264
2022-11-29,4.8089343e-05,0.07256582,0.9068711,0.9794369,0.9794369,0.0007651291,0.027660968,0.0023386204
2022-11-30,1.2204214e-05,0.058111068,0.929431,0.9875421,0.9875421,0.0007526116,0.027433768,0.000979636
2022-12-01,1.3262729e-05,0.059637286,0.92721105,0.98684835,0.98684835,0.0007618322,0.02760131,0.0010084463
2022-12-02,3.2930242e-05,0.16736075,0.81254554,0.97990626,0.9799063,0.00072350196,0.026897991,0.001638831
2022-12-05,0.000104096776,0.15686895,0.80740917,0.9642781,0.9642781,0.00066165836,0.02572272,0.0029140885
2022-12-06,0.00015139273,0.15857308,0.798926,0.9574991,0.9574991,0.00087838137,0.029637499,0.0035621054
2022-12-07,4.587933e-05,0.10297882,0.8766666,0.97964543,0.97964543,0.0010552134,0.032484047,0.0022540065
2022-12-08,4.4106288e-05,0.09280985,0.8889199,0.98172975,0.98172975,0.0010690903,0.032696947,0.0024141036
2022-12-09,5.0764826e-05,0.07199189,0.9076307,0.9796226,0.9796226,0.0010002422,0.031626604,0.002491232
2022-12-12,1.9944355e-05,0.060219463,0.9262851,0.98650455,0.98650455,0.0009615776,0.031009315,0.0014778583
2022-12-13,3.1931748e-05,0.07202763,0.9083132,0.98034084,0.98034084,0.0009633504,0.031037888,0.001624268
2022-12-14,1.07021415e-05,0.058089945,0.9295049,0.98759484,0.98759484,0.0009702807,0.031149328,0.0008627171
2022-12-15,5.936921e-05,0.11899861,0.8406271,0.95962566,0.95962566,0.0009475147,0.030781727,0.0014704689
2022-12-16,1.1699903e-05,0.105347246,0.8823776,0.98772484,0.9877249,0.00088444207,0.02973957,0.00095313654
2022-12-19,5.4164513e-05,0.07915741,0.89901793,0.97817534,0.97817534,0.0008550451,0.029241154,0.0024818035
2022-12-20,2.3526078e-05,0.064646535,0.91962826,0.9842748,0.9842748,0.0008338941,0.028877225,0.0014960754
2022-12-21,1.49481875e-05,0.070220746,0.91521734,0.9854381,0.9854381,0.00079918816,0.028269917,0.0010265278
2022-12-22,5.087567e-06,0.12081239,0.86670184,0.98751426,0.98751426,0.0008024785,0.028328052,0.0004074701
2022-12-23,1.289352e-05,0.08336575,0.9039095,0.98727524,0.98727524,0.00071394024,0.02671966,0.0010132625
2022-12-27,2.7661963e-06,0.19677682,0.789618,0.9863948,0.9863948,0.00071512634,0.026741846,0.00020331939
2022-12-28,4.3427976e-06,0.12638234,0.86280996,0.9891923,0.9891923,0.00056751736,0.023822622,0.00040182465
2022-12-29,2.6133244e-05,0.100866646,0.88153625,0.9824029,0.9824029,0.0005009815,0.022382617,0.0014850899
2022-12-30,8.407086e-06,0.07368729,0.91514885,0.98883617,0.98883617,0.0004732241,0.021753715,0.00075306464
2023-01-03,5.4609804e-06,0.08319002,0.9053631,0.9885531,0.9885531,0.0004811705,0.021935599,0.00047707098
2023-01-04,3.6129863e-05,0.18195412,0.79877293,0.980727,0.9807271,0.0005921621,0.02433438,0.0018746378
2023-01-05,9.8732335e-06,0.19001216,0.79818946,0.9882016,0.9882016,0.0010569245,0.032510374,0.0008368295
2023-01-06,5.3533447e-05,0.13060121,0.8459648,0.976566,0.976566,0.0008768777,0.02961212,0.0022844365
2023-01-09,6.455898e-06,0.14485425,0.8446739,0.9895281,0.9895281,0.00079550437,0.028204687,0.00061649847
2023-01-10,9.650898e-06,0.059304096,0.928532,0.9878361,0.9878361,0.0006970653,0.026401995,0.0007934064
2023-01-11,2.6164778e-05,0.105700836,0.8756979,0.98139876,0.98139876,0.0006592567,0.025675995,0.0014066148
2023-01-12,4.8353004e-06,0.08650648,0.903072,0.9895785,0.9895785,0.0006972838,0.026406132,0.00046397292
2023-01-13,4.438769e-06,0.10068072,0.88966423,0.99034494,0.99034494,0.00064771005,0.025450148,0.00045973508
2023-01-17,4.9493397e-06,0.14700577,0.8420285,0.9890343,0.9890343,0.0006145497,0.024790112,0.00045134715
2023-01-18,5.2756113e-06,0.08367451,0.9060874,0.9897619,0.9897619,0.0005244968,0.022901895,0.00051529147
2023-01-19,2.397072e-05,0.16204606,0.8200876,0.9821337,0.9821337,0.00048730354,0.022074953,0.0013416713
2023-01-20,2.6453406e-06,0.17864916,0.81004846,0.98869765,0.98869765,0.00044112743,0.021003034,0.00023405222
2023-01-23,3.1728362e-06,0.15906002,0.8296348,0.9886948,0.9886948,0.0003852256,0.019627165,0.0002806525
2023-01-24,7.753194e-06,0.06428589,0.9238088,0.9880947,0.9880947,0.00032479333,0.018022023,0.0006512382
2023-01-25,1.8860934e-05,0.11641683,0.86878985,0.98520666,0.98520666,0.0003301898,0.018171126,0.0012749615
2023-01-26,2.0540916e-05,0.20332491,0.77803683,0.98136175,0.98136175,0.00030572648,0.017485036,0.0011020837
2023-01-27,9.1644815e-06,0.12366407,0.862684,0.9863481,0.9863481,0.0002805451,0.01674948,0.0006712968
2023-01-30,9.324154e-06,0.0683665,0.920035,0.9884015,0.98840153,0.000286057,0.01691322,0.00080390845
2023-01-31,0.00016545075,0.2158465,0.73663807,0.95248455,0.95248455,0.00030814263,0.017553993,0.003482041
2023-02-01,9.903242e-06,0.10363066,0.88126093,0.9848916,0.9848916,0.00042423466,0.020596957,0.0006554789
2023-02-02,1.8729253e-05,0.23257634,0.75066745,0.98324376,0.9832438,0.00048938947,0.022122148,0.0011177482
2023-02-03,1.5162619e-05,0.13971104,0.84579325,0.98550427,0.98550427,0.0003981506,0.019953711,0.0010460059
2023-02-06,1.8588296e-05,0.24272008,0.7373403,0.98006034,0.98006034,0.0005096783,0.022576056,0.0009322273
2023-02-07,1.226079e-05,0.06723855,0.92039335,0.9876319,0.9876319,0.00041641356,0.020406215,0.000991325
2023-02-08,4.7562694e-06,0.10975721,0.8779078,0.987665,0.987665,0.00050221145,0.022410074,0.0003855913
2023-02-09,3.6013737e-06,0.21582578,0.7746288,0.9904546,0.9904546,0.00047683716,0.021836601,0.00037728949
2023-02-10,2.0709126e-06,0.20476449,0.78719133,0.9919558,0.9919558,0.0003794472,0.019479405,0.00025744224
2023-02-13,2.1504122e-06,0.16917664,0.82170326,0.9908799,0.9908799,0.00038939645,0.019733131,0.00023578806
2023-02-14,2.8890836e-06,0.20436355,0.7856746,0.9900381,0.99003816,0.00032637586,0.018065875,0.0002900132
2023-02-15,4.8165725e-06,0.11878649,0.87127817,0.9900647,0.9900647,0.00029826892,0.017270464,0.00048479292
2023-02-16,8.465119e-06,0.12738548,0.86120594,0.98859143,0.98859143,0.00026925918,0.01640912,0.0007419967
2023-02-17,1.5005741e-05,0.222725,0.76035047,0.9830755,0.9830755,0.00024064374,0.0155126965,0.0008866283
2023-02-21,9.264337e-06,0.13770826,0.85073835,0.9884466,0.9884466,0.00037275098,0.01930676,0.00080187054
2023-02-22,2.4367033e-05,0.21278678,0.7582814,0.9710682,0.9710682,0.00032730796,0.018091654,0.0008422233
2023-02-23,7.755839e-06,0.18943237,0.7988425,0.9882749,0.9882749,0.0004600729,0.021449309,0.00066147157
2023-02-24,1.050098e-05,0.05816593,0.92945117,0.9876171,0.9876171,0.00044400716,0.021071477,0.000848021
2023-02-27,1.1063037e-05,0.102447964,0.8845299,0.9869779,0.9869779,0.0004315908,0.020774763,0.000849557
2023-02-28,1.0397697e-05,0.05808533,0.92952096,0.9876063,0.9876063,0.00040049996,0.020012496,0.00083894935
2023-03-01,8.262026e-06,0.061134625,0.92707676,0.9882114,0.9882114,0.00040087337,0.020021822,0.0007008484
2023-03-02,7.769704e-06,0.06406626,0.92388463,0.9879509,0.9879509,0.0003838481,0.019592041,0.00064483803
2023-03-03,7.964933e-06,0.073970094,0.9147625,0.9887326,0.9887326,0.0003645512,0.019093225,0.0007068992
2023-03-06,8.185109e-06,0.063418545,0.9244682,0.9878868,0.9878868,0.00036820868,0.019188764,0.0006757174
2023-03-07,2.6427198e-05,0.103731245,0.8786149,0.9823461,0.9823462,0.00035430983,0.018823119,0.0014969624
2023-03-08,3.7585094e-06,0.18884514,0.8010868,0.98993194,0.98993194,0.00047735774,0.021848518,0.00037331023
2023-03-09,8.184788e-06,0.18389463,0.80361414,0.9875088,0.9875088,0.00041412312,0.020350015,0.000655243
2023-03-10,5.7424663e-06,0.22896941,0.75866836,0.98763776,0.98763776,0.00037006402,0.019237049,0.00046451658
2023-03-13,8.640892e-06,0.1942069,0.7869157,0.9811226,0.9811226,0.0003214798,0.017929858,0.0004577377
2023-03-14,6.4672686e-06,0.08431304,0.90525526,0.9895683,0.9895683,0.00038359308,0.019585533,0.00061996264
2023-03-15,1.3379434e-05,0.14706618,0.8394786,0.9865448,0.9865448,0.00054586853,0.02336383,0.0009943681
2023-03-16,2.8559223e-05,0.23486216,0.7448761,0.97973824,0.97973824,0.0008972884,0.029954772,0.0014095132
2023-03-17,1.2010189e-05,0.058108468,0.92944014,0.9875486,0.9875486,0.0007235535,0.026898948,0.0009645645
2023-03-20,5.333018e-05,0.078817986,0.8995096,0.9783276,0.9783276,0.0007181908,0.026799083,0.0024607386
2023-03-21,1.5087215e-05,0.06118271,0.9257967,0.9869794,0.9869794,0.00071299326,0.026701935,0.001158721
2023-03-22,8.708259e-06,0.0636272,0.9247668,0.98839396,0.98839396,0.0007117192,0.026678067,0.00075032143
2023-03-23,1.34924785e-05,0.15195876,0.8325838,0.98454255,0.98454255,0.00069811207,0.02642181,0.0008728786
2023-03-24,3.218854e-06,0.14993398,0.8412562,0.9911902,0.9911902,0.00062277383,0.024955437,0.0003653718
2023-03-27,7.947909e-06,0.14840199,0.83977824,0.9881802,0.9881802,0.00054302014,0.023302794,0.00067242444
2023-03-28,3.7576506e-06,0.19980848,0.7856843,0.98549277,0.98549277,0.0008312311,0.02883108,0.00025901909
2023-03-29,2.3081434e-06,0.15393329,0.8376223,0.9915556,0.9915556,0.00066204777,0.02573029,0.00027333328
2023-03-30,3.463403e-06,0.21005975,0.78014797,0.99020773,0.99020773,0.0005586181,0.023635102,0.0003536875
2023-03-31,3.0636397e-06,0.14019562,0.8505621,0.9907577,0.9907577,0.0005132435,0.022654878,0.00033148038
2023-04-03,2.5292627e-06,0.19459116,0.79416174,0.9887529,0.9887529,0.00048055983,0.021921676,0.00022488135
2023-04-04,1.8400813e-06,0.22461878,0.76486456,0.98948336,0.98948336,0.001099792,0.03316311,0.00017496849
2023-04-05,2.0604482e-06,0.22457254,0.765443,0.99001557,0.99001557,0.0008455699,0.029078685,0.00020636605
2023-04-06,1.8825809e-06,0.22657706,0.7620282,0.98860526,0.98860526,0.00064978655,0.025490912,0.00016521492
2023-04-10,2.7889969e-06,0.19485168,0.7961636,0.9910153,0.9910153,0.00049721275,0.022298267,0.00031041677
2023-04-11,3.00811e-06,0.16546728,0.8236648,0.98913205,0.98913205,0.00042767942,0.02068041,0.00027678718
2023-04-12,7.211516e-06,0.06682528,0.9216468,0.98847204,0.98847204,0.00043507852,0.020858536,0.0006255676
2023-04-13,4.848944e-06,0.21168698,0.77359354,0.9852805,0.9852805,0.00043699762,0.020904489,0.00032942346
2023-04-14,3.4366744e-06,0.21119486,0.7787421,0.98993695,0.98993695,0.00038170436,0.019537255,0.00034151413
2023-04-17,3.552431e-06,0.11723916,0.8728612,0.9901004,0.9901004,0.00030429487,0.01744405,0.00035884534
2023-04-18,4.0809823e-06,0.16018313,0.8296189,0.989802,0.989802,0.00032052133,0.01790311,0.00040017487
2023-04-19,9.583741e-06,0.08281978,0.90456444,0.9873842,0.9873842,0.00026999437,0.016431505,0.0007596618
2023-04-20,2.6629343e-05,0.2208574,0.75875145,0.97960883,0.97960883,0.00029204588,0.01708935,0.0013059254
2023-04-21,5.9125423e-06,0.1795289,0.8087118,0.9882407,0.9882407,0.0003769733,0.0194158,0.00050279795
2023-04-24,1.1034772e-05,0.12671909,0.85989535,0.9866144,0.98661447,0.0003201805,0.017893588,0.0008243767
2023-04-25,6.695568e-06,0.09367899,0.8946864,0.9883654,0.9883654,0.00030204342,0.017379396,0.0005754882
2023-04-26,5.617428e-06,0.18546905,0.8032237,0.98869276,0.98869276,0.0003219799,0.017943798,0.00049679924
2023-04-27,2.9473511e-05,0.22239727,0.7570627,0.97945994,0.97945994,0.0005159736,0.022715053,0.0014349283
2023-04-28,1.5295434e-05,0.060645584,0.9260381,0.98668367,0.98668367,0.0004279284,0.02068643,0.0011486221
2023-05-01,9.563638e-06,0.075985216,0.911718,0.9877032,0.9877032,0.0004539144,0.021305267,0.00077773415
2023-05-02,1.3480953e-05,0.20030516,0.78449094,0.9847961,0.9847961,0.0004403493,0.020984503,0.0008866777
2023-05-03,6.912512e-06,0.24292617,0.7435162,0.9864424,0.9864424,0.000955092,0.030904563,0.00050986203
2023-05-04,1.7213793e-05,0.24302773,0.73709744,0.9801252,0.9801252,0.0011847501,0.0344202,0.000866111
2023-05-05,6.230113e-05,0.09912142,0.8767414,0.9758628,0.97586286,0.00089065405,0.029843828,0.0025811251
2023-05-08,1.227527e-05,0.060417466,0.9266242,0.98704165,0.98704165,0.0009979042,0.031589624,0.00094728667
2023-05-09,9.833275e-06,0.05847167,0.9291433,0.987615,0.987615,0.000974578,0.031218233,0.00079396577
2023-05-10,6.6552734e-06,0.07708431,0.91219056,0.98927486,0.98927486,0.0009184305,0.030305618,0.00062053016
2023-05-11,8.981618e-06,0.14501888,0.8423244,0.98734325,0.98734325,0.00086408114,0.029395258,0.0007096307
2023-05-12,5.672848e-06,0.20521961,0.7835263,0.9887459,0.9887459,0.00081899564,0.0286181,0.0005040707
2023-05-15,2.1458582e-05,0.12066648,0.8633644,0.9840309,0.9840309,0.0006770226,0.026019659,0.0013437567
2023-05-16,1.6452803e-05,0.06288861,0.92253786,0.9854265,0.9854265,0.0006328485,0.02515648,0.0011289523
2023-05-17,1.4196336e-05,0.060020145,0.9267097,0.98672986,0.98672986,0.0006011686,0.02451874,0.0010697956
2023-05-18,1.2932478e-05,0.0825866,0.89940035,0.98198694,0.98198694,0.000615657,0.024812438,0.0007179501
2023-05-19,9.857677e-06,0.058398403,0.92925173,0.98765016,0.98765016,0.00058203435,0.024125388,0.0007982025
2023-05-22,1.28703905e-05,0.059884008,0.9269365,0.9868205,0.9868205,0.00055192923,0.023493174,0.0009765476
2023-05-23,1.8610239e-05,0.067745075,0.9160115,0.9837566,0.9837566,0.00052655296,0.022946741,0.0011457109
2023-05-24,1.598312e-05,0.084852085,0.89948446,0.98433656,0.98433656,0.0005114571,0.022615418,0.0010204089
2023-05-25,1.3099956e-05,0.0688403,0.9156714,0.98451173,0.98451173,0.0005072619,0.022522476,0.0008457987
2023-05-26,1.2719523e-05,0.17978747,0.8053819,0.98516935,0.98516935,0.00055992714,0.02366278,0.0008576511
2023-05-30,2.2146589e-05,0.1237756,0.8552902,0.9790658,0.9790658,0.00048699128,0.022067878,0.0010579131
2023-05-31,8.694907e-06,0.113940336,0.8744541,0.98839444,0.98839444,0.00069396466,0.02634321,0.00074920175
2023-06-01,4.318571e-05,0.16720957,0.80893505,0.9761446,0.9761446,0.0006618387,0.025726225,0.0018103126
2023-06-02,6.523049e-05,0.23669936,0.7137422,0.95044154,0.95044154,0.0007177833,0.026791478,0.0013162332
2023-06-05,5.5173145e-06,0.089688435,0.8983348,0.9880232,0.9880232,0.000701534,0.026486486,0.00046066765
2023-06-06,9.802015e-06,0.05903002,0.9287327,0.9877627,0.9877627,0.00063840405,0.025266659,0.00080099417
2023-06-07,9.635029e-06,0.058158815,0.9294933,0.9876521,0.9876521,0.00060478953,0.024592469,0.0007802984
2023-06-08,1.0953028e-05,0.066931695,0.9186324,0.98556405,0.9855641,0.00057845836,0.024051161,0.0007587329
2023-06-09,1.793255e-05,0.09745724,0.88659513,0.98405236,0.98405236,0.00056280027,0.023723412,0.0011244642
2023-06-12,4.3588905e-05,0.112505145,0.8647213,0.97722644,0.97722644,0.00054208725,0.023282766,0.0019140133
2023-06-13,2.1222315e-05,0.22282384,0.757253,0.98007685,0.98007685,0.00073690724,0.027146036,0.0010652088
2023-06-14,1.9290856e-05,0.13583657,0.831774,0.9676106,0.9676106,0.00082863483,0.028786018,0.0005955916
2023-06-15,9.599383e-06,0.06257535,0.92529196,0.9878673,0.9878673,0.000747521,0.02734083,0.0007911989
2023-06-16,1.4461988e-05,0.20929676,0.74545354,0.9547503,0.9547503,0.0007719398,0.027783806,0.00031960406
2023-06-20,6.07033e-06,0.2103918,0.7669122,0.97730404,0.97730404,0.00064385077,0.025374215,0.00026746304
2023-06-21,1.51742e-05,0.19294609,0.7881857,0.9811318,0.9811318,0.00056977826,0.023870029,0.0008042205
2023-06-22,1.5629328e-05,0.21895151,0.73300254,0.95195407,0.95195407,0.00061715255,0.024842555,0.0003252997
2023-06-23,5.767624e-06,0.20003065,0.7877847,0.9878153,0.9878154,0.0008684853,0.029470075,0.0004733505
2023-06-26,1.6965252e-05,0.0743472,0.91037375,0.98472095,0.98472095,0.00069553667,0.026373029,0.00111036
2023-06-27,2.2632774e-05,0.09431565,0.88220286,0.9765185,0.9765185,0.0006507438,0.02550968,0.000963856
2023-06-28,1.5410264e-05,0.06557946,0.9197335,0.985313,0.985313,0.0006538277,0.025570054,0.001049245
2023-06-29,1.4741476e-05,0.07109705,0.91205454,0.9831516,0.9831516,0.00066408905,0.025769925,0.00087494886
2023-06-30,1.2833648e-05,0.062177427,0.9237929,0.9859703,0.9859703,0.0006216019,0.024931945,0.00091474975
2023-07-03,2.0066058e-05,0.086709514,0.89197093,0.97868043,0.97868043,0.00059440505,0.024380423,0.0009412038
2023-07-05,4.032181e-05,0.23994535,0.72716665,0.967112,0.967112,0.00056347053,0.023737535,0.0012260344
2023-07-06,2.391358e-05,0.22284867,0.7007425,0.92359114,0.92359114,0.00063839386,0.025266457,0.00031296868
2023-07-07,1.2220199e-05,0.060009908,0.92679286,0.98680276,0.98680276,0.00047126546,0.021708649,0.0009259661
2023-07-10,1.4475116e-05,0.20510428,0.75665396,0.96175826,0.96175826,0.0004961971,0.022275481,0.0003785161
2023-07-11,1.2574661e-05,0.06390277,0.92201906,0.98592186,0.98592186,0.00041989062,0.020491233,0.0008932047
2023-07-12,1.0108072e-05,0.18818587,0.78409386,0.9722797,0.9722797,0.00043857656,0.02094222,0.0003646455
2023-07-13,1.2491893e-05,0.15146787,0.8244925,0.9759604,0.9759604,0.00038100765,0.019519417,0.0005196376
2023-07-14,1.0827589e-05,0.1837189,0.7923952,0.9761141,0.9761141,0.0003593567,0.018956706,0.00045330453
2023-07-17,1.3308036e-05,0.10692868,0.87611425,0.98304296,0.98304296,0.00036573756,0.019124266,0.00078480865
2023-07-18,1.1725839e-05,0.067133486,0.91880393,0.9859374,0.9859374,0.00036544562,0.019116633,0.0008338325
2023-07-19,7.1324353e-06,0.1855667,0.79220474,0.9777714,0.9777714,0.00037741585,0.019427193,0.00032086752
2023-07-20,9.890224e-06,0.14567812,0.83336,0.9790381,0.9790381,0.00031180357,0.01765796,0.00047181948
2023-07-21,2.0516654e-05,0.09977969,0.8755477,0.9753274,0.9753274,0.0002714898,0.016476948,0.0008315553
2023-07-24,1.5375312e-05,0.20613723,0.7514501,0.95758736,0.95758736,0.0002928236,0.01711209,0.00036251722
2023-07-25,1.2259019e-05,0.16653399,0.80515254,0.97168654,0.97168654,0.0003280545,0.018112276,0.00043297498
2023-07-26,2.8597013e-05,0.14043228,0.8276784,0.9681107,0.9681107,0.00029654856,0.017220585,0.00089675834
2023-07-27,1.5405694e-05,0.19114617,0.7726108,0.9637569,0.9637569,0.0002909435,0.017057067,0.0004250658
2023-07-28,1.4602401e-05,0.21238439,0.7475761,0.9599605,0.9599605,0.00029068853,0.01704959,0.00036470007
2023-07-31,1.5735046e-05,0.1343952,0.8391109,0.9735061,0.9735061,0.00023921065,0.015466437,0.00059391186
2023-08-01,1.8568797e-05,0.19382465,0.7722828,0.9661074,0.9661074,0.00024585167,0.015679657,0.00054787216
2023-08-02,3.9200797e-05,0.18239868,0.776664,0.9590627,0.9590627,0.00021431786,0.014639599,0.0009575813
2023-08-03,3.0994408e-05,0.18333288,0.789366,0.97269887,0.97269887,0.00030736078,0.017531708,0.0011352792
2023-08-04,1.1996638e-05,0.20569368,0.7595415,0.9652352,0.9652352,0.0003913998,0.019783827,0.00034507975
2023-08-07,9.169048e-06,0.122425914,0.8596525,0.98207843,0.98207843,0.00035689812,0.018891748,0.0005116209
2023-08-08,1.0697919e-05,0.06435423,0.9214893,0.98584354,0.98584354,0.00033057763,0.018181793,0.0007556916
2023-08-09,1.3354352e-05,0.20590676,0.7560474,0.9619542,0.9619542,0.00032405707,0.018001584,0.00035100704
2023-08-10,1.5682921e-05,0.21513563,0.7344502,0.94958586,0.94958586,0.00032107692,0.01791862,0.00031108176
2023-08-11,2.3809047e-05,0.07552589,0.9065944,0.9821203,0.9821203,0.00033027842,0.018173564,0.0013316227
2023-08-14,1.3079958e-05,0.08464775,0.89676267,0.98141044,0.98141044,0.0003245822,0.018016165,0.0007036186
2023-08-15,2.4364705e-05,0.08894785,0.8903208,0.9792686,0.9792686,0.00031019136,0.01761225,0.0011752567
2023-08-16,3.191338e-05,0.08657821,0.8923172,0.97889537,0.97889537,0.0003320797,0.018223055,0.0015121504
2023-08-17,1.0439501e-05,0.062257916,0.92408085,0.98633873,0.98633873,0.00036397332,0.019078085,0.000764168
2023-08-18,2.1549784e-05,0.17568038,0.79427993,0.96996033,0.96996033,0.00035636098,0.018877525,0.0007173776
2023-08-21,9.137918e-06,0.15696001,0.823697,0.980657,0.980657,0.00032361198,0.017989218,0.00047241428
2023-08-22,8.022351e-06,0.06875989,0.9187981,0.98755795,0.987558,0.000282917,0.016820136,0.00064477714
2023-08-23,1.2565432e-05,0.11790378,0.8624718,0.9803756,0.9803756,0.00026957176,0.01641864,0.00064029597
2023-08-24,1.9773908e-05,0.0697128,0.91375166,0.9834645,0.9834645,0.0002857476,0.016904071,0.0011958443
2023-08-25,1.3636045e-05,0.064538546,0.9208104,0.98534894,0.98534894,0.00028109908,0.01676601,0.0009307207
2023-08-28,1.3146126e-05,0.17201766,0.79807615,0.97009385,0.97009385,0.0002783988,0.016685287,0.00043957928
2023-08-29,1.8971268e-05,0.09251503,0.8908808,0.9833959,0.9833959,0.00023702365,0.015395572,0.0011425635
2023-08-30,1.1841562e-05,0.12232178,0.85849124,0.980813,0.980813,0.00024554675,0.01566993,0.00061716675
2023-08-31,1.0165087e-05,0.058605652,0.92880934,0.987415,0.987415,0.00022639013,0.015046266,0.00080771546
2023-09-01,3.4280845e-05,0.2210039,0.72755426,0.94855815,0.94855815,0.00025410307,0.01594061,0.00066639995
2023-09-05,2.1472524e-05,0.24014713,0.72931707,0.9694642,0.9694642,0.00033064553,0.018183662,0.0007031914
2023-09-06,1.5248895e-05,0.23335867,0.7063215,0.93968016,0.93968016,0.00030319835,0.017412592,0.00025280064
2023-09-07,3.2733108e-06,0.12525453,0.86462134,0.98987585,0.98987585,0.0002505495,0.015828755,0.0003233172
2023-09-08,3.900686e-06,0.14957117,0.83767337,0.98724455,0.98724455,0.0002277631,0.0150918225,0.00030580536
2023-09-11,4.270098e-06,0.21658117,0.7642816,0.98086274,0.98086274,0.00020223606,0.014220973,0.00022313003
2023-09-12,4.602954e-06,0.16570397,0.81917465,0.9848786,0.9848786,0.00016047974,0.01266806,0.0003044
2023-09-13,8.657316e-06,0.07996707,0.90543205,0.9853991,0.9853991,0.00018601812,0.013638846,0.0005929314
2023-09-14,9.640892e-06,0.2277502,0.7383293,0.9660795,0.9660795,0.00017826738,0.013351681,0.00028422
2023-09-15,4.525014e-06,0.20492454,0.7772948,0.98221934,0.98221934,0.00021603245,0.0146980425,0.00025449076
2023-09-18,7.823644e-06,0.10270612,0.8848945,0.9876006,0.9876006,0.00018111637,0.013457948,0.00063097087
2023-09-19,7.497106e-06,0.06763839,0.9201722,0.9878106,0.9878106,0.00017395224,0.013189096,0.00061505183
2023-09-20,1.0458958e-05,0.21904747,0.74745685,0.96650434,0.96650434,0.0001683014,0.012973103,0.0003122481
2023-09-21,7.555148e-06,0.19333823,0.7903671,0.98370534,0.98370534,0.00015984525,0.012642992,0.00046365795
2023-09-22,1.3747003e-05,0.16318893,0.81578624,0.9789752,0.9789752,0.00014466306,0.012027596,0.0006538463
2023-09-25,9.277823e-06,0.11917593,0.8673993,0.9865752,0.9865752,0.00013465989,0.011604304,0.0006910951
2023-09-26,1.2388386e-05,0.072327085,0.9138672,0.98619425,0.98619425,0.00012811783,0.011318915,0.0008973354
2023-09-27,7.725909e-06,0.06394083,0.9241142,0.98805505,0.98805505,0.00013370118,0.011562923,0.00064679293
2023-09-28,7.076748e-06,0.21697538,0.7538018,0.9707772,0.9707772,0.00021192082,0.0145575,0.0002421654
2023-09-29,1.2109205e-05,0.17896016,0.80323625,0.9821964,0.9821964,0.0002670411,0.016341392,0.00068015454
2023-10-02,1.9885063e-05,0.2323458,0.73171455,0.96406037,0.96406037,0.00024566782,0.015673794,0.00055329065
2023-10-03,5.13285e-06,0.15753028,0.83149517,0.9890254,0.9890255,0.00031390105,0.017717253,0.0004677033
2023-10-04,1.3854806e-05,0.13239631,0.849486,0.9818823,0.98188233,0.0002691446,0.016405627,0.00076470996
2023-10-05,1.4303429e-05,0.24204597,0.7376574,0.97970337,0.9797034,0.00068822614,0.026234064,0.00070471934
2023-10-06,1.3734581e-05,0.059065044,0.92806005,0.9871251,0.9871251,0.00065201154,0.025534516,0.0010667718
2023-10-09,2.373013e-05,0.071441896,0.91036785,0.98180974,0.98180974,0.0006206772,0.024913393,0.0013045511
2023-10-10,1.2785336e-05,0.17926669,0.78789216,0.96715885,0.96715885,0.00071606523,0.026759395,0.00038930846
2023-10-11,6.4790665e-06,0.18977995,0.79121226,0.9809922,0.9809922,0.000581442,0.024113107,0.00034086354
2023-10-12,1.2076395e-05,0.17938136,0.8055859,0.9849673,0.9849673,0.00063178904,0.025135415,0.0008033413
2023-10-13,3.201615e-05,0.22713944,0.7380495,0.965189,0.965189,0.00053036003,0.023029547,0.00091971306
2023-10-16,8.726161e-06,0.23281674,0.7045143,0.9373311,0.9373311,0.0011310317,0.033630814,0.00013924224
2023-10-17,2.9223668e-06,0.14704728,0.8434731,0.99052036,0.99052036,0.0008393804,0.028972061,0.0003082782
2023-10-18,2.5508139e-06,0.22358589,0.76264423,0.98623013,0.98623013,0.00071092544,0.026663184,0.0001852461
2023-10-19,2.4792298e-06,0.1710108,0.8178316,0.98884237,0.98884237,0.00062322005,0.024964375,0.00022220035
2023-10-20,2.1068147e-06,0.23728473,0.74833685,0.9856216,0.9856216,0.0005351013,0.023132257,0.00014652607
2023-10-23,3.529048e-06,0.13765992,0.85112184,0.98878175,0.98878175,0.00041484332,0.020367702,0.00031458098
2023-10-24,4.976016e-06,0.15194255,0.83740383,0.9893464,0.9893464,0.00055187463,0.023492012,0.000467073
2023-10-25,9.281546e-06,0.15823753,0.82882804,0.98706555,0.98706555,0.0005336207,0.023100233,0.0007175836
2023-10-26,8.339462e-06,0.0661861,0.92131484,0.9875009,0.9875009,0.00051034463,0.022590809,0.0006672053
2023-10-27,1.10806595e-05,0.0580955,0.92948544,0.98758096,0.98758096,0.0005236132,0.022882596,0.0008922312
2023-10-30,9.44156e-06,0.07221764,0.913201,0.9854186,0.9854186,0.0005413184,0.02326625,0.0006475079
2023-10-31,8.368302e-06,0.15406916,0.8342327,0.9883019,0.9883019,0.0006121002,0.024740659,0.000715354
2023-11-01,1.2901081e-05,0.06274598,0.92334795,0.98609394,0.98609394,0.00055861584,0.023635056,0.00092773075
2023-11-02,5.0522383e-05,0.13800547,0.8377049,0.9757104,0.9757104,0.00053215487,0.023068482,0.00208
2023-11-03,1.3515087e-05,0.13577259,0.8400969,0.9758695,0.9758695,0.0005795787,0.02407444,0.0005600826
2023-11-06,1.1958765e-05,0.11990141,0.86733913,0.98724055,0.98724055,0.00057973503,0.024077687,0.0009372479
2023-11-07,9.193766e-05,0.12756361,0.8310268,0.9585904,0.9585904,0.0005163437,0.022723198,0.002220201
2023-11-08,1.0680279e-05,0.21892327,0.7671914,0.9861147,0.9861147,0.00076646695,0.02768514,0.0007691778
2023-11-09,2.8519838e-05,0.16446881,0.8174078,0.9818766,0.9818766,0.0007578167,0.02752847,0.0015736483
2023-11-10,2.4676414e-05,0.06437769,0.9201249,0.98450255,0.98450255,0.0006523947,0.025542019,0.0015922891
2023-11-13,1.7895303e-05,0.06254916,0.923075,0.9856242,0.9856242,0.00064691366,0.025434498,0.0012448209
2023-11-14,1.2990983e-05,0.072161466,0.91185296,0.9840144,0.9840144,0.0006269357,0.025038684,0.0008126674
2023-11-15,2.2780609e-05,0.0993805,0.8839805,0.983361,0.983361,0.00058466825,0.024179915,0.0013691097
2023-11-16,2.1771746e-05,0.07576162,0.9079835,0.9837451,0.9837451,0.0005830046,0.024145488,0.0013393958
2023-11-17,4.7091482e-05,0.22492346,0.7501495,0.9750729,0.975073,0.00074456865,0.027286785,0.0018891697
2023-11-20,8.521424e-06,0.109271795,0.8735318,0.9828036,0.9828036,0.00096475164,0.031060452,0.00049553486
2023-11-21,4.8668976e-06,0.18174912,0.80225706,0.98400617,0.98400617,0.00090436323,0.030072633,0.0003042984
2023-11-22,3.0274032e-06,0.2129272,0.77419287,0.9871201,0.9871201,0.0007310898,0.027038673,0.0002350485
2023-11-24,5.237463e-06,0.0854619,0.90436333,0.98982525,0.98982525,0.0005858626,0.024204599,0.00051475095
2023-11-27,1.2039279e-05,0.23014161,0.7537848,0.98392636,0.9839264,0.00057161605,0.023908494,0.00074900745
2023-11-28,1.9836401e-05,0.07571615,0.90883076,0.9845469,0.9845469,0.00046273787,0.021511342,0.0012836519
2023-11-29,1.6745373e-05,0.09343333,0.887898,0.98133135,0.98133135,0.00047145254,0.021712959,0.00089697813
2023-11-30,9.449302e-06,0.058556717,0.9291512,0.9877079,0.9877079,0.00046753415,0.021622539,0.0007687305
2023-12-01,1.0082037e-05,0.22383177,0.76215965,0.9859914,0.9859914,0.00048029257,0.021915577,0.0007197044
2023-12-04,7.5454373e-06,0.23614247,0.7505894,0.9867318,0.9867318,0.0005209418,0.02282415,0.000568687
2023-12-05,5.041408e-05,0.11922104,0.85665244,0.9758735,0.9758735,0.00044645384,0.021129454,0.0020895703
2023-12-06,3.636327e-05,0.07532248,0.9063765,0.981699,0.981699,0.00044513965,0.021098332,0.0019869544
2023-12-07,9.816293e-05,0.22143169,0.74287486,0.96430653,0.96430653,0.0005710585,0.02389683,0.002750165
2023-12-08,6.35339e-05,0.11123628,0.86454934,0.9757856,0.9757856,0.000522535,0.022859024,0.002623808
2023-12-11,1.5268586e-05,0.060530335,0.926155,0.9866853,0.9866853,0.0005943174,0.024378626,0.0011467445
2023-12-12,2.8362183e-05,0.18526343,0.7955326,0.98079604,0.980796,0.0005657621,0.023785755,0.0014768924
2023-12-13,1.8278803e-05,0.22250248,0.76176894,0.9842714,0.9842714,0.0007598938,0.02756617,0.0011621384
2023-12-14,2.423739e-05,0.06455396,0.9198521,0.98440605,0.98440605,0.0006303599,0.02510697,0.001554282
2023-12-15,1.064285e-05,0.058564313,0.9290681,0.9876324,0.9876324,0.00066095043,0.025708957,0.0008605424
2023-12-18,1.3078199e-05,0.060526792,0.92664796,0.98717475,0.98717475,0.00062503037,0.025000608,0.0010197227
2023-12-19,4.6896316e-06,0.12458854,0.8641038,0.98869234,0.98869234,0.0006044943,0.024586465,0.00041473063
2023-12-20,3.5337955e-06,0.123759255,0.8659911,0.9897504,0.9897504,0.0005482787,0.023415351,0.0003447735
2023-12-21,4.529697e-06,0.16023801,0.82944983,0.98968786,0.98968786,0.00049153593,0.022170609,0.00043925867
2023-12-22,1.3228274e-05,0.092067614,0.8946144,0.986682,0.986682,0.00041576533,0.020390324,0.0009932626
2023-12-26,1.711729e-05,0.1409265,0.8436644,0.9845909,0.9845909,0.00038722417,0.019678012,0.0011108551
2023-12-27,8.282842e-06,0.11068822,0.87608176,0.98677,0.98677,0.0004444184,0.021081233,0.0006260639
2023-12-28,6.8206095e-06,0.07629103,0.91300136,0.9892924,0.9892924,0.00044079247,0.020995058,0.0006369867
2023-12-29,1.573283e-05,0.22785331,0.75551236,0.98336565,0.98336565,0.0004889679,0.02211262,0.000945804
2024-01-02,2.3037333e-05,0.09266774,0.8909293,0.98359704,0.98359704,0.00038598676,0.019646546,0.001404462
2024-01-03,1.4486858e-05,0.05976378,0.92739576,0.98715955,0.98715955,0.00039735806,0.019933842,0.0011282205
2024-01-04,1.07491605e-05,0.06311165,0.9234325,0.9865442,0.9865442,0.00044493747,0.021093542,0.0007988491
2024-01-05,1.3291891e-05,0.095961675,0.8913462,0.9873079,0.9873079,0.00042496188,0.020614604,0.0010472576
2024-01-08,8.5023985e-06,0.15867022,0.82820404,0.9868743,0.9868742,0.00043833308,0.020936405,0.0006477664
2024-01-09,6.039206e-06,0.22886194,0.7594436,0.9883055,0.9883055,0.00065540243,0.025600828,0.0005164146
2024-01-10,8.4491085e-06,0.107087836,0.8766032,0.98369104,0.98369104,0.00059828267,0.024459818,0.00051806535
2024-01-11,2.2421224e-05,0.17607585,0.8070104,0.9830862,0.9830862,0.00054925075,0.0234361,0.0013256194
2024-01-12,1.1138013e-05,0.12092724,0.8611777,0.9821049,0.9821049,0.00047939428,0.021895075,0.00062240567
2024-01-16,1.0528999e-05,0.058087338,0.929514,0.98760134,0.98760134,0.00043352632,0.020821296,0.0008492046
2024-01-17,0.00013663438,0.1793485,0.77459717,0.95394564,0.95394564,0.00041447335,0.020358618,0.0029668063
2024-01-18,1.332189e-05,0.12159246,0.86339056,0.984983,0.984983,0.00045837974,0.021409804,0.0008871222
2024-01-19,2.78657e-05,0.09459294,0.8839071,0.9785,0.9785,0.00046014998,0.021451106,0.0012960796
2024-01-22,1.1887884e-05,0.14315934,0.84366316,0.9868225,0.9868225,0.0004428185,0.021043254,0.00090213405
2024-01-23,3.815446e-06,0.14693539,0.84093755,0.98787296,0.98787296,0.00046602325,0.021587571,0.00031462297
2024-01-24,7.893457e-06,0.12497291,0.8630048,0.98797774,0.98797774,0.00041415615,0.020350827,0.0006565703
2024-01-25,9.538681e-06,0.058415953,0.9292757,0.98769164,0.98769164,0.00037634643,0.01939965,0.00077497587
2024-01-26,4.859305e-06,0.2322034,0.7437532,0.9759566,0.97595656,0.00041025743,0.020254813,0.00020210573
2024-01-29,4.3760615e-06,0.12319607,0.8650163,0.98821235,0.98821235,0.00032533353,0.018037004,0.00037124113
2024-01-30,2.6858032e-05,0.22731273,0.75070834,0.9780211,0.9780211,0.00031785207,0.017828407,0.0012219908
2024-01-31,1.7473782e-05,0.174386,0.80776596,0.9821519,0.982152,0.00030517555,0.017469274,0.000979029
2024-02-01,3.839124e-06,0.22160725,0.76735127,0.98895854,0.98895854,0.00038077464,0.019513447,0.00034770067
2024-02-02,5.027858e-06,0.11395521,0.8764048,0.99036,0.99036,0.0004619911,0.021493979,0.0005215632
2024-02-05,9.1984075e-06,0.19490914,0.79231906,0.9872282,0.9872282,0.0004617189,0.021487646,0.0007202131
2024-02-06,8.744513e-06,0.07044127,0.917032,0.98747325,0.98747325,0.0003836607,0.019587258,0.0006980672
2024-02-07,9.44315e-06,0.07005243,0.91827726,0.9883297,0.9883297,0.00036404261,0.019079901,0.00080916146
2024-02-08,4.299028e-06,0.1250759,0.8635229,0.98859876,0.9885988,0.00034740331,0.018638758,0.00037706684
2024-02-09,2.737384e-06,0.17913596,0.80936486,0.98850083,0.98850083,0.00042615487,0.02064352,0.00023805065
2024-02-12,4.6157097e-06,0.20377395,0.7828375,0.9866115,0.9866115,0.00035872796,0.018940115,0.00034475143
2024-02-13,6.885373e-06,0.06774305,0.9211713,0.9889144,0.9889144,0.0002855726,0.016898893,0.000621108
2024-02-14,5.867489e-06,0.07694569,0.9121145,0.98906016,0.98906016,0.00027976136,0.016726067,0.00053634157
2024-02-15,8.283799e-06,0.22566278,0.7611189,0.98678166,0.98678166,0.0002811357,0.016767101,0.00062668964
2024-02-16,5.6768267e-06,0.12287324,0.86544615,0.9883194,0.9883194,0.00029324714,0.017124461,0.0004860046
2024-02-20,4.2248444e-06,0.0930558,0.89683443,0.9898902,0.9898902,0.00028536638,0.01689279,0.00041789666
2024-02-21,3.8929193e-06,0.18970151,0.79989105,0.98959255,0.98959255,0.00027605827,0.016615001,0.00037405128
2024-02-22,9.205256e-06,0.058065955,0.92958826,0.9876542,0.9876542,0.0002273033,0.015076581,0.000745619
2024-02-23,4.3280784e-06,0.13864638,0.8495649,0.9882113,0.9882113,0.00022490513,0.014996838,0.00036713708
2024-02-26,9.087099e-06,0.22434236,0.7624771,0.98681945,0.98681945,0.0003008403,0.017344749,0.00068943226
2024-02-27,5.0255617e-06,0.12666655,0.86039585,0.9870624,0.9870624,0.0002818876,0.016789509,0.00038844606
2024-02-28,5.9854783e-06,0.069879755,0.9194306,0.9893104,0.9893104,0.00028102085,0.016763676,0.0005599339
2024-02-29,1.0387529e-05,0.060553886,0.9272697,0.9878236,0.9878236,0.00026573674,0.016301434,0.0008530874
2024-03-01,1.1537886e-05,0.09994016,0.8857693,0.9857095,0.9857095,0.000257676,0.016052289,0.0008073809
2024-03-04,4.8977718e-06,0.09184698,0.89623773,0.98808473,0.98808473,0.00028544833,0.016895216,0.00041105013
2024-03-05,6.7986944e-06,0.082900494,0.90614796,0.9890485,0.9890485,0.00028347806,0.016836807,0.0006207992
2024-03-06,1.1386189e-05,0.13365477,0.8522747,0.9859295,0.9859295,0.00026866308,0.016390946,0.00080922357
2024-03-07,6.2185127e-06,0.17968637,0.8051389,0.98482525,0.98482525,0.00026033152,0.016134793,0.00040979352
2024-03-08,6.876335e-06,0.18252645,0.8043002,0.98682666,0.98682666,0.00021719917,0.014737679,0.00052198867
2024-03-11,6.9933994e-06,0.12401238,0.86458755,0.98859996,0.9885999,0.0002076898,0.014411447,0.00061345374
2024-03-12,8.8461275e-06,0.061699387,0.9261456,0.987845,0.987845,0.00018675764,0.013665929,0.0007277771
2024-03-13,1.0739235e-05,0.06713372,0.9203739,0.98750764,0.98750764,0.00018335179,0.013540746,0.00085966435
2024-03-14,4.021404e-06,0.16865773,0.8177215,0.9863792,0.9863792,0.00022927098,0.015141697,0.00029524005
2024-03-15,3.8536155e-06,0.11114385,0.87842244,0.98956627,0.98956627,0.0002517166,0.01586558,0.00036934196
2024-03-18,6.4224537e-06,0.11396711,0.8746195,0.9885866,0.9885866,0.00022593391,0.015031098,0.0005627119
2024-03-19,2.3258704e-06,0.19557941,0.7932239,0.9888033,0.9888033,0.00025090232,0.015839897,0.0002077287
2024-03-20,4.023039e-06,0.091866925,0.8982401,0.990107,0.990107,0.00021645072,0.014712264,0.00040665508
2024-03-21,2.7627898e-06,0.17170092,0.8189155,0.9906164,0.99061644,0.00024257391,0.015574784,0.0002944269
2024-03-22,4.7626595e-06,0.12059953,0.86919785,0.98979735,0.98979735,0.00021168175,0.014549287,0.0004668063
2024-03-25,3.7193079e-06,0.1073367,0.8832505,0.9905872,0.9905872,0.00019264745,0.01387975,0.00039513194
2024-03-26,3.0587282e-06,0.17915495,0.81033987,0.9894948,0.9894948,0.00020135439,0.01418994,0.00029116328
2024-03-27,4.879018e-06,0.16887406,0.8206283,0.9895023,0.9895023,0.00016949554,0.013019046,0.00046477065
2024-03-28,6.9193134e-06,0.06930762,0.91952455,0.9888322,0.9888322,0.00014610223,0.012087275,0.0006195758
2024-04-01,4.1320786e-06,0.09774533,0.89202034,0.98976564,0.98976564,0.00017446699,0.013208595,0.00040374583
2024-04-02,4.5267834e-06,0.18686536,0.80180013,0.98866546,0.98866546,0.00016355823,0.012788989,0.00039937958
2024-04-03,3.927117e-06,0.1983335,0.7861374,0.9844709,0.9844709,0.00018852018,0.013730265,0.0002528877
2024-04-04,4.0819823e-06,0.15058231,0.83899194,0.98957425,0.98957425,0.00015396842,0.012408401,0.00039152903
2024-04-05,3.5952696e-06,0.15426315,0.8351259,0.98938906,0.98938906,0.00015969174,0.0126369195,0.00033882674
2024-04-08,5.7124694e-06,0.14821143,0.838805,0.98701644,0.98701644,0.00013879474,0.011781118,0.0004399771
2024-04-09,5.648858e-06,0.13161157,0.85721135,0.98882294,0.98882294,0.00012707978,0.011272967,0.00050539733
2024-04-10,7.537661e-06,0.06441532,0.9241588,0.98857415,0.98857415,0.00014119441,0.011882526,0.0006597023
2024-04-11,5.3100653e-06,0.13189822,0.85536677,0.987265,0.987265,0.0001460959,0.012087014,0.00041696595
2024-04-12,5.345023e-06,0.1629533,0.82642704,0.98938036,0.98938036,0.0001566396,0.012515574,0.0005033149
2024-04-15,5.252359e-06,0.10169856,0.8867415,0.9884401,0.9884401,0.00014338816,0.011974479,0.00045436012
2024-04-16,5.8082746e-06,0.17267728,0.8161231,0.9888004,0.9888004,0.00013341678,0.011550618,0.0005186148
2024-04-17,7.444158e-06,0.063618824,0.9248785,0.9884973,0.9884973,0.00011481,0.010714943,0.0006471671
2024-04-18,5.0362523e-06,0.22783019,0.7606002,0.9884304,0.9884304,0.00017884499,0.013373294,0.00043529976
2024-04-19,6.9899565e-06,0.10135054,0.8876958,0.98904634,0.98904634,0.0001410795,0.011877689,0.0006381386
2024-04-22,5.8440296e-06,0.09613987,0.8932254,0.9893652,0.9893652,0.00013446956,0.011596101,0.0005495205
2024-04-23,5.053375e-06,0.15491231,0.83336395,0.98827624,0.98827624,0.00012729499,0.011282508,0.00043103716
2024-04-24,6.0338084e-06,0.07255469,0.91667587,0.9892306,0.9892306,0.0001165264,0.010794739,0.000560272
2024-04-25,1.46266575e-05,0.15711111,0.82871634,0.98582745,0.98582745,0.00011626318,0.010782541,0.001032041
2024-04-26,4.861998e-06,0.11838279,0.8712408,0.9896236,0.9896236,0.0001234138,0.011109176,0.00046856338
2024-04-29,5.9412882e-06,0.12953742,0.8596959,0.9892333,0.9892333,0.00011352767,0.010654937,0.0005518215
2024-04-30,1.0945627e-05,0.058093544,0.92949235,0.9875859,0.9875859,0.00013227962,0.011501288,0.0008817094
2024-05-01,4.2815667e-05,0.16424045,0.8113035,0.9755439,0.975544,0.00013834203,0.011761889,0.0017507164
2024-05-02,1.082013e-05,0.24355604,0.73816985,0.9817259,0.9817259,0.00037573214,0.01938381,0.000592101
2024-05-03,1.3688357e-05,0.061395966,0.92497885,0.9863748,0.9863748,0.0002883592,0.016981144,0.001004635
2024-05-06,2.6864738e-05,0.099723466,0.88167185,0.9813953,0.9813953,0.00028775568,0.016963363,0.0014439762
2024-05-07,1.5273074e-05,0.06340037,0.92202926,0.98542964,0.98542964,0.00028257904,0.016810087,0.0010482293
2024-05-08,3.3279983e-05,0.15381625,0.8232769,0.9770931,0.9770931,0.0002759644,0.016612176,0.0014528367
2024-05-09,3.4100776e-05,0.14958727,0.82699156,0.97657883,0.97657883,0.00026916014,0.0164061,0.001455981
2024-05-10,1.7162989e-05,0.0642178,0.92069566,0.98491347,0.98491347,0.00025820106,0.016068636,0.0011376365
2024-05-13,2.9650333e-05,0.18133774,0.7977426,0.9790804,0.9790803,0.0002656325,0.016298236,0.0014173456
2024-05-14,1.7046868e-05,0.064321056,0.92055905,0.9848801,0.9848801,0.0002622825,0.016195139,0.001127445
2024-05-15,2.8635777e-05,0.1926484,0.7854312,0.9780796,0.9780796,0.00027153408,0.01647829,0.0013063538
2024-05-16,1.3268113e-05,0.06144315,0.9247665,0.98620963,0.98620963,0.0002528882,0.015902458,0.000962129
2024-05-17,1.2477253e-05,0.06218114,0.9240722,0.9862533,0.9862533,0.00025046218,0.015825996,0.0009076558
2024-05-20,1.1457765e-05,0.08046691,0.9036882,0.9841551,0.9841551,0.0002503702,0.01582309,0.00072312093
2024-05-21,1.1974496e-05,0.08861163,0.89724433,0.985856,0.98585594,0.00023869504,0.015449759,0.00084661297
2024-05-22,1.5430456e-05,0.18697414,0.7929112,0.9798853,0.97988534,0.00023051925,0.01518286,0.0007671226
2024-05-23,1.7462356e-05,0.09648353,0.88782454,0.98430806,0.98430806,0.00028699683,0.016940981,0.0011128236
2024-05-24,5.465722e-05,0.11510575,0.8591354,0.97424114,0.97424114,0.0002806159,0.016751595,0.0021218802
2024-05-28,2.2999415e-05,0.12368184,0.85757005,0.9812519,0.9812519,0.00030906766,0.017580321,0.0012267595
2024-05-29,9.813573e-06,0.12481773,0.8569269,0.98174465,0.98174465,0.00037522044,0.019370608,0.00053757237
2024-05-30,7.863762e-06,0.21503684,0.77177215,0.98680896,0.986809,0.00033891012,0.018409511,0.000596144
2024-05-31,5.966757e-06,0.19821352,0.790062,0.9882755,0.9882755,0.00033185582,0.01821691,0.00050891476
2024-06-03,1.1451879e-05,0.09114312,0.89545923,0.98660237,0.98660237,0.00029725587,0.01724111,0.00085476873
2024-06-04,7.56223e-06,0.21972504,0.7676039,0.9873289,0.9873289,0.00040159986,0.020039957,0.0005968087
2024-06-05,6.935947e-05,0.09262424,0.8798391,0.97246337,0.97246337,0.00035524837,0.018848034,0.0025188075
2024-06-06,1.2952606e-05,0.058950704,0.9282232,0.9871739,0.9871739,0.00039291364,0.01982205,0.0010098644
2024-06-07,1.3641536e-05,0.08008033,0.90282786,0.9829082,0.9829082,0.00040018582,0.020004645,0.00079813285
2024-06-10,8.199342e-06,0.09102949,0.8974288,0.9884583,0.9884583,0.0003749607,0.019363903,0.0007104088
2024-06-11,9.900667e-06,0.21030043,0.7634239,0.97372437,0.97372437,0.00041916745,0.020473579,0.00037680028
2024-06-12,1.04379715e-05,0.058273584,0.92925346,0.987527,0.987527,0.00033059806,0.018182356,0.0008368462
2024-06-13,2.1902651e-05,0.20360103,0.7728555,0.9764566,0.9764565,0.00032086816,0.017912794,0.00093030895
2024-06-14,1.410873e-05,0.17480746,0.8033031,0.9781106,0.97811055,0.0002702258,0.016438546,0.0006445466
2024-06-17,9.400505e-06,0.15302664,0.8334667,0.98649335,0.98649335,0.00023219133,0.015237826,0.00069599086
2024-06-18,8.446528e-06,0.0820592,0.903569,0.9856282,0.9856282,0.00028702727,0.016941879,0.0005877149
2024-06-20,4.70962e-06,0.168403,0.81588876,0.98429173,0.9842918,0.00028645658,0.016925028,0.0002998179
2024-06-21,7.3659708e-06,0.17296824,0.8107867,0.98375493,0.983755,0.0002468927,0.01571282,0.00045342816
2024-06-24,6.35093e-06,0.07081006,0.91823876,0.98904884,0.98904884,0.0002630768,0.016219642,0.0005799321
2024-06-25,6.458696e-06,0.15545636,0.8281096,0.983566,0.983566,0.00025625151,0.016007857,0.00039300782
2024-06-26,7.965717e-06,0.075107664,0.91306853,0.9881762,0.9881762,0.00023447987,0.015312736,0.00067370344
2024-06-27,1.42817735e-05,0.10617583,0.87567294,0.9818488,0.9818488,0.00022209148,0.014902734,0.00078682153
2024-06-28,8.978606e-06,0.06836791,0.918674,0.9870419,0.9870419,0.00021957376,0.014818021,0.0006928948
2024-07-01,1.4694289e-05,0.09105774,0.89440393,0.98546165,0.98546165,0.00021118928,0.014532353,0.0010107262
2024-07-02,7.114489e-06,0.23276827,0.73217344,0.96494174,0.96494174,0.00024796175,0.015746802,0.00020293333
2024-07-03,5.7525776e-06,0.12949778,0.8585911,0.98808885,0.98808885,0.00020039234,0.014156001,0.0004829572
2024-07-05,5.3646013e-06,0.09290384,0.89542145,0.9883253,0.9883253,0.00019836715,0.014084288,0.00045950647
2024-07-08,8.333456e-06,0.17972627,0.80671847,0.9864447,0.9864447,0.00019027792,0.013794126,0.0006147753
2024-07-09,7.5348266e-06,0.07435067,0.91409236,0.988443,0.988443,0.00018078735,0.013445718,0.0006519718
2024-07-10,9.686505e-06,0.0636779,0.9242098,0.9878877,0.9878877,0.00018258247,0.013512308,0.0007997234
2024-07-11,1.2735962e-05,0.1269591,0.85755205,0.98451114,0.98451114,0.00018271437,0.013517188,0.00082226575
2024-07-12,8.758359e-06,0.0707022,0.91724336,0.98794556,0.98794556,0.00017410943,0.013195054,0.0007265669
2024-07-15,1.0081233e-05,0.059105873,0.9285043,0.98761016,0.98761016,0.00017038053,0.01305299,0.00081366947
2024-07-16,3.348526e-05,0.15368347,0.8242233,0.97790676,0.97790676,0.00016917655,0.013006789,0.001515634
2024-07-17,9.348831e-06,0.06253667,0.9255441,0.98808074,0.98808074,0.00020469303,0.0143070975,0.00078434654
2024-07-18,1.39675e-05,0.1356356,0.84526134,0.98089695,0.98089695,0.00023886726,0.015455331,0.000731166
2024-07-19,6.6690354e-06,0.0675648,0.92121303,0.9887778,0.9887778,0.00021592165,0.014694273,0.0005942725
2024-07-22,4.2902943e-06,0.13953222,0.85084665,0.99037886,0.99037886,0.00028030985,0.016742457,0.00044592354
2024-07-23,7.5055373e-06,0.06931448,0.91859084,0.9879053,0.9879053,0.00024576366,0.01567685,0.0006205654
2024-07-24,7.6281476e-06,0.19812016,0.78940386,0.98752403,0.98752403,0.00032422115,0.018006142,0.00061142736
2024-07-25,1.32397145e-05,0.07956218,0.90483683,0.984399,0.984399,0.0002759796,0.016612634,0.0008486464
2024-07-26,6.6674274e-06,0.086289205,0.9025126,0.98880184,0.98880184,0.0002688617,0.016397003,0.00059540366
2024-07-29,7.0819597e-06,0.093070075,0.8961325,0.9892026,0.9892026,0.00026783592,0.016365694,0.00065589603
2024-07-30,1.451603e-05,0.19909911,0.7857004,0.9847995,0.9847995,0.0002768834,0.016639814,0.00095497083
2024-07-31,1.1919004e-05,0.05810723,0.9294444,0.9875516,0.9875516,0.00027442642,0.01656582,0.000957475
2024-08-01,1.3811317e-05,0.15398334,0.8176111,0.97159445,0.97159445,0.0003667424,0.01915052,0.000486219
2024-08-02,5.151349e-06,0.24049185,0.74719244,0.9876843,0.9876843,0.0003814972,0.019531954,0.00041827527
2024-08-05,4.0449604e-06,0.23367217,0.7559966,0.9896688,0.9896687,0.00062812015,0.025062324,0.0003915281
2024-08-06,1.479646e-05,0.07006318,0.91703564,0.9870988,0.9870988,0.000494455,0.022236343,0.0011469069
2024-08-07,1.1717395e-05,0.06133363,0.9264725,0.98780614,0.98780614,0.00046900153,0.021656442,0.00096092594
2024-08-08,1.0315691e-05,0.06251652,0.9242919,0.9868084,0.9868084,0.00049133337,0.022166042,0.0007819905
2024-08-09,9.693669e-06,0.0590446,0.92876273,0.98780733,0.98780733,0.0004741287,0.021774497,0.000795041
2024-08-12,6.611043e-06,0.09257716,0.896658,0.98923516,0.98923516,0.00045407208,0.021308968,0.0006141331
2024-08-13,4.016818e-06,0.22383972,0.75536615,0.97920585,0.97920585,0.00056796265,0.023831967,0.00019317055
2024-08-14,2.1533597e-06,0.2384609,0.75174224,0.99020314,0.99020314,0.00053969363,0.023231307,0.00021980105
2024-08-15,5.3621206e-06,0.17982905,0.8093086,0.98913765,0.98913765,0.0004840857,0.022001948,0.00049364276
2024-08-16,4.843626e-06,0.11206785,0.8753828,0.98745066,0.9874506,0.0004374589,0.020915518,0.00038596656
2024-08-19,5.497727e-06,0.17081414,0.8186096,0.98942375,0.98942375,0.00043148635,0.02077225,0.0005198183
2024-08-20,7.823466e-06,0.070417866,0.91860634,0.9890242,0.9890242,0.00051694195,0.022736358,0.0007127938
2024-08-21,1.790453e-05,0.073066175,0.9122417,0.9853079,0.9853079,0.00048423553,0.022005353,0.0012186478
2024-08-22,2.2409877e-05,0.17236046,0.8106145,0.982975,0.982975,0.0005217317,0.022841446,0.0013162928
2024-08-23,2.2153297e-05,0.06477599,0.9196398,0.9844158,0.9844158,0.00048240024,0.021963611,0.0014215256
2024-08-26,8.279862e-06,0.07949274,0.9070379,0.98653066,0.98653066,0.0005043029,0.022456689,0.0006147193
2024-08-27,4.9259247e-06,0.22851136,0.75451183,0.98302317,0.98302317,0.00055645284,0.023589253,0.00029015567
2024-08-28,3.0521333e-06,0.20519368,0.7854893,0.990683,0.990683,0.00056706445,0.023813115,0.00032758823
2024-08-29,5.460091e-06,0.16727024,0.8222815,0.9895517,0.9895517,0.0004869917,0.022067888,0.0005225829
2024-08-30,1.0396204e-05,0.069154106,0.9162863,0.9854404,0.9854404,0.00046157144,0.021484213,0.00071404333
2024-09-03,9.831212e-06,0.15634689,0.8312669,0.9876138,0.9876138,0.0005033526,0.022435522,0.00079372287
2024-09-04,2.7194053e-05,0.24228445,0.72766113,0.96994555,0.96994555,0.0007429314,0.027256768,0.0009048262
2024-09-05,3.754503e-05,0.14307266,0.8368873,0.97995996,0.97995996,0.0006343834,0.025186969,0.0018735011
2024-09-06,2.962616e-05,0.06673093,0.9167148,0.9834457,0.9834457,0.0005685846,0.023845011,0.0017896357
2024-09-09,3.679199e-05,0.06814441,0.91430163,0.982446,0.9824461,0.0005827832,0.024140904,0.0020959338
2024-09-10,4.8905786e-05,0.074698456,0.90347546,0.9781739,0.9781739,0.0005849919,0.024186606,0.0022407032
2024-09-11,3.2749205e-05,0.06571985,0.9181106,0.98383045,0.98383045,0.0007238499,0.02690446,0.002025363
2024-09-12,2.9561761e-05,0.0673325,0.9155411,0.9828736,0.9828736,0.0007327297,0.02706898,0.001726095
2024-09-13,1.2268749e-05,0.058244936,0.9292395,0.98748446,0.98748446,0.0007395933,0.027195465,0.0009802808
2024-09-16,2.8440381e-05,0.06592957,0.9178286,0.9837582,0.9837582,0.0007009201,0.026474897,0.0017510621
2024-09-17,1.1801607e-05,0.059524354,0.9275789,0.9871033,0.9871033,0.0006995278,0.026448587,0.0009150862
2024-09-18,2.7997954e-05,0.11092035,0.8617722,0.97269255,0.97269255,0.00067466503,0.025974315,0.0010252863
2024-09-19,2.1634625e-05,0.084607765,0.89651537,0.98112315,0.98112315,0.0006113427,0.024725346,0.0011460929
2024-09-20,9.78622e-06,0.08789308,0.8959639,0.983857,0.983857,0.0005870666,0.024229458,0.00060621975
2024-09-23,1.3053327e-05,0.060528435,0.9262286,0.98675704,0.98675704,0.0005358144,0.023147665,0.0009856805
2024-09-24,1.7296115e-05,0.062106635,0.923666,0.9857726,0.9857726,0.00053870375,0.023209993,0.0012156913
2024-09-25,4.339107e-05,0.12055527,0.8410084,0.9615637,0.9615637,0.00053185044,0.023061883,0.0011289088
2024-09-26,1.4952614e-05,0.060230218,0.9263957,0.9866259,0.9866259,0.0005767377,0.024015363,0.0011180285
2024-09-27,7.840683e-05,0.09352711,0.87703395,0.970561,0.970561,0.0006021975,0.024539713,0.0026633686
2024-09-30,1.2285244e-05,0.058453217,0.9289459,0.9873991,0.9873991,0.0006114978,0.02472848,0.00097494986
2024-10-01,3.380899e-05,0.07064225,0.9103799,0.9810221,0.9810221,0.0005803423,0.024090296,0.0017814945
2024-10-02,6.8987065e-05,0.09693444,0.86863375,0.9655682,0.9655682,0.000602226,0.024540294,0.002003585
2024-10-03,2.5602965e-05,0.069522016,0.9126326,0.9821546,0.9821546,0.0005933717,0.024359223,0.0014347101
2024-10-04,3.372315e-05,0.20703027,0.6998682,0.90689844,0.9068985,0.00074078154,0.027217302,0.00036221897
2024-10-07,1.5594678e-05,0.2046685,0.76885927,0.9735278,0.9735278,0.00056824274,0.023837842,0.00058909616
2024-10-08,8.847472e-06,0.2339735,0.7093819,0.9433554,0.9433554,0.0007206496,0.026844917,0.00015619263
2024-10-09,4.5526945e-06,0.20433381,0.7843361,0.98866993,0.9886699,0.0010507002,0.032414507,0.0004018241
2024-10-10,9.3463095e-06,0.21488178,0.76198775,0.9768695,0.9768695,0.0008332338,0.02886579,0.00040406905
2024-10-11,8.564403e-06,0.23149428,0.7222835,0.9537778,0.9537778,0.0009041581,0.030069223,0.00018528762
2024-10-14,3.996304e-06,0.19043574,0.7952883,0.9857241,0.9857241,0.00066545553,0.025796425,0.00027993342
2024-10-15,1.5251899e-05,0.12951972,0.85498893,0.98450863,0.98450863,0.00063750095,0.02524878,0.0009845418
2024-10-16,1.0301428e-05,0.15704937,0.82924867,0.986298,0.986298,0.000825585,0.028732995,0.0007518207
2024-10-17,3.5468638e-05,0.14534727,0.82861674,0.973964,0.973964,0.0006962685,0.0263869,0.0013622909
2024-10-18,2.2937951e-05,0.07082129,0.91169196,0.98251325,0.98251325,0.0006144324,0.024787746,0.0013117332
2024-10-21,5.1539846e-05,0.08573135,0.8915228,0.97725415,0.97725415,0.0006142526,0.02478412,0.0022659013
2024-10-22,1.6022417e-05,0.07969411,0.9027421,0.9824362,0.9824362,0.00062989857,0.02509778,0.0009122399
2024-10-23,1.2762265e-05,0.12913193,0.8483679,0.97749984,0.97749984,0.0006205223,0.024910284,0.0005672078
2024-10-24,1.9701283e-05,0.07032367,0.9143706,0.98469424,0.98469424,0.00058443856,0.024175163,0.0012871812
2024-10-25,1.1687307e-05,0.058212627,0.92930174,0.9875144,0.9875144,0.0005591368,0.023646073,0.00093606114
2024-10-28,1.7462986e-05,0.111484595,0.8641884,0.97567296,0.97567296,0.0005598848,0.023661885,0.0007178426
2024-10-29,4.04986e-05,0.23642796,0.7382437,0.97467166,0.97467166,0.0009507848,0.030834798,0.0015989442
2024-10-30,3.466314e-05,0.097850226,0.8802482,0.9780984,0.9780984,0.00074421626,0.027280327,0.0015826755
2024-10-31,1.0139008e-05,0.06041079,0.92664003,0.98705083,0.98705083,0.0007303919,0.027025763,0.00078298524
2024-11-01,4.4861325e-05,0.17763053,0.7842517,0.96188223,0.96188223,0.00069205253,0.026306892,0.0011769137
2024-11-04,1.9572768e-05,0.18795156,0.78883547,0.97678703,0.97678703,0.0005892865,0.024275225,0.00084318244
2024-11-05,1.30894205e-05,0.15489785,0.81749904,0.9723969,0.9723969,0.0006302728,0.025105234,0.00047420128
2024-11-06,2.1023545e-05,0.13217038,0.84247214,0.9746425,0.9746425,0.000535951,0.023150615,0.00082908635
2024-11-07,1.1059123e-05,0.058918003,0.9283562,0.98727417,0.98727417,0.0004751226,0.021797307,0.00086902955
2024-11-08,1.9809828e-05,0.16081089,0.8120082,0.9728191,0.9728191,0.0004569827,0.021377154,0.000728814
2024-11-11,2.0093295e-05,0.13027963,0.85263,0.9829096,0.9829097,0.0005168046,0.022733336,0.0011757079
2024-11-12,1.6138141e-05,0.060987704,0.9253139,0.9863016,0.9863016,0.0006117967,0.024734525,0.0011781042
2024-11-13,4.156713e-05,0.08435841,0.89133483,0.9756932,0.9756932,0.00058229564,0.024130803,0.0017101048
2024-11-14,1.5584654e-05,0.062309567,0.92344356,0.9857531,0.9857531,0.00056214887,0.023709679,0.0010938994
2024-11-15,4.3906035e-05,0.076637454,0.90102464,0.9776621,0.9776621,0.00053555024,0.023141958,0.0019655388
2024-11-18,2.5004449e-05,0.06793011,0.9153798,0.9833099,0.9833099,0.00057433447,0.023965277,0.0014981627
2024-11-19,1.7827788e-05,0.1807684,0.7799262,0.9606946,0.96069455,0.0006168367,0.024836197,0.0004535711
2024-11-20,1.1113552e-05,0.06559915,0.92038727,0.9859864,0.9859864,0.00050063175,0.022374801,0.0007930554
2024-11-21,1.0972039e-05,0.058963735,0.9283002,0.9872639,0.9872639,0.0004758392,0.02181374,0.0008614925
2024-11-22,1.4270381e-05,0.17074428,0.8002421,0.9709864,0.9709864,0.0004706767,0.021695085,0.0004918519
2024-11-25,2.9299985e-05,0.17927672,0.78989786,0.96917456,0.96917456,0.0004340558,0.020834006,0.00095051323
2024-11-26,1.6339327e-05,0.063811235,0.9214366,0.98524785,0.98524785,0.00056805613,0.023833929,0.0011075896
2024-11-27,2.5175585e-05,0.1363394,0.83933115,0.9756705,0.9756706,0.00054023473,0.02324295,0.0010347768
2024-11-29,6.317873e-05,0.10826133,0.8634785,0.9717398,0.9717398,0.0004787385,0.021880094,0.0022356105
2024-12-02,1.9661971e-05,0.06568672,0.9185664,0.9842531,0.9842531,0.0004891186,0.022116026,0.0012486256
2024-12-03,8.8495086e-05,0.11980605,0.8462379,0.96604395,0.96604395,0.0004690495,0.02165755,0.0026061654
2024-12-04,2.8726638e-05,0.15669839,0.80619895,0.96289736,0.96289736,0.00056906394,0.02385506,0.0007742478
2024-12-05,1.716132e-05,0.095635474,0.8890881,0.98472357,0.98472357,0.0005530914,0.023517895,0.0011233853
2024-12-06,2.8669228e-05,0.07679343,0.9042176,0.98101103,0.98101103,0.0005102503,0.02258872,0.0015097834
2024-12-09,3.7927704e-05,0.11799469,0.86069906,0.9786937,0.9786937,0.00051088986,0.022602873,0.0017801189
2024-12-10,1.8473573e-05,0.101425126,0.8755982,0.9770233,0.9770233,0.00051184185,0.022623923,0.00080401346
2024-12-11,1.9721614e-05,0.0657672,0.91837597,0.98414314,0.98414314,0.0004675386,0.021622641,0.0012437274
2024-12-12,1.43123825e-05,0.101414956,0.8770753,0.9784903,0.9784903,0.00048775587,0.022085195,0.0006653918
2024-12-13,1.2393076e-05,0.107668035,0.8752991,0.98296714,0.98296714,0.00044380495,0.021066679,0.000727598
2024-12-16,1.7030528e-05,0.20776258,0.76047766,0.96824026,0.96824026,0.00043472752,0.02085012,0.0005362301
2024-12-17,1.4471005e-05,0.15988412,0.82159996,0.9814841,0.98148406,0.0003623164,0.019034611,0.0007815454
2024-12-18,1.3681233e-05,0.10085736,0.88395965,0.984817,0.984817,0.00032564678,0.018045686,0.0009010906
2024-12-19,1.2655846e-05,0.14531039,0.83370817,0.97901857,0.97901857,0.00030630158,0.017501473,0.0006031927
2024-12-20,1.1351308e-05,0.05876197,0.9285503,0.98731226,0.98731226,0.00028191024,0.016790183,0.00089466723
2024-12-23,1.3246904e-05,0.061586775,0.92453873,0.9861255,0.9861255,0.0002757538,0.016605835,0.0009547682
2024-12-24,4.129443e-05,0.07754886,0.900318,0.9778669,0.9778669,0.00026890833,0.016398424,0.0018657307
2024-12-26,1.1219359e-05,0.06290701,0.9232497,0.98615676,0.9861567,0.0002947623,0.017168643,0.0008104577
2024-12-27,5.6513065e-05,0.0829071,0.89159787,0.97450495,0.97450495,0.00028653786,0.016927429,0.0022166288
2024-12-30,3.3333905e-05,0.16738231,0.797863,0.9652453,0.9652453,0.00032764135,0.018100865,0.0009591195
2024-12-31,1.5962647e-05,0.07553925,0.9062764,0.98181564,0.98181564,0.0002993966,0.017303081,0.0008778227
2025-01-02,3.6869034e-05,0.09418231,0.8797953,0.9739776,0.9739776,0.00029484124,0.017170941,0.0014168206
2025-01-03,8.837991e-06,0.17987356,0.7956166,0.9754902,0.9754902,0.00033109958,0.018196141,0.0003605903
2025-01-06,3.206975e-05,0.11448888,0.8618324,0.9763213,0.9763213,0.00029421944,0.017152825,0.0013543701
2025-01-07,1.47012715e-05,0.07282769,0.9100142,0.9828419,0.9828419,0.00028930698,0.017009025,0.00085681275
2025-01-08,3.0183839e-05,0.17753768,0.7932741,0.9708118,0.9708118,0.00028400315,0.016852394,0.0010341104
2025-01-09,1.10615465e-05,0.06512852,0.92090255,0.98603106,0.98603106,0.0002847579,0.016874772,0.00079186703
2025-01-10,1.0585633e-05,0.13163735,0.848265,0.9799023,0.9799023,0.00027737257,0.016654506,0.0005267094
2025-01-13,1.2681864e-05,0.2285656,0.70516837,0.933734,0.93373394,0.0004069767,0.020173663,0.00019137815
2025-01-14,5.4696216e-06,0.22322941,0.7531029,0.9763323,0.9763323,0.00048824033,0.02209616,0.00023110074
2025-01-15,9.151772e-06,0.1340286,0.8468244,0.980853,0.980853,0.00043864618,0.020943882,0.00047797474
2025-01-16,7.836997e-06,0.2348484,0.7118214,0.94666976,0.94666976,0.00051794207,0.02275834,0.00014695221
2025-01-17,5.8401693e-06,0.18896954,0.79349697,0.9824665,0.9824665,0.000447424,0.0211524,0.0003330867
2025-01-21,1.1014265e-05,0.1827215,0.7945579,0.9772794,0.9772794,0.00038153768,0.01953299,0.00048477048
2025-01-22,1.4350053e-05,0.08407972,0.8990645,0.9831442,0.9831442,0.0004388542,0.020948848,0.0008513433
2025-01-23,1.2304228e-05,0.07174821,0.9144186,0.9861668,0.9861668,0.00041212517,0.020300867,0.0008894693
2025-01-24,1.244008e-05,0.06123173,0.9250496,0.98628134,0.98628134,0.00039810676,0.019952612,0.0009067996
2025-01-27,1.5481668e-05,0.1436785,0.83432984,0.97800833,0.97800833,0.000380714,0.019511893,0.0007039787
2025-01-28,4.1651678e-05,0.085957706,0.89286095,0.97881866,0.97881866,0.00039290005,0.019821707,0.0019664322
2025-01-29,2.0433023e-05,0.06758163,0.9157557,0.98333734,0.98333734,0.00039786,0.019946428,0.0012262764
2025-01-30,1.5962965e-05,0.06844157,0.9165664,0.98500794,0.98500794,0.00040196837,0.02004915,0.0010647614
2025-01-31,0.00012698623,0.12795712,0.8299469,0.957904,0.957904,0.00038450497,0.019608798,0.0030165853
2025-02-03,1.652659e-05,0.06719311,0.91744155,0.98463464,0.98463464,0.00044725038,0.021148294,0.0010755744
2025-02-04,9.740494e-06,0.058074933,0.9295571,0.98763204,0.98763204,0.00043160556,0.020775119,0.0007875584
2025-02-05,3.2546915e-05,0.07528073,0.90528804,0.98056877,0.98056877,0.00041343085,0.020333,0.0016749793
2025-02-06,1.8261666e-05,0.14965297,0.83366406,0.983317,0.983317,0.00044831436,0.021173434,0.0010946284
2025-02-07,1.2256588e-05,0.06027258,0.92640954,0.9866821,0.9866821,0.00039770006,0.019942418,0.00092031056
2025-02-10,1.35462515e-05,0.061967053,0.92400575,0.9859728,0.9859728,0.00038236356,0.01955412,0.00096571463
2025-02-11,8.43579e-06,0.06572857,0.9217504,0.987479,0.987479,0.0003873391,0.019680932,0.0006737298
2025-02-12,5.8902842e-06,0.17403442,0.8082236,0.982258,0.982258,0.00037743498,0.019427685,0.00033199703
2025-02-13,8.309955e-06,0.15275009,0.8347193,0.9874694,0.9874694,0.00043964304,0.020967666,0.00066317164
2025-02-14,9.3963e-06,0.06124682,0.92596567,0.9872125,0.9872125,0.00037557093,0.019379653,0.00073480234
2025-02-18,1.2995136e-05,0.07564851,0.9100925,0.98574096,0.98574096,0.0003610654,0.01900172,0.0009113612
2025-02-19,9.159026e-06,0.059431713,0.92801726,0.987449,0.987449,0.0003593789,0.01895729,0.0007297442
2025-02-20,8.773371e-06,0.09350351,0.8916814,0.9851849,0.9851849,0.0003443468,0.018556584,0.0005921914
2025-02-21,1.5791578e-05,0.19460645,0.77800477,0.9726112,0.9726112,0.00031745553,0.017817281,0.0005765704
2025-02-24,8.450234e-06,0.17268224,0.8140735,0.9867557,0.9867557,0.00044495432,0.02109394,0.0006380294
2025-02-25,4.3325526e-05,0.15721066,0.8158766,0.97308725,0.97308725,0.00037345805,0.019325063,0.0016098514
2025-02-26,1.2579298e-05,0.09600711,0.88995314,0.98596025,0.98596025,0.0004509886,0.021236492,0.000895977
2025-02-27,5.1664254e-05,0.13354465,0.8423624,0.975907,0.9759071,0.0004161002,0.020398535,0.0021443702
2025-02-28,6.7549495e-06,0.13828847,0.8448955,0.983184,0.983184,0.0004833849,0.021986017,0.00040169727
2025-03-03,8.999142e-06,0.16846947,0.8186069,0.9870764,0.9870764,0.00042553616,0.020628527,0.00069633406
2025-03-04,9.205256e-06,0.058065955,0.92958826,0.9876542,0.9876542,0.00042721504,0.02066918,0.000745619
2025-03-05,1.6354737e-05,0.06671489,0.9172886,0.9840035,0.9840035,0.00040653773,0.020162782,0.0010223937
2025-03-06,9.8389155e-06,0.18956305,0.7963942,0.98595726,0.98595726,0.0004462349,0.021124272,0.00070064096
2025-03-07,5.3268755e-05,0.16248159,0.8107392,0.9732208,0.9732208,0.0003652682,0.01911199,0.0019891858
2025-03-10,1.449998e-05,0.06419613,0.9213935,0.9855896,0.9855896,0.00036551396,0.019118419,0.001006218
2025-03-11,1.5065394e-05,0.10254788,0.8825333,0.9850812,0.9850812,0.00036654362,0.019145329,0.0010098258
2025-03-12,2.1321432e-05,0.06873065,0.914216,0.98294663,0.98294663,0.00033953026,0.018426348,0.001250277
2025-03-13,1.7524184e-05,0.06828644,0.9160398,0.98432624,0.98432624,0.00036237435,0.019036133,0.0011180589
2025-03-14,7.394066e-06,0.11949254,0.8686858,0.9881783,0.9881783,0.00036938366,0.019219356,0.00062546623
2025-03-17,1.2830336e-05,0.06740104,0.91880965,0.9862107,0.9862107,0.00033835057,0.018394308,0.0009304562
2025-03-18,1.0783134e-05,0.081743106,0.9036663,0.98540944,0.98540944,0.00032589864,0.018052664,0.0007390486
2025-03-19,7.388516e-06,0.0676398,0.9210998,0.9887396,0.9887396,0.00031404558,0.01772133,0.000656151
2025-03-20,8.822055e-06,0.07970205,0.90676165,0.98646367,0.98646367,0.00029755235,0.017249705,0.00065173145
2025-03-21,1.1567022e-05,0.1280367,0.85514444,0.9831811,0.9831811,0.00029905487,0.017293204,0.0006877403
2025-03-24,1.0541666e-05,0.06284205,0.9243622,0.98720425,0.98720425,0.0002673025,0.016349388,0.00082384143
2025-03-25,8.21743e-06,0.08032069,0.9071539,0.9874746,0.9874746,0.000266442,0.01632305,0.0006560624
2025-03-26,1.3367426e-05,0.08803812,0.89620066,0.9842388,0.98423874,0.00025019067,0.015817417,0.0008481225
2025-03-27,7.655517e-06,0.06351508,0.9248347,0.9883498,0.9883498,0.00024493987,0.015650555,0.0006571144
2025-03-28,9.51826e-06,0.058219302,0.92936003,0.98757935,0.98757935,0.0002350217,0.015330417,0.0007663252
2025-03-31,1.1122423e-05,0.060616802,0.92636156,0.98697835,0.98697835,0.00023192907,0.015229218,0.00085414865
2025-04-01,7.3520678e-06,0.16633575,0.8142551,0.9805909,0.9805909,0.00028005286,0.01673478,0.0003787945
2025-04-02,8.882149e-06,0.05951393,0.9284084,0.9879223,0.9879223,0.00023826952,0.015435982,0.0007354179
2025-04-03,8.372815e-06,0.109552085,0.87470704,0.9842591,0.9842591,0.00023292635,0.015261925,0.0005319156
2025-04-04,2.6075206e-06,0.24567391,0.7441022,0.9897761,0.9897761,0.00073252025,0.027065111,0.00025504106
2025-04-07,1.7524191e-05,0.24142128,0.74063426,0.98205554,0.98205554,0.0020122777,0.04485842,0.0009765797
2025-04-08,2.867516e-05,0.20547345,0.77530515,0.9807786,0.9807786,0.0016170839,0.04021298,0.0014918332
2025-04-09,2.5134068e-05,0.17685267,0.80654454,0.98339725,0.98339725,0.0013555108,0.036817264,0.0015138492
2025-04-10,1.1648147e-05,0.058103528,0.9294575,0.987561,0.987561,0.0014798178,0.0384684,0.0009364206
2025-04-11,2.4622346e-05,0.23348619,0.7486577,0.9821439,0.9821439,0.0014687462,0.038324226,0.0013789303
2025-04-14,1.1467226e-05,0.09370959,0.8938077,0.9875173,0.9875173,0.0012508415,0.03536724,0.00091864925
2025-04-15,2.140497e-05,0.121407345,0.8629948,0.9844021,0.9844021,0.0011294849,0.03360781,0.0013723
2025-04-16,7.3476217e-06,0.10889071,0.88052756,0.98941827,0.98941827,0.0009976266,0.031585228,0.00069436856
2025-04-17,1.7320583e-05,0.105758555,0.87943405,0.9851926,0.9851926,0.0009217714,0.030360688,0.0011697245
2025-04-21,4.4169697e-06,0.11119452,0.8777441,0.9889386,0.98893857,0.00095403637,0.030887479,0.00039931486
2025-04-22,1.18661055e-05,0.13896388,0.8486179,0.9875818,0.9875818,0.0009129153,0.030214489,0.0009555407
2025-04-23,2.774298e-06,0.17272358,0.8161103,0.9888339,0.9888339,0.0008371349,0.028933283,0.0002484573
2025-04-24,3.4821342e-06,0.13403083,0.8570972,0.991128,0.991128,0.0008681114,0.02946373,0.00039248704
2025-04-25,1.0634123e-05,0.113170914,0.8737534,0.98692435,0.98692435,0.00075628364,0.02750061,0.00081327686
2025-04-28,1.0292093e-05,0.060219374,0.92760533,0.9878247,0.9878247,0.00067276176,0.025937652,0.00084532413
2025-04-29,1.1065613e-05,0.058095288,0.9294863,0.98758155,0.98758155,0.0006492874,0.02548112,0.0008910624
2025-04-30,1.378291e-05,0.05930645,0.9277492,0.98705566,0.98705566,0.00065647834,0.025621833,0.0010647827
2025-05-01,3.789017e-05,0.12833221,0.8518043,0.9801365,0.9801365,0.00070623535,0.026575089,0.0019075287
2025-05-02,1.6107353e-05,0.05986403,0.926879,0.98674303,0.98674303,0.00067788025,0.026036134,0.0012150104
2025-05-05,3.4715256e-05,0.06912353,0.9132438,0.9823673,0.9823673,0.0006605305,0.025700789,0.0019687973
2025-05-06,4.1577114e-05,0.07228248,0.9083092,0.9805917,0.9805917,0.0006665365,0.025817368,0.0021422352
2025-05-07,1.8255716e-05,0.063397266,0.92175996,0.98515725,0.98515725,0.00072808866,0.026983118,0.0012299417
2025-05-08,1.1311626e-05,0.11378067,0.8737886,0.9875693,0.9875693,0.0007091301,0.026629496,0.00090997294
2025-05-09,2.0213014e-05,0.09775738,0.87993425,0.97769165,0.97769165,0.00073997455,0.027202474,0.00090607395
2025-05-12,9.9499e-06,0.058626074,0.929036,0.9876621,0.9876621,0.0007034391,0.026522426,0.0008064486
2025-05-13,1.0136615e-05,0.1811397,0.80002105,0.98116076,0.98116076,0.0006764643,0.026008926,0.0005380586
2025-05-14,4.3017844e-06,0.20423454,0.7791063,0.98334086,0.98334086,0.0006848208,0.026169082,0.00025822368
2025-05-15,6.2999616e-06,0.17478949,0.8107352,0.9855247,0.9855247,0.00055239437,0.02350307,0.0004352219
2025-05-16,6.47357e-06,0.15358463,0.8350022,0.98858684,0.9885868,0.00056134176,0.023692653,0.0005672024
2025-05-19,7.501984e-06,0.066929765,0.9216728,0.9886026,0.9886026,0.00050436694,0.022458116,0.00065821764
2025-05-20,1.3389732e-05,0.073196515,0.91319925,0.9863958,0.9863958,0.00047294857,0.02174738,0.0009842335
2025-05-21,1.01104915e-05,0.05808087,0.9295366,0.98761743,0.98761743,0.00044567796,0.021111086,0.0008165101
2025-05-22,1.8673667e-05,0.06516532,0.91944385,0.9846092,0.9846092,0.00043960768,0.020966824,0.0012132996
2025-05-23,2.851451e-05,0.08182398,0.8997649,0.9815889,0.9815889,0.00042542664,0.020625873,0.0015487673
2025-05-27,1.9949644e-05,0.066016935,0.91808945,0.98410636,0.98410636,0.00041345973,0.02033371,0.0012551969
2025-05-28,3.073271e-05,0.07779018,0.9029143,0.9807045,0.9807045,0.00040709268,0.020176537,0.0015927387
2025-05-29,3.7167476e-05,0.07381189,0.90579087,0.97960275,0.97960275,0.0004163775,0.02040533,0.001822181
2025-05-30,1.2639521e-05,0.058699995,0.9285933,0.98729324,0.98729324,0.000430703,0.020753385,0.0009947086
2025-06-02,5.588551e-05,0.10679838,0.86776066,0.97455907,0.97455907,0.00041301618,0.0203228,0.002196677
2025-06-03,1.074606e-05,0.058334358,0.9291608,0.9874951,0.9874951,0.00049695914,0.02229258,0.0008593496
2025-06-04,2.0708872e-05,0.08459796,0.8947079,0.97930586,0.97930586,0.00048376663,0.021994695,0.001000712
2025-06-05,1.3714595e-05,0.1623872,0.82204807,0.98443526,0.98443526,0.000460558,0.021460615,0.0008811323
2025-06-06,1.5815505e-05,0.06773521,0.91637576,0.98411095,0.98411095,0.00040271183,0.02006768,0.0009953715
2025-06-09,1.3233516e-05,0.07302376,0.9107578,0.9837815,0.9837815,0.00040847642,0.020210799,0.0008159528
2025-06-10,1.8011666e-05,0.06971323,0.913653,0.98336625,0.98336625,0.00039361062,0.019839622,0.0010828386
2025-06-11,1.5365991e-05,0.06531661,0.9195954,0.98491204,0.98491204,0.00037937632,0.019477585,0.0010184272
2025-06-12,8.800203e-06,0.2137336,0.7526752,0.9664088,0.9664088,0.00051094836,0.022604167,0.00026197935
2025-06-13,8.740739e-06,0.10099528,0.8859733,0.9869686,0.9869686,0.00039411275,0.019852273,0.00067074323
2025-06-16,2.5724532e-05,0.20906858,0.6309297,0.8399983,0.8399983,0.00085069286,0.029166639,0.00016077662
2025-06-17,7.746553e-06,0.11193887,0.872659,0.9845979,0.9845979,0.0006225689,0.02495133,0.00050295505
2025-06-18,1.05932095e-05,0.231027,0.70051765,0.93154466,0.93154466,0.0007451983,0.02729832,0.00015474629
2025-06-20,7.642515e-06,0.2049869,0.76906836,0.9740553,0.9740553,0.000535888,0.023149256,0.0002945693
2025-06-23,1.046543e-05,0.1863501,0.7881048,0.9744549,0.9744549,0.00042166762,0.020534547,0.00040968411
2025-06-24,1.6904065e-05,0.09158349,0.8939636,0.98554707,0.98554707,0.001845948,0.042964496,0.001169594
2025-06-25,2.2948041e-05,0.2262003,0.75215995,0.97836024,0.97836024,0.0020256673,0.045007415,0.0010604571
2025-06-26,1.5804397e-05,0.07983966,0.9028453,0.98268497,0.98268497,0.0015620433,0.039522693,0.00091275596
2025-06-27,1.44758205e-05,0.07638737,0.9062295,0.98261684,0.98261684,0.0014278357,0.03778671,0.00083274976
2025-06-30,1.0114384e-05,0.058080923,0.9295363,0.9876172,0.9876172,0.001309672,0.036189392,0.0008168088
2025-07-01,9.097941e-05,0.108432926,0.8541694,0.9626024,0.9626024,0.0012299676,0.035070892,0.0024327592
2025-07-02,1.0157376e-05,0.05816662,0.9294119,0.9875785,0.9875785,0.0011442585,0.03382689,0.00081772613
2025-07-03,2.0624913e-05,0.12240948,0.8490185,0.971428,0.971428,0.0011255138,0.03354868,0.00072185695
2025-07-04,1.1712715e-05,0.059384882,0.9276663,0.9870512,0.9870512,0.0009820893,0.031338304,0.0009045398
2025-07-07,1.882974e-05,0.09116199,0.8891214,0.9802834,0.9802834,0.0009263113,0.030435363,0.0009550186
2025-07-08,1.2100361e-05,0.076930456,0.9062795,0.98320997,0.98320997,0.00088277936,0.029711604,0.0007206872
2025-07-09,1.4657224e-05,0.08286924,0.8981022,0.98097146,0.98097146,0.00081458624,0.028540958,0.0007702756
2025-07-10,1.0385519e-05,0.058831595,0.9284985,0.9873301,0.9873301,0.00074625906,0.027317742,0.0008196988
2025-07-11,1.0846796e-05,0.059547555,0.9274591,0.98700666,0.98700666,0.00074637955,0.027319947,0.00083479687
2025-07-14,1.333655e-05,0.18644804,0.7807405,0.96718854,0.96718854,0.00074848125,0.027358385,0.00040646008
2025-07-15,9.636919e-06,0.05812696,0.92948604,0.987613,0.987613,0.0006875179,0.026220564,0.0007779879
2025-07-16,1.3176036e-05,0.08641174,0.89573157,0.9821433,0.9821433,0.00065163005,0.025527045,0.00073787564
2025-07-17,1.3401837e-05,0.06288373,0.92303157,0.9859153,0.9859153,0.00059733685,0.024440475,0.0009515176
2025-07-18,1.47853525e-05,0.17569648,0.7926003,0.96829677,0.96829677,0.0005831204,0.024147885,0.00046636732
2025-07-21,1.1540183e-05,0.060133576,0.9266648,0.9867984,0.9867984,0.00047877026,0.02188082,0.00087415066
2025-07-22,7.9475976e-05,0.1197479,0.84044844,0.9601963,0.9601963,0.00045552326,0.02134299,0.001996699
2025-07-23,1.3479514e-05,0.062011227,0.92406243,0.9860737,0.9860737,0.00048955105,0.022125801,0.0009679159
2025-07-24,1.289121e-05,0.060441483,0.92615855,0.98660004,0.98660004,0.0004795185,0.02189791,0.0009620336
2025-07-25,1.1240813e-05,0.059538722,0.9274869,0.9870256,0.9870256,0.00046519743,0.021568436,0.0008663853
2025-07-28,1.3613989e-05,0.061075434,0.9252815,0.986357,0.986357,0.00045355878,0.02129692,0.0009978716
2025-07-29,9.861547e-06,0.06531671,0.92086625,0.9861829,0.9861829,0.00046635765,0.021595316,0.00071372197
2025-07-30,5.9578474e-06,0.14349431,0.839338,0.9828323,0.9828323,0.0005265821,0.022947377,0.00034703844
2025-07-31,9.248182e-06,0.061454285,0.92568684,0.98714113,0.98714113,0.00046565532,0.021579048,0.0007192066
2025-08-01,1.0256907e-05,0.09308158,0.8928876,0.9859692,0.9859692,0.00044755498,0.021155495,0.0007310272
2025-08-04,6.6678867e-06,0.21337406,0.7736125,0.9869866,0.9869866,0.0004854781,0.022033567,0.00051238533
2025-08-05,2.27301e-05,0.13189185,0.8464497,0.9783415,0.9783415,0.00043554092,0.020869616,0.0010494781
2025-08-06,1.010652e-05,0.0580808,0.9295367,0.9876175,0.9876175,0.00043146973,0.02077185,0.0008161933
2025-08-07,1.1687641e-05,0.058778748,0.9285063,0.9872851,0.9872851,0.00042061103,0.020508803,0.0009192066
2025-08-08,1.6588e-05,0.06236448,0.92335033,0.9857148,0.9857148,0.00040559488,0.020139387,0.0011612012
2025-08-11,1.40821785e-05,0.060608234,0.9258672,0.9864754,0.9864754,0.0003910977,0.01977619,0.0010412276
2025-08-12,1.8970253e-05,0.06439377,0.92040664,0.9848004,0.9848004,0.00037624894,0.019397138,0.0012480756
2025-08-13,2.2427581e-05,0.065055765,0.91929495,0.98435074,0.98435074,0.00037560385,0.019380502,0.0014331401
2025-08-14,2.2697504e-05,0.065539666,0.9185808,0.9841204,0.9841204,0.00037242303,0.019298265,0.0014293524
2025-08-15,1.0544232e-05,0.058087565,0.92951316,0.98760074,0.98760074,0.00039222286,0.019804617,0.00085039233
2025-08-18,1.8923016e-05,0.06402491,0.92097116,0.9849961,0.9849961,0.00039508936,0.019876854,0.0012612048
2025-08-19,1.1528235e-05,0.05914682,0.92800754,0.98715436,0.98715436,0.00038867217,0.01971477,0.0008974437
2025-08-20,1.3819956e-05,0.064352244,0.92232704,0.9866793,0.9866793,0.00038982663,0.019744027,0.0010374809
2025-08-21,7.192731e-06,0.07566412,0.9116804,0.9873445,0.9873445,0.00038502747,0.019622117,0.0005683484
2025-08-22,1.044506e-05,0.062889665,0.9236475,0.98653716,0.9865372,0.00035985364,0.018969808,0.0007758436
2025-08-25,1.3627957e-05,0.060257178,0.92643905,0.98669624,0.98669624,0.00034306542,0.018522026,0.001024369
2025-08-26,9.150311e-06,0.12641011,0.8565746,0.9829847,0.9829847,0.0003499341,0.018706525,0.0005377703
2025-08-27,8.290033e-06,0.061874393,0.926448,0.9883224,0.9883224,0.0003844556,0.01960754,0.0007099076
2025-08-28,8.327444e-06,0.067649975,0.91931295,0.9869629,0.9869629,0.000376407,0.019401211,0.00063875044
2025-08-29,8.391356e-06,0.07161625,0.9151057,0.98672193,0.98672193,0.00035744745,0.01890628,0.00063197117
2025-09-02,9.826524e-06,0.058076333,0.9295523,0.98762864,0.98762864,0.00034183945,0.0184889,0.0007942961
2025-09-03,0.0001317812,0.21713056,0.65375096,0.8708815,0.8708815,0.00036144324,0.019011661,0.0010206221
2025-09-04,8.367336e-06,0.07583196,0.9124527,0.98828465,0.98828465,0.0005064786,0.022505078,0.0007142197
2025-09-05,1.1918999e-05,0.059063096,0.9281059,0.98716897,0.98716897,0.0004752709,0.021800708,0.0009289197
2025-09-08,2.3785506e-05,0.11130955,0.87147546,0.982785,0.982785,0.00049272575,0.022197427,0.0013816722
2025-09-09,1.9859477e-05,0.06633301,0.9177786,0.9841116,0.9841116,0.00045725208,0.021383453,0.0012499362
2025-09-10,1.085553e-05,0.058092214,0.92949694,0.9875892,0.9875892,0.00044166105,0.021015733,0.00087468274
2025-09-11,1.6230075e-05,0.06405957,0.9210392,0.9850988,0.9850988,0.0004366819,0.020896936,0.0010891776
2025-09-12,2.0969928e-05,0.10260354,0.88128406,0.9838876,0.9838876,0.0004463257,0.021126421,0.0013014787
2025-09-15,1.731306e-05,0.062787905,0.92271054,0.9854984,0.9854984,0.0004167524,0.020414514,0.0011938746
2025-09-16,1.1343065e-05,0.06217547,0.9241962,0.98637164,0.98637164,0.00040745625,0.020185545,0.0008323131
2025-09-17,9.3891185e-06,0.13085963,0.85029876,0.9811584,0.9811584,0.00041000877,0.020248674,0.0004983179
2025-09-18,1.18397775e-05,0.05952154,0.9277001,0.98722166,0.98722166,0.00036547714,0.019117456,0.00092655036
2025-09-19,3.923131e-05,0.08022152,0.89862794,0.9788495,0.9788495,0.00035447782,0.018827582,0.0018548617
2025-09-22,7.210243e-06,0.12065944,0.8678508,0.9885102,0.98851025,0.00037426557,0.019345945,0.00062753377
2025-09-23,8.419839e-06,0.081625886,0.9063763,0.9880022,0.9880022,0.00033210963,0.018223876,0.00070178084
2025-09-24,9.91296e-06,0.06713087,0.9195058,0.98663664,0.98663664,0.0003211497,0.01792065,0.0007418014
2025-09-25,5.9726895e-06,0.14804374,0.8359065,0.98395026,0.98395026,0.00034509244,0.018576663,0.00037213616
2025-09-26,8.193497e-06,0.14686084,0.83641595,0.9832768,0.9832768,0.00029446048,0.017159851,0.00048994744
2025-09-29,4.7692956e-06,0.09632302,0.8921797,0.98850274,0.98850274,0.00027253237,0.016508555,0.0004148202
2025-09-30,1.0821201e-05,0.058091704,0.92949873,0.98759043,0.98759043,0.0003685527,0.019197727,0.00087200466
2025-10-01,2.3603734e-05,0.075271204,0.90749604,0.9827672,0.9827672,0.00037099057,0.019261116,0.0013697001
2025-10-02,4.749703e-05,0.12601456,0.8503969,0.97641146,0.97641146,0.00036742134,0.019168237,0.0020135639
2025-10-03,3.821935e-05,0.112707704,0.86657155,0.9792793,0.9792793,0.00041822932,0.020450655,0.0018444991
2025-10-06,3.5078305e-05,0.071846746,0.9086649,0.9805116,0.9805116,0.00040519502,0.020129457,0.0017999586
2025-10-07,1.069901e-05,0.05834178,0.92915165,0.98749346,0.98749346,0.0004153674,0.020380564,0.0008554729
2025-10-08,1.5841582e-05,0.062395852,0.9232794,0.9856753,0.9856753,0.0003966481,0.019916026,0.0011058908
2025-10-09,4.515473e-05,0.113745004,0.8565383,0.97028327,0.97028327,0.0003925354,0.019812506,0.0015195054
2025-10-10,2.4639463e-05,0.12946795,0.8520521,0.98152006,0.98152006,0.00041426695,0.020353548,0.0013333084
2025-10-13,2.4745277e-05,0.22095576,0.75933635,0.98029214,0.9802921,0.00062369445,0.024973875,0.0012556046
2025-10-14,2.9320385e-05,0.08215644,0.8960466,0.978203,0.978203,0.0005192529,0.022787122,0.0013451568
2025-10-15,2.2760589e-05,0.07261532,0.9121781,0.9847934,0.9847934,0.0005098059,0.022578882,0.0014967597
2025-10-16,1.8672336e-05,0.061329313,0.92471737,0.9860467,0.9860467,0.0004919783,0.022180583,0.0013381994
2025-10-17,3.9885883e-05,0.08084194,0.8996952,0.9805372,0.9805372,0.0004860435,0.022046395,0.002049337
2025-10-20,1.6655678e-05,0.061513256,0.9245198,0.986033,0.986033,0.00047728437,0.021846838,0.0011925041
2025-10-21,1.2012417e-05,0.058108497,0.92943996,0.9875485,0.9875485,0.00045793562,0.02139943,0.00096473424
2025-10-22,2.6945498e-05,0.066693515,0.91653335,0.9832269,0.9832269,0.00043906784,0.020953946,0.0016064704
2025-10-23,2.9184741e-05,0.0721138,0.908576,0.9806898,0.9806898,0.00043811527,0.020931203,0.0015113659
2025-10-24,1.9809844e-05,0.22072016,0.6674464,0.88816655,0.88816655,0.00064125756,0.025323063,0.00017713702
2025-10-27,5.2951573e-06,0.16420987,0.8222039,0.9864137,0.9864137,0.00045320697,0.021288658,0.0003897429
2025-10-28,7.302937e-06,0.19215435,0.7863744,0.97852874,0.97852874,0.00037974727,0.019487105,0.0003401261
2025-10-29,6.7394053e-06,0.08071401,0.9072836,0.9879976,0.9879976,0.00037779723,0.019437008,0.0005615044
2025-10-30,5.074511e-06,0.21936667,0.7584962,0.9778629,0.9778629,0.00035171895,0.018754171,0.00022923101
2025-10-31,1.5393534e-05,0.07260766,0.9101052,0.98271286,0.98271286,0.00027219407,0.016498305,0.00089046184
2025-11-03,1.5155269e-05,0.09613529,0.88544846,0.9815838,0.9815837,0.000266194,0.016315453,0.0008229302
2025-11-04,4.353734e-05,0.17239521,0.79652137,0.9689166,0.9689166,0.0002509358,0.015840953,0.0014006619
2025-11-05,1.8604194e-05,0.18637814,0.77735466,0.9637328,0.9637328,0.0002552802,0.01597749,0.00051297544
2025-11-06,2.8147211e-05,0.08244346,0.89621866,0.97866213,0.97866213,0.0002660652,0.016311506,0.0013191202
2025-11-07,3.0153684e-05,0.108270176,0.8606121,0.96888226,0.96888226,0.00026738935,0.016352044,0.0009690192
2025-11-10,3.1446307e-05,0.07612097,0.90387523,0.9799962,0.9799962,0.0002631235,0.016221082,0.001572017
2025-11-11,2.1370872e-05,0.10522135,0.8694418,0.97466314,0.97466314,0.00027211095,0.016495787,0.0008434696
2025-11-12,1.7292768e-05,0.1659819,0.799724,0.9657059,0.9657059,0.00028094795,0.016761502,0.00050424866
2025-11-13,2.0967835e-05,0.071437806,0.9120984,0.9835362,0.98353624,0.0005476166,0.02340121,0.0012735707
2025-11-14,1.2339059e-05,0.0923164,0.8902816,0.982598,0.982598,0.00052116835,0.022829112,0.0007090601
2025-11-17,9.5278265e-06,0.22384639,0.7380574,0.96190375,0.96190375,0.0005265977,0.022947717,0.00025009882
2025-11-18,1.595036e-05,0.1783122,0.79877937,0.97709155,0.97709155,0.00040053448,0.020013358,0.0006962654
2025-11-19,8.174621e-06,0.23479669,0.70814574,0.94294244,0.94294244,0.0003684867,0.019196007,0.00014326973
2025-11-20,7.355468e-06,0.10304656,0.88458014,0.9876267,0.9876267,0.0003814539,0.019530844,0.00059446157
2025-11-21,1.4460915e-05,0.07274941,0.91176987,0.9845193,0.9845193,0.00034767453,0.018646033,0.00093412556
2025-11-24,2.0360014e-05,0.087731175,0.89543986,0.98317105,0.98317105,0.00035681488,0.018889545,0.0012098205
2025-11-25,1.26673585e-05,0.061245095,0.9250973,0.9863424,0.9863424,0.0003549372,0.018839777,0.0009274932
2025-11-26,3.789562e-05,0.13028836,0.84740293,0.9776913,0.9776913,0.00035569412,0.018859854,0.001698692
2025-11-28,9.555185e-06,0.05852068,0.9290667,0.9875874,0.9875874,0.00035735732,0.018903896,0.0007697967
2025-12-01,1.1062714e-05,0.060073618,0.92678654,0.98686016,0.98686016,0.00034178531,0.018487437,0.0008419213
2025-12-02,2.3363002e-05,0.12106346,0.8588569,0.9799204,0.9799204,0.00033770906,0.018376863,0.0011635185
2025-12-03,3.2554603e-05,0.13737886,0.84120685,0.9785857,0.9785857,0.00033017152,0.018170623,0.0015202287
2025-12-04,1.7534521e-05,0.06393493,0.9211163,0.9850512,0.9850512,0.00031377896,0.017713808,0.001172973
2025-12-05,2.0782376e-05,0.06990234,0.91308457,0.9829869,0.9829869,0.00031561748,0.017765626,0.0012215533
2025-12-08,1.818338e-05,0.112765856,0.8637585,0.97652435,0.97652435,0.0003120215,0.01766413,0.0007745635
2025-12-09,4.7440288e-05,0.13129936,0.84562916,0.97692853,0.97692853,0.0003346867,0.018294444,0.002056232
2025-12-10,4.815365e-05,0.104187086,0.87160206,0.9757891,0.9757891,0.00034633573,0.018610097,0.001988927
2025-12-11,2.750196e-05,0.088925876,0.89106536,0.97999126,0.97999126,0.00035119712,0.018740254,0.0013744971
2025-12-12,7.2555216e-05,0.11286949,0.8595274,0.9723969,0.9723969,0.00036060606,0.01898963,0.002628518
2025-12-15,2.9554569e-05,0.10853523,0.8726124,0.98114765,0.98114765,0.00038353534,0.019584058,0.001567686
2025-12-16,4.1622825e-05,0.12275359,0.8553057,0.9780593,0.9780593,0.00037758268,0.019431487,0.0018970593
2025-12-17,3.5743997e-05,0.19843791,0.779843,0.9782809,0.9782809,0.000460099,0.021449918,0.0016457404
2025-12-18,1.902485e-05,0.0634556,0.9217523,0.98520786,0.98520786,0.00042223168,0.020548277,0.0012861455
2025-12-19,2.2392314e-05,0.06581947,0.91903687,0.9848563,0.98485637,0.0004089991,0.020223726,0.0014786562
2025-12-22,1.2210367e-05,0.061168343,0.9264399,0.9876082,0.9876082,0.00040337874,0.020084292,0.0009853581
2025-12-23,1.0202747e-05,0.09441767,0.8905145,0.9849322,0.9849322,0.00041914886,0.020473124,0.00067712186
2025-12-24,1.0256406e-05,0.058083147,0.9295286,0.9876117,0.9876118,0.00038699698,0.01967224,0.0008279114
2025-12-26,2.0775404e-05,0.066952124,0.917761,0.98471314,0.98471314,0.00037001405,0.019235749,0.0013590364
2025-12-29,5.364641e-06,0.18760891,0.80142397,0.98903286,0.98903286,0.0004136713,0.020338912,0.00048915605
2025-12-30,6.2577383e-06,0.08163572,0.9057527,0.98738843,0.98738843,0.0004370328,0.020905329,0.00049619033
2025-12-31,0.00014551211,0.13389434,0.8189858,0.95288014,0.95288014,0.0004026031,0.020064972,0.0030881271
2026-01-02,5.432552e-06,0.18564929,0.80308896,0.98873824,0.98873824,0.00048713526,0.022071142,0.0004823892
2026-01-05,6.3107805e-06,0.14513482,0.84326804,0.98840284,0.98840284,0.00039737427,0.019934248,0.0005441662
2026-01-06,5.4683774e-06,0.13958758,0.8480716,0.98765916,0.98765916,0.00038363072,0.019586492,0.0004431121
2026-01-07,1.01393525e-05,0.1556523,0.83196,0.9876123,0.9876123,0.00039151945,0.01978685,0.0008185021
2026-01-08,1.3374662e-05,0.06479457,0.92258835,0.98738295,0.9873829,0.00040060922,0.020015225,0.0010600465
2026-01-09,1.1313396e-05,0.124040775,0.85666335,0.9807041,0.9807041,0.00044477888,0.021089781,0.00058631174
2026-01-12,2.4265605e-06,0.2019964,0.7886709,0.9906673,0.9906673,0.000458154,0.021404533,0.00026000582
2026-01-13,3.5933622e-06,0.10753203,0.88259465,0.99012667,0.99012667,0.0003714461,0.019272937,0.0003639463
2026-01-14,2.4721733e-06,0.23747855,0.7462349,0.98371345,0.98371345,0.0004104917,0.020260595,0.00015179231
2026-01-15,3.437022e-06,0.23672491,0.7496211,0.986346,0.986346,0.00035460468,0.01883095,0.00025172284
2026-01-16,1.3715284e-06,0.22432354,0.7685132,0.9928368,0.9928367,0.0007909045,0.028123025,0.00019146796
2026-01-20,1.7475305e-06,0.22037806,0.7695317,0.98990977,0.98990977,0.0006127393,0.02475357,0.00017319032
2026-01-21,8.993983e-06,0.0770518,0.9068249,0.9838767,0.9838767,0.00052147376,0.0228358,0.0005578254
2026-01-22,1.258112e-05,0.08455795,0.89671516,0.9812731,0.9812731,0.00048336523,0.021985568,0.0006718213
2026-01-23,6.458905e-06,0.16207333,0.826278,0.9883513,0.9883513,0.00048417825,0.022004051,0.0005544736
2026-01-26,7.667953e-06,0.21083532,0.76185435,0.9726897,0.9726897,0.0005350638,0.023131447,0.00028077132
2026-01-27,3.0356345e-05,0.108758174,0.8583209,0.96707904,0.96707904,0.00042707074,0.02066569,0.0009220979
2026-01-28,9.310775e-06,0.21787941,0.74918675,0.96706617,0.96706617,0.00048449752,0.022011304,0.00028271155
2026-01-29,1.2341279e-05,0.12535636,0.8528289,0.9781853,0.9781853,0.00040809478,0.020201355,0.00056573213
2026-01-30,0.0011367241,0.1255764,0.6466023,0.77217865,0.77217865,0.000506375,0.022502778,0.0049895416
2026-02-02,1.7125989e-05,0.21965635,0.7253283,0.9449847,0.9449847,0.001465645,0.038283743,0.0003112949
2026-02-03,6.439157e-05,0.20784444,0.76844406,0.9762885,0.9762885,0.0015960594,0.039950714,0.0027156258
2026-02-04,6.5694744e-06,0.21409476,0.75963324,0.973728,0.973728,0.0013497762,0.0367393,0.00025005612
2026-02-05,2.3488399e-06,0.21210219,0.7752996,0.9874018,0.9874018,0.0012225148,0.03496448,0.00018644225
2026-02-06,2.8652278e-06,0.17623523,0.81502974,0.99126494,0.99126494,0.0011291537,0.033602882,0.00032801463
2026-02-09,3.952221e-06,0.16432181,0.82303405,0.9873558,0.9873558,0.00092578674,0.030426744,0.00031257255
2026-02-10,4.774833e-06,0.13034405,0.8580783,0.98842233,0.98842233,0.0007912829,0.02812975,0.0004124176
2026-02-11,4.5375527e-06,0.13099799,0.8584647,0.98946273,0.98946273,0.0006892184,0.02625297,0.00043061952
2026-02-12,5.0081107e-06,0.13472821,0.8523178,0.987046,0.987046,0.0006097897,0.02469392,0.0003866074
2026-02-13,6.5890245e-06,0.20636605,0.7814664,0.9878325,0.9878325,0.0006328366,0.025156245,0.00054152595
2026-02-17,1.12078e-05,0.0995827,0.886845,0.9864277,0.98642766,0.00050119363,0.022387354,0.0008257863
2026-02-18,1.5863727e-05,0.0631001,0.9224632,0.9855633,0.9855633,0.00046408555,0.021542644,0.0010988455
2026-02-19,4.0917353e-06,0.23291603,0.74433625,0.9772523,0.97725224,0.0005696225,0.023866765,0.00017987471
2026-02-20,2.5469349e-06,0.21914262,0.7672978,0.9864404,0.9864404,0.0005087002,0.022554383,0.00018783288
2026-02-23,4.955852e-06,0.10965357,0.87901413,0.9886677,0.9886677,0.0003930263,0.01982489,0.00043732196
2026-02-24,6.904723e-06,0.22606416,0.75071,0.97677416,0.97677416,0.00035066018,0.018725922,0.0002972862
2026-02-25,5.5457963e-06,0.12346926,0.8647573,0.98822653,0.98822653,0.00029529154,0.017184049,0.0004710419
2026-02-26,9.731848e-06,0.059005536,0.9282575,0.9872631,0.9872631,0.00026236507,0.016197687,0.00076406624
2026-02-27,1.0130877e-05,0.058139924,0.9294511,0.987591,0.987591,0.0002539779,0.015936684,0.00081641553
2026-03-02,8.937007e-06,0.12899923,0.8523146,0.9813138,0.9813138,0.0002890155,0.017000455,0.0004782684
2026-03-03,7.653118e-06,0.23369493,0.70678365,0.94047856,0.94047856,0.0007303283,0.027024588,0.0001285775
2026-03-04,6.43896e-06,0.23672572,0.71331966,0.95004535,0.95004535,0.0010066191,0.03172726,0.0001288961
2026-03-05,2.902368e-06,0.22942336,0.7552237,0.98464704,0.98464704,0.0007247677,0.026921509,0.00018904284
2026-03-06,8.624548e-06,0.22933325,0.68811774,0.917451,0.917451,0.0020700356,0.045497645,0.00010447796
2026-03-09,3.055606e-06,0.2379318,0.74040157,0.97833335,0.97833335,0.004463303,0.066807956,0.0001410281
2026-03-10,1.371263e-05,0.058130126,0.929364,0.9874942,0.9874942,0.0037165743,0.060963713,0.001096499
2026-03-11,1.1063724e-05,0.0865913,0.9022224,0.9888137,0.9888137,0.0044119037,0.066422164,0.0009890421
2026-03-12,2.7666929e-05,0.21089873,0.64991987,0.8608186,0.8608186,0.004161453,0.064509325,0.00019878327
2026-03-13,1.3286175e-05,0.2106827,0.7297199,0.94040257,0.94040257,0.0045374027,0.067360245,0.00022293201
2026-03-16,1.1854437e-05,0.15488765,0.81595623,0.9708439,0.9708439,0.0035192317,0.059323113,0.00040658528
2026-03-17,6.1647966e-06,0.1238353,0.8631647,0.98700005,0.98700005,0.003342825,0.05781717,0.00047421688
2026-03-18,1.611513e-05,0.22311749,0.6742512,0.89736867,0.89736867,0.0029909876,0.05468992,0.00015701959
2026-03-19,1.0244001e-05,0.23229408,0.7219426,0.9542367,0.9542367,0.0020329747,0.045088522,0.00022384744
2026-03-20,2.8723594e-05,0.122250035,0.8425039,0.9647539,0.9647539,0.0014789681,0.038457353,0.0008149445
2026-03-23,4.5627872e-05,0.14051335,0.800724,0.9412374,0.9412374,0.0013349216,0.036536578,0.000776478
2026-03-24,4.69684e-05,0.23159988,0.74474597,0.97634584,0.97634584,0.002804025,0.052953046,0.0019856293
2026-03-25,7.467337e-05,0.17082992,0.7172024,0.8880324,0.8880323,0.0026367747,0.051349536,0.00066691934
2026-03-26,1.52478515e-05,0.13195229,0.8547508,0.9867031,0.9867031,0.0020519886,0.04529888,0.0011467221
2026-03-27,5.0979415e-05,0.18266264,0.73304164,0.9157043,0.91570425,0.0020339144,0.04509894,0.0006047689
2026-03-30,1.9601259e-05,0.11144714,0.8596391,0.97108626,0.97108626,0.0020538082,0.04531896,0.00067792204
2026-03-31,1.4778391e-05,0.078609064,0.9045593,0.98316836,0.98316836,0.0018975608,0.043561,0.00087801274
2026-04-01,2.0614527e-05,0.07565566,0.9076163,0.98327196,0.98327196,0.0017487468,0.04181802,0.0012323334
2026-04-02,0.00010678441,0.23338386,0.7125248,0.94590867,0.94590867,0.001620094,0.04025039,0.00197415
2026-04-06,0.00013528766,0.1722539,0.5712548,0.7435087,0.7435087,0.0039720275,0.06302402,0.0005274551
2026-04-07,1.4301444e-05,0.10605069,0.87483174,0.9808824,0.9808824,0.002414098,0.049133472,0.00074807764
2026-04-08,4.829484e-05,0.1817947,0.7525245,0.9343192,0.9343192,0.0021284304,0.046134915,0.00073529617
2026-04-09,2.6652498e-05,0.19207312,0.792414,0.9844871,0.9844871,0.0075098383,0.08665932,0.0017180879
2026-04-10,2.9648752e-05,0.22026417,0.6763929,0.89665705,0.8966571,0.006223101,0.078886636,0.0002868967
2026-04-13,1.0906013e-05,0.05809295,0.9294943,0.9875873,0.9875873,0.0042797113,0.0654195,0.0008786154
2026-04-14,1.1549417e-05,0.07161763,0.911847,0.9834646,0.9834646,0.0040264153,0.06345404,0.0006984661
2026-04-15,1.4770321e-05,0.059151635,0.9284374,0.98758906,0.98758906,0.0041673356,0.0645549,0.0011901051
2026-04-16,2.0859818e-05,0.088712454,0.8891819,0.97789437,0.97789437,0.0038838815,0.062320795,0.0009436426
2026-04-17,1.07070555e-05,0.06653566,0.9185924,0.98512805,0.98512805,0.003591419,0.059928447,0.0007199494
2026-04-20,2.312923e-05,0.06558488,0.92182314,0.98740804,0.98740804,0.0042971084,0.06555233,0.0018368256
2026-04-21,2.7493972e-05,0.11399989,0.8498533,0.9638532,0.9638532,0.004271718,0.065358385,0.0007606194
2026-04-22,1.374273e-05,0.07338917,0.90961295,0.9830021,0.9830021,0.0037440115,0.06118833,0.00080849696
2026-04-23,1.4591669e-05,0.107082844,0.86759937,0.9746822,0.9746822,0.003424938,0.05852297,0.0005763406
2026-04-24,1.135938e-05,0.06960772,0.9147582,0.98436594,0.98436594,0.0030848773,0.05554167,0.000726579
2026-04-27,1.5468324e-05,0.0770173,0.9081904,0.98520774,0.98520774,0.0028499598,0.053385016,0.0010457037
2026-04-28,2.0817459e-05,0.10279435,0.87279123,0.9755856,0.9755856,0.002635875,0.051340774,0.00085267064
2026-04-29,1.1039046e-05,0.064937785,0.92039114,0.9853289,0.9853289,0.0024548795,0.04954674,0.0007524354
2026-04-30,3.307643e-05,0.16784377,0.765992,0.93383574,0.93383574,0.002561981,0.050616015,0.0004999139
2026-05-01,9.778633e-06,0.058887634,0.9284341,0.98732173,0.98732173,0.0020458729,0.045231327,0.0007712911
2026-05-04,3.8805407e-05,0.1709712,0.8051509,0.97612214,0.97612214,0.0019639474,0.04431645,0.0016251628
2026-05-05,2.4668576e-05,0.12891857,0.8299105,0.9588291,0.9588291,0.0019328448,0.04396413,0.0005991751
2026-05-06,3.2845008e-05,0.09802498,0.88084286,0.9788678,0.9788678,0.0018351855,0.042839065,0.0015542656
2026-05-07,2.5308036e-05,0.06279134,0.9225059,0.98529726,0.98529726,0.002173677,0.04662271,0.0017213146
2026-05-08,1.1355165e-05,0.059094194,0.92804575,0.98713994,0.98713994,0.0020311344,0.045068108,0.0008829792
2026-05-11,9.910503e-06,0.06013986,0.92673117,0.986871,0.986871,0.0018985942,0.04357286,0.0007548561
2026-05-12,9.209083e-06,0.05807346,0.9295774,0.9876509,0.9876509,0.001813744,0.042588074,0.00074572733
2026-05-13,2.359161e-05,0.10015094,0.86998105,0.970132,0.970132,0.0017919728,0.0423317,0.00078986224
2026-05-14,2.7281036e-05,0.080746904,0.9010094,0.98175627,0.98175627,0.0015961801,0.039952222,0.001495365
2026-05-15,2.4477404e-05,0.078871444,0.9007933,0.97966474,0.97966474,0.0014655795,0.038282886,0.0012036929
2026-05-18,3.1768985e-05,0.13947304,0.81351966,0.9529927,0.9529927,0.001476675,0.038427528,0.0006758305
2026-05-19,1.8827923e-05,0.0864857,0.89086366,0.97734934,0.97734934,0.0013588767,0.036862943,0.00083123066
2026-05-20,4.186271e-05,0.09788622,0.8703763,0.9682625,0.9682625,0.0012355957,0.035151042,0.0013190296
2026-05-21,6.309951e-05,0.19468123,0.77333224,0.96801347,0.96801347,0.0019570184,0.044238202,0.0019726898
2026-05-22,3.7093578e-05,0.11721534,0.8592734,0.9764887,0.9764887,0.0016533722,0.04066168,0.0015776921
2026-05-26,1.5717009e-05,0.07306237,0.90910715,0.9821695,0.9821695,0.0014584414,0.038189545,0.00088146806
2026-05-27,8.100804e-05,0.17960641,0.78734744,0.9669539,0.9669539,0.0014017483,0.037439927,0.0024513626
2026-05-28,1.6812628e-05,0.059460193,0.92742133,0.9868815,0.9868815,0.0017749418,0.042130057,0.0012815963
2026-05-29,1.0699799e-05,0.058089904,0.92950493,0.98759484,0.98759484,0.0016632298,0.040782712,0.0008625283
2026-06-01,3.675486e-05,0.0701209,0.9112246,0.98134553,0.98134553,0.0015749055,0.039685078,0.0019702981
2026-06-02,0.00015366933,0.12999918,0.8103252,0.94032437,0.94032437,0.0016706833,0.040873993,0.0025750767
2026-06-03,1.1977705e-05,0.0600092,0.92676234,0.9867715,0.9867715,0.0015449205,0.03930548,0.00090544857
2026-06-04,4.680683e-05,0.10585799,0.86164796,0.96750593,0.96750593,0.0014771175,0.038433287,0.001440473
2026-06-05,2.55023e-05,0.09319066,0.8895095,0.98270017,0.98270017,0.0014263758,0.03776739,0.0014741358
2026-06-08,4.3765038e-05,0.07917581,0.8987762,0.977952,0.977952,0.0013646297,0.036940895,0.0019849893
2026-06-09,3.234619e-05,0.072052546,0.9086319,0.98068446,0.98068446,0.0012754832,0.035713907,0.00167462
2026-06-10,2.692689e-05,0.06717243,0.916167,0.9833394,0.9833394,0.0012784598,0.035755556,0.0016162045
2026-06-11,1.06359e-05,0.05840925,0.92904764,0.9874569,0.9874569,0.0012258847,0.035012636,0.0008479495
2026-06-12,2.6807413e-05,0.06543968,0.9185275,0.9839672,0.9839672,0.0011900815,0.03449756,0.001672034
2026-06-15,3.646064e-05,0.07127303,0.9102604,0.9815334,0.9815334,0.001191348,0.03451591,0.0019744108
2026-06-16,8.574467e-05,0.09711129,0.8746409,0.97175217,0.97175217,0.0012999275,0.036054507,0.0030354424
2026-06-17,4.264019e-05,0.06766935,0.91463387,0.9823032,0.9823032,0.0015747098,0.03968261,0.002409486
2026-06-18,5.602068e-05,0.07137951,0.90822697,0.97960645,0.9796065,0.0014889599,0.03858704,0.0027469802
2026-06-22,1.616358e-05,0.058157817,0.92926604,0.98742384,0.98742384,0.0014088607,0.037534792,0.0012852553
2026-06-23,2.5627058e-05,0.06150355,0.9242763,0.9857798,0.9857798,0.0013581748,0.036853425,0.0018021616
2026-06-24,0.000115802206,0.08781861,0.877968,0.96578664,0.96578664,0.0013107004,0.036203597,0.0033847068
2026-06-25,6.811924e-05,0.07617903,0.90029883,0.97647786,0.97647786,0.0014086831,0.037532426,0.002895963
2026-06-26,1.4329973e-05,0.058137435,0.92933816,0.9874756,0.9874756,0.0013731438,0.037055954,0.001144162
2026-06-29,0.00011223056,0.09046709,0.87735915,0.96782625,0.96782625,0.0013759857,0.03709428,0.0034882645
2026-06-30,2.7534134e-05,0.06680988,0.9162656,0.9830755,0.9830755,0.0013612047,0.036894508,0.0016268801
2026-07-01,2.0655467e-05,0.06084106,0.92537063,0.9862117,0.9862117,0.0012965598,0.036007773,0.0014980449
2026-07-02,0.00011683836,0.09662884,0.86858445,0.9652133,0.9652133,0.0012316476,0.035094835,0.0033587078
2026-07-06,7.7169956e-05,0.08013687,0.89339304,0.97352993,0.97352993,0.0011868081,0.03445008,0.002915367
2026-07-07,2.6047846e-05,0.06379419,0.9209467,0.9847409,0.9847409,0.001137872,0.03373236,0.0017070384
2026-07-08,4.9150636e-05,0.07352289,0.90549,0.97901285,0.97901285,0.0011203344,0.033471398,0.0023419391
2026-07-09,0.0001941186,0.16461535,0.698209,0.8628243,0.8628243,0.0011967648,0.034594286,0.0014151095
2026-07-10,6.006757e-05,0.159777,0.8131263,0.9729033,0.9729033,0.001095682,0.03310109,0.0022167864
2026-07-13,8.485944e-05,0.13030814,0.83632624,0.9666344,0.9666344,0.0009656498,0.031074906,0.0025433209
2026-07-14,2.0227902e-05,0.21816006,0.6738982,0.89205825,0.89205825,0.0019438734,0.04408938,0.00018739646
2026-07-15,4.771582e-06,0.21701027,0.7617941,0.97880435,0.97880435,0.0013793001,0.03713893,0.00022512082
2026-07-16,8.1991675e-06,0.06669897,0.9202808,0.9869798,0.9869798,0.0010575112,0.032519396,0.00062972587
2026-07-17,8.167917e-06,0.22729315,0.7461658,0.97345895,0.97345895,0.0009861549,0.031403102,0.00030774652
2026-07-20,2.8827533e-06,0.21719456,0.76678073,0.9839753,0.9839753,0.001176556,0.03430096,0.00017989427
2026-07-21,7.06099e-06,0.18246678,0.7976842,0.980151,0.98015094,0.00092145475,0.030355474,0.00035573525
2026-07-22,6.377348e-06,0.145105,0.83803934,0.98314434,0.98314434,0.00081323384,0.028517256,0.0003783506
2026-07-23,6.536381e-06,0.17041348,0.81215256,0.98256606,0.98256606,0.0007589115,0.027548349,0.00037492273
2026-07-24,7.088468e-06,0.23588942,0.71297276,0.9488622,0.9488622,0.001229469,0.035063785,0.00013861503
2026-07-27,4.2681595e-06,0.21501824,0.77358496,0.9886032,0.98860323,0.0011248625,0.03353897,0.00037450425
2026-07-28,7.932312e-06,0.18387899,0.802037,0.98591596,0.985916,0.0021900372,0.046797834,0.0005632128
2026-07-29,6.432043e-06,0.11218006,0.8749704,0.98715043,0.98715043,0.0020831781,0.045641847,0.00050056487
2026-07-30,4.0129753e-06,0.23542567,0.73894054,0.9743662,0.9743662,0.0022787321,0.047736067,0.00015655009
2026-07-31,4.3792616e-06,0.19243588,0.79763037,0.99006623,0.99006623,0.0017142751,0.041403804,0.00044084588
2026-08-03,9.498722e-06,0.15051304,0.83605504,0.9865681,0.9865681,0.0014022846,0.03744709,0.000707176
2026-08-04,7.836122e-06,0.24515817,0.7387942,0.9839524,0.9839524,0.0016004118,0.040005147,0.000488305
2026-08-05,4.468376e-05,0.20948523,0.76652443,0.97600967,0.97600967,0.0020379298,0.045143437,0.0018625734
2026-08-06,2.1744867e-05,0.06335961,0.922097,0.98545665,0.98545665,0.0016186642,0.040232625,0.0014951754
2026-08-07,1.1065381e-05,0.05809528,0.9294863,0.98758155,0.98758155,0.0015601893,0.03949923,0.00089104375
2026-08-10,1.103952e-05,0.05809491,0.9294875,0.98758245,0.98758245,0.0014685417,0.038321555,0.0008890253
2026-08-11,1.0959851e-05,0.20533381,0.7552263,0.96056014,0.96056014,0.0015158083,0.03893338,0.0002778877
2026-08-12,7.826453e-06,0.13327695,0.8521458,0.98542273,0.98542273,0.0011888865,0.034480233,0.0005368943
2026-08-13,1.06220605e-05,0.09287678,0.8920598,0.9849366,0.9849366,0.0010209795,0.03195277,0.00070515665
2026-08-14,2.041034e-05,0.0906735,0.89325887,0.9839324,0.9839324,0.0009785,0.031280983,0.0012702774
2026-08-17,9.912259e-06,0.06931813,0.91620195,0.98552006,0.98552006,0.00091177307,0.03019558,0.0006845513
2026-08-18,1.1527193e-05,0.12781854,0.8495012,0.9773197,0.9773197,0.00088835455,0.029805277,0.00050824735
2026-08-19,9.133087e-06,0.063311696,0.92347705,0.98678875,0.98678875,0.00076932414,0.027736694,0.0006913113
2026-08-20,1.22595775e-05,0.10400477,0.8791932,0.9831979,0.9831979,0.00072615413,0.026947247,0.00072964677
2026-08-21,1.2030905e-05,0.15675968,0.82144266,0.97820234,0.97820234,0.0007047376,0.026546896,0.0005519357
2026-08-24,8.8428615e-06,0.06827494,0.9178562,0.98613113,0.98613113,0.00060375413,0.02457141,0.00063760515
2026-08-25,2.2545462e-05,0.07921234,0.90394163,0.98315394,0.98315394,0.000602548,0.024546854,0.0013383225
2026-08-26,1.32495425e-05,0.06064809,0.925847,0.9864951,0.9864951,0.0006478577,0.02545305,0.0009810899
2026-08-27,9.253756e-06,0.058066785,0.92958534,0.9876521,0.9876521,0.0006132671,0.02476423,0.0007494208
2026-08-28,9.197576e-06,0.058179922,0.92944837,0.9876283,0.9876283,0.0005931938,0.02435557,0.0007434356
