Date,omega,alpha,beta,rho,persistence,sigma2,sigma,sigma_bar2
2005-01-04,2.0962565e-05,0.06853928,0.9136726,0.9822119,0.9822119,0.0009923498,0.031501584,0.0011784593
2005-01-05,2.6036103e-05,0.058603644,0.9216475,0.98025113,0.98025113,0.0009533479,0.030876333,0.0013183594
2005-01-06,2.2461843e-05,0.039809182,0.9442563,0.9840655,0.9840655,0.00091250974,0.030207776,0.0014096336
2005-01-07,4.434625e-05,0.04681318,0.9273727,0.9741859,0.9741859,0.000937337,0.03061596,0.0017179069
2005-01-10,2.2451713e-05,0.041022893,0.9429772,0.9840001,0.9840001,0.00091642654,0.030272538,0.0014032397
2005-01-11,4.0744537e-05,0.035908442,0.94275403,0.9786625,0.9786625,0.0009147686,0.030245142,0.0019095264
2005-01-12,5.126532e-05,0.026613912,0.9501289,0.9767428,0.9767428,0.00090691133,0.03011497,0.0022042778
2005-01-13,3.4157318e-05,0.027783854,0.9536059,0.98138976,0.98138976,0.00092964654,0.030490106,0.0018354045
2005-01-14,5.1699622e-05,0.10886097,0.85649794,0.9653589,0.9653589,0.0011043013,0.033231027,0.0014924365
2005-01-18,2.2300046e-05,0.05994547,0.92226183,0.9822073,0.9822073,0.0010037898,0.031682644,0.0012533255
2005-01-19,6.0755097e-05,0.02704306,0.9477132,0.97475624,0.97475624,0.0010486995,0.03238363,0.0024067373
2005-01-20,3.1257245e-05,0.08660234,0.88967884,0.97628117,0.97628117,0.0010719423,0.03274053,0.0013178239
2005-01-21,1.9006511e-05,0.06596175,0.9173677,0.9833294,0.9833294,0.000985521,0.03139301,0.0011401227
2005-01-24,5.059641e-05,0.024753945,0.9519582,0.9767121,0.9767121,0.0009305486,0.030504895,0.0021726487
2005-01-25,2.7370626e-05,0.065008014,0.91498387,0.9799919,0.9799919,0.00097093306,0.0311598,0.0013679782
2005-01-26,1.5161651e-05,0.06558549,0.9191273,0.9847128,0.9847128,0.0009238122,0.030394278,0.000991786
2005-01-27,1.4360418e-05,0.05407321,0.9321933,0.9862665,0.9862665,0.0008645628,0.029403448,0.0010456484
2005-01-28,2.3276354e-05,0.035844393,0.94814485,0.98398924,0.98398924,0.00083341234,0.028868882,0.0014537943
2005-01-31,1.6799555e-05,0.04311411,0.9426103,0.98572445,0.98572445,0.00081417116,0.028533684,0.001176806
2005-02-01,3.177988e-05,0.025157142,0.95654553,0.9817027,0.9817027,0.00078861165,0.028082231,0.0017368604
2005-02-02,2.3434415e-05,0.042662706,0.9402106,0.98287326,0.98287326,0.0007861314,0.028038036,0.001368294
2005-02-03,2.1419099e-05,0.03450349,0.94991016,0.9844137,0.9844136,0.0007665453,0.027686555,0.0013742246
2005-02-04,3.7093876e-05,0.024362322,0.9564748,0.9808371,0.9808371,0.00079439767,0.02818506,0.0019357137
2005-02-07,3.073608e-05,0.026925566,0.9549857,0.98191124,0.98191124,0.000798655,0.028260484,0.0016991813
2005-02-08,2.5127063e-05,0.034788888,0.9484399,0.9832288,0.9832288,0.0008051424,0.028375031,0.0014982271
2005-02-09,1.8211489e-05,0.07230743,0.91024595,0.98255336,0.98255336,0.0008251694,0.028725762,0.0010438395
2005-02-10,1.3365147e-05,0.054486737,0.93170065,0.9861874,0.9861874,0.0007693284,0.02773677,0.0009676054
2005-02-11,1.7134455e-05,0.0430198,0.9415915,0.9846113,0.9846113,0.0007301689,0.027021637,0.001113442
2005-02-14,2.0536863e-05,0.036178183,0.94854575,0.9847239,0.9847239,0.00070960843,0.026638476,0.0013443809
2005-02-15,2.5942392e-05,0.02928412,0.95381236,0.9830965,0.9830965,0.00069363444,0.02633694,0.0015347332
2005-02-16,2.1301628e-05,0.039467905,0.94457376,0.9840417,0.9840417,0.00069293554,0.026323669,0.00133483
2005-02-17,3.9634113e-05,0.020775294,0.9589768,0.9797521,0.9797521,0.0006802147,0.026080927,0.0019574454
2005-02-18,2.6659496e-05,0.03658191,0.94597524,0.9825572,0.9825572,0.00071154267,0.026674757,0.0015283935
2005-02-22,2.9640358e-05,0.02630249,0.9554901,0.9817926,0.9817926,0.0006999598,0.026456753,0.0016279317
2005-02-23,4.5924186e-05,0.037012234,0.93770635,0.9747186,0.9747186,0.00072653417,0.026954297,0.0018165186
2005-02-24,3.516046e-05,0.063711174,0.9126981,0.97640926,0.97640926,0.00076928345,0.02773596,0.0014904346
2005-02-25,2.5852043e-05,0.030656677,0.95259863,0.9832553,0.9832553,0.000737336,0.027153932,0.0015438965
2005-02-28,1.4138885e-05,0.09530434,0.88856375,0.98386806,0.9838681,0.00085132977,0.029177556,0.00087645295
2005-03-01,1.7018312e-05,0.042027734,0.9436767,0.9857044,0.9857044,0.0007711658,0.027769873,0.0011904598
2005-03-02,8.3219975e-06,0.11813163,0.8665832,0.98471487,0.98471487,0.0007469593,0.027330557,0.0005444504
2005-03-03,1.19245515e-05,0.06550013,0.92040795,0.9859081,0.9859081,0.00065950264,0.025680784,0.00084619847
2005-03-04,9.767002e-06,0.06410636,0.92382604,0.9879324,0.9879324,0.00062397,0.024979392,0.00080935634
2005-03-07,1.7176746e-05,0.03987509,0.945699,0.98557407,0.98557407,0.0005973602,0.024440954,0.0011906852
2005-03-08,1.6448364e-05,0.040721733,0.94511056,0.9858323,0.9858323,0.0005828207,0.024141679,0.0011609741
2005-03-09,1.3022626e-05,0.05929942,0.9265335,0.9858329,0.9858329,0.00058327796,0.024151148,0.000919218
2005-03-10,1.5268994e-05,0.043329667,0.9428929,0.98622257,0.98622257,0.0005549401,0.023557166,0.0011082609
2005-03-11,1.0399452e-05,0.05878131,0.9289855,0.9877668,0.9877668,0.00054989936,0.023449933,0.0008501008
2005-03-14,2.9852521e-05,0.024411378,0.95747733,0.9818887,0.9818887,0.0005212853,0.022831673,0.0016482825
2005-03-15,1.1800744e-05,0.07888673,0.90725017,0.9861369,0.9861369,0.0005971352,0.02443635,0.00085123495
2005-03-16,1.2004717e-05,0.05269827,0.9345028,0.98720104,0.98720104,0.0005563291,0.023586629,0.00093794434
2005-03-17,1.486837e-05,0.04300272,0.94325024,0.98625296,0.98625296,0.0005321098,0.023067506,0.0010815691
2005-03-18,1.0684412e-05,0.056137774,0.93175316,0.98789096,0.98789096,0.0005186439,0.022773754,0.00088234997
2005-03-21,1.15348e-05,0.05166722,0.9358606,0.9875278,0.9875278,0.0004953528,0.022256522,0.00092483993
2005-03-22,1.15919565e-05,0.051756438,0.9357393,0.9874957,0.9874957,0.00047721525,0.021845257,0.00092703913
2005-03-23,1.0347212e-05,0.05558663,0.932378,0.98796463,0.98796463,0.0004627195,0.021510916,0.0008597336
2005-03-24,8.531636e-06,0.065490775,0.9227932,0.988284,0.988284,0.00045442907,0.021317342,0.00072820333
2005-03-28,1.7479366e-05,0.03747235,0.94793403,0.9854064,0.9854064,0.00043509374,0.0208589,0.0011977418
2005-03-29,1.3201338e-05,0.04679609,0.9400939,0.98688996,0.98688996,0.00043279174,0.020803647,0.0010069639
2005-03-30,1.1975418e-05,0.08108877,0.90443057,0.98551935,0.98551935,0.00051677047,0.022732586,0.0008269945
2005-03-31,1.0918107e-05,0.06573147,0.92102736,0.9867588,0.9867588,0.00050783996,0.022535305,0.0008245575
2005-04-01,9.1956845e-06,0.06296644,0.92507964,0.9880461,0.9880461,0.000522231,0.022852374,0.0007692629
2005-04-04,9.148326e-06,0.060699895,0.92764485,0.9883447,0.9883447,0.00050241227,0.022414554,0.00078490895
2005-04-05,9.802076e-06,0.06350282,0.9244751,0.98797786,0.98797786,0.0004994868,0.022349201,0.00081533554
2005-04-06,9.354054e-06,0.06177863,0.9263676,0.9881462,0.9881462,0.00047202644,0.021726169,0.00078911765
2005-04-07,1.1438663e-05,0.05176899,0.9357945,0.98756343,0.9875635,0.00044679115,0.021137435,0.0009197604
2005-04-08,8.064197e-06,0.07032949,0.91796803,0.9882975,0.9882975,0.00046327413,0.021523803,0.00068910164
2005-04-11,1.1570349e-05,0.050497476,0.936962,0.9874595,0.9874595,0.00045311727,0.02128655,0.0009226371
2005-04-12,1.0676012e-05,0.05352733,0.9343027,0.98783004,0.98783004,0.0004406003,0.020990482,0.0008772432
2005-04-13,9.249801e-06,0.08584957,0.90090925,0.9867588,0.9867588,0.00046939062,0.021665424,0.00069856364
2005-04-14,1.1555371e-05,0.05502253,0.93215775,0.9871803,0.9871803,0.00045488423,0.021328015,0.0009013756
2005-04-15,1.8421979e-05,0.0345698,0.9504665,0.9850363,0.9850363,0.0004451122,0.021097682,0.0012311123
2005-04-18,1.3683399e-05,0.045009613,0.9416177,0.98662734,0.98662734,0.00044496497,0.021094194,0.0010232369
2005-04-19,1.3248028e-05,0.044910405,0.94187856,0.986789,0.986789,0.0004345918,0.020846866,0.0010028019
2005-04-20,1.3535517e-05,0.04363346,0.9425712,0.9862047,0.9862047,0.00043111187,0.020763233,0.0009811675
2005-04-21,1.4911286e-05,0.04197856,0.9442563,0.98623484,0.98623484,0.000420048,0.020495072,0.0010832631
2005-04-22,2.3399381e-05,0.029184518,0.9544351,0.98361963,0.98361963,0.00041201335,0.020298112,0.0014285014
2005-04-25,1.3128216e-05,0.045958295,0.94088596,0.98684424,0.98684424,0.00043224118,0.020790411,0.0009979064
2005-04-26,9.445104e-06,0.057541955,0.9306655,0.98820746,0.98820746,0.0004212842,0.02052521,0.00080093887
2005-04-27,1.408103e-05,0.0429256,0.94354314,0.98646873,0.98646873,0.00040264297,0.020065965,0.001040629
2005-04-28,1.2658692e-05,0.103175275,0.88052887,0.98370415,0.98370415,0.0005166515,0.022729969,0.00077680463
2005-04-29,1.7007682e-05,0.0369037,0.9486044,0.9855081,0.9855081,0.00046758962,0.02162382,0.0011735979
2005-05-02,1.47681385e-05,0.06862072,0.9161472,0.9847679,0.9847679,0.00048225943,0.021960406,0.00096954143
2005-05-03,1.9337382e-05,0.03371252,0.95101386,0.98472637,0.98472637,0.00047658698,0.021830872,0.0012660632
2005-05-04,1.2675666e-05,0.098043434,0.88610005,0.9841435,0.9841435,0.00049778935,0.022311194,0.0007993985
2005-05-05,1.3097515e-05,0.045255534,0.9415899,0.98684543,0.98684543,0.00048449557,0.02201126,0.000995663
2005-05-06,9.426519e-06,0.05864267,0.9296125,0.9882552,0.9882552,0.00047326233,0.021754593,0.0008026123
2005-05-09,1.2331827e-05,0.04791962,0.9392258,0.9871454,0.9871454,0.0004556117,0.021345062,0.0009593336
2005-05-10,1.4604666e-05,0.041459125,0.94489163,0.9863508,0.9863508,0.00044345972,0.021058483,0.0010699996
2005-05-11,9.667336e-06,0.05758721,0.9304877,0.9880749,0.9880749,0.00043405013,0.02083387,0.00081067113
2005-05-12,8.007537e-06,0.06515756,0.92349005,0.9886476,0.9886476,0.00041366482,0.020338751,0.0007053595
2005-05-13,8.168913e-06,0.06859778,0.91981155,0.98840934,0.98840934,0.00043362292,0.020823615,0.0007047841
2005-05-16,1.1682649e-05,0.047686525,0.9396785,0.987365,0.987365,0.00040813896,0.020202449,0.0009246265
2005-05-17,1.0107223e-05,0.053040903,0.9349224,0.9879633,0.9879633,0.00040409947,0.020102225,0.0008397018
2005-05-18,9.742763e-06,0.053911228,0.9341342,0.9880454,0.9880454,0.00038915614,0.01972704,0.00081497984
2005-05-19,8.425584e-06,0.067336716,0.9210055,0.9883422,0.9883422,0.0003821684,0.019549128,0.0007227438
2005-05-20,1.1161597e-05,0.0479632,0.93952245,0.98748565,0.98748565,0.00036228533,0.019033795,0.0008919037
2005-05-23,1.4955188e-05,0.03871107,0.94744927,0.98616034,0.98616034,0.0003517284,0.018754425,0.0010806036
2005-05-24,2.2174936e-05,0.029456032,0.95455945,0.98401546,0.98401546,0.0003522634,0.018768681,0.0013872744
2005-05-25,1.3915126e-05,0.040918995,0.9454806,0.9863996,0.9863996,0.0003607581,0.018993633,0.0010231403
2005-05-26,2.2602859e-05,0.02846818,0.95530486,0.98377305,0.98377305,0.0003560959,0.018870503,0.0013929212
2005-05-27,2.9131608e-05,0.024616765,0.95755285,0.9821696,0.9821696,0.00038956077,0.019737294,0.0016338194
2005-05-31,9.641793e-06,0.057789315,0.9303025,0.9880918,0.9880918,0.0004410591,0.021001406,0.00080967863
2005-06-01,1.0331794e-05,0.052920036,0.9349026,0.98782265,0.98782265,0.00042011144,0.02049662,0.0008484437
2005-06-02,8.255738e-06,0.102630265,0.88340193,0.9860322,0.9860322,0.0006098028,0.024694186,0.0005910545
2005-06-03,8.391892e-06,0.07733462,0.9103646,0.9876993,0.9876993,0.0005491427,0.023433795,0.0006822272
2005-06-06,1.1760871e-05,0.048307803,0.9390247,0.98733246,0.98733246,0.00051473285,0.022687724,0.000928426
2005-06-07,8.986704e-06,0.0775839,0.9098502,0.9874341,0.9874341,0.00055352965,0.02352721,0.0007151654
2005-06-08,8.116319e-06,0.06550755,0.92314065,0.9886482,0.9886482,0.0005126797,0.022642432,0.0007149793
2005-06-09,8.286503e-06,0.06511911,0.9234753,0.9885944,0.9885944,0.00050208706,0.022407299,0.0007265301
2005-06-10,9.873079e-06,0.052962385,0.93498987,0.98795223,0.98795223,0.00047480018,0.02178991,0.0008194945
2005-06-13,9.166032e-06,0.060734313,0.92768633,0.98842067,0.98842067,0.0004673034,0.021617202,0.00079158536
2005-06-14,1.3259995e-05,0.046722874,0.9401317,0.9868546,0.9868546,0.000573647,0.023950929,0.0010087185
2005-06-15,8.2654615e-06,0.06548214,0.9230803,0.98856246,0.98856246,0.0005533924,0.023524294,0.0007226611
2005-06-16,8.979368e-06,0.06138455,0.92713094,0.9885155,0.9885155,0.0005751109,0.02398147,0.00078186824
2005-06-17,1.01841115e-05,0.057053108,0.9309942,0.9880473,0.9880473,0.00057481916,0.023975387,0.00085203454
2005-06-20,1.3276686e-05,0.046793204,0.94012576,0.986919,0.986919,0.00055135443,0.023480937,0.0010149585
2005-06-21,2.4894283e-05,0.030090565,0.95342314,0.9835137,0.9835137,0.0005318883,0.023062702,0.0015099994
2005-06-22,1.0505188e-05,0.05490621,0.932971,0.9878772,0.9878772,0.00055185286,0.023491548,0.00086656376
2005-06-23,1.1451945e-05,0.050969556,0.9365558,0.98752534,0.98752534,0.000526284,0.02294088,0.0009180169
2005-06-24,2.0350513e-05,0.033223122,0.9513596,0.9845828,0.9845828,0.0005053165,0.022479245,0.0013199861
2005-06-27,1.8461458e-05,0.036361024,0.9488844,0.98524547,0.98524547,0.0005085939,0.022552026,0.0012512397
2005-06-28,3.0643292e-05,0.024793664,0.95708615,0.98187983,0.98187983,0.0005347088,0.023123771,0.0016911151
2005-06-29,9.513151e-06,0.07360643,0.9135027,0.9871091,0.9871091,0.00055523904,0.02356351,0.0007379755
2005-06-30,1.8907076e-05,0.03503158,0.9499077,0.9849393,0.9849393,0.00053555105,0.023141976,0.0012553897
2005-07-01,2.8941413e-05,0.025442252,0.9567358,0.98217803,0.98217803,0.0005353709,0.023138084,0.001623918
2005-07-05,1.7149654e-05,0.03635039,0.9484057,0.98475605,0.98475605,0.0005597784,0.023659637,0.0011250139
2005-07-06,9.443805e-06,0.08078764,0.9062256,0.9870133,0.9870133,0.0006113319,0.024725126,0.00072718936
2005-07-07,9.014009e-06,0.06903599,0.9182708,0.98730683,0.98730683,0.0006281624,0.025063168,0.0007101466
2005-07-08,1.5914513e-05,0.05565222,0.9294444,0.9850966,0.9850966,0.0006868148,0.02620715,0.0010678426
2005-07-11,1.1372013e-05,0.064362906,0.92255145,0.98691434,0.98691434,0.00066001434,0.025690744,0.0008690437
2005-07-12,1.375839e-05,0.048184384,0.9384315,0.9866159,0.9866159,0.0006209614,0.024919098,0.001027965
2005-07-13,2.049251e-05,0.06343643,0.9184953,0.98193175,0.98193175,0.00072148256,0.026860427,0.0011341722
2005-07-14,1.3337899e-05,0.048853688,0.938109,0.9869627,0.9869627,0.00068345235,0.026142921,0.0010230549
2005-07-15,1.07912365e-05,0.058173787,0.9294338,0.9876076,0.9876076,0.0006568219,0.025628537,0.0008707946
2005-07-18,3.7344973e-05,0.023039455,0.95770407,0.9807435,0.9807435,0.0006213051,0.024925992,0.0019393465
2005-07-19,1.8534402e-05,0.039361805,0.94600844,0.9853702,0.9853703,0.0006470175,0.02543654,0.0012668953
2005-07-20,2.5867757e-05,0.028719962,0.954433,0.983153,0.983153,0.0006334333,0.0251681,0.0015354506
2005-07-21,1.9139556e-05,0.03551472,0.9495268,0.9850415,0.9850415,0.00063103216,0.025120353,0.0012795103
2005-07-22,3.210203e-05,0.02473591,0.9570105,0.98174644,0.98174644,0.00065809983,0.025653457,0.0017586718
2005-07-25,3.5163823e-05,0.022284979,0.9585374,0.9808224,0.9808224,0.00066526607,0.025792751,0.0018335868
2005-07-26,4.270922e-05,0.020416718,0.95916754,0.9795843,0.9795843,0.0006768652,0.026016634,0.0020919768
2005-07-27,2.447044e-05,0.031203521,0.9522122,0.9834157,0.9834157,0.00069960346,0.026450017,0.0014755204
2005-07-28,1.5996218e-05,0.0445595,0.9411653,0.9857248,0.9857248,0.0007181041,0.026797464,0.0011205606
2005-07-29,2.2548678e-05,0.031623706,0.95245534,0.98407906,0.98407906,0.0006936383,0.026337015,0.0014162909
2005-08-01,1.3665112e-05,0.045674674,0.9411247,0.98679936,0.98679936,0.00070254446,0.026505556,0.0010351855
2005-08-02,2.210849e-05,0.032872524,0.9512893,0.9841618,0.9841618,0.0007268808,0.026960727,0.0013958961
2005-08-03,1.0940324e-05,0.05569152,0.93205374,0.9877453,0.9877453,0.0007380939,0.027167885,0.00089274405
2005-08-04,1.2097526e-05,0.050741505,0.93662965,0.98737115,0.98737115,0.0006993921,0.026446022,0.00095792755
2005-08-05,1.893947e-05,0.03715372,0.94800705,0.98516077,0.98516077,0.00067779806,0.026034554,0.0012763106
2005-08-08,1.6601485e-05,0.041049615,0.9448605,0.9859101,0.9859101,0.00068834267,0.026236285,0.0011782558
2005-08-09,3.5785066e-05,0.023241665,0.95784426,0.9810859,0.9810859,0.000667099,0.02582826,0.0018919779
2005-08-10,1.6959853e-05,0.03914582,0.9466462,0.98579204,0.98579204,0.0006751034,0.025982752,0.0011936869
2005-08-11,1.4218874e-05,0.044348456,0.94214404,0.9864925,0.9864925,0.0007456537,0.027306661,0.0010526662
2005-08-12,1.6341846e-05,0.041684695,0.9443458,0.98603046,0.98603046,0.00074499665,0.027294626,0.0011698199
2005-08-15,2.7806884e-05,0.029543351,0.9535915,0.98313487,0.98313487,0.00075889926,0.027548127,0.0016487793
2005-08-16,1.8582095e-05,0.037742592,0.9477296,0.9854722,0.9854722,0.0007521711,0.027425738,0.0012790718
2005-08-17,1.7109844e-05,0.041297346,0.9445087,0.98580605,0.985806,0.0007500127,0.02738636,0.001205432
2005-08-18,1.1039634e-05,0.058763728,0.9286955,0.98745924,0.98745924,0.00078362296,0.027993266,0.0008803004
2005-08-19,3.9464165e-05,0.02327477,0.9571392,0.980414,0.980414,0.00088777934,0.029795626,0.0020149143
2005-08-22,2.7932256e-05,0.028453372,0.954459,0.98291236,0.98291236,0.00089897006,0.02998283,0.0016346469
2005-08-23,2.468904e-05,0.047422245,0.9352946,0.98271686,0.98271686,0.000953527,0.030879233,0.0014285041
2005-08-24,2.9090386e-05,0.032971386,0.9498137,0.9827851,0.9827851,0.0009240127,0.030397577,0.0016898382
2005-08-25,2.2545168e-05,0.035424713,0.9489773,0.984402,0.984402,0.0009380451,0.030627523,0.0014453884
2005-08-26,4.464952e-05,0.021581588,0.9582004,0.979782,0.979782,0.0009290448,0.030480236,0.0022084028
2005-08-29,2.5143063e-05,0.032070298,0.95190465,0.98397493,0.98397493,0.0009349907,0.030577619,0.0015689834
2005-08-30,4.9005233e-05,0.10807949,0.85707927,0.96515876,0.96515876,0.0012522936,0.035387762,0.0014065296
2005-08-31,2.0530648e-05,0.20519379,0.7539387,0.95913243,0.95913243,0.001688783,0.041094806,0.0005023702
2005-09-01,4.105679e-05,0.02341874,0.9572912,0.9807099,0.9807099,0.0013460573,0.036688652,0.0021283878
2005-09-02,7.3372954e-05,0.015072133,0.9604119,0.975484,0.975484,0.0013439658,0.03666014,0.0029928617
2005-09-06,2.6838372e-05,0.03051553,0.9532748,0.98379034,0.98379034,0.001364577,0.03694018,0.0016557021
2005-09-07,4.2201595e-05,0.02171065,0.9588229,0.98053354,0.98053354,0.0013278787,0.03644007,0.0021679131
2005-09-08,3.4466244e-05,0.025159372,0.9568258,0.98198515,0.98198515,0.0013496161,0.03673712,0.0019132132
2005-09-09,3.1400057e-05,0.027066993,0.9554454,0.9825124,0.9825124,0.0013301685,0.036471475,0.0017955628
2005-09-12,4.2642772e-05,0.020777361,0.95966035,0.9804377,0.9804377,0.0013037161,0.036107007,0.002179844
2005-09-13,2.9388731e-05,0.027647313,0.95539296,0.9830403,0.9830403,0.0013025908,0.036091425,0.001732854
2005-09-14,6.630181e-05,0.020131694,0.9544306,0.9745623,0.9745623,0.0012903203,0.03592103,0.0026064375
2005-09-15,7.918199e-05,0.0131539935,0.9607974,0.9739514,0.9739514,0.0013253314,0.0364051,0.0030397791
2005-09-16,5.0825525e-05,0.018446423,0.960436,0.97888243,0.97888243,0.0013556427,0.036819052,0.0024067888
2005-09-19,3.2131265e-05,0.024180401,0.95817184,0.98235226,0.98235226,0.0013580873,0.036852237,0.001820701
2005-09-20,2.8464196e-05,0.2129313,0.7338728,0.94680405,0.94680405,0.0017295169,0.04158746,0.00053508196
2005-09-21,2.868783e-05,0.027114451,0.95627683,0.9833913,0.9833913,0.0013358861,0.036549777,0.0017272757
2005-09-22,2.4250212e-05,0.036207605,0.9473679,0.9835755,0.9835755,0.0013082714,0.036170036,0.0014764678
2005-09-23,2.5713605e-05,0.03777833,0.94517887,0.9829572,0.9829572,0.001272,0.03566511,0.001508765
2005-09-26,3.3598422e-05,0.025394537,0.95691437,0.9823089,0.9823089,0.0012794456,0.03576934,0.0018991735
2005-09-27,6.231985e-05,0.017385472,0.9585474,0.9759329,0.9759329,0.0012602463,0.03549995,0.0025894204
2005-09-28,4.1081832e-05,0.022859963,0.9577935,0.98065346,0.98065346,0.0012756017,0.035715565,0.0021234723
2005-09-29,0.00015994145,0.019918803,0.9359227,0.9558415,0.9558415,0.0014668469,0.038299438,0.003621984
2005-09-30,5.7910365e-05,0.016490329,0.96164984,0.9781402,0.9781402,0.0015413929,0.039260577,0.0026491687
2005-10-03,5.1040977e-05,0.018287016,0.9608902,0.9791772,0.9791772,0.0015463686,0.039323892,0.0024512035
2005-10-04,0.00010430039,0.010507183,0.96089584,0.971403,0.971403,0.0015378476,0.0392154,0.0036472497
2005-10-05,4.815011e-05,0.019900655,0.95963705,0.9795377,0.9795377,0.0015843337,0.03980369,0.0023531162
2005-10-06,5.5074303e-05,0.016782532,0.96151257,0.9782951,0.9782951,0.0015686785,0.039606545,0.0025374119
2005-10-07,4.5389203e-05,0.01983128,0.96005803,0.97988933,0.97988933,0.0016207157,0.040258113,0.0022569716
2005-10-10,5.2515166e-05,0.017959861,0.96049297,0.9784528,0.9784528,0.0016037684,0.04004708,0.0024372155
2005-10-11,5.697079e-05,0.016899351,0.9608798,0.97777915,0.97777915,0.0015993757,0.039992195,0.002563844
2005-10-12,3.0143641e-05,0.03592157,0.9455928,0.9815144,0.9815144,0.0016247787,0.040308543,0.0016306548
2005-10-13,4.2238833e-05,0.021233717,0.9590505,0.9802842,0.9802842,0.001566557,0.039579753,0.0021423865
2005-10-14,4.391294e-05,0.019993378,0.96002865,0.980022,0.980022,0.0015656066,0.039567746,0.0021980663
2005-10-17,3.693715e-05,0.022730261,0.9585035,0.9812337,0.9812337,0.0015485667,0.039351832,0.0019682718
2005-10-18,2.1155955e-05,0.036602136,0.9479111,0.9845132,0.9845132,0.0015769476,0.0397108,0.0013660657
2005-10-19,2.614458e-05,0.029621549,0.95397925,0.9836008,0.9836008,0.0015580915,0.03947267,0.001594259
2005-10-20,3.324061e-05,0.026963064,0.9549521,0.9819152,0.9819152,0.0015153176,0.038927082,0.0018380388
2005-10-21,3.5077377e-05,0.02489695,0.956727,0.98162395,0.981624,0.0015299845,0.039115015,0.0019088635
2005-10-24,2.3130699e-05,0.03464042,0.94910073,0.98374116,0.98374116,0.0015004158,0.038735203,0.001422654
2005-10-25,3.2255437e-05,0.024669556,0.9575956,0.9822651,0.9822651,0.0014509294,0.038091067,0.0018187565
2005-10-26,2.4568013e-05,0.1531872,0.8177358,0.970923,0.970923,0.0016579208,0.040717572,0.0008449296
2005-10-27,2.230389e-05,0.03596848,0.9485522,0.9845207,0.9845207,0.0014465647,0.03803373,0.0014408824
2005-10-28,3.1361178e-05,0.02691389,0.95550245,0.98241633,0.98241633,0.0014022392,0.037446484,0.0017835401
2005-10-31,2.293999e-05,0.075406976,0.9046926,0.98009956,0.98009956,0.0014605212,0.038216766,0.0011527378
2005-11-01,3.746651e-05,0.07530842,0.89877313,0.9740816,0.9740816,0.0016839732,0.041036244,0.0014455551
2005-11-02,7.0955466e-05,0.10246888,0.8506874,0.95315623,0.95315623,0.0016120097,0.04014984,0.0015147259
2005-11-03,8.984654e-05,0.022127755,0.94643927,0.968567,0.968567,0.0014901481,0.038602438,0.002858352
2005-11-04,4.877325e-05,0.07122877,0.8964106,0.9676393,0.9676393,0.0015014274,0.038748257,0.0015071767
2005-11-07,9.0367415e-05,0.027436007,0.93976957,0.9672056,0.9672056,0.0014340513,0.03786887,0.0027555733
2005-11-08,0.00010926533,0.031186227,0.93196404,0.96315026,0.96315026,0.0014809491,0.038483102,0.002965159
2005-11-09,7.676761e-05,0.021124756,0.9504258,0.9715506,0.9715506,0.0014907966,0.038610835,0.0026983896
2005-11-10,0.00016274024,0.0147662265,0.9450302,0.9597964,0.9597964,0.0014959284,0.038677234,0.004047905
2005-11-11,0.00013499167,0.0138488505,0.951231,0.96507984,0.96507984,0.0015855725,0.039819248,0.0038657235
2005-11-14,9.788004e-05,0.02071571,0.9479173,0.968633,0.968633,0.0016548542,0.040679898,0.0031204778
2005-11-15,9.674198e-05,0.012063263,0.9591007,0.971164,0.971164,0.001668149,0.04084298,0.0033549014
2005-11-16,8.610287e-05,0.0139525095,0.9588978,0.9728503,0.9728503,0.0016968205,0.04119248,0.0031714141
2005-11-17,5.5175045e-05,0.05319935,0.91751623,0.9707156,0.9707156,0.0017709566,0.042082734,0.0018841093
2005-11-18,7.373469e-05,0.018696543,0.9555994,0.974296,0.974296,0.0017334707,0.04163497,0.0028686048
2005-11-21,4.938645e-05,0.035367277,0.93977547,0.9751427,0.9751427,0.001768124,0.04204907,0.0019868
2005-11-22,5.844393e-05,0.023572192,0.9514636,0.9750358,0.9750358,0.0017128051,0.04138605,0.0023411084
2005-11-23,3.756523e-05,0.05804917,0.91731215,0.9753613,0.9753613,0.0017027012,0.0412638,0.0015246426
2005-11-28,6.4066335e-05,0.018496951,0.95754766,0.9760446,0.9760446,0.001599504,0.0399938,0.0026744
2005-11-29,0.00012291016,0.022502443,0.94100046,0.9635029,0.9635029,0.0016229358,0.040285677,0.0033676678
2005-11-30,7.196621e-05,0.068312794,0.8961867,0.9644995,0.9644995,0.0017035513,0.0412741,0.0020271873
2005-12-01,3.449819e-05,0.097125046,0.8759334,0.97305846,0.97305846,0.0019689144,0.04437245,0.0012804833
2005-12-02,1.7916636e-05,0.17623496,0.7946312,0.97086614,0.97086614,0.0018534105,0.043051254,0.00061497645
2005-12-05,2.3757982e-05,0.080929846,0.89915395,0.9800838,0.9800838,0.0022888763,0.0478422,0.0011928987
2005-12-06,2.3695593e-05,0.033602517,0.95069414,0.9842967,0.9842967,0.0021123905,0.04596075,0.0015089543
2005-12-07,1.8061515e-05,0.043049403,0.94238603,0.9854354,0.9854354,0.002037092,0.045134157,0.0012400991
2005-12-08,1.7569242e-05,0.043876216,0.94181085,0.9856871,0.9856871,0.0019484368,0.044141103,0.001227509
2005-12-09,2.3015069e-05,0.14166895,0.8325498,0.9742188,0.9742187,0.0022585054,0.047523737,0.000892707
2005-12-12,2.1969052e-05,0.039662432,0.94457746,0.9842399,0.9842399,0.0022873639,0.047826394,0.0013939644
2005-12-13,1.3262126e-05,0.082671314,0.9018806,0.98455197,0.9845519,0.0022354051,0.047280073,0.0008584993
2005-12-14,1.6357633e-05,0.102027565,0.87988913,0.98191667,0.98191667,0.002134992,0.046205975,0.0009045696
2005-12-15,1.8295783e-05,0.061025653,0.9224397,0.9834654,0.9834654,0.0021137618,0.045975666,0.0011065132
2005-12-16,1.8788827e-05,0.076872766,0.9048733,0.9817461,0.9817461,0.0022097176,0.047007635,0.0010293035
2005-12-19,2.3139182e-05,0.046920065,0.9354457,0.9823658,0.9823658,0.0020269267,0.045021404,0.0013121755
2005-12-20,1.7865816e-05,0.07480477,0.9077973,0.98260206,0.98260206,0.0019609889,0.044283055,0.0010268926
2005-12-21,1.9547002e-05,0.0597715,0.92280376,0.98257524,0.98257524,0.0017986484,0.042410474,0.0011217945
2005-12-22,1.4224527e-05,0.077535205,0.90657103,0.98410624,0.98410624,0.0016905325,0.041116085,0.00089497573
2005-12-23,3.0087715e-05,0.08623128,0.8878301,0.97406137,0.97406137,0.0023069617,0.048030842,0.0011599577
2005-12-27,2.5409363e-05,0.07003953,0.9079244,0.9779639,0.9779639,0.0022989428,0.04794729,0.0011530803
2005-12-28,3.006816e-05,0.19961628,0.75473714,0.9543534,0.95435345,0.0029313855,0.05414227,0.0006587162
2005-12-29,6.297585e-05,0.16795771,0.7703517,0.93830943,0.93830943,0.0025105008,0.050104897,0.0010208343
2005-12-30,3.8226437e-05,0.1798044,0.77110934,0.9509137,0.9509137,0.0020523204,0.045302544,0.00077876024
2006-01-03,2.7800981e-05,0.16629553,0.7974446,0.9637401,0.9637401,0.0016208164,0.040259365,0.00076671445
2006-01-04,4.5599987e-05,0.18579592,0.7578502,0.94364613,0.94364613,0.0018166755,0.042622477,0.0008091723
2006-01-05,9.45214e-05,0.14418986,0.78657603,0.9307659,0.93076587,0.0017347567,0.04165041,0.0013652439
2006-01-06,0.00028526026,0.11834989,0.7598796,0.8782295,0.8782295,0.0021797912,0.046688233,0.0023426057
2006-01-09,0.00018899093,0.1251983,0.7762386,0.9014369,0.9014369,0.001965203,0.04433061,0.0019174619
2006-01-10,0.0001799048,0.11439905,0.7979432,0.91234225,0.91234225,0.001794213,0.042358153,0.0020523549
2006-01-11,0.0002641419,0.10009382,0.79653907,0.8966329,0.8966329,0.0016151229,0.040188592,0.0025553773
2006-01-12,0.00027624704,0.039428253,0.88330805,0.9227363,0.9227363,0.0015613656,0.039514117,0.0035753788
2006-01-13,0.0005399376,0.03175125,0.8554873,0.88723856,0.88723856,0.0016964172,0.041187584,0.0047883177
2006-01-17,0.0008651595,0.028273093,0.8238495,0.8521226,0.8521226,0.0020003086,0.04472481,0.005850519
2006-01-18,0.00025040028,0.11295453,0.77743447,0.89038897,0.89038897,0.0025634547,0.05063057,0.0022844442
2006-01-19,0.0003972831,0.047384813,0.85215604,0.89954084,0.89954084,0.0025591725,0.050588265,0.0039546727
2006-01-20,0.00049207796,0.05630199,0.8191865,0.8754885,0.8754885,0.0026058152,0.051047187,0.003952069
2006-01-23,0.00013553585,0.11378792,0.8137212,0.92750907,0.92750907,0.002723481,0.05218698,0.001869694
2006-01-24,0.00019521324,0.12250556,0.7848359,0.9073414,0.9073414,0.0030604224,0.055321086,0.0021068016
2006-01-25,0.00021873596,0.13181041,0.7662832,0.89809364,0.89809364,0.002616975,0.05115638,0.0021464408
2006-01-26,0.0001566071,0.087131724,0.84556866,0.9327004,0.9327004,0.0023111172,0.04807408,0.0023270138
2006-01-27,0.00013383699,0.08854694,0.8467249,0.93527186,0.93527186,0.0021766066,0.046654116,0.0020676786
2006-01-30,0.00013288156,0.0854608,0.85146266,0.93692344,0.93692344,0.0020150342,0.044889133,0.002106671
2006-01-31,7.0476344e-05,0.21178098,0.7015815,0.91336244,0.91336244,0.0029113286,0.05395673,0.00081346184
2006-02-01,2.8065193e-05,0.113227196,0.8602573,0.9734845,0.9734845,0.002125241,0.046100337,0.0010584454
2006-02-02,0.00010126624,0.155649,0.77294797,0.928597,0.928597,0.0023430444,0.048405003,0.0014182345
2006-02-03,0.00012844233,0.079652786,0.8637173,0.9433701,0.9433701,0.0022116704,0.0470284,0.002268101
2006-02-06,3.9784536e-05,0.16251792,0.7956759,0.9581938,0.9581938,0.0021181202,0.04602304,0.00095164153
2006-02-07,8.634275e-05,0.09251743,0.85806566,0.9505831,0.9505831,0.0026211007,0.051196687,0.0017472312
2006-02-08,5.637666e-05,0.15536956,0.7958095,0.9511791,0.9511791,0.0023624033,0.04860456,0.0011547646
2006-02-09,5.2237374e-05,0.09996518,0.8624802,0.9624454,0.9624454,0.0019740679,0.044430483,0.0013909705
2006-02-10,4.3898304e-05,0.12589984,0.8356212,0.961521,0.961521,0.0018666856,0.043205157,0.0011408388
2006-02-13,9.3539165e-05,0.06312925,0.8923437,0.95547295,0.95547295,0.0016637342,0.040788896,0.0021007266
2006-02-14,0.00020699266,0.03270828,0.90659404,0.9393023,0.9393023,0.0015842523,0.039802667,0.0034102239
2006-02-15,0.00017715264,0.048389558,0.8906009,0.9389905,0.9389905,0.0016535887,0.04066434,0.0029036882
2006-02-16,0.00023059035,0.041229952,0.8901229,0.93135285,0.93135285,0.0016519253,0.040643882,0.0033590668
2006-02-17,3.7415575e-05,0.06450363,0.9077159,0.9722195,0.9722195,0.0017049534,0.04129108,0.00134683
2006-02-21,9.940201e-05,0.022087831,0.94192743,0.96401525,0.96401525,0.0015881105,0.039851103,0.0027623367
2006-02-22,2.9345e-05,0.13485718,0.83553225,0.9703894,0.9703894,0.0017158033,0.041422255,0.0009910311
2006-02-23,4.9454327e-05,0.05733806,0.91337323,0.9707113,0.9707113,0.0019402106,0.04404782,0.0016885117
2006-02-24,3.69385e-05,0.12438535,0.8427194,0.96710473,0.96710473,0.0018544813,0.04306369,0.0011229124
2006-02-27,5.292174e-05,0.056075953,0.91140497,0.9674809,0.9674809,0.0018780058,0.043335963,0.0016274047
2006-02-28,5.9666145e-05,0.100887164,0.8598367,0.9607239,0.9607239,0.0018846191,0.0434122,0.0015191454
2006-03-01,3.9953455e-05,0.16464472,0.7913085,0.95595324,0.95595324,0.0016921232,0.041135427,0.00090706913
2006-03-02,2.0485239e-05,0.20981869,0.74493515,0.9547538,0.9547539,0.0013804585,0.03715452,0.00045275062
2006-03-03,4.8831305e-05,0.09337415,0.8710689,0.964443,0.964443,0.001052553,0.032443073,0.0013733257
2006-03-06,4.4540782e-05,0.076460145,0.892679,0.9691391,0.9691391,0.00096768263,0.031107597,0.0014432755
2006-03-07,3.789183e-05,0.077816814,0.89505494,0.9728717,0.9728718,0.0010087775,0.03176126,0.001396765
2006-03-08,4.500067e-05,0.12149184,0.84153914,0.963031,0.963031,0.0009719848,0.031176671,0.001217254
2006-03-09,5.402108e-05,0.06521498,0.9035825,0.9687975,0.9687975,0.00086520665,0.029414395,0.0017313063
2006-03-10,7.67774e-05,0.04605033,0.9182015,0.9642518,0.9642518,0.0008389015,0.028963797,0.0021477288
2006-03-13,3.1899777e-05,0.054708716,0.9233495,0.9780582,0.9780582,0.0008493145,0.029143,0.0014538371
2006-03-14,2.1646374e-05,0.113271415,0.8634551,0.97672653,0.97672653,0.00097037415,0.031150829,0.00093008805
2006-03-15,1.6847891e-05,0.12581776,0.85270333,0.9785211,0.9785211,0.0009183188,0.030303776,0.00078439293
2006-03-16,1.3400845e-05,0.058294687,0.92794234,0.98623705,0.98623705,0.0008011484,0.028304566,0.00097368984
2006-03-17,1.52595e-05,0.061380662,0.9230643,0.984445,0.984445,0.0007745036,0.027829906,0.0009810014
2006-03-20,1.4155988e-05,0.084715106,0.899509,0.98422414,0.98422414,0.0007842629,0.028004695,0.0008973196
2006-03-21,1.5742513e-05,0.10761403,0.87393034,0.9815444,0.9815444,0.00080202264,0.028320003,0.0008529927
2006-03-22,1.9848028e-05,0.08000343,0.900243,0.9802464,0.9802464,0.00071936904,0.026821056,0.0010047816
2006-03-23,1.7921067e-05,0.04240977,0.9428383,0.9852481,0.9852481,0.0006799681,0.026076198,0.0012148302
2006-03-24,1.5077415e-05,0.13558637,0.8437212,0.9793076,0.9793076,0.0007769638,0.02787407,0.0007286448
2006-03-27,1.196758e-05,0.08615068,0.8990684,0.9852191,0.9852191,0.00067399844,0.02596148,0.0008096663
2006-03-28,1.6323676e-05,0.06462446,0.9196893,0.9843138,0.9843137,0.0006999907,0.026457338,0.0010406384
2006-03-29,1.3327944e-05,0.107631944,0.87490606,0.982538,0.982538,0.0006880396,0.026230508,0.0007632535
2006-03-30,1.28861375e-05,0.076400355,0.90889543,0.9852958,0.9852958,0.0006161638,0.024822647,0.000876356
2006-03-31,1.3209703e-05,0.08318967,0.90164477,0.98483443,0.98483443,0.0006650154,0.025787894,0.00087103253
2006-04-03,1.331492e-05,0.07720185,0.9081283,0.98533016,0.98533016,0.0007297604,0.027014077,0.00090763933
2006-04-04,1.8351846e-05,0.044799533,0.9402232,0.9850227,0.9850227,0.00067789265,0.026036372,0.0012253126
2006-04-05,1.2171812e-05,0.08912877,0.89589685,0.98502564,0.98502564,0.00068330794,0.026140159,0.0008128438
2006-04-06,1.3656079e-05,0.058648095,0.92710555,0.98575366,0.98575366,0.00062439835,0.024987964,0.00095856725
2006-04-07,4.1083505e-05,0.028289286,0.9503599,0.97864914,0.97864914,0.00060340407,0.024564285,0.0019242084
2006-04-10,2.922818e-05,0.043405186,0.9372492,0.98065436,0.98065436,0.00064569956,0.025410619,0.0015108406
2006-04-11,5.0878352e-05,0.03623201,0.9378258,0.9740578,0.9740578,0.0006528476,0.025550881,0.0019612191
2006-04-12,1.8618002e-05,0.06274391,0.9202149,0.9829588,0.9829588,0.00066370866,0.025762543,0.0010925285
2006-04-13,3.891883e-05,0.041362483,0.93581903,0.9771815,0.9771815,0.00064233935,0.025344415,0.0017055819
2006-04-17,2.1643265e-05,0.082064435,0.8983544,0.98041886,0.98041886,0.00073461945,0.027103864,0.0011053119
2006-04-18,2.0161202e-05,0.10206851,0.8777162,0.97978467,0.9797847,0.00097320194,0.031196184,0.0009973223
2006-04-19,1.7109061e-05,0.10917426,0.87203807,0.9812123,0.9812123,0.0011890901,0.034483187,0.00091065315
2006-04-20,1.8071025e-05,0.04372488,0.94191384,0.98563874,0.98563874,0.0011114082,0.03333779,0.0012583173
2006-04-21,1.5186453e-05,0.04889191,0.9376411,0.986533,0.986533,0.0010754842,0.032794576,0.0011276779
2006-04-24,2.20343e-05,0.035022832,0.9494953,0.9845182,0.9845182,0.0010286317,0.032072287,0.0014232362
2006-04-25,1.5184027e-05,0.103738695,0.8785763,0.982315,0.98231494,0.0011017937,0.03319328,0.00085858244
2006-04-26,2.6247893e-05,0.089406475,0.88768786,0.97709435,0.97709435,0.0011562839,0.034004174,0.0011459136
2006-04-27,1.6013717e-05,0.06712673,0.9170865,0.98421323,0.98421323,0.0010577552,0.032523148,0.001014376
2006-04-28,2.0502493e-05,0.07952479,0.901235,0.9807598,0.9807598,0.001196122,0.034584995,0.0010656071
2006-05-01,5.5934088e-05,0.07951679,0.88470644,0.9642232,0.9642232,0.0012086781,0.03476605,0.0015634181
2006-05-02,4.3234464e-05,0.08446864,0.88438356,0.9688522,0.9688522,0.0011614675,0.03408031,0.0013880433
2006-05-03,3.6071575e-05,0.07967323,0.8933091,0.97298235,0.97298235,0.0010755494,0.03279557,0.0013351113
2006-05-04,2.389632e-05,0.09156551,0.8862446,0.9778101,0.9778101,0.0010312247,0.032112688,0.0010769
2006-05-05,2.511075e-05,0.10599345,0.8703662,0.97635967,0.97635967,0.0011201019,0.033467922,0.0010621995
2006-05-08,1.8593033e-05,0.0881005,0.89194727,0.98004776,0.98004776,0.0010380528,0.03221883,0.00093187706
2006-05-09,2.604831e-05,0.037173383,0.94543916,0.98261255,0.98261255,0.0009561794,0.03092215,0.0014981099
2006-05-10,1.378691e-05,0.10678415,0.8750704,0.98185456,0.98185456,0.00094095006,0.03067491,0.0007598002
2006-05-11,1.5267822e-05,0.13481715,0.8445667,0.9793839,0.9793838,0.00107853,0.032840982,0.0007405771
2006-05-12,2.425946e-05,0.044478543,0.9377363,0.9822148,0.9822148,0.0011092187,0.033304933,0.0013640258
2006-05-15,1.7653672e-05,0.08895946,0.89251757,0.981477,0.981477,0.0012083699,0.034761615,0.0009530688
2006-05-16,2.0704507e-05,0.09086174,0.8887017,0.9795634,0.9795634,0.001152243,0.033944704,0.0010131099
2006-05-17,4.6414458e-05,0.09205608,0.87595904,0.96801513,0.96801513,0.0010849858,0.03293912,0.0014511382
2006-05-18,4.8013688e-05,0.051548675,0.92163587,0.9731845,0.9731845,0.0010324122,0.032131173,0.0017905217
2006-05-19,0.00010694715,0.03482239,0.9250492,0.9598716,0.9598716,0.0010234972,0.03199214,0.002665123
2006-05-22,4.2722455e-05,0.04834947,0.9268675,0.9752169,0.975217,0.001054843,0.032478347,0.0017238561
2006-05-23,2.808969e-05,0.09904243,0.87662226,0.9756647,0.9756647,0.0011488209,0.03389426,0.0011542763
2006-05-24,2.203825e-05,0.07118753,0.9085305,0.979718,0.979718,0.0010358756,0.03218502,0.0010865931
2006-05-25,2.9538896e-05,0.07741436,0.8991982,0.9766125,0.97661257,0.001126586,0.033564653,0.0012630211
2006-05-26,2.2528591e-05,0.076368295,0.9023511,0.97871935,0.97871935,0.0010428878,0.032293774,0.0010586423
2006-05-30,2.3437093e-05,0.03977328,0.9430984,0.9828717,0.9828717,0.0009687112,0.031124126,0.0013683266
2006-05-31,2.2200977e-05,0.06759178,0.9137044,0.9812962,0.9812962,0.0009805439,0.03131364,0.0011869756
2006-06-01,1.6415208e-05,0.07879005,0.9048449,0.98363495,0.98363495,0.0010370689,0.032203555,0.0010030649
2006-06-02,2.3692226e-05,0.038048793,0.94566447,0.98371327,0.98371327,0.0009629688,0.031031739,0.001454695
2006-06-05,2.0618281e-05,0.035805326,0.9487877,0.98459303,0.98459303,0.0009620433,0.031016823,0.0013382441
2006-06-06,2.877945e-05,0.02885082,0.95413405,0.98298484,0.98298484,0.00095444685,0.030894123,0.0016914005
2006-06-07,2.533417e-05,0.035460934,0.9479081,0.98336905,0.98336905,0.00094356,0.030717421,0.0015233149
2006-06-08,1.8701667e-05,0.09572973,0.8848418,0.9805715,0.9805715,0.0010757529,0.032798674,0.00096258975
2006-06-09,2.085577e-05,0.085193515,0.8953015,0.98049504,0.98049504,0.0010938536,0.03307346,0.0010692545
2006-06-12,3.388687e-05,0.043565575,0.9352197,0.9787853,0.9787853,0.0010008852,0.03163677,0.0015973279
2006-06-13,1.4471589e-05,0.05937678,0.92627674,0.9856535,0.9856535,0.00097315345,0.031195408,0.0010087205
2006-06-14,1.1779961e-05,0.080271676,0.90544087,0.9857125,0.9857125,0.00092140236,0.03035461,0.00082449586
2006-06-15,1.8421937e-05,0.07515493,0.9077116,0.9828666,0.9828665,0.001208503,0.03476353,0.0010752053
2006-06-16,3.472269e-05,0.08300308,0.8921736,0.9751767,0.9751767,0.0017201705,0.04147494,0.0013987938
2006-06-19,1.9383302e-05,0.038963478,0.9464402,0.9854037,0.9854037,0.0015700882,0.039624337,0.0013279615
2006-06-20,1.5187835e-05,0.047845367,0.9383532,0.98619854,0.98619854,0.0015717831,0.03964572,0.0011004517
2006-06-21,1.4025657e-05,0.12124042,0.8601362,0.98137665,0.98137665,0.0016520869,0.04064587,0.00075312203
2006-06-22,1.191462e-05,0.09853225,0.8856926,0.98422486,0.98422486,0.0014566402,0.038165957,0.00075527804
2006-06-23,1.6442202e-05,0.07905967,0.903811,0.98287064,0.98287064,0.0013526907,0.036778945,0.0009598841
2006-06-26,2.0544187e-05,0.0514824,0.9315048,0.98298717,0.98298717,0.0013273901,0.036433365,0.0012075698
2006-06-27,1.947206e-05,0.09717544,0.8822242,0.9793996,0.9793996,0.0013476072,0.03670977,0.00094522827
2006-06-28,1.47964365e-05,0.088845834,0.89438516,0.983231,0.983231,0.0012600484,0.03549716,0.0008823689
2006-06-29,3.337439e-05,0.046112835,0.9321985,0.97831136,0.97831136,0.00126002,0.03549676,0.0015387958
2006-06-30,3.752867e-05,0.09977934,0.86969876,0.9694781,0.96947813,0.0012872646,0.035878472,0.0012295641
2006-07-05,0.0006606751,0.0019372354,0.9218985,0.9238357,0.9238357,0.001163411,0.03410881,0.00867434
2006-07-06,5.0437593e-05,0.14569409,0.8020375,0.94773155,0.94773155,0.0017388323,0.04169931,0.00096497213
2006-07-07,6.40433e-05,0.033499464,0.93759656,0.97109604,0.97109604,0.0014895058,0.038594116,0.0022157275
2006-07-10,5.5193115e-05,0.048926104,0.9214969,0.97042304,0.97042304,0.0014815412,0.038490795,0.001866085
2006-07-11,6.375809e-05,0.023581713,0.9502801,0.9738618,0.9738618,0.0014321514,0.037843775,0.0024392698
2006-07-12,0.00010398773,0.03288813,0.9285117,0.9613998,0.9613998,0.0014252138,0.037752002,0.0026939684
2006-07-13,2.9349732e-05,0.039645053,0.9412001,0.98084515,0.98084515,0.0014500872,0.03808001,0.0015322353
2006-07-14,5.2189367e-05,0.03795937,0.93590266,0.97386205,0.97386205,0.0015297915,0.03911255,0.0019966895
2006-07-17,4.4553602e-05,0.028198373,0.95038414,0.9785825,0.9785825,0.0015308427,0.039125986,0.002080243
2006-07-18,3.8182097e-05,0.12487649,0.8417845,0.966661,0.966661,0.0017425631,0.04174402,0.0011452674
2006-07-19,5.543388e-05,0.14978781,0.8044145,0.9542023,0.9542023,0.0017050283,0.04129199,0.0012104074
2006-07-20,6.284682e-05,0.13508658,0.8201023,0.9551889,0.9551889,0.0018637402,0.043171056,0.0014024824
2006-07-21,2.5421838e-05,0.12225795,0.8523345,0.97459245,0.97459245,0.0017918223,0.042329922,0.0010005622
2006-07-24,2.5464595e-05,0.09172387,0.8846711,0.97639495,0.97639495,0.0015605873,0.03950427,0.0010787775
2006-07-25,3.301971e-05,0.10796538,0.86487436,0.9728398,0.9728397,0.0018998501,0.04358727,0.0012157377
2006-07-26,3.382038e-05,0.04786323,0.9306107,0.97847396,0.97847396,0.0017727875,0.042104483,0.001571138
2006-07-27,3.7961316e-05,0.079934746,0.89380765,0.9737424,0.97374237,0.0019326732,0.043962177,0.0014457282
2006-07-28,2.6498807e-05,0.03202879,0.95136744,0.98339623,0.98339623,0.001805732,0.042493906,0.0015959514
2006-07-31,3.7974707e-05,0.02812955,0.95231825,0.9804478,0.9804478,0.0017574439,0.04192188,0.0019422246
2006-08-01,5.4115528e-05,0.12288503,0.83883286,0.9617179,0.9617179,0.0022153924,0.047067955,0.0014135989
2006-08-02,5.182039e-05,0.04635433,0.92457265,0.970927,0.970927,0.002709724,0.05205501,0.0017824231
2006-08-03,6.818182e-05,0.015574751,0.9601098,0.9756845,0.9756845,0.0025974428,0.050965115,0.0028040505
2006-08-04,5.864322e-05,0.020040728,0.9561854,0.97622615,0.97622615,0.0026319514,0.05130255,0.0024667112
2006-08-07,3.765827e-05,0.037332956,0.9409837,0.97831666,0.97831666,0.0025760278,0.050754584,0.0017367378
2006-08-08,3.9786646e-05,0.043305684,0.93234885,0.97565454,0.97565454,0.0025466306,0.05046415,0.0016342534
2006-08-09,4.8114125e-05,0.021181788,0.95708317,0.9782649,0.9782649,0.0024699513,0.049698606,0.002213663
2006-08-10,5.55393e-05,0.01905433,0.9581761,0.9772304,0.9772304,0.0025066147,0.050066102,0.0024391897
2006-08-11,9.072965e-05,0.01039928,0.96315974,0.973559,0.973559,0.0024621154,0.04961971,0.0034314028
2006-08-14,3.146558e-05,0.04349921,0.93423855,0.9777378,0.9777378,0.0024748337,0.0497477,0.0014134074
2006-08-15,8.569467e-05,0.01124759,0.96236444,0.973612,0.973612,0.0024523379,0.049521085,0.0032474878
2006-08-16,5.244343e-05,0.022702076,0.9529466,0.9756487,0.9756487,0.0024463441,0.04946053,0.0021536194
2006-08-17,0.00010752066,0.00945036,0.9613811,0.97083145,0.97083145,0.0023879628,0.048866786,0.003686185
2006-08-18,0.00012503791,0.008262707,0.96085584,0.96911854,0.96911854,0.0024044567,0.04903526,0.004048963
2006-08-21,0.00017436586,0.0060681654,0.9573577,0.9634259,0.9634259,0.0024357196,0.04935301,0.004767465
2006-08-22,0.00019758045,0.0055955066,0.9558813,0.9614768,0.9614768,0.0025077392,0.050077334,0.0051288693
2006-08-23,0.000116074116,0.009075217,0.9607972,0.9698724,0.9698724,0.002612581,0.05111341,0.003852752
2006-08-24,0.00016926744,0.0063728653,0.9582375,0.9646104,0.9646104,0.002629495,0.051278602,0.004782971
2006-08-25,0.00016862532,0.006717302,0.9574554,0.9641727,0.9641727,0.0026944745,0.05190833,0.0047066184
2006-08-28,8.604531e-05,0.011599146,0.9619014,0.97350055,0.97350055,0.0027493017,0.052433785,0.00324706
2006-08-29,4.730621e-05,0.06957353,0.90024984,0.96982336,0.96982336,0.002847523,0.053362187,0.0015676434
2006-08-30,0.00043625748,0.01567692,0.9074613,0.9231382,0.9231382,0.002798869,0.052904338,0.0056758686
2006-08-31,0.000107812724,0.05636275,0.89617354,0.9525363,0.9525363,0.0030767203,0.05546819,0.0022714767
2006-09-01,0.00012926506,0.055442024,0.89227474,0.9477168,0.9477168,0.0029509363,0.054322522,0.0024724
2006-09-04,0.00017492453,0.0768058,0.85375,0.9305558,0.9305558,0.0028072654,0.052983634,0.0025189228
2006-09-05,0.00025809382,0.017662713,0.92493236,0.94259506,0.94259506,0.002577416,0.050768256,0.004496021
2006-09-06,0.0001831264,0.018796815,0.9343709,0.9531677,0.9531677,0.0026652846,0.051626395,0.0039102565
2006-09-07,0.00013259772,0.028441489,0.92869645,0.95713794,0.95713794,0.0026762532,0.051732518,0.0030935921
2006-09-08,0.00014116136,0.029516654,0.9248152,0.9543318,0.9543318,0.002668396,0.05165652,0.003091022
2006-09-11,0.00024842974,0.01662008,0.92910486,0.94572496,0.94572496,0.0026105258,0.051093306,0.0045772376
2006-09-12,0.00024206603,0.011274356,0.94033724,0.9516116,0.9516116,0.0026738895,0.051709667,0.005002561
2006-09-13,0.00029425617,0.017031668,0.9219048,0.9389365,0.9389365,0.0027596327,0.052532207,0.004818853
2006-09-14,0.00030571662,0.005867552,0.94364303,0.9495106,0.9495106,0.0028469777,0.053357076,0.006055062
2006-09-15,0.00057608023,0.042384382,0.83466023,0.8770446,0.8770446,0.0030602117,0.05531918,0.0046852785
2006-09-18,0.00038518896,0.028720861,0.8854602,0.91418105,0.91418105,0.0031447234,0.056077834,0.004488391
2006-09-19,0.00063555007,0.009993168,0.8963833,0.9063765,0.9063765,0.0031714886,0.05631597,0.006788359
2006-09-20,0.0007836022,0.018882252,0.86548203,0.8843643,0.8843643,0.0034801273,0.058992606,0.0067764735
2006-09-21,0.00073159003,0.011031485,0.8895097,0.9005412,0.9005412,0.0037997758,0.061642323,0.007355708
2006-09-22,0.00042914605,0.009775005,0.91550297,0.92527795,0.92527795,0.004121915,0.064202145,0.0057432316
2006-09-25,0.0009993066,0.0062723425,0.8832668,0.8895391,0.8895391,0.0042131185,0.06490854,0.009046702
2006-09-26,0.000838511,0.0073320786,0.8879647,0.8952968,0.8952968,0.0047275266,0.06875701,0.008008457
2006-09-27,0.0005742818,0.030412434,0.85924435,0.8896568,0.8896568,0.005037364,0.07097439,0.005204505
2006-09-28,0.001699234,0.00959628,0.80196697,0.81156325,0.81156325,0.005070545,0.071207754,0.00901753
2006-09-29,0.00050573214,0.041225635,0.12370085,0.16492648,0.16492648,0.006364451,0.07977751,0.0006056139
2006-10-02,3.9612853e-05,0.14944291,0.81207615,0.96151906,0.96151906,0.0013644365,0.03693828,0.0010294149
2006-10-03,4.4772245e-05,0.16747989,0.7877631,0.955243,0.955243,0.0011503899,0.033917397,0.0010003404
2006-10-04,4.782294e-05,0.1370436,0.82345504,0.96049863,0.96049863,0.0010217616,0.031965006,0.0012106654
2006-10-05,2.4056095e-05,0.13773121,0.83454007,0.97227126,0.97227126,0.0011125203,0.033354465,0.0008675511
2006-10-06,4.828429e-05,0.022411916,0.9552709,0.9776828,0.9776828,0.0012901434,0.035918567,0.002163549
2006-10-09,6.0543243e-05,0.014953861,0.9625054,0.97745925,0.97745925,0.0012901226,0.035918277,0.0026859464
2006-10-10,5.9711274e-05,0.01494512,0.96264756,0.9775927,0.9775927,0.0013022972,0.036087357,0.0026648142
2006-10-11,5.48843e-05,0.016650515,0.9616698,0.9783203,0.9783203,0.0013138927,0.036247656,0.0025315988
2006-10-12,4.3922904e-05,0.020963253,0.9585536,0.97951686,0.97951686,0.0013598745,0.036876477,0.0021443446
2006-10-13,0.000106436324,0.01042352,0.95921,0.9696335,0.9696335,0.0014267145,0.037771873,0.0035050595
2006-10-16,7.737806e-05,0.015546864,0.95657265,0.9721195,0.9721195,0.0014796826,0.038466644,0.002775348
2006-10-17,0.0001356569,0.1025928,0.8326472,0.93524003,0.93524003,0.0017559818,0.04190444,0.0020947647
2006-10-18,7.196089e-05,0.019179748,0.9539258,0.97310555,0.97310555,0.0015977714,0.039972134,0.0026756779
2006-10-19,0.00014211367,0.013809526,0.9498428,0.9636523,0.9636523,0.0016548089,0.040679343,0.0039098407
2006-10-20,4.7211917e-05,0.024329836,0.95275044,0.9770803,0.9770803,0.001744228,0.041763954,0.0020598825
2006-10-23,0.00014697522,0.007281584,0.9600771,0.9673587,0.9673587,0.0017147762,0.041409858,0.004502739
2006-10-24,6.657192e-05,0.013532919,0.9630206,0.97655356,0.97655356,0.0018120757,0.042568482,0.0028393187
2006-10-25,3.370176e-05,0.03942671,0.9387311,0.97815776,0.97815776,0.0018240367,0.042708743,0.0015429625
2006-10-26,4.7323352e-05,0.024488496,0.95214164,0.97663015,0.97663015,0.002009089,0.044822864,0.0020249747
2006-10-27,7.147123e-05,0.0130186025,0.9630603,0.9760789,0.9760789,0.0019763117,0.044455726,0.0029877936
2006-10-30,4.457147e-05,0.02157514,0.95722395,0.9787991,0.9787991,0.00200325,0.04475768,0.002102339
2006-10-31,0.000103493105,0.012396937,0.958763,0.97115993,0.97115993,0.0019905816,0.044615936,0.0035885184
2006-11-01,3.5279107e-05,0.023723044,0.9576815,0.98140454,0.98140454,0.0020151597,0.04489053,0.0018971895
2006-11-02,3.187621e-05,0.066578045,0.9091066,0.97568464,0.97568464,0.0019783254,0.04447837,0.0013109497
2006-11-03,9.193425e-05,0.01105686,0.9620822,0.97313905,0.97313905,0.0018422427,0.042921353,0.0034225984
2006-11-06,4.8100836e-05,0.017487964,0.9616959,0.97918385,0.97918385,0.0018652438,0.043188468,0.0023107463
2006-11-07,4.6364476e-05,0.019633736,0.95916593,0.97879964,0.97879964,0.0018874925,0.04344528,0.0021869666
2006-11-08,7.5398166e-05,0.017471878,0.95639104,0.9738629,0.9738629,0.0018808,0.04336819,0.0028847167
2006-11-09,5.965042e-05,0.018855473,0.9564416,0.97529703,0.97529703,0.0018755738,0.043307897,0.0024147069
2006-11-10,5.6201632e-05,0.016118687,0.96174693,0.97786564,0.97786564,0.0018589371,0.043115392,0.0025391122
2006-11-13,7.429682e-05,0.013077755,0.9623175,0.97539526,0.97539526,0.001850632,0.043018974,0.0030196144
2006-11-14,6.2359686e-05,0.0155061,0.9614848,0.9769909,0.9769909,0.0018573873,0.043097414,0.002710216
2006-11-15,5.5421573e-05,0.017400278,0.96032834,0.9777286,0.9777286,0.0018499731,0.043011315,0.0024884643
2006-11-16,4.7718877e-05,0.018900834,0.9600987,0.9789995,0.9789995,0.0018376245,0.042867523,0.002272273
2006-11-17,7.875466e-05,0.019632507,0.95309746,0.97273,0.97273,0.0018516432,0.043030724,0.0028879577
2006-11-20,6.0371876e-05,0.03814941,0.93402326,0.9721727,0.9721727,0.0018996142,0.043584563,0.002169518
2006-11-21,4.5395383e-05,0.019230656,0.9602951,0.97952574,0.97952574,0.0018492367,0.04300275,0.0022171934
2006-11-22,2.492452e-05,0.076178424,0.90136915,0.9775476,0.9775476,0.0018214668,0.042678647,0.0011101043
2006-11-27,0.00031752666,0.003472826,0.94837946,0.95185226,0.95185226,0.0017557311,0.041901443,0.006594841
2006-11-28,3.2804175e-05,0.09351517,0.8783559,0.9718711,0.9718711,0.0019870873,0.044576757,0.0011662081
2006-11-29,2.4982539e-05,0.07639005,0.9024611,0.97885114,0.97885114,0.001923611,0.04385899,0.0011812712
2006-11-30,1.8011093e-05,0.13405186,0.84364927,0.9777011,0.9777011,0.002079476,0.04560127,0.00080771314
2006-12-01,3.2540425e-05,0.027583163,0.95464295,0.98222613,0.98222613,0.0017734424,0.04211226,0.0018308017
2006-12-04,3.420228e-05,0.06618343,0.90993583,0.9761193,0.9761193,0.0017909255,0.042319328,0.0014322131
2006-12-05,3.393245e-05,0.10230272,0.87034094,0.9726437,0.9726437,0.0020435802,0.045205973,0.0012403877
2006-12-06,5.913353e-05,0.07206625,0.8935309,0.96559715,0.96559715,0.0018368574,0.042858575,0.0017188557
2006-12-07,8.498925e-05,0.03488563,0.9310222,0.9659079,0.9659079,0.0017027281,0.041264124,0.0024929289
2006-12-08,5.1010804e-05,0.0450997,0.9277059,0.97280556,0.97280556,0.0016720096,0.040890213,0.0018757806
2006-12-11,5.6462628e-05,0.035919614,0.93716973,0.97308934,0.97308934,0.001611286,0.040140826,0.0020981508
2006-12-12,7.464346e-05,0.020218821,0.95262426,0.9728431,0.9728431,0.001577733,0.039720688,0.0027486011
2006-12-13,7.9547746e-05,0.02482259,0.9445724,0.969395,0.969395,0.0015776376,0.03971949,0.0025991732
2006-12-14,6.3049774e-05,0.037331242,0.93309045,0.9704217,0.9704217,0.001595779,0.0399472,0.0021316207
2006-12-15,9.066673e-05,0.025577039,0.9401884,0.9657654,0.9657655,0.0015607857,0.03950678,0.0026483957
2006-12-18,8.404208e-05,0.017024383,0.95387024,0.97089463,0.97089463,0.0015676345,0.039593365,0.0028875116
2006-12-19,7.782487e-05,0.032636255,0.9358455,0.9684817,0.9684818,0.0016152635,0.040190343,0.0024691978
2006-12-20,6.973673e-05,0.033661064,0.9348091,0.96847016,0.96847016,0.0015895203,0.039868787,0.0022117689
2006-12-21,0.0003432619,0.012340936,0.923814,0.93615496,0.93615496,0.0016242175,0.04030158,0.005376485
2006-12-22,0.00019552244,0.017348053,0.93593615,0.9532842,0.9532842,0.0018440182,0.042942032,0.0041853604
2006-12-26,0.00020478714,0.01311509,0.940185,0.9533001,0.9533001,0.0019316985,0.043951094,0.0043851747
2006-12-27,0.00010733041,0.08913606,0.85725904,0.9463951,0.9463951,0.002108558,0.04591904,0.00200225
2006-12-28,0.00026831898,0.07508453,0.83346635,0.90855086,0.90855086,0.002102077,0.045848414,0.0029340787
2006-12-29,7.804797e-05,0.180156,0.75231606,0.93247205,0.93247205,0.0023683298,0.04866549,0.0011557876
2007-01-02,7.7406025e-05,0.09418025,0.8616715,0.95585173,0.95585173,0.0018722977,0.043270055,0.0017533196
2007-01-03,0.00027400645,0.088662505,0.8121583,0.9008208,0.9008208,0.0016907157,0.041118313,0.002762741
2007-01-04,3.2394284e-05,0.12921737,0.84107244,0.9702898,0.9702898,0.0016885826,0.041092366,0.0010903431
2007-01-05,7.15384e-05,0.06598071,0.89889276,0.9648735,0.9648735,0.0014526148,0.038113184,0.0020365932
2007-01-08,5.159025e-05,0.03097411,0.9436724,0.9746465,0.9746465,0.001378221,0.0371244,0.002034838
2007-01-09,3.542469e-05,0.05748607,0.9199635,0.97744954,0.97744954,0.0013821287,0.037176993,0.0015709074
2007-01-10,3.1108528e-05,0.10093479,0.8734917,0.9744265,0.9744265,0.00139485,0.03734769,0.0012164365
2007-01-11,2.3768684e-05,0.047500033,0.9354865,0.9829865,0.9829865,0.0012849204,0.035845786,0.0013970493
2007-01-12,2.5913847e-05,0.10255177,0.8745698,0.97712153,0.97712153,0.0014638815,0.038260702,0.001132674
2007-01-16,1.6975568e-05,0.119635046,0.8598444,0.97947943,0.97947943,0.001543921,0.03929276,0.00082724646
2007-01-17,2.447743e-05,0.08352778,0.89609176,0.97961956,0.97961956,0.0013485258,0.03672228,0.0012010257
2007-01-18,2.368635e-05,0.092534594,0.8850283,0.9775629,0.9775629,0.001560064,0.039497647,0.0010556781
2007-01-19,2.9321938e-05,0.10843445,0.86594343,0.9743779,0.9743779,0.0014239494,0.037735254,0.0011443989
2007-01-22,2.098959e-05,0.16474825,0.8073447,0.9720929,0.9720929,0.002052184,0.04530104,0.00075212435
2007-01-23,2.1427459e-05,0.12648246,0.8508959,0.9773783,0.97737837,0.0022946487,0.04790249,0.0009472085
2007-01-24,1.23616555e-05,0.12656175,0.8548953,0.98145705,0.98145705,0.0021516657,0.046386052,0.00066665007
2007-01-25,1.2487226e-05,0.082634345,0.9024334,0.9850677,0.9850677,0.0019201286,0.04381927,0.0008362574
2007-01-26,1.6711485e-05,0.13585486,0.8425322,0.97838706,0.97838706,0.002172011,0.04660484,0.00077321654
2007-01-29,1.4615833e-05,0.13533473,0.84412396,0.9794587,0.9794587,0.0020487313,0.045262914,0.0007115336
2007-01-30,1.4915983e-05,0.068868,0.91570693,0.9845749,0.9845749,0.0019234563,0.043857228,0.00096699514
2007-01-31,3.3902466e-05,0.21361019,0.72855055,0.9421607,0.9421607,0.0026497957,0.051476166,0.0005861496
2007-02-01,1.1513772e-05,0.08854206,0.8968762,0.98541826,0.98541826,0.0019827697,0.0445283,0.00078960205
2007-02-02,1.5417101e-05,0.10717885,0.87419873,0.9813776,0.9813776,0.0018179431,0.042637344,0.00082787947
2007-02-05,1.1848768e-05,0.10136772,0.88259125,0.98395896,0.98395896,0.0016098991,0.04012355,0.0007386533
2007-02-06,1.3265036e-05,0.0795199,0.90541244,0.9849323,0.9849323,0.0014779476,0.038444083,0.0008803625
2007-02-07,1.3541432e-05,0.07107673,0.91380006,0.9848768,0.9848768,0.0013517863,0.03676665,0.0008954085
2007-02-08,1.5095685e-05,0.050978675,0.9349429,0.98592156,0.98592156,0.0012596326,0.035491303,0.0010722557
2007-02-09,1.1050335e-05,0.077616215,0.9083893,0.9860055,0.9860055,0.0012152676,0.03486069,0.000789619
2007-02-12,1.43417565e-05,0.047447074,0.93911624,0.9865633,0.9865633,0.0011172494,0.03342528,0.001067359
2007-02-13,1.2517192e-05,0.1002016,0.8836254,0.983827,0.983827,0.0013648637,0.03694406,0.00077395584
2007-02-14,1.4905387e-05,0.14130633,0.8370518,0.97835815,0.97835815,0.0012567684,0.035450928,0.00068872975
2007-02-15,1.2073106e-05,0.07525451,0.9102057,0.9854602,0.9854602,0.0011079406,0.03328574,0.00083035004
2007-02-16,1.3610818e-05,0.06760675,0.91773355,0.9853403,0.9853403,0.0010244548,0.032007106,0.0009284512
2007-02-20,1.4352852e-05,0.12717482,0.8532554,0.9804302,0.98043025,0.0010095951,0.031774126,0.0007334179
2007-02-21,1.1677751e-05,0.07960316,0.90618753,0.98579067,0.98579067,0.00089139614,0.029856257,0.0008218368
2007-02-22,1.1407658e-05,0.07526944,0.91048676,0.9857562,0.9857562,0.0008248233,0.028719736,0.00080088695
2007-02-23,1.2649122e-05,0.08906199,0.89530766,0.98436964,0.98436964,0.0007710871,0.027768455,0.000809266
2007-02-26,1.530568e-05,0.056409348,0.928896,0.98530537,0.98530537,0.00070431107,0.02653886,0.0010415833
2007-02-27,1.4863484e-05,0.05210424,0.9336432,0.98574746,0.98574746,0.000710604,0.026657157,0.0010428653
2007-02-28,1.5565021e-05,0.061045833,0.9233789,0.9844247,0.9844247,0.0006784561,0.02604719,0.0009993407
2007-03-01,1.4691577e-05,0.057857815,0.92750484,0.98536265,0.98536265,0.00070151093,0.026486052,0.0010037046
2007-03-02,1.8237364e-05,0.055877294,0.9275202,0.9833975,0.9833975,0.0006654662,0.025796631,0.00109847
2007-03-05,4.7310627e-05,0.025376307,0.95224166,0.977618,0.977618,0.000637474,0.025248248,0.0021137781
2007-03-06,1.776981e-05,0.046176426,0.9386728,0.9848492,0.9848492,0.00065441534,0.025581542,0.0011728639
2007-03-07,1.6854527e-05,0.072271325,0.91059905,0.9828704,0.9828704,0.00067310134,0.025944198,0.0009839416
2007-03-08,1.6592969e-05,0.042720024,0.94263506,0.9853551,0.9853551,0.00064411125,0.025379347,0.0011330186
2007-03-09,1.613807e-05,0.055461638,0.9293455,0.98480713,0.98480713,0.0006363722,0.025226418,0.0010622137
2007-03-12,1.6271724e-05,0.068842866,0.91521496,0.98405784,0.98405784,0.0006333747,0.025166936,0.0010206727
2007-03-13,1.8915354e-05,0.06998723,0.9123468,0.982334,0.982334,0.00063637114,0.025226397,0.0010707219
2007-03-14,2.1123293e-05,0.079723686,0.9000894,0.97981304,0.9798131,0.0006000136,0.024495175,0.001046383
2007-03-15,1.5960422e-05,0.05977273,0.9249398,0.98471254,0.98471254,0.0006216656,0.024933223,0.0010440206
2007-03-16,1.3681188e-05,0.05685388,0.9293294,0.9861833,0.9861833,0.00060917664,0.024681505,0.0009901911
2007-03-19,1.036502e-05,0.06481512,0.9223719,0.987187,0.987187,0.0005811367,0.024106776,0.00080894737
2007-03-20,8.92164e-06,0.07424376,0.9132949,0.9875387,0.9875387,0.000554199,0.023541432,0.00071594754
2007-03-21,1.0126811e-05,0.068735205,0.9185494,0.9872846,0.9872846,0.0005215802,0.02283813,0.00079642097
2007-03-22,1.3202614e-05,0.05193649,0.93464667,0.9865832,0.9865832,0.0005770541,0.02402195,0.000984034
2007-03-23,1.3524682e-05,0.06849652,0.9166448,0.98514134,0.98514134,0.0005783867,0.024049671,0.000910222
2007-03-26,9.01842e-06,0.063244775,0.9250211,0.9882659,0.9882659,0.0005468537,0.023384903,0.0007685633
2007-03-27,1.1760545e-05,0.06932479,0.91632545,0.98565024,0.98565024,0.0005150884,0.022695558,0.000819564
2007-03-28,1.180281e-05,0.091528594,0.893717,0.9852456,0.9852456,0.0005636807,0.02374196,0.0007999511
2007-03-29,1.9650477e-05,0.036687974,0.9481141,0.98480207,0.98480207,0.0005207357,0.022819635,0.0012929704
2007-03-30,1.1456986e-05,0.050105397,0.93727684,0.98738223,0.98738223,0.0005151299,0.022696473,0.00090800424
2007-04-02,1.0637716e-05,0.05699005,0.9308314,0.9878214,0.9878214,0.0005070762,0.022518354,0.0008734761
2007-04-03,1.224165e-05,0.050539963,0.9367165,0.98725647,0.98725647,0.00048580824,0.022041058,0.0009606167
2007-04-04,9.13114e-06,0.075172625,0.91231334,0.98748595,0.98748595,0.00051988265,0.022800935,0.0007296708
2007-04-05,8.321488e-06,0.074768096,0.912972,0.98774004,0.98774004,0.00049446884,0.022236655,0.0006787533
2007-04-09,9.1186885e-06,0.061837718,0.9265909,0.98842865,0.98842865,0.00047120563,0.021707272,0.0007880403
2007-04-10,7.665705e-06,0.07274102,0.9155624,0.9883034,0.9883034,0.00044953948,0.021202346,0.0006553802
2007-04-11,9.60053e-06,0.09362129,0.89241064,0.98603195,0.98603195,0.0005482929,0.023415655,0.00068732066
2007-04-12,8.648694e-06,0.06344269,0.9251409,0.9885836,0.9885836,0.00049913506,0.022341331,0.00075756916
2007-04-13,1.0698811e-05,0.054269314,0.9335496,0.9878189,0.9878189,0.000475503,0.021806031,0.00087831216
2007-04-16,8.564834e-06,0.06414258,0.92441106,0.98855364,0.98855364,0.00046753878,0.021622645,0.00074825855
2007-04-17,8.7827775e-06,0.065678835,0.9226603,0.9883391,0.9883391,0.0005200163,0.022803865,0.0007531835
2007-04-18,8.389048e-06,0.065839164,0.92267495,0.9885141,0.9885141,0.0005029277,0.02242605,0.00073037954
2007-04-19,9.134834e-06,0.05964839,0.92875296,0.98840135,0.98840135,0.0004801066,0.021911334,0.00078757753
2007-04-20,8.928471e-06,0.061941124,0.92655796,0.9884991,0.9884991,0.00045504794,0.021331852,0.0007763284
2007-04-23,1.48567015e-05,0.041610252,0.9446193,0.98622954,0.98622954,0.00044397922,0.021070814,0.0010788819
2007-04-24,1.5454381e-05,0.04244348,0.9433619,0.98580533,0.98580533,0.0004590873,0.021426324,0.0010887455
2007-04-25,7.923365e-06,0.074567154,0.91359866,0.9881658,0.9881658,0.0004495821,0.02120335,0.0006695309
2007-04-26,1.260941e-05,0.04569129,0.94118613,0.98687744,0.98687744,0.0004295995,0.020726781,0.0009608957
2007-04-27,9.930545e-06,0.060229737,0.92765504,0.98788476,0.98788476,0.0004424244,0.021033887,0.0008196738
2007-04-30,8.851216e-06,0.07889205,0.9085485,0.9874405,0.9874405,0.0005282545,0.022983788,0.0007047442
2007-05-01,8.292207e-06,0.06931408,0.9190225,0.98833656,0.98833656,0.00049024395,0.022141453,0.0007109574
2007-05-02,9.3837725e-06,0.08539293,0.9010955,0.98648846,0.98648846,0.00048232207,0.021961832,0.0006945007
2007-05-03,8.3361065e-06,0.06271737,0.9259461,0.9886635,0.9886635,0.00044426642,0.02107763,0.000735333
2007-05-04,8.699973e-06,0.07093055,0.91709876,0.9880293,0.9880293,0.00046849356,0.021644711,0.0007267723
2007-05-07,8.441956e-06,0.06334545,0.9253491,0.98869455,0.98869455,0.0004384158,0.020938382,0.0007467155
2007-05-08,8.52029e-06,0.06279402,0.9258983,0.98869234,0.98869234,0.00043953772,0.020965155,0.0007534974
2007-05-09,1.1097519e-05,0.052000985,0.93558747,0.98758847,0.98758847,0.00043632602,0.020888418,0.00089412945
2007-05-10,8.036639e-06,0.068107486,0.9204517,0.9885592,0.9885592,0.00042562853,0.020630766,0.0007024534
2007-05-11,7.840125e-06,0.06278804,0.92589855,0.98868656,0.98868656,0.00039987295,0.019996824,0.0006929923
2007-05-14,9.507353e-06,0.05820035,0.9300229,0.98822325,0.98822325,0.0004094487,0.020234838,0.0008072988
2007-05-15,8.966356e-06,0.05960116,0.92882806,0.98842925,0.98842925,0.00039306958,0.019825982,0.0007749156
2007-05-16,1.4416134e-05,0.04242992,0.9439157,0.98634565,0.98634565,0.00038117036,0.019523585,0.0010557905
2007-05-17,7.949761e-06,0.0638691,0.9250094,0.98887855,0.98887855,0.00037473062,0.01935796,0.00071481324
2007-05-18,1.1211883e-05,0.04812987,0.9392106,0.98734045,0.98734045,0.00038949976,0.019735748,0.00088564627
2007-05-21,8.916105e-06,0.059741605,0.9286726,0.9884142,0.9884142,0.00038958743,0.019737968,0.0007695737
2007-05-22,2.8089235e-05,0.02625291,0.95614624,0.98239917,0.98239917,0.00037153484,0.019275239,0.0015959035
2007-05-23,7.958202e-06,0.07134582,0.9169313,0.9882771,0.9882771,0.00038851253,0.019710721,0.00067885825
2007-05-24,2.1168426e-05,0.031678826,0.9525504,0.98422927,0.9842292,0.00036631685,0.019139405,0.00134226
2007-05-25,8.027217e-06,0.06210824,0.9266309,0.98873913,0.98873913,0.0003730475,0.019314438,0.0007128418
2007-05-29,1.8247796e-05,0.034830663,0.9502183,0.985049,0.985049,0.00035534936,0.018850712,0.0012205075
2007-05-30,8.05892e-06,0.07552934,0.9123684,0.98789775,0.98789775,0.00035725837,0.01890128,0.0006659028
2007-05-31,7.6150254e-06,0.06749805,0.9213053,0.9888033,0.9888033,0.00048887933,0.022110617,0.000680115
2007-06-01,9.629616e-06,0.0559054,0.9322255,0.9881309,0.9881309,0.00045804254,0.021401929,0.00081132
2007-06-04,1.521736e-05,0.039910123,0.9461153,0.98602545,0.98602545,0.0004393705,0.020961165,0.001088934
2007-06-05,7.539168e-06,0.07029339,0.91834694,0.9886403,0.9886403,0.0004921399,0.022184227,0.0006636772
2007-06-06,7.5077314e-06,0.07343948,0.9149953,0.9884348,0.9884348,0.00047620892,0.021822212,0.00064916525
2007-06-07,1.0120733e-05,0.053762253,0.9341727,0.98793495,0.98793495,0.0004435883,0.021061536,0.000838847
2007-06-08,8.702595e-06,0.060501322,0.92794394,0.9884453,0.9884453,0.000479088,0.02188808,0.00075316377
2007-06-11,6.72338e-06,0.08076171,0.90760136,0.9883631,0.9883631,0.00047922897,0.0218913,0.0005777632
2007-06-12,1.36520575e-05,0.04278922,0.94376075,0.98655,0.98655,0.00044562644,0.021109866,0.0010150209
2007-06-13,7.2368202e-06,0.07227279,0.91638404,0.9886568,0.9886568,0.00043839848,0.020937968,0.0006379886
2007-06-14,1.6720807e-05,0.036653295,0.9488114,0.9854647,0.9854647,0.00041546463,0.02038295,0.001150358
2007-06-15,9.022349e-06,0.05710582,0.93115044,0.9882563,0.9882563,0.00043599156,0.02088041,0.0007682699
2007-06-18,7.5673224e-06,0.06598049,0.92296743,0.9889479,0.9889479,0.00042650415,0.020651978,0.0006846972
2007-06-19,2.450366e-05,0.028259687,0.954966,0.9832257,0.9832257,0.00045675173,0.02137175,0.0014607862
2007-06-20,1.0382779e-05,0.059462164,0.9276557,0.9871179,0.9871179,0.0004747161,0.02178798,0.00080598413
2007-06-21,1.2530693e-05,0.053718466,0.9325118,0.98623025,0.98623025,0.00046786794,0.021630256,0.0009100163
2007-06-22,1.5527667e-05,0.038962077,0.94689685,0.9858589,0.9858589,0.00045052505,0.021225575,0.0010980535
2007-06-25,3.3446573e-05,0.022716768,0.9582525,0.98096925,0.98096925,0.0004769863,0.021840015,0.0017575016
2007-06-26,2.5395568e-05,0.028903894,0.95383763,0.98274153,0.98274153,0.0005068401,0.02251311,0.0014714847
2007-06-27,1.0985105e-05,0.071681924,0.91440064,0.98608255,0.98608255,0.00051113503,0.022608295,0.0007893047
2007-06-28,4.7445665e-05,0.017377365,0.9608011,0.9781785,0.9781785,0.0004826605,0.021969536,0.0021742624
2007-06-29,0.00012131301,0.011434544,0.9551065,0.96654105,0.96654105,0.0005391865,0.02322039,0.003625727
2007-07-02,8.364943e-05,0.01608984,0.955067,0.97115684,0.97115684,0.00063990906,0.025296424,0.0029001473
2007-07-03,0.00012324016,0.010417836,0.9563345,0.9667523,0.9667523,0.0006948257,0.026359547,0.0037067262
2007-07-05,8.0592086e-05,0.014518505,0.9577437,0.9722622,0.9722622,0.00078774284,0.028066756,0.002905497
2007-07-06,0.00014260261,0.009168383,0.9554085,0.9645769,0.9645769,0.0008409343,0.028998867,0.0040256954
2007-07-09,0.00010974521,0.010060888,0.95883214,0.96889305,0.96889305,0.0009524467,0.030861735,0.0035279966
2007-07-10,5.8243706e-05,0.02150521,0.95341325,0.9749185,0.9749185,0.0010232418,0.03198815,0.0023221765
2007-07-11,3.21253e-05,0.06508775,0.91144,0.97652775,0.97652775,0.0010760293,0.032802884,0.0013686502
2007-07-12,4.0630774e-05,0.029660758,0.94873285,0.9783936,0.9783936,0.0010268929,0.03204517,0.0018804984
2007-07-13,8.8527326e-05,0.017463239,0.9527122,0.97017545,0.97017545,0.001022025,0.031969126,0.0029682699
2007-07-16,5.4799588e-05,0.018511167,0.9584752,0.97698635,0.97698635,0.001073388,0.032762602,0.0023811774
2007-07-17,2.1105421e-05,0.049777526,0.932613,0.9823905,0.9823905,0.0011189219,0.03345029,0.0011985262
2007-07-18,6.572966e-05,0.025852265,0.9464392,0.97229147,0.97229147,0.0010702987,0.03271542,0.0023721815
2007-07-19,3.0956282e-05,0.06835212,0.9073925,0.9757446,0.9757446,0.0011097349,0.033312682,0.0012762637
2007-07-20,1.3122898e-05,0.056406956,0.92988646,0.98629344,0.98629344,0.0010881497,0.032987114,0.000957417
2007-07-23,2.5378586e-05,0.04633027,0.9351487,0.981479,0.981479,0.0011122618,0.03335059,0.0013702592
2007-07-24,1.47055325e-05,0.10460381,0.8771223,0.9817261,0.9817261,0.0012613464,0.03551544,0.0008047292
2007-07-25,3.0978812e-05,0.09550743,0.87801373,0.9735212,0.9735212,0.0012112976,0.0348037,0.0011699465
2007-07-26,3.9503535e-05,0.030630428,0.94726825,0.97789866,0.97789866,0.0011055012,0.033249076,0.0017873817
2007-07-27,2.1492093e-05,0.0675915,0.9134933,0.98108476,0.98108476,0.0010870312,0.032970157,0.0011362318
2007-07-30,4.7108828e-05,0.027967919,0.94863033,0.97659826,0.97659826,0.0010671726,0.032667607,0.0020130484
2007-07-31,1.41041455e-05,0.106911354,0.8755594,0.98247075,0.98247075,0.0011667188,0.034157265,0.00080460636
2007-08-01,2.4523019e-05,0.050546844,0.93030137,0.9808482,0.9808482,0.0012855201,0.03585415,0.0012804546
2007-08-02,1.9656818e-05,0.08243272,0.8985363,0.980969,0.9809691,0.001254297,0.035416055,0.0010328848
2007-08-03,3.7272923e-05,0.04718952,0.9295591,0.97674865,0.97674865,0.0012739518,0.03569246,0.001603043
2007-08-06,3.2501626e-05,0.051484507,0.927047,0.97853154,0.97853154,0.0012217623,0.034953717,0.0015139244
2007-08-07,3.3734606e-05,0.05388878,0.9240331,0.9779219,0.9779219,0.001184503,0.03441661,0.0015279672
2007-08-08,2.778276e-05,0.03014481,0.95252216,0.98266697,0.98266697,0.0011283004,0.033590183,0.0016028795
2007-08-09,2.1233282e-05,0.03438331,0.9502991,0.9846824,0.9846824,0.0011028353,0.033208963,0.0013861998
2007-08-10,2.1136842e-05,0.06396848,0.91818833,0.9821568,0.9821568,0.0011824716,0.034387086,0.001184589
2007-08-13,3.1112253e-05,0.02821853,0.95430446,0.98252296,0.98252296,0.0011857653,0.03443494,0.0017801791
2007-08-14,3.733886e-05,0.02372211,0.95746106,0.9811832,0.9811832,0.0011630617,0.03410369,0.0019843334
2007-08-15,3.5048677e-05,0.02551049,0.9560273,0.9815378,0.9815378,0.001161858,0.034086037,0.001898404
2007-08-16,5.111544e-05,0.019159049,0.95926917,0.97842824,0.97842824,0.0011487951,0.03389388,0.002369554
2007-08-17,6.396743e-05,0.016827488,0.9598348,0.9766623,0.9766623,0.0011531818,0.033958532,0.002740946
2007-08-20,6.954737e-05,0.014762542,0.9604843,0.97524685,0.97524685,0.0011773303,0.03431225,0.0028096368
2007-08-21,2.8871995e-05,0.18946664,0.7713759,0.96084255,0.96084255,0.001526901,0.03907558,0.0007373308
2007-08-22,3.3521916e-05,0.11246038,0.8581942,0.97065455,0.97065455,0.0014718939,0.038365267,0.0011423206
2007-08-23,2.284478e-05,0.1392373,0.8333414,0.9725787,0.9725787,0.0014927023,0.038635507,0.0008331036
2007-08-24,2.1191214e-05,0.13077211,0.84353036,0.9743025,0.9743025,0.0012758281,0.035718735,0.0008246401
2007-08-27,2.4543775e-05,0.1369439,0.83356,0.9705039,0.9705039,0.0011377165,0.033730052,0.00083210313
2007-08-28,3.5863337e-05,0.065324694,0.9078903,0.973215,0.973215,0.0010656632,0.032644495,0.0013389328
2007-08-29,6.4292166e-05,0.09249184,0.8681999,0.96069175,0.96069175,0.0011028979,0.03320991,0.0016355896
2007-08-30,5.418864e-05,0.054271948,0.91269577,0.9669677,0.9669677,0.0011016149,0.033190586,0.0016404744
2007-08-31,5.666906e-05,0.07638011,0.8897017,0.96608186,0.96608186,0.0011349907,0.03368962,0.0016707596
2007-09-04,8.90781e-05,0.039644577,0.9225722,0.9622168,0.9622168,0.0011346575,0.03368468,0.002357611
2007-09-05,0.00015720718,0.01390328,0.9465473,0.9604506,0.9604506,0.0011697421,0.03420149,0.0039749565
2007-09-06,8.2296465e-05,0.024929663,0.9450892,0.97001886,0.97001886,0.0012777791,0.035746038,0.0027449415
2007-09-07,0.00013877053,0.00899238,0.95760834,0.9666007,0.9666007,0.0013078947,0.036164828,0.0041548954
2007-09-10,0.000100435245,0.01507726,0.953953,0.96903026,0.96903026,0.0013975457,0.03738376,0.0032430124
2007-09-11,0.00023936492,0.015463871,0.93285483,0.9483187,0.9483187,0.001504792,0.03879165,0.0046315594
2007-09-12,8.11872e-05,0.018734904,0.9532593,0.9719942,0.9719942,0.0016439824,0.040546052,0.0028989445
2007-09-13,0.00010207582,0.046829086,0.91270924,0.95953834,0.95953834,0.0017734601,0.04211247,0.002522779
2007-09-14,7.835728e-05,0.045742497,0.9186069,0.9643494,0.9643494,0.0019212135,0.04383165,0.0021979227
2007-09-17,0.00012682291,0.04314503,0.91224504,0.95539004,0.9553901,0.0019194749,0.043811813,0.0028429278
2007-09-18,6.601402e-05,0.03513709,0.93571466,0.9708518,0.9708518,0.0020233109,0.044981226,0.0022647702
2007-09-19,5.783655e-05,0.032441467,0.9408163,0.9732577,0.9732578,0.0019648806,0.044326972,0.0021627382
2007-09-20,7.003757e-05,0.042958476,0.92399037,0.96694887,0.96694887,0.0020258997,0.045009997,0.0021190671
2007-09-21,3.3709475e-05,0.05316952,0.924014,0.9771835,0.97718346,0.0019756777,0.044448595,0.0014774179
2007-09-24,0.0001210992,0.01987047,0.9443162,0.96418667,0.96418667,0.0018670721,0.04320963,0.0033814
2007-09-25,9.168655e-05,0.018605301,0.95195746,0.97056276,0.97056276,0.0019277282,0.043905903,0.0031146444
2007-09-26,4.2903393e-05,0.02721666,0.9517878,0.9790045,0.9790045,0.0019268364,0.043895744,0.0020434568
2007-09-27,6.7287365e-05,0.014545415,0.9616242,0.97616965,0.97616965,0.0018795988,0.04335434,0.002823599
2007-09-28,3.78169e-05,0.053818602,0.9220876,0.9759062,0.9759062,0.0019556854,0.044223133,0.0015695692
2007-10-01,5.4656142e-05,0.017137926,0.96126956,0.9784075,0.9784075,0.0018436933,0.04293825,0.002531256
2007-10-02,2.8555693e-05,0.028260775,0.9548223,0.98308307,0.98308307,0.0018385898,0.04287878,0.0016879949
2007-10-03,3.765543e-05,0.032575037,0.9471672,0.9797422,0.9797422,0.0018613848,0.043143768,0.0018588142
2007-10-04,3.709323e-05,0.023626355,0.9577025,0.98132885,0.98132885,0.0018139865,0.04259092,0.0019866596
2007-10-05,3.7035235e-05,0.023251692,0.9580119,0.98126364,0.98126364,0.0017825157,0.042219847,0.0019766502
2007-10-08,2.5742942e-05,0.031710174,0.9519563,0.9836664,0.9836664,0.0017952197,0.042370033,0.0015760746
2007-10-09,2.4800838e-05,0.038307533,0.9445757,0.9828833,0.9828833,0.0017680307,0.04204796,0.0014489242
2007-10-10,2.9013563e-05,0.036046788,0.94523185,0.98127866,0.98127866,0.0016951162,0.04117179,0.0015497587
2007-10-11,3.2746804e-05,0.03288468,0.94813,0.98101467,0.98101467,0.0016477979,0.040593076,0.0017248477
2007-10-12,5.11795e-05,0.021609144,0.9555916,0.97720075,0.97720075,0.0016070632,0.04008819,0.0022447885
2007-10-15,4.9561815e-05,0.019169023,0.95966744,0.9788365,0.9788365,0.0015913303,0.03989148,0.002341851
2007-10-16,2.138364e-05,0.09723121,0.8815223,0.9787535,0.9787535,0.0016590997,0.04073205,0.001006455
2007-10-17,3.9097253e-05,0.032813795,0.9459716,0.9787854,0.9787854,0.0014942846,0.038655978,0.0018429405
2007-10-18,3.884287e-05,0.026113484,0.95446193,0.98057544,0.98057544,0.001457761,0.038180638,0.0019996786
2007-10-19,4.357198e-05,0.022722254,0.9567208,0.9794431,0.9794431,0.0014334499,0.03786093,0.0021195766
2007-10-22,3.5065015e-05,0.03958813,0.9395229,0.9791111,0.9791111,0.0014630721,0.038250126,0.0016786414
2007-10-23,4.7317157e-05,0.023785759,0.9545565,0.9783423,0.9783423,0.0014276628,0.037784424,0.0021847724
2007-10-24,5.3991673e-05,0.047103826,0.9244858,0.9715896,0.9715896,0.0014185441,0.037663564,0.001900421
2007-10-25,4.2612868e-05,0.037671134,0.9387027,0.97637385,0.97637385,0.0014104994,0.037556615,0.0018036315
2007-10-26,2.1382495e-05,0.07255924,0.9077476,0.98030686,0.98030686,0.0014021962,0.03744591,0.0010857842
2007-10-29,3.867447e-05,0.031701,0.9474534,0.97915435,0.97915435,0.001295609,0.03599457,0.0018552775
2007-10-30,5.359745e-05,0.021933397,0.9546426,0.976576,0.976576,0.0012678684,0.03560714,0.0022881397
2007-10-31,3.51139e-05,0.19386208,0.76250684,0.9563689,0.9563689,0.0014774123,0.03843712,0.000804791
2007-11-01,1.6127904e-05,0.07282361,0.91039515,0.9832187,0.9832187,0.0014416819,0.037969485,0.00096106576
2007-11-02,2.2279095e-05,0.09034786,0.8893477,0.9796955,0.97969556,0.0014251053,0.03775057,0.0010972491
2007-11-05,1.5249558e-05,0.07486717,0.9088474,0.9837146,0.9837146,0.0013483359,0.036719695,0.0009363933
2007-11-06,1.6897704e-05,0.10202217,0.8793564,0.98137856,0.98137856,0.0014342647,0.03787169,0.0009074325
2007-11-07,1.8442457e-05,0.090944104,0.88958156,0.9805257,0.9805257,0.0013074122,0.036158156,0.0009470138
2007-11-08,2.3407654e-05,0.09069208,0.8877499,0.978442,0.978442,0.0012669885,0.03559478,0.0010857997
2007-11-09,2.5986212e-05,0.07298356,0.9058191,0.9788027,0.9788027,0.0011608303,0.034070957,0.0012259197
2007-11-12,2.2315637e-05,0.07235308,0.9083051,0.9806582,0.9806582,0.0011187659,0.03344796,0.0011537502
2007-11-13,1.777804e-05,0.057943176,0.9261934,0.9841366,0.9841366,0.0010434542,0.03230254,0.0011206941
2007-11-14,1.8332885e-05,0.06610189,0.9167247,0.9828266,0.9828266,0.0009843167,0.03137382,0.0010675157
2007-11-15,5.3056025e-05,0.021316687,0.9546529,0.9759696,0.9759696,0.0009340828,0.030562768,0.0022078722
2007-11-16,5.0089133e-05,0.023653474,0.9537459,0.97739935,0.97739935,0.00095106853,0.030839399,0.0022162695
2007-11-19,3.079261e-05,0.03973071,0.9403838,0.9801145,0.9801145,0.0009923226,0.03150115,0.0015484971
2007-11-20,3.5864065e-05,0.037407607,0.9414426,0.9788502,0.97885025,0.0009927166,0.031507406,0.0016957154
2007-11-21,3.5039335e-05,0.04293455,0.9340132,0.9769477,0.9769477,0.0010315594,0.0321179,0.0015199947
2007-11-23,2.4391456e-05,0.046145216,0.93605053,0.98219573,0.98219573,0.0010027562,0.031666327,0.0013699783
2007-11-26,4.058584e-05,0.023810102,0.95579565,0.97960573,0.97960573,0.0009812568,0.03132502,0.0019900615
2007-11-27,2.0692632e-05,0.055060796,0.927418,0.9824788,0.9824788,0.000978709,0.031284325,0.0011810053
2007-11-28,1.7014188e-05,0.08253294,0.89951473,0.9820477,0.9820477,0.0009538702,0.03088479,0.000947743
2007-11-29,2.3270262e-05,0.075419284,0.90397733,0.97939664,0.97939664,0.0010633776,0.03260947,0.0011294403
2007-11-30,2.7753878e-05,0.0739301,0.9041494,0.9780795,0.9780795,0.001072706,0.03275219,0.0012661151
2007-12-03,2.6047e-05,0.08567477,0.89217633,0.9778511,0.9778511,0.0010275926,0.032056086,0.0011759949
2007-12-04,4.5607994e-05,0.037040956,0.93912053,0.9761615,0.9761615,0.00095501123,0.030903256,0.0019132057
2007-12-05,4.8094662e-05,0.07868061,0.89041185,0.9690925,0.9690925,0.00094485295,0.03073846,0.0015560833
2007-12-06,2.6533782e-05,0.037042078,0.9456284,0.9826705,0.9826705,0.00089091936,0.029848272,0.0015311325
2007-12-07,1.980726e-05,0.049590185,0.9331067,0.9826969,0.9826969,0.00088410615,0.029733922,0.0011447226
2007-12-10,1.5310625e-05,0.073594294,0.9106139,0.98420817,0.98420817,0.00087323674,0.02955058,0.000969528
2007-12-11,3.5697627e-05,0.0302909,0.9501781,0.980469,0.980469,0.00083209807,0.02884611,0.0018277408
2007-12-12,4.087616e-05,0.04309914,0.93282354,0.9759227,0.9759227,0.0008281418,0.028777454,0.0016977055
2007-12-13,1.7176582e-05,0.11804326,0.86064243,0.9786857,0.9786857,0.00089983654,0.029997276,0.0008058704
2007-12-14,1.7823982e-05,0.10419534,0.8765445,0.98073983,0.98073983,0.00089258095,0.029876092,0.00092543237
2007-12-17,5.6753917e-05,0.037150465,0.9361865,0.97333694,0.97333694,0.00085739605,0.029281326,0.0021285594
2007-12-18,1.8796367e-05,0.06443672,0.91869533,0.98313206,0.98313206,0.000859535,0.029317828,0.0011143252
2007-12-19,1.6803711e-05,0.073029116,0.9106448,0.98367393,0.98367393,0.0008232586,0.028692484,0.0010292564
2007-12-20,2.8460647e-05,0.047493927,0.93256617,0.9800601,0.9800601,0.0007687197,0.027725795,0.0014273215
2007-12-21,2.0366424e-05,0.038819186,0.9457887,0.9846079,0.9846079,0.00074686494,0.02732883,0.0013231717
2007-12-24,3.16247e-05,0.026173035,0.95537865,0.9815517,0.9815517,0.0007289878,0.026999773,0.0017142344
2007-12-26,6.9372596e-05,0.01725316,0.95714784,0.974401,0.974401,0.00074194156,0.027238604,0.0027099727
2007-12-27,2.273675e-05,0.056210984,0.9245815,0.9807925,0.9807925,0.00077969604,0.027923038,0.0011837448
2007-12-28,7.748992e-05,0.025359914,0.94514275,0.9705027,0.9705027,0.0007617013,0.027598936,0.0026270153
2007-12-31,2.1117998e-05,0.05262403,0.93056786,0.9831919,0.9831919,0.0008196375,0.028629312,0.0012564184
2008-01-02,3.3559074e-05,0.032320086,0.94832355,0.98064363,0.98064363,0.00079309,0.028161854,0.0017337484
2008-01-03,1.4115501e-05,0.10645686,0.87541664,0.9818735,0.9818735,0.0008603969,0.029332522,0.00077872234
2008-01-04,1.6973416e-05,0.06496983,0.91919464,0.9841645,0.9841645,0.0008210691,0.028654303,0.0010718569
2008-01-07,1.4297553e-05,0.07954845,0.90527225,0.9848207,0.9848207,0.0008023866,0.02832643,0.0009419127
2008-01-08,9.951326e-06,0.07756986,0.90940416,0.986974,0.986974,0.0007426971,0.02725247,0.0007639588
2008-01-09,1.3061684e-05,0.07368515,0.91146404,0.9851492,0.9851492,0.0006952909,0.02636837,0.00087952754
2008-01-10,1.1025862e-05,0.06678266,0.9204361,0.98721874,0.98721874,0.00066719356,0.02583009,0.00086265826
2008-01-11,9.623278e-06,0.06918048,0.9185175,0.98769796,0.98769796,0.0006512343,0.025519293,0.00078225054
2008-01-14,1.0414018e-05,0.058228355,0.9297678,0.98799616,0.98799616,0.0006100763,0.024699723,0.0008675573
2008-01-15,1.2331193e-05,0.05370947,0.9332027,0.98691213,0.98691213,0.00059542246,0.02440128,0.00094218494
2008-01-16,9.872908e-06,0.07624815,0.9108277,0.98707587,0.98707587,0.00058690045,0.024226028,0.0007639125
2008-01-17,1.0447372e-05,0.057092633,0.9308758,0.9879684,0.9879684,0.00054873887,0.023425177,0.0008683267
2008-01-18,1.3189449e-05,0.04822519,0.9387104,0.98693556,0.98693556,0.00052345556,0.022879152,0.0010095683
2008-01-22,1.5935035e-05,0.041553263,0.9443905,0.98594373,0.98594373,0.0005101289,0.022586033,0.0011336607
2008-01-23,1.2104315e-05,0.073654376,0.9124525,0.9861069,0.9861069,0.00056769524,0.023826355,0.0008712448
2008-01-24,9.46817e-06,0.06750698,0.9203649,0.9878719,0.9878719,0.00053293334,0.023085348,0.00078067946
2008-01-25,1.3508984e-05,0.05792263,0.92789114,0.9858138,0.98581374,0.0005378108,0.023190748,0.0009522621
2008-01-28,1.1273988e-05,0.08236716,0.9036424,0.9860096,0.9860096,0.00054355455,0.023314256,0.00080583734
2008-01-29,1.0254191e-05,0.07192369,0.91534024,0.9872639,0.9872639,0.00051891763,0.022779763,0.0008051291
2008-01-30,1.1878018e-05,0.059184514,0.9277967,0.9869812,0.9869812,0.0004957693,0.022265878,0.00091237517
2008-01-31,1.1565967e-05,0.054231662,0.9332904,0.98752207,0.98752207,0.00047421173,0.021776402,0.0009269136
2008-02-01,1.0323474e-05,0.05882129,0.9290899,0.9879112,0.9879112,0.00045492811,0.021329043,0.00085397187
2008-02-04,1.0575191e-05,0.09183179,0.89391756,0.98574936,0.98574936,0.0005369579,0.02317235,0.0007420855
2008-02-05,1.6946187e-05,0.062059876,0.92202115,0.98408103,0.98408103,0.0005162908,0.022722032,0.0010645279
2008-02-06,1.0865611e-05,0.08254342,0.9037905,0.9863339,0.9863339,0.00049850775,0.022327287,0.00079507806
2008-02-07,9.5526175e-06,0.06663858,0.92131025,0.98794883,0.98794883,0.00046515322,0.021567412,0.0007926717
2008-02-08,1.0309411e-05,0.06818545,0.9190151,0.98720056,0.98720056,0.00045047526,0.021224402,0.0008054578
2008-02-11,1.082214e-05,0.06576425,0.9206958,0.98646003,0.98646003,0.00046513448,0.021566976,0.0007992736
2008-02-12,1.1944481e-05,0.06766593,0.91879886,0.9864648,0.9864648,0.0004889365,0.022111908,0.0008824753
2008-02-13,1.0018462e-05,0.07471605,0.9124518,0.98716784,0.98716784,0.00046935494,0.0216646,0.00078073045
2008-02-14,1.3568773e-05,0.048132595,0.93857825,0.98671085,0.98671085,0.00044054253,0.020989105,0.0010210412
2008-02-15,1.1524095e-05,0.10340409,0.880964,0.9843681,0.9843681,0.00052438595,0.022899475,0.00073721586
2008-02-19,1.0837923e-05,0.06172626,0.9257895,0.98751575,0.98751575,0.00049002084,0.022136414,0.0008681275
2008-02-20,1.41998125e-05,0.10192769,0.8799617,0.9818894,0.9818894,0.00054519105,0.023349326,0.000784062
2008-02-21,1.25185215e-05,0.061053168,0.92553157,0.9865847,0.9865847,0.00049407757,0.022227855,0.00093315414
2008-02-22,9.402984e-06,0.08023679,0.906764,0.98700076,0.98700076,0.0004737914,0.02176675,0.00072334893
2008-02-25,1.0506185e-05,0.06599718,0.9213917,0.9873889,0.9873889,0.00050411525,0.02245251,0.0008330909
2008-02-26,1.3364073e-05,0.048932906,0.9379047,0.9868376,0.9868376,0.00047637214,0.02182595,0.0010153239
2008-02-27,1.7165341e-05,0.041064337,0.9443566,0.98542094,0.98542094,0.00046043313,0.021457706,0.0011773972
2008-02-28,1.0011574e-05,0.07083191,0.91645235,0.98728424,0.98728424,0.0004895127,0.022124933,0.0007873361
2008-02-29,1.2054451e-05,0.09667138,0.88784486,0.98451626,0.98451626,0.00068125804,0.02610092,0.00077852333
2008-03-03,9.394646e-06,0.07233761,0.91527104,0.9876087,0.9876087,0.00062306435,0.024961257,0.00075816293
2008-03-04,7.996624e-06,0.09672501,0.88974106,0.98646605,0.98646605,0.0005799373,0.024081888,0.00059085665
2008-03-05,8.665172e-06,0.09500261,0.8912097,0.9862123,0.9862123,0.00052407885,0.022892768,0.0006284717
2008-03-06,1.1283587e-05,0.08755028,0.8968554,0.9844057,0.9844057,0.0006342834,0.025184983,0.00072357105
2008-03-07,1.1698627e-05,0.05606599,0.9311677,0.9872337,0.9872337,0.00058015244,0.024086354,0.0009163677
2008-03-10,8.974551e-06,0.061620075,0.9268329,0.988453,0.988453,0.0005524137,0.023503482,0.0007772173
2008-03-11,1.6919621e-05,0.041916266,0.9437047,0.985621,0.985621,0.0005625421,0.02371797,0.0011766877
2008-03-12,1.0824817e-05,0.06569217,0.9213399,0.9870321,0.9870321,0.0005479945,0.023409283,0.0008347404
2008-03-13,1.8540262e-05,0.038282145,0.9468567,0.98513883,0.98513883,0.000515826,0.022711802,0.0012475644
2008-03-14,1.34768825e-05,0.0603104,0.9252591,0.98556954,0.98556954,0.0005252238,0.02291776,0.0009339189
2008-03-17,1.1249474e-05,0.059071135,0.92804044,0.98711157,0.98711157,0.00057683326,0.024017353,0.00087283493
2008-03-18,1.251411e-05,0.14607312,0.8335788,0.9796519,0.9796519,0.0009323879,0.030535027,0.00061500224
2008-03-19,1.1422427e-05,0.14924867,0.8304948,0.9797435,0.9797435,0.0009598819,0.03098196,0.0005638889
2008-03-20,1.2123949e-05,0.14629267,0.83355486,0.97984755,0.97984755,0.0010731814,0.032759447,0.0006016117
2008-03-24,1.5809623e-05,0.1443654,0.83365905,0.9780244,0.9780245,0.00090996514,0.030165628,0.0007194179
2008-03-25,1.4960081e-05,0.14108261,0.83779705,0.97887963,0.9788797,0.0008950952,0.029918142,0.0007083248
2008-03-26,1.0709628e-05,0.100530304,0.8842494,0.9847797,0.9847797,0.00077843724,0.027900489,0.0007036418
2008-03-27,1.260113e-05,0.09808949,0.88527703,0.9833665,0.9833665,0.00072581536,0.02694096,0.0007575749
2008-03-28,1.5728736e-05,0.07323517,0.9105144,0.98374957,0.98374957,0.0006552168,0.025597204,0.0009678965
2008-03-31,9.731788e-06,0.086837344,0.89947444,0.9863118,0.9863118,0.0006514585,0.025523685,0.0007109615
2008-04-01,9.128518e-06,0.101146944,0.884477,0.98562396,0.98562396,0.0006762604,0.026005007,0.0006349812
2008-04-02,8.059661e-06,0.07271225,0.91535574,0.988068,0.988068,0.0007520277,0.027423125,0.0006754652
2008-04-03,9.066797e-06,0.092440195,0.8934979,0.9859381,0.9859381,0.0007056373,0.026563834,0.0006447763
2008-04-04,1.1192383e-05,0.10026802,0.8844295,0.9846975,0.9846975,0.000809837,0.028457636,0.00073140976
2008-04-07,1.48167455e-05,0.07594949,0.907925,0.9838745,0.9838745,0.00073732977,0.027153816,0.0009188394
2008-04-08,1.3738149e-05,0.13918054,0.8408116,0.97999215,0.97999215,0.0008687953,0.029475335,0.000686638
2008-04-09,1.233524e-05,0.117741235,0.86492515,0.9826664,0.9826664,0.00075663714,0.027507039,0.00071163644
2008-04-10,1.3155926e-05,0.13399203,0.8467799,0.9807719,0.9807719,0.0008241377,0.028707799,0.0006842031
2008-04-11,9.963068e-06,0.086787954,0.89943063,0.9862186,0.9862186,0.0007135826,0.026712967,0.0007229344
2008-04-14,1.0692729e-05,0.09124305,0.8943676,0.9856106,0.9856106,0.00068476715,0.026168056,0.00074309786
2008-04-15,1.0114888e-05,0.075782575,0.9112191,0.9870017,0.9870017,0.000644882,0.025394527,0.0007781711
2008-04-16,1.0501357e-05,0.10399089,0.8807147,0.9847056,0.9847056,0.0006152817,0.024804872,0.0006866157
2008-04-17,8.9970235e-06,0.08236623,0.9046724,0.9870386,0.9870386,0.0006041122,0.024578694,0.00069414044
2008-04-18,8.548228e-06,0.06368254,0.924912,0.98859453,0.98859453,0.000557262,0.023606397,0.00074948504
2008-04-21,9.9771305e-06,0.059163455,0.9289728,0.98813623,0.98813623,0.0005485882,0.02342196,0.00084097486
2008-04-22,8.796129e-06,0.06373288,0.9247349,0.98846775,0.98846775,0.0005310354,0.023044206,0.00076274195
2008-04-23,8.858952e-06,0.06179479,0.92668843,0.98848325,0.98848325,0.0005084432,0.022548685,0.0007692233
2008-04-24,7.859827e-06,0.07504093,0.9130929,0.98813385,0.98813385,0.00049680454,0.022289112,0.00066237367
2008-04-25,7.4946965e-06,0.067059316,0.9217641,0.9888234,0.9888234,0.00046156978,0.021484176,0.0006705712
2008-04-28,1.35101645e-05,0.04687913,0.93988395,0.98676306,0.98676306,0.00045036204,0.021221735,0.0010206411
2008-04-29,8.53896e-06,0.06984594,0.9183234,0.9881693,0.9881693,0.0004754424,0.021804642,0.00072176364
2008-04-30,8.454552e-06,0.10278266,0.8830871,0.98586977,0.98586977,0.00055356225,0.023527903,0.0005983306
2008-05-01,7.229944e-06,0.068541914,0.92028713,0.9888291,0.988829,0.00049730734,0.022300389,0.0006472109
2008-05-02,8.2003435e-06,0.071437605,0.9167289,0.9881665,0.9881665,0.00051175075,0.02262191,0.0006929777
2008-05-05,8.474162e-06,0.077565484,0.9098107,0.9873762,0.9873762,0.0005072193,0.02252153,0.00067128526
2008-05-06,8.990936e-06,0.1005094,0.8852824,0.9857918,0.9857918,0.0005746441,0.023971735,0.00063279923
2008-05-07,8.077037e-06,0.07941192,0.9082713,0.98768324,0.98768324,0.00051824586,0.022765014,0.00065577595
2008-05-08,8.449592e-06,0.081076495,0.90638226,0.98745877,0.98745877,0.00049900217,0.022338357,0.0006737449
2008-05-09,7.534969e-06,0.073991545,0.91434205,0.9883336,0.9883336,0.00046315353,0.021521002,0.0006458683
2008-05-12,8.324758e-06,0.08065835,0.9068432,0.9875015,0.9875015,0.0004744997,0.021783015,0.00066606066
2008-05-13,7.0191913e-06,0.07769018,0.91060746,0.98829764,0.98829764,0.00047239277,0.021734599,0.00059981
2008-05-14,9.204882e-06,0.08298389,0.9035696,0.9865535,0.9865535,0.00044633987,0.021126756,0.0006845555
2008-05-15,7.096471e-06,0.06954335,0.9192766,0.98881996,0.98881996,0.00043243406,0.02079505,0.00063474453
2008-05-16,8.041046e-06,0.06718286,0.9213723,0.98855513,0.98855513,0.00042496042,0.020614568,0.0007025898
2008-05-19,1.01730875e-05,0.060555615,0.9267674,0.98732305,0.98732305,0.00044825696,0.02117208,0.0008024867
2008-05-20,8.907091e-06,0.060774274,0.9276365,0.9884108,0.9884108,0.00043505523,0.020857979,0.0007685663
2008-05-21,1.0056083e-05,0.12743032,0.8557558,0.9831861,0.9831861,0.000495859,0.022267891,0.00059808244
2008-05-22,9.145684e-06,0.090467006,0.8957348,0.98620176,0.98620176,0.00050849566,0.022549849,0.0006628154
2008-05-23,8.272482e-06,0.1029834,0.88300395,0.98598737,0.98598737,0.0004669676,0.021609433,0.00059035874
2008-05-27,8.070526e-06,0.063645154,0.9251516,0.9887968,0.9887967,0.00044019648,0.02098086,0.0007203749
2008-05-28,7.29191e-06,0.088228054,0.8992789,0.9875069,0.9875069,0.000416624,0.02041137,0.0005836762
2008-05-29,9.403595e-06,0.05874889,0.9295,0.9882489,0.9882489,0.00039060705,0.01976378,0.00080023
2008-05-30,7.50968e-06,0.10151295,0.8850137,0.98652667,0.98652667,0.00045549622,0.021342358,0.0005573736
2008-06-02,8.213413e-06,0.063852325,0.92490417,0.9887565,0.9887565,0.00045110402,0.02123921,0.0007305018
2008-06-03,8.548288e-06,0.08308634,0.9042121,0.9872985,0.9872985,0.00045828812,0.021407666,0.00067301345
2008-06-04,7.5830167e-06,0.09255934,0.894519,0.9870783,0.9870783,0.00045972515,0.021441203,0.000586844
2008-06-05,7.174341e-06,0.078755885,0.90941155,0.98816746,0.9881674,0.00043458317,0.02084666,0.00060632324
2008-06-06,9.04972e-06,0.057012483,0.931116,0.9881285,0.9881285,0.0004127181,0.020315465,0.0007623053
2008-06-09,1.4020958e-05,0.04481588,0.94006246,0.98487836,0.98487836,0.00040452727,0.020112863,0.00092721154
2008-06-10,6.0608754e-06,0.08678532,0.90147585,0.98826116,0.98826116,0.0003963927,0.019909613,0.0005163097
2008-06-11,6.4521573e-06,0.07879269,0.90977407,0.98856676,0.98856676,0.0003787348,0.01946111,0.00056433305
2008-06-12,7.9925985e-06,0.0646086,0.9235084,0.988117,0.988117,0.00037693797,0.01941489,0.00067260663
2008-06-13,7.1004156e-06,0.067696035,0.9213126,0.9890086,0.9890086,0.0003639834,0.019078348,0.0006459977
2008-06-16,6.802232e-06,0.068484634,0.9206276,0.9891122,0.98911226,0.00035460552,0.018830972,0.00062475714
2008-06-17,7.1287877e-06,0.07004597,0.9187962,0.9888421,0.9888421,0.000373732,0.01933215,0.0006389022
2008-06-18,6.848376e-06,0.06892047,0.9201275,0.989048,0.989048,0.00035070864,0.018727217,0.0006253085
2008-06-19,8.64581e-06,0.06106326,0.92748487,0.98854816,0.98854816,0.00035692047,0.018892338,0.00075497123
2008-06-20,6.2418076e-06,0.09909704,0.88833547,0.9874325,0.9874325,0.00038278816,0.019564973,0.0004966618
2008-06-23,9.3069575e-06,0.056232132,0.93194604,0.9881782,0.9881782,0.0003571997,0.018899728,0.0007872703
2008-06-24,7.5844605e-06,0.06619351,0.92269593,0.98888946,0.98888946,0.00035688689,0.01889145,0.0006826363
2008-06-25,7.0780984e-06,0.07182281,0.9169101,0.98873293,0.98873293,0.0003506904,0.018726729,0.0006282113
2008-06-26,6.5604677e-06,0.07567596,0.91304463,0.9887206,0.9887206,0.00035685123,0.018890506,0.0005816325
2008-06-27,8.713106e-06,0.06075178,0.9271709,0.98792267,0.98792267,0.00038933413,0.019731551,0.0007214429
2008-06-30,7.5270327e-06,0.06693374,0.9219363,0.98887,0.98887,0.00037290994,0.019310877,0.0006762848
2008-07-01,7.13448e-06,0.06801321,0.92096865,0.98898184,0.98898184,0.00036077574,0.018994097,0.00064752024
2008-07-02,7.444262e-06,0.06804918,0.9207637,0.98881286,0.98881286,0.0003484315,0.01866632,0.0006654305
2008-07-03,9.997888e-06,0.053620603,0.9341322,0.9877528,0.9877528,0.00033309232,0.018250817,0.0008163404
2008-07-07,8.831896e-06,0.059609782,0.92879266,0.9884024,0.9884024,0.0003318858,0.018217733,0.0007615296
2008-07-08,6.487638e-06,0.10586642,0.8809891,0.9868555,0.9868555,0.00043775482,0.020922592,0.0004935632
2008-07-09,7.2416283e-06,0.12351064,0.86165965,0.9851703,0.9851703,0.0006346408,0.025192078,0.00048831943
2008-07-10,9.00537e-06,0.08867782,0.8977231,0.9864009,0.9864009,0.0006615709,0.025721021,0.00066220347
2008-07-11,1.1086122e-05,0.11136168,0.8714413,0.982803,0.982803,0.000655703,0.0256067,0.0006446539
2008-07-14,1.191127e-05,0.08326772,0.9010705,0.98433816,0.98433816,0.0007002543,0.026462318,0.0007605284
2008-07-15,9.167434e-06,0.100698896,0.8849749,0.9856738,0.9856738,0.0006448207,0.02539332,0.0006399062
2008-07-16,9.888293e-06,0.14914285,0.83189005,0.9810329,0.9810329,0.0007485397,0.027359454,0.0005213394
2008-07-17,9.273905e-06,0.10453274,0.88081133,0.98534405,0.98534405,0.0006392883,0.02528415,0.00063277414
2008-07-18,1.7990193e-05,0.17775933,0.7933674,0.97112674,0.97112674,0.0012138836,0.034840833,0.0006230744
2008-07-21,1.4454671e-05,0.09236008,0.8899396,0.9822997,0.9822997,0.0009830205,0.031353157,0.0008166336
2008-07-22,2.1664406e-05,0.079548635,0.89903617,0.9785848,0.9785848,0.0008920638,0.029867437,0.0010116381
2008-07-23,1.3490088e-05,0.15325575,0.8247764,0.9780322,0.9780322,0.00096978026,0.031141294,0.00061408384
2008-07-24,1.7247858e-05,0.104727685,0.87524897,0.97997665,0.97997665,0.00093263434,0.030539062,0.0008613874
2008-07-25,0.00014909655,0.024333995,0.92850554,0.95283955,0.95283955,0.0010795423,0.03285639,0.0031614746
2008-07-28,0.00010941422,0.044480503,0.9118068,0.9562873,0.9562873,0.0011676099,0.034170307,0.0025030319
2008-07-29,6.525602e-05,0.05593254,0.9081854,0.96411794,0.96411794,0.0011775446,0.03431537,0.0018186255
2008-07-30,2.7899856e-05,0.09328071,0.8818705,0.97515124,0.97515124,0.0011367538,0.03371578,0.0011227867
2008-07-31,3.83606e-05,0.040583525,0.9341029,0.97468644,0.97468644,0.0010315542,0.032117818,0.0015154172
2008-08-01,3.1488245e-05,0.058486883,0.9187637,0.9772506,0.9772506,0.0010097132,0.031775985,0.0013841337
2008-08-04,3.570882e-05,0.042580765,0.9351832,0.977764,0.977764,0.0010096768,0.03177541,0.0016059021
2008-08-05,7.189732e-05,0.10033739,0.8553238,0.9556612,0.9556612,0.0012070143,0.034742113,0.0016215432
2008-08-06,5.822032e-05,0.064816475,0.90250176,0.96731824,0.96731824,0.0011042897,0.033230852,0.0017814315
2008-08-07,4.6601508e-05,0.050432958,0.92273736,0.97317034,0.97317034,0.0010568603,0.032509387,0.00173694
2008-08-08,3.1798103e-05,0.05694283,0.9197619,0.9767047,0.9767047,0.0010486904,0.03238349,0.0013650018
2008-08-11,4.9966537e-05,0.0923084,0.8740798,0.9663882,0.9663882,0.00107947,0.03285529,0.0014865784
2008-08-12,5.547869e-05,0.04069249,0.93165684,0.97234935,0.97234935,0.0010076503,0.031743508,0.002006415
2008-08-13,3.4777877e-05,0.060459882,0.9155439,0.97600377,0.97600377,0.0009944377,0.031534705,0.0014493057
2008-08-14,4.155955e-05,0.037226465,0.9383315,0.9755579,0.9755579,0.0009592326,0.03097148,0.0017003281
2008-08-15,4.9219896e-05,0.052793283,0.91901165,0.9718049,0.9718049,0.0009964493,0.031566586,0.0017456907
2008-08-18,9.550888e-05,0.029064756,0.9363349,0.9653997,0.9653997,0.0009664051,0.031087056,0.002760347
2008-08-19,5.408599e-05,0.029555945,0.9452425,0.97479844,0.97479844,0.0010190319,0.031922277,0.0021461367
2008-08-20,6.208767e-05,0.034805436,0.93573004,0.97053546,0.97053546,0.0010210925,0.031954538,0.0021071995
2008-08-21,4.4434193e-05,0.04247773,0.93244666,0.9749244,0.9749244,0.0010232477,0.031988245,0.0017720081
2008-08-22,2.6938915e-05,0.03662157,0.9436037,0.98022527,0.98022527,0.0010184521,0.031913195,0.0013622895
2008-08-25,1.5216381e-05,0.118499234,0.8616791,0.9801783,0.9801783,0.0010818228,0.032891076,0.00076766266
2008-08-26,3.8592538e-05,0.034525845,0.94335127,0.97787714,0.97787714,0.00094791886,0.030788291,0.0017444643
2008-08-27,1.9489264e-05,0.1631117,0.80992585,0.97303754,0.97303754,0.0010429645,0.032294963,0.0007228296
2008-08-28,1.2421764e-05,0.09384035,0.89002174,0.9838621,0.9838621,0.0008967419,0.02994565,0.0007697263
2008-08-29,6.8872585e-05,0.034485478,0.9357016,0.97018707,0.97018707,0.0009732428,0.03119684,0.002310158
2008-09-02,5.9213227e-05,0.03248881,0.94049686,0.9729857,0.9729857,0.0009855235,0.031393047,0.0021919203
2008-09-03,7.6774086e-05,0.13720478,0.8089491,0.9461539,0.9461539,0.0012467306,0.035309073,0.0014258053
2008-09-04,5.3572603e-05,0.098153986,0.86420447,0.9623585,0.9623585,0.0010853682,0.03294493,0.0014232314
2008-09-05,5.653569e-05,0.06384192,0.90435433,0.9681963,0.9681963,0.0009980865,0.031592507,0.0017776436
2008-09-08,5.2168572e-05,0.072281435,0.89648783,0.96876925,0.96876925,0.0009784935,0.03128088,0.0016704234
2008-09-09,2.5641417e-05,0.108161315,0.86662894,0.9747903,0.9747903,0.0009375326,0.030619154,0.001017124
2008-09-10,4.827253e-05,0.03172996,0.9445115,0.9762414,0.9762414,0.00083830825,0.028953554,0.0020317927
2008-09-11,7.027402e-05,0.026257394,0.94503844,0.97129583,0.97129583,0.0008513018,0.029177077,0.0024482168
2008-09-12,8.3874154e-05,0.0506629,0.91049975,0.9611626,0.9611626,0.00088487606,0.029746866,0.0021596248
2008-09-15,0.00012537466,0.015634824,0.9492034,0.9648382,0.9648382,0.00090310565,0.030051716,0.0035656504
2008-09-16,0.0001475908,0.01624419,0.9443692,0.96061337,0.96061337,0.0009826317,0.031346958,0.003747231
2008-09-17,0.00022764612,0.014488054,0.9361276,0.95061564,0.95061564,0.0010782031,0.032836,0.0046096807
2008-09-18,3.7745045e-05,0.04029435,0.9369012,0.97719556,0.97719556,0.0013376102,0.036573354,0.0016551622
2008-09-19,0.0001613532,0.008453841,0.95597476,0.9644286,0.9644286,0.0013461588,0.036690038,0.004536038
2008-09-22,6.628118e-05,0.022548823,0.9476944,0.9702432,0.9702432,0.001449399,0.038070973,0.002227431
2008-09-23,9.110889e-05,0.010061384,0.95986253,0.9699239,0.9699239,0.0014463309,0.038030658,0.0030292799
2008-09-24,7.061915e-05,0.21146578,0.6953249,0.9067907,0.9067907,0.0014918786,0.038624845,0.0007576404
2008-09-25,6.3571584e-05,0.02086493,0.9534973,0.9743622,0.9743622,0.0013256363,0.03640929,0.0024796033
2008-09-26,2.8039485e-05,0.038060248,0.9425568,0.98061705,0.98061705,0.0013283257,0.036446203,0.0014466054
2008-09-29,8.159336e-05,0.024403919,0.94534296,0.9697469,0.9697469,0.0013214182,0.036351316,0.0026970236
2008-09-30,3.1216787e-05,0.11169624,0.859256,0.9709523,0.9709523,0.0013589368,0.03686376,0.0010746722
2008-10-01,4.9841903e-05,0.065743044,0.90101063,0.96675366,0.96675366,0.0012981793,0.036030255,0.0014991697
2008-10-02,3.1887e-05,0.077523306,0.89869505,0.97621834,0.97621834,0.0013167307,0.036286786,0.0013408234
2008-10-03,3.3792952e-05,0.058076322,0.91901594,0.97709227,0.97709227,0.0012959937,0.035999913,0.0014751765
2008-10-06,4.4992976e-05,0.028129375,0.94960326,0.97773266,0.97773266,0.0012403993,0.035219304,0.0020205814
2008-10-07,2.7224967e-05,0.1338744,0.83742553,0.97129995,0.97129995,0.0013749481,0.03708029,0.0009486034
2008-10-08,0.000110667796,0.044953417,0.90958095,0.95453435,0.95453435,0.0011910949,0.03451224,0.002434097
2008-10-09,0.00010549077,0.040092114,0.91937107,0.9594632,0.9594632,0.0011946616,0.034563877,0.0026023444
2008-10-10,5.1364765e-05,0.05805357,0.9123869,0.97044045,0.97044045,0.0012100342,0.034785546,0.0017376706
2008-10-13,2.7425387e-05,0.12622035,0.8451144,0.97133476,0.97133476,0.001263796,0.03554991,0.00095674704
2008-10-14,4.4066473e-05,0.073130384,0.8934473,0.96657765,0.96657765,0.0011642877,0.03412166,0.0013184731
2008-10-15,3.0080306e-05,0.06072,0.9172456,0.97796565,0.97796565,0.0010869468,0.032968875,0.0013651553
2008-10-16,8.469584e-05,0.03907795,0.92590463,0.96498257,0.96498257,0.0010515273,0.032427263,0.0024186766
2008-10-17,7.3730815e-05,0.0596726,0.9045169,0.96418947,0.96418947,0.0010694768,0.032702856,0.0020589144
2008-10-20,4.727121e-05,0.030054191,0.9450556,0.9751098,0.9751098,0.001050433,0.032410383,0.0018991908
2008-10-21,0.00013281587,0.009972342,0.9561189,0.9660912,0.9660912,0.0010412381,0.032268222,0.0039168573
2008-10-22,9.647482e-05,0.032078788,0.93331414,0.96539295,0.96539295,0.0011307191,0.033626165,0.0027877213
2008-10-23,3.5929068e-05,0.036359143,0.9429186,0.97927773,0.97927773,0.0011547669,0.03398186,0.0017338385
2008-10-24,0.00012027804,0.016645398,0.9480761,0.9647215,0.9647215,0.0012310633,0.035086513,0.0034093866
2008-10-27,0.00018047793,0.023607984,0.9292453,0.95285326,0.95285326,0.001300691,0.036065094,0.0038280047
2008-10-28,0.00016628324,0.021707395,0.93324625,0.9549537,0.9549537,0.0013975616,0.037383977,0.0036913827
2008-10-29,0.0002396811,0.019286124,0.9273602,0.9466463,0.9466463,0.00147307,0.038380593,0.004492303
2008-10-30,2.8560953e-05,0.07342594,0.9027648,0.97619075,0.97619075,0.001644696,0.04055485,0.0011995736
2008-10-31,0.0001900125,0.018568767,0.9363705,0.95493925,0.95493925,0.0015157079,0.038932092,0.004216807
2008-11-03,0.00012256345,0.01988439,0.94503444,0.96491885,0.96491885,0.001662416,0.040772736,0.0034937125
2008-11-04,8.006339e-05,0.05178747,0.91354257,0.96533006,0.96533006,0.0016949676,0.041169986,0.0023093033
2008-11-05,1.3477081e-05,0.10382197,0.877186,0.981008,0.981008,0.0017818995,0.04221255,0.00070961856
2008-11-06,2.750287e-05,0.058798168,0.92095494,0.97975314,0.97975314,0.0015785018,0.039730363,0.0013583768
2008-11-07,2.84351e-05,0.06418837,0.9152968,0.97948515,0.97948515,0.0015650311,0.039560474,0.0013860743
2008-11-10,4.197498e-05,0.04774268,0.9278194,0.97556204,0.97556204,0.0015271284,0.03907849,0.0017176137
2008-11-11,2.464048e-05,0.097864546,0.88068247,0.97854704,0.97854704,0.0016951762,0.04117252,0.0011485816
2008-11-12,2.761376e-05,0.119716726,0.85441285,0.97412956,0.97412956,0.0021078729,0.045911577,0.0010673865
2008-11-13,4.318108e-05,0.11280795,0.8543097,0.9671176,0.9671176,0.002077198,0.045576286,0.0013131977
2008-11-14,1.9296627e-05,0.1332037,0.84272003,0.9759237,0.9759237,0.00183822,0.04287447,0.0008014787
2008-11-17,5.7977177e-05,0.046455577,0.92503476,0.9714903,0.9714903,0.0015684752,0.03960398,0.0020335964
2008-11-18,7.142157e-05,0.073860906,0.8892262,0.9630871,0.9630871,0.0015645494,0.039554384,0.0019348665
2008-11-19,5.644398e-05,0.035351332,0.9381365,0.97348785,0.97348785,0.0014630852,0.038250297,0.0021289857
2008-11-20,7.623776e-05,0.039796747,0.92857426,0.96837103,0.96837103,0.0014709735,0.03835327,0.0024103778
2008-11-21,8.174396e-05,0.05970036,0.9018461,0.9615465,0.9615465,0.0016113899,0.040142123,0.0021257862
2008-11-24,2.0067708e-05,0.14060244,0.8341348,0.9747373,0.9747373,0.0015748333,0.03968417,0.00079436076
2008-11-25,1.3805567e-05,0.13706084,0.8424449,0.9795057,0.9795057,0.0018614505,0.04314453,0.00067363016
2008-11-26,3.374495e-05,0.15120342,0.814312,0.9655154,0.9655154,0.0023625654,0.048606228,0.0009785505
2008-11-28,1.866788e-05,0.15073647,0.82387567,0.9746121,0.9746121,0.002795156,0.052869234,0.0007353067
2008-12-01,4.99764e-05,0.031639226,0.94388795,0.97552717,0.97552717,0.0027739052,0.052667875,0.0020421175
2008-12-02,4.331763e-05,0.18013844,0.7743443,0.95448273,0.9544828,0.0026749228,0.051719654,0.00095167465
2008-12-03,3.41997e-05,0.10546637,0.8662538,0.97172016,0.97172016,0.0022501517,0.047435764,0.0012093314
2008-12-04,2.6756647e-05,0.079630606,0.8977171,0.97734773,0.97734773,0.0019982187,0.04470144,0.0011811906
2008-12-05,7.821782e-05,0.08353534,0.87401056,0.9575459,0.9575459,0.002045859,0.04523117,0.001842408
2008-12-08,9.115094e-05,0.06438553,0.89276385,0.9571494,0.9571494,0.0020475292,0.045249633,0.0021271794
2008-12-09,4.8218073e-05,0.10769276,0.8518754,0.9595682,0.9595682,0.001980686,0.0445049,0.001192578
2008-12-10,7.084486e-05,0.079834305,0.8796759,0.9595102,0.9595102,0.0017362101,0.041667853,0.0017496967
2008-12-11,3.3572785e-05,0.07697545,0.89656717,0.97354263,0.97354263,0.0016275878,0.040343374,0.0012689389
2008-12-12,5.0253246e-05,0.070929065,0.8923398,0.9632689,0.9632689,0.0015110502,0.038872227,0.001368138
2008-12-15,8.263434e-05,0.046567723,0.91692865,0.9634964,0.9634964,0.0014259815,0.03776217,0.0022637304
2008-12-16,7.954395e-05,0.037607696,0.929823,0.96743065,0.96743065,0.00142775,0.03778558,0.0024422947
2008-12-17,5.4287986e-05,0.066315256,0.9016711,0.96798635,0.96798635,0.0014204043,0.03768825,0.001695776
2008-12-18,0.00012072257,0.06394087,0.88681847,0.95075935,0.95075935,0.0013701491,0.037015524,0.0024516853
2008-12-19,6.3647596e-05,0.05995132,0.9071481,0.9670994,0.9670994,0.0013458031,0.03668519,0.0019345437
2008-12-22,0.00030501882,0.047210477,0.87037534,0.9175858,0.9175858,0.0013762853,0.03709832,0.0037010466
2008-12-23,0.00017644782,0.0059171002,0.9560023,0.96191937,0.96191937,0.0015054342,0.038799927,0.004633532
2008-12-24,0.00022616687,0.15758559,0.73265576,0.8902413,0.8902414,0.0016540557,0.040670082,0.002060583
2008-12-26,6.616096e-05,0.065239854,0.900525,0.9657648,0.9657648,0.0015790487,0.039737247,0.0019325431
2008-12-29,3.3595832e-05,0.04221354,0.9341974,0.976411,0.976411,0.0015011207,0.0387443,0.0014242152
2008-12-30,1.5667163e-05,0.1246624,0.8556165,0.9802789,0.9802789,0.0015502971,0.03937381,0.00079443696
2008-12-31,4.1413965e-05,0.1071025,0.861848,0.9689505,0.9689505,0.0016057759,0.040072136,0.001333805
2009-01-02,1.8303592e-05,0.09573598,0.8815946,0.97733057,0.97733057,0.0016061391,0.040076666,0.0008074128
2009-01-05,3.3502365e-05,0.19108686,0.76597893,0.9570658,0.9570658,0.0017839087,0.042236343,0.0007803192
2009-01-06,1.5748035e-05,0.14267813,0.83517736,0.9778555,0.9778555,0.0014550306,0.038144864,0.00071114895
2009-01-07,1.8202398e-05,0.124550685,0.8543548,0.9789055,0.9789055,0.0012612033,0.035513423,0.0008628978
2009-01-08,2.537145e-05,0.11051893,0.8650397,0.97555864,0.97555864,0.0011384404,0.033740785,0.0010380539
2009-01-09,2.0671934e-05,0.09386658,0.8856301,0.97949666,0.97949666,0.0012893792,0.035907928,0.0010082227
2009-01-12,1.7171866e-05,0.08862679,0.89290977,0.98153657,0.98153657,0.0011758045,0.034290005,0.0009300473
2009-01-13,4.778324e-05,0.09191628,0.87604654,0.9679628,0.9679628,0.0010691946,0.032698542,0.0014914925
2009-01-14,4.2305328e-05,0.14568456,0.81349254,0.9591771,0.9591771,0.00139181,0.03730697,0.001036313
2009-01-15,2.7920503e-05,0.09571709,0.87948936,0.97520643,0.97520643,0.0014309222,0.037827533,0.0011261189
2009-01-16,0.00014697027,0.11496521,0.8126573,0.9276225,0.9276225,0.0013495203,0.036735818,0.002030607
2009-01-20,8.677513e-05,0.024080915,0.9436994,0.96778035,0.96778035,0.001251982,0.03538336,0.0026932363
2009-01-21,6.23916e-05,0.02041511,0.95364255,0.9740577,0.9740577,0.0012952508,0.035989594,0.0024050118
2009-01-22,6.272775e-05,0.03835339,0.92991,0.9682634,0.9682634,0.0013153657,0.03626797,0.0019765105
2009-01-23,0.00012913861,0.025871517,0.9332099,0.9590814,0.9590814,0.0013023696,0.03608836,0.0031559889
2009-01-26,0.0001557718,0.06671563,0.8656666,0.9323823,0.9323822,0.0013766449,0.037103165,0.002303713
2009-01-27,0.000108905486,0.0517152,0.9047619,0.9564771,0.9564771,0.0013498978,0.036740955,0.0025022575
2009-01-28,0.00012613293,0.10908022,0.8284261,0.9375063,0.9375063,0.0013307376,0.036479276,0.0020183309
2009-01-29,0.00010666079,0.04512932,0.9082946,0.9534239,0.9534239,0.0012322303,0.03510314,0.0022900335
2009-01-30,9.590593e-05,0.07476829,0.8802067,0.954975,0.954975,0.0012483345,0.03533178,0.00213006
2009-02-02,0.00014984387,0.035792988,0.91506845,0.95086145,0.95086145,0.0012871213,0.03587647,0.003049416
2009-02-03,4.5419078e-05,0.042322483,0.9335378,0.97586024,0.97586024,0.0013629607,0.036918297,0.0018815048
2009-02-04,0.00016457874,0.030305792,0.9191861,0.9494919,0.9494919,0.001321611,0.036353968,0.0032584635
2009-02-05,9.982789e-05,0.10136517,0.84713936,0.9485045,0.9485045,0.0013899239,0.03728168,0.0019385753
2009-02-06,8.336441e-05,0.06265741,0.8969253,0.9595827,0.9595827,0.0012873174,0.035879206,0.0020625915
2009-02-09,0.0001097979,0.03997586,0.92195046,0.96192634,0.96192634,0.0012879797,0.035888433,0.0028838282
2009-02-10,4.8360635e-05,0.03921664,0.9363012,0.9755178,0.9755178,0.0012992634,0.036045298,0.0019753394
2009-02-11,4.6200672e-05,0.11551043,0.8511171,0.9666275,0.9666275,0.0013890769,0.037270322,0.0013843926
2009-02-12,7.066589e-05,0.11454948,0.84132326,0.9558727,0.9558727,0.0012290361,0.03505761,0.0016014103
2009-02-13,8.047295e-05,0.079103574,0.881103,0.96020657,0.96020657,0.0011166444,0.03341623,0.002022267
2009-02-17,7.304543e-05,0.01342724,0.9608935,0.97432077,0.97432077,0.0010684284,0.032686822,0.0028445332
2009-02-18,3.9196813e-05,0.14145148,0.8232466,0.9646981,0.9646981,0.001143852,0.033820882,0.0011103308
2009-02-19,5.6624176e-05,0.034075927,0.93949884,0.97357476,0.97357476,0.0009819939,0.03133678,0.0021428063
2009-02-20,0.00015221341,0.010845026,0.94965196,0.96049696,0.96049696,0.0010154201,0.031865656,0.0038532077
2009-02-23,0.00019025366,0.049282897,0.89224064,0.94152355,0.94152355,0.0011198713,0.033464476,0.0032535093
2009-02-24,8.298666e-05,0.055465724,0.9081261,0.9635918,0.9635918,0.0012147713,0.03485357,0.0022793408
2009-02-25,3.7778293e-05,0.095768824,0.87484634,0.97061515,0.97061515,0.0012486607,0.035336394,0.0012856384
2009-02-26,2.365918e-05,0.09311056,0.88392645,0.977037,0.977037,0.0013090253,0.036180455,0.0010303181
2009-02-27,1.6798056e-05,0.14150685,0.834604,0.9761109,0.9761109,0.0011834265,0.034400966,0.0007031675
2009-03-02,4.6921603e-05,0.06437107,0.908887,0.9732581,0.9732581,0.001127243,0.03357444,0.0017546085
2009-03-03,3.5334004e-05,0.14434537,0.82221556,0.9665609,0.96656096,0.0010789832,0.03284788,0.0010566673
2009-03-04,3.3078402e-05,0.06987304,0.90571886,0.9755919,0.9755919,0.00106153,0.03258113,0.0013552222
2009-03-05,2.0961874e-05,0.043175105,0.940082,0.9832571,0.9832571,0.0010075645,0.031742156,0.001251987
2009-03-06,3.4622484e-05,0.1141463,0.85754156,0.97168785,0.97168785,0.0011215846,0.033490065,0.0012228845
2009-03-09,0.00015024748,0.05149595,0.89269596,0.94419193,0.94419193,0.0011394782,0.03375616,0.002692218
2009-03-10,3.6207948e-05,0.060843892,0.9154511,0.976295,0.976295,0.0011886368,0.03447661,0.0015274389
2009-03-11,0.00015995509,0.07846527,0.86009884,0.9385641,0.9385641,0.0011267489,0.03356708,0.0026036103
2009-03-12,6.919677e-05,0.0869032,0.87465125,0.96155447,0.96155447,0.0011382086,0.033737347,0.0017998652
2009-03-13,3.6943344e-05,0.0789817,0.89137006,0.97035176,0.97035176,0.001288777,0.03589954,0.001246055
2009-03-16,3.2277792e-05,0.08656543,0.888876,0.97544146,0.97544146,0.0012051623,0.034715448,0.0013143203
2009-03-17,6.0697075e-05,0.04568703,0.92428654,0.96997356,0.96997356,0.0011412182,0.033781923,0.0020214545
2009-03-18,0.00010017034,0.06715734,0.8856197,0.952777,0.952777,0.00111982,0.033463713,0.0021212206
2009-03-19,6.084429e-05,0.07342841,0.89285904,0.96628743,0.96628743,0.0011693055,0.03419511,0.0018047956
2009-03-20,0.0003952946,0.111175105,0.7534681,0.8646432,0.8646432,0.002253688,0.047473025,0.00292039
2009-03-23,3.7576207e-05,0.113779254,0.8561589,0.96993816,0.96993816,0.0021116594,0.045952797,0.0012499635
2009-03-24,2.2713384e-05,0.07453949,0.90520144,0.9797409,0.9797409,0.0018743733,0.04329403,0.0011211458
2009-03-25,2.1713216e-05,0.11098564,0.86737126,0.9783569,0.9783569,0.0017309958,0.041605238,0.0010032395
2009-03-26,2.809173e-05,0.05132255,0.9295621,0.9808846,0.9808847,0.0015248551,0.039049394,0.0014695872
2009-03-27,4.481842e-05,0.067996025,0.9019157,0.96991175,0.96991175,0.001881585,0.04337724,0.0014895657
2009-03-30,5.6563e-05,0.15637907,0.7959107,0.9522898,0.9522898,0.002213006,0.047042597,0.0011855541
2009-03-31,5.0173847e-05,0.14493378,0.8130471,0.9579809,0.9579809,0.001954156,0.044205837,0.0011940716
2009-04-01,2.5880316e-05,0.15007772,0.81969273,0.96977043,0.96977043,0.0016536423,0.040665,0.00085612584
2009-04-02,4.5903624e-05,0.15548629,0.8028641,0.95835036,0.95835036,0.0014505947,0.038086675,0.0011021374
2009-04-03,4.4846664e-05,0.08580269,0.8794845,0.96528715,0.96528715,0.0012962441,0.03600339,0.0012919325
2009-04-06,4.0111623e-05,0.058524527,0.9159949,0.97451943,0.97451943,0.0011872088,0.034455895,0.0015742044
2009-04-07,3.9490897e-05,0.05430603,0.9210709,0.9753769,0.9753769,0.0011467915,0.033864312,0.0016038152
2009-04-08,4.454187e-05,0.11779402,0.84667486,0.9644689,0.9644689,0.001212767,0.034824803,0.0012536022
2009-04-09,5.484162e-05,0.055704173,0.914249,0.9699532,0.9699532,0.001114408,0.03338275,0.0018252054
2009-04-13,5.5523575e-05,0.019670852,0.9561154,0.97578627,0.97578627,0.001075264,0.032791216,0.0022930615
2009-04-14,3.635799e-05,0.065278605,0.9102799,0.9755585,0.9755585,0.0010841277,0.032926094,0.0014875527
2009-04-15,4.083071e-05,0.052137513,0.9231911,0.97532856,0.97532856,0.0010418175,0.032277197,0.0016549791
2009-04-16,4.718634e-05,0.0201247,0.95882607,0.97895074,0.97895074,0.001002714,0.03166566,0.00224171
2009-04-17,5.5036333e-05,0.018986063,0.95803404,0.9770201,0.9770201,0.0010217801,0.031965293,0.0023949754
2009-04-20,3.4077675e-05,0.033093587,0.9476024,0.98069596,0.98069596,0.0010581206,0.032528765,0.0017653134
2009-04-21,3.3703778e-05,0.11925221,0.8511032,0.9703554,0.9703554,0.0011255787,0.033549644,0.0011369277
2009-04-22,6.878863e-05,0.035119563,0.9339404,0.96906,0.96905994,0.0009993573,0.031612612,0.0022232914
2009-04-23,3.9595852e-05,0.021713352,0.95859694,0.9803103,0.9803103,0.0010034655,0.03167752,0.0020109953
2009-04-24,7.203339e-05,0.04035956,0.9280185,0.96837807,0.96837807,0.0010284786,0.032069903,0.0022779566
2009-04-27,0.00018729555,0.026830249,0.91897666,0.9458069,0.9458069,0.0010709665,0.032725625,0.0034560787
2009-04-28,4.0417977e-05,0.0509448,0.9251564,0.9761012,0.9761012,0.0011761844,0.034295544,0.0016912151
2009-04-29,5.7374124e-05,0.049352307,0.92142934,0.9707816,0.9707816,0.0011508137,0.033923645,0.0019636315
2009-04-30,2.3544644e-05,0.08002889,0.89909375,0.97912264,0.97912264,0.0011476275,0.03387665,0.0011277596
2009-05-01,2.6523403e-05,0.05076168,0.93041795,0.98117965,0.98117965,0.0010613558,0.032578457,0.0014092942
2009-05-04,3.448839e-05,0.07609972,0.8985057,0.9746054,0.97460544,0.0011420703,0.03379453,0.0013580984
2009-05-05,2.7686949e-05,0.086144,0.8915888,0.9777328,0.9777328,0.0012467518,0.03530937,0.0012433948
2009-05-06,2.2242262e-05,0.06907574,0.9126843,0.9817601,0.9817601,0.0012156168,0.034865696,0.0012194279
2009-05-07,2.2183642e-05,0.12427803,0.8525675,0.9768455,0.9768455,0.0014973229,0.038695257,0.00095807057
2009-05-08,3.689369e-05,0.069824785,0.9065273,0.9763521,0.9763521,0.0015960536,0.03995064,0.001560125
2009-05-11,2.5576106e-05,0.05559404,0.92614645,0.9817405,0.9817405,0.00169524,0.041173294,0.0014006994
2009-05-12,2.0572654e-05,0.039644573,0.9454854,0.98513,0.98513,0.0015958139,0.03994764,0.0013835017
2009-05-13,2.5718915e-05,0.035778757,0.9479764,0.9837552,0.9837552,0.0015746972,0.039682455,0.0015832062
2009-05-14,3.0720814e-05,0.03034624,0.9522858,0.98263204,0.98263204,0.0015430793,0.039282046,0.0017688212
2009-05-15,1.924284e-05,0.040901016,0.9445036,0.9854046,0.9854046,0.0015027988,0.03876595,0.0013184191
2009-05-18,2.259553e-05,0.037678972,0.9464418,0.9841208,0.9841208,0.0015253677,0.039055955,0.0014229628
2009-05-19,2.1386088e-05,0.057551146,0.9241491,0.98170024,0.98170024,0.0014701578,0.038342636,0.0011686541
2009-05-20,2.581456e-05,0.07495615,0.9040061,0.9789623,0.9789623,0.0015585078,0.03947794,0.001227062
2009-05-21,4.4792272e-05,0.030253133,0.94782335,0.97807646,0.97807646,0.0014502845,0.0380826,0.0020431129
2009-05-22,8.361915e-05,0.10522215,0.845804,0.95102614,0.95102614,0.0017028453,0.041265547,0.0017074241
2009-05-26,6.189856e-05,0.06652692,0.89777684,0.96430373,0.96430373,0.0015871616,0.039839197,0.0017340344
2009-05-27,5.5377484e-05,0.0723153,0.8942353,0.9665506,0.9665506,0.0014895792,0.038595065,0.0016555593
2009-05-28,4.4794433e-05,0.06435054,0.90693367,0.9712842,0.9712842,0.0013874291,0.03724821,0.0015599234
2009-05-29,5.6067158e-05,0.19819011,0.7430719,0.941262,0.941262,0.0021121968,0.045958642,0.0009545297
2009-06-01,3.5559184e-05,0.0624917,0.9130628,0.9755545,0.9755545,0.0018174045,0.042631026,0.0014546326
2009-06-02,5.3939326e-05,0.16630042,0.7858288,0.95212924,0.95212924,0.002354342,0.048521563,0.0011267699
2009-06-03,2.6165886e-05,0.09675117,0.87938565,0.9761368,0.9761368,0.0020600157,0.045387395,0.0010964954
2009-06-04,4.4817854e-05,0.16744815,0.7881107,0.95555884,0.95555884,0.0026150318,0.05113738,0.0010084761
2009-06-05,2.856728e-05,0.116062604,0.85557526,0.97163785,0.97163785,0.0021291538,0.046142753,0.0010072323
2009-06-08,4.2359858e-05,0.072974555,0.8991092,0.97208375,0.97208375,0.0018774391,0.043329425,0.0015173905
2009-06-09,5.235923e-05,0.059027355,0.9110955,0.9701229,0.9701229,0.0018241988,0.04271064,0.0017524855
2009-06-10,4.675007e-05,0.084574245,0.8833564,0.9679306,0.9679306,0.001714381,0.041405085,0.0014577787
2009-06-11,4.9833285e-05,0.04234399,0.93101454,0.9733585,0.9733585,0.0015641815,0.039549734,0.0018705144
2009-06-12,8.6202286e-05,0.05777453,0.90251297,0.9602875,0.9602875,0.0016540881,0.040670484,0.0021706594
2009-06-15,8.047234e-05,0.021782316,0.94933397,0.9711163,0.9711163,0.0016005739,0.040007174,0.0027860817
2009-06-16,0.00013021356,0.0852604,0.8582816,0.943542,0.943542,0.0017432395,0.04175212,0.0023063794
2009-06-17,6.3039486e-05,0.028154211,0.9447775,0.9729317,0.9729317,0.0016398291,0.040494803,0.002328903
2009-06-18,7.8331555e-05,0.01488033,0.95976293,0.9746433,0.9746433,0.0016373072,0.040463652,0.0030891844
2009-06-19,4.925606e-05,0.01965828,0.9594144,0.9790727,0.9790727,0.0016714046,0.040882815,0.0023536738
2009-06-22,4.4881555e-05,0.02329633,0.9558674,0.97916377,0.97916377,0.0016571372,0.04070795,0.0021540148
2009-06-23,4.8567774e-05,0.023059718,0.95528567,0.9783454,0.9783454,0.001643045,0.040534493,0.002242838
2009-06-24,3.8245496e-05,0.027371848,0.9520309,0.9794027,0.9794027,0.0016224222,0.040279303,0.0018568228
2009-06-25,6.930743e-05,0.014616793,0.9613084,0.9759252,0.9759252,0.0016086167,0.040107563,0.0028788382
2009-06-26,3.9759532e-05,0.035059724,0.9421648,0.9772245,0.9772245,0.001622781,0.04028376,0.0017457173
2009-06-29,5.775256e-05,0.019723631,0.9575641,0.97728777,0.97728777,0.0015945393,0.03993168,0.0025427956
2009-06-30,6.754031e-05,0.014523075,0.9606915,0.9752146,0.9752146,0.0015846483,0.03980764,0.002725004
2009-07-01,4.193207e-05,0.038499583,0.9387894,0.977289,0.977289,0.0016011386,0.04001423,0.0018463348
2009-07-02,0.00027575123,0.008970677,0.9411476,0.9501183,0.9501183,0.0015491319,0.039359014,0.0055281045
2009-07-06,5.3027226e-05,0.035779323,0.9385295,0.9743088,0.9743088,0.0017547158,0.04188933,0.002064022
2009-07-07,0.00013317022,0.02181291,0.938963,0.9607759,0.9607759,0.0017458489,0.041783355,0.0033951132
2009-07-08,0.00015227428,0.020821594,0.93674725,0.9575688,0.9575688,0.0017784447,0.042171612,0.0035887358
2009-07-09,0.00011811924,0.02095277,0.94267064,0.9636234,0.9636234,0.0018284959,0.042760916,0.003247122
2009-07-10,4.3148764e-05,0.040105507,0.935352,0.97545755,0.97545755,0.0018474766,0.042982284,0.0017581277
2009-07-13,0.00012662972,0.010975514,0.95637286,0.9673484,0.9673484,0.0017752948,0.042134248,0.0038782083
2009-07-14,7.1929826e-05,0.022300534,0.95013666,0.9724372,0.9724372,0.0018363893,0.042853113,0.0026096709
2009-07-15,5.6462944e-05,0.08433085,0.8811955,0.96552634,0.96552634,0.0018721183,0.043267984,0.0016378576
2009-07-16,7.371875e-05,0.050369926,0.9131415,0.9635114,0.9635114,0.0018643126,0.043177687,0.0020203232
2009-07-17,0.0001472173,0.15477233,0.7658747,0.920647,0.920647,0.00239777,0.04896703,0.001855221
2009-07-20,3.435549e-05,0.073760994,0.9009151,0.9746761,0.9746761,0.0019836442,0.04453812,0.0013566414
2009-07-21,6.1711726e-05,0.0419722,0.929672,0.9716442,0.9716442,0.0018237986,0.042705957,0.002176337
2009-07-22,3.646277e-05,0.037846718,0.94153196,0.9793787,0.9793787,0.0017581091,0.04192981,0.0017682092
2009-07-23,4.566696e-05,0.025466263,0.9537944,0.9792607,0.9792607,0.0017130009,0.041388415,0.0022019509
2009-07-24,6.813983e-05,0.030155873,0.9402746,0.9704305,0.9704305,0.0017904609,0.042313837,0.0023043952
2009-07-27,6.3918036e-05,0.023324972,0.9518917,0.9752167,0.9752167,0.0018004924,0.04243221,0.0025790755
2009-07-28,5.119376e-05,0.03141034,0.94446594,0.9758763,0.9758763,0.001792057,0.042332694,0.002122133
2009-07-29,8.213731e-05,0.030129446,0.9391511,0.96928054,0.96928054,0.0017552193,0.041895337,0.0026737878
2009-07-30,0.00010793546,0.04813646,0.9103133,0.9584498,0.9584498,0.0017913692,0.04232457,0.002597711
2009-07-31,3.054722e-05,0.19096631,0.76650375,0.95747006,0.95747006,0.0022445114,0.047376275,0.00071825215
2009-08-03,3.1215553e-05,0.049381636,0.92904556,0.9784272,0.9784272,0.0018621893,0.043153092,0.0014469847
2009-08-04,0.00014574823,0.10625157,0.8271798,0.9334314,0.9334314,0.0022420597,0.04735039,0.0021894437
2009-08-05,4.2689502e-05,0.05573564,0.9187544,0.97449005,0.97449005,0.0020059412,0.044787735,0.0016734449
2009-08-06,4.8036647e-05,0.033438377,0.94296014,0.9763985,0.9763985,0.0018916867,0.043493524,0.0020353242
2009-08-07,4.289544e-05,0.055236384,0.91878057,0.97401696,0.97401696,0.0020282597,0.045036204,0.0016509019
2009-08-10,6.629108e-05,0.029668279,0.9424998,0.9721681,0.9721681,0.0019251227,0.04387622,0.0023818372
2009-08-11,5.407808e-05,0.04314131,0.9286227,0.971764,0.971764,0.001883025,0.043393835,0.0019152194
2009-08-12,4.8049915e-05,0.053585414,0.9182867,0.9718721,0.9718721,0.0018356643,0.042844653,0.0017082647
2009-08-13,5.7207744e-05,0.02300377,0.9527631,0.97576684,0.97576684,0.0017500481,0.041833576,0.0023607214
2009-08-14,0.000164404,0.016695512,0.94013643,0.95683193,0.95683193,0.0017647175,0.04200854,0.0038084632
2009-08-17,0.00020991602,0.020067897,0.92834526,0.94841313,0.94841313,0.0018381177,0.042873275,0.0040691756
2009-08-18,0.00044638792,0.011759094,0.91167617,0.9234353,0.9234353,0.001927152,0.04389934,0.005830203
2009-08-19,0.00037511636,0.009368875,0.922889,0.9322579,0.9322579,0.0022086136,0.04699589,0.0055374177
2009-08-20,0.0004641991,0.005681249,0.9254406,0.9311219,0.9311219,0.0024139637,0.049132105,0.0067394283
2009-08-21,0.0006076129,0.0070322063,0.90951353,0.91654575,0.91654575,0.0027167657,0.052122604,0.0072807902
2009-08-24,0.0013280665,0.0044541904,0.8626664,0.8671206,0.8671206,0.0030953332,0.05563572,0.009994526
2009-08-25,0.0005050086,0.037480228,0.8542277,0.89170796,0.89170796,0.0040060775,0.06329358,0.004663395
2009-08-26,0.00038515596,0.01731338,0.90905446,0.9263678,0.9263678,0.0039343736,0.06272458,0.00523081
2009-08-27,0.000383849,0.021380402,0.90172726,0.9231077,0.9231077,0.0039634043,0.06295557,0.0049920334
2009-08-28,0.00019866227,0.01643022,0.9335851,0.9500153,0.9500153,0.003969155,0.06300123,0.003974462
2009-08-31,0.0002987958,0.0509857,0.8698881,0.9208738,0.9208738,0.0039734067,0.06303497,0.003776194
2009-09-01,0.00015103318,0.026369786,0.92969316,0.956063,0.956063,0.0037725335,0.061420955,0.003437492
2009-09-02,0.00039677584,0.033366274,0.8786833,0.9120496,0.9120496,0.0037341437,0.06110764,0.0045113587
2009-09-03,0.0002525726,0.06788018,0.8493072,0.9171874,0.91718733,0.0037263238,0.061043624,0.0030499292
2009-09-04,0.0005147744,0.069175445,0.80156004,0.87073547,0.87073547,0.0038420828,0.061984535,0.003982333
2009-09-08,0.0009996353,0.057908766,0.76390547,0.82181424,0.82181424,0.0040859026,0.063921064,0.005610074
2009-09-09,0.00023271402,0.07075797,0.8465343,0.9172923,0.9172923,0.004168756,0.064565904,0.0028136922
2009-09-10,0.00024038895,0.043678124,0.8887141,0.9323922,0.9323922,0.003766252,0.061369795,0.0035556382
2009-09-11,0.0023381338,0.04378746,0.67086583,0.7146533,0.7146533,0.0044531943,0.06673226,0.008194011
2009-09-14,0.0016487631,0.017351758,0.79227215,0.8096239,0.8096239,0.0057216785,0.07564178,0.008660557
2009-09-15,0.0025966514,0.025419487,0.6976287,0.72304815,0.72304815,0.006384392,0.07990239,0.009375823
2009-09-16,0.00011852801,0.061962947,0.8852955,0.9472585,0.9472585,0.007051889,0.08397552,0.0022473375
2009-09-17,0.0007057423,0.10038101,0.7223772,0.8227582,0.8227582,0.0073244483,0.085582994,0.003981805
2009-09-18,0.00025649345,0.041702796,0.8838684,0.9255712,0.9255712,0.0066970163,0.0818353,0.0034461587
2009-09-21,0.0004602195,0.019299185,0.8972493,0.9165485,0.9165485,0.0065039564,0.08064711,0.0055148136
2009-09-22,0.00015951355,0.012889285,0.94744265,0.9603319,0.9603319,0.006353727,0.07971027,0.0040212064
2009-09-23,4.3302578e-05,0.080810815,0.8866403,0.9674511,0.9674511,0.0061804424,0.07861579,0.0013303851
2009-09-24,0.00023645513,0.017727688,0.9288316,0.94655925,0.94655925,0.005890699,0.07675089,0.0044246223
2009-09-25,0.0001846042,0.0069409823,0.9555277,0.9624687,0.9624687,0.0057185804,0.0756213,0.004918671
2009-09-28,0.00010096166,0.009585168,0.9624034,0.97198856,0.97198856,0.005649285,0.075161725,0.0036043008
2009-09-29,7.769638e-05,0.012799479,0.9601676,0.9729671,0.9729671,0.0055795084,0.07469611,0.0028741402
2009-09-30,0.0004396732,0.061996445,0.1860573,0.24805374,0.24805374,0.006353706,0.07971014,0.0005847136
2009-10-01,1.4385835e-05,0.13843766,0.8380163,0.97645396,0.9764539,0.0016246871,0.040307406,0.00061096624
2009-10-02,2.061224e-05,0.18375745,0.7816913,0.9654488,0.96544874,0.0022712757,0.047657903,0.00059657084
2009-10-05,3.6406524e-05,0.11837423,0.8476279,0.9660021,0.9660021,0.002353894,0.048516948,0.0010708465
2009-10-06,2.8272323e-05,0.08785253,0.8865415,0.974394,0.974394,0.002398302,0.04897246,0.0011041298
2009-10-07,4.4667624e-05,0.032624103,0.942802,0.97542614,0.97542614,0.0021950132,0.04685097,0.0018176883
2009-10-08,6.971558e-05,0.014236765,0.9611266,0.9753634,0.9753634,0.002114983,0.045988943,0.0028297533
2009-10-09,4.351342e-05,0.027496397,0.94881785,0.97631425,0.97631425,0.002104589,0.0458758,0.0018371136
2009-10-12,7.664015e-05,0.014005187,0.9593626,0.9733678,0.9733678,0.0020831951,0.045642033,0.0028777262
2009-10-13,5.791564e-05,0.019642727,0.9558131,0.9754558,0.9754558,0.0020825916,0.04563542,0.0023596487
2009-10-14,0.00015985656,0.01224813,0.9464561,0.95870423,0.95870423,0.0021227659,0.046073485,0.0038710155
2009-10-15,0.00015773349,0.011604053,0.9479609,0.959565,0.959565,0.0021826944,0.046719316,0.0039009133
2009-10-16,0.00017671642,0.020069106,0.9293115,0.94938064,0.94938064,0.002228127,0.04720304,0.0034910834
2009-10-19,0.00019031765,0.014316585,0.93999755,0.9543141,0.9543141,0.0023315763,0.048286397,0.0041657863
2009-10-20,0.00022602073,0.007858716,0.9477038,0.9555625,0.9555625,0.0023838666,0.048824858,0.005086258
2009-10-21,0.00012806838,0.022633543,0.9380255,0.960659,0.960659,0.0025188897,0.05018854,0.0032553435
2009-10-22,0.00011266856,0.011978871,0.9559668,0.96794564,0.96794564,0.002493941,0.04993937,0.003514921
2009-10-23,0.00016673056,0.007313321,0.9570268,0.9643401,0.9643401,0.002507757,0.05007751,0.0046755746
2009-10-26,0.00017396525,0.0087808315,0.95229155,0.9610724,0.9610724,0.0025745274,0.050739802,0.004468942
2009-10-27,0.00016691057,0.028162405,0.9206658,0.9488282,0.9488282,0.0026559588,0.051535994,0.00326177
2009-10-28,0.00014900621,0.017745445,0.9391515,0.95689696,0.95689696,0.0026149258,0.051136345,0.003456977
2009-10-29,0.0003013174,0.020525364,0.913405,0.93393034,0.93393034,0.0026695668,0.05166785,0.0045606014
2009-10-30,0.0001452304,0.1952044,0.5975927,0.79279715,0.7927971,0.0033047246,0.057486735,0.00070090924
2009-11-02,4.8624624e-05,0.090563424,0.8763867,0.9669501,0.9669501,0.0021220564,0.046065785,0.0014712496
2009-11-03,4.6617934e-05,0.16190995,0.79092735,0.9528373,0.9528373,0.0020884166,0.045699198,0.000988449
2009-11-04,4.300776e-05,0.14703286,0.8122949,0.95932776,0.95932776,0.0017652406,0.042014766,0.0010574228
2009-11-05,5.7722773e-05,0.12380584,0.8320614,0.95586723,0.95586723,0.0017197609,0.04147,0.0013079345
2009-11-06,0.00010343365,0.03414627,0.9266334,0.96077967,0.96077967,0.0015070889,0.038821243,0.0026372457
2009-11-09,0.00012571918,0.03663744,0.9178551,0.9544925,0.9544925,0.0015537272,0.039417345,0.002762604
2009-11-10,6.604812e-05,0.071135394,0.88983446,0.96096987,0.96096987,0.0015616653,0.039517913,0.0016922338
2009-11-11,9.750034e-05,0.056998365,0.8985449,0.9555433,0.9555433,0.0015948713,0.03993584,0.002193152
2009-11-12,6.723639e-05,0.05450571,0.91070807,0.9652138,0.9652138,0.001534427,0.039171763,0.0019328452
2009-11-13,0.0001955748,0.01670005,0.9356727,0.9523727,0.9523727,0.0015129729,0.03889695,0.004106362
2009-11-16,0.0002355206,0.01138293,0.9397492,0.9511321,0.9511321,0.0016116786,0.040145718,0.0048195375
2009-11-17,0.000100758945,0.056014076,0.8979293,0.9539434,0.9539434,0.0017780038,0.042166382,0.0021877186
2009-11-18,0.00015087162,0.028766112,0.9243774,0.9531435,0.9531435,0.0017157678,0.041421827,0.0032198639
2009-11-19,0.00027925966,0.023653576,0.91007006,0.9337236,0.9337236,0.0018498185,0.043009516,0.004213563
2009-11-20,0.00022200636,0.0293119,0.9121334,0.9414453,0.9414453,0.001972841,0.044416677,0.0037914347
2009-11-23,0.00016056222,0.02952005,0.9217243,0.95124435,0.95124435,0.002031988,0.045077577,0.0032932027
2009-11-24,0.00013953516,0.021714436,0.93682677,0.9585412,0.9585412,0.002037212,0.045135487,0.0033656354
2009-11-25,0.00013130369,0.014746421,0.95025456,0.965001,0.965001,0.0020482596,0.045257702,0.0037516397
2009-11-27,5.0810348e-05,0.2059537,0.7300989,0.9360526,0.9360526,0.002369858,0.04868119,0.00079456496
2009-11-30,8.209423e-05,0.01254838,0.9620372,0.9745856,0.9745856,0.0017879865,0.04228459,0.0032302241
2009-12-01,2.9060962e-05,0.16382228,0.8012955,0.9651178,0.9651178,0.0018608206,0.04313723,0.0008331175
2009-12-02,3.2782726e-05,0.14952627,0.81593835,0.96546465,0.9654646,0.0015714084,0.039640993,0.00094925135
2009-12-03,5.4912925e-05,0.11204996,0.8493931,0.96144307,0.96144307,0.0016848894,0.041047405,0.0014242036
2009-12-04,9.661623e-05,0.044074595,0.9153168,0.9593914,0.9593914,0.0015132849,0.038900964,0.0023792072
2009-12-07,6.922033e-05,0.057089403,0.90794694,0.96503633,0.96503633,0.0015170245,0.038948998,0.001979779
2009-12-08,4.743722e-05,0.15097934,0.80807436,0.9590537,0.9590537,0.0018194888,0.042655468,0.0011585227
2009-12-09,2.7749093e-05,0.09834495,0.87716746,0.97551244,0.9755124,0.001640928,0.04050837,0.0011331916
2009-12-10,3.8289247e-05,0.036771704,0.9418977,0.9786694,0.9786694,0.0016485256,0.04060204,0.0017950388
2009-12-11,5.3451833e-05,0.08776976,0.8788313,0.9666011,0.9666011,0.0018188334,0.042647783,0.0016004058
2009-12-14,2.407165e-05,0.08984191,0.8877429,0.9775848,0.9775848,0.0017094451,0.041345436,0.0010738976
2009-12-15,2.4531444e-05,0.05690567,0.9241129,0.9810186,0.9810186,0.0016360166,0.040447704,0.001292394
2009-12-16,1.4311036e-05,0.09050826,0.892861,0.9833693,0.9833693,0.0016077107,0.040096268,0.00086051866
2009-12-17,1.5841413e-05,0.07450619,0.909232,0.98373824,0.9837382,0.0014605268,0.03821684,0.0009741514
2009-12-18,2.68558e-05,0.033885118,0.9490766,0.9829617,0.9829617,0.0015668625,0.039583612,0.0015762032
2009-12-21,1.6798682e-05,0.041369528,0.9444885,0.9858581,0.9858581,0.0015141626,0.038912244,0.0011878646
2009-12-22,2.8369588e-05,0.028007705,0.9552768,0.9832845,0.9832845,0.0014626886,0.03824511,0.0016971998
2009-12-23,1.6824262e-05,0.042455252,0.94329524,0.9857505,0.9857505,0.0014275657,0.037783142,0.0011806911
2009-12-24,1.5131772e-05,0.069420055,0.91460574,0.9840258,0.9840258,0.0013781025,0.0371228,0.0009472618
2009-12-28,3.49885e-05,0.022654893,0.9590621,0.981717,0.981717,0.0013416216,0.036628153,0.0019137168
2009-12-29,1.7776925e-05,0.11289993,0.86674035,0.97964025,0.97964025,0.0014029229,0.03745561,0.00087314047
2009-12-30,1.8403052e-05,0.07581765,0.90647715,0.9822948,0.9822948,0.0013327757,0.0365072,0.001039415
2009-12-31,1.5647023e-05,0.07869854,0.9048253,0.98352385,0.98352385,0.0012511503,0.0353716,0.0009496769
2010-01-04,1.933429e-05,0.07211692,0.90992826,0.9820452,0.9820452,0.001193367,0.034545142,0.0010768296
2010-01-05,1.6651633e-05,0.14281806,0.8348756,0.9776937,0.9776937,0.0013209041,0.036344245,0.00074649835
2010-01-06,1.5272357e-05,0.12884508,0.8511668,0.9800119,0.9800119,0.0013795814,0.037142716,0.0007640717
2010-01-07,1.6528385e-05,0.13470787,0.8442819,0.9789898,0.9789898,0.0017191297,0.041462388,0.0007866831
2010-01-08,1.5871736e-05,0.12690896,0.8529509,0.9798598,0.9798598,0.0016251534,0.04031319,0.0007880636
2010-01-11,1.6871169e-05,0.13490848,0.8434849,0.9783934,0.9783934,0.0014138902,0.03760173,0.0007808332
2010-01-12,1.6844284e-05,0.14381945,0.8336921,0.9775115,0.9775115,0.0015808917,0.03976043,0.0007490185
2010-01-13,1.887517e-05,0.14769374,0.82798207,0.9756758,0.9756758,0.0014248156,0.03774673,0.00077598385
2010-01-14,1.6354255e-05,0.10433354,0.877191,0.9815245,0.9815245,0.0012930355,0.0359588,0.00088518736
2010-01-15,1.5847085e-05,0.11325611,0.8678162,0.9810723,0.9810723,0.001217966,0.03489937,0.00083724334
2010-01-19,1.6403832e-05,0.09185044,0.89052147,0.9823719,0.9823719,0.0011114564,0.033338513,0.0009305516
2010-01-20,1.3718362e-05,0.11059325,0.8719027,0.98249596,0.98249596,0.0010574299,0.03251815,0.00078372564
2010-01-21,1.8376855e-05,0.07762218,0.904405,0.9820272,0.9820272,0.0009486702,0.03080049,0.00102248
2010-01-22,1.886389e-05,0.08162836,0.9003099,0.9819383,0.9819383,0.00091266516,0.030210348,0.001044414
2010-01-25,1.3575485e-05,0.09214393,0.89190614,0.9840501,0.9840501,0.0009457071,0.030752352,0.0008511327
2010-01-26,1.2022575e-05,0.10198394,0.88198674,0.9839707,0.9839707,0.0008824607,0.02970624,0.0007500375
2010-01-27,1.4673466e-05,0.08995262,0.89352024,0.9834728,0.9834728,0.0009710579,0.031161802,0.00088783866
2010-01-28,1.5018656e-05,0.108659565,0.8734549,0.9821145,0.9821145,0.0010193055,0.031926565,0.000839711
2010-01-29,2.5805217e-05,0.092614874,0.88447326,0.97708815,0.97708815,0.0009783341,0.031278335,0.0011262827
2010-02-01,2.285404e-05,0.06381653,0.9171295,0.98094606,0.98094606,0.0008912396,0.029853636,0.0011994393
2010-02-02,1.8448733e-05,0.16374676,0.8099828,0.97372955,0.97372955,0.0010518243,0.03243184,0.0007022618
2010-02-03,1.2735443e-05,0.14052944,0.83924407,0.9797735,0.9797735,0.0008728732,0.029544428,0.00062964216
2010-02-04,1.20927825e-05,0.0964237,0.8881325,0.9845562,0.9845562,0.0007507468,0.02739976,0.0007830185
2010-02-05,1.14570785e-05,0.096580714,0.8882834,0.9848641,0.9848641,0.0006788671,0.026055079,0.0007569481
2010-02-08,1.080992e-05,0.08281351,0.9035531,0.9863666,0.9863666,0.0006468986,0.025434202,0.00079290156
2010-02-09,1.2583714e-05,0.063603625,0.9225475,0.98615116,0.98615116,0.00063073845,0.025114506,0.00090864743
2010-02-10,1.2883399e-05,0.09315002,0.890819,0.98396903,0.98396903,0.00062135566,0.024927007,0.000803657
2010-02-11,1.1244882e-05,0.06203392,0.9252137,0.9872476,0.9872476,0.0005664306,0.023799803,0.00088178465
2010-02-12,1.0274479e-05,0.07130842,0.91598284,0.9872913,0.9872913,0.0005593102,0.02364974,0.0008084588
2010-02-16,1.0424819e-05,0.068464495,0.91897064,0.98743516,0.98743516,0.0005355141,0.023141177,0.0008296819
2010-02-17,2.2831213e-05,0.05995589,0.9204731,0.980429,0.980429,0.00056058296,0.023676634,0.0011665835
2010-02-18,1.1254762e-05,0.06928483,0.91758347,0.98686826,0.98686826,0.000551295,0.023479672,0.0008570657
2010-02-19,1.6430296e-05,0.093706615,0.8879225,0.98162913,0.98162913,0.00062984845,0.025096782,0.000894367
2010-02-22,2.3252265e-05,0.07662498,0.9033524,0.97997737,0.97997737,0.00063357136,0.025170844,0.0011612992
2010-02-23,2.8191515e-05,0.08717895,0.88896406,0.976143,0.976143,0.00066354126,0.025759295,0.0011816875
2010-02-24,2.6191437e-05,0.09103779,0.886152,0.97718984,0.97718984,0.00066821324,0.025849821,0.0011482355
2010-02-25,2.367089e-05,0.08012807,0.89840937,0.97853744,0.97853744,0.00062434387,0.024986874,0.0011028922
2010-02-26,1.6904383e-05,0.07863629,0.9043709,0.9830072,0.9830072,0.0005926329,0.024344053,0.0009947964
2010-03-01,1.6866004e-05,0.073035,0.9094606,0.9824956,0.9824956,0.00056043116,0.023673426,0.00096352975
2010-03-02,1.3337024e-05,0.12771477,0.8533478,0.98106253,0.98106253,0.00058393914,0.024164833,0.0007042665
2010-03-03,1.7410002e-05,0.08503166,0.8965473,0.981579,0.98157895,0.00051684666,0.022734262,0.0009451174
2010-03-04,2.0846212e-05,0.07491064,0.9055686,0.98047924,0.98047924,0.0004902697,0.022142034,0.0010678996
2010-03-05,1.9419376e-05,0.09508305,0.8852436,0.98032665,0.98032665,0.00057761883,0.024033703,0.0009870906
2010-03-08,3.1248874e-05,0.055394165,0.92222226,0.9776164,0.9776164,0.0005323767,0.02307329,0.0013960629
2010-03-09,2.4663133e-05,0.061149377,0.9191943,0.98034364,0.98034364,0.0005334953,0.023097517,0.0012547151
2010-03-10,2.4341867e-05,0.06544184,0.9148076,0.98024946,0.98024946,0.0005153522,0.02270137,0.0012324662
2010-03-11,3.0429344e-05,0.055211816,0.9229061,0.97811794,0.97811794,0.0005019255,0.022403693,0.0013906071
2010-03-12,3.7364007e-05,0.04042192,0.93785113,0.97827303,0.97827303,0.0005316832,0.023058256,0.0017197066
2010-03-15,3.328608e-05,0.04253164,0.9366627,0.97919434,0.9791943,0.0005391652,0.023219932,0.0015998572
2010-03-16,1.6593836e-05,0.06520353,0.9186909,0.98389447,0.98389447,0.0005384463,0.023204446,0.001030319
2010-03-17,4.970427e-05,0.040633265,0.93181527,0.9724485,0.9724485,0.00051760493,0.022750933,0.0018040513
2010-03-18,6.1953506e-05,0.02572472,0.9479244,0.9736491,0.9736491,0.0005360534,0.023152826,0.002351095
2010-03-19,4.088058e-05,0.0813484,0.8897596,0.971108,0.971108,0.00063907634,0.02527996,0.0014149456
2010-03-22,3.491318e-05,0.08134942,0.8932835,0.9746329,0.9746329,0.0006438937,0.02537506,0.0013763184
2010-03-23,5.768949e-05,0.041539736,0.9300309,0.9715706,0.9715706,0.0006481117,0.025458038,0.00202922
2010-03-24,3.0288054e-05,0.08718589,0.8880614,0.9752473,0.97524726,0.0006670814,0.025827918,0.0012236275
2010-03-25,1.7708619e-05,0.08717982,0.89490134,0.9820812,0.9820812,0.00062569696,0.025013935,0.000988269
2010-03-26,3.0290468e-05,0.05445574,0.92440003,0.9788558,0.9788558,0.0006585676,0.025662571,0.0014325655
2010-03-29,4.5558114e-05,0.05548124,0.91785806,0.9733393,0.9733393,0.0006804199,0.026084859,0.0017088129
2010-03-30,4.0499723e-05,0.04587923,0.9290934,0.97497267,0.97497267,0.0006732681,0.02594741,0.0016182195
2010-03-31,1.9193276e-05,0.1427897,0.8338742,0.97666395,0.97666395,0.00071823987,0.026799997,0.0008224731
2010-04-01,4.8587848e-05,0.06646592,0.90344435,0.96991026,0.96991026,0.00071702694,0.026777359,0.0016147648
2010-04-05,2.3122646e-05,0.15076259,0.822521,0.9732836,0.9732835,0.00089581014,0.029930087,0.0008654847
2010-04-06,2.1791475e-05,0.10850507,0.8699551,0.9784602,0.9784602,0.0010774538,0.03282459,0.0010116838
2010-04-07,1.7071014e-05,0.13785152,0.8404008,0.97825235,0.97825235,0.0011600791,0.034059934,0.00078495906
2010-04-08,1.774571e-05,0.11901434,0.8606695,0.9796838,0.9796838,0.0010405786,0.032258,0.00087347656
2010-04-09,2.0409334e-05,0.12077867,0.8571244,0.97790307,0.97790307,0.0010036428,0.031680323,0.0009236275
2010-04-12,1.9190004e-05,0.14709163,0.8290523,0.97614396,0.97614396,0.0010794243,0.032854594,0.00080440845
2010-04-13,1.5341053e-05,0.10701279,0.8751162,0.98212904,0.98212904,0.0009478263,0.030786788,0.0008584346
2010-04-14,1.6316399e-05,0.13014194,0.8494761,0.9796181,0.9796181,0.0009947144,0.031539094,0.00080053264
2010-04-15,1.1888623e-05,0.0849542,0.900665,0.9856192,0.9856192,0.0008731404,0.029548949,0.00082670036
2010-04-16,1.4641756e-05,0.12980817,0.85057896,0.98038715,0.98038715,0.0010289232,0.032076832,0.000746539
2010-04-19,1.4329886e-05,0.112869814,0.8691766,0.9820464,0.9820464,0.0009140647,0.030233502,0.00079816335
2010-04-20,1.2445054e-05,0.102144755,0.88178205,0.98392683,0.98392683,0.00087165454,0.029523795,0.00077427516
2010-04-21,1.3872809e-05,0.08162479,0.9026151,0.9842399,0.9842399,0.00078764954,0.028065095,0.0008802475
2010-04-22,1.5288831e-05,0.08086654,0.9029403,0.9838068,0.9838068,0.00072672777,0.026957888,0.00094415067
2010-04-23,1.2892895e-05,0.10482307,0.8788423,0.98366535,0.98366535,0.00082113105,0.028655384,0.00078929716
2010-04-26,1.1597235e-05,0.085886925,0.8997303,0.9856172,0.9856173,0.0008351279,0.02889858,0.0008063278
2010-04-27,9.7070515e-06,0.06390351,0.9241716,0.98807514,0.98807514,0.0007631507,0.027625183,0.0008140179
2010-04-28,9.459455e-06,0.07705139,0.9101168,0.9871682,0.9871682,0.00072223146,0.026874365,0.0007371881
2010-04-29,1.0060441e-05,0.060939897,0.9272117,0.9881516,0.9881516,0.0006801332,0.026079362,0.00084909773
2010-04-30,1.9849225e-05,0.06259627,0.91978407,0.98238033,0.98238033,0.00094237365,0.030698106,0.0011265379
2010-05-03,1.7144308e-05,0.08321091,0.899,0.9822109,0.9822109,0.00090068387,0.030011395,0.00096375216
2010-05-04,1.6032685e-05,0.12642784,0.85347253,0.97990036,0.97990036,0.00086151774,0.029351622,0.0007976603
2010-05-05,1.2225752e-05,0.11272166,0.87036365,0.98308533,0.98308533,0.0007528199,0.027437564,0.00072279
2010-05-06,1.03108405e-05,0.08359379,0.902714,0.9863078,0.9863078,0.0006706087,0.025896113,0.00075304485
2010-05-07,9.200779e-06,0.07922822,0.90797186,0.9872001,0.9872001,0.000635635,0.025211802,0.00071881537
2010-05-10,8.574658e-06,0.07283177,0.91512483,0.9879566,0.9879566,0.000624194,0.024983874,0.0007119789
2010-05-11,8.571154e-06,0.07561949,0.91200423,0.98762375,0.9876237,0.0006854289,0.026180698,0.0006925486
2010-05-12,8.695636e-06,0.079089485,0.9082399,0.98732936,0.98732936,0.00064007245,0.025299653,0.0006862825
2010-05-13,9.98021e-06,0.09336985,0.892503,0.98587286,0.98587286,0.0006958276,0.026378544,0.0007064568
2010-05-14,8.736494e-06,0.067835115,0.92035174,0.98818684,0.98818684,0.00064669794,0.025430257,0.00073955586
2010-05-17,7.155095e-06,0.07031567,0.91848683,0.9888025,0.9888025,0.00060639763,0.024625143,0.00063898996
2010-05-18,7.2430307e-06,0.06859085,0.9202734,0.98886424,0.9888643,0.00059212063,0.02433353,0.00065043004
2010-05-19,8.053773e-06,0.06557396,0.92310464,0.98867863,0.9886786,0.0005630605,0.023728896,0.00071137823
2010-05-20,8.929237e-06,0.06346874,0.92497146,0.9884402,0.9884402,0.00064959936,0.025487239,0.00077243976
2010-05-21,7.5360203e-06,0.07002718,0.91855586,0.988583,0.988583,0.0006195158,0.024890075,0.00066007173
2010-05-24,8.7801745e-06,0.061860982,0.9266682,0.9885292,0.9885292,0.000597402,0.024441808,0.0007654373
2010-05-25,8.44341e-06,0.06261368,0.9259721,0.98858577,0.98858577,0.0005634988,0.02373813,0.0007397266
2010-05-26,8.368655e-06,0.0707514,0.91742265,0.9881741,0.9881741,0.00053489563,0.023127811,0.00070765364
2010-05-27,8.40262e-06,0.062257115,0.9262964,0.9885535,0.9885535,0.0005452978,0.023351613,0.00073407916
2010-05-28,7.338802e-06,0.075214,0.9130539,0.98826784,0.9882679,0.0005817702,0.024119914,0.00062552857
2010-06-01,7.2380067e-06,0.06937101,0.91940796,0.98877895,0.98877895,0.0005477802,0.023404704,0.0006450382
2010-06-02,7.758776e-06,0.07135717,0.9170537,0.9884109,0.9884109,0.00054279045,0.023297863,0.0006694885
2010-06-03,7.817632e-06,0.07290342,0.91534,0.9882434,0.9882434,0.000624322,0.024986437,0.0006649569
2010-06-04,9.154371e-06,0.07543064,0.9120587,0.98748934,0.98748934,0.0008295842,0.028802503,0.00073172577
2010-06-07,1.0353697e-05,0.0781115,0.9086286,0.9867401,0.9867401,0.0008048725,0.028370274,0.0007808284
2010-06-08,1.0286069e-05,0.059625793,0.92847013,0.98809594,0.98809594,0.00078937935,0.028095895,0.0008640806
2010-06-09,1.0235944e-05,0.060699914,0.927392,0.98809195,0.98809195,0.00077208085,0.027786342,0.0008595815
2010-06-10,8.958113e-06,0.068225935,0.91971284,0.98793876,0.98793876,0.0007718895,0.0277829,0.00074271916
2010-06-11,8.997586e-06,0.06641837,0.92169166,0.98811,0.98811,0.000721522,0.026861163,0.0007567359
2010-06-14,8.228717e-06,0.067294635,0.9211504,0.98844504,0.98844504,0.00072847516,0.02699028,0.00071213744
2010-06-15,8.652742e-06,0.067983955,0.92019606,0.98818,0.98818004,0.0008228597,0.02868553,0.0007320413
2010-06-16,8.5862475e-06,0.07142729,0.9165184,0.9879457,0.9879457,0.0008544908,0.029231675,0.00071229605
2010-06-17,9.191526e-06,0.06965792,0.9181934,0.9878513,0.9878513,0.00091361545,0.030226072,0.0007565865
2010-06-18,9.201853e-06,0.088866755,0.89769596,0.9865627,0.9865627,0.00094087876,0.030673748,0.0006848007
2010-06-21,9.249343e-06,0.06284714,0.9254976,0.9883447,0.9883447,0.00094642583,0.030764034,0.00079357595
2010-06-22,9.968411e-06,0.06647832,0.9212627,0.987741,0.987741,0.0009241988,0.030400638,0.00081315
2010-06-23,8.457317e-06,0.06898177,0.9191657,0.98814744,0.98814744,0.00089999917,0.029999986,0.0007135433
2010-06-24,8.709972e-06,0.06428413,0.9242051,0.9884893,0.9884893,0.00084295013,0.029033603,0.0007566828
2010-06-25,9.537209e-06,0.06030309,0.92799526,0.98829836,0.98829836,0.000796299,0.02821877,0.0008150316
2010-06-28,8.136882e-06,0.069645606,0.91857916,0.98822474,0.98822474,0.000782447,0.027972255,0.00069101533
2010-06-29,8.622304e-06,0.06570911,0.92267174,0.98838085,0.98838085,0.00078899524,0.02808906,0.000742077
2010-06-30,8.912796e-06,0.0871836,0.8995189,0.9867025,0.9867025,0.00082309206,0.028689582,0.0006702611
2010-07-01,8.649622e-06,0.06331202,0.92520213,0.9885141,0.9885141,0.00076903927,0.027731556,0.00075306604
2010-07-02,1.4506273e-05,0.11396457,0.8681043,0.98206884,0.98206884,0.0008815038,0.02969013,0.0008089979
2010-07-06,1.3073151e-05,0.05416257,0.9324503,0.98661286,0.98661286,0.0009177942,0.030295119,0.00097654527
2010-07-07,1.1442234e-05,0.060714774,0.9264075,0.9871223,0.9871223,0.00086891075,0.029477293,0.0008885307
2010-07-08,1.07753585e-05,0.060349025,0.9266445,0.98699355,0.98699355,0.00085466116,0.029234588,0.00082846277
2010-07-09,1.1654792e-05,0.0663293,0.9200231,0.9863524,0.9863524,0.000884626,0.029742664,0.0008539801
2010-07-12,1.6651089e-05,0.04034841,0.9453179,0.98566633,0.98566633,0.0008255834,0.028732967,0.001161677
2010-07-13,1.45116055e-05,0.044293076,0.94210994,0.986403,0.986403,0.00079744804,0.028239122,0.0010672644
2010-07-14,1.46788025e-05,0.04510005,0.9404219,0.9855219,0.9855219,0.00076833525,0.02771886,0.0010138634
2010-07-15,1.52399625e-05,0.041475356,0.9447583,0.98623365,0.98623365,0.0007425763,0.027250253,0.0011070446
2010-07-16,1.38334435e-05,0.11541461,0.86704224,0.98245686,0.98245686,0.00088248256,0.029706609,0.0007885388
2010-07-19,1.3381205e-05,0.047516935,0.9392241,0.98674107,0.98674107,0.0008032872,0.028342322,0.0010092218
2010-07-20,1.2062583e-05,0.050013803,0.9373268,0.98734057,0.98734057,0.00076799974,0.027712809,0.00095285353
2010-07-21,8.752922e-06,0.069267794,0.9188231,0.98809093,0.98809093,0.00074775587,0.027345125,0.00073497964
2010-07-22,8.631552e-06,0.06886084,0.9192944,0.98815525,0.98815525,0.000715154,0.026742363,0.0007287236
2010-07-23,9.200878e-06,0.059047986,0.92898595,0.98803395,0.98803395,0.0007224123,0.02687773,0.0007689152
2010-07-26,1.3234804e-05,0.046342418,0.9406271,0.98696953,0.98696953,0.00069100276,0.026286932,0.0010156813
2010-07-27,1.1202553e-05,0.053583946,0.934115,0.9876989,0.9876989,0.0006655922,0.025799073,0.0009106961
2010-07-28,8.526482e-06,0.068692245,0.919547,0.9882393,0.9882393,0.0006431078,0.025359571,0.0007249971
2010-07-29,8.643669e-06,0.066078134,0.9222778,0.98835593,0.98835593,0.0006306551,0.025112847,0.00074232405
2010-07-30,1.1422343e-05,0.051266983,0.93626624,0.9875332,0.9875332,0.0005986409,0.024467139,0.00091622176
2010-08-02,1.3087058e-05,0.04725361,0.93975586,0.98700947,0.98700947,0.00059220963,0.024335358,0.0010074303
2010-08-03,2.59069e-05,0.030357657,0.951719,0.98207664,0.98207664,0.0006693334,0.025871478,0.001445427
2010-08-04,1.6826483e-05,0.042062864,0.9432001,0.985263,0.985263,0.0006681104,0.025847832,0.001141784
2010-08-05,1.3548431e-05,0.05059604,0.935962,0.9865581,0.9865581,0.00066573505,0.025801841,0.0010079237
2010-08-06,1.5216563e-05,0.048970323,0.9366322,0.98560256,0.98560256,0.0006809112,0.026094275,0.0010568935
2010-08-09,1.7061851e-05,0.05055195,0.9340598,0.98461175,0.98461175,0.0006933117,0.026330812,0.0011087584
2010-08-10,3.4041346e-05,0.02799882,0.9525059,0.9805047,0.9805047,0.00072946446,0.0270086,0.0017461302
2010-08-11,1.7640852e-05,0.06380065,0.9192809,0.9830815,0.9830815,0.00072904734,0.027000876,0.0010426972
2010-08-12,2.0340689e-05,0.04827838,0.93489426,0.98317266,0.98317266,0.0006909062,0.026285095,0.0012087878
2010-08-13,8.612341e-06,0.064358085,0.92371845,0.98807657,0.98807657,0.00066846656,0.02585472,0.0007223038
2010-08-16,2.4386427e-05,0.028525613,0.9549697,0.9834953,0.9834953,0.0006298312,0.025096439,0.001477544
2010-08-17,1.720757e-05,0.037151635,0.94834477,0.9854964,0.9854964,0.00064117066,0.025321348,0.0011864346
2010-08-18,1.4129917e-05,0.04261104,0.94375896,0.98637,0.98637,0.0006285327,0.025070556,0.0010366797
2010-08-19,1.7578683e-05,0.03583666,0.9495261,0.9853627,0.9853627,0.0006090465,0.024678867,0.0012009519
2010-08-20,2.632727e-05,0.027900606,0.9551803,0.98308086,0.98308086,0.00060501887,0.02459713,0.0015560647
2010-08-23,2.6568427e-05,0.026730917,0.956205,0.9829359,0.9829359,0.0006088185,0.024674248,0.0015569784
2010-08-24,3.1312236e-05,0.023298359,0.95857704,0.9818754,0.9818754,0.0006127409,0.024753604,0.0017276116
2010-08-25,2.6353126e-05,0.028352734,0.954432,0.98278475,0.98278475,0.00061964284,0.024892626,0.0015308011
2010-08-26,6.239694e-05,0.01453633,0.9613911,0.9759274,0.9759274,0.00066843914,0.02585419,0.002592033
2010-08-27,5.2652595e-05,0.016519764,0.96077746,0.97729725,0.97729725,0.0007078136,0.026604766,0.0023192163
2010-08-30,0.00012237664,0.011526644,0.9542438,0.9657704,0.9657704,0.0007650618,0.027659751,0.0035751725
2010-08-31,6.2820574e-05,0.066817224,0.90018386,0.9670011,0.9670011,0.0008741022,0.029565219,0.0019037161
2010-09-01,4.8006517e-05,0.07728656,0.89248955,0.9697761,0.9697761,0.0008497785,0.029150961,0.0015883625
2010-09-02,6.2014275e-05,0.016653586,0.95884734,0.97550094,0.97550094,0.00082167273,0.028664835,0.0025312921
2010-09-03,4.6960504e-05,0.0274366,0.9495874,0.977024,0.977024,0.0008499964,0.029154697,0.0020438954
2010-09-07,2.552172e-05,0.08955634,0.8886732,0.9782295,0.9782295,0.00092027895,0.0303361,0.0011723087
2010-09-08,2.1720614e-05,0.06516587,0.9162304,0.98139626,0.98139626,0.0008872014,0.029785926,0.0011675401
2010-09-09,2.1085376e-05,0.037338495,0.94682163,0.9841601,0.9841601,0.000840743,0.02899557,0.001331158
2010-09-10,1.2152867e-05,0.06587515,0.9203858,0.98626095,0.98626095,0.0008224315,0.028678067,0.00088454934
2010-09-13,1.6346577e-05,0.05246263,0.932353,0.98481566,0.98481566,0.0008294656,0.028800445,0.0010765416
2010-09-14,2.871377e-05,0.03225407,0.95010555,0.9823596,0.98235965,0.00080038595,0.028291093,0.0016277267
2010-09-15,2.9020664e-05,0.040192712,0.9408493,0.981042,0.981042,0.00079087954,0.02812258,0.0015307894
2010-09-16,2.36089e-05,0.03592119,0.94757116,0.9834924,0.9834924,0.0007753748,0.027845552,0.0014301814
2010-09-17,3.077542e-05,0.036235478,0.9451743,0.9814097,0.9814097,0.0007685159,0.02772212,0.0016554584
2010-09-20,3.945493e-05,0.023553748,0.9566408,0.9801945,0.9801945,0.0007602192,0.027572073,0.0019921209
2010-09-21,3.921376e-05,0.023628192,0.9559778,0.979606,0.979606,0.0008286895,0.028786967,0.001922806
2010-09-22,2.4303255e-05,0.072170965,0.9079533,0.9801243,0.9801243,0.00084650924,0.029094832,0.0012227619
2010-09-23,2.7618433e-05,0.029214982,0.9536724,0.9828874,0.9828874,0.0008035089,0.028346233,0.0016139226
2010-09-24,1.5698753e-05,0.04568566,0.9402322,0.98591787,0.98591787,0.00079921226,0.028270341,0.0011147993
2010-09-27,4.42327e-05,0.021980172,0.95725375,0.9792339,0.9792339,0.00082226214,0.028675113,0.0021300458
2010-09-28,3.064919e-05,0.029376078,0.9526196,0.9819957,0.9819957,0.0008409343,0.028998867,0.0017023262
2010-09-29,1.7372968e-05,0.050725754,0.9337748,0.9845006,0.9845006,0.00083461637,0.028889727,0.0011208791
2010-09-30,2.0650457e-05,0.049722146,0.9330638,0.98278594,0.98278594,0.0008495211,0.029146545,0.0011996274
2010-10-01,4.4071454e-05,0.023235725,0.95487607,0.9781118,0.9781118,0.0008390913,0.028967073,0.0020134803
2010-10-04,7.077513e-05,0.020780107,0.95178396,0.97256404,0.97256404,0.0008540031,0.029223332,0.0025796485
2010-10-05,4.6188306e-05,0.028132549,0.9492451,0.97737765,0.97737765,0.0008906381,0.02984356,0.0020417115
2010-10-06,0.00011911647,0.0147906905,0.95089924,0.96568996,0.96568996,0.0008921893,0.029869538,0.0034717668
2010-10-07,3.2676748e-05,0.053511627,0.9243183,0.97782993,0.97782993,0.0009829107,0.031351406,0.0014739129
2010-10-08,3.7086935e-05,0.10027884,0.87003565,0.9703145,0.9703145,0.0011750782,0.034279414,0.0012493284
2010-10-11,6.800199e-05,0.040347334,0.9278917,0.968239,0.968239,0.0010686158,0.03268969,0.0021410538
2010-10-12,5.4317698e-05,0.050147526,0.92099094,0.9711385,0.9711385,0.0010670063,0.032665063,0.0018820108
2010-10-13,4.9110004e-05,0.06756005,0.902863,0.97042304,0.9704231,0.0010401914,0.032252,0.0016604143
2010-10-14,5.7368954e-05,0.049127158,0.9201925,0.96931964,0.96931964,0.001011383,0.03180225,0.0018698919
2010-10-15,0.00010565109,0.019987332,0.9466118,0.96659917,0.96659917,0.0009933517,0.031517483,0.0031631272
2010-10-18,0.00011270992,0.035756603,0.9244626,0.9602192,0.9602192,0.001068701,0.032690994,0.0028332747
2010-10-19,0.00014694406,0.023187084,0.9321879,0.955375,0.955375,0.0011321302,0.033647142,0.0032928654
2010-10-20,5.4335884e-05,0.106894165,0.8565893,0.96348345,0.96348345,0.0012154635,0.034863498,0.0014879798
2010-10-21,0.00015457498,0.016828395,0.9406838,0.9575122,0.9575122,0.0011016305,0.03319082,0.0036381027
2010-10-22,9.1395e-05,0.053322125,0.9071438,0.9604659,0.9604659,0.0012317939,0.03509692,0.0023118022
2010-10-25,0.0003512155,0.01235852,0.92359835,0.9359569,0.9359569,0.0012147332,0.034853023,0.0054840487
2010-10-26,0.00022085862,0.011055464,0.9434817,0.95453715,0.95453715,0.0014733702,0.038384505,0.0048580025
2010-10-27,0.00020775333,0.021900205,0.92737126,0.94927144,0.94927144,0.0016123678,0.0401543,0.004095392
2010-10-28,0.00040633467,0.012650536,0.91903424,0.9316848,0.9316848,0.0017104737,0.041357875,0.0059479387
2010-10-29,0.000106800384,0.20311049,0.6212801,0.8243906,0.82439053,0.0023316364,0.04828702,0.00060817006
2010-11-01,1.919535e-05,0.14295943,0.8336517,0.97661114,0.97661114,0.0018417309,0.042915393,0.0008207047
2010-11-02,1.9037252e-05,0.13274014,0.84451306,0.9772532,0.9772532,0.0019434523,0.044084605,0.00083691993
2010-11-03,1.8109613e-05,0.15696822,0.8179448,0.97491306,0.97491306,0.0016737783,0.040911835,0.0007218741
2010-11-04,1.7968916e-05,0.15126902,0.82440513,0.97567415,0.97567415,0.0013988267,0.03740089,0.0007386758
2010-11-05,1.6558231e-05,0.102354154,0.8788649,0.98121905,0.98121905,0.0011755901,0.03428688,0.00088165054
2010-11-08,1.6304886e-05,0.09117556,0.8914576,0.9826332,0.9826332,0.0010948584,0.033088643,0.0009388524
2010-11-09,1.772534e-05,0.090090945,0.89189434,0.9819853,0.9819853,0.0011228953,0.03350963,0.000983936
2010-11-10,1.7661334e-05,0.077857226,0.9051187,0.98297596,0.98297596,0.001098232,0.033139583,0.0010374349
2010-11-11,1.50349315e-05,0.10134864,0.88102084,0.9823695,0.9823695,0.00113334,0.033665113,0.0008527788
2010-11-12,2.6572832e-05,0.053730313,0.9267503,0.9804806,0.9804806,0.0011026104,0.033205576,0.0013613558
2010-11-15,2.3873936e-05,0.116048545,0.85951936,0.9755679,0.97556794,0.0011066883,0.033266924,0.0009771535
2010-11-16,3.599817e-05,0.05115172,0.92597777,0.97712946,0.97712946,0.0009924851,0.03150373,0.0015739974
2010-11-17,2.2129796e-05,0.06416426,0.91690826,0.98107255,0.98107255,0.000957411,0.030942058,0.0011691903
2010-11-18,2.2737051e-05,0.10980726,0.86801875,0.977826,0.977826,0.0010887975,0.03299693,0.0010253923
2010-11-19,1.2460537e-05,0.08863428,0.8956541,0.9842884,0.98428833,0.0009711766,0.031163707,0.0007930785
2010-11-22,1.8239856e-05,0.04770838,0.93728226,0.98499066,0.98499066,0.0010146298,0.031853255,0.0012152335
2010-11-23,1.5458649e-05,0.051483713,0.9344494,0.98593307,0.98593307,0.0010004465,0.031629834,0.0010989351
2010-11-24,1.884851e-05,0.04006585,0.9453724,0.9854382,0.9854382,0.00095043116,0.030829063,0.001294383
2010-11-26,1.5157602e-05,0.048245743,0.93708163,0.98532736,0.98532736,0.000917393,0.030288497,0.0010330523
2010-11-29,3.423694e-05,0.025181096,0.95669746,0.9818786,0.9818786,0.00092021876,0.030335108,0.0018893075
2010-11-30,1.7639977e-05,0.060899016,0.92229956,0.9831986,0.9831986,0.0009627149,0.031027647,0.0010499101
2010-12-01,1.8279485e-05,0.065609716,0.9179348,0.98354447,0.98354447,0.0009084892,0.030141154,0.0011108414
2010-12-02,2.5777166e-05,0.057592977,0.92244935,0.98004234,0.98004234,0.0008819084,0.029696943,0.0012915925
2010-12-03,1.832189e-05,0.07448149,0.90799147,0.98247296,0.98247296,0.00085671333,0.029269665,0.0010453498
2010-12-06,5.2085914e-05,0.022509968,0.9551696,0.9776796,0.9776796,0.0007963978,0.028220521,0.0023335575
2010-12-07,1.573324e-05,0.058935143,0.9262344,0.9851696,0.9851696,0.0008353542,0.028902495,0.0010608769
2010-12-08,2.5422944e-05,0.051720917,0.92954135,0.98126227,0.98126227,0.0008159267,0.02856443,0.001356778
2010-12-09,1.6703792e-05,0.09118818,0.891542,0.9827302,0.9827302,0.00090081856,0.03001364,0.0009672261
2010-12-10,1.7503697e-05,0.0927414,0.88893175,0.9816732,0.9816731,0.000948919,0.030804528,0.00095508643
2010-12-13,2.2056909e-05,0.060935117,0.9213475,0.98228264,0.98228264,0.00086241035,0.029366825,0.001244932
2010-12-14,2.5034165e-05,0.040365327,0.94243765,0.982803,0.982803,0.0008166843,0.02857769,0.0014557275
2010-12-15,2.1515514e-05,0.08811336,0.891911,0.98002434,0.98002434,0.00085250253,0.029197646,0.0010770864
2010-12-16,3.0830593e-05,0.045302074,0.934508,0.9798101,0.9798101,0.0007869343,0.028052349,0.0015270319
2010-12-17,3.394749e-05,0.069695756,0.9060382,0.975734,0.975734,0.00084568403,0.029080646,0.0013989732
2010-12-20,4.2095176e-05,0.044105362,0.932211,0.97631633,0.97631633,0.00080167194,0.028313812,0.0017773927
2010-12-21,2.0021387e-05,0.13263208,0.8441766,0.97680867,0.97680867,0.00086502393,0.02941129,0.0008633133
2010-12-22,2.9534463e-05,0.11427897,0.85829425,0.9725732,0.9725732,0.0009922261,0.03149962,0.0010768477
2010-12-23,2.7515978e-05,0.115542725,0.85841733,0.97396004,0.97396004,0.00094087375,0.030673666,0.0010566829
2010-12-27,4.804909e-05,0.050553475,0.92253375,0.97308725,0.97308725,0.00086683355,0.029442037,0.0017853653
2010-12-28,2.225886e-05,0.089241214,0.89022374,0.97946495,0.97946495,0.00085041416,0.029161861,0.0010839447
2010-12-29,2.6612594e-05,0.10601688,0.8695454,0.9755623,0.9755623,0.0008359145,0.028912187,0.0010889963
2010-12-30,2.1800819e-05,0.06379433,0.9181686,0.9819629,0.9819629,0.0007837807,0.027996084,0.0012086667
2010-12-31,1.148741e-05,0.08158596,0.9044191,0.98600507,0.98600507,0.0007506794,0.027398529,0.00082082645
2011-01-03,2.2318225e-05,0.0488108,0.93352157,0.98233235,0.98233235,0.0007101007,0.026647715,0.0012632253
2011-01-04,1.4170706e-05,0.11348711,0.8688608,0.9823479,0.9823479,0.0008293055,0.028797666,0.0008027776
2011-01-05,1.0660872e-05,0.08767695,0.8982296,0.98590654,0.98590654,0.0007368043,0.02714414,0.00075644115
2011-01-06,1.566948e-05,0.08344552,0.89977086,0.9832164,0.9832164,0.00083218794,0.028847668,0.0009336188
2011-01-07,1.3505483e-05,0.1050655,0.8782386,0.98330414,0.98330414,0.0007705497,0.027758777,0.0008089123
2011-01-10,1.2765762e-05,0.06844416,0.9178449,0.9862891,0.986289,0.00069089077,0.0262848,0.0009310656
2011-01-11,2.1765947e-05,0.063933976,0.91705996,0.9809939,0.9809939,0.00064861344,0.02546789,0.0011452101
2011-01-12,1.6875545e-05,0.08255046,0.89997977,0.98253024,0.98253024,0.0006388806,0.025276087,0.0009659859
2011-01-13,1.7810318e-05,0.04760993,0.93739694,0.98500687,0.98500687,0.0006024007,0.024543852,0.0011878986
2011-01-14,1.2399397e-05,0.072175056,0.91379297,0.985968,0.985968,0.0006186152,0.024871975,0.000883651
2011-01-18,1.1741806e-05,0.09352932,0.8912189,0.98474824,0.98474824,0.0005976578,0.02444704,0.0007698658
2011-01-19,1.48363215e-05,0.06572551,0.9191824,0.9849079,0.9849079,0.0005581853,0.023625946,0.0009830538
2011-01-20,1.207457e-05,0.094917156,0.8898959,0.9848131,0.9848131,0.00058896176,0.024268534,0.0007950645
2011-01-21,1.0933265e-05,0.09412845,0.8912033,0.9853317,0.9853317,0.0006169106,0.024837684,0.0007453676
2011-01-24,9.076055e-06,0.0631177,0.92512643,0.9882441,0.9882441,0.00056818326,0.023836594,0.0007720436
2011-01-25,1.1320585e-05,0.073349886,0.9132912,0.9866411,0.9866411,0.00060465717,0.024589777,0.00084741955
2011-01-26,1.11385325e-05,0.08387764,0.90209913,0.98597676,0.98597676,0.0006038276,0.024572903,0.0007942907
2011-01-27,1.0032703e-05,0.09818786,0.88691497,0.98510283,0.98510283,0.0005573461,0.023608178,0.0006734638
2011-01-28,1.1552425e-05,0.10138616,0.8829924,0.9843785,0.9843786,0.0006578621,0.025648823,0.00073952164
2011-01-31,1.8308128e-05,0.047702026,0.93598306,0.9836851,0.9836851,0.000592778,0.024347031,0.0011221706
2011-02-01,1.9245705e-05,0.07699453,0.9045672,0.9815617,0.9815617,0.00059706497,0.024434913,0.0010437907
2011-02-02,1.3940406e-05,0.12395554,0.8573462,0.9813017,0.9813017,0.0005801602,0.024086514,0.000745545
2011-02-03,1.6046664e-05,0.081349336,0.90196335,0.98331267,0.98331267,0.00055558793,0.023570912,0.00096160744
2011-02-04,1.6020167e-05,0.065928414,0.91833127,0.98425967,0.98425967,0.0005523106,0.02350129,0.0010177781
2011-02-07,1.216031e-05,0.07637046,0.90942097,0.98579144,0.98579144,0.00052562857,0.022926591,0.00085584424
2011-02-08,1.2787655e-05,0.12909314,0.85219455,0.98128766,0.9812877,0.0006718241,0.02591957,0.00068338076
2011-02-09,1.38461255e-05,0.12720144,0.8533867,0.98058814,0.98058814,0.00061637285,0.024826858,0.0007132817
2011-02-10,1.523782e-05,0.09710392,0.8848909,0.98199487,0.98199487,0.0005400324,0.023238597,0.00084630423
2011-02-11,1.6210824e-05,0.05955038,0.9250467,0.9845971,0.9845971,0.00051279826,0.022645049,0.0010524519
2011-02-14,1.4728495e-05,0.097073376,0.8855378,0.9826112,0.9826112,0.00051217235,0.022631224,0.0008470095
2011-02-15,1.4372301e-05,0.092444055,0.89006335,0.9825074,0.9825074,0.00046985692,0.021676183,0.00082162215
2011-02-16,1.0946751e-05,0.083256505,0.90281767,0.98607415,0.98607415,0.00044847783,0.021177296,0.00078607415
2011-02-17,1.4026014e-05,0.07588995,0.9078562,0.9837462,0.9837462,0.00043152066,0.020773076,0.00086293597
2011-02-18,2.629118e-05,0.033872284,0.9487301,0.9826024,0.9826024,0.00041941786,0.020479694,0.0015111973
2011-02-22,1.4479256e-05,0.066515096,0.91821784,0.9847329,0.9847329,0.00042438039,0.020600494,0.00094839756
2011-02-23,0.00031216964,0.0049784263,0.9416478,0.94662625,0.94662625,0.00040445145,0.020110978,0.005848748
2011-02-24,0.00013245172,0.024977585,0.931564,0.95654154,0.95654154,0.0006933976,0.026332444,0.0030477776
2011-02-25,2.8273673e-05,0.069356866,0.9084919,0.97784877,0.97784877,0.0007974412,0.028239,0.0012763928
2011-02-28,2.366184e-05,0.14981495,0.82237077,0.97218573,0.97218573,0.00095944875,0.03097497,0.0008507087
2011-03-01,1.5901596e-05,0.08964005,0.8931955,0.9828356,0.98283553,0.00082267047,0.028682232,0.0009264284
2011-03-02,1.7194727e-05,0.18680374,0.7811757,0.96797943,0.96797943,0.0009033572,0.030055901,0.00053699006
2011-03-03,3.6002562e-05,0.079034895,0.8942621,0.973297,0.973297,0.00075999595,0.027568024,0.001348259
2011-03-04,2.2006687e-05,0.120444536,0.8561109,0.9765554,0.9765554,0.0007240652,0.02690846,0.0009386679
2011-03-07,8.2620994e-05,0.032837737,0.9340952,0.96693295,0.96693295,0.0006503407,0.025501778,0.00249859
2011-03-08,1.5198726e-05,0.11149135,0.8701316,0.98162293,0.98162293,0.00072108087,0.026852949,0.00082704856
2011-03-09,1.7969121e-05,0.08939353,0.89219356,0.9815871,0.98158705,0.00067105755,0.025904778,0.0009758991
2011-03-10,1.5541998e-05,0.13936216,0.838989,0.9783512,0.9783512,0.0006429521,0.0253565,0.0007179142
2011-03-11,1.2216879e-05,0.10411816,0.87993175,0.9840499,0.9840499,0.0006460805,0.025418114,0.00076594454
2011-03-14,1.3649233e-05,0.100350074,0.8831317,0.98348176,0.98348176,0.0006057163,0.024611305,0.000826313
2011-03-15,2.1803855e-05,0.06107486,0.920714,0.9817889,0.9817889,0.00055296614,0.023515232,0.0011972821
2011-03-16,9.570242e-06,0.107434064,0.87754285,0.98497695,0.9849769,0.0005339896,0.023108214,0.0006370371
2011-03-17,1.7567289e-05,0.039725006,0.94531703,0.98504204,0.98504204,0.00047820213,0.021867834,0.0011744438
2011-03-18,1.1442942e-05,0.10782711,0.8762156,0.9840427,0.9840427,0.0005879045,0.024246741,0.00071709784
2011-03-21,9.243207e-06,0.07027608,0.91757244,0.9878485,0.9878485,0.0005273075,0.022963177,0.00076066516
2011-03-22,1.1257284e-05,0.05493073,0.9324055,0.9873362,0.9873362,0.0004932389,0.022208983,0.00088893546
2011-03-23,1.105813e-05,0.078296155,0.90810645,0.9864026,0.98640263,0.000498498,0.022327067,0.0008132516
2011-03-24,9.185352e-06,0.06466285,0.92356294,0.9882258,0.9882258,0.00049221463,0.02218591,0.0007801265
2011-03-25,1.0078262e-05,0.07170537,0.91548085,0.9871862,0.9871862,0.00049231836,0.022188248,0.0007865158
2011-03-28,1.074623e-05,0.079021685,0.90764356,0.98666525,0.98666525,0.00055887626,0.023640564,0.0008058816
2011-03-29,8.948729e-06,0.071761735,0.91608137,0.9878431,0.9878431,0.0005212455,0.022830803,0.0007361027
2011-03-30,1.0731571e-05,0.096980475,0.88824856,0.985229,0.985229,0.0005550094,0.023558637,0.0007265305
2011-03-31,1.0245918e-05,0.10006715,0.88521093,0.98527807,0.98527807,0.00057424617,0.023963435,0.000695963
2011-04-01,1.1395278e-05,0.06345137,0.92331654,0.9867679,0.9867679,0.00052495167,0.022911824,0.0008611836
2011-04-04,1.1619539e-05,0.062512465,0.9241833,0.98669577,0.98669577,0.0004983493,0.022323739,0.00087337155
2011-04-05,1.0654475e-05,0.07908393,0.9072871,0.98637104,0.98637104,0.0004895593,0.022125987,0.00078175263
2011-04-06,1.0456153e-05,0.08317948,0.90299255,0.986172,0.986172,0.00046904522,0.021657452,0.00075615913
2011-04-07,1.1108204e-05,0.06308477,0.92378145,0.98686624,0.98686624,0.00046756686,0.021623295,0.00084577454
2011-04-08,1.16636e-05,0.062133063,0.9242508,0.98638386,0.98638386,0.00047218284,0.02172977,0.00085660076
2011-04-11,2.116431e-05,0.051931057,0.92959774,0.9815288,0.9815288,0.00044895068,0.021188457,0.0011458016
2011-04-12,8.430643e-06,0.09381849,0.89283335,0.98665184,0.98665184,0.0004529045,0.021281553,0.0006315958
2011-04-13,7.3471906e-06,0.0847807,0.90299207,0.98777276,0.98777276,0.00041326592,0.020328943,0.00060088723
2011-04-14,8.784189e-06,0.06129208,0.92679113,0.9880832,0.9880832,0.00039012867,0.019751675,0.0007371255
2011-04-15,8.9804025e-06,0.061736345,0.9265392,0.9882755,0.9882755,0.000388498,0.019710353,0.0007659537
2011-04-18,1.4773907e-05,0.04190819,0.9441867,0.9860949,0.9860949,0.0003691164,0.019212402,0.0010624806
2011-04-19,7.996576e-06,0.08220159,0.9054274,0.987629,0.987629,0.00037351082,0.019326428,0.00064639666
2011-04-20,9.274469e-06,0.07261133,0.91499794,0.98760927,0.98760927,0.00041884906,0.020465802,0.00074850046
2011-04-21,1.3778267e-05,0.045134045,0.9412532,0.98638725,0.98638725,0.00040196595,0.020049088,0.0010121592
2011-04-25,7.896723e-06,0.07241315,0.91591525,0.9883284,0.9883284,0.00041725996,0.020426942,0.00067657576
2011-04-26,9.162076e-06,0.059597667,0.92873865,0.9883363,0.9883363,0.00039189684,0.019796384,0.0007855222
2011-04-27,8.631198e-06,0.069525145,0.9184513,0.98797643,0.98797643,0.00037313552,0.019316716,0.00071785663
2011-04-28,9.681752e-06,0.05658665,0.9314874,0.988074,0.988074,0.00035163766,0.018752005,0.0008118192
2011-04-29,7.873519e-06,0.09373841,0.8931987,0.9869371,0.98693717,0.00044467108,0.021087226,0.0006027393
2011-05-02,7.667988e-06,0.0713509,0.9171902,0.98854107,0.9885411,0.00047651568,0.021829238,0.00066917116
2011-05-03,7.847745e-06,0.07674332,0.911288,0.9880313,0.9880313,0.00044477612,0.021089716,0.00065569056
2011-05-04,6.5908325e-06,0.076662354,0.9120139,0.98867625,0.98867625,0.00041486713,0.020368287,0.0005820362
2011-05-05,6.572899e-06,0.074506894,0.9142837,0.9887906,0.9887906,0.00041534274,0.020379959,0.0005863724
2011-05-06,9.440247e-06,0.16764447,0.81180847,0.97945297,0.97945297,0.00076544366,0.027666653,0.00045944576
2011-05-09,7.2219314e-06,0.0790536,0.909154,0.9882076,0.9882076,0.0006366984,0.025232883,0.0006124214
2011-05-10,7.504853e-06,0.10122139,0.88480127,0.98602265,0.98602265,0.0006149355,0.024797892,0.00053692964
2011-05-11,1.0072737e-05,0.14019185,0.8415568,0.98174864,0.98174864,0.0006010903,0.024517143,0.00055188965
2011-05-12,7.654151e-06,0.12500013,0.85976994,0.98477006,0.98477006,0.0005484029,0.023418004,0.0005025726
2011-05-13,8.7738745e-06,0.061358694,0.9271669,0.98852557,0.98852557,0.00048052432,0.021920865,0.00076464575
2011-05-16,7.503298e-06,0.06868296,0.92003965,0.9887226,0.9887226,0.00046393112,0.02153906,0.0006653407
2011-05-17,6.8592344e-06,0.084589355,0.90338576,0.9879751,0.9879751,0.00045423678,0.021312831,0.00057042023
2011-05-18,7.0721053e-06,0.07737696,0.9109125,0.9882895,0.9882895,0.00050273223,0.022421692,0.0006039102
2011-05-19,8.1450935e-06,0.06350558,0.9251625,0.9886681,0.9886681,0.0004662705,0.021593297,0.0007187746
2011-05-20,6.590207e-06,0.08657195,0.90143573,0.98800766,0.98800766,0.00047883106,0.021882208,0.0005495349
2011-05-23,7.561615e-06,0.0730002,0.9153804,0.9883806,0.9883806,0.0005318498,0.02306187,0.0006507756
2011-05-24,6.8979975e-06,0.088127084,0.89960164,0.9877287,0.9877287,0.00054865336,0.023423351,0.0005621251
2011-05-25,7.2774474e-06,0.0694343,0.91929984,0.9887341,0.9887341,0.00050046755,0.022371132,0.00064597273
2011-05-26,7.839072e-06,0.06617604,0.9225714,0.9887475,0.9887475,0.0004718018,0.021720998,0.00069665024
2011-05-27,7.036207e-06,0.07418829,0.91436946,0.98855776,0.98855776,0.0004525933,0.02127424,0.00061493245
2011-05-31,7.4613963e-06,0.08113764,0.906751,0.98788863,0.98788863,0.00056211045,0.023708869,0.00061606563
2011-06-01,7.681612e-06,0.092050634,0.89501274,0.98706335,0.98706335,0.00060253445,0.024546577,0.00059378677
2011-06-02,6.6319226e-06,0.07840568,0.9100974,0.9885031,0.9885031,0.00055249385,0.023505189,0.0005768443
2011-06-03,7.692046e-06,0.07538714,0.9127777,0.98816484,0.98816484,0.0006067702,0.024632705,0.00064993184
2011-06-06,7.930702e-06,0.06634643,0.9223173,0.98866373,0.98866373,0.00058625895,0.024212785,0.0006995867
2011-06-07,6.622704e-06,0.07737321,0.9111512,0.9885244,0.9885244,0.0005913859,0.024318427,0.0005771106
2011-06-08,6.668058e-06,0.07147452,0.91746914,0.9889437,0.9889437,0.0005455474,0.023356955,0.0006031001
2011-06-09,7.421329e-06,0.067248166,0.92163676,0.9888849,0.9888849,0.00050807284,0.02254047,0.00066768145
2011-06-10,9.593851e-06,0.061129823,0.92687565,0.98800546,0.98800546,0.00056350674,0.023738297,0.0007998515
2011-06-13,6.8717463e-06,0.07087615,0.9179801,0.9888562,0.9888562,0.0005512804,0.023479361,0.0006166428
2011-06-14,7.4752465e-06,0.06891634,0.9197966,0.9887129,0.9887129,0.0005517602,0.023489576,0.0006622827
2011-06-15,7.743211e-06,0.06594386,0.9228669,0.9888107,0.9888107,0.0005282657,0.022984032,0.0006920204
2011-06-16,5.849488e-06,0.08069018,0.90812975,0.98881996,0.98881996,0.00049529155,0.022255147,0.000523208
2011-06-17,7.205994e-06,0.06794728,0.92099303,0.9889403,0.9889403,0.0005631946,0.023731722,0.0006515541
2011-06-20,6.797213e-06,0.07056093,0.9183652,0.9889261,0.9889261,0.0005523008,0.02350108,0.0006138055
2011-06-21,7.3411e-06,0.0659929,0.9230709,0.9890638,0.9890638,0.00051420205,0.022676025,0.00067126605
2011-06-22,6.615426e-06,0.07198482,0.91691256,0.9888974,0.9888974,0.00049999374,0.022360539,0.0005958439
2011-06-23,6.770825e-06,0.07339026,0.91534305,0.9887333,0.9887333,0.00048374094,0.021994112,0.0006009586
2011-06-24,5.6970866e-06,0.095181644,0.89289105,0.9880727,0.9880727,0.0005110183,0.022605715,0.00047765073
2011-06-27,9.310293e-06,0.055454157,0.932769,0.98822314,0.98822314,0.00046927674,0.021662796,0.0007905578
2011-06-28,7.053603e-06,0.06811336,0.9209043,0.9890176,0.9890176,0.00044943093,0.021199785,0.0006422646
2011-06-29,6.6008297e-06,0.074239075,0.914519,0.9887581,0.9887581,0.00045906598,0.021425825,0.0005871625
2011-06-30,6.572096e-06,0.07961286,0.9088592,0.98847204,0.98847204,0.00043309777,0.020811,0.00057010073
2011-07-01,7.3931014e-06,0.06777504,0.92107105,0.9888461,0.98884606,0.0004153291,0.020379625,0.000662828
2011-07-05,8.027707e-06,0.06300492,0.9257696,0.98877454,0.98877454,0.000403804,0.020094875,0.00071513373
2011-07-06,7.849084e-06,0.06551388,0.92329574,0.98880965,0.9888096,0.00039122876,0.019779503,0.0007014151
2011-07-07,7.2886305e-06,0.072319314,0.91628563,0.98860496,0.98860496,0.00044404695,0.021072421,0.000639632
2011-07-08,9.760263e-06,0.07992848,0.90575224,0.9856807,0.9856807,0.00044284321,0.02104384,0.0006816159
2011-07-11,8.051299e-06,0.08690727,0.90040475,0.987312,0.987312,0.0004352797,0.020863358,0.00063456106
2011-07-12,7.04747e-06,0.07164245,0.9170933,0.98873574,0.98873574,0.00043388605,0.02082993,0.0006256485
2011-07-13,7.997784e-06,0.06436032,0.92443174,0.98879206,0.98879206,0.00041308085,0.02032439,0.00071358215
2011-07-14,6.9812586e-06,0.06949587,0.91944164,0.9889375,0.9889375,0.00040682024,0.020169785,0.0006310741
2011-07-15,6.5719432e-06,0.073428236,0.9154194,0.9888476,0.9888476,0.0003831219,0.0195735,0.0005892858
2011-07-18,7.659684e-06,0.067488775,0.92126596,0.98875475,0.98875475,0.00046254977,0.02150697,0.0006811484
2011-07-19,6.750116e-06,0.06986878,0.91915506,0.98902386,0.98902386,0.0004337939,0.02082772,0.0006149811
2011-07-20,8.054779e-06,0.063612446,0.9251873,0.98879975,0.98879975,0.0004059675,0.020148635,0.00071916066
2011-07-21,7.5832045e-06,0.065568544,0.9233955,0.9889641,0.9889641,0.00038685792,0.019668704,0.00068713847
2011-07-22,8.121083e-06,0.06421679,0.9245486,0.9887654,0.9887654,0.00040072054,0.020018006,0.00072286476
2011-07-25,1.1344952e-05,0.049943577,0.93747467,0.98741823,0.98741823,0.00037868664,0.019459873,0.00090169796
2011-07-26,8.119026e-06,0.062425744,0.9263249,0.98875064,0.98875064,0.00036673277,0.019150268,0.000721732
2011-07-27,1.06192865e-05,0.05228801,0.935402,0.98769,0.98769,0.00034857518,0.018670168,0.0008626533
2011-07-28,6.967186e-06,0.067147605,0.9220162,0.9891638,0.9891638,0.00033667943,0.018348826,0.00064295565
2011-07-29,1.0358259e-05,0.05242632,0.93526566,0.987692,0.987692,0.00037406,0.01934063,0.0008415874
2011-08-01,8.19084e-06,0.061002906,0.92746156,0.9884645,0.9884645,0.0003889039,0.019720646,0.0007100535
2011-08-02,9.607265e-06,0.054917354,0.9330175,0.9879348,0.9879348,0.00037564393,0.019381536,0.00079628086
2011-08-03,8.02826e-06,0.0629332,0.9255624,0.9884956,0.9884956,0.00036334977,0.019061735,0.0006978418
2011-08-04,6.703673e-06,0.07304247,0.91578305,0.9888255,0.9888255,0.00035957096,0.018962357,0.0005999081
2011-08-05,6.7764026e-06,0.10462441,0.88228196,0.98690635,0.98690635,0.00043547215,0.02086797,0.0005175335
2011-08-08,7.4295126e-06,0.061976824,0.9268493,0.98882616,0.98882616,0.00039099006,0.019773468,0.0006649021
2011-08-09,5.8181863e-06,0.09488946,0.8932755,0.98816496,0.98816496,0.00036992595,0.01923346,0.0004916069
2011-08-10,6.747373e-06,0.07318495,0.91561675,0.9888017,0.9888017,0.00035786646,0.01891736,0.0006025364
2011-08-11,8.172577e-06,0.057247162,0.9310591,0.9883063,0.9883063,0.00033485764,0.018299116,0.0006988862
2011-08-12,8.095231e-06,0.063176036,0.92553926,0.9887153,0.9887153,0.00035893693,0.01894563,0.00071736285
2011-08-15,9.223183e-06,0.056597997,0.93163276,0.98823076,0.98823076,0.00034872929,0.018674295,0.00078366883
2011-08-16,1.2690346e-05,0.045169223,0.9416767,0.9868459,0.9868459,0.00033839516,0.01839552,0.0009647453
2011-08-17,8.404508e-06,0.09235885,0.89436334,0.9867222,0.9867222,0.00035508245,0.018843632,0.00063297304
2011-08-18,1.4633027e-05,0.040968698,0.9451938,0.98616254,0.98616254,0.0003259968,0.018055381,0.001057494
2011-08-19,8.174242e-06,0.099112354,0.88744885,0.9865612,0.9865612,0.0003270871,0.018085549,0.0006082559
2011-08-22,1.17169975e-05,0.04699157,0.9402314,0.98722297,0.98722297,0.0003138436,0.017715631,0.000917036
2011-08-23,1.2704986e-05,0.04576526,0.9411214,0.9868867,0.9868867,0.000314529,0.017734965,0.00096886116
2011-08-24,8.448052e-06,0.06715446,0.92096937,0.98812383,0.98812383,0.0003410889,0.018468592,0.00071134506
2011-08-25,1.0873766e-05,0.053929802,0.93348855,0.98741835,0.98741835,0.00034370282,0.018539224,0.0008642562
2011-08-26,8.760267e-06,0.058798745,0.9295035,0.98830223,0.98830223,0.00033205296,0.01822232,0.0007488835
2011-08-29,2.4610197e-05,0.029142654,0.95409924,0.9832419,0.9832419,0.00031740716,0.017815925,0.0014685567
2011-08-30,1.5459776e-05,0.040086463,0.9458105,0.98589694,0.98589694,0.00033774623,0.018377874,0.0010962005
2011-08-31,1.5745769e-05,0.04227115,0.94294345,0.9852146,0.9852146,0.0003423158,0.018501777,0.0010649533
2011-09-01,8.349353e-06,0.08073558,0.9068314,0.98756695,0.98756695,0.00039524314,0.019880723,0.0006715449
2011-09-02,1.1116506e-05,0.054622214,0.9325128,0.98713505,0.98713505,0.0003668175,0.01915248,0.00086409267
2011-09-06,1.0642754e-05,0.09941038,0.88576144,0.9851718,0.9851718,0.00046251272,0.021506108,0.0007177372
2011-09-07,9.93035e-06,0.072123736,0.9149654,0.98708916,0.98708916,0.00044941393,0.021199385,0.00076914806
2011-09-08,1.264837e-05,0.046027474,0.9406887,0.9867162,0.9867162,0.00042116528,0.020522311,0.0009521658
2011-09-09,8.116038e-06,0.06891692,0.9193766,0.9882935,0.9882935,0.0004137236,0.020340197,0.000693295
2011-09-12,9.567015e-06,0.07554139,0.9114958,0.9870372,0.9870372,0.00040670566,0.020166945,0.0007380351
2011-09-13,1.4471511e-05,0.042311948,0.9439634,0.9862754,0.9862754,0.00038451122,0.019608958,0.0010544194
2011-09-14,1.0218952e-05,0.055911925,0.93186826,0.98778015,0.98778015,0.0004025544,0.020063758,0.0008362587
2011-09-15,9.306148e-06,0.07627584,0.9110223,0.98729813,0.98729813,0.00039779523,0.019944804,0.00073265977
2011-09-16,1.2296317e-05,0.057836346,0.92807937,0.9859157,0.9859157,0.0004966422,0.02228547,0.00087305263
2011-09-19,8.9677e-06,0.076295964,0.9110705,0.9873665,0.9873665,0.0004914353,0.02216834,0.0007098348
2011-09-20,9.650676e-06,0.07275096,0.9143943,0.9871453,0.9871453,0.0004589603,0.021423358,0.000750751
2011-09-21,2.4982204e-05,0.02946458,0.9536196,0.9830842,0.9830842,0.00043388823,0.020829983,0.0014768564
2011-09-22,1.0056302e-05,0.063011356,0.9243244,0.98733574,0.98733574,0.00044814553,0.021169448,0.00079406955
2011-09-23,9.575038e-06,0.10282181,0.8826078,0.98542964,0.98542964,0.00042696594,0.020663153,0.00065715885
2011-09-26,1.40838e-05,0.041297704,0.94512296,0.9864207,0.98642063,0.0003864971,0.019659529,0.0010371514
2011-09-27,1.2823466e-05,0.046946153,0.9399623,0.9869085,0.9869085,0.0003990983,0.019977445,0.0009795257
2011-09-28,1.3831905e-05,0.043417066,0.94250774,0.98592484,0.98592484,0.0003947597,0.01986856,0.0009827174
2011-09-29,9.170177e-06,0.09675334,0.88931954,0.9860729,0.9860729,0.0003995322,0.019988302,0.0006584411
2011-09-30,2.3036757e-05,0.030696847,0.9530472,0.9837441,0.9837441,0.00036534778,0.019114073,0.0014171307
2011-10-03,1.4195002e-05,0.07586495,0.908445,0.98431,0.98431,0.00038561656,0.019637123,0.00090471486
2011-10-04,2.9443067e-05,0.037454806,0.943435,0.9808898,0.9808898,0.0003778257,0.01943774,0.0015406988
2011-10-05,1.4947359e-05,0.058087837,0.926858,0.98494583,0.98494583,0.00038724326,0.019678498,0.0009929051
2011-10-06,3.8227372e-05,0.020054221,0.9598063,0.97986054,0.97986054,0.00039409817,0.019851906,0.0018981333
2011-10-07,1.8702509e-05,0.04123053,0.9423646,0.98359513,0.98359513,0.00041777472,0.020439537,0.0011400585
2011-10-10,3.0438823e-05,0.03925901,0.9408647,0.9801237,0.9801237,0.00045689824,0.021375177,0.0015314128
2011-10-11,3.408916e-05,0.027296344,0.9529744,0.98027074,0.98027074,0.00047206206,0.02172699,0.0017278482
2011-10-12,1.24581875e-05,0.08716752,0.89735454,0.98452204,0.98452204,0.00049618015,0.022275101,0.0008048988
2011-10-13,3.1888507e-05,0.05445855,0.92323524,0.9776938,0.9776938,0.0005678529,0.023829665,0.0014295802
2011-10-14,3.0128585e-05,0.07697343,0.8994415,0.9764149,0.9764149,0.00056421873,0.02375329,0.0012774426
2011-10-17,1.7915687e-05,0.075759724,0.90631646,0.98207617,0.98207617,0.00071324885,0.02670672,0.0009995456
2011-10-18,1.8002758e-05,0.06405907,0.9192241,0.98328316,0.98328316,0.00066546956,0.025796697,0.0010769237
2011-10-19,4.5988305e-05,0.038822595,0.9364752,0.9752978,0.9752978,0.0007178232,0.026792223,0.0018617095
2011-10-20,1.6041855e-05,0.098088264,0.88412505,0.9822133,0.9822133,0.0007216797,0.026864097,0.0009019026
2011-10-21,1.5969566e-05,0.07728172,0.905958,0.9832397,0.9832397,0.0006691823,0.025868557,0.00095282163
2011-10-24,3.6027548e-05,0.023889363,0.9568577,0.98074704,0.98074704,0.0006222209,0.024944356,0.0018712736
2011-10-25,9.278845e-05,0.012635355,0.9585879,0.97122324,0.97122324,0.000632479,0.025149135,0.0032244225
2011-10-26,6.059051e-05,0.021304742,0.95404893,0.97535366,0.97535366,0.00070194784,0.026494298,0.0024583978
2011-10-27,3.874235e-05,0.044186562,0.9329245,0.9771111,0.9771111,0.0007376207,0.027159173,0.0016926262
2011-10-28,5.133319e-05,0.017096942,0.9598559,0.97695285,0.97695285,0.0007417645,0.027235353,0.002227312
2011-10-31,2.1828859e-05,0.19764884,0.76660633,0.96425515,0.96425515,0.0009607719,0.03099632,0.0006106855
2011-11-01,1.2691181e-05,0.07291566,0.9127892,0.9857049,0.9857049,0.00076014875,0.027570795,0.0008877993
2011-11-02,1.2596635e-05,0.13129646,0.84995323,0.9812497,0.9812497,0.00082009577,0.028637314,0.0006718094
2011-11-03,1.0902679e-05,0.079960465,0.90628153,0.986242,0.986242,0.0007186701,0.026808023,0.0007924608
2011-11-04,1.0015236e-05,0.09769664,0.88769835,0.985395,0.985395,0.00066722516,0.025830703,0.00068574084
2011-11-07,1.7718034e-05,0.052174598,0.9319205,0.98409516,0.9840951,0.0006025382,0.024546653,0.0011140023
2011-11-08,1.5770836e-05,0.06428457,0.91955864,0.9838432,0.9838432,0.00060698064,0.024636976,0.00097611186
2011-11-09,2.4770081e-05,0.043574765,0.9386347,0.98220944,0.98220944,0.0005854275,0.02419561,0.0013923163
2011-11-10,1.2584769e-05,0.082967006,0.9018037,0.98477066,0.98477066,0.00060137763,0.024523001,0.00082635
2011-11-11,3.754771e-05,0.025818577,0.9542536,0.9800722,0.9800722,0.0005549408,0.02355718,0.0018841875
2011-11-14,8.585648e-05,0.014113218,0.95751834,0.9716316,0.9716315,0.0005752526,0.023984423,0.0030264817
2011-11-15,4.1396335e-05,0.040106576,0.93561727,0.97572386,0.97572386,0.00065454096,0.025583997,0.0017052274
2011-11-16,7.5033604e-05,0.019464582,0.9517375,0.97120214,0.97120214,0.000663473,0.025757968,0.0026055267
2011-11-17,0.0001022537,0.011068694,0.9588876,0.9699563,0.9699563,0.00071249966,0.026692688,0.0034034967
2011-11-18,3.333325e-05,0.09842486,0.8736461,0.97207093,0.97207093,0.00078977854,0.028103,0.0011934967
2011-11-21,6.286061e-05,0.029426426,0.94300306,0.9724295,0.9724295,0.00079909735,0.02826831,0.0022799964
2011-11-22,3.618803e-05,0.059321824,0.91689336,0.9762152,0.9762152,0.0008346977,0.028891135,0.0015214761
2011-11-23,5.4642e-05,0.032361574,0.9411578,0.9735194,0.9735194,0.00080294244,0.028336238,0.0020634718
2011-11-25,2.1729073e-05,0.06565865,0.91599566,0.9816543,0.9816543,0.00081605953,0.028566755,0.0011844223
2011-11-28,0.0002697998,0.006951027,0.94533616,0.9522872,0.9522872,0.0008058952,0.028388293,0.005654663
2011-11-29,1.47646615e-05,0.09078946,0.8910872,0.9818766,0.9818766,0.0010499738,0.032403298,0.0008146745
2011-11-30,2.0642738e-05,0.18292566,0.785994,0.96891963,0.96891963,0.0014905486,0.038607623,0.0006641729
2011-12-01,1.3389795e-05,0.11955064,0.86236095,0.9819116,0.9819116,0.0012881758,0.035891168,0.0007402421
2011-12-02,1.3477921e-05,0.11506046,0.86740154,0.982462,0.982462,0.0012142621,0.034846265,0.0007684977
2011-12-05,1.5959822e-05,0.12844181,0.85121244,0.97965425,0.97965425,0.0011019419,0.03319551,0.00078443036
2011-12-06,1.3733834e-05,0.12723295,0.8537991,0.9810321,0.9810321,0.0011087441,0.033297807,0.00072405563
2011-12-07,1.7546641e-05,0.12784398,0.8508453,0.97868925,0.97868925,0.00096790306,0.03111114,0.00082337053
2011-12-08,1.2941209e-05,0.0935859,0.89072156,0.98430747,0.98430747,0.00088676315,0.029778568,0.0008246731
2011-12-09,1.529403e-05,0.11037651,0.8713902,0.9817667,0.9817667,0.00081346347,0.02852128,0.00083879667
2011-12-12,1.5700078e-05,0.096555114,0.88550264,0.98205775,0.98205775,0.0009108995,0.030181112,0.00087503396
2011-12-13,2.1713708e-05,0.10873757,0.8692659,0.9780035,0.9780035,0.0008570493,0.029275404,0.0009871438
2011-12-14,2.8732773e-05,0.06965236,0.90729535,0.9769477,0.9769477,0.00077343447,0.027810689,0.0012464181
2011-12-15,2.003097e-05,0.14397447,0.8311472,0.9751217,0.9751217,0.0008676797,0.029456403,0.0008051575
2011-12-16,4.672699e-05,0.05016376,0.9231665,0.97333026,0.97333026,0.0007422253,0.027243813,0.0017520601
2011-12-19,3.4682755e-05,0.03903685,0.94005644,0.9790933,0.9790933,0.0007319267,0.027054144,0.0016589311
2011-12-20,3.9910803e-05,0.031488527,0.94711775,0.9786063,0.9786063,0.0007264515,0.026952764,0.0018655385
2011-12-21,3.061912e-05,0.06559874,0.9104224,0.9760211,0.9760211,0.00073141017,0.027044596,0.00127692
2011-12-22,4.713113e-05,0.040695485,0.93409956,0.97479504,0.97479504,0.0007015921,0.026487583,0.001869915
2011-12-23,3.5368612e-05,0.032049652,0.9479485,0.9799982,0.9799982,0.0007033617,0.026520967,0.0017682689
2011-12-27,7.2102506e-05,0.02279974,0.9490756,0.9718753,0.9718753,0.0007117135,0.026677959,0.0025636728
2011-12-28,9.0867485e-05,0.020456625,0.94857144,0.96902806,0.96902806,0.00074757676,0.02734185,0.0029338645
2011-12-29,4.2620984e-05,0.046931308,0.9285865,0.9755178,0.9755178,0.0008015932,0.02831242,0.0017408975
2011-12-30,0.00013599826,0.01628197,0.9461821,0.96246403,0.96246403,0.0008029441,0.028336268,0.0036231454
2012-01-03,0.00015740118,0.019324513,0.9389772,0.9583017,0.9583017,0.00089824403,0.02997072,0.0037747647
2012-01-04,0.0002493743,0.011132952,0.93591315,0.9470461,0.9470461,0.0010008778,0.03163665,0.0047092717
2012-01-05,5.0601913e-05,0.09582547,0.8702698,0.96609527,0.96609527,0.0011990096,0.03462672,0.0014924735
2012-01-06,4.5542813e-05,0.06784629,0.90447104,0.97231734,0.97231734,0.0012323018,0.035104156,0.0016451746
2012-01-09,5.734255e-05,0.08909949,0.8758267,0.9649262,0.9649262,0.0012108786,0.03479768,0.0016349105
2012-01-10,3.227822e-05,0.0768822,0.8990661,0.9759483,0.9759483,0.0011423852,0.03379919,0.0013420335
2012-01-11,4.798289e-05,0.08954562,0.87781566,0.9673613,0.9673613,0.0011011558,0.033183668,0.0014701212
2012-01-12,4.125215e-05,0.1462705,0.81664103,0.96291155,0.96291155,0.0013184632,0.03631065,0.001112264
2012-01-13,5.0840074e-05,0.13191311,0.82853687,0.96045,0.96045,0.001232183,0.035102464,0.0012854631
2012-01-17,6.0079055e-05,0.0773011,0.8878631,0.9651642,0.9651642,0.001084562,0.03293269,0.0017246347
2012-01-18,4.13246e-05,0.17085157,0.7838954,0.95474696,0.95474696,0.0014060657,0.037497543,0.00091318955
2012-01-19,4.437837e-05,0.1632712,0.7933104,0.9565816,0.9565816,0.0011501976,0.033914562,0.0010221095
2012-01-20,0.00017499323,0.1464943,0.7581612,0.90465546,0.90465546,0.0015924296,0.039905258,0.0018353774
2012-01-23,5.009535e-05,0.17422952,0.7779214,0.9521509,0.9521509,0.0013947358,0.037346162,0.0010469441
2012-01-24,0.0002924904,0.14498727,0.73128146,0.87626874,0.87626874,0.0021155232,0.04599482,0.002363917
2012-01-25,3.874761e-05,0.19878682,0.7509645,0.9497514,0.9497514,0.0018591292,0.04311762,0.00077111786
2012-01-26,4.25544e-05,0.1985326,0.75026125,0.9487938,0.9487938,0.0023134595,0.048098437,0.00083104044
2012-01-27,3.60939e-05,0.153741,0.8091543,0.9628953,0.9628953,0.0022037826,0.04694446,0.0009727575
2012-01-30,2.7951277e-05,0.19510525,0.7639821,0.9590874,0.9590874,0.001938484,0.04402822,0.0006831944
2012-01-31,1.8351819e-05,0.1350184,0.8425666,0.977585,0.977585,0.0015428665,0.039279338,0.00081873
2012-02-01,3.272026e-05,0.20781817,0.74085367,0.9486718,0.9486718,0.0021902104,0.046799682,0.0006374717
2012-02-02,2.695446e-05,0.19870093,0.7591907,0.95789164,0.9578916,0.002161338,0.046490192,0.0006401214
2012-02-03,4.3100972e-05,0.20984049,0.7298457,0.9396862,0.9396862,0.0026394073,0.05137516,0.00071461184
2012-02-06,2.1558371e-05,0.19392979,0.7693825,0.96331227,0.96331227,0.0020670383,0.045464694,0.000587618
2012-02-07,2.8584514e-05,0.20680405,0.7452726,0.9520766,0.9520766,0.0016926761,0.041142143,0.00059646275
2012-02-08,1.7995384e-05,0.17815207,0.7925178,0.97066987,0.97066987,0.001487035,0.038562093,0.0006135459
2012-02-09,1.8224055e-05,0.17447682,0.79653275,0.97100955,0.97100955,0.0012127453,0.034824494,0.0006286227
2012-02-10,1.644152e-05,0.1525923,0.8235581,0.9761504,0.9761504,0.0010092682,0.03176898,0.00068938325
2012-02-13,1.5493899e-05,0.13020946,0.8492695,0.97947896,0.97947896,0.000847639,0.02911424,0.00075502484
2012-02-14,1.2438597e-05,0.11669973,0.865516,0.98221576,0.98221576,0.0007801222,0.027930668,0.0006994169
2012-02-15,1.781761e-05,0.15995643,0.81469846,0.9746549,0.9746549,0.0008829861,0.029715082,0.0007030006
2012-02-16,1.4585982e-05,0.124824636,0.8555805,0.98040515,0.98040515,0.0010325593,0.03213346,0.0007443784
2012-02-17,1.9844701e-05,0.174269,0.79658467,0.9708537,0.9708537,0.0013051799,0.036127273,0.0006808649
2012-02-21,1.3010807e-05,0.108039744,0.87521225,0.983252,0.983252,0.0014089273,0.03753568,0.00077685685
2012-02-22,1.3554623e-05,0.13961601,0.8398626,0.9794786,0.9794786,0.0012967172,0.03600996,0.00066051155
2012-02-23,1.543503e-05,0.13402006,0.8453597,0.9793798,0.9793798,0.0011088096,0.033298794,0.0007485383
2012-02-24,1.3680444e-05,0.08920513,0.8945495,0.98375463,0.98375463,0.0009616856,0.031011056,0.00084211363
2012-02-27,1.9951987e-05,0.092794865,0.88656974,0.9793646,0.97936463,0.0009402281,0.03066314,0.0009668803
2012-02-28,1.6116292e-05,0.14949119,0.8275917,0.9770829,0.9770829,0.0010128319,0.03182502,0.0007032433
2012-02-29,1.5639187e-05,0.149307,0.8281729,0.97747993,0.97747993,0.0009854295,0.03139155,0.0006944557
2012-03-01,1.6292035e-05,0.14313625,0.834771,0.97790724,0.97790724,0.0010472359,0.032361023,0.00073743775
2012-03-02,2.128516e-05,0.2155429,0.73459136,0.9501343,0.9501343,0.0014068198,0.037507597,0.0004268495
2012-03-05,1.2736356e-05,0.12768854,0.853755,0.9814435,0.9814435,0.0010710225,0.03272648,0.00068635645
2012-03-06,2.1637823e-05,0.1823891,0.78534603,0.9677351,0.9677351,0.0012874762,0.03588142,0.00067063066
2012-03-07,1.968235e-05,0.17758591,0.79241985,0.97000575,0.97000575,0.0010328246,0.032137588,0.0006562041
2012-03-08,1.784804e-05,0.16332722,0.8100854,0.97341263,0.97341263,0.00093189994,0.030527037,0.0006712978
2012-03-09,1.9515153e-05,0.16222726,0.81052244,0.9727497,0.9727497,0.0007999955,0.028284192,0.0007161448
2012-03-12,1.6112006e-05,0.14678942,0.8306894,0.9774788,0.9774788,0.0007525229,0.027432151,0.00071541517
2012-03-13,1.5546299e-05,0.1409091,0.8375869,0.978496,0.97849596,0.000723985,0.026906969,0.0007229497
2012-03-14,1.7373359e-05,0.1580114,0.8170762,0.9750876,0.97508764,0.00064702623,0.02543671,0.0006973775
2012-03-15,1.5526593e-05,0.13286853,0.8465572,0.9794257,0.9794257,0.0005523944,0.023503073,0.00075466064
2012-03-16,1.7920667e-05,0.0731265,0.9096676,0.9827941,0.9827941,0.00048368383,0.021992814,0.0010415424
2012-03-19,1.8271474e-05,0.10348087,0.8761427,0.97962356,0.97962356,0.0004890023,0.022113398,0.0008966959
2012-03-20,2.1688535e-05,0.051491488,0.9314207,0.9829122,0.9829122,0.0004589946,0.02142416,0.0012692396
2012-03-21,1.4140306e-05,0.1267856,0.854211,0.9809966,0.9809966,0.00045146412,0.021247685,0.00074409385
2012-03-22,2.1771897e-05,0.040431187,0.9434467,0.9838779,0.9838779,0.0004147271,0.02036485,0.0013504378
2012-03-23,1.561842e-05,0.13520616,0.84411407,0.9793202,0.9793202,0.000474908,0.021792384,0.00075525104
2012-03-26,2.3577884e-05,0.06387004,0.9164463,0.98031634,0.9803164,0.00041759078,0.020435039,0.0011978406
2012-03-27,2.7509945e-05,0.07476017,0.9030794,0.9778395,0.9778396,0.00043598778,0.020880321,0.0012413971
2012-03-28,1.7521521e-05,0.089344695,0.89239347,0.98173815,0.98173815,0.00042592286,0.020637898,0.00095946033
2012-03-29,1.4019928e-05,0.12246301,0.85888225,0.98134524,0.98134524,0.00040266884,0.02006661,0.0007515468
2012-03-30,1.6061644e-05,0.11631677,0.8645271,0.9808439,0.9808439,0.00040477235,0.020118956,0.0008384611
2012-04-02,3.9656163e-05,0.042122006,0.93500286,0.97712487,0.97712487,0.0003789552,0.019466773,0.0017335928
2012-04-03,6.518024e-05,0.037055183,0.9330384,0.9700936,0.9700936,0.0004004168,0.020010417,0.0021794753
2012-04-04,1.2627795e-05,0.118161656,0.8644937,0.9826554,0.9826554,0.00044867705,0.021181999,0.0007280536
2012-04-05,1.25434335e-05,0.10453257,0.87933815,0.9838707,0.98387074,0.00045287248,0.0212808,0.00077767926
2012-04-09,2.0101821e-05,0.05076166,0.9324598,0.9832214,0.9832214,0.00047291175,0.021746535,0.001198064
2012-04-10,1.2216372e-05,0.09832156,0.8862583,0.98457986,0.98457986,0.00046499126,0.021563657,0.0007922349
2012-04-11,1.5172779e-05,0.1256078,0.85504186,0.98064965,0.98064965,0.00055552967,0.023569677,0.00078410876
2012-04-12,1.7116436e-05,0.08496873,0.89679444,0.9817632,0.9817632,0.00055782305,0.023618277,0.0009385649
2012-04-13,1.633549e-05,0.10951976,0.8708455,0.9803653,0.9803653,0.0005173766,0.022745913,0.0008319695
2012-04-16,1.3469193e-05,0.09846265,0.8852106,0.9836732,0.9836732,0.00046696118,0.021609284,0.0008249752
2012-04-17,1.1248718e-05,0.089307494,0.896399,0.9857065,0.9857065,0.00045774408,0.021394955,0.0007869818
2012-04-18,2.3212982e-05,0.07737436,0.9022386,0.97961295,0.97961295,0.0005162921,0.022722062,0.0011386139
2012-04-19,1.1909687e-05,0.10326583,0.8810618,0.9843276,0.9843276,0.0004890349,0.022114133,0.0007599154
2012-04-20,1.3888694e-05,0.085861355,0.8982309,0.9840923,0.98409224,0.00049554574,0.022260856,0.0008730797
2012-04-23,1.31430525e-05,0.07480137,0.910396,0.98519737,0.98519737,0.00046872196,0.021649988,0.00088788604
2012-04-24,1.1761223e-05,0.13475756,0.8466765,0.9814341,0.9814341,0.0005648881,0.023767374,0.00063348544
2012-04-25,1.1800711e-05,0.08853478,0.896833,0.9853678,0.9853678,0.0005239639,0.022890257,0.0008064878
2012-04-26,1.3072917e-05,0.11890933,0.86346614,0.9823755,0.9823755,0.00067084155,0.02590061,0.0007417469
2012-04-27,1.153712e-05,0.095085576,0.88984406,0.9849296,0.9849296,0.0006204816,0.024909468,0.0007655495
2012-04-30,1.55549e-05,0.13989848,0.8390357,0.97893417,0.97893417,0.001046951,0.032356624,0.0007383948
2012-05-01,1.3772527e-05,0.117012985,0.8651804,0.98219335,0.98219335,0.0011710013,0.0342199,0.00077344856
2012-05-02,1.1093954e-05,0.087312415,0.8985124,0.9858248,0.9858248,0.0011884078,0.03447329,0.0007826325
2012-05-03,1.2376387e-05,0.11513216,0.86775315,0.9828853,0.9828853,0.0013045978,0.036119215,0.0007231437
2012-05-04,1.448237e-05,0.12633437,0.8546308,0.9809652,0.9809652,0.0013115219,0.03621494,0.00076083635
2012-05-07,1.17423015e-05,0.109266,0.87448615,0.98375213,0.98375213,0.0012221239,0.034958888,0.00072269794
2012-05-08,1.0167159e-05,0.08778323,0.89820427,0.9859875,0.9859875,0.0011482694,0.033886123,0.000725577
2012-05-09,1.3049156e-05,0.122479975,0.85935277,0.98183274,0.98183274,0.0010934414,0.033067226,0.0007182788
2012-05-10,1.0432286e-05,0.0901397,0.89559275,0.98573244,0.98573244,0.0010618337,0.03258579,0.00073118904
2012-05-11,9.306822e-06,0.069716915,0.9180024,0.98771936,0.98771936,0.00096885324,0.031126408,0.0007578448
2012-05-14,8.687167e-06,0.06508855,0.92328936,0.9883779,0.9883779,0.00090438005,0.030072913,0.00074747147
2012-05-15,8.84018e-06,0.071201645,0.9166244,0.98782605,0.98782605,0.0009077665,0.030129164,0.0007261554
2012-05-16,9.849137e-06,0.08901898,0.8971329,0.9861519,0.9861519,0.00089751976,0.029958634,0.00071122526
2012-05-17,9.423088e-06,0.07780096,0.9094274,0.98722833,0.9872284,0.0010060869,0.031718872,0.00073781196
2012-05-18,9.042554e-06,0.065075606,0.923102,0.9881776,0.98817766,0.00093069294,0.030507261,0.000764866
2012-05-21,1.0145264e-05,0.082979016,0.9035887,0.98656774,0.98656774,0.0010700093,0.032710996,0.0007552907
2012-05-22,9.779089e-06,0.08695797,0.8992028,0.9861608,0.9861608,0.0011804329,0.03435743,0.0007066232
2012-05-23,1.0685818e-05,0.102939986,0.88176095,0.9847009,0.9847009,0.0011907888,0.034507807,0.0006984614
2012-05-24,8.971272e-06,0.07195224,0.9157967,0.9877489,0.9877489,0.0010736531,0.032766648,0.0007322842
2012-05-25,9.762776e-06,0.07856448,0.9082301,0.9867946,0.9867946,0.0010716687,0.03273635,0.0007393013
2012-05-29,1.0043444e-05,0.0890847,0.89679587,0.98588055,0.98588055,0.0010542341,0.03246897,0.0007113199
2012-05-30,1.0436856e-05,0.11689031,0.86662436,0.98351467,0.98351467,0.0012293039,0.03506143,0.0006330995
2012-05-31,9.6822e-06,0.09363133,0.8922073,0.98583865,0.98583865,0.001077976,0.032832544,0.0006837061
2012-06-01,9.547815e-06,0.084815994,0.90172374,0.9865397,0.9865397,0.00097178377,0.031173447,0.0007093327
2012-06-04,1.0442185e-05,0.09765898,0.88737756,0.98503655,0.98503655,0.0010231505,0.031986725,0.0006978462
2012-06-05,9.4363095e-06,0.09606978,0.8895854,0.9856552,0.9856552,0.001057572,0.03252033,0.0006578204
2012-06-06,8.424355e-06,0.085792474,0.9011281,0.9869206,0.9869206,0.00096637494,0.031086572,0.00064409315
2012-06-07,8.5443e-06,0.07984339,0.90746725,0.98731065,0.98731065,0.0008879472,0.029798442,0.00067334407
2012-06-08,1.0401329e-05,0.11924815,0.8641513,0.98339945,0.98339945,0.00112556,0.03354937,0.00062656536
2012-06-11,1.0029078e-05,0.10243517,0.8824751,0.98491025,0.98491025,0.0009978539,0.031588826,0.0006646285
2012-06-12,1.0060246e-05,0.09703494,0.8883364,0.98537135,0.98537135,0.0010208878,0.031951334,0.00068770844
2012-06-13,9.301142e-06,0.08418677,0.9024845,0.98667127,0.98667127,0.00092104956,0.030348798,0.00069782656
2012-06-14,9.248014e-06,0.10053044,0.8849389,0.98546934,0.98546934,0.00087793055,0.029629894,0.0006364484
2012-06-15,3.9446888e-05,0.20085073,0.75035536,0.9512061,0.9512061,0.0025612093,0.050608393,0.00080843875
2012-06-18,1.1489479e-05,0.11602741,0.8668528,0.98288023,0.98288023,0.0019859208,0.044563673,0.0006711236
2012-06-19,1.6500597e-05,0.12613592,0.8538867,0.9800226,0.98002267,0.0022397297,0.047325782,0.00082596357
2012-06-20,1.17886475e-05,0.114930734,0.86799437,0.9829251,0.9829251,0.002079514,0.04560169,0.0006904087
2012-06-21,1.6809312e-05,0.1004229,0.8809985,0.9814214,0.9814214,0.0018303425,0.0427825,0.00090476795
2012-06-22,1.6789889e-05,0.09925844,0.88238215,0.9816406,0.9816406,0.0016956801,0.041178636,0.00091451075
2012-06-25,1.0100706e-05,0.06852874,0.918646,0.98717475,0.98717475,0.001540785,0.039252833,0.00078756403
2012-06-26,9.948711e-06,0.09154234,0.8940396,0.98558193,0.98558193,0.0014724061,0.038371943,0.000690017
2012-06-27,1.4249286e-05,0.05256848,0.93385535,0.98642385,0.98642385,0.0013927891,0.03732009,0.0010495823
2012-06-28,1.8172854e-05,0.040901255,0.94481957,0.9857208,0.9857208,0.0013153054,0.03626714,0.0012726813
2012-06-29,2.201153e-05,0.0340369,0.9505663,0.98460317,0.98460317,0.0012752285,0.035710342,0.0014296141
2012-07-02,9.987482e-06,0.059107706,0.9281332,0.9872409,0.9872409,0.0012807808,0.035787996,0.0007827739
2012-07-03,2.0161391e-05,0.03488521,0.9503157,0.98520094,0.98520094,0.0011987251,0.03462261,0.0013623429
2012-07-05,9.730271e-06,0.05944287,0.9284255,0.98786837,0.98786837,0.0011836746,0.034404572,0.0008020579
2012-07-06,1.36435865e-05,0.047733635,0.9392581,0.9869917,0.98699176,0.0011238045,0.033523194,0.0010488373
2012-07-09,1.4580859e-05,0.05276006,0.93324214,0.9860022,0.9860022,0.0012347375,0.03513883,0.0010416541
2012-07-10,1.1468115e-05,0.056710873,0.93060786,0.98731875,0.98731875,0.0012431812,0.035258774,0.00090433663
2012-07-11,1.1372172e-05,0.09862522,0.8859917,0.98461694,0.98461694,0.0013203335,0.036336392,0.0007392657
2012-07-12,1.09323155e-05,0.07357731,0.91299874,0.986576,0.986576,0.0013527956,0.03678037,0.0008143871
2012-07-13,1.085421e-05,0.07989991,0.90632653,0.98622644,0.98622644,0.0012502158,0.03535839,0.00078804675
2012-07-16,1.7775787e-05,0.040122498,0.9457046,0.9858271,0.9858271,0.0011439613,0.0338225,0.0012542085
2012-07-17,1.1583236e-05,0.07256143,0.91365206,0.9862135,0.9862135,0.0011257604,0.033552352,0.0008401872
2012-07-18,1.7262846e-05,0.041604307,0.9443305,0.9859348,0.9859348,0.0010403178,0.03225396,0.001227344
2012-07-19,1.2797865e-05,0.094398,0.89001894,0.98441696,0.98441696,0.001157474,0.034021668,0.0008212689
2012-07-20,1.0735289e-05,0.063605525,0.92360646,0.987212,0.987212,0.0010504714,0.032410976,0.0008394816
2012-07-23,1.1806423e-05,0.054552574,0.9328992,0.98745173,0.98745173,0.0010279509,0.032061674,0.0009408807
2012-07-24,1.1238627e-05,0.05496771,0.9325287,0.9874964,0.9874964,0.0009784063,0.031279486,0.00089882954
2012-07-25,1.6078986e-05,0.044523485,0.94183636,0.98635983,0.98635983,0.0009512482,0.030842312,0.001178797
2012-07-26,1.86999e-05,0.03933482,0.9462565,0.98559135,0.98559135,0.00097360084,0.031202577,0.0012978248
2012-07-27,1.4630217e-05,0.04611955,0.9405831,0.9867027,0.9867027,0.00094521634,0.03074437,0.0011002381
2012-07-30,9.10307e-06,0.07326308,0.9142647,0.9875278,0.9875277,0.0009476279,0.030783566,0.0007298681
2012-07-31,1.26707955e-05,0.11206802,0.87115645,0.98322445,0.98322445,0.0011925171,0.03453284,0.0007553133
2012-08-01,9.87183e-06,0.07212183,0.9151733,0.98729515,0.98729515,0.0010517443,0.032430608,0.0007770128
2012-08-02,1.4422773e-05,0.046517916,0.94023407,0.986752,0.986752,0.0009822837,0.031341407,0.0010886734
2012-08-03,1.6476617e-05,0.16139066,0.8138668,0.97525746,0.97525746,0.001252752,0.035394236,0.00066592253
2012-08-06,1.3871308e-05,0.071809284,0.912132,0.9839413,0.9839413,0.001070591,0.032719888,0.0008637886
2012-08-07,1.835763e-05,0.06563103,0.91724247,0.9828735,0.9828735,0.0009989601,0.03160633,0.0010718845
2012-08-08,1.41334485e-05,0.14171623,0.8372231,0.97893935,0.97893935,0.000959043,0.030968418,0.00067108334
2012-08-09,1.2467131e-05,0.0899359,0.8944677,0.9844036,0.9844036,0.000832124,0.02884656,0.00079936004
2012-08-10,2.7509936e-05,0.03678845,0.9451176,0.98190606,0.98190606,0.0007584296,0.0275396,0.0015203947
2012-08-13,2.2455826e-05,0.07014826,0.91015136,0.9802996,0.9802996,0.00088145386,0.029689288,0.0011398661
2012-08-14,3.9943166e-05,0.040523384,0.9361346,0.976658,0.976658,0.000839883,0.028980736,0.0017112134
2012-08-15,2.0373696e-05,0.10842371,0.86956346,0.9779872,0.9779872,0.00088457915,0.029741876,0.0009255374
2012-08-16,1.751861e-05,0.12563427,0.8518569,0.97749114,0.97749114,0.0008911601,0.029852305,0.0007782985
2012-08-17,3.388427e-05,0.05116475,0.9259585,0.97712326,0.97712326,0.0007858779,0.028033514,0.0014811669
2012-08-20,5.8681166e-05,0.018991427,0.95770454,0.97669595,0.97669595,0.00076171075,0.027599107,0.0025180678
2012-08-21,2.4505742e-05,0.06383289,0.9162513,0.9800842,0.9800842,0.0007965127,0.028222557,0.0012304662
2012-08-22,4.6680383e-05,0.036872424,0.9381266,0.97499907,0.97499907,0.0007543131,0.02746476,0.0018671459
2012-08-23,3.3172517e-05,0.030108152,0.95073646,0.9808446,0.9808446,0.0007668289,0.027691675,0.0017317595
2012-08-24,3.2189833e-05,0.039100166,0.94057953,0.9796797,0.9796797,0.00076431024,0.027646162,0.0015841222
2012-08-27,0.000105916406,0.01255764,0.9574315,0.9699891,0.9699891,0.00080213964,0.028322069,0.003529267
2012-08-28,5.1383126e-05,0.033104986,0.94114506,0.97425,0.9742501,0.00087802194,0.029631434,0.0019954627
2012-08-29,0.00015768968,0.012854859,0.9482615,0.9611164,0.9611164,0.0008847891,0.029745406,0.004055426
2012-08-30,5.629106e-05,0.03602055,0.9367884,0.97280896,0.97280896,0.0009974889,0.03158305,0.002070206
2012-08-31,2.8931596e-05,0.0883193,0.8879584,0.9762777,0.9762777,0.0010560213,0.032496482,0.0012195953
2012-09-04,2.8304416e-05,0.028743092,0.95401305,0.98275614,0.98275614,0.0009971728,0.03157804,0.0016414197
2012-09-05,1.580529e-05,0.07044248,0.91339093,0.98383343,0.98383343,0.000990736,0.031475957,0.0009776527
2012-09-06,1.398714e-05,0.046433907,0.94023526,0.9866692,0.9866692,0.00095087,0.03083618,0.0010492335
2012-09-07,1.5985732e-05,0.04990663,0.93522274,0.98512936,0.98512936,0.00091006054,0.030167209,0.0010749858
2012-09-10,1.9871432e-05,0.040747914,0.9433687,0.9841166,0.9841166,0.0009256122,0.030423876,0.0012510829
2012-09-11,2.4348701e-05,0.07891413,0.9006149,0.979529,0.979529,0.0009851545,0.031387173,0.0011894255
2012-09-12,1.4998786e-05,0.13387693,0.8461953,0.9800722,0.9800722,0.0012174118,0.03489143,0.00075265643
2012-09-13,1.3696205e-05,0.06279934,0.9232472,0.98604655,0.98604655,0.0011201027,0.033467937,0.0009815643
2012-09-14,1.1908972e-05,0.05787821,0.92938983,0.98726803,0.98726803,0.0010521737,0.032437228,0.00093535974
2012-09-17,1.2870244e-05,0.07474935,0.9106216,0.98537093,0.98537093,0.0010462546,0.03234586,0.0008797721
2012-09-18,1.2561137e-05,0.078343496,0.9069552,0.9852987,0.9852987,0.0010187214,0.031917416,0.00085442315
2012-09-19,1.4299396e-05,0.0911255,0.8921521,0.98327756,0.98327756,0.001018903,0.031920258,0.0008551022
2012-09-20,1.8606615e-05,0.064504184,0.9185622,0.9830664,0.9830664,0.00092461,0.0304074,0.0010987973
2012-09-21,1.1505297e-05,0.10515558,0.8787053,0.9838609,0.9838609,0.000878484,0.029639231,0.0007128839
2012-09-24,1.1134146e-05,0.07059283,0.91612536,0.9867182,0.9867182,0.0008856885,0.029760519,0.0008382996
2012-09-25,2.040907e-05,0.038961332,0.94568044,0.9846418,0.9846418,0.00084192224,0.029015897,0.0013288704
2012-09-26,1.0941644e-05,0.08348735,0.9024504,0.9859377,0.9859377,0.00085263216,0.029199867,0.00077808433
2012-09-27,1.0261931e-05,0.109853365,0.8744517,0.9843051,0.9843051,0.0008741114,0.029565375,0.00065383787
2012-09-28,1.3260401e-05,0.13987572,0.84028333,0.98015904,0.98015904,0.0016055228,0.040068977,0.0006683348
2012-10-01,8.492126e-06,0.109839156,0.87513685,0.984976,0.984976,0.001369521,0.03700704,0.0005652371
2012-10-02,7.951957e-06,0.092789516,0.8941202,0.98690975,0.98690975,0.0014524779,0.03811139,0.0006074716
2012-10-03,9.798033e-06,0.06953011,0.91808903,0.98761916,0.98761916,0.0013268426,0.03642585,0.0007913869
2012-10-04,1.01783e-05,0.09114253,0.8948417,0.9859842,0.9859842,0.0013340999,0.03652533,0.00072620215
2012-10-05,8.061355e-06,0.08306403,0.9041384,0.9872024,0.9872024,0.0012050655,0.034714054,0.0006299118
2012-10-08,8.5655465e-06,0.06718359,0.92109966,0.9882833,0.9882833,0.0010982284,0.03313953,0.00073105306
2012-10-09,1.1502417e-05,0.054526944,0.93316436,0.9876913,0.9876913,0.0010204881,0.03194508,0.00093449355
2012-10-10,9.287025e-06,0.067475036,0.9203493,0.9878243,0.9878243,0.000983136,0.031355,0.0007627521
2012-10-11,8.6400005e-06,0.06351273,0.9250858,0.9885985,0.9885985,0.00091454096,0.030241378,0.00075779675
2012-10-12,9.159083e-06,0.06278341,0.92562324,0.98840666,0.98840666,0.00094000826,0.030659555,0.0007900296
2012-10-15,1.3558987e-05,0.04654534,0.9404112,0.98695654,0.98695654,0.0008795418,0.02965707,0.0010395235
2012-10-16,9.990525e-06,0.059154548,0.92893016,0.98808473,0.98808473,0.0008977855,0.029963069,0.00083846424
2012-10-17,8.5112115e-06,0.06520966,0.92323625,0.9884459,0.9884459,0.000855482,0.029248623,0.00073663855
2012-10-18,1.0459616e-05,0.05583348,0.9321023,0.9879358,0.9879358,0.000804537,0.02836436,0.0008669949
2012-10-19,8.931962e-06,0.06365171,0.9247775,0.98842925,0.9884292,0.0008225352,0.028679874,0.00077194313
2012-10-22,8.575364e-06,0.062313583,0.9263051,0.9886187,0.9886187,0.0007742306,0.027825,0.00075345894
2012-10-23,8.992497e-06,0.06758862,0.92040837,0.987997,0.987997,0.0008604009,0.029332591,0.0007491872
2012-10-24,8.653816e-06,0.072725065,0.91518205,0.9879071,0.9879071,0.00083973224,0.028978134,0.00071561197
2012-10-25,9.118762e-06,0.06615895,0.92189807,0.988057,0.988057,0.00081951707,0.02862721,0.0007635247
2012-10-26,8.2739725e-06,0.072855376,0.91503525,0.9878906,0.9878906,0.00076593563,0.027675543,0.00068326865
2012-10-31,1.6787293e-05,0.059429776,0.92469215,0.9841219,0.9841219,0.0007160498,0.026759107,0.0010572621
2012-11-01,1.3314832e-05,0.14188042,0.8380865,0.9799669,0.9799669,0.0010843769,0.03292988,0.0006646409
2012-11-02,9.511321e-06,0.06686962,0.9209886,0.98785824,0.98785824,0.00092274236,0.030376675,0.0007833558
2012-11-05,1.0407805e-05,0.10062737,0.88451606,0.9851434,0.9851434,0.0009651789,0.031067329,0.000700552
2012-11-06,8.889487e-06,0.085355595,0.90135926,0.98671484,0.98671484,0.0008641283,0.029396059,0.0006691291
2012-11-07,9.803766e-06,0.102856584,0.882085,0.9849416,0.9849416,0.0008147547,0.028543908,0.0006510497
2012-11-08,8.502256e-06,0.088739306,0.8981863,0.98692566,0.9869256,0.00074011995,0.027205145,0.00065030105
2012-11-09,8.698181e-06,0.065149985,0.92318916,0.9883391,0.9883391,0.0006797635,0.026072275,0.00074592873
2012-11-12,8.456673e-06,0.08445966,0.9025262,0.98698586,0.98698586,0.00069228536,0.026311316,0.00064980664
2012-11-13,9.564481e-06,0.070206486,0.91743284,0.9876393,0.9876393,0.0006642416,0.025772884,0.00077378197
2012-11-14,1.2012502e-05,0.09902682,0.88557076,0.98459756,0.98459756,0.0007704958,0.027757807,0.00077990926
2012-11-15,9.428872e-06,0.06553389,0.92242527,0.98795915,0.98795915,0.0006976801,0.026413634,0.00078307337
2012-11-16,9.220556e-06,0.074667506,0.912759,0.9874265,0.9874265,0.0006678689,0.025843158,0.00073333364
2012-11-19,1.1189033e-05,0.05730899,0.9303114,0.98762035,0.98762035,0.0006598093,0.025686752,0.0009038249
2012-11-20,1.1186396e-05,0.07930602,0.90648013,0.98578614,0.98578614,0.0006450685,0.025398199,0.00078700617
2012-11-21,1.0574971e-05,0.08589738,0.9002979,0.98619527,0.98619527,0.000667962,0.025844961,0.0007660395
2012-11-23,9.77272e-06,0.07198465,0.9154168,0.9874014,0.9874014,0.00064154406,0.02532872,0.00077570044
2012-11-26,1.6320768e-05,0.042158026,0.9438854,0.9860434,0.9860434,0.00059705967,0.024434805,0.0011693938
2012-11-27,1.0886647e-05,0.08127909,0.90503114,0.98631024,0.98631024,0.000663806,0.025764432,0.0007952404
2012-11-28,9.35704e-06,0.07213697,0.9154365,0.9875735,0.9875735,0.0006207972,0.024915803,0.000752991
2012-11-29,9.653992e-06,0.081858605,0.904879,0.9867376,0.9867376,0.0006046742,0.024590125,0.0007279224
2012-11-30,1.1379501e-05,0.06377551,0.9228983,0.9866738,0.98667383,0.0005703615,0.023882242,0.0008539177
2012-12-03,1.703682e-05,0.05662845,0.92791116,0.9845396,0.9845396,0.0005742908,0.023964366,0.0011019671
2012-12-04,2.2137112e-05,0.045855954,0.937478,0.98333395,0.98333395,0.0005541114,0.023539571,0.0013282755
2012-12-05,1.3095454e-05,0.05969895,0.9265417,0.9862406,0.9862406,0.0005510873,0.023475248,0.00095174776
2012-12-06,1.3339288e-05,0.09829277,0.88581944,0.9841122,0.9841122,0.0006429561,0.02535658,0.0008395933
2012-12-07,9.927738e-06,0.076567195,0.91050583,0.987073,0.987073,0.00059088954,0.02430822,0.0007679849
2012-12-10,1.0784948e-05,0.077241674,0.90936214,0.9866038,0.9866038,0.00062471174,0.024994234,0.000805075
2012-12-11,1.097718e-05,0.088718206,0.8969344,0.9856526,0.98565257,0.0006301087,0.025101965,0.00076510024
2012-12-12,1.3519489e-05,0.10658337,0.87632084,0.9829042,0.9829042,0.00059295073,0.02435058,0.0007908074
2012-12-13,1.7489452e-05,0.06426648,0.91898066,0.98324716,0.98324716,0.000541064,0.023260783,0.0010439694
2012-12-14,1.707522e-05,0.06849203,0.9151361,0.98362815,0.98362815,0.0005213989,0.022834161,0.0010429623
2012-12-17,2.499361e-05,0.049324512,0.93152994,0.98085445,0.98085445,0.0005006739,0.022375744,0.0013054528
2012-12-18,1.9883777e-05,0.04678892,0.93738747,0.9841764,0.9841764,0.0005002374,0.022365987,0.0012565898
2012-12-19,1.9070616e-05,0.08320399,0.89814055,0.9813445,0.9813445,0.00050381856,0.022445902,0.0010222528
2012-12-20,3.5039742e-05,0.03977656,0.9386728,0.97844934,0.97844934,0.00054099015,0.023259195,0.0016259247
2012-12-21,1.4574562e-05,0.11819266,0.8635667,0.98175937,0.98175937,0.0006133116,0.024765128,0.0007990163
2012-12-24,1.5519205e-05,0.075532414,0.9087252,0.98425764,0.98425764,0.00054525706,0.02335074,0.0009858244
2012-12-26,4.5803594e-05,0.03927842,0.9366902,0.97596866,0.97596866,0.00058216136,0.02412802,0.001905994
2012-12-27,1.8949318e-05,0.08658407,0.8940235,0.98060757,0.98060757,0.000598654,0.024467407,0.0009771503
2012-12-28,1.6015852e-05,0.09372118,0.8888005,0.98252165,0.98252165,0.0005647513,0.023764497,0.00091632537
2012-12-31,1.4965958e-05,0.08482813,0.8993539,0.98418206,0.98418206,0.0006257915,0.025015825,0.0009461382
2013-01-02,2.6457277e-05,0.066550165,0.91305196,0.97960216,0.9796021,0.0006781652,0.026041605,0.0012970626
2013-01-03,4.975627e-05,0.055149324,0.9166197,0.97176903,0.97176903,0.00073020085,0.02702223,0.0017624714
2013-01-04,4.770898e-05,0.07068115,0.9003031,0.9709843,0.9709843,0.0007253619,0.026932543,0.001644246
2013-01-07,2.1752485e-05,0.11084375,0.86764526,0.97848904,0.97848904,0.00075481425,0.027473884,0.0010112281
2013-01-08,7.913284e-05,0.047703445,0.91767246,0.9653759,0.9653759,0.00068092876,0.026094612,0.0022854845
2013-01-09,4.0258554e-05,0.092356175,0.8779533,0.9703095,0.9703095,0.00071417075,0.026723973,0.0013559404
2013-01-10,3.706949e-05,0.07055953,0.90401256,0.97457206,0.97457206,0.00076764275,0.027706366,0.0014578253
2013-01-11,1.9373188e-05,0.09339684,0.88745004,0.9808469,0.9808469,0.0007771982,0.027878275,0.00101149
2013-01-14,1.594631e-05,0.1164567,0.8648593,0.981316,0.981316,0.00086852774,0.029470794,0.0008534728
2013-01-15,2.0286405e-05,0.10930036,0.8695277,0.9788281,0.9788281,0.000789723,0.02810201,0.0009581747
2013-01-16,1.3163788e-05,0.10564314,0.8777747,0.98341787,0.98341787,0.00077112037,0.027769053,0.0007938538
2013-01-17,1.9821135e-05,0.04352403,0.941033,0.98455703,0.98455703,0.0006933461,0.026331466,0.0012835056
2013-01-18,1.5690897e-05,0.07264294,0.91154206,0.984185,0.984185,0.00068521325,0.026176577,0.0009921516
2013-01-22,2.1532267e-05,0.06786929,0.9139003,0.9817696,0.9817696,0.00067112833,0.025906146,0.0011811202
2013-01-23,1.5583279e-05,0.06494441,0.9196234,0.98456776,0.98456776,0.0006351591,0.025202362,0.0010097873
2013-01-24,2.1391383e-05,0.04870115,0.9345889,0.9832901,0.9832901,0.00059974525,0.024489697,0.0012801604
2013-01-25,1.8974857e-05,0.056475084,0.9270436,0.9835187,0.9835187,0.00062766805,0.025053304,0.0011512975
2013-01-28,2.6013144e-05,0.036612347,0.9460628,0.98267514,0.98267514,0.0006008585,0.024512414,0.0015014919
2013-01-29,2.7459651e-05,0.07683984,0.9005554,0.97739524,0.97739524,0.00067141006,0.02591158,0.0012147728
2013-01-30,3.265162e-05,0.09681108,0.87534076,0.9721518,0.9721518,0.000660235,0.025695039,0.0011724865
2013-01-31,1.7648477e-05,0.14874552,0.82767755,0.9764231,0.9764231,0.0007188119,0.026810667,0.00074854906
2013-02-01,1.7818586e-05,0.105582826,0.874627,0.9802098,0.9802098,0.00061288645,0.024756543,0.0009003754
2013-02-04,3.1440206e-05,0.07026443,0.90600777,0.97627217,0.9762722,0.0005672043,0.023816051,0.0013250348
2013-02-05,1.9729381e-05,0.0706259,0.9113095,0.9819354,0.9819354,0.00054671575,0.023381954,0.001092156
2013-02-06,1.5601303e-05,0.10099871,0.8806628,0.9816615,0.9816615,0.0005629125,0.023725778,0.00085074035
2013-02-07,1.34959255e-05,0.06240415,0.9232834,0.98568755,0.98568755,0.000514712,0.022687266,0.0009429503
2013-02-08,1.4747077e-05,0.10655733,0.87521976,0.9817771,0.9817771,0.0005860026,0.024207491,0.0008092595
2013-02-11,1.2397152e-05,0.095969506,0.88776827,0.98373777,0.98373777,0.00052913395,0.023002911,0.0007623278
2013-02-12,2.1719847e-05,0.043413248,0.94003654,0.98344976,0.98344976,0.0004826724,0.021969806,0.0013123582
2013-02-13,1.6284861e-05,0.081073396,0.9014161,0.9824895,0.9824895,0.00048502354,0.02202325,0.00093000685
2013-02-14,1.3333351e-05,0.090425596,0.8938223,0.9842479,0.9842479,0.0004981244,0.0223187,0.00084645033
2013-02-15,1.6126196e-05,0.11074869,0.86956286,0.9803116,0.9803116,0.0006337274,0.025173943,0.0008190698
2013-02-19,1.4928278e-05,0.10874274,0.87304556,0.9817883,0.9817883,0.0005681627,0.023836164,0.00081970706
2013-02-20,1.44557425e-05,0.12252424,0.8589363,0.9814606,0.9814606,0.0006618723,0.025726879,0.0007797297
2013-02-21,1.4573644e-05,0.12591612,0.8550693,0.9809854,0.9809854,0.0005836346,0.02415853,0.00076644507
2013-02-22,1.1211149e-05,0.102330804,0.8822997,0.9846305,0.9846305,0.00052598515,0.022934366,0.0007294426
2013-02-25,1.528861e-05,0.06665517,0.9176728,0.984328,0.984328,0.00049527007,0.022254664,0.00097553484
2013-02-26,1.16686215e-05,0.10163278,0.8828712,0.984504,0.984504,0.000560539,0.023675704,0.0007530079
2013-02-27,9.263681e-06,0.08425626,0.90249395,0.9867502,0.98675025,0.0005081839,0.022542935,0.0006991555
2013-02-28,9.776311e-06,0.0758738,0.9112973,0.9871711,0.9871711,0.0004683218,0.021640744,0.0007620545
2013-03-01,8.203258e-06,0.08191795,0.90554935,0.9874673,0.9874673,0.00045416795,0.021311216,0.0006545478
2013-03-04,6.7743263e-06,0.11262949,0.87343556,0.98606503,0.98606503,0.000425306,0.020622948,0.00048613857
2013-03-05,1.0289784e-05,0.079452604,0.9073677,0.9868203,0.98682034,0.0004284369,0.020698717,0.0007807286
2013-03-06,9.0473095e-06,0.080560595,0.90641,0.98697054,0.98697054,0.00039904297,0.019976059,0.0006943735
2013-03-07,9.648166e-06,0.06829822,0.91952354,0.98782176,0.98782176,0.00039308757,0.019826436,0.0007922462
2013-03-08,9.51659e-06,0.07834579,0.9088342,0.98718,0.98718,0.0004409197,0.020998089,0.00074232335
2013-03-11,8.159224e-06,0.07914423,0.90852624,0.9876705,0.9876705,0.00042397715,0.020590706,0.0006617634
2013-03-12,9.556535e-06,0.06879556,0.91900456,0.9878001,0.9878001,0.00039592685,0.01989791,0.0007833303
2013-03-13,8.0663685e-06,0.067713596,0.92078286,0.9884965,0.9884965,0.00037346972,0.019325364,0.0007012089
2013-03-14,8.44551e-06,0.064133756,0.9244908,0.9886246,0.9886246,0.00035840436,0.01893157,0.0007424345
2013-03-15,8.408255e-06,0.081224196,0.9062504,0.9874746,0.9874746,0.0004203716,0.020502966,0.0006712974
2013-03-18,7.936728e-06,0.067992315,0.9205737,0.98856604,0.98856604,0.00040970658,0.02024121,0.0006941365
2013-03-19,8.158026e-06,0.06539279,0.9232632,0.988656,0.988656,0.0003856293,0.019637447,0.00071914797
2013-03-20,7.562137e-06,0.08198138,0.90577257,0.9877539,0.9877539,0.0003969183,0.019922808,0.0006175153
2013-03-21,7.4398695e-06,0.06745459,0.9213798,0.9888344,0.9888344,0.00036742914,0.01916844,0.0006663195
2013-03-22,7.852688e-06,0.0719066,0.91644,0.9883466,0.9883466,0.000348514,0.01866853,0.00067385245
2013-03-25,1.1726439e-05,0.05036022,0.937028,0.9873882,0.9873882,0.00032748544,0.018096559,0.0009297985
2013-03-26,1.16310475e-05,0.051965296,0.9354668,0.9874321,0.9874321,0.0003310155,0.018193832,0.0009254584
2013-03-27,8.050437e-06,0.08044841,0.90723205,0.98768044,0.98768044,0.00036355507,0.01906712,0.00065346766
2013-03-28,8.792715e-06,0.08274411,0.9045299,0.98727405,0.98727405,0.00038073736,0.019512493,0.000690928
2013-04-01,8.251819e-06,0.06595995,0.92255837,0.9885183,0.9885183,0.0003625995,0.019042045,0.000718693
2013-04-02,1.214598e-05,0.08961163,0.89475024,0.9843619,0.9843619,0.00034304368,0.018521437,0.0007766909
2013-04-03,8.081224e-06,0.07197389,0.91625535,0.9882292,0.9882293,0.00033056154,0.018181352,0.0006865493
2013-04-04,6.772982e-06,0.07979271,0.90858436,0.9883771,0.9883771,0.00033257983,0.018236771,0.0005827271
2013-04-05,7.0473657e-06,0.067831606,0.9212153,0.98904693,0.98904693,0.00032079747,0.01791082,0.00064341474
2013-04-08,6.941786e-06,0.08496324,0.9029794,0.98794264,0.98794264,0.0004357874,0.020875521,0.00057573
2013-04-09,6.9518946e-06,0.074386515,0.9142465,0.98863304,0.98863304,0.00040941534,0.020234015,0.00061158766
2013-04-10,7.2240327e-06,0.07287996,0.9156664,0.9885464,0.9885464,0.00039993558,0.01999839,0.00063072
2013-04-11,7.4734094e-06,0.079774365,0.90818334,0.9879577,0.9879577,0.000394475,0.019861395,0.00062059733
2013-04-12,6.5156846e-06,0.07338523,0.9154626,0.98884785,0.98884785,0.00037992213,0.01949159,0.00058425375
2013-04-15,6.5615254e-06,0.072111264,0.9168275,0.98893875,0.98893875,0.00038385307,0.019592168,0.0005931992
2013-04-16,6.611491e-06,0.07305432,0.9157809,0.9888352,0.9888352,0.00038771518,0.019690484,0.0005921736
2013-04-17,6.8425816e-06,0.07034648,0.9185544,0.9889009,0.9889009,0.00036408915,0.01908112,0.00061649876
2013-04-18,6.3512043e-06,0.072801456,0.9162111,0.9890126,0.9890126,0.00035335665,0.018797783,0.0005780443
2013-04-19,7.634947e-06,0.08215558,0.9056208,0.9877764,0.9877764,0.0004686548,0.021648437,0.000624607
2013-04-22,7.3249457e-06,0.06775893,0.92111576,0.9888747,0.9888747,0.0004323233,0.020792386,0.0006584028
2013-04-23,7.440751e-06,0.07032074,0.9182913,0.988612,0.988612,0.0004762544,0.021823253,0.000653385
2013-04-24,7.1317977e-06,0.07438679,0.91407543,0.9884622,0.9884622,0.00044785682,0.021162627,0.0006181251
2013-04-25,7.833694e-06,0.06545325,0.9233689,0.9888221,0.9888221,0.00043782554,0.020924281,0.00070082
2013-04-26,7.793303e-06,0.06437493,0.9243376,0.98871255,0.98871255,0.00041212118,0.020300768,0.0006904396
2013-04-29,6.603226e-06,0.07185265,0.9170879,0.98894054,0.98894054,0.00038958582,0.01973793,0.0005970657
2013-04-30,7.640693e-06,0.08115114,0.90668744,0.98783857,0.98783857,0.00059440965,0.024380518,0.0006282724
2013-05-01,6.4831224e-06,0.08068837,0.90771055,0.9883989,0.9883989,0.00055642764,0.023588719,0.0005588373
2013-05-02,6.00378e-06,0.076424666,0.91252595,0.9889506,0.9889506,0.0005126725,0.022642272,0.0005433585
2013-05-03,7.966851e-06,0.104268305,0.8817808,0.9860491,0.9860491,0.00086905283,0.029479703,0.0005710642
2013-05-06,8.00988e-06,0.09249512,0.8942891,0.9867842,0.9867842,0.0007760969,0.027858516,0.00060608453
2013-05-07,8.045075e-06,0.08821769,0.8989442,0.9871619,0.9871619,0.00070692063,0.02658798,0.000626655
2013-05-08,8.762337e-06,0.10502476,0.8805751,0.9855999,0.9855999,0.00068915705,0.0262518,0.0006084903
2013-05-09,7.641947e-06,0.072713755,0.9156318,0.9883455,0.9883455,0.0006389132,0.025276732,0.0006557081
2013-05-10,6.886848e-06,0.07773778,0.9106693,0.98840714,0.98840714,0.0005928066,0.02434762,0.0005940592
2013-05-13,7.3349293e-06,0.070297375,0.9183748,0.98867214,0.98867214,0.0005727482,0.023932159,0.0006475122
2013-05-14,7.3252777e-06,0.07107005,0.9175812,0.9886513,0.9886513,0.00053447695,0.023118757,0.00064547145
2013-05-15,6.748353e-06,0.082929,0.9052327,0.98816174,0.98816174,0.00054258376,0.023293428,0.00057004613
2013-05-16,7.1761847e-06,0.06859971,0.9202893,0.988889,0.988889,0.0005090192,0.022561453,0.00064586184
2013-05-17,7.222588e-06,0.072402924,0.91622293,0.9886259,0.9886259,0.00055627536,0.02358549,0.00063500216
2013-05-20,7.5942335e-06,0.08094313,0.9069797,0.9879228,0.9879228,0.00058651215,0.024218014,0.0006288068
2013-05-21,7.511065e-06,0.06882964,0.9198918,0.98872143,0.98872143,0.0005458176,0.023362739,0.000665959
2013-05-22,7.763968e-06,0.087116994,0.9002623,0.9873793,0.9873793,0.0005520702,0.023496175,0.0006151779
2013-05-23,6.654688e-06,0.0723191,0.916554,0.98887306,0.98887306,0.000504903,0.022470046,0.00059807015
2013-05-24,7.1414574e-06,0.06889418,0.91998184,0.98887604,0.988876,0.0004927642,0.022198291,0.00064198906
2013-05-28,8.107657e-06,0.06329538,0.92553,0.9888254,0.9888254,0.00046251618,0.02150619,0.00072554214
2013-05-29,7.833765e-06,0.06669627,0.9220405,0.9887368,0.9887368,0.00044999708,0.021213135,0.00069551915
2013-05-30,6.466568e-06,0.072512366,0.91646284,0.9889752,0.9889752,0.00042518452,0.020620003,0.0005865488
2013-05-31,7.655562e-06,0.065710664,0.9232062,0.9889169,0.9889169,0.00046311173,0.021520032,0.0006907403
2013-06-03,6.783825e-06,0.06985287,0.9191589,0.98901176,0.98901176,0.00044117795,0.021004237,0.00061737164
2013-06-04,1.059548e-05,0.051282924,0.93640655,0.9876895,0.9876895,0.00041256522,0.020311702,0.000860686
2013-06-05,6.9527723e-06,0.067875475,0.92123914,0.98911464,0.98911464,0.00039712095,0.019927895,0.00063872704
2013-06-06,7.365972e-06,0.06557569,0.92347956,0.9890552,0.9890553,0.00037285817,0.019309536,0.0006730121
2013-06-07,6.9184275e-06,0.06939228,0.9195826,0.98897487,0.98897487,0.00048013538,0.021911992,0.0006275143
2013-06-10,8.754352e-06,0.05770979,0.93064696,0.98835677,0.98835677,0.00044845772,0.02117682,0.00075188343
2013-06-11,6.8185536e-06,0.068801485,0.9202894,0.98909086,0.98909086,0.0004290484,0.020713484,0.00062503124
2013-06-12,6.585644e-06,0.07555278,0.9132003,0.9887531,0.9887531,0.00042917868,0.020716628,0.0005855509
2013-06-13,7.5268917e-06,0.06569471,0.92298263,0.9886773,0.9886773,0.0004140431,0.02034805,0.00066476257
2013-06-14,7.2526177e-06,0.06574412,0.92320067,0.98894477,0.98894477,0.0003961913,0.019904554,0.0006560349
2013-06-17,1.1098766e-05,0.049324043,0.93803567,0.9873597,0.9873597,0.00040273287,0.020068206,0.00087804627
2013-06-18,7.5633775e-06,0.09012234,0.8972431,0.9873654,0.9873654,0.00045838463,0.02140992,0.0005986254
2013-06-19,6.6240286e-06,0.072761595,0.91614854,0.98891014,0.98891014,0.00042449622,0.020603307,0.0005973049
2013-06-20,6.8866816e-06,0.07210249,0.9167375,0.98884,0.98884,0.00041178713,0.02029254,0.00061708526
2013-06-21,6.6789703e-06,0.094176754,0.8934011,0.98757786,0.98757786,0.00041844498,0.020455929,0.00053766643
2013-06-24,7.2323855e-06,0.07917279,0.9090494,0.9882222,0.9882222,0.00045181942,0.021256045,0.00061406835
2013-06-25,1.24326725e-05,0.046282437,0.9407127,0.9869951,0.9869951,0.00042343375,0.020577505,0.00095599913
2013-06-26,8.003105e-06,0.07650822,0.9114689,0.98797715,0.98797715,0.00043901522,0.02095269,0.00066565775
2013-06-27,7.0690676e-06,0.07145287,0.9173075,0.98876035,0.98876035,0.00042904192,0.020713327,0.0006289403
2013-06-28,1.0599498e-05,0.05620691,0.9309007,0.9871076,0.98710763,0.00048369705,0.021993114,0.0008221493
2013-07-01,7.256972e-06,0.07076802,0.91794574,0.98871374,0.98871374,0.00046203766,0.021495061,0.0006429918
2013-07-02,1.2474334e-05,0.04656496,0.9401621,0.98672706,0.98672706,0.00043228257,0.020791406,0.0009398319
2013-07-03,8.263479e-06,0.063242614,0.92513674,0.98837936,0.98837936,0.00044042282,0.020986253,0.00071110355
2013-07-05,1.1574447e-05,0.050189175,0.9367197,0.9869089,0.9869089,0.00042205176,0.020543898,0.0008841471
2013-07-08,2.1597545e-05,0.031041332,0.9528149,0.9838562,0.9838562,0.00042654606,0.02065299,0.001337823
2013-07-09,8.501736e-06,0.09029851,0.89659977,0.9868983,0.9868983,0.00046371942,0.021534145,0.0006489034
2013-07-10,8.616371e-06,0.0785226,0.9087329,0.9872555,0.9872555,0.0004700013,0.021679513,0.0006760862
2013-07-11,1.3291405e-05,0.0451829,0.94128996,0.98647285,0.98647285,0.00043901478,0.02095268,0.0009825721
2013-07-12,9.831986e-06,0.10456479,0.8804715,0.9850363,0.9850363,0.0004414459,0.021010615,0.0006570564
2013-07-15,1.1476376e-05,0.05799837,0.928354,0.9863524,0.9863524,0.00040651753,0.02016228,0.00084090704
2013-07-16,1.1208887e-05,0.05723062,0.92974675,0.98697734,0.98697734,0.00039296583,0.019823365,0.00086072175
2013-07-17,1.3915324e-05,0.050796308,0.9348711,0.9856674,0.9856674,0.00037662737,0.01940689,0.0009708868
2013-07-18,2.0824158e-05,0.034232415,0.9496481,0.9838805,0.9838805,0.00037451106,0.019352289,0.0012918629
2013-07-19,1.06266925e-05,0.08681792,0.8988404,0.98565835,0.98565835,0.00046002713,0.021448243,0.0007409671
2013-07-22,1.1784243e-05,0.05221121,0.9347276,0.98693883,0.98693883,0.00042708457,0.020666024,0.00090223516
2013-07-23,9.208906e-06,0.092118315,0.8941134,0.98623174,0.98623174,0.00045735418,0.021385841,0.00066885055
2013-07-24,8.982899e-06,0.07976978,0.907383,0.9871528,0.9871528,0.00044796933,0.021165285,0.00069921144
2013-07-25,8.348717e-06,0.08692229,0.90022534,0.9871476,0.9871476,0.00042673852,0.020657651,0.00064958574
2013-07-26,1.0426132e-05,0.054556586,0.93305695,0.98761356,0.98761356,0.0004107953,0.020268086,0.0008417375
2013-07-29,8.863709e-06,0.0693682,0.91833013,0.9876983,0.9876983,0.000426525,0.020652482,0.0007205281
2013-07-30,8.921926e-06,0.07632483,0.9107641,0.9870889,0.9870889,0.00045176077,0.021254664,0.00069102854
2013-07-31,1.0429849e-05,0.081040405,0.90480655,0.98584694,0.98584694,0.00042481325,0.020610997,0.00073693227
2013-08-01,1.862126e-05,0.03476875,0.9500378,0.98480654,0.98480654,0.00039628614,0.019906936,0.00122561
2013-08-02,3.2284875e-05,0.022036863,0.95871985,0.9807567,0.9807567,0.0004052315,0.020130362,0.0016777203
2013-08-05,2.2855338e-05,0.04046162,0.941767,0.9822286,0.9822286,0.00042379167,0.020586202,0.0012860725
2013-08-06,1.9484882e-05,0.034558125,0.94964117,0.9841993,0.9841993,0.00042468554,0.0206079,0.0012331646
2013-08-07,1.4010587e-05,0.054722857,0.9304102,0.98513305,0.98513305,0.00042278407,0.020561714,0.0009423983
2013-08-08,9.787122e-06,0.06316357,0.92393064,0.9870942,0.9870942,0.00043249194,0.02079644,0.000758352
2013-08-09,1.6159267e-05,0.05550196,0.92870647,0.9842084,0.9842084,0.00042453024,0.020604132,0.0010232828
2013-08-12,3.5001474e-05,0.021526106,0.9589583,0.9804844,0.9804844,0.00043335088,0.020817082,0.0017935149
2013-08-13,1.1122759e-05,0.07306851,0.9128895,0.985958,0.985958,0.0004636701,0.021533,0.00079210533
2013-08-14,1.3300645e-05,0.050685037,0.9350751,0.98576015,0.98576015,0.00043837706,0.020937456,0.0009340441
2013-08-15,1.0915036e-05,0.058645736,0.92827374,0.98691946,0.98691946,0.000438577,0.02094223,0.0008344486
2013-08-16,1.1101673e-05,0.060429513,0.9263652,0.9867947,0.9867947,0.00044901684,0.021190017,0.00084069895
2013-08-19,2.575947e-05,0.03347178,0.9488176,0.9822894,0.9822894,0.0004403328,0.020984108,0.001454464
2013-08-20,8.959121e-06,0.0856784,0.9012652,0.9869436,0.9869436,0.00046983853,0.02167576,0.0006861863
2013-08-21,9.599722e-06,0.09009883,0.8960465,0.9861454,0.9861454,0.00043481102,0.020852122,0.00069288944
2013-08-22,1.0691948e-05,0.053694513,0.933864,0.9875585,0.9875585,0.00040132218,0.020033028,0.0008593766
2013-08-23,8.18014e-06,0.06376787,0.9248981,0.98866594,0.98866594,0.00041763828,0.0204362,0.0007217307
2013-08-26,1.7235398e-05,0.037871603,0.94745487,0.98532647,0.98532647,0.0004125885,0.020312274,0.001174591
2013-08-27,1.8967248e-05,0.03900556,0.945512,0.9845176,0.9845176,0.00041069608,0.020265639,0.0012250824
2013-08-28,1.9639445e-05,0.03274859,0.95168245,0.984431,0.984431,0.00040876828,0.020218018,0.0012614478
2013-08-29,1.0901539e-05,0.0512884,0.93619466,0.9874831,0.9874831,0.00041144108,0.02028401,0.0008709445
2013-08-30,7.896782e-06,0.070752926,0.91754735,0.98830026,0.98830026,0.00040714763,0.020177899,0.00067495386
2013-09-03,7.94355e-06,0.06357402,0.9251092,0.9886832,0.9886832,0.00038865334,0.019714292,0.00070192694
2013-09-04,1.1482456e-05,0.06509632,0.92091167,0.986008,0.986008,0.00040309393,0.020077199,0.0008206437
2013-09-05,8.068647e-06,0.062024448,0.9266673,0.98869175,0.98869175,0.0003842166,0.019601444,0.0007135184
2013-09-06,1.2509539e-05,0.047462527,0.9394472,0.98690975,0.98690975,0.00041829312,0.020452216,0.0009556377
2013-09-09,2.7263975e-05,0.026640544,0.95587546,0.982516,0.982516,0.000412844,0.020318562,0.0015593664
2013-09-10,7.83314e-06,0.07624927,0.9118515,0.98810077,0.98810077,0.0004338986,0.020830233,0.00065828953
2013-09-11,7.532377e-06,0.07435873,0.9139823,0.98834103,0.988341,0.00040590644,0.02014712,0.0006460587
2013-09-12,1.2192208e-05,0.04766538,0.9393809,0.98704624,0.98704624,0.00038006215,0.019495184,0.0009412101
2013-09-13,9.310502e-06,0.057080507,0.93109244,0.98817295,0.98817295,0.0003881202,0.019700767,0.00078722084
2013-09-16,1.0592793e-05,0.052075837,0.9355965,0.9876724,0.9876724,0.0003774297,0.019427551,0.0008592738
2013-09-17,7.610555e-06,0.06974372,0.9188882,0.9886319,0.98863196,0.0003781678,0.019446537,0.0006694661
2013-09-18,7.4431623e-06,0.066448756,0.92238414,0.9888329,0.9888329,0.00035540535,0.018852198,0.00066652545
2013-09-19,1.7871023e-05,0.03556738,0.94950825,0.98507565,0.98507565,0.00033992456,0.018437043,0.0011974409
2013-09-20,7.550907e-06,0.06894699,0.91968393,0.98863095,0.9886309,0.0003407875,0.01846043,0.00066416344
2013-09-23,1.8419796e-05,0.034504965,0.95046306,0.984968,0.984968,0.00032619172,0.01806078,0.0012253728
2013-09-24,1.2962403e-05,0.04575452,0.9409532,0.9867077,0.9867077,0.00034689365,0.01862508,0.0009751804
2013-09-25,1.408216e-05,0.04481393,0.9412978,0.98611176,0.98611176,0.00038280175,0.01956532,0.0010139629
2013-09-26,1.4449401e-05,0.04232385,0.94396466,0.9862885,0.9862885,0.0003744235,0.019350026,0.0010538152
2013-09-27,9.372075e-06,0.056328077,0.9316563,0.98798436,0.98798436,0.00036800528,0.019183464,0.0007799896
2013-09-30,1.287317e-05,0.048911996,0.93771416,0.98662615,0.98662615,0.0003899778,0.019747855,0.0009625626
2013-10-01,9.3611525e-06,0.058084346,0.9299632,0.98804754,0.98804754,0.0003816189,0.019535068,0.0007831988
2013-10-02,7.828303e-06,0.068833224,0.91960466,0.9884379,0.9884379,0.0003754368,0.019376192,0.0006770653
2013-10-03,2.5056053e-05,0.028447729,0.9546582,0.98310596,0.98310596,0.00037672435,0.019409388,0.0014831296
2013-10-04,8.407283e-06,0.07004763,0.91790164,0.98794925,0.98794925,0.00038880119,0.019718042,0.0006976565
2013-10-07,2.6737967e-05,0.027007194,0.955751,0.9827582,0.9827582,0.00036562898,0.019121427,0.0015507664
2013-10-08,7.683313e-06,0.08517678,0.9023966,0.9875734,0.9875734,0.0004086836,0.020215925,0.00061829493
2013-10-09,7.825602e-06,0.07128113,0.9170925,0.98837364,0.98837364,0.00042511866,0.020618405,0.00067309116
2013-10-10,7.5512394e-06,0.06895059,0.9196866,0.9886372,0.9886372,0.00040454578,0.020113323,0.0006645585
2013-10-11,7.3771475e-06,0.06716636,0.9216409,0.9888072,0.9888072,0.0003896931,0.019740647,0.0006590977
2013-10-14,7.84436e-06,0.06996387,0.91848415,0.988448,0.988448,0.00038034888,0.019502535,0.0006790492
2013-10-15,1.0925826e-05,0.05273031,0.93492204,0.98765236,0.98765236,0.000366916,0.019155052,0.0008848515
2013-10-16,7.508831e-06,0.06934025,0.9192848,0.98862505,0.98862505,0.0003570725,0.018896362,0.00066011987
2013-10-17,1.2440415e-05,0.047402523,0.9396177,0.9870202,0.9870202,0.00033774503,0.01837784,0.00095844385
2013-10-18,9.018487e-06,0.0617529,0.9263868,0.9881397,0.9881397,0.00033021343,0.018171776,0.0007603921
2013-10-21,1.3906828e-05,0.043657735,0.9428242,0.9864819,0.9864819,0.0003151878,0.017753528,0.0010287565
2013-10-22,1.4878558e-05,0.044473834,0.94158375,0.9860576,0.9860576,0.00033975128,0.018432343,0.0010671432
2013-10-23,1.0325354e-05,0.0656408,0.9213524,0.9869932,0.9869932,0.0003599712,0.018972907,0.00079384237
2013-10-24,1.0798522e-05,0.05444186,0.93298316,0.987425,0.987425,0.00034958773,0.018697266,0.0008587314
2013-10-25,9.673468e-06,0.055871747,0.9322221,0.98809385,0.98809385,0.00033743674,0.018369451,0.0008124768
2013-10-28,2.5657942e-05,0.03090965,0.9521187,0.98302835,0.98302835,0.0003499986,0.01870825,0.0015118121
2013-10-29,1.4722265e-05,0.053142663,0.9319176,0.9850603,0.9850603,0.00040290304,0.020072445,0.0009854442
2013-10-30,9.82253e-06,0.07998009,0.90662056,0.98660064,0.98660064,0.0004118232,0.020293428,0.0007330595
2013-10-31,1.0267528e-05,0.10575222,0.8790841,0.98483634,0.98483634,0.0004799075,0.021906791,0.00067711406
2013-11-01,8.609177e-06,0.07187204,0.91602874,0.9879008,0.9879008,0.0004440869,0.02107337,0.0007115489
2013-11-04,9.369953e-06,0.087490566,0.89908034,0.9865709,0.9865709,0.00044125778,0.021006137,0.0006977347
2013-11-05,1.01210435e-05,0.061190594,0.9263799,0.9875705,0.9875705,0.0004388223,0.020948086,0.00081427756
2013-11-06,9.827655e-06,0.08985312,0.89634895,0.98620206,0.98620206,0.00041905305,0.020470785,0.0007122553
2013-11-07,1.1172109e-05,0.052649867,0.9347618,0.9874117,0.9874117,0.00039337837,0.019833768,0.00088749785
2013-11-08,1.0038952e-05,0.074150406,0.91290003,0.9870504,0.9870504,0.00038090555,0.019516801,0.0007752334
2013-11-11,1.4653358e-05,0.047395546,0.9382819,0.9856774,0.9856774,0.000367589,0.01917261,0.001023095
2013-11-12,1.4972589e-05,0.04277339,0.9434196,0.98619294,0.98619294,0.00036047798,0.018986257,0.0010844156
2013-11-13,1.0341769e-05,0.08165034,0.9048557,0.98650604,0.98650604,0.00036138514,0.019010132,0.00076640013
2013-11-14,2.391637e-05,0.029943546,0.9534746,0.9834181,0.9834181,0.00035333392,0.018797178,0.0014423184
2013-11-15,1.3097252e-05,0.049775176,0.9366733,0.98644847,0.98644847,0.00036448953,0.01909161,0.0009664775
2013-11-18,2.9105657e-05,0.030085925,0.95213145,0.9822174,0.9822174,0.00036622907,0.019137112,0.0016367466
2013-11-19,1.4735133e-05,0.044498738,0.9417547,0.98625344,0.98625344,0.0003818607,0.019541256,0.0010719142
2013-11-20,2.5274112e-05,0.033572696,0.9493681,0.9829408,0.9829408,0.00038691753,0.01967022,0.0014815526
2013-11-21,1.2583373e-05,0.074782684,0.910777,0.98555964,0.98555964,0.0004288319,0.020708257,0.00087140314
2013-11-22,1.1930893e-05,0.050536044,0.93632257,0.9868586,0.9868586,0.0004077013,0.020191615,0.0009078865
2013-11-25,2.4387247e-05,0.04484637,0.93765205,0.9824984,0.9824984,0.0004098218,0.020244056,0.0013934302
2013-11-26,1.4257942e-05,0.05630648,0.92951554,0.985822,0.985822,0.00041014736,0.020252096,0.00100564
2013-11-27,1.0590047e-05,0.05515456,0.93261504,0.9877696,0.9877696,0.00039894893,0.019973706,0.0008658793
2013-11-29,1.0041427e-05,0.059084587,0.92878765,0.98787224,0.98787224,0.00040510087,0.020127118,0.0008279707
2013-12-02,1.6657514e-05,0.04074769,0.9449864,0.9857341,0.9857341,0.0004000171,0.020000428,0.0011676459
2013-12-03,1.4825698e-05,0.043814186,0.94247085,0.98628503,0.98628503,0.00039780093,0.019944947,0.0010809866
2013-12-04,1.6394215e-05,0.039540797,0.946136,0.9856768,0.98567677,0.00039008682,0.019750616,0.0011445937
2013-12-05,2.1638107e-05,0.033305578,0.95086485,0.98417044,0.98417044,0.00038604828,0.019648112,0.0013669428
2013-12-06,9.309919e-06,0.079292156,0.90789866,0.98719084,0.98719084,0.00044951055,0.021201665,0.0007268174
2013-12-09,1.272503e-05,0.047865637,0.93909645,0.9869621,0.9869621,0.00041879198,0.020464407,0.0009760015
2013-12-10,9.144617e-06,0.07147818,0.9163289,0.9878071,0.9878071,0.00044484888,0.02109144,0.00074999494
2013-12-11,1.1261926e-05,0.05234668,0.93517673,0.98752344,0.98752344,0.00041690996,0.020418374,0.0009026465
2013-12-12,9.693503e-06,0.07760841,0.90954834,0.98715675,0.98715675,0.0004301371,0.020739747,0.0007547546
2013-12-13,8.817203e-06,0.06223574,0.92625964,0.98849535,0.98849535,0.0004224933,0.020554641,0.0007664034
2013-12-16,1.1007266e-05,0.053854026,0.9337954,0.98764944,0.98764944,0.00041073217,0.02026653,0.00089123624
2013-12-17,1.3251022e-05,0.047433026,0.9393829,0.9868159,0.9868159,0.00040917392,0.020228049,0.0010050782
2013-12-18,1.0579568e-05,0.057844568,0.92979366,0.98763824,0.98763824,0.00039782605,0.019945577,0.0008558299
2013-12-19,1.3003375e-05,0.049710058,0.93674314,0.9864532,0.9864532,0.00038439082,0.019605888,0.0009598836
2013-12-20,1.0071476e-05,0.09070508,0.89537734,0.98608243,0.98608243,0.00048856996,0.022103619,0.00072365213
2013-12-23,1.3738404e-05,0.057520527,0.92812634,0.98564684,0.98564684,0.00045529628,0.021337673,0.00095716957
2013-12-24,1.1981137e-05,0.054124758,0.93306047,0.98718524,0.98718524,0.00044246073,0.021034751,0.00093494816
2013-12-26,2.251645e-05,0.041397847,0.9417018,0.9830997,0.9830997,0.0004306563,0.02075226,0.0013323106
2013-12-27,1.8577306e-05,0.040998507,0.94391245,0.98491096,0.98491096,0.00042874474,0.020706153,0.0012311792
2013-12-30,1.6866845e-05,0.040114485,0.9451778,0.98529226,0.98529226,0.0004245958,0.020605722,0.0011468002
2013-12-31,1.30888e-05,0.0481344,0.93860793,0.9867423,0.9867423,0.0004190844,0.02047155,0.0009872615
2014-01-02,1.7176839e-05,0.08038183,0.90191543,0.98229724,0.98229724,0.00050528254,0.022478491,0.0009702917
2014-01-03,1.0219112e-05,0.094515346,0.89121133,0.98572665,0.98572665,0.0005100241,0.022583712,0.0007159577
2014-01-06,9.391454e-06,0.07086066,0.9168486,0.9877093,0.9877093,0.0004660776,0.02158883,0.0007641096
2014-01-07,1.4394654e-05,0.046659503,0.9396763,0.9863358,0.9863358,0.0004367459,0.020898467,0.0010534585
2014-01-08,1.1358339e-05,0.071389005,0.91468745,0.9860765,0.9860765,0.00042488865,0.020612827,0.000815766
2014-01-09,1.6175458e-05,0.052616186,0.93248755,0.9851037,0.9851037,0.0004265615,0.020653365,0.0010858728
2014-01-10,1.1615437e-05,0.08241649,0.9032224,0.98563886,0.98563886,0.00055153074,0.023484692,0.00080881006
2014-01-13,1.6271093e-05,0.06921443,0.9143909,0.9836053,0.9836054,0.0005218764,0.022844614,0.000992462
2014-01-14,1.4843214e-05,0.14162712,0.8377387,0.9793658,0.9793658,0.0006900925,0.026269611,0.000719351
2014-01-15,1.164271e-05,0.107719004,0.87619734,0.98391634,0.98391634,0.0006626969,0.0257429,0.00072388444
2014-01-16,1.0646853e-05,0.086673684,0.89927644,0.9859501,0.9859501,0.0006028877,0.024553772,0.00075778924
2014-01-17,9.581152e-06,0.08256403,0.9042014,0.98676544,0.98676544,0.0005681393,0.023835674,0.00072394963
2014-01-21,1.03891825e-05,0.0755873,0.9110894,0.9866767,0.9866767,0.00053651776,0.023162853,0.0007797751
2014-01-22,1.1549501e-05,0.079999834,0.9061791,0.9861789,0.9861789,0.0005434279,0.02331154,0.00083564117
2014-01-23,1.2551121e-05,0.117685914,0.8650229,0.9827088,0.9827088,0.00076209166,0.027606009,0.00072586804
2014-01-24,1.2879151e-05,0.083155975,0.90209275,0.98524874,0.98524874,0.0006811246,0.026098365,0.00087308843
2014-01-27,2.0262287e-05,0.17351015,0.7981216,0.9716317,0.9716317,0.0013230924,0.036374338,0.0007142582
2014-01-28,1.5483598e-05,0.07737,0.9066869,0.9840569,0.9840569,0.0018464456,0.04297029,0.000971178
2014-01-29,1.45102185e-05,0.11394256,0.8680663,0.9820089,0.9820089,0.0018005455,0.042432833,0.00080652087
2014-01-30,3.1465566e-05,0.18803094,0.7736497,0.96168065,0.96168065,0.0026998615,0.051960193,0.0008211404
2014-01-31,1.8826318e-05,0.17916478,0.79151946,0.97068423,0.97068423,0.004123442,0.06421403,0.0006421908
2014-02-03,1.7524968e-05,0.16478786,0.80898356,0.9737714,0.97377145,0.0033150564,0.057576526,0.00066816236
2014-02-04,1.1239939e-05,0.07782004,0.907698,0.98551804,0.98551804,0.0027086483,0.052044675,0.00077613373
2014-02-05,2.7218353e-05,0.19913478,0.76022667,0.95936143,0.95936143,0.0031243898,0.05589624,0.00066976657
2014-02-06,1.7407703e-05,0.16031192,0.81364226,0.9739542,0.9739542,0.0032733807,0.057213467,0.00066834973
2014-02-07,1.3416949e-05,0.12685803,0.85340536,0.9802634,0.98026335,0.0027428083,0.052371826,0.0006798008
2014-02-10,1.4277263e-05,0.16823983,0.80634713,0.97458696,0.97458696,0.002483575,0.049835477,0.00056180864
2014-02-11,1.3438406e-05,0.14203538,0.8370611,0.9790965,0.9790965,0.002309554,0.04805782,0.0006428774
2014-02-12,2.4036332e-05,0.1948552,0.76682687,0.9616821,0.9616821,0.0023356127,0.048328176,0.00062728697
2014-02-13,1.2595195e-05,0.13052201,0.8503035,0.9808255,0.9808255,0.0018150553,0.042603467,0.0006568716
2014-02-14,2.285949e-05,0.18843086,0.77703077,0.9654616,0.9654616,0.002393148,0.04891981,0.0006618575
2014-02-18,1.3487551e-05,0.13449575,0.8454718,0.97996753,0.97996753,0.0018828436,0.043391746,0.00067328464
2014-02-19,1.3601735e-05,0.13532542,0.84478015,0.9801056,0.9801056,0.00213643,0.046221532,0.00068369595
2014-02-20,2.0244182e-05,0.17091334,0.8007553,0.97166866,0.97166866,0.0032406612,0.056926806,0.00071455084
2014-02-21,1.414532e-05,0.081843786,0.90175974,0.98360354,0.98360354,0.0026473643,0.051452544,0.0008627056
2014-02-24,1.4049462e-05,0.04804033,0.93855923,0.98659956,0.98659956,0.0024129178,0.049121458,0.0010484332
2014-02-25,4.2891566e-05,0.082244575,0.88407034,0.9663149,0.9663149,0.0029602307,0.054408003,0.0012733102
2014-02-26,4.649249e-05,0.1378282,0.8188379,0.9566661,0.9566661,0.0030185897,0.054941695,0.0010728899
2014-02-27,2.1075643e-05,0.17337482,0.7948042,0.96817905,0.96817905,0.0028389788,0.053282067,0.00066231965
2014-02-28,2.6263466e-05,0.19685236,0.76040316,0.9572555,0.9572555,0.0032086298,0.056644768,0.0006144289
2014-03-03,3.3916338e-05,0.2093749,0.7326639,0.94203883,0.94203883,0.002558795,0.050584532,0.00058515626
2014-03-04,2.0716336e-05,0.21439888,0.73540926,0.9498081,0.9498081,0.0020448726,0.045220267,0.00041274278
2014-03-05,2.6996962e-05,0.20965774,0.7415007,0.9511584,0.9511584,0.0018410804,0.04290781,0.0005527453
2014-03-06,2.4597855e-05,0.18863781,0.7739564,0.9625942,0.9625942,0.0015953984,0.03994244,0.0006575949
2014-03-07,2.115061e-05,0.18777111,0.777972,0.96574306,0.96574306,0.0014345616,0.037875608,0.00061741105
2014-03-10,1.7145629e-05,0.168339,0.80384904,0.97218806,0.97218806,0.0011533587,0.033961136,0.0006164844
2014-03-11,1.7458211e-05,0.15892902,0.8158083,0.9747373,0.9747373,0.00095330813,0.030875688,0.0006910663
2014-03-12,1.6250364e-05,0.16217938,0.81249714,0.9746765,0.9746765,0.00081023213,0.028464576,0.00064171053
2014-03-13,1.6027856e-05,0.14844267,0.8286927,0.97713536,0.97713536,0.00077660603,0.027867652,0.0007009888
2014-03-14,1.5321106e-05,0.10323615,0.8783557,0.9815918,0.9815918,0.00074448134,0.027285185,0.0008322988
2014-03-17,1.3807461e-05,0.1123765,0.8689019,0.9812784,0.9812784,0.0006790402,0.0260584,0.0007375158
2014-03-18,1.48477475e-05,0.1155563,0.8658528,0.9814091,0.9814091,0.00067395665,0.025960675,0.00079865556
2014-03-19,1.4518255e-05,0.120566726,0.85961765,0.9801844,0.9801844,0.000634141,0.025182156,0.00073266705
2014-03-20,1.8819528e-05,0.07091989,0.91114426,0.9820641,0.9820641,0.0005646842,0.023763085,0.0010492675
2014-03-21,1.9946332e-05,0.16466008,0.8077104,0.9723705,0.9723705,0.0005804454,0.024092434,0.00072192174
2014-03-24,2.312105e-05,0.092917666,0.8845936,0.9775113,0.9775113,0.00051531254,0.022700496,0.001028118
2014-03-25,3.448573e-05,0.068076715,0.90680265,0.9748794,0.9748794,0.0004855347,0.022034852,0.0013728059
2014-03-26,1.7460334e-05,0.15414771,0.82188,0.9760277,0.9760277,0.0005414188,0.023268407,0.0007283554
2014-03-27,1.0329844e-05,0.08211016,0.90411144,0.9862216,0.9862216,0.00046296144,0.02151654,0.0007497135
2014-03-28,1.39826e-05,0.13532823,0.84482896,0.9801572,0.9801572,0.0005650406,0.023770584,0.0007046686
2014-03-31,1.1102762e-05,0.08700728,0.8987686,0.9857759,0.9857759,0.0005546446,0.023550894,0.00078055926
2014-04-01,1.2254901e-05,0.106955044,0.8767677,0.98372275,0.98372275,0.0005663572,0.02379826,0.00075288507
2014-04-02,1.316723e-05,0.12939832,0.8518369,0.98123527,0.98123527,0.0005594976,0.023653703,0.0007017008
2014-04-03,1.2245521e-05,0.112458155,0.8708084,0.9832666,0.9832666,0.00054455723,0.02333575,0.0007318008
2014-04-04,1.1852414e-05,0.123309106,0.8590827,0.9823918,0.98239183,0.0005523397,0.023501908,0.00067311805
2014-04-07,9.974881e-06,0.084468454,0.9019877,0.98645616,0.98645616,0.00049198145,0.022180654,0.0007364882
2014-04-08,1.021651e-05,0.09817668,0.88719684,0.9853735,0.9853735,0.00045984847,0.021444079,0.00069849304
2014-04-09,9.170331e-06,0.09340323,0.89275414,0.98615736,0.98615736,0.00043499138,0.020856448,0.0006624697
2014-04-10,9.257389e-06,0.08301545,0.9039048,0.98692024,0.98692024,0.0004101,0.020250926,0.0007077643
2014-04-11,8.870211e-06,0.08175972,0.90544975,0.98720944,0.98720944,0.00039897702,0.019974409,0.00069349667
2014-04-14,8.396638e-06,0.06436619,0.9242171,0.98858327,0.9885833,0.0003745302,0.019352783,0.00073546765
2014-04-15,9.013246e-06,0.07104253,0.916717,0.98775953,0.98775953,0.0003651987,0.019110173,0.0007363481
2014-04-16,8.634554e-06,0.07627087,0.9114271,0.98769796,0.98769796,0.0003440122,0.018547567,0.00070187985
2014-04-17,1.03519305e-05,0.05495625,0.9329291,0.98788536,0.98788536,0.00032697106,0.018082341,0.0008544973
2014-04-21,1.0687521e-05,0.10161127,0.88334525,0.9849565,0.9849565,0.00043032996,0.020744396,0.00071044127
2014-04-22,8.335645e-06,0.068449676,0.91986614,0.9883158,0.9883158,0.00039926535,0.019981625,0.000713413
2014-04-23,9.016924e-06,0.10174665,0.88393474,0.98568135,0.9856814,0.00038128477,0.019526515,0.0006297331
2014-04-24,8.203994e-06,0.0663122,0.92224216,0.98855436,0.98855436,0.00034634006,0.018610215,0.0007167789
2014-04-25,8.5869815e-06,0.068715334,0.91949856,0.9882139,0.9882139,0.00032933374,0.018147554,0.00072856835
2014-04-28,7.94561e-06,0.065985695,0.9227174,0.9887031,0.9887031,0.00032163295,0.017934129,0.00070334255
2014-04-29,8.32407e-06,0.075276785,0.9126148,0.9878916,0.9878916,0.00037043734,0.01924675,0.00068746327
2014-04-30,7.6660335e-06,0.07554163,0.91261274,0.98815435,0.98815435,0.00035083733,0.018730652,0.00064716034
2014-05-01,7.5311123e-06,0.070107676,0.918501,0.9886087,0.9886087,0.00032857596,0.018126665,0.0006611295
2014-05-02,7.766338e-06,0.067352705,0.921319,0.9886717,0.9886717,0.00033718435,0.01836258,0.0006855708
2014-05-05,8.163731e-06,0.06350892,0.9252668,0.98877573,0.98877573,0.00032434118,0.018009475,0.0007273285
2014-05-06,7.778661e-06,0.06485469,0.92405117,0.98890585,0.98890585,0.00030891492,0.017575976,0.0007011496
2014-05-07,7.1078925e-06,0.07429902,0.91422206,0.9885211,0.9885211,0.00032937614,0.018148722,0.0006192137
2014-05-08,7.5926614e-06,0.06591539,0.92297345,0.98888886,0.98888886,0.00031922504,0.01786687,0.00068333774
2014-05-09,7.4147706e-06,0.0808539,0.9071007,0.98795456,0.98795456,0.00038708813,0.019674556,0.00061556645
2014-05-12,7.480788e-06,0.066888325,0.92197967,0.988868,0.988868,0.00036480688,0.01909992,0.00067200745
2014-05-13,7.638378e-06,0.0716556,0.9168303,0.9884859,0.98848593,0.0003745565,0.019353462,0.0006633918
2014-05-14,9.474272e-06,0.075376995,0.9115124,0.98688936,0.98688936,0.00037195403,0.01928611,0.00072264
2014-05-15,8.931569e-06,0.06559247,0.9223173,0.9879098,0.9879098,0.0003489031,0.018678948,0.00073874416
2014-05-16,8.249136e-06,0.08623475,0.9009886,0.9872233,0.9872233,0.00036632322,0.019139573,0.00064564036
2014-05-19,9.550487e-06,0.05690112,0.9312785,0.9881796,0.9881796,0.00035156988,0.018750196,0.00080796814
2014-05-20,8.051696e-06,0.0696929,0.9187506,0.9884435,0.9884435,0.00034663497,0.018618135,0.00069672405
2014-05-21,8.2799315e-06,0.08672546,0.90048474,0.9872102,0.9872102,0.00035007796,0.018710371,0.00064738624
2014-05-22,1.0165537e-05,0.055020075,0.93283147,0.98785156,0.98785156,0.00034947987,0.01869438,0.00083677715
2014-05-23,8.7298e-06,0.08534986,0.90172386,0.9870737,0.9870737,0.00037225915,0.019294018,0.0006753529
2014-05-27,1.3478528e-05,0.047215614,0.93927467,0.9864903,0.9864903,0.00035418308,0.018819753,0.0009976933
2014-05-28,9.048931e-06,0.08759739,0.89920926,0.98680663,0.98680663,0.0003703842,0.019245367,0.00068586966
2014-05-29,7.3457713e-06,0.090777405,0.896637,0.9874144,0.9874144,0.0003977135,0.019942755,0.0005836657
2014-05-30,7.690983e-06,0.06604992,0.92279935,0.9888493,0.9888493,0.0003789839,0.019467508,0.0006897298
2014-06-02,7.0435076e-06,0.07089553,0.9179024,0.98879796,0.98879796,0.00035824007,0.018927231,0.0006287702
2014-06-03,7.5736234e-06,0.07032684,0.9183007,0.98862755,0.98862755,0.0003529061,0.018785795,0.0006659625
2014-06-04,7.2201256e-06,0.067748904,0.92119807,0.988947,0.988947,0.00033270917,0.018240318,0.00065322616
2014-06-05,7.454067e-06,0.065678746,0.9233515,0.9890303,0.98903024,0.00031416194,0.017724615,0.0006795143
2014-06-06,6.832509e-06,0.06944624,0.91959906,0.9890453,0.9890453,0.00030909627,0.017581133,0.00062370696
2014-06-09,7.4821064e-06,0.06540939,0.9236171,0.98902655,0.98902655,0.00029138886,0.017070116,0.000681837
2014-06-10,8.878021e-06,0.058470573,0.9298906,0.9883611,0.9883611,0.00028887353,0.01699628,0.00076279
2014-06-11,6.8072036e-06,0.075063676,0.9136262,0.98868984,0.9886899,0.00031364453,0.017710011,0.0006018662
2014-06-12,8.4134435e-06,0.05976359,0.92876387,0.9885275,0.9885275,0.0002949928,0.017175354,0.000733356
2014-06-13,6.962605e-06,0.11484002,0.87128234,0.98612237,0.98612237,0.00046330993,0.021524636,0.00050171424
2014-06-16,7.150534e-06,0.06888826,0.9200472,0.9889355,0.9889355,0.00041310416,0.020324964,0.0006462574
2014-06-17,7.5574108e-06,0.066060014,0.9227448,0.9888048,0.9888048,0.00039019884,0.01975345,0.00067505916
2014-06-18,6.987021e-06,0.06936613,0.9195589,0.98892504,0.988925,0.00036763767,0.01917388,0.00063088455
2014-06-19,7.236766e-06,0.0674595,0.92147,0.9889295,0.9889295,0.00035265365,0.018779075,0.0006536988
2014-06-20,8.037956e-06,0.06165626,0.9269276,0.98858386,0.98858386,0.00034951535,0.01869533,0.0007040872
2014-06-23,1.478499e-05,0.04055776,0.9454464,0.9860041,0.9860041,0.000340059,0.018440688,0.0010563812
2014-06-24,7.782111e-06,0.06684834,0.92165655,0.9885049,0.9885049,0.0003505235,0.018722273,0.000676993
2014-06-25,7.7050645e-06,0.06957568,0.91889364,0.9884693,0.9884693,0.00035765397,0.018911742,0.0006682219
2014-06-26,1.0705306e-05,0.0517123,0.9358769,0.9875892,0.9875892,0.00033755932,0.018372787,0.00086257845
2014-06-27,7.4599307e-06,0.07569682,0.91237503,0.98807186,0.98807186,0.00038631348,0.019654859,0.000625406
2014-06-30,9.787397e-06,0.053577438,0.93432605,0.9879035,0.9879035,0.0003603057,0.018981721,0.0008091082
2014-07-01,7.0982483e-06,0.06989395,0.9189567,0.98885065,0.98885065,0.0003540572,0.018816408,0.0006366515
2014-07-02,1.1195845e-05,0.05265321,0.9343426,0.9869958,0.9869958,0.0003325523,0.018236017,0.0008609418
2014-07-03,6.826036e-06,0.071865015,0.91699517,0.9888602,0.9888602,0.00034748425,0.01864093,0.00061276054
2014-07-07,7.0186256e-06,0.067566946,0.92153436,0.9891013,0.9891013,0.00033478995,0.018297266,0.00064398686
2014-07-08,7.690521e-06,0.081885464,0.90591985,0.9878053,0.9878053,0.00043326739,0.020815076,0.0006306449
2014-07-09,6.9981793e-06,0.0771846,0.91122365,0.98840827,0.98840827,0.00040206444,0.020051545,0.0006037216
2014-07-10,8.229972e-06,0.074391924,0.9134841,0.987876,0.987876,0.00037820343,0.019447453,0.00067881646
2014-07-11,8.108266e-06,0.061170977,0.92738235,0.98855335,0.98855335,0.00036417122,0.01908327,0.0007083525
2014-07-14,7.861807e-06,0.07980963,0.90803623,0.98784584,0.98784584,0.00034841624,0.018665912,0.0006468407
2014-07-15,8.351339e-06,0.05935206,0.92919844,0.9885505,0.9885505,0.00032425235,0.018007008,0.0007294054
2014-07-16,7.219137e-06,0.07548334,0.9129043,0.98838764,0.98838764,0.00031808502,0.017834937,0.0006216772
2014-07-17,1.29105765e-05,0.043092076,0.94362855,0.9867206,0.9867206,0.00029993497,0.01731863,0.0009722275
2014-07-18,9.361559e-06,0.056047585,0.9318206,0.98786813,0.98786813,0.00036723746,0.01916344,0.0007716501
2014-07-21,1.7185706e-05,0.037946627,0.9469122,0.9848589,0.9848589,0.0003515781,0.018750416,0.0011350346
2014-07-22,1.1966798e-05,0.045627136,0.94126296,0.9868901,0.9868901,0.00037565132,0.019381726,0.0009128047
2014-07-23,1.2996135e-05,0.067290656,0.9176937,0.98498434,0.98498434,0.0003838079,0.019591017,0.00086550537
2014-07-24,1.5975873e-05,0.05159345,0.9329073,0.9845007,0.9845007,0.00036561766,0.01912113,0.0010307485
2014-07-25,7.8084595e-06,0.08470024,0.9029104,0.98761064,0.98761064,0.00038329602,0.019577947,0.0006302552
2014-07-28,1.8824385e-05,0.035916537,0.94840026,0.9843168,0.9843168,0.00037865492,0.019459058,0.0012002918
2014-07-29,8.549421e-06,0.06281534,0.92535007,0.98816544,0.9881654,0.00038073925,0.019512542,0.0007224113
2014-07-30,7.3043734e-06,0.08780781,0.8998151,0.9876229,0.9876229,0.00037766804,0.019433683,0.00059015304
2014-07-31,8.882986e-06,0.06449838,0.923357,0.9878554,0.9878554,0.0003498777,0.018705018,0.0007314335
2014-08-01,7.249329e-06,0.08860688,0.8990199,0.9876268,0.9876268,0.00034574769,0.018594291,0.00058588915
2014-08-04,1.0768585e-05,0.05166489,0.9357204,0.9873853,0.9873853,0.00032890664,0.018135784,0.00085365184
2014-08-05,1.02248605e-05,0.052034732,0.9357683,0.98780304,0.98780304,0.0003233345,0.017981505,0.0008383123
2014-08-06,6.667986e-06,0.07498952,0.9137723,0.9887618,0.9887618,0.00032696506,0.018082175,0.0005933313
2014-08-07,7.39393e-06,0.065445445,0.92358136,0.9890268,0.9890268,0.00031206777,0.01766544,0.0006738162
2014-08-08,7.0833653e-06,0.06708434,0.92203045,0.98911476,0.98911476,0.00030917113,0.017583262,0.00065073126
2014-08-11,7.0422393e-06,0.067675866,0.92140937,0.98908526,0.98908526,0.00032506543,0.01802957,0.00064520433
2014-08-12,7.61623e-06,0.064418636,0.92451674,0.98893535,0.98893535,0.00030662332,0.017510664,0.00068833906
2014-08-13,6.731388e-06,0.068780825,0.9203595,0.98914033,0.98914033,0.0002914887,0.017073039,0.0006198521
2014-08-14,7.705591e-06,0.065266915,0.9233276,0.98859453,0.98859453,0.00036634412,0.019140119,0.00067560497
2014-08-15,7.41683e-06,0.088624656,0.8989417,0.98756635,0.98756635,0.0003710187,0.019261844,0.0005965128
2014-08-18,9.84455e-06,0.053826746,0.93413377,0.9879605,0.9879605,0.00044124806,0.021005906,0.00081768876
2014-08-19,7.425891e-06,0.075594656,0.9127263,0.98832095,0.98832095,0.0004230877,0.020569095,0.00063582987
2014-08-20,7.988666e-06,0.1022016,0.8841009,0.9863025,0.9863025,0.00043143192,0.020770939,0.0005832205
2014-08-21,8.044642e-06,0.06332174,0.9254569,0.98877865,0.9887786,0.00040893833,0.020222224,0.000716905
2014-08-22,7.440402e-06,0.08866081,0.8988396,0.9875004,0.9875004,0.0004055006,0.020137046,0.0005952526
2014-08-25,1.01649475e-05,0.053451613,0.93445975,0.98791134,0.98791134,0.00038571536,0.019639637,0.0008408666
2014-08-26,7.717487e-06,0.06781265,0.920859,0.9886716,0.98867166,0.00040441705,0.020110123,0.00068125135
2014-08-27,8.715268e-06,0.060779534,0.92771983,0.98849934,0.98849934,0.00038292346,0.01956843,0.0007578062
2014-08-28,7.1365907e-06,0.06991356,0.9188906,0.98880416,0.98880416,0.00037256663,0.019301984,0.00063743244
2014-08-29,7.4012146e-06,0.06680207,0.92214465,0.98894674,0.98894674,0.000383182,0.019575035,0.0006695954
2014-09-02,9.789639e-06,0.054663952,0.93338615,0.9880501,0.9880501,0.00036268792,0.019044368,0.00081922376
2014-09-03,8.569042e-06,0.116935074,0.8678503,0.9847854,0.9847854,0.00045318002,0.021288026,0.0005632109
2014-09-04,8.5751435e-06,0.05718376,0.9310273,0.98821104,0.98821104,0.0004157789,0.020390658,0.0007273874
2014-09-05,7.338555e-06,0.07519774,0.9131487,0.98834646,0.98834646,0.00039855842,0.019963928,0.0006297274
2014-09-08,1.0789273e-05,0.051670652,0.9358609,0.98753154,0.98753154,0.00037458245,0.019354133,0.0008653254
2014-09-09,7.877944e-06,0.070127286,0.9183027,0.98843,0.98843,0.0003860206,0.019647406,0.0006808954
2014-09-10,7.3974475e-06,0.074291594,0.914055,0.9883466,0.9883466,0.00041612575,0.02039916,0.0006347875
2014-09-11,9.271605e-06,0.05711798,0.93103564,0.98815364,0.98815364,0.0003917755,0.01979332,0.00078265416
2014-09-12,8.821083e-06,0.062060326,0.9262996,0.9883599,0.9883599,0.00043807662,0.020930279,0.0007578203
2014-09-15,8.216822e-06,0.07007966,0.9180713,0.988151,0.988151,0.00041970576,0.020486722,0.00069346203
2014-09-16,7.833572e-06,0.06726937,0.9213447,0.9886141,0.9886141,0.00041939816,0.020479213,0.00068800536
2014-09-17,8.143053e-06,0.063972674,0.9245935,0.98856616,0.98856616,0.00041223908,0.020303672,0.0007121888
2014-09-18,7.76842e-06,0.065900266,0.92285365,0.9887539,0.9887539,0.00039071072,0.019766403,0.0006907666
2014-09-19,7.7079e-06,0.07142869,0.9169812,0.98840994,0.9884099,0.00041218835,0.020302422,0.00066504383
2014-09-22,8.204798e-06,0.06371735,0.9247972,0.98851454,0.98851454,0.0004104963,0.020260708,0.00071436405
2014-09-23,8.227877e-06,0.06607538,0.92238206,0.98845744,0.98845744,0.00038865104,0.019714234,0.0007128295
2014-09-24,1.0100531e-05,0.054582775,0.93314683,0.9877296,0.9877296,0.00037167294,0.01927882,0.0008231629
2014-09-25,1.237165e-05,0.049109504,0.9378979,0.98700744,0.98700744,0.00039048676,0.019760737,0.0009522103
2014-09-26,8.608986e-06,0.06494909,0.9234017,0.9883508,0.9883508,0.00039030192,0.01975606,0.00073902006
2014-09-29,1.577669e-05,0.041151248,0.94479215,0.9859434,0.9859434,0.0003697985,0.019230146,0.001122367
2014-09-30,8.623601e-06,0.07252527,0.91543674,0.987962,0.987962,0.00043772042,0.020921769,0.0007163654
2014-10-01,1.020188e-05,0.10342092,0.8816455,0.9850664,0.9850664,0.00041370734,0.020339796,0.0006831501
2014-10-02,1.551077e-05,0.05328658,0.9319372,0.98522377,0.98522377,0.00043383215,0.020828638,0.0010497109
2014-10-03,8.539894e-06,0.06410824,0.924377,0.9884853,0.9884853,0.00044720934,0.021147326,0.00074165
2014-10-06,9.428536e-06,0.08049377,0.90657663,0.9870704,0.9870704,0.00046885543,0.02165307,0.00072922
2014-10-07,8.21367e-06,0.066405,0.92206395,0.98846895,0.98846895,0.0005349408,0.023128787,0.0007123087
2014-10-08,9.742775e-06,0.0953373,0.8905283,0.98586565,0.9858656,0.0005168633,0.022734627,0.0006892978
2014-10-09,9.118544e-06,0.081774674,0.9053123,0.98708695,0.98708695,0.00053402246,0.023108926,0.0007061496
2014-10-10,8.457601e-06,0.07807911,0.909561,0.9876401,0.9876401,0.0004930433,0.022204578,0.0006842765
2014-10-13,1.1811127e-05,0.051144473,0.9359734,0.9871179,0.9871179,0.00045806213,0.021402387,0.0009168625
2014-10-14,8.192806e-06,0.06518949,0.9233583,0.9885478,0.9885478,0.00045185196,0.02125681,0.00071539154
2014-10-15,1.0289326e-05,0.1069578,0.8778131,0.9847709,0.9847709,0.00046834355,0.021641247,0.00067563565
2014-10-16,1.4457842e-05,0.04226308,0.9441215,0.9863846,0.9863846,0.00042311507,0.02056976,0.0010618719
2014-10-17,8.636775e-06,0.060521968,0.9278641,0.98838603,0.98838603,0.0004139602,0.020346012,0.0007436543
2014-10-20,1.600973e-05,0.039830834,0.9459523,0.9857831,0.9857831,0.00039635046,0.019908553,0.0011261055
2014-10-21,1.9886134e-05,0.034287818,0.95039874,0.98468655,0.98468655,0.00041707396,0.020422388,0.001298606
2014-10-22,1.3524504e-05,0.046962034,0.9393891,0.98635113,0.98635113,0.0004206631,0.020510074,0.0009908883
2014-10-23,1.4132083e-05,0.05586709,0.9298244,0.9856915,0.9856915,0.00041777152,0.020439459,0.0009876697
2014-10-24,1.383529e-05,0.04217265,0.9442571,0.98642975,0.98642975,0.00040812555,0.020202117,0.001019531
2014-10-27,3.0254667e-05,0.030999186,0.95060456,0.98160374,0.98160374,0.00039922053,0.019980503,0.0016446098
2014-10-28,5.172703e-05,0.017624632,0.95997036,0.977595,0.977595,0.00041877225,0.020463925,0.0023087242
2014-10-29,2.3143168e-05,0.04166286,0.94107175,0.9827346,0.9827346,0.00046441707,0.021550339,0.0013404378
2014-10-30,1.1860509e-05,0.056737542,0.92990845,0.986646,0.986646,0.00047967577,0.021901501,0.0008881613
2014-10-31,1.3072666e-05,0.06775674,0.9180572,0.9858139,0.985814,0.00049750484,0.022304816,0.0009215133
2014-11-03,9.628159e-06,0.06801156,0.91969657,0.98770815,0.98770815,0.00047981995,0.021904793,0.00078329624
2014-11-04,1.0685989e-05,0.09159093,0.8941844,0.98577535,0.98577535,0.00058202166,0.024125125,0.00075123046
2014-11-05,9.081589e-06,0.07894573,0.90836275,0.9873085,0.9873085,0.00056965905,0.02386753,0.0007155648
2014-11-06,9.249786e-06,0.061574567,0.9267679,0.98834246,0.98834246,0.0005463106,0.023373289,0.00079345977
2014-11-07,1.3253968e-05,0.08807177,0.89692664,0.9849984,0.9849984,0.00066378195,0.025763966,0.00088350393
2014-11-10,1.0994785e-05,0.058669493,0.92889416,0.98756367,0.98756367,0.0006089774,0.024677467,0.00088408595
2014-11-11,1.5522264e-05,0.06071461,0.9247231,0.9854377,0.9854377,0.0006528215,0.025550371,0.0010659206
2014-11-12,1.3771328e-05,0.05422672,0.93227166,0.98649836,0.98649836,0.0006193719,0.024887184,0.0010199741
2014-11-13,1.1021314e-05,0.07393476,0.91282177,0.98675656,0.98675656,0.0006025956,0.024547823,0.00083220954
2014-11-14,1.2778448e-05,0.091638,0.89297307,0.98461103,0.98461103,0.0007516792,0.027416768,0.0008303643
2014-11-17,1.1928803e-05,0.07725696,0.9082312,0.9854882,0.9854882,0.00069501577,0.026363151,0.0008220058
2014-11-18,1.5779562e-05,0.13158439,0.848398,0.9799824,0.9799824,0.0011015642,0.03318982,0.0007882835
2014-11-19,1.1083829e-05,0.10070492,0.88398373,0.98468864,0.98468864,0.001016324,0.03187984,0.0007238958
2014-11-20,1.4265122e-05,0.07685242,0.9081644,0.9850168,0.9850168,0.0009982783,0.031595543,0.00095207593
2014-11-21,1.1694353e-05,0.07459233,0.91186494,0.9864573,0.9864573,0.00097624655,0.031244945,0.00086351635
2014-11-24,1.2313534e-05,0.09619065,0.8879868,0.9841774,0.9841774,0.0010939962,0.033075612,0.00077822496
2014-11-25,1.2199618e-05,0.091363005,0.89349306,0.98485607,0.98485607,0.001054522,0.032473404,0.000805578
2014-11-26,1.6131407e-05,0.11686288,0.8641105,0.9809734,0.9809734,0.0010437835,0.03230764,0.0008478355
2014-11-28,1.2114836e-05,0.083590105,0.9019871,0.98557717,0.98557717,0.0009522893,0.030859185,0.0008399761
2014-12-01,2.492303e-05,0.15164174,0.81937903,0.97102076,0.97102076,0.0012034981,0.03469147,0.0008600305
2014-12-02,1.04082865e-05,0.07035329,0.9166711,0.98702437,0.98702437,0.0010705355,0.03271904,0.0008021409
2014-12-03,1.8653647e-05,0.11756379,0.8612952,0.978859,0.978859,0.0010709234,0.032724965,0.0008823449
2014-12-04,1.3733694e-05,0.08062796,0.90379816,0.98442614,0.98442614,0.0009781397,0.031275224,0.0008818427
2014-12-05,2.9208106e-05,0.101286225,0.87282383,0.97411007,0.97411007,0.0010376876,0.03221316,0.0011281646
2014-12-08,2.224084e-05,0.14175546,0.8328819,0.9746374,0.9746374,0.0011075236,0.033279475,0.0008769144
2014-12-09,3.08153e-05,0.14169297,0.82745886,0.9691518,0.96915185,0.0013856925,0.037224893,0.0009989333
2014-12-10,1.739524e-05,0.14741066,0.8288621,0.9762727,0.9762727,0.001213407,0.034833994,0.00073313195
2014-12-11,2.5448677e-05,0.12633274,0.8481032,0.974436,0.974436,0.0010557997,0.03249307,0.0009954883
2014-12-12,2.3056022e-05,0.112364,0.8644266,0.9767906,0.9767906,0.00096848677,0.03112052,0.0009933918
2014-12-15,2.865935e-05,0.110425696,0.8642348,0.9746605,0.9746605,0.0010734149,0.03276301,0.0011310155
2014-12-16,2.522209e-05,0.07520998,0.90450406,0.97971404,0.97971404,0.0010006164,0.03163252,0.0012433272
2014-12-17,1.7579301e-05,0.057398863,0.926818,0.98421687,0.98421687,0.0009853194,0.0313898,0.0011138031
2014-12-18,1.7263927e-05,0.13302058,0.8452961,0.97831666,0.97831666,0.00096084294,0.030997466,0.00079618406
2014-12-19,1.8641407e-05,0.086198926,0.8957549,0.9819538,0.9819538,0.00086408755,0.029395366,0.0010329824
2014-12-22,3.0980194e-05,0.052465573,0.9252687,0.97773427,0.97773427,0.0010073136,0.031738203,0.0013913845
2014-12-23,4.4491382e-05,0.20706342,0.73329717,0.9403606,0.9403606,0.0014538397,0.03812925,0.0007460066
2014-12-24,2.3017232e-05,0.14333828,0.8289394,0.97227764,0.97227764,0.0011264671,0.033562884,0.0008302768
2014-12-26,9.167523e-05,0.08078737,0.8735021,0.95428944,0.95428944,0.0012506521,0.03536456,0.002005559
2014-12-29,0.000106496824,0.12420808,0.81454545,0.93875355,0.93875355,0.0011885627,0.03447554,0.0017388243
2014-12-30,3.9939674e-05,0.18905549,0.76587814,0.95493364,0.95493364,0.0015065711,0.038814574,0.00088624144
2014-12-31,3.070932e-05,0.1260096,0.84419036,0.97019994,0.97019994,0.0013643542,0.036937166,0.0010305122
2015-01-02,4.235128e-05,0.17252213,0.78366536,0.9561875,0.9561875,0.0017711376,0.042084884,0.00096664805
2015-01-05,6.587622e-05,0.1212122,0.83468896,0.95590115,0.95590115,0.0016914923,0.041127756,0.0014938307
2015-01-06,0.00010143299,0.14834023,0.78701156,0.9353518,0.9353518,0.0016807221,0.04099661,0.0015689991
2015-01-07,6.135852e-05,0.16533275,0.782837,0.9481697,0.9481697,0.0014803018,0.03847469,0.0011838352
2015-01-08,3.1397383e-05,0.07213143,0.90406555,0.976197,0.976197,0.0013066129,0.0361471,0.0013190517
2015-01-09,3.474396e-05,0.119964875,0.84994185,0.96990675,0.96990675,0.0012401557,0.035215843,0.0011545432
2015-01-12,3.380567e-05,0.07088265,0.9052863,0.97616893,0.976169,0.0010941514,0.03307796,0.0014185545
2015-01-13,4.4753237e-05,0.110249735,0.8568228,0.96707255,0.96707255,0.0012190284,0.034914587,0.0013591466
2015-01-14,3.390193e-05,0.14361317,0.8241043,0.96771747,0.96771747,0.0013851098,0.037217066,0.0010501634
2015-01-15,3.3096137e-05,0.17455044,0.7870115,0.9615619,0.9615619,0.002449398,0.049491394,0.0008610247
2015-01-16,5.3148742e-05,0.09278891,0.87379175,0.9665807,0.9665807,0.0020552822,0.045335222,0.0015903602
2015-01-20,1.2831012e-05,0.12032915,0.8608654,0.98119456,0.98119456,0.0018576939,0.04310097,0.00068230304
2015-01-21,4.8597147e-05,0.21007194,0.724831,0.9349029,0.9349029,0.0027970797,0.052887425,0.0007465333
2015-01-22,2.2262315e-05,0.17860976,0.7893646,0.96797436,0.9679743,0.0025904,0.05089597,0.00069514045
2015-01-23,3.9159066e-05,0.17847615,0.77717376,0.9556499,0.9556499,0.0024727376,0.049726628,0.0008829535
2015-01-26,2.649087e-05,0.19168358,0.7696982,0.9613818,0.9613818,0.002445341,0.04945039,0.00068596844
2015-01-27,1.7071214e-05,0.1523212,0.8234029,0.9757241,0.9757241,0.0021514778,0.046384025,0.00070321653
2015-01-28,1.568418e-05,0.15712482,0.81867796,0.9758028,0.9758028,0.0019680946,0.04436321,0.000648181
2015-01-29,1.8982138e-05,0.17491919,0.7961349,0.9710541,0.9710541,0.0018675698,0.043215387,0.0006557793
2015-01-30,2.235165e-05,0.14790961,0.82434213,0.9722517,0.9722518,0.001986969,0.04457543,0.00080551463
2015-02-02,1.3778344e-05,0.15926027,0.8169149,0.9761752,0.9761752,0.0016755179,0.04093309,0.00057831913
2015-02-03,1.8812938e-05,0.20284915,0.7580922,0.9609414,0.9609414,0.0013849438,0.037214834,0.000481659
2015-02-04,1.54415e-05,0.15516491,0.82117337,0.97633827,0.97633827,0.0012215042,0.034950025,0.0006525938
2015-02-05,2.704298e-05,0.14370917,0.8261516,0.9698608,0.9698608,0.0011954671,0.034575526,0.00089726906
2015-02-06,1.6082144e-05,0.10506849,0.8748428,0.9799113,0.9799113,0.0010931024,0.0330621,0.0008005578
2015-02-09,1.7603563e-05,0.122917995,0.8552278,0.97814584,0.97814584,0.0009789383,0.03128799,0.0008055016
2015-02-10,2.3017703e-05,0.103226334,0.87376463,0.976991,0.97699094,0.0008611224,0.029344887,0.0010003782
2015-02-11,2.7295157e-05,0.16007535,0.8081632,0.9682386,0.9682386,0.0008717517,0.029525442,0.00085938117
2015-02-12,2.1620595e-05,0.108729646,0.8694583,0.978188,0.978188,0.001042517,0.032288034,0.0009912238
2015-02-13,2.3817649e-05,0.088346325,0.88862497,0.97697127,0.97697127,0.0010277791,0.032058995,0.0010342579
2015-02-17,2.0496254e-05,0.11469185,0.86348164,0.9781735,0.9781735,0.0010344944,0.032163557,0.0009390534
2015-02-18,2.1225213e-05,0.07289249,0.9085971,0.9814896,0.9814896,0.0009430237,0.030708691,0.0011466641
2015-02-19,2.5956517e-05,0.10983015,0.86595935,0.9757895,0.9757895,0.000927207,0.030450074,0.0010721176
2015-02-20,1.4875567e-05,0.12425341,0.85627276,0.98052615,0.98052615,0.0008290559,0.028793331,0.0007638739
2015-02-23,2.3622539e-05,0.14124313,0.8327795,0.9740227,0.9740226,0.00093020324,0.030499233,0.0009093526
2015-02-24,2.1419199e-05,0.08966304,0.89022017,0.9798832,0.9798832,0.0008830238,0.029715717,0.0010647415
2015-02-25,9.455648e-06,0.06587774,0.92190695,0.9877847,0.9877847,0.00081347965,0.028521564,0.00077408133
2015-02-26,1.2470303e-05,0.12239515,0.8590322,0.9814274,0.9814274,0.0007598381,0.02756516,0.00067143445
2015-02-27,3.0027475e-05,0.19269952,0.7668505,0.95955,0.95955,0.0012699727,0.035636675,0.00074233604
2015-03-02,2.508901e-05,0.13651271,0.83498836,0.97150105,0.97150105,0.0010407731,0.032261014,0.0008803486
2015-03-03,5.638389e-06,0.09937888,0.88840234,0.9877812,0.9877812,0.0009173672,0.03028807,0.00046145296
2015-03-04,3.26625e-05,0.14102913,0.8246056,0.9656347,0.9656347,0.0008235077,0.028696824,0.00095045014
2015-03-05,1.1818953e-05,0.08351563,0.9022648,0.9857804,0.9857804,0.0007739608,0.027820151,0.00083117443
2015-03-06,1.3534292e-05,0.10077711,0.88285506,0.98363215,0.98363215,0.0007660554,0.027677706,0.00082688255
2015-03-09,1.1196229e-05,0.08271457,0.9031689,0.9858835,0.9858835,0.0006898752,0.026265476,0.0007931292
2015-03-10,1.2945016e-05,0.09360852,0.8908508,0.9844593,0.9844593,0.00091420935,0.030235896,0.0008329741
2015-03-11,1.4682732e-05,0.13090311,0.8493716,0.98027474,0.98027474,0.00086545094,0.029418547,0.0007443618
2015-03-12,1.5686071e-05,0.12263014,0.8579385,0.98056865,0.98056865,0.00089515897,0.029919207,0.0008072558
2015-03-13,1.3442047e-05,0.10310176,0.8803772,0.98347896,0.9834789,0.00091068726,0.030177595,0.00081363216
2015-03-16,1.2939021e-05,0.10432117,0.87921804,0.9835392,0.9835392,0.00081576343,0.028561573,0.0007860517
2015-03-17,1.0445737e-05,0.074534334,0.912341,0.98687536,0.98687536,0.0007317079,0.0270501,0.0007958872
2015-03-18,1.5262529e-05,0.1384662,0.8408154,0.9792816,0.9792816,0.00086522655,0.029414734,0.00073666556
2015-03-19,1.1591658e-05,0.12065445,0.86189955,0.982554,0.982554,0.0008142207,0.028534552,0.0006644314
2015-03-20,1.1563656e-05,0.08726593,0.89837927,0.9856452,0.9856452,0.00087967183,0.029659262,0.0008055588
2015-03-23,1.1076572e-05,0.08832059,0.8972516,0.9855722,0.9855722,0.0008096169,0.028453767,0.0007677253
2015-03-24,1.139458e-05,0.084489234,0.9013492,0.9858384,0.9858384,0.00076939346,0.027737943,0.0008046118
2015-03-25,1.24400985e-05,0.10311716,0.8808363,0.9839535,0.9839535,0.0007367277,0.02714273,0.00077525195
2015-03-26,1.3892122e-05,0.070648305,0.91408485,0.98473316,0.98473316,0.00071435573,0.026727434,0.00090995425
2015-03-27,2.5226229e-05,0.054177478,0.9262738,0.9804513,0.9804513,0.00069158146,0.026297936,0.001290429
2015-03-30,1.267626e-05,0.12196945,0.8602519,0.98222136,0.98222136,0.0007177616,0.026791073,0.00071300525
2015-03-31,1.1763501e-05,0.093030766,0.8918728,0.9849036,0.9849036,0.00068310974,0.026136369,0.0007792242
2015-04-01,1.1384776e-05,0.09140776,0.8939209,0.9853287,0.9853287,0.0006211697,0.024923276,0.0007759883
2015-04-02,1.3390665e-05,0.048360657,0.9378657,0.9862263,0.9862263,0.00058244437,0.024133883,0.00097219227
2015-04-06,1.1951151e-05,0.112446584,0.87114936,0.98359597,0.98359597,0.0006402604,0.025303368,0.00072854955
2015-04-07,1.498537e-05,0.062574156,0.92120117,0.9837753,0.9837753,0.00063070393,0.02511382,0.00092361565
2015-04-08,1.1617139e-05,0.084133804,0.9016678,0.9858016,0.9858016,0.0006042131,0.024580747,0.00081819925
2015-04-09,1.0340129e-05,0.12430805,0.85893726,0.9832453,0.9832453,0.00060022273,0.024499444,0.0006171485
2015-04-10,1.5429916e-05,0.08446461,0.8982588,0.9827234,0.9827234,0.0006795491,0.026068162,0.00089311146
2015-04-13,1.2499734e-05,0.08531368,0.8991889,0.98450255,0.98450255,0.0006294552,0.025088945,0.0008065674
2015-04-14,1.2225953e-05,0.06642312,0.9197927,0.98621583,0.98621583,0.0005785025,0.024052078,0.000886956
2015-04-15,1.1585603e-05,0.06785165,0.91834503,0.9861967,0.9861967,0.000548312,0.023416063,0.00083933555
2015-04-16,1.41734445e-05,0.09255638,0.89016914,0.9827255,0.9827255,0.00058175565,0.024119612,0.00082048366
2015-04-17,1.2792332e-05,0.09942309,0.8848273,0.9842504,0.9842504,0.0006054515,0.024605924,0.00081223354
2015-04-20,1.3745779e-05,0.06926275,0.91610396,0.9853667,0.9853667,0.00058290345,0.024143394,0.00093934935
2015-04-21,1.4114488e-05,0.064657554,0.92068917,0.98534673,0.98534673,0.0006462383,0.025421217,0.0009632316
2015-04-22,1.2200789e-05,0.112841204,0.87052107,0.98336226,0.98336226,0.000624568,0.02499136,0.00073331996
2015-04-23,1.02815475e-05,0.06950679,0.9175502,0.987057,0.987057,0.00057262124,0.023929507,0.0007943695
2015-04-24,1.20843515e-05,0.083552696,0.9010743,0.984627,0.984627,0.0005941293,0.024374768,0.00078607677
2015-04-27,1.6893022e-05,0.056266777,0.92816377,0.98443055,0.98443055,0.0005474426,0.02339749,0.0010850109
2015-04-28,9.634073e-06,0.061803725,0.9261415,0.9879452,0.9879452,0.0005396409,0.023230173,0.0007991897
2015-04-29,9.743554e-06,0.07346404,0.91378355,0.9872476,0.9872476,0.00051688397,0.022735082,0.0007640557
2015-04-30,1.0806921e-05,0.0746263,0.911937,0.9865633,0.9865633,0.0005718247,0.023912856,0.00080428534
2015-05-01,1.3197811e-05,0.11701875,0.86560524,0.982624,0.982624,0.000752748,0.027436253,0.0007595423
2015-05-04,9.071696e-06,0.071085714,0.9167326,0.9878183,0.9878183,0.0006747985,0.025976883,0.0007446987
2015-05-05,9.261988e-06,0.06378512,0.9244828,0.98826796,0.98826796,0.0006465368,0.025427088,0.0007894609
2015-05-06,9.890653e-06,0.06051771,0.9274344,0.9879521,0.9879521,0.00062026415,0.024905102,0.000820945
2015-05-07,8.877745e-06,0.06464638,0.9236972,0.98834354,0.98834354,0.0005852371,0.024191674,0.0007616157
2015-05-08,7.3188917e-06,0.07155135,0.9170233,0.9885746,0.9885746,0.00056408136,0.023750396,0.0006405821
2015-05-11,9.154421e-06,0.07556444,0.91199815,0.9875626,0.9875626,0.00071978953,0.026828894,0.00073603954
2015-05-12,9.046141e-06,0.06372358,0.92464,0.98836356,0.98836356,0.0007217159,0.02686477,0.0007773979
2015-05-13,1.0533236e-05,0.09284363,0.89282423,0.9856679,0.9856679,0.0007480937,0.027351301,0.00073493936
2015-05-14,9.2833525e-06,0.06943242,0.91840345,0.9878359,0.9878359,0.0006947191,0.026357524,0.00076317525
2015-05-15,9.218764e-06,0.07348427,0.91413844,0.9876227,0.98762274,0.0006899299,0.026266517,0.00074481085
2015-05-18,8.945545e-06,0.062335037,0.92619044,0.98852545,0.98852545,0.00064051215,0.02530834,0.0007795988
2015-05-19,8.650033e-06,0.063524835,0.92505074,0.9885756,0.9885756,0.0006023805,0.02454344,0.0007571528
2015-05-20,7.376353e-06,0.075928666,0.91231626,0.98824495,0.98824495,0.00059285853,0.024348686,0.00062750507
2015-05-21,9.909152e-06,0.056704983,0.9314152,0.9881202,0.9881202,0.0005575238,0.023611942,0.00083411764
2015-05-22,8.878309e-06,0.062493943,0.9259713,0.98846525,0.98846525,0.000537094,0.02317529,0.00076970103
2015-05-26,9.150904e-06,0.05999677,0.92841303,0.9884098,0.9884098,0.00053388247,0.023105897,0.0007895392
2015-05-27,8.117639e-06,0.06722382,0.92131305,0.98853683,0.98853683,0.00053536624,0.023137983,0.0007081498
2015-05-28,8.302593e-06,0.06356978,0.92518777,0.98875755,0.98875755,0.00050170626,0.0223988,0.000738504
2015-05-29,9.162173e-06,0.060642075,0.9274062,0.98804826,0.98804826,0.0005705815,0.023886848,0.00076659716
2015-06-01,1.5351792e-05,0.04207606,0.94298387,0.9850599,0.9850599,0.00057246943,0.023926333,0.0010275573
2015-06-02,1.0158248e-05,0.059996262,0.9274812,0.9874774,0.9874774,0.0005555235,0.023569547,0.00081119465
2015-06-03,1.3242445e-05,0.055949334,0.929912,0.9858613,0.9858613,0.00054600637,0.02336678,0.00093660987
2015-06-04,9.36348e-06,0.08981785,0.8966913,0.9865092,0.9865092,0.0005526751,0.023509042,0.0006940643
2015-06-05,9.3163435e-06,0.07328338,0.91414404,0.9874274,0.9874274,0.0005056648,0.022486992,0.00074100454
2015-06-08,1.2374561e-05,0.045526303,0.9414231,0.98694944,0.98694944,0.00048511705,0.022025373,0.0009482018
2015-06-09,9.674886e-06,0.10996504,0.8748657,0.98483074,0.98483074,0.00055581756,0.023575783,0.0006377954
2015-06-10,8.972694e-06,0.11682536,0.8677922,0.98461753,0.98461753,0.0007821687,0.02796728,0.0005833065
2015-06-11,7.459008e-06,0.07599701,0.91219664,0.98819363,0.98819363,0.000717245,0.02678143,0.0006317783
2015-06-12,7.990333e-06,0.08090288,0.9067361,0.98763895,0.98763895,0.00070153957,0.026486592,0.0006464122
2015-06-15,8.46842e-06,0.08189091,0.90548027,0.98737115,0.9873712,0.00070178264,0.02649118,0.0006705613
2015-06-16,1.1904058e-05,0.10944753,0.87441236,0.9838599,0.9838599,0.0008446978,0.029063685,0.0007375453
2015-06-17,8.228364e-06,0.077740684,0.9099657,0.98770636,0.98770636,0.0007509282,0.02740307,0.00066931895
2015-06-18,9.001195e-06,0.075595304,0.9119351,0.9875304,0.9875304,0.0007054268,0.026559873,0.0007218518
2015-06-19,8.35524e-06,0.07064591,0.9174963,0.98814225,0.98814225,0.00070945127,0.026635526,0.0007046229
2015-06-22,8.192065e-06,0.07407505,0.9139144,0.9879894,0.9879894,0.00067342364,0.025950408,0.0006820711
2015-06-23,8.682193e-06,0.06603687,0.92221624,0.9882531,0.9882531,0.000689035,0.026249476,0.0007391061
2015-06-24,9.5941705e-06,0.061929442,0.9255611,0.98749053,0.98749053,0.0006444888,0.025386784,0.0007669529
2015-06-25,1.0074386e-05,0.056943864,0.93084335,0.98778725,0.98778725,0.0006153845,0.024806945,0.00082490704
2015-06-26,8.669001e-06,0.076282404,0.9114051,0.98768747,0.98768747,0.0006436292,0.025369847,0.00070407946
2015-06-29,7.760675e-06,0.068561405,0.92000926,0.98857063,0.9885707,0.00065164285,0.025527297,0.00067901163
2015-06-30,7.4406494e-06,0.0698494,0.9187999,0.9886493,0.98864925,0.0006166311,0.024832059,0.0006555239
2015-07-01,7.4540776e-06,0.067389116,0.921448,0.9888371,0.9888371,0.0005806899,0.02409751,0.00066775596
2015-07-02,7.131515e-06,0.081405684,0.9066527,0.9880584,0.9880584,0.0005625767,0.0237187,0.00059719867
2015-07-06,7.683152e-06,0.06566609,0.92323273,0.9888988,0.9888988,0.000533429,0.02309608,0.0006921019
2015-07-07,5.848863e-06,0.09055205,0.8977668,0.98831886,0.98831886,0.0005363013,0.02315818,0.00050071
2015-07-08,7.7490895e-06,0.06435177,0.92454684,0.9888986,0.98889863,0.00050613604,0.022497468,0.00069802656
2015-07-09,7.088498e-06,0.06949846,0.91936386,0.98886234,0.98886234,0.00048387417,0.02199714,0.00063644384
2015-07-10,7.241599e-06,0.06789128,0.9210211,0.9889124,0.9889124,0.00046834312,0.021641236,0.00065312616
2015-07-13,7.628761e-06,0.067953914,0.9208138,0.9887677,0.98876774,0.00045645246,0.021364748,0.0006791797
2015-07-14,7.3361552e-06,0.07381772,0.9147131,0.9885308,0.9885308,0.00050455326,0.022462264,0.0006396405
2015-07-15,7.635702e-06,0.06558075,0.92335725,0.988938,0.988938,0.0004738323,0.021767689,0.00069026253
2015-07-16,6.859714e-06,0.07889788,0.9095604,0.9884583,0.9884583,0.0004940305,0.022226796,0.0005943405
2015-07-17,6.948446e-06,0.06967031,0.91925377,0.9889241,0.9889241,0.00049429573,0.022232763,0.0006273474
2015-07-20,7.219057e-06,0.067704625,0.9212545,0.98895913,0.98895913,0.0004636725,0.021533055,0.00065384875
2015-07-21,7.1229742e-06,0.06863262,0.92029893,0.98893154,0.98893154,0.00045238074,0.021269243,0.0006435378
2015-07-22,7.577511e-06,0.066486716,0.92240566,0.9888924,0.9888924,0.00045340034,0.021293199,0.0006821901
2015-07-23,7.1390355e-06,0.067585446,0.92145985,0.9890453,0.9890453,0.00042773335,0.020681715,0.0006516883
2015-07-24,7.2694743e-06,0.06785823,0.9210625,0.98892075,0.98892075,0.00045484304,0.02132705,0.00065613404
2015-07-27,8.4678295e-06,0.05941277,0.929208,0.98862076,0.98862076,0.0004396999,0.020969022,0.00074414705
2015-07-28,8.118487e-06,0.06161183,0.92712027,0.9887321,0.9887321,0.00041845426,0.020456154,0.0007204969
2015-07-29,9.352359e-06,0.056806218,0.931476,0.9882822,0.9882822,0.00040438698,0.020109376,0.0007981329
2015-07-30,7.1818617e-06,0.06788711,0.92108047,0.9889676,0.9889676,0.00041604304,0.020397132,0.00065097894
2015-07-31,7.4849354e-06,0.06909468,0.91961205,0.9887067,0.9887067,0.00050753733,0.022528589,0.0006627771
2015-08-03,7.217985e-06,0.0737674,0.9147889,0.9885563,0.9885563,0.0004985361,0.022327922,0.00063074013
2015-08-04,7.5793805e-06,0.079271585,0.9087913,0.98806286,0.98806286,0.0004737531,0.021765871,0.000634941
2015-08-05,6.944896e-06,0.06929294,0.9196728,0.98896575,0.98896575,0.00048089479,0.021929312,0.0006293945
2015-08-06,6.820191e-06,0.070250615,0.91873044,0.98898107,0.98898107,0.00045079732,0.021231988,0.0006189521
2015-08-07,7.4595464e-06,0.06586844,0.9231219,0.98899037,0.98899037,0.00042314734,0.020570546,0.0006775472
2015-08-10,7.292205e-06,0.06618241,0.922823,0.98900545,0.98900545,0.00039981675,0.019995417,0.0006632561
2015-08-11,6.5020895e-06,0.06922219,0.92004126,0.9892635,0.9892635,0.0003927932,0.019819012,0.00060560467
2015-08-12,6.547734e-06,0.077045426,0.9117007,0.98874617,0.98874617,0.00036794532,0.019181902,0.00058182253
2015-08-13,6.5639338e-06,0.07099164,0.9180519,0.98904353,0.98904353,0.0004129166,0.020320348,0.0005990922
2015-08-14,7.74492e-06,0.08177229,0.9060047,0.987777,0.987777,0.00056434434,0.023755932,0.0006336347
2015-08-17,8.55592e-06,0.059940852,0.92864966,0.98859054,0.98859054,0.00052126904,0.022831317,0.000749897
2015-08-18,7.889847e-06,0.070428684,0.9179949,0.9884236,0.9884236,0.0005337837,0.023103759,0.000681545
2015-08-19,8.113645e-06,0.06308062,0.9255339,0.9886145,0.9886145,0.0005031465,0.022430927,0.00071262964
2015-08-20,9.684274e-06,0.070917256,0.9162115,0.98712873,0.98712873,0.00047514742,0.021797877,0.0007523949
2015-08-21,7.854356e-06,0.06373506,0.9251315,0.98886657,0.98886657,0.00045985472,0.021444224,0.0007054748
2015-08-24,7.4771847e-06,0.07043352,0.9181196,0.9885531,0.9885531,0.0004864694,0.02205605,0.0006532065
2015-08-25,7.9785605e-06,0.07609035,0.91186315,0.9879535,0.9879535,0.00046054804,0.021460382,0.00066231267
2015-08-26,1.7895441e-05,0.034288075,0.95099854,0.9852866,0.9852866,0.00044144978,0.021010706,0.0012162677
2015-08-27,2.4358556e-05,0.031200457,0.9520769,0.9832774,0.9832774,0.00043806052,0.020929895,0.0014566232
2015-08-28,1.2475172e-05,0.039535668,0.94666034,0.986196,0.986196,0.00045444688,0.02131776,0.0009037348
2015-08-31,8.109366e-06,0.06398496,0.92425156,0.98823655,0.98823655,0.00047587854,0.02181464,0.00068936945
2015-09-01,9.217586e-06,0.052476533,0.9354259,0.9879024,0.9879024,0.0004536145,0.021298228,0.00076193525
2015-09-02,8.53996e-06,0.11065822,0.8746295,0.9852877,0.9852877,0.00043486746,0.020853477,0.00058046496
2015-09-03,1.2582295e-05,0.042627607,0.9442015,0.98682916,0.98682916,0.00043306942,0.020810321,0.00095531467
2015-09-04,7.63174e-06,0.06932685,0.91926885,0.9885957,0.9885957,0.0004570157,0.021377925,0.00066919986
2015-09-08,1.0012418e-05,0.056576114,0.9311791,0.98775524,0.98775524,0.0004739622,0.021770673,0.0008176899
2015-09-09,8.294831e-06,0.07048488,0.9176587,0.98814356,0.98814356,0.00047562193,0.021808758,0.00069960573
2015-09-10,8.4994845e-06,0.0812663,0.906119,0.9873853,0.9873853,0.0004782681,0.02186934,0.00067377475
2015-09-11,9.267915e-06,0.056576576,0.9315991,0.98817563,0.98817563,0.00045397232,0.021306626,0.0007837978
2015-09-14,1.0599472e-05,0.06515849,0.9218165,0.986975,0.986975,0.00043306025,0.0208101,0.00081377995
2015-09-15,8.105074e-06,0.069237664,0.91910917,0.9883468,0.9883468,0.000447508,0.021154385,0.00069552433
2015-09-16,9.9441e-06,0.0538309,0.93411267,0.9879436,0.9879436,0.0004273868,0.020673336,0.0008247978
2015-09-17,1.2203923e-05,0.046188705,0.9408443,0.987033,0.987033,0.00044291423,0.021045528,0.00094115303
2015-09-18,1.1299274e-05,0.053936057,0.933269,0.9872051,0.9872051,0.00042928095,0.020719096,0.00088310684
2015-09-21,1.2916334e-05,0.06896873,0.91640127,0.98537,0.98537,0.00042878446,0.020707112,0.0008828651
2015-09-22,2.2606591e-05,0.028626092,0.95511585,0.98374194,0.98374194,0.0004160432,0.020397138,0.0013904851
2015-09-23,1.930505e-05,0.04942989,0.93388164,0.98331153,0.98331153,0.00042006467,0.02049548,0.00115679
2015-09-24,1.5256661e-05,0.041118167,0.9447929,0.9859111,0.9859111,0.00041201233,0.020298086,0.001082883
2015-09-25,4.6443773e-05,0.017772239,0.9606929,0.97846514,0.97846514,0.00040765907,0.020190569,0.0021566786
2015-09-28,2.8950208e-05,0.024552425,0.95763314,0.98218554,0.98218554,0.0004399532,0.02097506,0.0016250962
2015-09-29,1.5931893e-05,0.04497547,0.9402521,0.9852276,0.9852276,0.0004502648,0.021219444,0.0010784895
2015-09-30,4.6273333e-05,0.017729035,0.96060616,0.9783352,0.9783352,0.00044305145,0.021048788,0.0021358766
2015-10-01,3.4415534e-05,0.0237158,0.95713973,0.9808555,0.9808555,0.00048213545,0.021957584,0.0017976745
2015-10-02,8.087593e-05,0.017547492,0.95410407,0.97165155,0.97165155,0.00052750576,0.022967493,0.0028529228
2015-10-05,7.3175055e-05,0.014391616,0.95947254,0.97386414,0.97386414,0.0005851787,0.024190467,0.002799795
2015-10-06,4.392987e-05,0.019844646,0.95878583,0.9786305,0.9786305,0.00063463853,0.025192033,0.002055726
2015-10-07,4.3960717e-05,0.01919179,0.9592074,0.9783992,0.9783992,0.00065379136,0.025569344,0.0020351447
2015-10-08,3.6800007e-05,0.033011124,0.94611377,0.9791249,0.9791249,0.0006711461,0.025906488,0.0017628665
2015-10-09,6.0483377e-05,0.01463499,0.96120995,0.9758449,0.9758449,0.00067499,0.02598057,0.0025039609
2015-10-12,5.515832e-05,0.017640514,0.9590527,0.9766932,0.9766932,0.00070933823,0.026633404,0.0023666206
2015-10-13,1.777581e-05,0.06568859,0.9174424,0.983131,0.983131,0.0007385758,0.02717675,0.0010537555
2015-10-14,4.962129e-05,0.023351269,0.9535503,0.97690153,0.97690153,0.00070918235,0.026630478,0.0021482501
2015-10-15,5.3896558e-05,0.020423265,0.95618254,0.97660583,0.97660583,0.000727425,0.026970817,0.002303846
2015-10-16,6.70692e-05,0.017571485,0.9570289,0.97460043,0.97460043,0.00076319755,0.02762603,0.002640565
2015-10-19,7.270389e-05,0.013850995,0.9599866,0.9738376,0.9738376,0.00079896324,0.028265938,0.0027789474
2015-10-20,6.5795786e-05,0.025972836,0.94717765,0.9731505,0.9731505,0.00084006274,0.028983835,0.0024505397
2015-10-21,2.4707506e-05,0.039919537,0.9421874,0.982107,0.982107,0.0008665992,0.029438058,0.0013808464
2015-10-22,6.863344e-05,0.021044975,0.9526166,0.97366154,0.97366154,0.000875487,0.029588629,0.002605826
2015-10-23,4.9815633e-05,0.020836998,0.95661485,0.97745186,0.97745186,0.00090376136,0.030062623,0.0022093013
2015-10-26,0.00011091289,0.026968995,0.9366635,0.9636325,0.9636325,0.0009521967,0.030857684,0.0030497825
2015-10-27,0.00022137421,0.08328407,0.8391835,0.9224676,0.9224676,0.0012884769,0.03589536,0.0028552474
2015-10-28,0.0010185875,0.030676654,0.8212021,0.85187876,0.85187876,0.0013205179,0.03633893,0.0068767145
2015-10-29,0.00011819404,0.04287497,0.90900314,0.95187813,0.95187813,0.0021277457,0.046127494,0.0024561398
2015-10-30,6.400553e-05,0.21160603,0.7090432,0.92064923,0.92064923,0.00252259,0.050225392,0.0008066151
2015-11-02,2.83196e-05,0.17774026,0.7869687,0.964709,0.964709,0.0020205234,0.044950232,0.0008024592
2015-11-03,2.5871746e-05,0.11112689,0.86452407,0.97565097,0.97565097,0.0017597423,0.041949283,0.0010625368
2015-11-04,1.6445265e-05,0.15428105,0.82130086,0.9755819,0.9755819,0.0015473518,0.039336395,0.00067348627
2015-11-05,1.960011e-05,0.112202175,0.86650807,0.97871023,0.97871023,0.0012899988,0.035916552,0.00092063524
2015-11-06,3.463949e-05,0.107185684,0.86554456,0.9727302,0.9727302,0.0013577068,0.036847074,0.0012702519
2015-11-09,1.736837e-05,0.095788874,0.88586634,0.98165524,0.98165524,0.0012108674,0.03479752,0.0009467755
2015-11-10,2.3451383e-05,0.05039621,0.932212,0.9826082,0.9826082,0.0011773793,0.03431296,0.001348416
2015-11-11,2.1696596e-05,0.05615568,0.9265861,0.9827418,0.9827418,0.0011249782,0.033540696,0.0012571742
2015-11-12,1.98786e-05,0.08421245,0.8970959,0.9813084,0.98130834,0.0010982619,0.033140033,0.0010635045
2015-11-13,5.133038e-05,0.028241554,0.9484195,0.9766611,0.9766611,0.0010052306,0.031705372,0.0021993474
2015-11-16,2.9478555e-05,0.07313817,0.9051514,0.9782896,0.9782896,0.0010592039,0.032545414,0.0013578082
2015-11-17,2.587147e-05,0.031537596,0.9517911,0.9833287,0.9833287,0.0009960076,0.031559587,0.0015518568
2015-11-18,3.1824897e-05,0.044218846,0.9359046,0.98012346,0.98012346,0.00097488053,0.031223077,0.0016011286
2015-11-19,2.3401462e-05,0.037483852,0.9459509,0.9834348,0.9834348,0.0009486136,0.030799571,0.0014126878
2015-11-20,2.6618925e-05,0.04203655,0.940024,0.98206055,0.98206055,0.0009556409,0.030913442,0.0014838207
2015-11-23,9.4847164e-05,0.035669424,0.92874587,0.9644153,0.9644153,0.0010716406,0.03273592,0.0026653926
2015-11-24,6.612215e-05,0.031297646,0.94064236,0.97194,0.97194,0.0011223579,0.03350161,0.0023564543
2015-11-25,2.1776066e-05,0.07870304,0.9008196,0.97952265,0.97952265,0.001122446,0.033502925,0.0010634218
2015-11-27,3.1564738e-05,0.050601825,0.92892253,0.9795244,0.9795244,0.001033573,0.03214923,0.0015415762
2015-11-30,2.9243089e-05,0.052387904,0.9279007,0.98028857,0.98028857,0.000992106,0.031497713,0.0014835596
2015-12-01,7.596957e-05,0.023017712,0.949537,0.9725547,0.9725547,0.00095565006,0.03091359,0.0027680339
2015-12-02,8.298666e-05,0.024983807,0.94451463,0.96949846,0.96949846,0.0009834524,0.031360045,0.0027207364
2015-12-03,3.7489728e-05,0.051998552,0.9255589,0.9775575,0.9775575,0.0010340936,0.032157324,0.0016704777
2015-12-04,7.849594e-05,0.020648578,0.9504771,0.9711257,0.9711257,0.0009975834,0.031584542,0.002718542
2015-12-07,4.771862e-05,0.03452934,0.94246364,0.97699296,0.97699296,0.0010268048,0.032043796,0.0020740882
2015-12-08,2.4851091e-05,0.09853937,0.8792317,0.97777104,0.97777104,0.0011228379,0.033508774,0.0011179603
2015-12-09,4.9448674e-05,0.0373096,0.93772894,0.9750385,0.9750385,0.0010123561,0.031817544,0.001981
2015-12-10,2.3280489e-05,0.059187442,0.9221716,0.98135906,0.981359,0.0009992658,0.031611167,0.0012488905
2015-12-11,3.399607e-05,0.06988449,0.90601665,0.9759011,0.9759011,0.0009756812,0.031235896,0.0014106913
2015-12-14,2.642007e-05,0.06896409,0.91053325,0.9794973,0.9794973,0.00092851545,0.030471552,0.001288615
2015-12-15,0.00018017124,0.01647394,0.9405472,0.9570212,0.9570212,0.0010390567,0.0322344,0.0041920934
2015-12-16,0.00049836526,0.01843496,0.8969512,0.91538614,0.91538614,0.0011819354,0.03437929,0.005889877
2015-12-17,0.0003652208,0.05134202,0.8608706,0.9122126,0.9122126,0.0015641579,0.039549436,0.004160288
2015-12-18,0.00047332363,0.031574022,0.8757923,0.90736634,0.90736634,0.0017313627,0.041609645,0.0051096287
2015-12-21,0.00074651366,0.020584526,0.8695015,0.890086,0.890086,0.0019911937,0.044622794,0.0067917975
2015-12-22,0.00012952472,0.09026085,0.8572688,0.9475297,0.9475297,0.0026048666,0.051037893,0.0024685329
2015-12-23,7.371335e-05,0.026616491,0.94521856,0.9718351,0.9718351,0.0023753832,0.048737902,0.002617204
2015-12-24,3.0319243e-05,0.15148841,0.8169728,0.9684612,0.9684612,0.0023836575,0.048822716,0.000961332
2015-12-28,2.6937412e-05,0.06140876,0.9187361,0.98014486,0.98014486,0.0020588061,0.04537407,0.0013566971
2015-12-29,7.187595e-05,0.16951661,0.77812517,0.9476418,0.9476418,0.0024583607,0.04958186,0.0013727732
2015-12-30,1.9495948e-05,0.1399245,0.83678126,0.9767058,0.9767058,0.0026540847,0.05151781,0.000836944
2015-12-31,2.3708482e-05,0.097219445,0.8814831,0.97870255,0.97870255,0.0029012964,0.05386368,0.0011132073
2016-01-04,2.2457849e-05,0.15537657,0.8175932,0.9729698,0.9729698,0.0028675199,0.05354923,0.00083084195
2016-01-05,1.5585485e-05,0.12254396,0.8580667,0.98061067,0.9806106,0.0023671035,0.048652887,0.0008038176
2016-01-06,1.3172457e-05,0.085262015,0.8997175,0.9849795,0.9849795,0.0020483574,0.045258783,0.00087696593
2016-01-07,1.51116765e-05,0.08149448,0.9024713,0.98396575,0.98396575,0.0019096461,0.0436995,0.0009424626
2016-01-08,1.8409475e-05,0.0753778,0.90771776,0.9830956,0.9830956,0.0019397232,0.04404229,0.0010890337
2016-01-11,1.4183363e-05,0.05194424,0.93462163,0.9865659,0.9865659,0.001883964,0.043404654,0.0010557723
2016-01-12,1.6429585e-05,0.07070647,0.9131958,0.9839023,0.9839023,0.0018249624,0.04271958,0.0010206153
2016-01-13,1.342826e-05,0.10308996,0.88025403,0.983344,0.98334396,0.0019337854,0.043974828,0.0008062125
2016-01-14,1.1591456e-05,0.06329261,0.9235918,0.9868844,0.9868844,0.0017187791,0.04145816,0.0008837926
2016-01-15,1.380555e-05,0.10644126,0.87612885,0.9825701,0.9825701,0.0018178334,0.04263606,0.0007920619
2016-01-19,1.8501572e-05,0.07006393,0.91206986,0.9821338,0.9821338,0.0016417003,0.0405179,0.0010355632
2016-01-20,1.2897787e-05,0.09767975,0.88583493,0.98351467,0.98351467,0.0015170183,0.03894892,0.00078237953
2016-01-21,1.3673941e-05,0.08349478,0.90039086,0.98388565,0.98388565,0.0013733247,0.037058394,0.0008485566
2016-01-22,1.4691242e-05,0.047542196,0.93810594,0.98564816,0.98564816,0.0012579052,0.035466958,0.0010236483
2016-01-25,1.9111229e-05,0.07768855,0.9023346,0.98002315,0.98002315,0.0011947611,0.03456532,0.0009566686
2016-01-26,2.0748334e-05,0.03755511,0.9465396,0.9840947,0.9840947,0.0011035478,0.033219688,0.0013044901
2016-01-27,2.7754373e-05,0.028981198,0.95315593,0.98213714,0.98213714,0.0010693222,0.032700494,0.0015537478
2016-01-28,2.782814e-05,0.031943597,0.95046556,0.9824092,0.9824092,0.0010475275,0.03236553,0.0015819694
2016-01-29,2.2175873e-05,0.03308077,0.95115376,0.9842345,0.9842345,0.0010237539,0.031996153,0.0014066087
2016-02-01,1.4524972e-05,0.08751228,0.8965592,0.98407143,0.98407143,0.0010853853,0.032945186,0.000911882
2016-02-02,1.7629332e-05,0.122421615,0.8572114,0.97963303,0.97963303,0.0013623484,0.036910005,0.0008655846
2016-02-03,3.7483853e-05,0.10668102,0.86444247,0.9711235,0.97112346,0.0016353503,0.040439464,0.0012980754
2016-02-04,3.624069e-05,0.0588852,0.91599977,0.974885,0.974885,0.0014558046,0.038155008,0.0014429891
2016-02-05,2.442965e-05,0.15056783,0.8214925,0.9720603,0.9720603,0.0014327794,0.03785207,0.0008743712
2016-02-08,2.3472085e-05,0.12472529,0.8515313,0.9762566,0.9762566,0.001510685,0.03886753,0.0009885734
2016-02-09,2.4030967e-05,0.12995829,0.84567046,0.97562873,0.97562873,0.0014792413,0.038460907,0.0009860368
2016-02-10,1.5704565e-05,0.09433607,0.8881971,0.9825332,0.9825332,0.0013249844,0.036400333,0.00089911034
2016-02-11,1.5176109e-05,0.14841005,0.82918584,0.97759587,0.9775959,0.0012510028,0.03536952,0.00067737984
2016-02-12,1.9675099e-05,0.13220645,0.84523255,0.977439,0.977439,0.0011492813,0.03390105,0.000872084
2016-02-16,1.0343805e-05,0.103885226,0.87923235,0.9831176,0.9831176,0.0010167598,0.03188667,0.00061269687
2016-02-17,1.6406007e-05,0.07498749,0.9083059,0.98329335,0.98329335,0.0010131202,0.031829547,0.0009820049
2016-02-18,2.1890053e-05,0.08345295,0.89512146,0.9785744,0.9785744,0.00096812047,0.031114634,0.0010216773
2016-02-19,2.3352433e-05,0.06447972,0.91682696,0.9813067,0.9813067,0.0010747595,0.032783527,0.001249239
2016-02-22,2.001724e-05,0.08732053,0.89312047,0.980441,0.980441,0.0010524894,0.032442093,0.0010234272
2016-02-23,2.084651e-05,0.06884455,0.9115666,0.9804112,0.9804112,0.00096804,0.031113341,0.001064204
2016-02-24,5.700787e-05,0.029078802,0.9458866,0.9749654,0.9749654,0.0009349357,0.030576719,0.0022771626
2016-02-25,5.5456203e-05,0.07323168,0.8915838,0.9648155,0.9648155,0.0009414722,0.030683419,0.0015761543
2016-02-26,2.9993384e-05,0.05809601,0.9197355,0.9778315,0.9778315,0.0010017488,0.031650417,0.001352972
2016-02-29,3.5417434e-05,0.08360801,0.89112085,0.9747289,0.9747289,0.0010737462,0.032768067,0.0014014984
2016-03-01,2.2585113e-05,0.12716186,0.8471583,0.9743202,0.9743202,0.0011652694,0.034136042,0.00087948854
2016-03-02,1.668416e-05,0.21712191,0.7366235,0.9537454,0.9537454,0.0010516979,0.032429893,0.00036070292
2016-03-03,3.1374948e-05,0.10584215,0.86741817,0.97326034,0.97326034,0.0010922595,0.03304935,0.001173349
2016-03-04,5.5178672e-05,0.09664357,0.86784744,0.964491,0.964491,0.0010363318,0.032192107,0.0015539352
2016-03-07,3.9110626e-05,0.09211065,0.87817633,0.97028697,0.97028697,0.0009810122,0.031321116,0.0013162784
2016-03-08,4.5988556e-05,0.07375092,0.8958111,0.969562,0.969562,0.0009200028,0.030331548,0.0015108925
2016-03-09,2.6787899e-05,0.13691755,0.8359147,0.9728322,0.9728322,0.0008828706,0.029713139,0.0009860166
2016-03-10,1.6241569e-05,0.097547725,0.8834597,0.9810074,0.9810074,0.0008391345,0.028967818,0.0008551524
2016-03-11,2.3726927e-05,0.07672678,0.90379745,0.98052424,0.98052424,0.00079876056,0.028262353,0.00121828
2016-03-14,2.8427352e-05,0.04169927,0.9395076,0.9812069,0.9812069,0.0007734691,0.027811313,0.0015126478
2016-03-15,2.2071878e-05,0.05589584,0.926704,0.98259985,0.98259985,0.00075519417,0.027480796,0.0012684881
2016-03-16,1.4323497e-05,0.07150845,0.9135178,0.98502624,0.98502624,0.0007393166,0.027190376,0.00095657323
2016-03-17,4.791447e-05,0.019235915,0.95923936,0.9784753,0.9784753,0.00069595163,0.026380895,0.0022260197
2016-03-18,2.333214e-05,0.035963356,0.94807446,0.9840378,0.9840378,0.0007403753,0.027209839,0.0014617136
2016-03-21,1.4623247e-05,0.049859457,0.9365517,0.98641115,0.98641115,0.00073323294,0.027078275,0.0010761213
2016-03-22,1.6549715e-05,0.051950514,0.93320745,0.98515797,0.98515797,0.000789717,0.028101904,0.0011150572
2016-03-23,1.3005136e-05,0.07376133,0.9116206,0.98538196,0.98538196,0.00077261415,0.027795937,0.00088966347
2016-03-24,1.8141987e-05,0.08918363,0.8927569,0.9819405,0.9819405,0.0008212528,0.028657509,0.001004568
2016-03-28,1.9502484e-05,0.053798303,0.9295656,0.9833639,0.9833639,0.0007555336,0.02748697,0.0011723009
2016-03-29,1.3752907e-05,0.063743725,0.9221848,0.98592854,0.98592854,0.0007507659,0.027400108,0.0009773615
2016-03-30,1.379128e-05,0.10666668,0.87640166,0.98306835,0.98306835,0.0007616973,0.027598863,0.0008145265
2016-03-31,1.1684167e-05,0.08103324,0.90508,0.98611325,0.98611325,0.00092628197,0.03043488,0.0008413896
2016-04-01,1.1166191e-05,0.070235,0.9167126,0.9869476,0.9869476,0.0008777922,0.029627558,0.0008554892
2016-04-04,8.767593e-06,0.071036026,0.9169568,0.9879928,0.9879928,0.0008159729,0.02856524,0.000730196
2016-04-05,9.088564e-06,0.070966765,0.9168801,0.98784685,0.98784685,0.0007896669,0.028101012,0.0007478362
2016-04-06,9.83106e-06,0.06150737,0.9266232,0.98813057,0.98813057,0.00076766056,0.027706688,0.0008282672
2016-04-07,2.1671865e-05,0.043935314,0.9390982,0.9830335,0.9830335,0.00075105694,0.027405418,0.001277331
2016-04-08,1.3703998e-05,0.10554781,0.87782156,0.98336935,0.98336935,0.0008583803,0.029298129,0.0008240206
2016-04-11,9.253062e-06,0.07934862,0.9073166,0.98666525,0.98666525,0.0007872109,0.028057279,0.00069390587
2016-04-12,1.1828109e-05,0.1014545,0.8828772,0.98433167,0.98433167,0.00084906025,0.029138638,0.0007549054
2016-04-13,1.4917746e-05,0.12880437,0.8516788,0.9804832,0.9804832,0.0009874818,0.031424224,0.0007643531
2016-04-14,1.0605596e-05,0.08548221,0.9006698,0.986152,0.98615205,0.000889107,0.029817898,0.0007658572
2016-04-15,1.203564e-05,0.073103055,0.9131123,0.98621535,0.98621535,0.0009030686,0.0300511,0.0008731192
2016-04-18,1.3165941e-05,0.09550087,0.8884356,0.9839365,0.9839365,0.0009257891,0.030426783,0.0008196179
2016-04-19,1.3035342e-05,0.09184953,0.8926398,0.9844893,0.9844893,0.0008738248,0.029560529,0.0008404108
2016-04-20,1.8171486e-05,0.14607476,0.83092374,0.9769985,0.9769985,0.0012922791,0.035948284,0.00079001335
2016-04-21,1.2415664e-05,0.09803417,0.8862797,0.9843139,0.98431385,0.0011036193,0.033220768,0.00079150766
2016-04-22,9.186852e-06,0.06532721,0.92278606,0.9881133,0.9881133,0.0009905387,0.031472825,0.0007728672
2016-04-25,1.10179535e-05,0.07362141,0.9132482,0.9868696,0.9868696,0.0010006824,0.031633563,0.0008391162
2016-04-26,1.7589022e-05,0.049505048,0.9357492,0.9852542,0.9852542,0.0010226419,0.03197877,0.0011928179
2016-04-27,1.4597034e-05,0.058281917,0.9268006,0.9850825,0.9850825,0.0009855671,0.031393744,0.0009785179
2016-04-28,2.2978273e-05,0.054267086,0.9276878,0.98195493,0.98195493,0.00094726396,0.030777654,0.0012733825
2016-04-29,1.5076563e-05,0.09650693,0.88668853,0.9831955,0.9831955,0.0009928237,0.031509105,0.00089717325
2016-05-02,1.650402e-05,0.073748626,0.9104382,0.9841868,0.9841868,0.0011104689,0.033323698,0.0010436882
2016-05-03,1.5523821e-05,0.09905246,0.8833579,0.9824104,0.9824103,0.0013321575,0.036498733,0.0008825554
2016-05-04,1.5305044e-05,0.09382069,0.8891877,0.9830084,0.9830084,0.0012381875,0.03518789,0.00090074097
2016-05-05,1.5889342e-05,0.065155625,0.9198612,0.9850168,0.9850168,0.0011808395,0.034363344,0.0010604789
2016-05-06,1.4502011e-05,0.07158299,0.9135387,0.98512167,0.98512167,0.0011632028,0.03410576,0.0009747067
2016-05-09,1.289089e-05,0.08434698,0.9006182,0.9849652,0.9849652,0.0010877462,0.032980997,0.00085740373
2016-05-10,9.204968e-06,0.0656204,0.9223914,0.98801184,0.98801184,0.000992661,0.031506523,0.00076783804
2016-05-11,1.04343535e-05,0.09065508,0.8950129,0.985668,0.985668,0.0009777662,0.031269252,0.00072804606
2016-05-12,8.429164e-06,0.08116933,0.90607774,0.98724705,0.98724705,0.00089016015,0.029835552,0.000660958
2016-05-13,9.480469e-06,0.061822582,0.9264985,0.98832107,0.98832107,0.00082032476,0.028641311,0.0008117581
2016-05-16,9.557681e-06,0.06973993,0.917784,0.9875239,0.9875239,0.000816447,0.028573537,0.00076608
2016-05-17,1.765758e-05,0.038174015,0.94731265,0.9854867,0.9854867,0.0008315559,0.028836712,0.001216647
2016-05-18,1.2084506e-05,0.062202748,0.92410254,0.9863053,0.9863053,0.0008088656,0.028440563,0.0008824219
2016-05-19,1.6390828e-05,0.04903545,0.9357842,0.98481965,0.98481965,0.0007924951,0.028151289,0.0010797399
2016-05-20,1.1926549e-05,0.059518117,0.927126,0.9866441,0.9866441,0.0007757316,0.027851958,0.0008929791
2016-05-23,1.2334289e-05,0.05435171,0.93235505,0.98670673,0.98670673,0.0007388935,0.027182596,0.0009278599
2016-05-24,1.3138385e-05,0.047129422,0.9398438,0.98697317,0.98697317,0.00070180005,0.02649151,0.0010085632
2016-05-25,4.1313313e-05,0.026310785,0.9527758,0.9790866,0.9790866,0.0007371468,0.027150448,0.0019754448
2016-05-26,3.625647e-05,0.023247596,0.95760924,0.98085684,0.98085684,0.00074467616,0.027288755,0.0018939644
2016-05-27,1.2565709e-05,0.050756015,0.93591833,0.98667437,0.98667437,0.00075422553,0.027463166,0.00094297284
2016-05-31,1.8544182e-05,0.17581613,0.7964326,0.97224873,0.97224873,0.0012260018,0.03501431,0.0006682283
2016-06-01,1.4291486e-05,0.1322474,0.8483427,0.9805901,0.9805901,0.0015004233,0.038735297,0.00073629897
2016-06-02,1.0088072e-05,0.080973335,0.90580726,0.9867806,0.9867806,0.0014992738,0.03872046,0.00076312537
2016-06-03,9.188162e-06,0.06463176,0.92356557,0.9881973,0.9881973,0.0013766241,0.037102886,0.0007784814
2016-06-06,8.732694e-06,0.06598049,0.9223102,0.98829067,0.98829067,0.0012810649,0.035791967,0.00074578926
2016-06-07,9.553088e-06,0.061597537,0.9267433,0.98834085,0.98834085,0.0012426248,0.035250884,0.00081936433
2016-06-08,8.948464e-06,0.06349322,0.9249482,0.9884414,0.98844147,0.0011618782,0.034086335,0.00077418284
2016-06-09,8.80618e-06,0.06270001,0.9258835,0.9885835,0.9885835,0.0010839392,0.032923233,0.0007713558
2016-06-10,9.426761e-06,0.0807449,0.9063504,0.9870953,0.9870953,0.0012293854,0.035062592,0.0007304903
2016-06-13,8.763457e-06,0.062907696,0.9256735,0.9885812,0.9885812,0.0011678144,0.0341733,0.00076745736
2016-06-14,9.279156e-06,0.06163161,0.926814,0.98844564,0.98844564,0.0010980804,0.033137295,0.00080308696
2016-06-15,8.465059e-06,0.06350345,0.92518735,0.9886908,0.9886908,0.0010304895,0.032101236,0.0007485105
2016-06-16,8.596975e-06,0.06229093,0.926387,0.9886779,0.9886779,0.00096253416,0.031024735,0.0007593105
2016-06-17,7.2584926e-06,0.0663133,0.9227737,0.98908705,0.989087,0.0009022234,0.030037034,0.00066512625
2016-06-20,9.356118e-06,0.057283495,0.9310365,0.98832,0.98832,0.00085837895,0.029298104,0.00080103707
2016-06-21,7.4338045e-06,0.06798557,0.9208053,0.98879087,0.98879087,0.0009318501,0.03052622,0.0006631919
2016-06-22,8.031261e-06,0.064582564,0.92423445,0.98881704,0.98881704,0.00086964556,0.029489754,0.00071816926
2016-06-23,9.193765e-06,0.06199454,0.9264733,0.9884679,0.9884679,0.0008830683,0.029716466,0.00079723063
2016-06-24,8.8006e-06,0.062170215,0.9264249,0.9885951,0.9885951,0.0008313205,0.02883263,0.0007716527
2016-06-27,8.884387e-06,0.057898276,0.9305704,0.9884687,0.9884687,0.0007898335,0.028103976,0.00077045884
2016-06-28,9.267586e-06,0.05950138,0.92892385,0.9884252,0.98842525,0.00076771254,0.027707625,0.0008006689
2016-06-29,9.2422915e-06,0.08595504,0.90088356,0.9868386,0.9868386,0.0010274643,0.032054085,0.00070222595
2016-06-30,9.605893e-06,0.060487267,0.92780256,0.98828983,0.98828983,0.0009642215,0.031051915,0.0008203037
2016-07-01,7.3023443e-06,0.070428126,0.91822624,0.9886544,0.9886544,0.0009316261,0.030522551,0.00064362644
2016-07-05,9.4723e-06,0.060991835,0.9273805,0.9883723,0.9883723,0.000895371,0.029922752,0.00081463414
2016-07-06,9.626257e-06,0.12078102,0.8631803,0.9839613,0.9839613,0.0012050641,0.034714032,0.0006001888
2016-07-07,8.8794095e-06,0.06238782,0.92610395,0.9884918,0.9884918,0.001057805,0.032523915,0.00077157066
2016-07-08,7.682915e-06,0.06815973,0.92034256,0.98850226,0.98850226,0.0009890895,0.031449795,0.0006682111
2016-07-11,8.762202e-06,0.06176702,0.9268309,0.9885979,0.9885979,0.000923276,0.030385457,0.00076847465
2016-07-12,9.474755e-06,0.068112776,0.91957885,0.98769164,0.98769164,0.0009435501,0.030717261,0.0007697821
2016-07-13,7.6124343e-06,0.067504175,0.92121226,0.9887164,0.9887164,0.00088691834,0.029781174,0.0006746473
2016-07-14,7.2375506e-06,0.06667099,0.9221363,0.9888073,0.9888073,0.00082476705,0.028718758,0.0006466325
2016-07-15,8.225616e-06,0.061598256,0.9271544,0.98875266,0.98875266,0.0007685807,0.027723288,0.000731339
2016-07-18,8.931041e-06,0.05980945,0.92867804,0.9884875,0.9884875,0.0007279826,0.026981153,0.0007757678
2016-07-19,1.231381e-05,0.046564218,0.9406333,0.9871975,0.9871975,0.0006939054,0.026342085,0.0009618299
2016-07-20,1.1101219e-05,0.05036873,0.9372459,0.98761463,0.98761463,0.0006652943,0.0257933,0.0008963172
2016-07-21,1.4307532e-05,0.042062256,0.94442743,0.9864897,0.9864897,0.0006681437,0.025848476,0.0010590103
2016-07-22,8.380014e-06,0.06053163,0.9281343,0.98866594,0.98866594,0.0006523382,0.025540913,0.0007393655
2016-07-25,9.064033e-06,0.059709195,0.928659,0.9883682,0.9883682,0.0006731126,0.025944414,0.00077924685
2016-07-26,1.2885156e-05,0.0445532,0.94248015,0.98703337,0.98703337,0.0006409358,0.02531671,0.0009937164
2016-07-27,9.753528e-06,0.056053653,0.9321099,0.98816353,0.98816353,0.00062404684,0.024980929,0.0008240234
2016-07-28,7.630896e-06,0.06670694,0.9221699,0.9888769,0.9888769,0.00060346915,0.02456561,0.00068603916
2016-07-29,1.4426805e-05,0.10819618,0.8746941,0.9828903,0.9828903,0.0009170424,0.030282708,0.0008431949
2016-08-01,8.2244105e-06,0.06290795,0.92579913,0.98870707,0.98870707,0.00081672735,0.028578442,0.0007282793
2016-08-02,8.977839e-06,0.08198862,0.90521455,0.9872032,0.9872032,0.0008504064,0.029161729,0.000701568
2016-08-03,8.377535e-06,0.073364004,0.91462785,0.98799187,0.98799187,0.00079394784,0.02817708,0.0006976552
2016-08-04,7.742672e-06,0.073736876,0.9144865,0.9882234,0.98822343,0.00084192527,0.029015949,0.000657461
2016-08-05,7.556079e-06,0.06781242,0.9209206,0.98873305,0.98873305,0.0007778507,0.027889974,0.0006706412
2016-08-08,7.5756925e-06,0.0679462,0.9207691,0.9887153,0.9887153,0.00075646007,0.027503818,0.0006713237
2016-08-09,8.774734e-06,0.061167873,0.9273691,0.988537,0.988537,0.000708998,0.026627017,0.0007654841
2016-08-10,8.707278e-06,0.08404182,0.9031306,0.9871724,0.9871724,0.0008155686,0.028558161,0.0006787937
2016-08-11,1.2110233e-05,0.06117745,0.9251738,0.98635125,0.98635125,0.00078114506,0.027948972,0.0008872779
2016-08-12,8.521167e-06,0.059611052,0.92814386,0.9877549,0.98775494,0.0007356456,0.027122788,0.0006958828
2016-08-15,1.1721461e-05,0.048669964,0.93864167,0.98731166,0.9873116,0.0007027125,0.026508724,0.00092379795
2016-08-16,1.3765833e-05,0.0422478,0.9442717,0.98651946,0.98651946,0.00067146606,0.025912663,0.001021163
2016-08-17,9.745502e-06,0.055986546,0.93214875,0.9881353,0.9881353,0.0006525385,0.025544833,0.00082138483
2016-08-18,1.3219006e-05,0.043975383,0.94278646,0.98676187,0.9867618,0.0006180611,0.024860835,0.0009985552
2016-08-19,1.1181195e-05,0.0505161,0.9370229,0.987539,0.98753905,0.0006152915,0.024805069,0.00089729467
2016-08-22,1.2734578e-05,0.046394136,0.9405871,0.9869812,0.9869812,0.000646226,0.025420975,0.0009781694
2016-08-23,1.0077809e-05,0.09667362,0.88901097,0.9856846,0.9856846,0.0006817364,0.026110083,0.0007039824
2016-08-24,1.0328022e-05,0.056308225,0.9315673,0.9878755,0.9878755,0.00070522877,0.026556144,0.0008518322
2016-08-25,8.683646e-06,0.06965433,0.91836864,0.988023,0.988023,0.0006765259,0.026010111,0.0007250258
2016-08-26,1.5337855e-05,0.043059118,0.94331485,0.98637396,0.98637396,0.0006523783,0.025541697,0.0011256282
2016-08-29,1.878148e-05,0.036656316,0.94866115,0.98531747,0.98531747,0.00063418667,0.025183063,0.0012791718
2016-08-30,9.789413e-06,0.058325235,0.92973834,0.9880636,0.9880636,0.0006217663,0.024935242,0.0008201293
2016-08-31,1.0787025e-05,0.05351569,0.9342163,0.987732,0.987732,0.00059254037,0.024342151,0.00087928097
2016-09-01,7.811949e-06,0.068629615,0.9199688,0.9885984,0.9885984,0.000588418,0.024257328,0.0006851629
2016-09-02,1.5060069e-05,0.050750848,0.93481565,0.9855665,0.9855665,0.0006250293,0.025000587,0.0010434105
2016-09-06,1.161351e-05,0.046827707,0.9405108,0.98733854,0.98733854,0.0005993494,0.024481613,0.0009172333
2016-09-07,8.931243e-06,0.061477557,0.9268309,0.9883084,0.9883084,0.0006095058,0.024688171,0.00076390454
2016-09-08,1.2561921e-05,0.0461762,0.94079155,0.98696774,0.98696774,0.00058767083,0.024241922,0.0009639098
2016-09-09,8.013847e-06,0.08489321,0.90235406,0.9872473,0.9872473,0.0006702502,0.025889192,0.0006284034
2016-09-12,8.1726375e-06,0.071033165,0.917111,0.98814416,0.98814416,0.0006135842,0.024770632,0.0006893343
2016-09-13,8.010376e-06,0.074450985,0.9136163,0.98806727,0.98806727,0.0006934021,0.02633253,0.0006712945
2016-09-14,7.869441e-06,0.074230604,0.9139365,0.9881671,0.9881671,0.00064176985,0.025333177,0.00066504796
2016-09-15,7.783697e-06,0.068682365,0.9198795,0.98856187,0.98856187,0.0005977315,0.024448548,0.00068050425
2016-09-16,7.5943703e-06,0.06678312,0.92191255,0.9886957,0.9886957,0.0005697258,0.02386893,0.0006718114
2016-09-19,8.320775e-06,0.0650869,0.9234044,0.9884913,0.9884913,0.00053644436,0.023161268,0.0007229985
2016-09-20,1.6550364e-05,0.039122775,0.9467187,0.98584145,0.98584145,0.00050502585,0.02247278,0.001168931
2016-09-21,9.390951e-06,0.06907271,0.91868633,0.98775905,0.98775905,0.00055115164,0.02347662,0.0007671753
2016-09-22,9.788154e-06,0.055516083,0.93262017,0.98813623,0.98813623,0.0005165641,0.022728046,0.000825046
2016-09-23,1.8704555e-05,0.036427148,0.9486993,0.98512644,0.98512644,0.0005183053,0.022766318,0.0012575705
2016-09-26,9.913259e-06,0.06371874,0.9238708,0.98758954,0.98758954,0.00051529566,0.022700125,0.00079878245
2016-09-27,4.5042565e-05,0.018680247,0.9601129,0.9787932,0.9787932,0.0004990447,0.022339309,0.0021239684
2016-09-28,1.2251163e-05,0.05329419,0.93352157,0.98681575,0.98681575,0.00052418216,0.022895025,0.00092922716
2016-09-29,2.5009398e-05,0.026058005,0.9565864,0.98264444,0.98264444,0.00051292987,0.022647955,0.001441002
2016-09-30,3.7755035e-05,0.02150905,0.9589769,0.980486,0.980486,0.0005158439,0.022712197,0.0019347642
2016-10-03,3.459443e-05,0.02348735,0.95724887,0.9807362,0.9807362,0.0005393044,0.023222929,0.0017958255
2016-10-04,7.1515286e-05,0.013890783,0.9603585,0.9742493,0.9742493,0.00055169954,0.023488285,0.0027772174
2016-10-05,2.9838597e-05,0.031147728,0.950016,0.98116374,0.98116374,0.0006041201,0.024578854,0.0015841041
2016-10-06,5.5344863e-05,0.01768837,0.959254,0.9769424,0.9769424,0.0006245803,0.024991605,0.0024002893
2016-10-07,3.2085794e-05,0.024280142,0.95722306,0.9815032,0.9815032,0.000654618,0.025585504,0.0017346663
2016-10-11,2.164032e-05,0.06495457,0.9168091,0.98176366,0.98176366,0.00071087026,0.02666215,0.0011866592
2016-10-12,3.3697634e-05,0.024922205,0.95638317,0.98130536,0.98130536,0.0006859082,0.026189849,0.0018025292
2016-10-13,1.9589988e-05,0.041396145,0.94302505,0.9844212,0.9844212,0.0006913522,0.026293578,0.0012574769
2016-10-14,2.1745243e-05,0.048035707,0.9351716,0.9832073,0.9832073,0.0007384678,0.027174763,0.0012949213
2016-10-17,1.9496027e-05,0.03905663,0.9458097,0.9848664,0.9848664,0.00072573195,0.026939413,0.0012882594
2016-10-18,1.9352427e-05,0.039435446,0.94538236,0.9848178,0.9848178,0.0007118608,0.02668072,0.001274679
2016-10-19,2.3240931e-05,0.03537016,0.94830084,0.983671,0.983671,0.00069377455,0.0263396,0.0014232926
2016-10-20,3.0220797e-05,0.027764235,0.95434356,0.9821078,0.9821078,0.000710301,0.026651472,0.0016890505
2016-10-21,2.5684454e-05,0.045877058,0.935538,0.98141503,0.98141503,0.00071033306,0.026652073,0.0013820017
2016-10-24,7.267433e-05,0.028053613,0.9421448,0.97019845,0.97019845,0.0007961886,0.028216815,0.0024386093
2016-10-25,0.0003429016,0.01734801,0.9156943,0.9330423,0.9330423,0.0009090252,0.030150045,0.0051211664
2016-10-26,0.00041921737,0.01577876,0.9106157,0.92639446,0.92639446,0.0011823231,0.034384925,0.0056954594
2016-10-27,0.0006810265,0.009428424,0.9012423,0.91067076,0.91067076,0.0014996094,0.03872479,0.00762378
2016-10-28,0.00020968533,0.019544596,0.929019,0.9485636,0.9485636,0.0020339452,0.04509928,0.004076592
2016-10-31,4.744141e-05,0.20899929,0.72984904,0.9388483,0.9388483,0.0023647093,0.048628278,0.00077579886
2016-11-01,2.3785828e-05,0.10514471,0.8724474,0.97759205,0.9775921,0.0019099291,0.043702736,0.0010614906
2016-11-02,1.9214493e-05,0.15802845,0.8157402,0.97376865,0.9737687,0.0018723679,0.043270867,0.00073250115
2016-11-03,1.9039517e-05,0.12438063,0.8535918,0.97797245,0.97797245,0.0017800387,0.042190503,0.0008643501
2016-11-04,2.6095922e-05,0.12522109,0.8489326,0.9741537,0.9741537,0.0015465581,0.039326303,0.0010096579
2016-11-07,4.6381592e-05,0.040899906,0.9348319,0.97573185,0.97573185,0.0013390529,0.036593072,0.0019112125
2016-11-08,2.2672357e-05,0.058940317,0.92288846,0.98182875,0.98182875,0.0013110712,0.03620872,0.0012477048
2016-11-09,5.4511955e-05,0.08617846,0.87975866,0.96593714,0.96593714,0.0014971297,0.03869276,0.001600334
2016-11-10,5.0747796e-05,0.05197756,0.92135304,0.9733306,0.9733306,0.0014119194,0.037575517,0.0019028485
2016-11-14,5.610028e-05,0.062202256,0.90765125,0.9698535,0.9698535,0.0013758548,0.037092518,0.0018609231
2016-11-15,0.00011452651,0.053830154,0.90338945,0.9572196,0.9572196,0.0014236796,0.03773168,0.002677079
2016-11-16,3.9651408e-05,0.06346481,0.90846205,0.97192687,0.97192687,0.001411906,0.037575338,0.0014124326
2016-11-17,6.0806986e-05,0.0336391,0.94012547,0.97376454,0.97376454,0.0013484813,0.036721673,0.0023177403
2016-11-18,5.0278562e-05,0.05223912,0.9202474,0.9724865,0.9724865,0.001344994,0.03667416,0.001827414
2016-11-21,4.624778e-05,0.052137326,0.9229734,0.9751107,0.9751107,0.0014223047,0.037713453,0.0018581398
2016-11-22,1.5575995e-05,0.11796115,0.8624991,0.9804603,0.9804603,0.0014309585,0.037828013,0.00079714553
2016-11-23,2.0612077e-05,0.041873116,0.9427098,0.9845829,0.9845829,0.001264037,0.0355533,0.0013369621
2016-11-25,3.1141586e-05,0.029663812,0.9527187,0.9823825,0.9823825,0.0012214703,0.03494954,0.0017676483
2016-11-28,3.251517e-05,0.030876014,0.9509438,0.98181987,0.98181987,0.0012061575,0.03472978,0.0017885002
2016-11-29,1.2282761e-05,0.07496658,0.91078687,0.9857534,0.9857534,0.0012470006,0.035312895,0.00086215494
2016-11-30,1.3635886e-05,0.057994813,0.92833734,0.9863321,0.9863322,0.0011970209,0.03459799,0.000997659
2016-12-01,1.4097937e-05,0.048857808,0.9365707,0.9854285,0.9854285,0.0011322878,0.033649486,0.00096750155
2016-12-02,2.184075e-05,0.06445088,0.9174803,0.98193115,0.98193115,0.0011727976,0.03424613,0.0012087515
2016-12-05,2.876419e-05,0.031081388,0.951894,0.98297536,0.98297536,0.0011228125,0.033508394,0.0016895627
2016-12-06,2.4999796e-05,0.059228886,0.9226214,0.9818503,0.9818503,0.0012159646,0.034870684,0.001377424
2016-12-07,1.7567194e-05,0.04798551,0.93759215,0.98557764,0.98557764,0.0011483597,0.033887457,0.0012180529
2016-12-08,1.8874816e-05,0.04594442,0.93929297,0.98523736,0.98523736,0.0010978392,0.033133656,0.0012785529
2016-12-09,2.1005357e-05,0.038991474,0.94587123,0.9848627,0.9848627,0.001079755,0.032859627,0.0013876541
2016-12-12,1.5940323e-05,0.046818286,0.9394864,0.98630464,0.98630464,0.0010498634,0.032401595,0.0011639214
2016-12-13,1.4925183e-05,0.07866813,0.90528864,0.98395675,0.98395675,0.0012044965,0.034705855,0.0009303094
2016-12-14,1.8624001e-05,0.057974428,0.92604494,0.9840194,0.9840194,0.0011120707,0.033347726,0.0011654131
2016-12-15,1.7118211e-05,0.07657152,0.90689605,0.9834676,0.9834676,0.0010694378,0.03270226,0.0010354328
2016-12-16,1.986899e-05,0.05957529,0.9235792,0.9831545,0.98315454,0.0010568,0.03250846,0.0011794819
2016-12-19,2.7800357e-05,0.04776714,0.93298256,0.9807497,0.9807497,0.0009976077,0.03158493,0.0014441538
2016-12-20,2.8083732e-05,0.032114174,0.9505113,0.9826254,0.9826254,0.0009606014,0.03099357,0.0016163695
2016-12-21,3.488805e-05,0.062994055,0.9129761,0.97597015,0.97597015,0.0009889123,0.031446975,0.0014518629
2016-12-22,3.246667e-05,0.1303724,0.8410653,0.9714377,0.9714377,0.0013639058,0.036931098,0.0011366963
2016-12-23,2.467953e-05,0.06362029,0.9170845,0.9807048,0.9807048,0.0011797119,0.034346934,0.0012790492
2016-12-27,2.2351584e-05,0.08568937,0.89435047,0.98003983,0.98003983,0.001182976,0.034394417,0.0011198096
2016-12-28,1.6588276e-05,0.0999227,0.881957,0.9818797,0.9818797,0.0011422669,0.03379744,0.0009154532
2016-12-29,2.4871599e-05,0.070270084,0.9106302,0.9809003,0.9809003,0.0012188838,0.034912515,0.0013021976
2016-12-30,1.8511968e-05,0.067542195,0.9158987,0.9834409,0.9834409,0.0012109135,0.034798183,0.0011179316
2017-01-03,2.1749807e-05,0.047421936,0.9363859,0.98380786,0.98380786,0.0011560341,0.0340005,0.0013432326
2017-01-04,3.1334766e-05,0.20821454,0.7426993,0.95091385,0.95091385,0.0017046556,0.041287474,0.00063836266
2017-01-05,1.935318e-05,0.16199613,0.8111236,0.97311974,0.97311974,0.001364789,0.036943052,0.0007199773
2017-01-06,2.09333e-05,0.1337852,0.84203005,0.97581524,0.97581524,0.0011270405,0.033571422,0.00086555735
2017-01-09,3.6719215e-05,0.11242676,0.856895,0.9693218,0.9693218,0.00097193447,0.031175863,0.001196915
2017-01-10,3.1246196e-05,0.15278727,0.81418526,0.96697253,0.96697253,0.0012321695,0.03510227,0.0009460669
2017-01-11,3.890668e-05,0.16774161,0.79323876,0.96098036,0.96098036,0.0014978221,0.038701706,0.0009971049
2017-01-12,1.8952458e-05,0.14943561,0.8252286,0.9746642,0.9746642,0.0012721787,0.035667613,0.00074805086
2017-01-13,2.3156656e-05,0.17462526,0.794251,0.9688763,0.9688763,0.0014309982,0.03782854,0.00074402004
2017-01-17,1.8045062e-05,0.12965581,0.84851325,0.9781691,0.9781691,0.0011768602,0.034305397,0.0008265829
2017-01-18,1.7593402e-05,0.09575756,0.8856442,0.98140174,0.98140174,0.0010170671,0.03189149,0.0009459704
2017-01-19,1.895377e-05,0.07171955,0.9109414,0.98266095,0.98266095,0.001019897,0.031935826,0.0010931261
2017-01-20,1.8136183e-05,0.070872545,0.91229916,0.9831717,0.9831717,0.0009766988,0.03125218,0.0010777194
2017-01-23,1.8165949e-05,0.11557799,0.86351246,0.97909045,0.97909045,0.0010843312,0.032929186,0.0008687873
2017-01-24,1.4625449e-05,0.078216724,0.9060306,0.9842473,0.9842473,0.000971999,0.031176899,0.00092844234
2017-01-25,1.6132735e-05,0.116295524,0.8644094,0.9807049,0.9807049,0.000905178,0.030086176,0.00083610544
2017-01-26,2.3613657e-05,0.03877364,0.94482476,0.9835984,0.9835984,0.00082924956,0.028796693,0.0014397176
2017-01-27,1.9973399e-05,0.07244304,0.9091164,0.9815594,0.9815594,0.00081595057,0.028564848,0.0010831206
2017-01-30,1.9212e-05,0.04625714,0.9383078,0.98456496,0.98456496,0.00076236145,0.027610894,0.0012447004
2017-01-31,4.1287665e-05,0.05044071,0.92561734,0.97605807,0.97605807,0.00084031,0.0289881,0.0017244916
2017-02-01,2.5035146e-05,0.11645886,0.8584783,0.9749372,0.9749372,0.0008845519,0.029741418,0.0009988967
2017-02-02,2.6786207e-05,0.122449756,0.85038507,0.9728348,0.9728348,0.0008158622,0.028563302,0.0009860495
2017-02-03,1.6321568e-05,0.064252034,0.92027134,0.98452336,0.98452336,0.0007252684,0.026930807,0.0010545935
2017-02-06,3.2487693e-05,0.078838974,0.89629734,0.9751363,0.9751363,0.000783909,0.027998375,0.0013066304
2017-02-07,2.4867382e-05,0.04508606,0.9373215,0.98240757,0.98240757,0.0007363946,0.027136592,0.0014135274
2017-02-08,1.4231724e-05,0.105214626,0.8776432,0.9828579,0.9828578,0.0007458131,0.027309578,0.00083021977
2017-02-09,9.45982e-06,0.09164919,0.8943313,0.98598045,0.98598045,0.00066891056,0.025863305,0.0006747592
2017-02-10,1.2540325e-05,0.06486865,0.9214014,0.98627,0.98627,0.00060997234,0.024697619,0.0009133528
2017-02-13,1.8202787e-05,0.06636459,0.9165581,0.9829227,0.9829227,0.0006515709,0.025525887,0.0010659038
2017-02-14,1.6192784e-05,0.07922704,0.9042526,0.9834796,0.9834796,0.00067476224,0.025976187,0.0009801701
2017-02-15,3.4714092e-05,0.04900402,0.9285676,0.9775716,0.9775716,0.0006400064,0.025298348,0.0015477744
2017-02-16,2.3875997e-05,0.051173385,0.9307738,0.9819472,0.9819472,0.00063145073,0.025128683,0.0013225635
2017-02-17,6.1497645e-05,0.027988262,0.9461707,0.97415894,0.97415894,0.0006419977,0.025337674,0.0023798426
2017-02-21,4.0803196e-05,0.031470746,0.9470351,0.9785058,0.97850585,0.0006702413,0.025889019,0.0018983342
2017-02-22,6.684171e-05,0.113828674,0.8415469,0.95537555,0.95537555,0.0009897157,0.03145975,0.001497872
2017-02-23,6.776099e-05,0.09949706,0.8594564,0.9589535,0.9589535,0.0009136762,0.030227078,0.0016508348
2017-02-24,8.1722224e-05,0.07028563,0.8888942,0.9591798,0.9591798,0.00086259114,0.029369902,0.0020020055
2017-02-27,2.8641174e-05,0.1214472,0.8517468,0.973194,0.973194,0.0008496103,0.029148076,0.0010684615
2017-02-28,2.5583051e-05,0.14372648,0.8287722,0.97249866,0.97249866,0.0008283159,0.028780477,0.00093024725
2017-03-01,1.9705325e-05,0.09312124,0.88797563,0.98109686,0.98109686,0.00084005017,0.028983619,0.0010424368
2017-03-02,1.138403e-05,0.16390124,0.8137065,0.9776078,0.9776077,0.0007734935,0.02781175,0.00050839235
2017-03-03,1.2237269e-05,0.092675775,0.8922775,0.9849532,0.9849533,0.00064143026,0.025326474,0.00081328186
2017-03-06,1.1939188e-05,0.084368415,0.9010698,0.9854382,0.9854382,0.00059107156,0.024311963,0.0008198994
2017-03-07,1.3943352e-05,0.118797064,0.8630896,0.9818867,0.9818867,0.0006017687,0.024530975,0.0007697847
2017-03-08,1.1662862e-05,0.08125074,0.9046395,0.9858902,0.9858902,0.00061798247,0.024859253,0.0008265794
2017-03-09,1.3040993e-05,0.11906279,0.86331946,0.98238224,0.98238224,0.00063041755,0.025108118,0.00074021844
2017-03-10,9.869384e-06,0.08006001,0.90689725,0.98695725,0.98695725,0.0006320548,0.0251407,0.0007566951
2017-03-13,9.065848e-06,0.07527785,0.91230905,0.9875869,0.9875869,0.000593802,0.024368053,0.0007303461
2017-03-14,8.951007e-06,0.06929251,0.9187131,0.9880056,0.9880056,0.00056123326,0.023690362,0.0007462641
2017-03-15,1.0113626e-05,0.09044926,0.8955696,0.9860189,0.9860189,0.00060900475,0.024678022,0.0007233782
2017-03-16,8.939696e-06,0.0708663,0.9169749,0.9878412,0.9878412,0.00057516014,0.023982497,0.00073524425
2017-03-17,8.868637e-06,0.08035742,0.906883,0.98724043,0.98724043,0.0005866879,0.02422164,0.0006950579
2017-03-20,9.025355e-06,0.07605585,0.9114122,0.987468,0.987468,0.0005613251,0.0236923,0.000720185
2017-03-21,1.1681964e-05,0.10256768,0.8818458,0.98441344,0.98441344,0.0005949706,0.02439202,0.00074948976
2017-03-22,8.8948045e-06,0.07836984,0.90905637,0.9874262,0.9874262,0.00056656095,0.023802541,0.00070740905
2017-03-23,8.500967e-06,0.06614562,0.92224383,0.98838943,0.98838943,0.00057964586,0.024075836,0.00073217496
2017-03-24,8.171393e-06,0.069293134,0.9190641,0.98835725,0.98835725,0.00055495865,0.02355756,0.0007018437
2017-03-27,8.004971e-06,0.06791452,0.9205686,0.98848313,0.98848313,0.0005230645,0.022870604,0.0006950649
2017-03-28,8.197086e-06,0.06695076,0.92155236,0.9885031,0.9885031,0.00049347227,0.022214236,0.00071298215
2017-03-29,8.5331785e-06,0.07034043,0.91774195,0.9880824,0.9880824,0.00047707258,0.021841992,0.0007160154
2017-03-30,7.857048e-06,0.07264837,0.91556704,0.9882154,0.9882154,0.0004917532,0.02217551,0.00066672097
2017-03-31,8.654833e-06,0.06452228,0.92391783,0.9884401,0.9884401,0.00046007932,0.02144946,0.00074869423
2017-04-03,8.440098e-06,0.06403388,0.92453456,0.9885684,0.9885684,0.00043373104,0.020826211,0.0007383146
2017-04-04,8.429952e-06,0.06476412,0.9237833,0.98854744,0.98854744,0.0004335916,0.020822862,0.00073607604
2017-04-05,1.0007869e-05,0.10808658,0.87673974,0.9848263,0.9848263,0.00058148784,0.02411406,0.0006595548
2017-04-06,8.5306565e-06,0.065681286,0.9227593,0.9884406,0.9884406,0.0005267856,0.022951812,0.0007379827
2017-04-07,8.216542e-06,0.06749314,0.9209394,0.9884325,0.9884325,0.00052067044,0.022818204,0.00071031426
2017-04-10,8.444468e-06,0.07030079,0.91784525,0.98814607,0.98814607,0.00051757967,0.022750378,0.0007123769
2017-04-11,8.529482e-06,0.06577248,0.92261714,0.9883896,0.9883896,0.00048682242,0.022064053,0.00073464226
2017-04-12,9.0470685e-06,0.07578656,0.9117044,0.987491,0.987491,0.0005068698,0.02251377,0.00072324544
2017-04-13,8.130723e-06,0.07022057,0.9180806,0.9883012,0.9883012,0.00048186508,0.021951426,0.0006950059
2017-04-17,8.108834e-06,0.066155955,0.92244196,0.9885979,0.9885979,0.00046180998,0.021489764,0.00071117206
2017-04-18,7.873536e-06,0.067006126,0.9216439,0.98865,0.98865,0.00046010542,0.021450069,0.00069370505
2017-04-19,7.921484e-06,0.06748031,0.92110306,0.9885834,0.9885834,0.00043395464,0.020831577,0.0006938558
2017-04-20,7.368464e-06,0.08041835,0.9076612,0.98807955,0.98807955,0.0004187713,0.020463903,0.0006181363
2017-04-21,8.456117e-06,0.061316416,0.9273443,0.98866075,0.98866075,0.00039260578,0.019814283,0.00074573886
2017-04-24,7.744867e-06,0.065690964,0.9231473,0.9888383,0.9888383,0.0003931268,0.019827425,0.00069387973
2017-04-25,1.1304307e-05,0.050392766,0.93713015,0.9875229,0.9875229,0.00037881813,0.01946325,0.0009060044
2017-04-26,1.0590507e-05,0.05272345,0.9350591,0.98778254,0.98778254,0.0003690092,0.019209612,0.00086683367
2017-04-27,7.582208e-06,0.07271975,0.9156861,0.9884058,0.9884058,0.0004103754,0.020257724,0.00065396697
2017-04-28,7.263284e-06,0.07497814,0.913473,0.9884511,0.9884511,0.00045149884,0.021248503,0.0006289169
2017-05-01,7.765942e-06,0.06565527,0.9231921,0.9888474,0.9888474,0.00042972277,0.020729756,0.0006963331
2017-05-02,7.3754763e-06,0.0685689,0.92020744,0.9887763,0.9887763,0.00042717182,0.020668136,0.0006571357
2017-05-03,7.0125125e-06,0.07381904,0.9148159,0.98863494,0.98863494,0.0004029589,0.020073837,0.000617024
2017-05-04,7.3296424e-06,0.06667307,0.92232335,0.98899645,0.9889964,0.0003837559,0.019589689,0.0006661159
2017-05-05,6.5694217e-06,0.08287702,0.9054945,0.98837155,0.98837155,0.0003723553,0.01929651,0.00056494394
2017-05-08,7.008986e-06,0.0680991,0.92094266,0.98904175,0.98904175,0.00039555726,0.01988862,0.0006396079
2017-05-09,7.161321e-06,0.069549374,0.91927046,0.98881984,0.98881984,0.00042855676,0.020701613,0.0006405382
2017-05-10,6.6535313e-06,0.07462081,0.9141233,0.98874414,0.98874414,0.0004221696,0.020546766,0.0005911171
2017-05-11,6.3931957e-06,0.07326745,0.91567355,0.988941,0.988941,0.00042286157,0.020563599,0.0005780996
2017-05-12,6.9964008e-06,0.0718672,0.91685903,0.98872626,0.98872626,0.00044087408,0.020997,0.0006205926
2017-05-15,7.095294e-06,0.06970415,0.9191254,0.98882955,0.98882955,0.00042596116,0.020638827,0.00063518446
2017-05-16,7.4453037e-06,0.06698238,0.9219178,0.9889002,0.9889002,0.00043216508,0.02078858,0.00067075924
2017-05-17,7.3080114e-06,0.0789309,0.90921724,0.98814815,0.98814815,0.00049254793,0.02219342,0.0006166137
2017-05-18,7.782383e-06,0.06621696,0.92256635,0.9887833,0.9887833,0.0004658142,0.021582728,0.0006938211
2017-05-19,7.6170472e-06,0.06632248,0.9225481,0.9888706,0.9888706,0.00043809603,0.020930743,0.000684409
2017-05-22,6.723077e-06,0.073002934,0.91580355,0.9888065,0.9888065,0.00044746554,0.021153381,0.00060062256
2017-05-23,7.144271e-06,0.06969465,0.9191198,0.9888144,0.9888144,0.00045406126,0.021308713,0.0006387033
2017-05-24,7.598977e-06,0.06769235,0.92103916,0.9887315,0.9887315,0.00050361117,0.022441283,0.0006743559
2017-05-25,8.343054e-06,0.06197841,0.9267175,0.9886959,0.9886959,0.000472016,0.021725928,0.00073805684
2017-05-26,7.180206e-06,0.0763458,0.912054,0.9883998,0.9883998,0.00044936265,0.021198176,0.0006189728
2017-05-30,7.3449123e-06,0.066062555,0.92297757,0.98904014,0.98904014,0.00043757164,0.020918213,0.0006701646
2017-05-31,6.770984e-06,0.07469522,0.91395867,0.9886539,0.9886539,0.0004641903,0.021545077,0.0005967674
2017-06-01,6.8298173e-06,0.07392647,0.9148183,0.98874474,0.98874474,0.0004726401,0.021740288,0.0006068109
2017-06-02,7.689521e-06,0.06541502,0.9234757,0.9888907,0.9888907,0.00047034354,0.021687405,0.00069217023
2017-06-05,7.4124673e-06,0.06832141,0.9204703,0.9887917,0.9887917,0.0004425497,0.021036865,0.0006613376
2017-06-06,8.7351245e-06,0.05876513,0.92970145,0.98846656,0.98846656,0.00041681703,0.020416098,0.0007573738
2017-06-07,7.407479e-06,0.06618558,0.9227295,0.9889151,0.9889151,0.00042005602,0.020495268,0.0006682487
2017-06-08,6.8927397e-06,0.08491469,0.9032082,0.9881229,0.9881229,0.00039829736,0.019957388,0.00058033766
2017-06-09,7.3619453e-06,0.064875565,0.9241829,0.98905843,0.98905843,0.00036732867,0.01916582,0.0006728421
2017-06-12,7.19719e-06,0.06536713,0.9237366,0.9891037,0.9891037,0.00034779354,0.018649224,0.00066051533
2017-06-13,7.5208e-06,0.0642443,0.9247143,0.98895866,0.9889586,0.00032993674,0.018164162,0.000681149
2017-06-14,8.821803e-06,0.057276696,0.9310286,0.9883053,0.98830533,0.0003362028,0.018335834,0.0007543401
2017-06-15,7.857163e-06,0.071055435,0.9172524,0.98830783,0.98830783,0.00032874456,0.018131314,0.0006720023
2017-06-16,6.98712e-06,0.07099467,0.9178828,0.9888775,0.9888775,0.0004305216,0.020749014,0.00062819547
2017-06-19,6.984204e-06,0.066707,0.9224794,0.9891864,0.9891864,0.0004047375,0.02011809,0.0006458726
2017-06-20,6.787704e-06,0.07747269,0.91107523,0.9885479,0.9885479,0.00053419604,0.02311268,0.000592705
2017-06-21,7.214297e-06,0.08213034,0.90597916,0.9881095,0.98810947,0.00049518317,0.02225271,0.0006067293
2017-06-22,6.5059685e-06,0.07449596,0.9144077,0.98890364,0.98890364,0.00045759417,0.021391451,0.00058631564
2017-06-23,6.8931035e-06,0.067640655,0.9214681,0.98910874,0.98910874,0.00042495626,0.020614468,0.0006329024
2017-06-26,6.9954376e-06,0.06840975,0.92061365,0.9890234,0.9890234,0.00040858967,0.0202136,0.00063730386
2017-06-27,7.282014e-06,0.06804057,0.9208279,0.9888685,0.9888685,0.00045817613,0.021405049,0.00065417937
2017-06-28,7.5126723e-06,0.06450888,0.9244802,0.98898906,0.98898906,0.00043001887,0.020736897,0.00068229134
2017-06-29,6.9152243e-06,0.06925041,0.9197452,0.9889956,0.9889956,0.0004115537,0.020286785,0.00062840607
2017-06-30,6.8862746e-06,0.06815935,0.92097723,0.9891366,0.9891366,0.0003898481,0.019744571,0.00063389546
2017-07-03,6.8788145e-06,0.066555254,0.92268384,0.9892391,0.9892391,0.00036622744,0.01913707,0.00063924136
2017-07-05,9.830518e-06,0.05311583,0.93484014,0.987956,0.987956,0.00039645474,0.019911172,0.0008162162
2017-07-06,9.0315525e-06,0.104142286,0.88153124,0.98567355,0.98567355,0.0004576936,0.021393774,0.0006304109
2017-07-07,7.2997277e-06,0.06527638,0.9237428,0.98901916,0.98901916,0.00044248044,0.021035219,0.00066476926
2017-07-10,7.3583774e-06,0.07641757,0.9119398,0.98835737,0.98835737,0.00042036184,0.020502727,0.00063201995
2017-07-11,7.2795283e-06,0.068206206,0.9206402,0.98884636,0.98884636,0.00042989932,0.020734014,0.0006526595
2017-07-12,7.2560388e-06,0.079099864,0.90907574,0.98817563,0.98817563,0.00051057467,0.0225959,0.00061365124
2017-07-13,7.060213e-06,0.069459096,0.9194197,0.9888788,0.9888788,0.0005041697,0.022453723,0.00063484197
2017-07-14,7.328402e-06,0.06720483,0.92172945,0.9889343,0.9889343,0.00047490213,0.02179225,0.00066226156
2017-07-17,7.1095023e-06,0.0685435,0.9203994,0.9889429,0.9889429,0.00044798915,0.021165755,0.00064298196
2017-07-18,7.136641e-06,0.07387193,0.91469765,0.98856956,0.98856956,0.0004320038,0.020784702,0.0006243539
2017-07-19,7.1189706e-06,0.069356166,0.9195002,0.9888563,0.9888563,0.000439597,0.020966569,0.00063883455
2017-07-20,7.882554e-06,0.062574096,0.9262543,0.98882836,0.98882836,0.00041467263,0.020363512,0.00070558616
2017-07-21,7.1244076e-06,0.06842731,0.9205173,0.98894465,0.98894465,0.00039533127,0.01988294,0.00064443075
2017-07-24,7.1825452e-06,0.06883888,0.92002994,0.98886883,0.98886883,0.00041069742,0.02026567,0.00064526434
2017-07-25,9.432788e-06,0.05525374,0.93290037,0.9881541,0.9881541,0.00042465498,0.020607159,0.00079629227
2017-07-26,1.5711112e-05,0.036874555,0.94881123,0.98568577,0.98568577,0.00041905636,0.020470867,0.0010975866
2017-07-27,2.2339513e-05,0.02982834,0.9540788,0.9839071,0.9839071,0.00041492793,0.02036978,0.0013881598
2017-07-28,7.880208e-06,0.06551276,0.92290676,0.98841953,0.98841953,0.00042536005,0.02062426,0.0006804741
2017-07-31,2.3277584e-05,0.02847584,0.9549818,0.9834576,0.9834576,0.00040607702,0.020151353,0.0014071488
2017-08-01,1.1683349e-05,0.0619713,0.92383534,0.98580664,0.98580664,0.00048534112,0.02203046,0.0008231562
2017-08-02,1.9383397e-05,0.079147786,0.901381,0.9805288,0.98052883,0.00046520628,0.021568641,0.0009954892
2017-08-03,2.4503877e-05,0.027792914,0.95514995,0.9829429,0.9829429,0.0004392614,0.020958563,0.0014365775
2017-08-04,9.483835e-06,0.060742874,0.92672974,0.9874726,0.9874726,0.00044444794,0.021081934,0.000757047
2017-08-07,1.781263e-05,0.03401266,0.9509856,0.9849983,0.9849983,0.0004264226,0.020650003,0.001187373
2017-08-08,9.783213e-06,0.053710952,0.9340959,0.98780686,0.98780686,0.00042666277,0.020655816,0.0008023536
2017-08-09,1.0940584e-05,0.051121052,0.9360064,0.9871275,0.9871275,0.00041149135,0.020285249,0.000849918
2017-08-10,1.2276325e-05,0.046876516,0.9398235,0.9867,0.9867,0.00041993152,0.020492231,0.0009230318
2017-08-11,8.538329e-06,0.09879357,0.8875081,0.98630166,0.98630166,0.00046427746,0.021547098,0.00062331127
2017-08-14,1.0121918e-05,0.052145068,0.93568915,0.9878342,0.9878342,0.0004206096,0.02050877,0.0008319988
2017-08-15,9.109933e-06,0.06225695,0.92565453,0.98791146,0.98791146,0.00040691317,0.02017209,0.0007536009
2017-08-16,1.0971806e-05,0.04964445,0.93785703,0.9875015,0.9875015,0.00038969383,0.019740663,0.00087784993
2017-08-17,8.085552e-06,0.06364387,0.92483324,0.9884771,0.9884771,0.00038798654,0.019697374,0.0007016948
2017-08-18,9.970232e-06,0.052965462,0.93493986,0.9879053,0.9879053,0.0003786982,0.01946017,0.00082434877
2017-08-21,2.3175198e-05,0.028314337,0.95521826,0.9835326,0.9835326,0.00037186334,0.019283758,0.0014073387
2017-08-22,8.086484e-06,0.08845838,0.8987428,0.98720115,0.98720115,0.00039439288,0.019859327,0.00063181354
2017-08-23,1.302053e-05,0.043969475,0.94270194,0.9866714,0.9866714,0.00036763924,0.01917392,0.0009768857
2017-08-24,1.6584283e-05,0.036751356,0.9487527,0.98550403,0.98550403,0.00036014692,0.018977538,0.0011440617
2017-08-25,8.887817e-06,0.062239133,0.92568946,0.98792857,0.98792857,0.00036026142,0.018980553,0.0007362687
2017-08-28,4.136881e-05,0.019284781,0.9601553,0.9794401,0.9794401,0.00036558975,0.0191204,0.0020121108
2017-08-29,1.9480107e-05,0.04634378,0.9371274,0.9834712,0.9834712,0.00039496535,0.019873735,0.0011785565
2017-08-30,9.136429e-06,0.057193488,0.93075037,0.9879438,0.9879439,0.00039678323,0.019919418,0.0007578217
2017-08-31,7.968314e-06,0.062404364,0.9260762,0.9884805,0.98848057,0.00038145017,0.019530749,0.0006917245
2017-09-01,6.59334e-06,0.11836961,0.8671832,0.98555285,0.9855528,0.000433335,0.0208167,0.00045637644
2017-09-05,1.3021826e-05,0.056939803,0.9280992,0.985039,0.985039,0.00039427294,0.019856308,0.0008703845
2017-09-06,1.8602961e-05,0.03355241,0.9510865,0.9846389,0.9846389,0.00043811733,0.020931253,0.0012110459
2017-09-07,1.6057906e-05,0.040421534,0.9450256,0.98544717,0.98544717,0.00043837185,0.020937331,0.0011034214
2017-09-08,1.64939e-05,0.04012012,0.9451647,0.9852848,0.9852848,0.00043185812,0.020781197,0.0011208754
2017-09-11,9.8515e-06,0.085050374,0.901091,0.9861414,0.9861413,0.00046272116,0.021510955,0.0007108574
2017-09-12,1.0436905e-05,0.053261783,0.93435824,0.98762,0.98762,0.0004634414,0.021527689,0.00084304536
2017-09-13,8.754654e-06,0.07499982,0.91237897,0.9873788,0.9873788,0.0004594835,0.021435566,0.00069364544
2017-09-14,1.3592505e-05,0.045875542,0.94048584,0.9863614,0.9863614,0.00045511435,0.02133341,0.0009966191
2017-09-15,1.0851205e-05,0.05283116,0.93457466,0.98740584,0.98740584,0.00044240075,0.021033324,0.00086160586
2017-09-18,1.4898014e-05,0.041256797,0.9446489,0.9859057,0.9859057,0.00043602273,0.020881157,0.0010570246
2017-09-19,8.349269e-06,0.079533644,0.90808076,0.9876144,0.9876144,0.0004919989,0.022181049,0.0006741106
2017-09-20,1.0337562e-05,0.05737895,0.9300462,0.98742515,0.98742515,0.0004595406,0.021436898,0.0008220823
2017-09-21,1.841285e-05,0.035194516,0.94977856,0.9849731,0.9849731,0.00044217802,0.021028029,0.0012253236
2017-09-22,1.2589936e-05,0.068014756,0.9172237,0.98523843,0.98523843,0.00052223343,0.022852426,0.0008528861
2017-09-25,1.7770188e-05,0.041208703,0.9434896,0.9846983,0.9846983,0.00049303967,0.022204496,0.0011613208
2017-09-26,6.2823965e-05,0.014983081,0.9603786,0.97536165,0.97536165,0.0004903522,0.022143899,0.002549844
2017-09-27,5.1786894e-05,0.025078332,0.9509082,0.97598654,0.97598654,0.000533748,0.023102988,0.0021565778
2017-09-28,1.6268283e-05,0.04758357,0.93709683,0.9846804,0.9846804,0.000568592,0.023845168,0.0010619271
2017-09-29,1.4971613e-05,0.05212258,0.93299544,0.98511803,0.98511803,0.00055918307,0.023647051,0.0010060237
2017-10-02,2.4938758e-05,0.028282594,0.95492166,0.98320425,0.98320425,0.00053719233,0.02317741,0.001484825
2017-10-03,1.6994873e-05,0.05956157,0.924035,0.98359656,0.98359656,0.0005642668,0.0237543,0.0010360556
2017-10-04,2.6781363e-05,0.032697063,0.94908494,0.981782,0.981782,0.00054133375,0.02326658,0.0014700511
2017-10-05,2.0132822e-05,0.045617327,0.9376196,0.98323697,0.98323697,0.00054854143,0.023420962,0.0012010251
2017-10-06,2.9620625e-05,0.024855513,0.9571642,0.9820197,0.9820197,0.000535883,0.023149148,0.0016473953
2017-10-09,1.6941982e-05,0.06243783,0.9211103,0.9835481,0.9835481,0.0005530294,0.023516577,0.0010297891
2017-10-10,2.7940161e-05,0.025571302,0.95677006,0.98234135,0.98234135,0.00053300284,0.023086853,0.0015822365
2017-10-11,1.9906733e-05,0.03556789,0.94858056,0.98414844,0.98414844,0.0005486186,0.023422608,0.0012558219
2017-10-12,3.1125586e-05,0.025169114,0.9562762,0.9814453,0.9814453,0.0005403241,0.023244873,0.0016775053
2017-10-13,1.2893055e-05,0.08803031,0.89637744,0.9844077,0.9844078,0.0005773229,0.024027545,0.00082688726
2017-10-16,2.5477862e-05,0.028129939,0.95478106,0.982911,0.982911,0.00053171715,0.023058992,0.0014908917
2017-10-17,3.196225e-05,0.026198097,0.9551469,0.981345,0.981345,0.0005422229,0.02328568,0.001713334
2017-10-18,2.810224e-05,0.034530375,0.94702244,0.98155284,0.98155284,0.0005506929,0.023466846,0.0015233911
2017-10-19,3.678475e-05,0.031918034,0.94711673,0.9790348,0.9790348,0.00059673225,0.024428103,0.0017545607
2017-10-20,3.1772106e-05,0.044737756,0.93444264,0.9791804,0.9791804,0.00060345366,0.024565294,0.0015260668
2017-10-23,3.339414e-05,0.031259585,0.9488381,0.9800977,0.9800977,0.00060535746,0.024604013,0.0016779044
2017-10-24,1.799278e-05,0.04733595,0.937254,0.98458993,0.98458993,0.00062882085,0.0250763,0.0011675991
2017-10-25,4.461877e-05,0.026430516,0.95118237,0.97761285,0.97761285,0.00060878636,0.024673596,0.001993053
2017-10-26,4.858726e-05,0.023057384,0.95473784,0.97779524,0.97779524,0.0006326931,0.025153391,0.0021881463
2017-10-27,0.00011079214,0.011552279,0.9570073,0.96855956,0.96855956,0.00065484806,0.025589999,0.003523874
2017-10-30,6.1171006e-05,0.023071289,0.94997734,0.9730486,0.9730486,0.0007649103,0.027657012,0.0022696806
2017-10-31,2.7587314e-05,0.14766794,0.82355154,0.9712195,0.9712195,0.0009179142,0.030297099,0.0009585412
2017-11-01,2.0783544e-05,0.10273698,0.8757837,0.9785207,0.97852063,0.0008663252,0.029433403,0.00096760766
2017-11-02,2.0463627e-05,0.067306094,0.914719,0.9820251,0.9820251,0.0007795679,0.027920743,0.0011384549
2017-11-03,1.5532605e-05,0.09467344,0.8879397,0.98261315,0.98261315,0.0007479345,0.027348392,0.0008933534
2017-11-06,2.153819e-05,0.056913935,0.9252326,0.9821465,0.9821465,0.00070625724,0.0265755,0.0012063849
2017-11-07,1.2979361e-05,0.104534656,0.87843645,0.9829711,0.9829711,0.0008130473,0.028513985,0.0007621948
2017-11-08,1.09530965e-05,0.08012647,0.9060042,0.98613065,0.98613065,0.0007308695,0.027034597,0.00078973424
2017-11-09,1.4776389e-05,0.062330727,0.9226913,0.985022,0.985022,0.00067760283,0.026030805,0.0009865401
2017-11-10,1.3851583e-05,0.05605915,0.92986906,0.9859282,0.9859282,0.000644033,0.025377806,0.0009843489
2017-11-13,1.2410334e-05,0.054984163,0.93178266,0.9867668,0.9867668,0.00061373546,0.024773685,0.0009378192
2017-11-14,3.140093e-05,0.026292255,0.95545775,0.98175,0.98175,0.00059538777,0.02440057,0.0017206
2017-11-15,1.8682535e-05,0.048927724,0.93496096,0.9838887,0.9838887,0.00061135227,0.02472554,0.001159591
2017-11-16,3.4852175e-05,0.0255257,0.9553098,0.9808355,0.9808355,0.0005926102,0.024343587,0.0018185797
2017-11-17,2.6097605e-05,0.029520659,0.95344985,0.9829705,0.9829705,0.00060286594,0.024553329,0.0015324918
2017-11-20,3.1653362e-05,0.025588876,0.955861,0.98144984,0.98144984,0.0006071198,0.024639802,0.0017063662
2017-11-21,3.4625882e-05,0.029142886,0.95109856,0.9802415,0.9802414,0.000618584,0.02487135,0.001752453
2017-11-22,5.7177862e-05,0.016203232,0.96030235,0.9765056,0.9765056,0.0006256958,0.025013912,0.0024336781
2017-11-24,9.539218e-05,0.011638959,0.9592419,0.97088087,0.97088087,0.00066227093,0.025734626,0.0032759276
2017-11-27,0.00037361222,0.008053733,0.93095416,0.9390079,0.9390079,0.00076389767,0.027638698,0.0061255815
2017-11-28,7.08245e-05,0.06735804,0.8969807,0.9643387,0.9643387,0.0010978291,0.033133503,0.0019860335
2017-11-29,1.5069965e-05,0.14352588,0.8351619,0.9786878,0.9786878,0.0012163996,0.03487692,0.00070710585
2017-11-30,1.4666556e-05,0.10867403,0.8738145,0.9824886,0.9824886,0.0011948631,0.034566794,0.000837542
2017-12-01,1.6751947e-05,0.10355607,0.8780612,0.9816172,0.9816172,0.0013244908,0.036393553,0.00091128435
2017-12-04,2.0244466e-05,0.088791735,0.8915675,0.98035926,0.98035926,0.001194739,0.034564998,0.0010307382
2017-12-05,1.8175595e-05,0.09319778,0.88832897,0.98152673,0.98152673,0.0011406458,0.03377345,0.0009838863
2017-12-06,3.2017582e-05,0.10384714,0.86866224,0.9725094,0.9725094,0.0010845327,0.032932244,0.0011646731
2017-12-07,4.5533397e-05,0.065265656,0.90784013,0.9731058,0.9731058,0.0009750125,0.03122519,0.0016930556
2017-12-08,2.5610398e-05,0.11381449,0.8599517,0.97376615,0.97376615,0.0011335037,0.033667546,0.00097623473
2017-12-11,5.343982e-05,0.06290596,0.9068424,0.9697484,0.9697484,0.0010017299,0.031650115,0.0017665109
2017-12-12,3.8336806e-05,0.07344549,0.900451,0.9738965,0.9738965,0.000987536,0.031425085,0.0014686463
2017-12-13,5.9287777e-05,0.11961046,0.8386259,0.95823634,0.95823634,0.0011440661,0.033824045,0.001419602
2017-12-14,0.00011779872,0.048254225,0.9082155,0.9564698,0.9564698,0.0010419334,0.032278992,0.0027061363
2017-12-15,5.131874e-05,0.04693611,0.9252759,0.972212,0.972212,0.0010702361,0.032714464,0.0018467961
2017-12-18,0.00018230754,0.020583736,0.9334429,0.95402664,0.95402664,0.0010757633,0.03279883,0.003965504
2017-12-19,3.8960832e-05,0.15396664,0.80953836,0.963505,0.963505,0.001237665,0.035180464,0.0010675672
2017-12-20,3.2502398e-05,0.08793363,0.8862113,0.97414494,0.97414494,0.0010981935,0.033139,0.0012570998
2017-12-21,5.2425206e-05,0.059477758,0.91075116,0.9702289,0.9702289,0.001042459,0.032287136,0.0017609434
2017-12-22,7.298034e-05,0.048067357,0.9185651,0.9666324,0.9666324,0.001014688,0.031854168,0.0021871636
2017-12-26,8.0384125e-05,0.055934504,0.9077583,0.9636928,0.9636928,0.001038585,0.032227084,0.0022139987
2017-12-27,0.00012993535,0.025687264,0.93273175,0.958419,0.958419,0.001027533,0.032055154,0.003124875
2017-12-28,3.4542885e-05,0.08394238,0.890864,0.9748064,0.9748064,0.0011207552,0.033477683,0.0013710991
2017-12-29,2.6340878e-05,0.12492099,0.85001636,0.9749373,0.9749373,0.0013609363,0.03689087,0.0010510001
2018-01-02,3.02326e-05,0.058382913,0.92099786,0.9793808,0.9793808,0.001205929,0.03472649,0.0014662344
2018-01-03,1.7987697e-05,0.07917757,0.90394247,0.98312,0.98312,0.0012103458,0.034790024,0.0010656234
2018-01-04,2.499154e-05,0.054135956,0.9271503,0.9812863,0.9812863,0.0011314022,0.033636324,0.0013354666
2018-01-05,3.18857e-05,0.056806702,0.9220967,0.9789034,0.9789034,0.001175372,0.034283698,0.001511415
2018-01-08,3.727802e-05,0.058091488,0.9187295,0.97682095,0.97682095,0.0011659772,0.03414641,0.0016082632
2018-01-09,2.0792098e-05,0.076301485,0.9054096,0.9817111,0.98171103,0.001120568,0.033474885,0.0011368692
2018-01-10,1.745411e-05,0.12110847,0.858463,0.97957146,0.97957146,0.0011076285,0.033281054,0.00085439836
2018-01-11,2.4654726e-05,0.06057935,0.92066514,0.9812445,0.9812445,0.00097214675,0.031179268,0.0013145334
2018-01-12,2.2879647e-05,0.11156134,0.86664486,0.9782062,0.9782062,0.0011352685,0.033693746,0.0010498245
2018-01-16,1.7899394e-05,0.072084405,0.91157335,0.9836578,0.9836578,0.0011605516,0.03406687,0.0010952852
2018-01-17,1.5292839e-05,0.07605728,0.9083962,0.98445344,0.98445344,0.0011114537,0.033338472,0.0009836799
2018-01-18,1.7920625e-05,0.08352856,0.8991621,0.9826907,0.9826907,0.0011057329,0.033252563,0.0010353173
2018-01-19,1.4580447e-05,0.07542228,0.9094498,0.9848721,0.9848721,0.0010266808,0.03204186,0.0009638119
2018-01-22,1.8540637e-05,0.052956644,0.9317538,0.98471045,0.98471045,0.0009483781,0.03079575,0.001212635
2018-01-23,1.4214184e-05,0.05606666,0.9302049,0.98627156,0.98627156,0.00091030746,0.030171301,0.0010353824
2018-01-24,2.0260884e-05,0.088767454,0.89252216,0.9812896,0.9812896,0.0011068202,0.033268906,0.001082869
2018-01-25,1.8088636e-05,0.044702634,0.94085896,0.9855616,0.9855616,0.001039843,0.032246597,0.0012528152
2018-01-26,2.2784932e-05,0.03674068,0.94765997,0.98440063,0.98440063,0.001010314,0.031785436,0.0014606316
2018-01-29,1.7680275e-05,0.046230517,0.93915725,0.98538774,0.98538774,0.000990703,0.031475436,0.001209962
2018-01-30,2.2118043e-05,0.051064905,0.9325822,0.9836471,0.9836471,0.0010064456,0.031724527,0.0013525463
2018-01-31,2.5100433e-05,0.20201491,0.7572618,0.95927674,0.95927674,0.0017936372,0.042351354,0.0006163659
2018-02-01,2.1601787e-05,0.18365365,0.78386825,0.9675219,0.9675219,0.0022221408,0.04713959,0.0006651187
2018-02-02,2.1482318e-05,0.18854222,0.7775537,0.9660959,0.9660959,0.0021746343,0.046632975,0.0006336205
2018-02-05,2.0687135e-05,0.16719624,0.803694,0.9708903,0.9708903,0.0017144323,0.041405704,0.0007106608
2018-02-06,2.5082738e-05,0.18981703,0.7732029,0.9630199,0.9630199,0.0016057178,0.04007141,0.00067827676
2018-02-07,2.127311e-05,0.13593747,0.83899695,0.9749344,0.9749344,0.001270584,0.03564525,0.0008486974
2018-02-08,2.34822e-05,0.12498223,0.84977037,0.9747526,0.9747526,0.0011453687,0.033843298,0.0009300841
2018-02-09,1.8440845e-05,0.12505624,0.852751,0.9778073,0.9778073,0.0009971212,0.031577226,0.0008309413
2018-02-12,2.7444015e-05,0.12455253,0.8479592,0.97251177,0.97251177,0.0010956349,0.033100378,0.0009983914
2018-02-13,4.1617648e-05,0.08399582,0.8858438,0.96983963,0.96983963,0.0009752043,0.031228261,0.0013798787
2018-02-14,2.5919475e-05,0.13313767,0.83938825,0.97252595,0.97252595,0.0009284468,0.030470425,0.00094341673
2018-02-15,2.8198929e-05,0.06617883,0.9113438,0.9775226,0.9775226,0.00080607645,0.028391486,0.0012545465
2018-02-16,2.806559e-05,0.053698614,0.92587256,0.97957116,0.97957116,0.00076322653,0.027626555,0.0013738222
2018-02-20,4.6086123e-05,0.03788001,0.93756485,0.97544485,0.97544485,0.0007384669,0.027174748,0.0018768416
2018-02-21,2.5311701e-05,0.07830573,0.9005718,0.97887754,0.97887754,0.0007578401,0.027528895,0.0011983314
2018-02-22,2.5439705e-05,0.059363957,0.92112327,0.9804872,0.9804872,0.000729145,0.027002685,0.0013037464
2018-02-23,5.2025476e-05,0.021703111,0.9552419,0.97694504,0.97694504,0.0007021409,0.026497941,0.0022565853
2018-02-26,2.2901164e-05,0.052752484,0.9287065,0.981459,0.981459,0.00072296447,0.026887998,0.0012351648
2018-02-27,2.3384562e-05,0.048241086,0.9338897,0.98213077,0.98213077,0.00069593336,0.026380548,0.0013086494
2018-02-28,2.029011e-05,0.071416445,0.9105657,0.9819821,0.9819821,0.0006868306,0.026207453,0.0011261093
2018-03-01,1.7645047e-05,0.05891949,0.92517334,0.98409283,0.98409283,0.00064807653,0.025457347,0.0011092513
2018-03-02,7.79698e-06,0.112006865,0.8735207,0.9855275,0.9855275,0.0006253801,0.0250076,0.0005387451
2018-03-05,1.657578e-05,0.045575883,0.9398798,0.98545563,0.98545563,0.00055417145,0.023540847,0.00113967
2018-03-06,1.36441795e-05,0.04479957,0.9418218,0.9866214,0.9866214,0.0005380015,0.023194859,0.0010198496
2018-03-07,1.0848844e-05,0.07154215,0.9152914,0.9868336,0.9868336,0.0005328565,0.023083685,0.0008239778
2018-03-08,8.793014e-06,0.07236628,0.9155939,0.9879602,0.9879602,0.0005062168,0.022499261,0.00073033007
2018-03-09,9.350022e-06,0.06192262,0.92621744,0.98814005,0.98814005,0.00047622854,0.021822661,0.0007883692
2018-03-12,1.2319021e-05,0.046452474,0.94059896,0.9870514,0.9870514,0.00045495768,0.021329736,0.00095138064
2018-03-13,8.600901e-06,0.07513003,0.9127199,0.98784995,0.98784995,0.0004535243,0.02129611,0.00070789026
2018-03-14,8.6865375e-06,0.064649224,0.9236788,0.98832804,0.98832804,0.000423255,0.020573162,0.00074422266
2018-03-15,8.887743e-06,0.06026695,0.9281069,0.9883739,0.9883739,0.0004248121,0.020610971,0.0007644631
2018-03-16,1.0357552e-05,0.056555502,0.9312564,0.9878119,0.9878119,0.00042327974,0.020573763,0.0008498102
2018-03-19,1.2330192e-05,0.0471252,0.939956,0.9870812,0.9870812,0.00040498722,0.020124294,0.00095444004
2018-03-20,9.526035e-06,0.060056582,0.92801744,0.988074,0.988074,0.0004017866,0.020044615,0.00079876225
2018-03-21,1.0959646e-05,0.057910975,0.92891616,0.98682714,0.98682714,0.0003874946,0.019684883,0.0008319865
2018-03-22,1.7530994e-05,0.040450413,0.94425005,0.98470044,0.98470044,0.00038181432,0.01954007,0.0011458497
2018-03-23,1.1057368e-05,0.06273073,0.92433095,0.9870617,0.9870617,0.00038051157,0.019506706,0.0008546216
2018-03-26,3.4789296e-05,0.022348326,0.95835096,0.9806993,0.9806993,0.0003687745,0.019203503,0.0018024889
2018-03-27,1.5961421e-05,0.046389874,0.9390851,0.985475,0.985475,0.00039070286,0.019766204,0.0010988933
2018-03-28,9.3338085e-06,0.09393874,0.892182,0.98612076,0.9861207,0.00041848025,0.020456789,0.00067250145
2018-03-29,9.486945e-06,0.060111012,0.9279592,0.9880702,0.9880702,0.0003834329,0.019581443,0.00079523015
2018-04-02,9.274377e-06,0.05873575,0.92954063,0.98827636,0.98827636,0.00037560513,0.019380534,0.00079108356
2018-04-03,8.842809e-06,0.08628011,0.9007446,0.9870247,0.9870247,0.00037799505,0.019442094,0.00068151223
2018-04-04,1.050398e-05,0.053081643,0.9346791,0.9877607,0.9877607,0.00035184552,0.018757546,0.00085821893
2018-04-05,8.147841e-06,0.06416572,0.9245331,0.98869884,0.98869884,0.0003427319,0.01851302,0.0007209739
2018-04-06,9.684565e-06,0.05687707,0.9312384,0.9881155,0.9881155,0.00034091354,0.018463844,0.0008148897
2018-04-09,7.948384e-06,0.07421401,0.9140214,0.9882354,0.98823535,0.00033270693,0.018240256,0.0006756196
2018-04-10,9.919941e-06,0.05353583,0.9343859,0.9879217,0.9879217,0.00031261504,0.017680923,0.0008213037
2018-04-11,1.15275325e-05,0.053937115,0.9325462,0.98648334,0.98648334,0.00031196675,0.017662581,0.00085283857
2018-04-12,1.4283943e-05,0.041930255,0.9442894,0.98621964,0.98621964,0.00030535224,0.017474331,0.0010365439
2018-04-13,1.155076e-05,0.049198624,0.9380449,0.98724353,0.98724353,0.00030340365,0.017418485,0.0009054827
2018-04-16,1.267571e-05,0.047196828,0.9395912,0.98678803,0.98678803,0.00031260485,0.017680636,0.0009594114
2018-04-17,8.619208e-06,0.062832706,0.92547,0.9883027,0.9883027,0.00030833122,0.017559363,0.0007368549
2018-04-18,1.3018295e-05,0.04532063,0.9414421,0.9867627,0.9867627,0.00029547556,0.017189402,0.0009834557
2018-04-19,2.1507813e-05,0.030965574,0.953031,0.98399657,0.98399657,0.0002912062,0.017064765,0.0013439502
2018-04-20,9.628426e-06,0.064958654,0.92236966,0.9873283,0.9873283,0.0003251876,0.018032959,0.0007598364
2018-04-23,9.296138e-06,0.065218665,0.92255324,0.9877719,0.9877719,0.00036599766,0.019131066,0.0007602293
2018-04-24,1.0870767e-05,0.051236164,0.9363109,0.98754704,0.98754704,0.00034696975,0.018627124,0.00087294646
2018-04-25,9.1314105e-06,0.07315411,0.9143543,0.9875084,0.9875084,0.0003473608,0.018637618,0.00073100504
2018-04-26,1.2975288e-05,0.045896146,0.94092864,0.9868248,0.9868248,0.00032703558,0.018084126,0.0009848274
2018-04-27,7.772206e-06,0.064846456,0.9238972,0.98874366,0.98874366,0.0003280841,0.018113092,0.0006904738
2018-04-30,8.768387e-06,0.058549397,0.92983395,0.98838335,0.98838335,0.00033115165,0.018197572,0.00075481215
2018-05-01,1.2089782e-05,0.046956554,0.94007754,0.9870341,0.9870341,0.00031710658,0.017807487,0.0009324278
2018-05-02,6.562957e-06,0.08254073,0.9058337,0.9883745,0.9883745,0.00031969283,0.017879955,0.0005645298
2018-05-03,1.4284625e-05,0.04117521,0.9450308,0.986206,0.986206,0.00032021123,0.017894447,0.0010355676
2018-05-04,8.912802e-06,0.057266224,0.93102527,0.9882915,0.9882915,0.00032102232,0.017917097,0.000761225
2018-05-07,1.9284631e-05,0.032507937,0.95202446,0.9845324,0.9845324,0.00030940847,0.01759001,0.0012467771
2018-05-08,1.0896842e-05,0.04934907,0.93807185,0.9874209,0.9874209,0.00031793508,0.017830733,0.0008662667
2018-05-09,7.2488406e-06,0.07350318,0.9148948,0.988398,0.988398,0.0003096118,0.017595788,0.0006247932
2018-05-10,2.0011867e-05,0.030684693,0.95355994,0.98424464,0.98424464,0.0002908153,0.017053308,0.0012701629
2018-05-11,6.6668763e-06,0.07207386,0.91687804,0.9889519,0.9889519,0.00032129354,0.017924663,0.00060344214
2018-05-14,9.606152e-06,0.053306986,0.9346466,0.9879536,0.9879536,0.00030175655,0.01737114,0.00079742953
2018-05-15,9.419706e-06,0.05475136,0.9333147,0.988066,0.988066,0.00030058724,0.017337453,0.0007893179
2018-05-16,9.450301e-06,0.053977087,0.9340439,0.98802096,0.98802096,0.00029016138,0.017034125,0.0007889028
2018-05-17,9.6571075e-06,0.05337572,0.9345825,0.9879582,0.9879582,0.0002832924,0.016831292,0.00080196495
2018-05-18,7.9031e-06,0.061918274,0.9267485,0.9886668,0.9886668,0.00028760004,0.016958775,0.00069733884
2018-05-21,9.16418e-06,0.05494594,0.933214,0.98815995,0.98815995,0.00027542675,0.016595986,0.0007739987
2018-05-22,1.0938025e-05,0.048397783,0.9390093,0.9874071,0.9874071,0.00027530483,0.016592313,0.0008685859
2018-05-23,6.8762133e-06,0.08562932,0.9024431,0.98807245,0.98807245,0.0003270143,0.018083537,0.0005764986
2018-05-24,8.412796e-06,0.058947492,0.9295533,0.9885008,0.9885008,0.00030242818,0.017390462,0.0007315967
2018-05-25,7.3589244e-06,0.0641186,0.92484325,0.9889619,0.9889619,0.00029440544,0.017158248,0.0006666825
2018-05-29,6.1701417e-06,0.07563695,0.9133562,0.9889931,0.98899317,0.00027963895,0.016722409,0.00056057074
2018-05-30,6.248842e-06,0.07272585,0.9163757,0.9891015,0.9891015,0.0002975609,0.017249953,0.0005733687
2018-05-31,1.0586894e-05,0.048854925,0.9387125,0.9875674,0.9875674,0.0002799104,0.016730523,0.0008515447
2018-06-01,6.017157e-06,0.07998566,0.9088209,0.9888066,0.9888066,0.0002995564,0.017307699,0.0005375632
2018-06-04,7.1781833e-06,0.064809635,0.9242858,0.98909545,0.98909545,0.0002792899,0.016711969,0.0006582741
2018-06-05,6.736837e-06,0.068020865,0.9212232,0.9892441,0.9892441,0.00027268133,0.016513065,0.00062633894
2018-06-06,7.190521e-06,0.0656858,0.92341024,0.98909605,0.98909605,0.00027040736,0.016444068,0.0006594416
2018-06-07,6.7122537e-06,0.067670755,0.92158365,0.9892544,0.9892544,0.00025722888,0.016038356,0.00062465225
2018-06-08,7.338947e-06,0.06325098,0.92569774,0.9889487,0.9889487,0.0002533177,0.015915958,0.00066408014
2018-06-11,6.4961114e-06,0.068435065,0.9209412,0.98937625,0.98937625,0.00025343028,0.015919494,0.0006114705
2018-06-12,6.477468e-06,0.069256015,0.92005116,0.98930717,0.98930717,0.00026841395,0.016383344,0.0006057765
2018-06-13,6.825935e-06,0.066921994,0.9222842,0.9892062,0.9892062,0.0002541371,0.015941678,0.00063239376
2018-06-14,6.730023e-06,0.06738692,0.9218941,0.989281,0.989281,0.0002458662,0.015680121,0.00062785915
2018-06-15,7.1797162e-06,0.06446619,0.9246044,0.9890706,0.9890706,0.00023344488,0.015278903,0.00065691734
2018-06-18,5.799975e-06,0.07765946,0.91142595,0.9890854,0.98908544,0.00024690747,0.01571329,0.00053139485
2018-06-19,8.58883e-06,0.057263963,0.9311504,0.98841435,0.98841435,0.00027397665,0.01655224,0.00074133324
2018-06-20,6.2424647e-06,0.07195941,0.9172258,0.9891852,0.9891852,0.00028069707,0.016754016,0.00057721575
2018-06-21,6.808781e-06,0.06772803,0.9215144,0.98924243,0.98924243,0.00029864418,0.017281326,0.00063292956
2018-06-22,6.257357e-06,0.07183931,0.9173626,0.9892019,0.9892019,0.0002830493,0.016824069,0.00057948707
2018-06-25,1.0010152e-05,0.049592312,0.93815136,0.9877437,0.9877437,0.00027299873,0.016522674,0.00081673363
2018-06-26,7.777006e-06,0.061730478,0.92706865,0.98879915,0.98879915,0.00026876145,0.016393945,0.00069432316
2018-06-27,1.714145e-05,0.03526504,0.95004106,0.9853061,0.9853061,0.0002589183,0.016090939,0.0011665679
2018-06-28,7.675517e-06,0.06218199,0.9265656,0.9887476,0.9887476,0.00027641703,0.016625794,0.0006821224
2018-06-29,8.467509e-06,0.058803238,0.9296153,0.9884186,0.9884186,0.0002854512,0.016895302,0.00073112873
2018-07-02,1.0366085e-05,0.049953647,0.93765384,0.9876075,0.9876075,0.00027544872,0.016596647,0.0008364791
2018-07-03,7.1981467e-06,0.06780412,0.92090446,0.98870856,0.98870856,0.00029114756,0.017063046,0.0006374868
2018-07-05,9.875935e-06,0.051467277,0.9362488,0.9877161,0.9877161,0.0002759264,0.016611032,0.0008039725
2018-07-06,9.047495e-06,0.055248577,0.9328239,0.98807245,0.98807245,0.00027485218,0.016578667,0.0007585379
2018-07-09,1.3050067e-05,0.042634863,0.9439758,0.98661065,0.98661065,0.00026861142,0.016389368,0.0009746603
2018-07-10,1.00842135e-05,0.05049596,0.9372053,0.9877013,0.9877013,0.00027117663,0.01646744,0.0008199412
2018-07-11,1.1917009e-05,0.045175247,0.94174665,0.9869219,0.9869219,0.00027418512,0.016558535,0.0009112191
2018-07-12,6.907667e-06,0.10120897,0.88596934,0.9871783,0.9871783,0.00028003153,0.016734142,0.0005387492
2018-07-13,1.2342222e-05,0.0435516,0.9433158,0.9868674,0.9868674,0.00026763446,0.016359538,0.0009398176
2018-07-16,9.585268e-06,0.05292373,0.9350359,0.9879596,0.9879596,0.00027597396,0.016612465,0.0007960937
2018-07-17,7.333359e-06,0.089129224,0.8984853,0.9876145,0.9876145,0.00026803,0.016371623,0.00059209287
2018-07-18,1.009313e-05,0.0502243,0.93751925,0.98774356,0.98774356,0.00025216062,0.015879566,0.00082349585
2018-07-19,1.0995697e-05,0.047431376,0.9399543,0.98738563,0.98738563,0.00024878856,0.015773034,0.00087168027
2018-07-20,7.849064e-06,0.061378587,0.92735904,0.98873764,0.98873764,0.00025969333,0.016115004,0.00069692906
2018-07-23,1.2021203e-05,0.04455426,0.94242716,0.9869814,0.9869814,0.00024972856,0.015802803,0.00092338613
2018-07-24,7.1395307e-06,0.082053974,0.90605134,0.9881053,0.9881053,0.0002548298,0.015963389,0.00060022774
2018-07-25,1.1955005e-05,0.045267686,0.94177926,0.98704696,0.98704696,0.00023950395,0.015475915,0.0009229495
2018-07-26,1.22101865e-05,0.04489234,0.9420818,0.9869742,0.9869741,0.00024884817,0.015774922,0.00093738333
2018-07-27,1.30262115e-05,0.042927206,0.94375294,0.98668015,0.98668015,0.00024682618,0.015710702,0.0009779548
2018-07-30,6.6479142e-06,0.070324264,0.9187433,0.98906755,0.98906755,0.00025588833,0.01599651,0.0006080903
2018-07-31,1.3773878e-05,0.040961668,0.94541425,0.9863759,0.9863759,0.0002470572,0.015718054,0.0010109957
2018-08-01,6.591607e-06,0.078706406,0.90990186,0.98860824,0.98860824,0.0002484407,0.015762001,0.00057862944
2018-08-02,9.266932e-06,0.054685537,0.9333467,0.9880322,0.9880322,0.00023827919,0.0154362945,0.0007743235
2018-08-03,9.215355e-06,0.054494303,0.9336315,0.9881258,0.9881258,0.00025582107,0.015994407,0.0007760823
2018-08-06,6.7389165e-06,0.06831801,0.9208174,0.9891354,0.9891354,0.00025763904,0.016051138,0.00062026276
2018-08-07,1.07087835e-05,0.049108148,0.93844575,0.9875539,0.9875539,0.00024445957,0.015635204,0.00086041243
2018-08-08,6.966782e-06,0.066979945,0.92211163,0.9890916,0.9890916,0.00024849715,0.015763793,0.0006386607
2018-08-09,6.381811e-06,0.0811305,0.90744996,0.98858047,0.98858047,0.00025780167,0.016056204,0.00055885036
2018-08-10,7.5525977e-06,0.062399648,0.92649776,0.9888974,0.9888974,0.00024073049,0.015515491,0.00068025384
2018-08-13,8.557763e-06,0.056754906,0.93166053,0.9884154,0.9884154,0.0002313635,0.015210638,0.0007387202
2018-08-14,7.803974e-06,0.061224133,0.9275466,0.9887708,0.9887707,0.00022529053,0.015009681,0.0006949704
2018-08-15,7.0307565e-06,0.0652111,0.92391986,0.989131,0.989131,0.00022296139,0.014931892,0.0006468617
2018-08-16,6.8846684e-06,0.06584158,0.92332923,0.9891708,0.9891708,0.00021556494,0.01468213,0.00063574984
2018-08-17,9.652619e-06,0.05247308,0.9355119,0.98798496,0.98798496,0.00021351394,0.014612116,0.0008033777
2018-08-20,8.314479e-06,0.058425967,0.9301139,0.9885399,0.9885399,0.00021852489,0.014782587,0.00072551373
2018-08-21,8.639875e-06,0.056490432,0.9318972,0.98838764,0.98838764,0.00021169768,0.014549835,0.0007440243
2018-08-22,8.993319e-06,0.055345315,0.93288183,0.9882271,0.9882271,0.00021603305,0.014698063,0.000763902
2018-08-23,1.1761113e-05,0.045406003,0.9416832,0.98708916,0.98708916,0.00021396346,0.01462749,0.0009109485
2018-08-24,1.0477096e-05,0.04978459,0.9378276,0.9876122,0.9876122,0.00021363106,0.014616123,0.0008457584
2018-08-27,1.7194352e-05,0.034907196,0.95028424,0.98519146,0.98519146,0.00022321979,0.014940542,0.0011611109
2018-08-28,1.8622533e-05,0.033099692,0.95163274,0.98473245,0.98473245,0.00023610891,0.015365836,0.001219746
2018-08-29,2.263483e-05,0.028775897,0.9547804,0.9835563,0.9835563,0.00024552297,0.015669173,0.0013765022
2018-08-30,1.1934037e-05,0.045180533,0.94182235,0.9870029,0.9870029,0.00026367806,0.016238166,0.0009182083
2018-08-31,1.4221085e-05,0.03995042,0.9461923,0.98614275,0.98614275,0.000262533,0.01620287,0.0010262562
2018-09-04,1.0317921e-05,0.05121313,0.9363105,0.9875237,0.9875237,0.0002712771,0.016470492,0.000827
2018-09-05,1.3730563e-05,0.053744886,0.9309669,0.9847118,0.9847118,0.00031743917,0.017816823,0.0008981166
2018-09-06,9.308565e-06,0.05432535,0.93346006,0.9877854,0.9877854,0.0003143776,0.017730696,0.000762085
2018-09-07,8.896784e-06,0.05595711,0.93215775,0.9881149,0.98811483,0.00030629404,0.017501257,0.0007485657
2018-09-10,1.2929527e-05,0.042482663,0.94411534,0.986598,0.986598,0.00029456313,0.01716284,0.00096474716
2018-09-11,9.6064e-06,0.05372913,0.93407905,0.98780817,0.98780817,0.00029548738,0.017189747,0.0007879374
2018-09-12,1.5699456e-05,0.036979623,0.9486409,0.9856205,0.9856205,0.00028970875,0.017020833,0.0010917941
2018-09-13,1.5442158e-05,0.038018815,0.9477205,0.98573935,0.98573935,0.0002905406,0.017045252,0.001082851
2018-09-14,1.123612e-05,0.052204404,0.93468994,0.98689437,0.98689437,0.00029141543,0.017070895,0.0008573506
2018-09-17,1.8869583e-05,0.033090133,0.95155966,0.9846498,0.9846498,0.00029997938,0.017319912,0.001229271
2018-09-18,1.0011805e-05,0.052438036,0.93521214,0.98765016,0.98765016,0.0003139364,0.01771825,0.0008106827
2018-09-19,8.9946825e-06,0.066231064,0.9213825,0.98761356,0.98761356,0.0003944649,0.019861141,0.00072617165
2018-09-20,1.5983249e-05,0.037929438,0.947682,0.98561144,0.98561144,0.00037707022,0.019418295,0.0011108302
2018-09-21,8.451011e-06,0.07318054,0.9146399,0.98782045,0.98782045,0.0003939539,0.019848272,0.00069386873
2018-09-24,1.4960009e-05,0.040469494,0.9455533,0.9860228,0.9860228,0.00036879844,0.019204125,0.0010703129
2018-09-25,2.5457992e-05,0.02842407,0.95460606,0.98303014,0.98303014,0.0003806683,0.019510722,0.0015001887
2018-09-26,1.7743976e-05,0.03777071,0.94730276,0.98507345,0.98507345,0.00039489297,0.019871915,0.0011887525
2018-09-27,8.171199e-06,0.06460829,0.9237803,0.9883886,0.9883886,0.00040661215,0.020164626,0.00070372195
2018-09-28,1.6328357e-05,0.03882867,0.94675446,0.9855831,0.9855831,0.0003926736,0.019815993,0.0011325865
2018-10-01,2.9338971e-05,0.025619648,0.9564239,0.9820435,0.9820435,0.00039757404,0.019939259,0.0016338918
2018-10-02,2.2388753e-05,0.031658646,0.9519928,0.98365146,0.98365146,0.00043024545,0.020742359,0.0013694649
2018-10-03,1.3451238e-05,0.0642399,0.92094386,0.9851838,0.9851838,0.0004490342,0.021190427,0.0009078722
2018-10-04,2.566398e-05,0.028732492,0.9542569,0.9829894,0.9829894,0.00045324897,0.021289645,0.0015087025
2018-10-05,9.9647e-06,0.07676223,0.9098785,0.98664075,0.9866407,0.0004698148,0.021675212,0.00074590277
2018-10-08,2.1797669e-05,0.032180328,0.9518495,0.9840298,0.9840298,0.0004409566,0.020998966,0.0013648989
2018-10-09,1.0538936e-05,0.06869049,0.918175,0.98686546,0.98686546,0.0004902187,0.022140883,0.0008023834
2018-10-10,1.8662902e-05,0.037530288,0.9470974,0.9846277,0.9846277,0.00046064617,0.02146267,0.0012140623
2018-10-11,1.0828793e-05,0.05977129,0.9273515,0.9871228,0.9871228,0.00045616002,0.021357903,0.0008409259
2018-10-12,8.586029e-06,0.06834688,0.919751,0.98809785,0.98809785,0.0004550963,0.021332987,0.00072138454
2018-10-15,1.83007e-05,0.036344964,0.9487548,0.98509973,0.98509973,0.0004515956,0.021250779,0.0012282128
2018-10-16,1.2766713e-05,0.047775723,0.93913156,0.9869073,0.9869073,0.00047040242,0.021688763,0.00097510184
2018-10-17,1.643724e-05,0.039301727,0.94634616,0.9856479,0.9856479,0.0004545612,0.021320442,0.001145286
2018-10-18,9.5281075e-06,0.08172556,0.9051735,0.986899,0.986899,0.00047098895,0.02170228,0.00072728196
2018-10-19,9.805045e-06,0.059883937,0.9280174,0.98790133,0.98790133,0.00054915145,0.023433981,0.0008104234
2018-10-22,9.911509e-06,0.056788962,0.93124264,0.9880316,0.9880316,0.0005354069,0.023138862,0.0008281416
2018-10-23,1.2503369e-05,0.051129006,0.93557554,0.9867045,0.9867045,0.0005775294,0.024031842,0.00094042317
2018-10-24,1.0588193e-05,0.106527075,0.8781553,0.9846824,0.9846824,0.00058109575,0.024105927,0.00069124275
2018-10-25,1.7661258e-05,0.03863387,0.9466564,0.9852903,0.9852903,0.0005424175,0.02328986,0.0012006529
2018-10-26,1.9283412e-05,0.036753304,0.9481711,0.9849244,0.9849244,0.0005362649,0.023157394,0.0012791121
2018-10-29,1.8141403e-05,0.03780805,0.9474765,0.98528457,0.98528457,0.0005287167,0.02299384,0.0012328147
2018-10-30,8.797613e-06,0.062103428,0.92634004,0.9884435,0.9884435,0.00051908963,0.022783538,0.0007612693
2018-10-31,1.325055e-05,0.04722459,0.9394263,0.9866509,0.9866509,0.0004896943,0.022129038,0.0009926163
2018-11-01,1.13501765e-05,0.0578194,0.9293412,0.9871606,0.9871606,0.0004986125,0.022329634,0.000884013
2018-11-02,1.1313312e-05,0.053641167,0.933638,0.9872791,0.9872791,0.0004777128,0.021856641,0.0008893496
2018-11-05,1.1458048e-05,0.051157814,0.9362917,0.9874495,0.9874495,0.00046879155,0.021651594,0.0009129575
2018-11-06,1.0498907e-05,0.11531124,0.8688583,0.98416954,0.98416954,0.00080169615,0.02831424,0.0006632093
2018-11-07,7.912968e-06,0.06977025,0.918592,0.9883622,0.9883622,0.0007082134,0.02661228,0.0006799363
2018-11-08,9.210859e-06,0.06428907,0.9239276,0.9882167,0.9882167,0.0006584751,0.02566077,0.00078168744
2018-11-09,7.2733096e-06,0.070081726,0.9186051,0.9886868,0.9886868,0.00061824237,0.02486448,0.0006429047
2018-11-12,1.0632563e-05,0.08390482,0.9024962,0.986401,0.986401,0.00074131764,0.027227148,0.00078186486
2018-11-13,8.749666e-06,0.06463208,0.9237045,0.98833656,0.98833656,0.00070866355,0.026620734,0.0007501791
2018-11-14,1.5544261e-05,0.15505339,0.82266057,0.97771394,0.97771394,0.0010728505,0.0327544,0.00069748814
2018-11-15,0.00017473103,0.1334226,0.7915508,0.9249734,0.9249734,0.005133286,0.07164695,0.002328922
2018-11-16,0.00023749402,0.14226292,0.7521272,0.8943901,0.8943901,0.008577183,0.09261308,0.0022487857
2018-11-19,3.9042472e-05,0.15975837,0.8016057,0.9613641,0.9613641,0.007143385,0.084518544,0.001010523
2018-11-20,4.68351e-05,0.19909145,0.7461954,0.9452868,0.9452868,0.007227951,0.08501736,0.0008560111
2018-11-21,5.0898536e-05,0.116458625,0.8466778,0.9631364,0.96313643,0.005730532,0.075700276,0.0013807252
2018-11-23,1.4768517e-05,0.12010725,0.8595907,0.97969794,0.97969794,0.0049320348,0.07022845,0.0007274394
2018-11-26,7.4067e-05,0.030414272,0.94008964,0.9705039,0.9705039,0.0043807654,0.06618735,0.00251108
2018-11-27,1.2860959e-05,0.09263746,0.88985205,0.9824895,0.9824895,0.0041981875,0.06479342,0.00073447236
2018-11-28,2.7270227e-05,0.034754742,0.9468416,0.98159635,0.98159635,0.0037497592,0.06123528,0.0014817837
2018-11-29,7.61637e-05,0.07709929,0.88316095,0.9602603,0.9602603,0.0039337524,0.062719636,0.0019165631
2018-11-30,1.0673108e-05,0.08437655,0.9002411,0.98461765,0.98461765,0.0035665918,0.05972095,0.0006938542
2018-12-03,3.045972e-05,0.02523978,0.95754933,0.9827891,0.9827891,0.0032257657,0.056795824,0.0017697923
2018-12-04,1.569078e-05,0.046207383,0.93904024,0.9852476,0.9852476,0.0032126275,0.056680046,0.0010636096
2018-12-06,1.7325097e-05,0.07536917,0.90633476,0.98170394,0.98170394,0.003066257,0.055373795,0.0009469304
2018-12-07,3.1599604e-05,0.032953136,0.94726485,0.980218,0.980218,0.0028615058,0.053493045,0.0015973912
2018-12-10,1.5052499e-05,0.08006042,0.9023665,0.98242694,0.98242694,0.0027866813,0.052789025,0.0008565668
2018-12-11,3.418489e-05,0.024967443,0.95663804,0.98160547,0.98160547,0.0025428322,0.0504265,0.001858427
2018-12-12,1.7794158e-05,0.043505114,0.94067657,0.9841817,0.9841817,0.0024901754,0.049901657,0.0011249098
2018-12-13,2.9733186e-05,0.0564036,0.9211819,0.9775855,0.9775855,0.0025343383,0.050342213,0.0013265153
2018-12-14,2.0420623e-05,0.060390394,0.91962254,0.98001295,0.98001295,0.002364731,0.048628498,0.0010216929
2018-12-17,8.36257e-05,0.052591864,0.9069595,0.95955133,0.95955133,0.0025305897,0.050304968,0.0020674528
2018-12-18,0.00017393041,0.12937644,0.77829933,0.90767574,0.90767574,0.002725051,0.05220202,0.0018839081
2018-12-19,9.334754e-05,0.20577814,0.69838417,0.9041623,0.9041623,0.0032170047,0.056718644,0.0009740168
2018-12-20,3.1344123e-05,0.15794262,0.8046336,0.96257627,0.96257627,0.002518041,0.050180085,0.0008375468
2018-12-21,0.00014920469,0.08373909,0.85345745,0.93719655,0.93719655,0.0022967993,0.047924936,0.0023757403
2018-12-24,8.086575e-05,0.17061624,0.7647325,0.93534875,0.93534875,0.0024439876,0.049436703,0.0012507995
2018-12-26,0.00033399282,0.1346697,0.7319128,0.8665825,0.8665825,0.0035126798,0.059267864,0.0025033662
2018-12-27,2.4539033e-05,0.17206569,0.79071414,0.9627798,0.9627798,0.0029694992,0.05449311,0.0006592938
2018-12-28,4.3309577e-05,0.17408958,0.7807766,0.95486623,0.9548662,0.0025052105,0.050052077,0.00095958257
2018-12-31,3.4739547e-05,0.2041432,0.742239,0.94638216,0.94638216,0.0036541158,0.060449284,0.0006479103
2019-01-02,0.0001007231,0.20510244,0.63621557,0.841318,0.841318,0.0055041336,0.07418985,0.00063474814
2019-01-03,4.791243e-05,0.20023364,0.73616624,0.9363999,0.9363999,0.0036107043,0.060089137,0.0007533386
2019-01-04,8.756189e-05,0.19319631,0.71517617,0.90837246,0.90837246,0.0027095207,0.052053057,0.0009556286
2019-01-07,5.751855e-05,0.19210619,0.7425803,0.9346865,0.9346865,0.0022391896,0.047320075,0.0008806531
2019-01-08,5.9994076e-05,0.16469212,0.77887774,0.94356984,0.94356984,0.0019320077,0.04395461,0.0010631562
2019-01-09,6.524109e-05,0.13999803,0.80683345,0.94683146,0.94683146,0.001575301,0.039690062,0.001227062
2019-01-10,3.1019797e-05,0.12788387,0.83903664,0.9669205,0.9669205,0.001341152,0.036621742,0.0009377346
2019-01-11,9.570631e-05,0.099948145,0.8461026,0.94605076,0.94605076,0.001159283,0.034048244,0.0017740068
2019-01-14,0.000119428936,0.09258795,0.8490017,0.94158965,0.94158965,0.0012619012,0.03552325,0.0020446538
2019-01-15,0.00010085369,0.21069461,0.6689094,0.879604,0.879604,0.003206717,0.05662788,0.000837683
2019-01-16,2.1789303e-05,0.10635082,0.87018114,0.976532,0.976532,0.0023794025,0.04877912,0.000928468
2019-01-17,4.1659805e-05,0.086513326,0.88291484,0.9694282,0.9694282,0.0022136858,0.04704982,0.0013626865
2019-01-18,2.7895323e-05,0.09864556,0.87634534,0.9749909,0.9749909,0.002002763,0.04475224,0.0011154071
2019-01-22,2.7797712e-05,0.08697635,0.88874626,0.9757226,0.9757226,0.0018233433,0.042700626,0.0011450042
2019-01-23,6.382783e-05,0.2066103,0.71521485,0.9218252,0.9218252,0.0032462166,0.056975577,0.0008164754
2019-01-24,5.2158826e-05,0.11256345,0.84718144,0.9597449,0.9597449,0.002465983,0.049658664,0.0012957064
2019-01-25,3.9856335e-05,0.15820153,0.80046284,0.95866436,0.95866436,0.0023156975,0.048121694,0.0009642123
2019-01-28,2.9446868e-05,0.13809271,0.8301613,0.96825397,0.96825397,0.0019953798,0.044669673,0.0009275764
2019-01-29,4.0324438e-05,0.19934858,0.7457688,0.94511735,0.94511735,0.0027443995,0.052387018,0.0007347393
2019-01-30,5.73886e-05,0.1719725,0.7701542,0.9421267,0.9421267,0.0021234215,0.046080597,0.0009916247
2019-01-31,3.9551996e-05,0.13223635,0.8296952,0.9619316,0.9619316,0.001878642,0.043343306,0.0010389715
2019-02-01,4.600733e-05,0.113305174,0.8504313,0.9637365,0.9637365,0.0016238333,0.040296815,0.0012686944
2019-02-04,2.8186138e-05,0.18463464,0.77427304,0.95890766,0.95890766,0.0015198732,0.03898555,0.000685922
2019-02-05,7.634584e-05,0.1009534,0.8514542,0.9524076,0.9524076,0.0013419201,0.03663223,0.0016041602
2019-02-06,7.423885e-05,0.06937918,0.88951385,0.958893,0.95889306,0.001219022,0.034914494,0.0018059906
2019-02-07,4.163921e-05,0.08137828,0.88724893,0.9686272,0.9686272,0.0011585787,0.0340379,0.0013272398
2019-02-08,0.00011011185,0.08148407,0.86529464,0.9467787,0.9467787,0.0012157902,0.034868184,0.0020689438
2019-02-11,6.549772e-05,0.08679792,0.87115264,0.95795053,0.9579506,0.0011752134,0.034281384,0.0015576349
2019-02-12,8.4339415e-05,0.044212837,0.9196831,0.9638959,0.9638959,0.0011343723,0.033680443,0.0023360078
2019-02-13,6.232998e-05,0.0751631,0.8874028,0.9625659,0.9625659,0.0011410919,0.033780053,0.0016650588
2019-02-14,0.00010442381,0.11365758,0.8264291,0.9400867,0.9400867,0.0012122509,0.034817394,0.001742916
2019-02-15,7.437333e-05,0.09327858,0.8611861,0.9544647,0.9544647,0.0011063003,0.033261094,0.0016333107
2019-02-19,4.6329496e-05,0.13043472,0.8295609,0.95999557,0.9599956,0.0010652195,0.0326377,0.001158109
2019-02-20,3.6673686e-05,0.09897301,0.87212723,0.9711003,0.9711003,0.00095630524,0.030924186,0.0012689976
2019-02-21,5.187339e-05,0.09241092,0.8712866,0.9636975,0.9636975,0.00087983214,0.029661965,0.0014289203
2019-02-22,2.5429017e-05,0.108656906,0.86690325,0.9755601,0.9755601,0.0008677003,0.029456753,0.0010404726
2019-02-25,3.2729917e-05,0.03964874,0.93983936,0.97948813,0.97948813,0.0007839079,0.027998354,0.0015956577
2019-02-26,1.7982591e-05,0.1281912,0.85053265,0.9787239,0.9787239,0.0008430347,0.02903506,0.00084520085
2019-02-27,1.37257275e-05,0.12428578,0.8563645,0.98065025,0.98065025,0.0007410848,0.027222874,0.00070934894
2019-02-28,1.2918083e-05,0.08407625,0.9004247,0.98450094,0.98450094,0.0006961276,0.02638423,0.0008334755
2019-03-01,1.3491445e-05,0.07514273,0.9099349,0.9850776,0.9850776,0.00064169796,0.025331758,0.0009041081
2019-03-04,1.122669e-05,0.13703474,0.84426975,0.9813045,0.9813045,0.0006185575,0.024870817,0.0006005031
2019-03-05,1.4383075e-05,0.04994429,0.9360321,0.9859764,0.9859764,0.0005334895,0.023097392,0.0010256334
2019-03-06,1.0649421e-05,0.08688963,0.8988849,0.9857745,0.9857745,0.0005183609,0.02276754,0.00074861577
2019-03-07,9.698777e-06,0.06999511,0.9173605,0.9873556,0.9873556,0.0004956699,0.022263646,0.0007670407
2019-03-08,9.467649e-06,0.06276307,0.9251733,0.9879364,0.9879364,0.00047003513,0.021680294,0.00078480976
2019-03-11,9.876808e-06,0.062274903,0.9255023,0.98777723,0.98777723,0.00044433287,0.021079205,0.00080806646
2019-03-12,1.1793405e-05,0.056061555,0.9307359,0.98679745,0.98679745,0.00048807802,0.022092488,0.00089326734
2019-03-13,1.4870775e-05,0.06742505,0.9171885,0.9846136,0.9846136,0.00046721337,0.02161512,0.0009664881
2019-03-14,1.0310142e-05,0.060065646,0.92726386,0.9873295,0.9873295,0.00045488353,0.021327998,0.00081371126
2019-03-15,1.1439486e-05,0.06501544,0.9217935,0.98680896,0.98680896,0.00044155415,0.02101319,0.0008672161
2019-03-18,1.0745558e-05,0.064463146,0.9226194,0.98708254,0.98708254,0.00044722512,0.021147698,0.00083186314
2019-03-19,9.208561e-06,0.06958057,0.9181029,0.9876835,0.9876835,0.00044836348,0.021174595,0.000747659
2019-03-20,1.0595186e-05,0.08304308,0.9030216,0.9860647,0.9860647,0.00042598887,0.020639498,0.0007603112
2019-03-21,1.0428189e-05,0.05868212,0.92885095,0.9875331,0.9875331,0.00042450428,0.020603502,0.0008364696
2019-03-22,9.877087e-06,0.06037027,0.92751294,0.9878832,0.9878832,0.00040474784,0.020118346,0.0008151571
2019-03-25,1.0577041e-05,0.08008208,0.9062925,0.98637456,0.98637456,0.00042062424,0.020509126,0.0007762714
2019-03-26,1.5191988e-05,0.045381553,0.94046766,0.9858492,0.9858492,0.00039185525,0.019795334,0.0010735781
2019-03-27,2.0054253e-05,0.03827027,0.9459324,0.9842027,0.9842027,0.0003849717,0.019620696,0.0012694721
2019-03-28,1.2017049e-05,0.06759139,0.91823715,0.9858285,0.9858285,0.00038780994,0.01969289,0.0008479741
2019-03-29,2.0039051e-05,0.03637483,0.94802046,0.98439527,0.98439527,0.00036812032,0.019186461,0.0012841648
2019-04-01,1.777008e-05,0.037273314,0.9479341,0.9852074,0.9852074,0.00038134318,0.01952801,0.00120128
2019-04-02,1.9223891e-05,0.038490646,0.94605005,0.9845407,0.9845407,0.00039046374,0.019760156,0.0012435163
2019-04-03,1.9093051e-05,0.041233595,0.9430117,0.9842453,0.9842453,0.00039153287,0.01978719,0.0012118956
2019-04-04,1.3710812e-05,0.046466157,0.9399467,0.9864129,0.9864129,0.0003885517,0.019711714,0.0010091038
2019-04-05,1.6186768e-05,0.045757532,0.9394487,0.98520625,0.98520625,0.00038627777,0.01965395,0.0010941623
2019-04-08,1.7601798e-05,0.035968687,0.9491739,0.9851426,0.9851426,0.00038209208,0.019547176,0.0011847151
2019-04-09,1.36631315e-05,0.044457402,0.94201475,0.98647213,0.98647213,0.00039017037,0.019752732,0.0010099987
2019-04-10,9.757793e-06,0.06186505,0.925776,0.98764104,0.98764104,0.00038164298,0.019535685,0.0007895317
2019-04-11,1.13269e-05,0.047685366,0.93949974,0.9871851,0.9871851,0.00036309427,0.019055033,0.0008838866
2019-04-12,8.571815e-06,0.07246835,0.9153583,0.98782665,0.98782665,0.00036078395,0.018994313,0.00070414564
2019-04-15,1.933449e-05,0.03360483,0.95106995,0.9846748,0.9846748,0.0003389402,0.018410329,0.0012616151
2019-04-16,1.389261e-05,0.050343115,0.9354092,0.9857523,0.9857523,0.00036522222,0.019110788,0.0009750763
2019-04-17,2.513651e-05,0.030067116,0.95256484,0.9826319,0.9826319,0.00035783084,0.018916417,0.0014472823
2019-04-18,1.4704796e-05,0.050554592,0.9348562,0.98541075,0.98541075,0.00037977612,0.019487845,0.0010079199
2019-04-22,1.4515446e-05,0.042274334,0.9436567,0.98593104,0.98593104,0.00037539864,0.019375207,0.0010317354
2019-04-23,1.810196e-05,0.038835317,0.94557035,0.98440564,0.98440564,0.0003767766,0.019410733,0.0011608015
2019-04-24,2.2884396e-05,0.04632198,0.9354776,0.9817996,0.9817996,0.0004037659,0.020093927,0.001257357
2019-04-25,2.7363267e-05,0.034254827,0.9473691,0.98162395,0.98162395,0.0004010302,0.02002574,0.0014890721
2019-04-26,1.3208903e-05,0.06756466,0.9177135,0.9852782,0.9852782,0.00042254778,0.020555967,0.00089723355
2019-04-29,8.978937e-06,0.10364253,0.8820724,0.9857149,0.9857149,0.00042987935,0.020733532,0.0006285532
2019-04-30,1.2785201e-05,0.0472809,0.93945765,0.98673856,0.98673856,0.00039997042,0.01999926,0.0009640886
2019-05-01,9.623807e-06,0.0549014,0.93310136,0.9880028,0.9880028,0.00039070103,0.01976616,0.00080216955
2019-05-02,8.7570115e-06,0.07084248,0.916927,0.9877695,0.9877695,0.00039106017,0.019775242,0.00071599695
2019-05-03,7.290146e-06,0.075998925,0.91240937,0.98840827,0.98840827,0.00037702254,0.019417068,0.0006289091
2019-05-06,9.7110415e-06,0.05482493,0.93322295,0.9880479,0.9880479,0.00035655973,0.018882789,0.0008124965
2019-05-07,1.06176185e-05,0.051365566,0.9362655,0.9876311,0.9876311,0.00035772694,0.018913671,0.0008584113
2019-05-08,7.155079e-06,0.076163486,0.91228586,0.98844934,0.98844934,0.0003470116,0.018628247,0.0006194517
2019-05-09,7.390606e-06,0.06619106,0.9228054,0.9889965,0.9889965,0.0003859141,0.019644696,0.0006716599
2019-05-10,7.1526397e-06,0.066978976,0.9220989,0.98907787,0.98907787,0.0003655587,0.019119589,0.00065487565
2019-05-13,7.617747e-06,0.06446367,0.9244687,0.9889324,0.9889324,0.00035016736,0.018712759,0.0006882908
2019-05-14,7.398879e-06,0.06519379,0.92383176,0.98902553,0.98902553,0.00033139708,0.018204315,0.0006741903
2019-05-15,8.741385e-06,0.058561984,0.92985916,0.98842114,0.98842114,0.00032745107,0.018095609,0.0007549436
2019-05-16,8.114752e-06,0.06119797,0.92746514,0.98866314,0.98866314,0.00034117856,0.01847102,0.0007157846
2019-05-17,8.149382e-06,0.060968883,0.9276802,0.9886491,0.9886491,0.00033778834,0.01837902,0.00071794837
2019-05-20,7.632503e-06,0.063577965,0.92533726,0.9889152,0.9889152,0.0003219972,0.01794428,0.0006885561
2019-05-21,7.25562e-06,0.066583745,0.922461,0.9890447,0.9890447,0.0003219531,0.01794305,0.0006622947
2019-05-22,6.8520962e-06,0.06871478,0.920368,0.9890828,0.9890828,0.00033794227,0.018383207,0.000627643
2019-05-23,6.6618545e-06,0.07773775,0.91088206,0.9886198,0.9886198,0.0003677853,0.01917773,0.00058539014
2019-05-24,6.994742e-06,0.09734085,0.8899809,0.98732173,0.98732173,0.00035663767,0.018884853,0.00055171124
2019-05-28,9.0145e-06,0.056008797,0.93231344,0.98832226,0.98832226,0.00033052298,0.01818029,0.00077193865
2019-05-29,9.152286e-06,0.056785304,0.9314766,0.9882619,0.9882619,0.0003191628,0.017865127,0.0007797062
2019-05-30,6.1959854e-06,0.075735964,0.91318136,0.98891735,0.98891735,0.0003286297,0.018128147,0.0005590708
2019-05-31,7.0231517e-06,0.091891065,0.8956848,0.9875758,0.9875758,0.00038877918,0.019717485,0.0005652813
2019-06-03,8.266046e-06,0.1073673,0.87852836,0.98589563,0.98589563,0.000480983,0.021931324,0.00058606296
2019-06-04,7.2293433e-06,0.07092954,0.91782194,0.9887515,0.9887515,0.0004772537,0.021846136,0.0006426923
2019-06-05,7.561953e-06,0.07355219,0.914758,0.9883102,0.9883102,0.00044748862,0.021153927,0.0006468857
2019-06-06,7.545576e-06,0.08602329,0.90166116,0.9876844,0.9876844,0.00043491434,0.0208546,0.0006126858
2019-06-07,7.463442e-06,0.06511097,0.9238208,0.9889318,0.9889318,0.00044426814,0.021077668,0.00067431247
2019-06-10,7.0158108e-06,0.06746205,0.9215022,0.9889642,0.9889642,0.00042006603,0.020495512,0.00063573197
2019-06-11,6.555466e-06,0.08026805,0.9082545,0.9885225,0.9885225,0.00039924635,0.01998115,0.0005711595
2019-06-12,6.6922694e-06,0.07473499,0.914029,0.988764,0.988764,0.00039480047,0.019869586,0.00059560896
2019-06-13,7.0949873e-06,0.08774577,0.90007985,0.98782563,0.98782563,0.00036959373,0.01922482,0.00058278075
2019-06-14,6.9325106e-06,0.06643708,0.92272353,0.9891606,0.9891606,0.0003976789,0.019941889,0.00063956575
2019-06-17,6.9927355e-06,0.073103376,0.9156379,0.9887413,0.9887413,0.0004206179,0.020508971,0.000621095
2019-06-18,6.8089757e-06,0.07125934,0.9176959,0.9889552,0.9889552,0.00039212976,0.019802267,0.000616487
2019-06-19,8.914141e-06,0.0563795,0.93189514,0.98827463,0.98827463,0.0004090992,0.020226201,0.00076024415
2019-06-20,7.1472837e-06,0.07508492,0.9134611,0.988546,0.988546,0.00041840028,0.020454835,0.0006239997
2019-06-21,1.40499305e-05,0.041396234,0.94464934,0.9860456,0.9860456,0.00051309256,0.022651546,0.0010068459
2019-06-24,8.873234e-06,0.0675729,0.91993475,0.98750764,0.98750764,0.0004987607,0.022332951,0.00071029295
2019-06-25,1.1691245e-05,0.09824376,0.8866144,0.98485816,0.98485816,0.00065285165,0.025550961,0.00077211496
2019-06-26,8.947569e-06,0.07944584,0.90782744,0.9872733,0.9872733,0.000591073,0.024311993,0.00070305355
2019-06-27,6.3403213e-06,0.080210224,0.9083021,0.98851234,0.98851234,0.0005496435,0.023444476,0.0005519244
2019-06-28,8.058523e-06,0.07666127,0.9112616,0.9879229,0.9879229,0.0005224642,0.022857476,0.0006672569
2019-07-01,7.711872e-06,0.07493152,0.9133065,0.988238,0.988238,0.00048760386,0.022081753,0.00065565866
2019-07-02,1.1679521e-05,0.0492546,0.93796825,0.98722285,0.98722285,0.00047656673,0.021830408,0.0009140944
2019-07-03,8.403242e-06,0.08805794,0.8990328,0.9870907,0.9870907,0.00046551367,0.021575766,0.0006509451
2019-07-05,7.6256333e-06,0.064582534,0.92438823,0.98897076,0.98897076,0.00047063478,0.021694118,0.0006914013
2019-07-08,1.0020577e-05,0.09577252,0.89003164,0.98580414,0.98580414,0.0006351703,0.025202585,0.0007058803
2019-07-09,7.8917565e-06,0.06681932,0.92182666,0.988646,0.988646,0.0005788093,0.024058456,0.0006950622
2019-07-10,7.4980367e-06,0.06851907,0.9201864,0.98870546,0.98870546,0.00054725714,0.023393529,0.0006638636
2019-07-11,7.419888e-06,0.06620046,0.9226224,0.9888228,0.9888228,0.0005154734,0.02270404,0.0006638424
2019-07-12,7.609969e-06,0.06916073,0.91941845,0.98857915,0.98857915,0.00049148547,0.02216947,0.0006663227
2019-07-15,8.268481e-06,0.0632328,0.9254738,0.9887066,0.9887066,0.0004759027,0.021815194,0.00073215086
2019-07-16,8.088498e-06,0.06453628,0.9242133,0.98874956,0.98874956,0.00046990137,0.021677209,0.00071894977
2019-07-17,9.085851e-06,0.09490949,0.8913146,0.9862241,0.9862241,0.00056212774,0.023709234,0.0006595475
2019-07-18,7.9473375e-06,0.06560781,0.92306775,0.98867553,0.98867553,0.0005101601,0.022586724,0.0007017848
2019-07-19,7.615898e-06,0.07018477,0.91837347,0.98855823,0.98855823,0.0004822606,0.021960432,0.00066562253
2019-07-22,1.4278456e-05,0.041094046,0.9452321,0.98632616,0.98632616,0.00046772376,0.021626921,0.0010442168
2019-07-23,7.650216e-06,0.06705486,0.92172456,0.9887794,0.9887794,0.0004862204,0.022050407,0.0006818025
2019-07-24,8.038122e-06,0.062208112,0.92652845,0.98873657,0.98873657,0.00045748643,0.021388933,0.0007136478
2019-07-25,8.088627e-06,0.073699154,0.91440064,0.9880998,0.9880998,0.0005089725,0.02256042,0.0006797059
2019-07-26,9.567433e-06,0.05538962,0.93273884,0.9881285,0.9881285,0.0004823443,0.021962339,0.000805915
2019-07-29,1.3348829e-05,0.04544933,0.9412095,0.9866588,0.9866588,0.0005227022,0.02286268,0.0010005727
2019-07-30,1.0877742e-05,0.051395126,0.9359605,0.9873556,0.9873556,0.00051275257,0.022644041,0.0008602807
2019-07-31,1.4607621e-05,0.041171554,0.9447216,0.98589313,0.98589313,0.00049093616,0.022157079,0.0010354969
2019-08-01,8.99631e-06,0.08914387,0.89751786,0.98666173,0.98666173,0.0005586545,0.023635874,0.0006744736
2019-08-02,1.3007344e-05,0.1172256,0.8648674,0.982093,0.982093,0.00052731123,0.022963258,0.00072638225
2019-08-05,1.9654428e-05,0.033619158,0.95095754,0.9845767,0.9845767,0.000631914,0.0251379,0.0012743337
2019-08-06,1.894455e-05,0.070788994,0.9115227,0.98231167,0.98231167,0.0006401578,0.02530134,0.0010710196
2019-08-07,2.0568736e-05,0.091029085,0.8889013,0.9799304,0.9799304,0.000630269,0.02510516,0.0010248703
2019-08-08,1.11381605e-05,0.092401564,0.89271367,0.98511523,0.98511523,0.0005965486,0.024424344,0.0007482924
2019-08-09,8.526836e-06,0.06369158,0.9245125,0.98820406,0.98820406,0.00058671425,0.024222186,0.000722862
2019-08-12,1.2922519e-05,0.0457271,0.9410632,0.9867903,0.9867903,0.0005519871,0.023494406,0.0009782598
2019-08-13,1.2497066e-05,0.05079562,0.9359635,0.9867591,0.9867591,0.0005342636,0.023114143,0.0009438248
2019-08-14,1.0962731e-05,0.059052214,0.9274901,0.98654234,0.98654234,0.0005327896,0.023082236,0.00081460923
2019-08-15,2.0390786e-05,0.046276834,0.937314,0.9835908,0.9835908,0.0005052823,0.022478485,0.001242642
2019-08-16,9.919469e-06,0.07874654,0.908228,0.98697454,0.98697454,0.00057140173,0.02390401,0.0007615445
2019-08-19,1.1150925e-05,0.051253114,0.936343,0.98759615,0.98759615,0.0005448386,0.023341779,0.0008989893
2019-08-20,1.4759488e-05,0.04309747,0.94326764,0.98636514,0.98636514,0.00052245887,0.022857359,0.0010824818
2019-08-21,1.2776431e-05,0.047746073,0.9391001,0.98684615,0.98684615,0.0005082067,0.022543442,0.0009713072
2019-08-22,9.049397e-06,0.06273026,0.9254308,0.988161,0.988161,0.0005124599,0.022637578,0.0007643735
2019-08-23,2.1549313e-05,0.031014988,0.95324373,0.9842587,0.9842587,0.00048478702,0.02201788,0.0013689675
2019-08-26,1.6534486e-05,0.038624726,0.9470132,0.9856379,0.9856379,0.00048395642,0.021999009,0.0011512585
2019-08-27,1.1812215e-05,0.05347057,0.9337365,0.98720706,0.98720706,0.00052437827,0.022899307,0.00092333823
2019-08-28,1.2952348e-05,0.04564519,0.94125915,0.9869043,0.9869043,0.00050970423,0.02257663,0.0009890553
2019-08-29,8.295819e-06,0.066056535,0.9224578,0.98851436,0.98851436,0.0005152414,0.02269893,0.0007222777
2019-08-30,1.00095285e-05,0.056513827,0.93142694,0.9879408,0.9879408,0.00051000685,0.022583332,0.00083003176
2019-09-03,1.08839395e-05,0.05782437,0.9293913,0.9872157,0.9872157,0.0004862376,0.022050796,0.0008513519
2019-09-04,8.5034135e-06,0.08495647,0.9022325,0.987189,0.987189,0.0005207268,0.022819439,0.0006637585
2019-09-05,8.094401e-06,0.063327484,0.9254008,0.9887283,0.9887283,0.0005911148,0.024312852,0.0007181162
2019-09-06,7.842301e-06,0.06644084,0.92227644,0.98871726,0.98871726,0.000556072,0.023581179,0.0006950705
2019-09-09,8.482989e-06,0.063324735,0.925301,0.98862576,0.98862576,0.0005620499,0.023707591,0.0007458074
2019-09-10,9.1087795e-06,0.062138055,0.9262751,0.98841316,0.98841316,0.000607198,0.024641387,0.00078613113
2019-09-11,8.062156e-06,0.06544199,0.9232259,0.98866785,0.98866785,0.0005717271,0.023910815,0.0007114407
2019-09-12,7.796662e-06,0.06535249,0.9235128,0.9888653,0.9888653,0.00054339616,0.023310859,0.00070021406
2019-09-13,8.039845e-06,0.064213626,0.9246284,0.988842,0.988842,0.00051467906,0.02268654,0.000720546
2019-09-16,8.319058e-06,0.06295549,0.9257819,0.9887374,0.9887374,0.0004996071,0.022351893,0.0007386448
2019-09-17,1.6863347e-05,0.031884957,0.9527595,0.9846445,0.9846445,0.00051182887,0.022623636,0.0010981939
2019-09-18,6.8949876e-06,0.08774884,0.90011394,0.98786277,0.98786277,0.00050520396,0.022476742,0.0005680856
2019-09-19,1.15404655e-05,0.049732797,0.937701,0.9874338,0.9874338,0.00047320288,0.021753227,0.0009183729
2019-09-20,1.0279018e-05,0.054864235,0.93290967,0.9877739,0.9877739,0.0005273025,0.022963068,0.0008407435
2019-09-23,1.3320131e-05,0.045031082,0.94176614,0.9867972,0.9867972,0.0005023078,0.022412224,0.0010088879
2019-09-24,2.4242147e-05,0.028633446,0.95477724,0.9834107,0.9834107,0.00048667175,0.022060638,0.0014613136
2019-09-25,2.7932294e-05,0.027000394,0.9555346,0.98253495,0.98253495,0.00049140136,0.022167575,0.0015993248
2019-09-26,2.1951077e-05,0.030954838,0.95316225,0.9841171,0.9841171,0.0004974843,0.022304356,0.0013820564
2019-09-27,1.4905067e-05,0.042062756,0.94410205,0.9861648,0.9861648,0.000523654,0.022883488,0.00107733
2019-09-30,3.3909088e-05,0.022708017,0.95848775,0.98119575,0.98119575,0.0005132683,0.022655426,0.001803267
2019-10-01,2.2204558e-05,0.042143714,0.9407368,0.9828805,0.9828805,0.0005477771,0.02340464,0.0012970311
2019-10-02,2.5964635e-05,0.03203519,0.9502456,0.9822808,0.9822808,0.000554667,0.02355137,0.0014653383
2019-10-03,4.069816e-05,0.025729217,0.9531824,0.97891164,0.97891164,0.0005609192,0.023683732,0.0019298872
2019-10-04,1.8927034e-05,0.064400725,0.9184228,0.98282355,0.98282355,0.0006087924,0.024673719,0.0011019177
2019-10-07,3.223893e-05,0.03220982,0.9486229,0.9808327,0.9808327,0.0005845386,0.024177233,0.0016819753
2019-10-08,2.2241667e-05,0.04378354,0.9391858,0.98296934,0.98296934,0.0006007445,0.02451009,0.0013059783
2019-10-09,2.4881256e-05,0.046046764,0.93555546,0.98160225,0.9816022,0.0005882059,0.024252957,0.0013524076
2019-10-10,3.2844313e-05,0.03722914,0.9426595,0.9798886,0.9798886,0.00060099736,0.024515247,0.0016331206
2019-10-11,2.459078e-05,0.030527638,0.95251995,0.9830476,0.9830476,0.0006011949,0.024519276,0.0014505784
2019-10-14,5.993341e-05,0.01820696,0.9571286,0.97533554,0.97533554,0.000597319,0.02444011,0.00242995
2019-10-15,2.73516e-05,0.059386235,0.920555,0.97994125,0.97994125,0.0006475758,0.025447512,0.0013635744
2019-10-16,2.100423e-05,0.07161761,0.90988946,0.98150706,0.98150706,0.00066287,0.025746262,0.0011357975
2019-10-17,3.73896e-05,0.025126318,0.9552076,0.9803339,0.9803339,0.0006409182,0.025316363,0.0019012232
2019-10-18,3.7408132e-05,0.025578648,0.95473254,0.9803112,0.98031116,0.0006507269,0.02550935,0.0018999716
2019-10-21,2.9022884e-05,0.03205468,0.9498296,0.98188424,0.98188424,0.00065870746,0.025665296,0.0016020794
2019-10-22,3.9772392e-05,0.03219013,0.9464391,0.97862923,0.97862923,0.00069571607,0.02637643,0.0018610652
2019-10-23,2.8485329e-05,0.03348615,0.9482546,0.9817407,0.9817407,0.0007057449,0.02656586,0.0015600461
2019-10-24,3.9569753e-05,0.021475026,0.9583658,0.9798408,0.9798408,0.00069841905,0.02642762,0.0019628648
2019-10-25,4.845328e-05,0.025514351,0.9520141,0.97752845,0.97752845,0.00071373954,0.026715904,0.0021562057
2019-10-28,6.2241554e-05,0.017007964,0.9588787,0.97588664,0.97588664,0.00072909775,0.02700181,0.0025812064
2019-10-29,1.712985e-05,0.10446483,0.87717575,0.9816406,0.9816406,0.00082621246,0.028743912,0.00093302777
2019-10-30,1.5668242e-05,0.11914461,0.86205226,0.9811969,0.9811969,0.0011193024,0.033455975,0.0008332788
2019-10-31,1.2812142e-05,0.065078735,0.9213717,0.98645043,0.98645043,0.0011329419,0.0336592,0.00094557577
2019-11-01,1.1416611e-05,0.06755197,0.9194529,0.9870049,0.9870049,0.001086988,0.0329695,0.0008785304
2019-11-04,1.3161385e-05,0.06644197,0.9195353,0.98597723,0.98597723,0.0010737148,0.032767586,0.0009385726
2019-11-05,1.2403665e-05,0.07467763,0.9115154,0.98619306,0.98619306,0.001100886,0.033179604,0.0008983646
2019-11-06,1.1331378e-05,0.060871016,0.92652124,0.98739225,0.98739225,0.0010318735,0.032122787,0.00089876266
2019-11-07,9.980248e-06,0.061837368,0.92619586,0.98803324,0.98803324,0.0009757808,0.03123749,0.0008339972
2019-11-08,1.0142968e-05,0.060998864,0.92705435,0.9880532,0.9880532,0.0009379739,0.03062636,0.00084901147
2019-11-11,1.04286255e-05,0.058863357,0.92909396,0.9879573,0.9879573,0.0008821322,0.029700711,0.0008659706
2019-11-12,9.92444e-06,0.07842417,0.90849936,0.9869235,0.9869235,0.0010135226,0.03183587,0.0007589532
2019-11-13,1.0505842e-05,0.065579586,0.92163354,0.98721313,0.98721313,0.00093342055,0.030551933,0.00082161196
2019-11-14,2.1055472e-05,0.043417737,0.9400925,0.98351026,0.98351026,0.0008748069,0.029577134,0.0012768828
2019-11-15,1.1236459e-05,0.06925135,0.917494,0.98674536,0.98674536,0.0008577129,0.029286735,0.0008477376
2019-11-18,2.0025762e-05,0.041895635,0.94233084,0.98422647,0.98422647,0.0008149851,0.028547943,0.0012695799
2019-11-19,1.4049228e-05,0.059185535,0.92647564,0.9856612,0.98566115,0.0008776021,0.02962435,0.0009798056
2019-11-20,1.2194145e-05,0.09092544,0.8937127,0.98463815,0.98463815,0.0008554072,0.029247345,0.0007937943
2019-11-21,1.3647557e-05,0.059978597,0.9253725,0.9853511,0.9853511,0.00081139826,0.028485054,0.00093164295
2019-11-22,2.4461191e-05,0.052131154,0.9287456,0.9808768,0.9808768,0.0007651572,0.027661476,0.0012791371
2019-11-25,2.3856788e-05,0.07487865,0.9055435,0.98042214,0.98042214,0.0008090819,0.028444365,0.0012185595
2019-11-26,7.12168e-05,0.03004693,0.9410732,0.9711201,0.9711201,0.0009542156,0.030890381,0.0024659657
2019-11-27,1.903755e-05,0.08234973,0.8986845,0.9810342,0.9810342,0.000986786,0.03141315,0.0010037841
2019-11-29,5.582951e-05,0.045803398,0.926968,0.97277135,0.9727714,0.00091908406,0.0303164,0.0020503956
2019-12-02,5.9767954e-05,0.17351703,0.774487,0.94800407,0.94800407,0.0012943819,0.03597752,0.0011494736
2019-12-03,5.959182e-05,0.07729905,0.88823885,0.9655379,0.9655379,0.001138998,0.033749044,0.0017291991
2019-12-04,3.1294243e-05,0.15915614,0.80841005,0.9675662,0.9675662,0.0012433203,0.035260748,0.0009648649
2019-12-05,2.5235406e-05,0.10749376,0.86789554,0.9753893,0.9753893,0.0010832172,0.032912266,0.0010253836
2019-12-06,3.153136e-05,0.14505154,0.8237987,0.96885026,0.96885026,0.0009803476,0.031310502,0.0010122509
2019-12-09,3.0889812e-05,0.10210784,0.8710933,0.9732011,0.9732011,0.0010582542,0.032530818,0.0011526521
2019-12-10,4.6166482e-05,0.13168633,0.8303387,0.96202505,0.96202505,0.0011547403,0.033981472,0.0012157087
2019-12-11,8.224514e-05,0.10103947,0.85218847,0.95322794,0.95322794,0.0010324545,0.032131832,0.0017584244
2019-12-12,4.8811464e-05,0.06284459,0.90901655,0.9718611,0.9718611,0.0009704817,0.031152556,0.0017346629
2019-12-13,3.805695e-05,0.12885872,0.8385757,0.9674344,0.9674344,0.0010189061,0.03192031,0.0011686245
2019-12-16,5.5189234e-05,0.05631471,0.9132236,0.96953833,0.96953833,0.00091644365,0.030272821,0.00181176
2019-12-17,6.3752814e-05,0.043376677,0.9270476,0.9704243,0.9704243,0.00091377593,0.030228727,0.0021555806
2019-12-18,0.000107654516,0.032816894,0.9281734,0.9609903,0.9609903,0.0009145669,0.030241808,0.0027596864
2019-12-19,7.4587675e-05,0.029322313,0.9412585,0.9705808,0.9705808,0.0009630801,0.03103353,0.0025353413
2019-12-20,9.368324e-05,0.027957657,0.93764925,0.9656069,0.9656069,0.000981981,0.031336576,0.0027238985
2019-12-23,7.868356e-05,0.04081159,0.9263162,0.9671278,0.9671278,0.0010306954,0.032104444,0.00239362
2019-12-24,9.2481256e-05,0.03375107,0.9309354,0.96468645,0.96468645,0.0011354734,0.033696786,0.0026188607
2019-12-26,0.0001852878,0.031225557,0.9147829,0.94600844,0.94600844,0.0011616491,0.034082975,0.0034317924
2019-12-27,2.8344846e-05,0.14650899,0.82408434,0.97059333,0.97059333,0.0013419032,0.036631998,0.00096389186
2019-12-30,2.5946953e-05,0.15489915,0.8141991,0.96909827,0.9690982,0.0016777224,0.04096001,0.0008396602
2019-12-31,5.052753e-05,0.093042225,0.8737035,0.96674573,0.96674573,0.0014185195,0.03766324,0.0015194301
2020-01-02,3.137668e-05,0.097388506,0.8769682,0.9743567,0.9743567,0.0012901245,0.035918303,0.0012235825
2020-01-03,2.727869e-05,0.10634286,0.86864173,0.9749846,0.9749846,0.0012556403,0.035435013,0.0010904752
2020-01-06,4.894383e-05,0.07357725,0.8947971,0.9683743,0.9683743,0.0011196554,0.033461254,0.0015475973
2020-01-07,3.7475238e-05,0.050534867,0.92669857,0.9772334,0.9772334,0.0010512869,0.032423556,0.0016460628
2020-01-08,5.9523787e-05,0.07156044,0.89506793,0.9666284,0.9666284,0.0010199462,0.031936597,0.0017836645
2020-01-09,1.6412654e-05,0.10615194,0.8750715,0.98122346,0.98122346,0.0009789777,0.03128862,0.00087410444
2020-01-10,1.5457492e-05,0.050653037,0.93498814,0.9856412,0.9856412,0.0008879065,0.02979776,0.0010765155
2020-01-13,1.5734135e-05,0.066071644,0.9186769,0.98474854,0.98474854,0.00085974915,0.029321479,0.0010316479
2020-01-14,1.6119136e-05,0.05055202,0.93497634,0.98552835,0.98552835,0.00081082067,0.028474912,0.0011138424
2020-01-15,2.9358796e-05,0.035002608,0.946677,0.9816796,0.9816796,0.000774532,0.027830414,0.001602521
2020-01-16,2.7523569e-05,0.044009652,0.93773466,0.9817443,0.9817443,0.00079603004,0.028214004,0.001507669
2020-01-17,3.7416197e-05,0.02951623,0.95043784,0.97995406,0.97995406,0.0007920986,0.028144246,0.0018665228
2020-01-21,8.171517e-05,0.03558089,0.9324608,0.96804166,0.96804166,0.0008286637,0.02878652,0.0025569277
2020-01-22,0.00010192983,0.0658416,0.89061576,0.9564574,0.9564574,0.0009629113,0.031030811,0.0023409207
2020-01-23,9.083598e-05,0.061381716,0.8991628,0.9605445,0.9605445,0.0009614832,0.031007793,0.0023022403
2020-01-24,6.022838e-05,0.0705323,0.8970588,0.9675911,0.9675911,0.00096302363,0.031032622,0.0018583905
2020-01-27,3.4050507e-05,0.057067662,0.92106605,0.9781337,0.9781337,0.00094468467,0.030735724,0.0015572123
2020-01-28,4.7343172e-05,0.03834647,0.937707,0.9760535,0.9760535,0.0009055653,0.030092612,0.0019770374
2020-01-29,2.5223515e-05,0.07458744,0.9041121,0.97869956,0.97869956,0.0009074379,0.030123709,0.0011841784
2020-01-30,1.1837625e-05,0.09520182,0.88957644,0.9847782,0.9847783,0.0009114846,0.030190803,0.00077767705
2020-01-31,2.2232614e-05,0.084292896,0.8961297,0.9804226,0.9804226,0.00088554947,0.029758183,0.0011356274
2020-02-03,2.9524934e-05,0.06856604,0.9097026,0.9782686,0.9782686,0.00081963534,0.028629275,0.0013586315
2020-02-04,1.5760721e-05,0.0905488,0.8926535,0.98320234,0.98320234,0.00078472233,0.028012896,0.0009382687
2020-02-05,2.4549452e-05,0.0870774,0.89227104,0.9793484,0.9793484,0.00079201185,0.028142706,0.0011887446
2020-02-06,1.2228192e-05,0.08079602,0.90394443,0.98474044,0.98474044,0.00073405536,0.027093455,0.0008013461
2020-02-07,1.7884573e-05,0.06150521,0.9223514,0.9838566,0.9838566,0.0006758181,0.025996502,0.0011078579
2020-02-10,1.0749189e-05,0.07955018,0.90684783,0.986398,0.986398,0.00064145896,0.02532704,0.0007902642
2020-02-11,1.36564895e-05,0.10385005,0.8795659,0.98341596,0.98341596,0.0007959509,0.028212601,0.00082347187
2020-02-12,2.3681507e-05,0.08332612,0.8959145,0.9792406,0.9792406,0.00073019986,0.02702221,0.0011407605
2020-02-13,1.1044086e-05,0.13130173,0.8506347,0.9819364,0.98193645,0.0007581897,0.027535245,0.0006113999
2020-02-14,1.2118065e-05,0.089256965,0.8959161,0.98517305,0.98517305,0.00066809566,0.025847547,0.0008172997
2020-02-18,1.3607241e-05,0.080612265,0.90417504,0.9847873,0.9847873,0.0006141201,0.024781447,0.000894465
2020-02-19,1.8632907e-05,0.16038024,0.8143894,0.97476965,0.97476965,0.0010305094,0.03210155,0.0007385117
2020-02-20,9.541335e-06,0.100687675,0.8846253,0.985313,0.985313,0.00088499597,0.029748881,0.0006496449
2020-02-21,1.1061112e-05,0.08215004,0.9041097,0.98625976,0.98625976,0.000824545,0.028714892,0.0008050158
2020-02-24,1.1021225e-05,0.08145014,0.9049118,0.986362,0.986362,0.0007613317,0.02759224,0.000808125
2020-02-25,1.35304035e-05,0.110800475,0.87198234,0.9827828,0.98278284,0.0008409182,0.02899859,0.00078586466
2020-02-26,1.0632819e-05,0.08551409,0.9006858,0.98619986,0.98619986,0.00076043187,0.027575929,0.0007704861
2020-02-27,9.461299e-06,0.077348605,0.90987664,0.98722523,0.98722523,0.0007122341,0.026687715,0.0007406241
2020-02-28,1.8114528e-05,0.11113291,0.86903304,0.98016596,0.98016596,0.0007716911,0.027779328,0.0009133049
2020-03-02,2.5556159e-05,0.13739248,0.8360462,0.9734387,0.9734387,0.000861083,0.029344216,0.000962157
2020-03-03,9.169708e-06,0.1543437,0.82595897,0.9803027,0.9803027,0.0009886606,0.031442974,0.00046553102
2020-03-04,1.292778e-05,0.1142992,0.86851704,0.9828162,0.9828162,0.00092187413,0.03036238,0.00075232453
2020-03-05,1.2575712e-05,0.11295529,0.87000936,0.98296463,0.98296463,0.00083963416,0.028976442,0.0007382121
2020-03-06,1.23593145e-05,0.08825722,0.8969108,0.985168,0.985168,0.00084718247,0.029106399,0.00083328603
2020-03-09,1.5393256e-05,0.15927884,0.81714773,0.97642654,0.9764266,0.00089030137,0.029837918,0.000652991
2020-03-10,5.246462e-05,0.19350599,0.7459269,0.9394329,0.9394329,0.0010025107,0.03166245,0.00086622336
2020-03-11,1.7513139e-05,0.096269354,0.8840601,0.98032945,0.98032945,0.0022095812,0.047006182,0.00089032296
2020-03-12,1.4110895e-05,0.11866826,0.8631094,0.98177767,0.98177767,0.0020587787,0.045373768,0.0007743737
2020-03-13,1.2375065e-05,0.07006496,0.9155832,0.98564816,0.98564816,0.0018370809,0.042861182,0.000862263
2020-03-16,1.450502e-05,0.076093465,0.90822756,0.98432106,0.984321,0.0017107785,0.04136156,0.0009251275
2020-03-17,1.2981735e-05,0.105501324,0.8770671,0.9825684,0.9825684,0.0016327709,0.04040756,0.00074472354
2020-03-18,2.4010535e-05,0.17291346,0.7944416,0.967355,0.967355,0.0016915242,0.041128144,0.0007355045
2020-03-19,0.00014429676,0.20028299,0.66512865,0.86541164,0.86541164,0.002336234,0.048334606,0.001072134
2020-03-20,1.4333843e-05,0.06271874,0.92032504,0.9830438,0.9830438,0.001889452,0.043467827,0.00084534474
2020-03-23,6.0336384e-05,0.1709525,0.77412796,0.94508046,0.94508046,0.0018115501,0.04256231,0.0010986323
2020-03-24,0.0003699878,0.00468975,0.9405323,0.9452221,0.9452221,0.0014628934,0.03824779,0.0067543234
2020-03-25,3.1593903e-05,0.19613494,0.7555899,0.9517248,0.9517248,0.0017505531,0.04183961,0.00065445446
2020-03-26,9.348738e-06,0.1417358,0.83931994,0.98105574,0.98105574,0.0013571702,0.03683979,0.00049348647
2020-03-27,1.7625585e-05,0.07444782,0.90812325,0.98257107,0.98257107,0.0011729347,0.034248132,0.001011283
2020-03-30,1.514234e-05,0.11282314,0.8681129,0.98093605,0.98093605,0.0010829922,0.032908846,0.00079429185
2020-03-31,1.610226e-05,0.07814469,0.90527207,0.98341674,0.98341674,0.0010849871,0.032939143,0.0009709946
2020-04-01,1.9317462e-05,0.03917736,0.94586444,0.9850418,0.9850418,0.001067829,0.032677654,0.0012914294
2020-04-02,1.5822909e-05,0.043971587,0.9418176,0.9857892,0.9857892,0.0010710894,0.032727502,0.001113441
2020-04-03,1.1520367e-05,0.05284586,0.9321796,0.9850254,0.9850254,0.0010460602,0.032342855,0.00076932745
2020-04-06,2.2186734e-05,0.08039774,0.8994211,0.9798188,0.9798188,0.001087578,0.03297845,0.0010993775
2020-04-07,3.9312643e-05,0.18534432,0.77140224,0.9567466,0.9567466,0.0013491269,0.036730465,0.0009088909
2020-04-08,3.111535e-05,0.14399166,0.82653177,0.9705234,0.9705234,0.00193135,0.043947127,0.0010555955
2020-04-09,1.1196271e-05,0.060445696,0.9266205,0.98706615,0.98706615,0.0018327734,0.042810902,0.0008656564
2020-04-13,3.712876e-05,0.15378204,0.81057847,0.96436054,0.9643605,0.0017576778,0.041924667,0.0010417878
2020-04-14,1.5092915e-05,0.1109374,0.87078476,0.9817222,0.9817222,0.0014657103,0.038284596,0.0008257501
2020-04-15,3.2060983e-05,0.16708295,0.79712474,0.9642077,0.9642077,0.0015029362,0.03876772,0.00089575106
2020-04-16,1.7037744e-05,0.06277291,0.9211071,0.98388004,0.98388004,0.0013992235,0.037406195,0.0010569348
2020-04-17,3.305908e-05,0.107516676,0.86597276,0.97348946,0.9734894,0.001487646,0.038570013,0.0012470167
2020-04-20,4.6427653e-05,0.12537153,0.8404608,0.9658323,0.9658323,0.0014863305,0.03855296,0.0013588167
2020-04-21,6.099505e-05,0.20770922,0.7129072,0.92061645,0.9206164,0.002386596,0.0488528,0.0007683588
2020-04-22,0.0003724644,0.0039096996,0.93879884,0.94270855,0.94270855,0.0023865066,0.048851885,0.0065012216
2020-04-23,6.863559e-06,0.089531325,0.8970319,0.9865632,0.9865632,0.002628428,0.051268198,0.0005108033
2020-04-24,2.138931e-05,0.03891421,0.94444996,0.98336416,0.98336416,0.002753239,0.052471314,0.0012857371
2020-04-27,3.5442397e-05,0.052714676,0.9235163,0.9762309,0.976231,0.0026795221,0.0517641,0.0014911136
2020-04-28,0.00080173556,0.15250242,0.55099523,0.70349765,0.70349765,0.0025993546,0.050983865,0.002703977
2020-04-29,3.4228564e-05,0.040426984,0.93777376,0.97820073,0.97820073,0.0022623118,0.047563765,0.0015701704
2020-04-30,1.2485907e-05,0.057882395,0.9278934,0.98577577,0.98577577,0.0022242602,0.047162063,0.0008777913
2020-05-01,6.6913184e-05,0.013094952,0.96345466,0.9765496,0.9765496,0.0021790462,0.046680253,0.0028533952
2020-05-04,4.2118918e-05,0.120110184,0.8440219,0.9641321,0.9641321,0.002178534,0.04667477,0.001174278
2020-05-05,1.9722771e-05,0.06750359,0.9144867,0.9819903,0.9819903,0.0022216886,0.04713479,0.001095118
2020-05-06,1.3098018e-05,0.07415102,0.9106032,0.98475426,0.98475426,0.0023687554,0.04866986,0.0008591267
2020-05-07,3.5688234e-05,0.07223246,0.9015721,0.9738046,0.9738046,0.0028120396,0.05302867,0.0013623851
2020-05-08,2.4331961e-05,0.16635935,0.80179405,0.9681534,0.9681534,0.0026192146,0.05117826,0.0007640368
2020-05-11,2.6250256e-05,0.09815852,0.8775647,0.97572327,0.97572327,0.0023646448,0.048627615,0.0010812928
2020-05-12,3.1848675e-05,0.05791513,0.91990286,0.977818,0.977818,0.0021017152,0.04584447,0.00143579
2020-05-13,4.5764962e-05,0.027931325,0.94895244,0.97688377,0.97688377,0.0021709285,0.046593223,0.0019797762
2020-05-14,0.00014817683,0.03826421,0.91176295,0.95002717,0.95002717,0.0022138106,0.047051147,0.0029651476
2020-05-15,3.2824402e-05,0.14365768,0.8202999,0.9639576,0.9639576,0.0022267757,0.047188725,0.00091071654
2020-05-18,3.235878e-05,0.08135155,0.8918562,0.9732078,0.9732077,0.0019218079,0.04383843,0.0012077674
2020-05-19,5.3506017e-05,0.1903223,0.75199187,0.94231415,0.94231415,0.0022690077,0.047634102,0.0009275414
2020-05-20,4.4070686e-05,0.08046061,0.88954526,0.97000587,0.97000587,0.0018906726,0.043481864,0.0014693104
2020-05-21,0.000112321664,0.019636536,0.9455075,0.96514404,0.96514404,0.0018112394,0.04255866,0.003222452
2020-05-22,9.195806e-05,0.035772964,0.92785645,0.9636294,0.9636294,0.0018487043,0.042996563,0.0025283643
2020-05-26,9.7631055e-05,0.030652504,0.93415916,0.9648117,0.9648117,0.0018128012,0.042577002,0.0027745303
2020-05-27,6.8244306e-05,0.024915801,0.9476783,0.97259414,0.97259414,0.0018294819,0.042772442,0.0024901356
2020-05-28,6.3491905e-05,0.055978898,0.91192985,0.96790874,0.96790874,0.001842265,0.042921614,0.0019784796
2020-05-29,4.171702e-05,0.038274914,0.9393525,0.9776274,0.9776274,0.0019409882,0.044056647,0.0018646475
2020-06-01,4.818959e-05,0.039607156,0.9353023,0.9749095,0.9749095,0.0018706634,0.043251168,0.0019206298
2020-06-02,7.481028e-05,0.096985586,0.85958207,0.95656765,0.95656765,0.0018650626,0.04318637,0.0017224551
2020-06-03,4.802391e-05,0.062439032,0.90831745,0.9707565,0.9707565,0.0016783332,0.040967464,0.0016422065
2020-06-04,8.0171616e-05,0.022158759,0.9501802,0.9723389,0.9723389,0.0016104698,0.04013066,0.002898354
2020-06-05,8.073977e-05,0.024499666,0.94487906,0.9693787,0.9693787,0.0016104206,0.040130045,0.00263672
2020-06-08,6.647159e-05,0.034436043,0.93512636,0.9695624,0.9695624,0.0016142422,0.040177632,0.0021838653
2020-06-09,5.0729275e-05,0.027362486,0.9497042,0.97706664,0.97706664,0.0015765785,0.039706152,0.0022120294
2020-06-10,7.458742e-05,0.021480376,0.9504174,0.9718978,0.9718978,0.0015520634,0.039396238,0.002654147
2020-06-11,0.00013843492,0.009387575,0.95746017,0.9668477,0.9668477,0.0015509154,0.039381664,0.004175728
2020-06-12,2.8790508e-05,0.043949716,0.93639684,0.98034656,0.98034656,0.0016266138,0.0403313,0.0014649094
2020-06-15,0.00010173998,0.013990257,0.95539016,0.96938044,0.96938044,0.0016452583,0.040561784,0.0033227117
2020-06-16,0.00011027063,0.02019627,0.94522274,0.965419,0.965419,0.0016920064,0.041134004,0.003188763
2020-06-17,0.00014169152,0.025083102,0.9324649,0.957548,0.957548,0.0017319932,0.041617222,0.0033376894
2020-06-18,8.9779256e-05,0.033659432,0.93221927,0.9658787,0.9658787,0.0017623327,0.041980147,0.0026311812
2020-06-19,6.338324e-05,0.026419494,0.9459064,0.9723259,0.9723259,0.0017326612,0.041625246,0.002290347
2020-06-22,5.981321e-05,0.022762734,0.95279604,0.97555876,0.97555876,0.0017118106,0.04137403,0.0024472247
2020-06-23,4.530406e-05,0.020941261,0.95818794,0.9791292,0.9791292,0.0016909973,0.041121736,0.0021706906
2020-06-24,4.3448636e-05,0.022606684,0.95656824,0.9791749,0.9791749,0.0016710613,0.040878616,0.0020863602
2020-06-25,9.135205e-05,0.017027413,0.9528414,0.96986884,0.96986884,0.0016555383,0.040688306,0.003031813
2020-06-26,0.00059783785,0.0072410763,0.9107685,0.9180096,0.9180096,0.0017633957,0.041992806,0.0072915573
2020-06-29,0.0005340838,0.0075677945,0.91984934,0.92741716,0.92741716,0.002204462,0.046951696,0.0073582656
2020-06-30,0.00017158891,0.19695407,0.67866266,0.8756167,0.8756167,0.0026977202,0.05193958,0.0013795176
2020-07-01,6.36271e-05,0.09764381,0.86480904,0.9624528,0.9624528,0.002120505,0.046048943,0.001694591
2020-07-02,6.2153085e-05,0.075296886,0.8904502,0.96574706,0.96574706,0.0021091236,0.045925196,0.0018145328
2020-07-06,5.5750803e-05,0.08869085,0.87756634,0.9662572,0.9662572,0.0020445033,0.045216184,0.0016522289
2020-07-07,9.426024e-05,0.06315334,0.8977103,0.96086365,0.96086365,0.0021094347,0.045928583,0.0024085087
2020-07-08,4.768549e-05,0.054626424,0.91893464,0.97356105,0.97356105,0.0020274932,0.045027696,0.0018036074
2020-07-09,4.228355e-05,0.037591483,0.9403178,0.97790927,0.97790927,0.001953353,0.04419675,0.0019140855
2020-07-10,7.473718e-05,0.023891594,0.94901246,0.972904,0.972904,0.0019021287,0.0436134,0.0027582394
2020-07-13,3.7933456e-05,0.031972278,0.9477744,0.9797467,0.9797467,0.0018850544,0.04341721,0.0018729517
2020-07-14,6.578236e-05,0.021308353,0.9540007,0.9753091,0.9753091,0.0018684147,0.04322516,0.0026642322
2020-07-15,9.9674806e-05,0.013366283,0.9577269,0.9710932,0.9710932,0.0018486314,0.042995714,0.0034481413
2020-07-16,7.905099e-05,0.015168159,0.9586539,0.97382206,0.97382206,0.0018746683,0.04329744,0.0030197555
2020-07-17,8.348655e-05,0.014274526,0.95949274,0.9737673,0.9737673,0.0018909897,0.04348551,0.003182535
2020-07-20,7.889503e-05,0.014237837,0.95977354,0.97401136,0.97401136,0.0018979815,0.04356583,0.0030357507
2020-07-21,0.00019553614,0.011775203,0.94558525,0.95736045,0.95736045,0.0019301967,0.043934003,0.0045857923
2020-07-22,8.2025836e-05,0.03397577,0.93183756,0.96581334,0.96581334,0.0020257537,0.045008373,0.0023993521
2020-07-23,9.4847805e-05,0.013043833,0.9588179,0.9718617,0.9718617,0.0019701852,0.044386767,0.0033707747
2020-07-24,0.00011208235,0.026420774,0.93839,0.9648108,0.9648108,0.0020312238,0.045069102,0.003185134
2020-07-27,4.7730406e-05,0.020461919,0.95851374,0.97897565,0.97897565,0.0020226338,0.0449737,0.0022702445
2020-07-28,7.719505e-05,0.013386016,0.9614008,0.9747868,0.9747868,0.0020218366,0.04496484,0.003061694
2020-07-29,5.2204403e-05,0.026310477,0.9508864,0.97719693,0.97719693,0.0020398765,0.04516499,0.0022893588
2020-07-30,4.5591172e-05,0.036729023,0.9405014,0.9772304,0.9772304,0.0020152049,0.044891033,0.002002285
2020-07-31,4.8549693e-05,0.03087047,0.9464682,0.9773387,0.9773387,0.0019474598,0.04413003,0.0021424028
2020-08-03,6.7583445e-05,0.016392933,0.9595261,0.97591907,0.97591907,0.0018999929,0.043588907,0.0028065129
2020-08-04,0.00016633472,0.18690108,0.71029896,0.89720005,0.89720005,0.0022864933,0.04781729,0.0016180428
2020-08-05,5.08519e-05,0.033397187,0.9436096,0.9770068,0.9770068,0.0021370235,0.04622795,0.0022116054
2020-08-06,3.1481934e-05,0.032122888,0.95011395,0.98223686,0.98223686,0.0020673845,0.0454685,0.0017723183
2020-08-07,4.674361e-05,0.023701224,0.9558252,0.97952646,0.97952646,0.002000154,0.044723082,0.002283123
2020-08-10,5.2638672e-05,0.028071737,0.94968516,0.9777569,0.9777569,0.001984931,0.044552565,0.0023665188
2020-08-11,4.2215965e-05,0.023168288,0.9571461,0.9803144,0.9803144,0.0019793385,0.044489756,0.0021445071
2020-08-12,4.651602e-05,0.021206954,0.95852137,0.97972834,0.97972834,0.0019384185,0.044027474,0.002294633
2020-08-13,2.6805126e-05,0.03255679,0.9508047,0.9833615,0.9833615,0.0019060943,0.043658838,0.0016110286
2020-08-14,3.99972e-05,0.024058867,0.9567816,0.9808405,0.9808405,0.0018455555,0.04295993,0.0020875914
2020-08-17,7.466232e-05,0.029772071,0.9424512,0.9722232,0.9722232,0.0019481744,0.04413813,0.0026879401
2020-08-18,3.5023724e-05,0.024410706,0.95735466,0.9817654,0.9817654,0.0019121954,0.043728657,0.0019207279
2020-08-19,5.1120853e-05,0.020294914,0.9584966,0.9787915,0.9787915,0.0018922717,0.04350025,0.0024103918
2020-08-20,3.756106e-05,0.023457028,0.9578845,0.98134154,0.98134154,0.001865169,0.043187603,0.002013085
2020-08-21,3.6245736e-05,0.025648821,0.95586336,0.9815122,0.9815122,0.0018463891,0.04296963,0.0019605206
2020-08-24,7.233602e-05,0.014710024,0.96096617,0.9756762,0.9756762,0.0018426144,0.042925686,0.0029738757
2020-08-25,3.1761498e-05,0.033707593,0.9471764,0.980884,0.980884,0.0018532877,0.043049827,0.0016615151
2020-08-26,4.8891558e-05,0.018720005,0.960526,0.979246,0.979246,0.001790124,0.042309858,0.0023557679
2020-08-27,8.311735e-05,0.012206567,0.9619618,0.97416836,0.97416836,0.0017706617,0.042079233,0.0032176569
2020-08-28,4.139451e-05,0.024267575,0.9562481,0.98051566,0.98051566,0.0018134365,0.042584464,0.0021245014
2020-08-31,4.4670163e-05,0.022138909,0.9575803,0.9797192,0.9797192,0.0017973335,0.04239497,0.0022025863
2020-09-01,5.3945205e-05,0.017517362,0.96103334,0.97855073,0.97855073,0.0017679788,0.04204734,0.0025150138
2020-09-02,0.00012672822,0.011372543,0.9565332,0.96790576,0.96790576,0.0017807033,0.042198382,0.003948628
2020-09-03,7.47871e-05,0.019308267,0.95517945,0.9744877,0.9744877,0.0018329968,0.042813513,0.002931416
2020-09-04,5.8085534e-05,0.016588287,0.96088433,0.9774726,0.9774726,0.0018256352,0.04272745,0.0025784397
2020-09-08,0.000100040124,0.021223553,0.9483152,0.96953875,0.96953875,0.00183887,0.042882048,0.0032841763
2020-09-09,9.6879405e-05,0.046527967,0.915623,0.962151,0.962151,0.0019639223,0.04431616,0.0025596286
2020-09-10,5.3184474e-05,0.019936433,0.9574533,0.97738975,0.97738975,0.0018954317,0.043536555,0.0023522289
2020-09-11,7.5540214e-05,0.019613717,0.95410746,0.9737212,0.9737212,0.0018922547,0.043500055,0.0028745693
2020-09-14,8.431888e-05,0.02176425,0.94887424,0.9706385,0.9706385,0.0018916156,0.04349271,0.002871751
2020-09-15,7.338073e-05,0.028300526,0.9428115,0.971112,0.971112,0.0018863656,0.04343231,0.0025401816
2020-09-16,3.5430232e-05,0.026204154,0.95451415,0.9807183,0.9807183,0.0018661533,0.043198995,0.001837507
2020-09-17,4.7153066e-05,0.019781196,0.95864904,0.9784302,0.9784302,0.0018604174,0.043132555,0.00218607
2020-09-18,0.0005495239,0.049162846,0.82638353,0.8755464,0.8755464,0.002045919,0.045231834,0.004415492
2020-09-21,0.00031423493,0.022528224,0.90993375,0.932462,0.932462,0.0022407223,0.04733627,0.0046527116
2020-09-22,0.0017817952,0.04592443,0.7019274,0.74785185,0.74785185,0.0026238216,0.051223252,0.0070664613
2020-09-23,0.0009973131,0.022104187,0.8289943,0.8510985,0.8510985,0.0036235326,0.060195785,0.006697803
2020-09-24,0.0048346217,0.06280125,0.38077402,0.44357526,0.44357526,0.0044819647,0.066947475,0.0086887255
2020-09-25,0.00022734015,0.07247078,0.8506925,0.9231633,0.9231633,0.0067415386,0.08210687,0.002958744
2020-09-28,0.00017966959,0.08359032,0.8428743,0.9264646,0.9264646,0.006139863,0.07835728,0.002443308
2020-09-29,0.00010627988,0.08889307,0.8570361,0.94592917,0.94592917,0.005381046,0.073355615,0.0019655677
2020-09-30,0.0009221394,0.111406505,0.33690605,0.44831255,0.44831255,0.008209701,0.0906074,0.0016714887
2020-10-01,3.566376e-05,0.09105149,0.87954056,0.970592,0.970592,0.0037073283,0.060887836,0.001212724
2020-10-02,8.9897716e-05,0.037960544,0.92680407,0.9647646,0.9647646,0.0032964132,0.057414398,0.002551346
2020-10-05,8.688971e-05,0.04354448,0.91999483,0.9635393,0.9635393,0.0031932686,0.056509014,0.0023831062
2020-10-06,2.9262672e-05,0.111208774,0.86047447,0.97168326,0.97168326,0.0032398326,0.056919526,0.0010334055
2020-10-07,5.084124e-05,0.03970478,0.9323894,0.9720942,0.9720942,0.0029676526,0.054476164,0.0018218865
2020-10-08,0.0001490327,0.009702522,0.95624596,0.96594846,0.96594846,0.0028631117,0.05350805,0.0043766806
2020-10-09,5.2638774e-05,0.03216224,0.94161505,0.9737773,0.9737773,0.0028875293,0.053735737,0.0020073738
2020-10-12,0.00015592718,0.009283225,0.95623267,0.9655159,0.9655159,0.0028301834,0.053199466,0.0045217136
2020-10-13,0.00011956855,0.010872608,0.95855784,0.96943045,0.96943045,0.0028854683,0.053716555,0.0039113606
2020-10-14,0.00011684016,0.009049773,0.96087426,0.96992403,0.96992403,0.0028863102,0.05372439,0.0038848345
2020-10-15,7.9444704e-05,0.020822847,0.94910586,0.9699287,0.9699287,0.002947567,0.0542915,0.0026418765
2020-10-16,0.00012100424,0.012095397,0.95585114,0.9679465,0.9679465,0.0029324275,0.054151893,0.0037750744
2020-10-19,9.695574e-05,0.010894456,0.9614973,0.9723918,0.9723918,0.0029239715,0.05407376,0.0035118437
2020-10-20,0.00015499865,0.007108245,0.95889306,0.96600133,0.96600133,0.0029090627,0.05393573,0.0045589623
2020-10-21,4.8799764e-05,0.021710373,0.95667815,0.97838855,0.97838855,0.0029567545,0.054376047,0.0022580512
2020-10-22,0.00010926452,0.009724236,0.9615369,0.97126114,0.97126114,0.0029076228,0.053922378,0.0038019787
2020-10-23,6.829841e-05,0.014065813,0.9620005,0.9760663,0.9760663,0.002905304,0.05390087,0.0028536492
2020-10-26,0.000104000675,0.010125583,0.96149284,0.9716184,0.9716184,0.0028651736,0.053527318,0.0036643716
2020-10-27,0.000120168464,0.008783695,0.9609284,0.9697121,0.9697121,0.0028620847,0.053498454,0.0039675375
2020-10-28,4.9351554e-05,0.018003922,0.9607687,0.97877264,0.97877264,0.0028704454,0.053576536,0.0023249032
2020-10-29,5.5895347e-05,0.017677402,0.9603068,0.97798425,0.97798425,0.0028081825,0.052992288,0.0025388799
2020-10-30,5.9036593e-05,0.05701115,0.91389394,0.97090507,0.97090507,0.0029194655,0.05403208,0.002029102
2020-11-02,2.6947993e-05,0.029543545,0.9539347,0.98347825,0.98347825,0.0027419592,0.05236372,0.0016310615
2020-11-03,2.9879826e-05,0.028055644,0.9548236,0.9828793,0.9828793,0.0026750457,0.051720843,0.0017452437
2020-11-04,2.4119152e-05,0.06386653,0.9168798,0.9807463,0.9807463,0.0026801329,0.051769998,0.0012527041
2020-11-05,2.6385469e-05,0.051625602,0.92892367,0.9805493,0.9805493,0.0024825276,0.04982497,0.0013565288
2020-11-06,6.978803e-05,0.022979978,0.95063835,0.9736183,0.9736183,0.0023940313,0.04892884,0.0026453226
2020-11-09,8.207458e-05,0.022426376,0.9487539,0.97118026,0.97118026,0.0023533578,0.04851142,0.0028478599
2020-11-10,3.8444687e-05,0.03611347,0.93957436,0.9756878,0.97568786,0.002317024,0.048135474,0.0015812921
2020-11-11,6.4322594e-05,0.035286102,0.9362245,0.97151065,0.97151065,0.0022506157,0.047440656,0.0022577767
2020-11-12,7.778106e-05,0.019895168,0.9533924,0.9732876,0.9732876,0.0021983471,0.046886533,0.002911794
2020-11-13,0.00011323518,0.011821639,0.95769143,0.96951306,0.96951306,0.002180191,0.046692517,0.0037142192
2020-11-16,0.000106371095,0.01400147,0.9558429,0.9698444,0.9698444,0.0022016957,0.04692223,0.0035274078
2020-11-17,0.00013000442,0.077646635,0.86450094,0.94214755,0.94214755,0.002364033,0.048621323,0.0022471724
2020-11-18,0.00013060366,0.038663603,0.91563606,0.9542997,0.9542997,0.0021739244,0.04662536,0.0028578285
2020-11-19,0.00013433082,0.036838368,0.9171904,0.9540287,0.9540287,0.002123365,0.046079986,0.00292206
2020-11-20,0.00031441075,0.025981328,0.90389323,0.92987454,0.92987454,0.002156626,0.046439487,0.004483546
2020-11-23,0.00018455542,0.038891323,0.9041824,0.9430737,0.9430737,0.0022767324,0.047715116,0.0032420056
2020-11-24,0.0001134522,0.026309593,0.9347523,0.9610619,0.9610619,0.0022636456,0.047577783,0.002913655
2020-11-25,9.891125e-05,0.03725904,0.92288506,0.9601441,0.9601441,0.0022439782,0.047370646,0.0024817218
2020-11-27,0.00012700663,0.053756986,0.89762026,0.9513773,0.9513773,0.0022383714,0.04731143,0.0026120837
2020-11-30,0.00016790842,0.014465697,0.94519114,0.95965683,0.95965683,0.0021541473,0.046412792,0.004162004
2020-12-01,0.00019413226,0.016854204,0.9382316,0.9550858,0.9550858,0.0022067565,0.046976127,0.0043222927
2020-12-02,0.0002899617,0.010179688,0.9376104,0.9477901,0.9477901,0.0022645849,0.047587655,0.005553767
2020-12-03,0.00022434973,0.011859584,0.9402842,0.9521438,0.9521438,0.0024258255,0.04925267,0.004687996
2020-12-04,0.0003762723,0.08244899,0.80289805,0.88534707,0.885347,0.0026315197,0.05129834,0.0032818376
2020-12-07,0.00019869629,0.043804996,0.8954074,0.9392124,0.9392124,0.0025490806,0.05048842,0.0032686968
2020-12-08,0.00016130619,0.12494403,0.79469883,0.91964287,0.91964287,0.002681802,0.051786117,0.0020073662
2020-12-09,0.00022395623,0.08893529,0.8253856,0.9143209,0.9143209,0.002293447,0.047889948,0.0026138953
2020-12-10,0.0001234371,0.10947837,0.8269582,0.93643653,0.93643653,0.002145658,0.046321247,0.0019419504
2020-12-11,0.00015494018,0.08510157,0.84876513,0.9338667,0.9338667,0.0021161414,0.046001535,0.002342846
2020-12-14,0.00015593844,0.049718782,0.8970784,0.9467972,0.9467972,0.001970146,0.044386327,0.002931019
2020-12-15,0.00013234158,0.044271998,0.9086481,0.9529201,0.9529201,0.0019832656,0.04453387,0.0028109984
2020-12-16,9.827031e-05,0.031962097,0.93175954,0.96372163,0.96372163,0.0019344339,0.0439822,0.0027087855
2020-12-17,5.3672855e-05,0.045497004,0.9266485,0.9721455,0.9721455,0.0019007856,0.043598,0.0019269005
2020-12-18,5.4018612e-05,0.029920895,0.9449641,0.974885,0.974885,0.0018255835,0.04272685,0.0021508494
2020-12-21,6.063636e-05,0.024069691,0.9512081,0.9752778,0.9752778,0.0017966455,0.042386856,0.0024527072
2020-12-22,4.6229226e-05,0.021396276,0.9578975,0.97929376,0.97929376,0.0017697219,0.04206806,0.0022326233
2020-12-23,3.6303343e-05,0.03294628,0.9471401,0.9800864,0.9800864,0.0017576871,0.04192478,0.0018230415
2020-12-24,7.366083e-05,0.03962779,0.92700523,0.966633,0.966633,0.0018346023,0.04283226,0.0022075966
2020-12-28,9.150211e-05,0.023493432,0.94471014,0.96820354,0.96820354,0.001822649,0.042692494,0.0028777455
2020-12-29,8.801697e-05,0.15079737,0.7868148,0.9376122,0.9376122,0.0019960478,0.04467715,0.0014108036
2020-12-30,6.474465e-05,0.20469144,0.7230828,0.92777425,0.9277742,0.002358455,0.048563927,0.0008964206
2020-12-31,4.1476484e-05,0.157152,0.8015908,0.9587428,0.9587428,0.0018379285,0.04287107,0.001005315
2021-01-04,3.4557535e-05,0.17954665,0.78110546,0.9606521,0.9606521,0.0018675687,0.043215375,0.00087825645
2021-01-05,2.9703468e-05,0.14777172,0.82170814,0.96947986,0.96947986,0.0015428772,0.039279476,0.00097324146
2021-01-06,1.8463072e-05,0.16409963,0.80926156,0.9733612,0.9733612,0.0016104726,0.040130693,0.0006930893
2021-01-07,1.9364426e-05,0.081002206,0.9006821,0.98168427,0.9816843,0.0013264959,0.03642109,0.0010572565
2021-01-08,1.8865274e-05,0.07636362,0.9060445,0.9824081,0.9824081,0.0012161253,0.03487299,0.0010723845
2021-01-11,1.377794e-05,0.09859206,0.88445127,0.9830433,0.9830433,0.001129112,0.03360226,0.00081253727
2021-01-12,2.6945681e-05,0.036516853,0.9464703,0.98298717,0.98298717,0.0010424909,0.032287627,0.0015838443
2021-01-13,3.59083e-05,0.02928356,0.95112866,0.98041224,0.98041224,0.0010138407,0.031840865,0.0018332013
2021-01-14,5.7496894e-05,0.020705588,0.95633405,0.97703964,0.97703964,0.0010027247,0.031665828,0.0025041804
2021-01-15,8.677646e-05,0.016110757,0.9559554,0.97206616,0.97206616,0.0010268417,0.03204437,0.0031065
2021-01-19,6.255309e-05,0.03273857,0.9407858,0.9735244,0.9735244,0.0010796959,0.032858726,0.0023626685
2021-01-20,4.086944e-05,0.092949964,0.8766258,0.96957576,0.96957576,0.0012486594,0.035336375,0.0013433185
2021-01-21,7.7239325e-05,0.039716583,0.92727923,0.96699584,0.96699584,0.0011360795,0.03370578,0.0023402902
2021-01-22,8.9248264e-05,0.050357003,0.9109659,0.9613229,0.9613229,0.0011448596,0.033835772,0.0023075223
2021-01-25,8.2371575e-05,0.055577375,0.90671617,0.96229357,0.96229357,0.0011485358,0.033890054,0.0021845496
2021-01-26,3.397302e-05,0.15319176,0.812617,0.96580875,0.96580875,0.0013376299,0.036573622,0.0009936173
2021-01-27,1.6576092e-05,0.11468206,0.8656684,0.9803505,0.9803505,0.0011868924,0.034451306,0.00084358826
2021-01-28,1.6450032e-05,0.12664661,0.8531685,0.9798151,0.9798151,0.0012150403,0.03485743,0.00081496825
2021-01-29,1.5092677e-05,0.10627622,0.8760474,0.9823236,0.9823236,0.0012099677,0.03478459,0.0008538314
2021-02-01,1.9119641e-05,0.10588817,0.87420774,0.9800959,0.9800959,0.0012289829,0.03505685,0.0009605892
2021-02-02,3.3253258e-05,0.20885941,0.74030995,0.94916934,0.9491694,0.002282289,0.04777331,0.00065419683
2021-02-03,1.505665e-05,0.12700555,0.85341084,0.9804164,0.9804164,0.0017233563,0.041513328,0.00076884043
2021-02-04,1.5269945e-05,0.12759045,0.85259783,0.9801883,0.98018825,0.0015349468,0.039178398,0.0007707543
2021-02-05,2.0180401e-05,0.1315476,0.84618556,0.97773314,0.97773314,0.0016588296,0.040728733,0.0009062974
2021-02-08,1.5108546e-05,0.1075004,0.87487686,0.98237723,0.98237723,0.0015036688,0.03877717,0.000857331
2021-02-09,1.4951363e-05,0.0960263,0.8870175,0.9830438,0.9830438,0.0013356345,0.036546335,0.00088176323
2021-02-10,1.6253682e-05,0.09500284,0.8874533,0.98245615,0.98245615,0.0012249973,0.034999963,0.00092646026
2021-02-11,2.7493414e-05,0.0577034,0.92280513,0.9805085,0.9805085,0.0011709093,0.03421855,0.0014105339
2021-02-12,2.612114e-05,0.05213702,0.9292273,0.9813643,0.9813643,0.0011204424,0.03347301,0.0014016728
2021-02-16,1.5077097e-05,0.07217766,0.9122066,0.98438424,0.98438424,0.0010796818,0.032858513,0.0009655051
2021-02-17,2.3032422e-05,0.16989599,0.8002425,0.9701385,0.9701385,0.0013749643,0.03708051,0.000771308
2021-02-18,2.2515946e-05,0.043295246,0.9402965,0.98359174,0.98359174,0.0012619495,0.03552393,0.001372232
2021-02-19,2.4889992e-05,0.047386557,0.9351227,0.9825093,0.98250926,0.001290244,0.035919968,0.0014230427
2021-02-22,2.4178025e-05,0.050971474,0.93104464,0.9820161,0.9820161,0.0012321927,0.035102602,0.0013444251
2021-02-23,1.7647404e-05,0.05268038,0.93155795,0.9842383,0.9842383,0.0012462682,0.035302524,0.0011196403
2021-02-24,1.8608765e-05,0.093903325,0.88692886,0.98083216,0.98083216,0.0012119998,0.034813788,0.00097083265
2021-02-25,2.2697146e-05,0.08002684,0.8991878,0.97921467,0.97921467,0.0011003754,0.033171907,0.001091979
2021-02-26,3.0347792e-05,0.05734441,0.9215033,0.97884774,0.97884774,0.0010711063,0.03272776,0.0014347306
2021-03-01,1.8091187e-05,0.09826814,0.88236743,0.9806356,0.9806356,0.0010175954,0.031899773,0.00093424896
2021-03-02,1.1333223e-05,0.09573956,0.8887791,0.98451865,0.98451865,0.00091653573,0.03027434,0.00073205633
2021-03-03,1.6527687e-05,0.09894247,0.88279694,0.9817394,0.9817394,0.00087348465,0.029554773,0.0009051011
2021-03-04,5.514184e-05,0.024218522,0.9514284,0.9756469,0.9756469,0.0007938568,0.028175464,0.002264265
2021-03-05,6.5411834e-05,0.02800316,0.94335496,0.9713581,0.9713581,0.0008255353,0.02873213,0.002283783
2021-03-08,3.6074034e-05,0.04962343,0.9265721,0.9761955,0.9761955,0.00085164054,0.029182881,0.00151543
2021-03-09,3.603837e-05,0.054339644,0.92270744,0.9770471,0.9770471,0.00083434157,0.028884972,0.0015701
2021-03-10,5.407994e-05,0.041764446,0.9304903,0.97225475,0.97225475,0.0008059077,0.028388513,0.0019491606
2021-03-11,3.5282665e-05,0.03287284,0.94674253,0.9796154,0.9796154,0.0008094091,0.028450115,0.0017308482
2021-03-12,3.132515e-05,0.03211645,0.9483222,0.98043865,0.98043865,0.00080410106,0.028356675,0.0016013798
2021-03-15,4.9768143e-05,0.03704942,0.9378891,0.9749385,0.9749385,0.00081493903,0.028547138,0.0019858414
2021-03-16,4.3635377e-05,0.050547093,0.92405176,0.9745988,0.9745989,0.0008905739,0.029842485,0.0017178487
2021-03-17,2.3833954e-05,0.13133791,0.8434508,0.97478867,0.97478867,0.0009155372,0.030257845,0.0009453666
2021-03-18,6.174973e-05,0.04235773,0.9286108,0.97096854,0.97096854,0.0008187684,0.02861413,0.0021269938
2021-03-19,2.4036919e-05,0.1548208,0.81647474,0.97129554,0.97129554,0.00083665934,0.028925065,0.00083739305
2021-03-22,5.54385e-05,0.03819852,0.9342113,0.97240984,0.97240984,0.00078030734,0.027933981,0.002009358
2021-03-23,1.2696833e-05,0.09674565,0.8876552,0.98440087,0.98440087,0.00079759245,0.02824168,0.0008139449
2021-03-24,1.5515714e-05,0.13883169,0.84010905,0.9789407,0.9789407,0.0008013342,0.028307848,0.00073676393
2021-03-25,1.4732328e-05,0.056483053,0.92756283,0.98404586,0.98404586,0.0006911558,0.026289841,0.00092341745
2021-03-26,1.286194e-05,0.10987105,0.87330455,0.9831756,0.9831756,0.00067990145,0.02607492,0.00076448027
2021-03-29,1.5617126e-05,0.044092346,0.94114745,0.9852398,0.9852398,0.0006092236,0.024682455,0.0010580568
2021-03-30,9.002048e-06,0.070153415,0.9177926,0.98794603,0.98794603,0.00059480104,0.024388542,0.0007468121
2021-03-31,9.064549e-06,0.07774972,0.90967155,0.9874213,0.9874213,0.00056947814,0.02386374,0.0007206254
2021-04-01,9.281735e-06,0.064640254,0.9234941,0.9881343,0.9881344,0.00052947935,0.023010418,0.00078223407
2021-04-05,1.06182615e-05,0.051959038,0.93566155,0.9876206,0.9876206,0.0005075958,0.022529887,0.0008577358
2021-04-06,1.118602e-05,0.116932556,0.866569,0.98350155,0.98350155,0.0006129354,0.024757532,0.00067800446
2021-04-07,1.9963736e-05,0.053530827,0.9294803,0.9830111,0.9830111,0.00059862883,0.024466893,0.0011751065
2021-04-08,1.1085161e-05,0.08367102,0.90250117,0.9861722,0.9861722,0.0006123721,0.024746154,0.00080165756
2021-04-09,9.097954e-06,0.074167944,0.91345507,0.98762304,0.98762304,0.00056383526,0.023745216,0.00073507155
2021-04-12,9.03231e-06,0.06850924,0.9194874,0.98799664,0.98799664,0.00052437396,0.022899212,0.0007524817
2021-04-13,8.72441e-06,0.063762814,0.92474043,0.9885032,0.9885032,0.00050455186,0.022462232,0.00075885665
2021-04-14,8.664556e-06,0.070880026,0.9171381,0.9880181,0.98801816,0.00050787354,0.02253605,0.00072313676
2021-04-15,1.0909981e-05,0.050483607,0.9370496,0.9875332,0.9875332,0.00047445693,0.021782033,0.0008751236
2021-04-16,8.420671e-06,0.06606541,0.92242104,0.98848647,0.98848647,0.0004674247,0.021620007,0.00073137175
2021-04-19,8.41851e-06,0.0641522,0.92448086,0.98863304,0.98863304,0.00044429905,0.021078402,0.0007406121
2021-04-20,8.420626e-06,0.06413,0.924503,0.98863304,0.98863304,0.00046129417,0.02147776,0.0007407982
2021-04-21,7.748037e-06,0.066302784,0.92247504,0.9887778,0.9887778,0.00043881932,0.020948015,0.00069042156
2021-04-22,7.833054e-06,0.06514515,0.9237075,0.9888526,0.9888526,0.0004232616,0.020573322,0.0007026812
2021-04-23,8.379141e-06,0.063903235,0.92478204,0.98868525,0.98868525,0.00042796836,0.020687396,0.0007405503
2021-04-26,1.0002161e-05,0.055870675,0.9322115,0.9880822,0.9880822,0.0004070506,0.020175494,0.00083926023
2021-04-27,8.985777e-06,0.06113447,0.927376,0.98851043,0.98851043,0.00041636825,0.020405103,0.0007820812
2021-04-28,8.135217e-06,0.065692104,0.9229531,0.98864526,0.98864526,0.00044839445,0.021175327,0.00071645976
2021-04-29,7.976243e-06,0.06604042,0.9226384,0.9886788,0.9886788,0.00044360783,0.021062,0.0007045412
2021-04-30,8.819618e-06,0.061839174,0.9267024,0.98854154,0.98854154,0.00041865828,0.02046114,0.0007697039
2021-05-03,7.1594277e-06,0.068853654,0.92000365,0.9888573,0.9888573,0.00039986745,0.019996686,0.00064252346
2021-05-04,9.526728e-06,0.05767942,0.93053126,0.9882107,0.9882107,0.00038508093,0.019623479,0.00080808107
2021-05-05,9.87915e-06,0.05536859,0.93263614,0.98800474,0.98800474,0.00036787358,0.019180031,0.00082358805
2021-05-06,9.186873e-06,0.05868447,0.9296359,0.98832035,0.98832035,0.0003580914,0.018923303,0.000786571
2021-05-07,8.535802e-06,0.06038153,0.928182,0.98856354,0.98856354,0.00034268372,0.018511718,0.0007463674
2021-05-10,9.439751e-06,0.056861334,0.9313347,0.988196,0.988196,0.00033313927,0.018252103,0.0007997088
2021-05-11,1.0083243e-05,0.054149233,0.9337711,0.9879203,0.9879203,0.00032393145,0.017998096,0.0008347252
2021-05-12,1.0989135e-05,0.050322477,0.9371823,0.9875048,0.9875048,0.00031604388,0.017777624,0.0008794672
2021-05-13,1.4181246e-05,0.04190946,0.94443,0.98633945,0.98633945,0.00030840427,0.017561443,0.0010381168
2021-05-14,6.4619794e-06,0.06954556,0.9197084,0.98925394,0.98925394,0.00030554848,0.017479945,0.0006013347
2021-05-17,2.039147e-05,0.031247426,0.9530797,0.98432714,0.98432714,0.00028850217,0.016985351,0.0013010686
2021-05-18,7.1079285e-06,0.074757375,0.91381454,0.98857194,0.98857194,0.0003703212,0.019243732,0.0006219717
2021-05-19,7.3490373e-06,0.0760725,0.9122988,0.9883713,0.9883713,0.0004196473,0.020485295,0.0006319748
2021-05-20,6.6075468e-06,0.073777236,0.9150487,0.988826,0.988826,0.00040932462,0.020231772,0.00059133105
2021-05-21,7.0979177e-06,0.06804944,0.92094743,0.98899686,0.98899686,0.0003937032,0.019841956,0.0006450813
2021-05-24,1.0866157e-05,0.050735854,0.9368761,0.98761195,0.98761195,0.0003723881,0.01929736,0.00087714824
2021-05-25,1.8994137e-05,0.033480346,0.95126575,0.9847461,0.9847461,0.00036202525,0.019026961,0.0012451985
2021-05-26,8.767876e-06,0.06002683,0.9283202,0.98834705,0.98834705,0.00036640948,0.019141825,0.00075241714
2021-05-27,7.0566985e-06,0.06987453,0.91899955,0.9888741,0.9888741,0.0003843211,0.01960411,0.0006342574
2021-05-28,9.547375e-06,0.055943795,0.93215114,0.9880949,0.9880949,0.00036535,0.019114131,0.0008019585
2021-06-01,7.2433886e-06,0.06761541,0.92134625,0.98896164,0.98896164,0.00035529403,0.018849244,0.00065620133
2021-06-02,7.214019e-06,0.072712764,0.91589135,0.9886041,0.9886041,0.0004372399,0.020910282,0.00063303794
2021-06-03,1.0334494e-05,0.052744422,0.93501043,0.9877549,0.9877549,0.00041380688,0.020342244,0.0008439684
2021-06-04,7.977142e-06,0.0631082,0.9256602,0.9887684,0.9887684,0.0004035292,0.020088036,0.0007102408
2021-06-07,8.89119e-06,0.05942323,0.9289627,0.9883859,0.9883859,0.00040299847,0.020074822,0.0007655524
2021-06-08,7.367939e-06,0.06697441,0.92197233,0.98894674,0.98894674,0.000387606,0.019687712,0.0006665849
2021-06-09,7.3803803e-06,0.066624224,0.9223217,0.9889459,0.9889459,0.0003887104,0.01971574,0.0006676601
2021-06-10,8.298443e-06,0.06126418,0.92736405,0.9886282,0.9886282,0.0003659148,0.0191289,0.0007297393
2021-06-11,8.282367e-06,0.06143664,0.92719537,0.988632,0.988632,0.00035028518,0.018715907,0.00072857004
2021-06-14,7.5440066e-06,0.07271342,0.91574734,0.9884608,0.9884608,0.0004621101,0.021496747,0.00065377087
2021-06-15,7.8262965e-06,0.064840764,0.9240538,0.9888945,0.9888946,0.000451867,0.021257164,0.000704724
2021-06-16,8.302942e-06,0.06349984,0.92506444,0.9885643,0.98856425,0.0004993552,0.022346256,0.0007260553
2021-06-17,7.697909e-06,0.06588128,0.9229853,0.98886657,0.98886657,0.0004710595,0.021703904,0.0006914228
2021-06-18,6.8220297e-06,0.07081647,0.91807264,0.9888891,0.9888891,0.0004425233,0.021036237,0.00061399426
2021-06-21,9.689372e-06,0.055050425,0.93300277,0.9880532,0.9880532,0.00042252833,0.020555494,0.0008110434
2021-06-22,1.2571938e-05,0.04594472,0.9409871,0.9869318,0.9869318,0.00040683264,0.020170093,0.0009620253
2021-06-23,7.4749605e-06,0.069223836,0.9194611,0.9886849,0.9886849,0.00041562924,0.020386986,0.0006606177
2021-06-24,8.024849e-06,0.06437936,0.9244525,0.9888318,0.9888318,0.00042613898,0.020643134,0.0007185457
2021-06-25,9.268741e-06,0.059705254,0.9286405,0.98834574,0.98834574,0.00044346854,0.021058694,0.00079530943
2021-06-28,1.0133795e-05,0.055889014,0.9321086,0.9879976,0.9879976,0.00045204692,0.021261396,0.0008443134
2021-06-29,7.4367476e-06,0.08436337,0.9033258,0.98768914,0.98768914,0.00049698126,0.022293076,0.00060408015
2021-06-30,9.658241e-06,0.057828244,0.930343,0.9881712,0.9881712,0.00045758692,0.021391282,0.00081650354
2021-07-01,1.1388832e-05,0.051895972,0.93562156,0.98751754,0.98751754,0.00043725022,0.02091053,0.0009123865
2021-07-02,1.4890305e-05,0.042931784,0.9433542,0.986286,0.986286,0.00042102602,0.02051892,0.0010857728
2021-07-06,1.1998551e-05,0.050052766,0.93725836,0.9873111,0.9873111,0.00041707687,0.02042246,0.0009455961
2021-07-07,8.2269535e-06,0.06492363,0.92370504,0.9886287,0.9886287,0.0004173175,0.02042835,0.00072348304
2021-07-08,1.3296201e-05,0.046474233,0.94034725,0.9868215,0.9868215,0.0004017493,0.020043684,0.0010089292
2021-07-09,1.0324076e-05,0.055703018,0.9322261,0.98792917,0.98792917,0.00042122463,0.020523757,0.00085529103
2021-07-12,1.4113689e-05,0.044020526,0.94249856,0.9865191,0.9865191,0.0004037215,0.020092823,0.0010469395
2021-07-13,9.052806e-06,0.061015025,0.927408,0.988423,0.988423,0.00041296572,0.020321557,0.00078196405
2021-07-14,1.5530137e-05,0.040453535,0.945506,0.98595953,0.98595953,0.0004040541,0.020101096,0.0011060981
2021-07-15,7.43804e-06,0.06989019,0.91874206,0.98863226,0.98863226,0.00040127992,0.020031972,0.0006543113
2021-07-16,8.613349e-06,0.06019379,0.92833143,0.9885252,0.9885252,0.0003869299,0.019670533,0.0007506325
2021-07-19,9.762623e-06,0.055871364,0.93221444,0.9880858,0.9880858,0.00038454335,0.019609777,0.0008194112
2021-07-20,7.033887e-06,0.108427994,0.87810963,0.98653764,0.98653764,0.00041325382,0.020328645,0.00052248524
2021-07-21,8.7587005e-06,0.06059937,0.92793363,0.988533,0.988533,0.0004406996,0.020992847,0.00076381926
2021-07-22,7.2411144e-06,0.066602916,0.9224652,0.98906815,0.98906815,0.00044543482,0.021105327,0.00066238694
2021-07-23,8.678011e-06,0.061758105,0.9268032,0.9885613,0.9885613,0.0004265815,0.02065385,0.0007586518
2021-07-26,8.583866e-06,0.06250648,0.92613745,0.98864394,0.98864394,0.00041674357,0.020414298,0.0007558844
2021-07-27,1.3042072e-05,0.047392383,0.9395873,0.98697966,0.98697966,0.0004014341,0.02003582,0.0010016693
2021-07-28,9.871314e-06,0.057832103,0.9302995,0.98813164,0.98813164,0.00043951778,0.02096468,0.0008317338
2021-07-29,9.0821395e-06,0.0610545,0.9273467,0.98840123,0.98840123,0.0004383819,0.020937571,0.0007830264
2021-07-30,1.1525235e-05,0.050921604,0.9365252,0.98744684,0.98744684,0.00041654674,0.020409476,0.00091811456
2021-08-02,9.516987e-06,0.059054047,0.9290699,0.98812395,0.9881239,0.0004682536,0.021639168,0.0008013599
2021-08-03,8.167451e-06,0.0748433,0.913135,0.9879783,0.9879783,0.0004463809,0.021127729,0.00067939115
2021-08-04,8.21026e-06,0.06572599,0.9228503,0.9885763,0.9885763,0.0004564639,0.021365015,0.0007187036
2021-08-05,7.5499333e-06,0.078962065,0.9090684,0.9880305,0.9880305,0.000497684,0.022308832,0.00063076394
2021-08-06,7.950502e-06,0.06420782,0.92466044,0.98886824,0.98886824,0.00046132714,0.021478528,0.0007142176
2021-08-09,7.3621454e-06,0.06799312,0.92084044,0.98883355,0.98883355,0.0004345242,0.020845244,0.0006593092
2021-08-10,7.1946297e-06,0.06956627,0.919193,0.9887593,0.9887593,0.00043283412,0.020804666,0.00064005057
2021-08-11,8.347875e-06,0.061195623,0.9274476,0.9886432,0.9886432,0.00040878388,0.020218404,0.0007350571
2021-08-12,9.1313495e-06,0.058033723,0.93028164,0.98831534,0.98831534,0.00039060882,0.019763825,0.0007814821
2021-08-13,8.427676e-06,0.0626369,0.9259536,0.98859054,0.98859054,0.00042946474,0.020723531,0.0007386568
2021-08-16,8.683445e-06,0.060491595,0.9280504,0.988542,0.988542,0.00042700043,0.020663988,0.00075785135
2021-08-17,8.822221e-06,0.06428049,0.9239899,0.9882704,0.9882704,0.000434192,0.020837275,0.0007521333
2021-08-18,8.2026745e-06,0.06722184,0.9212021,0.98842394,0.98842394,0.00045970985,0.021440845,0.00070858974
2021-08-19,8.848259e-06,0.0593229,0.92904896,0.98837185,0.98837185,0.00043282262,0.02080439,0.0007609343
2021-08-20,8.074199e-06,0.06680031,0.92168677,0.98848706,0.98848706,0.00041277034,0.02031675,0.00070131547
2021-08-23,8.314431e-06,0.06246947,0.92600644,0.9884759,0.9884759,0.00039066983,0.01976537,0.00072148326
2021-08-24,8.860227e-06,0.05467841,0.9334078,0.98808616,0.9880862,0.0004070319,0.020175032,0.0007436922
2021-08-25,1.2787637e-05,0.044685278,0.94214845,0.98683375,0.98683375,0.00039704924,0.019926094,0.0009712438
2021-08-26,9.661538e-06,0.053476024,0.93450135,0.9879774,0.9879774,0.00038687655,0.019669177,0.0008036137
2021-08-27,1.2258617e-05,0.11011619,0.8735844,0.9837006,0.9837006,0.0006428,0.0253535,0.00075208885
2021-08-30,8.74505e-06,0.07175482,0.91622716,0.987982,0.987982,0.00078409887,0.028001765,0.0007276611
2021-08-31,1.0363729e-05,0.05879577,0.929093,0.98788875,0.98788875,0.00074283214,0.027254947,0.00085571123
2021-09-01,1.0067856e-05,0.06765388,0.9199165,0.9875704,0.9875704,0.0007171035,0.026778787,0.0008099907
2021-09-02,1.0003589e-05,0.080599725,0.9062684,0.98686814,0.98686814,0.00086089125,0.029340949,0.0007617802
2021-09-03,9.290411e-06,0.06119463,0.92721474,0.98840934,0.9884094,0.000792936,0.02815912,0.0008015429
2021-09-07,1.19312335e-05,0.052479915,0.93507195,0.98755187,0.98755187,0.00075900386,0.027550025,0.0009584758
2021-09-08,9.048078e-06,0.064660855,0.92360663,0.9882675,0.9882675,0.0007715391,0.027776593,0.00077119656
2021-09-09,1.503439e-05,0.06762805,0.91784674,0.98547477,0.98547477,0.0010682938,0.032684766,0.0010350532
2021-09-10,1.06942325e-05,0.058727667,0.9291519,0.9878796,0.9878796,0.0010336677,0.032150704,0.00088233146
2021-09-13,9.768177e-06,0.06058165,0.9276332,0.98821485,0.98821485,0.0009911247,0.031482134,0.00082885474
2021-09-14,1.4504204e-05,0.06011099,0.9259887,0.98609966,0.98609966,0.0011318986,0.0336437,0.0010434424
2021-09-15,1.2173944e-05,0.05380936,0.93370265,0.987512,0.987512,0.0010646064,0.032628305,0.0009748508
2021-09-16,1.46277025e-05,0.047557473,0.939163,0.9867205,0.9867205,0.0010819649,0.032893237,0.0011015253
2021-09-17,2.3473345e-05,0.033706818,0.95075566,0.9844625,0.9844625,0.0010558263,0.03249348,0.0015107542
2021-09-20,2.1278789e-05,0.037013773,0.9479075,0.9849213,0.9849213,0.001092155,0.03304777,0.0014111798
2021-09-21,1.6802387e-05,0.04245581,0.94361854,0.9860743,0.9860743,0.0010771226,0.032819547,0.0012065765
2021-09-22,1.993308e-05,0.040220506,0.9447039,0.9849244,0.9849244,0.0010899754,0.033014774,0.001322206
2021-09-23,4.6218764e-05,0.019814104,0.9594128,0.97922695,0.97922695,0.0010496388,0.03239813,0.0022249385
2021-09-24,2.23665e-05,0.0399592,0.9437718,0.983731,0.983731,0.0010777719,0.032829437,0.0013747901
2021-09-27,4.0095303e-05,0.022698015,0.95808494,0.980783,0.980783,0.0010820897,0.032895133,0.002086448
2021-09-28,5.9084505e-05,0.059766646,0.90967095,0.9694376,0.9694376,0.00132551,0.036407553,0.0019332416
2021-09-29,3.456036e-05,0.027200636,0.95461845,0.9818191,0.9818191,0.0012981213,0.03602945,0.001900915
2021-09-30,4.8093643e-05,0.03582617,0.9400561,0.97588223,0.97588223,0.0013856674,0.037224554,0.0019941167
2021-10-01,7.900654e-05,0.04064658,0.92744166,0.9680882,0.9680882,0.0015212272,0.039002914,0.002475779
2021-10-04,4.346876e-05,0.030064613,0.9481813,0.97824585,0.97824585,0.0015649546,0.039559506,0.0019981829
2021-10-05,3.2788143e-05,0.050599404,0.92796147,0.97856086,0.97856086,0.0015477014,0.039340835,0.0015293594
2021-10-06,6.3144e-05,0.110778354,0.84946144,0.96023977,0.96023977,0.0018850676,0.043417364,0.0015881194
2021-10-07,6.1497325e-05,0.06232976,0.904645,0.9669748,0.9669748,0.0029132767,0.053974777,0.001862133
2021-10-08,3.503781e-05,0.069624774,0.9051939,0.9748187,0.9748187,0.002696998,0.05193263,0.0013914222
2021-10-11,3.6031757e-05,0.069918565,0.9040648,0.97398335,0.97398335,0.0025034193,0.05003418,0.0013849498
2021-10-12,6.519033e-05,0.06604575,0.89703137,0.9630771,0.9630771,0.0024118798,0.049110893,0.0017655813
2021-10-13,6.103098e-05,0.08900644,0.8725447,0.96155113,0.96155113,0.0022869857,0.04782244,0.0015873283
2021-10-14,6.33798e-05,0.032466862,0.93922096,0.97168785,0.97168785,0.002077991,0.045584984,0.002238608
2021-10-15,6.696191e-05,0.031548265,0.93893915,0.9704874,0.9704874,0.002024913,0.044999033,0.0022689274
2021-10-18,4.675286e-05,0.051775813,0.92003566,0.9718115,0.9718115,0.002046246,0.04523545,0.0016585776
2021-10-19,6.542859e-05,0.08344047,0.87634146,0.95978194,0.95978194,0.0022674613,0.047617868,0.0016268461
2021-10-20,9.003545e-05,0.07038953,0.8833017,0.9536912,0.9536912,0.002085394,0.045666113,0.00194424
2021-10-21,6.334637e-05,0.05204442,0.9139112,0.9659556,0.9659556,0.0019505266,0.044164766,0.0018606995
2021-10-22,6.417266e-05,0.035152998,0.93505156,0.97020453,0.97020453,0.0018516808,0.04303116,0.0021537724
2021-10-25,5.5294e-05,0.030336285,0.94343865,0.9737749,0.9737749,0.0018314847,0.042795848,0.0021084389
2021-10-26,9.8713856e-05,0.13928384,0.7982143,0.93749815,0.93749815,0.0021562418,0.046435352,0.001579375
2021-10-27,4.7978425e-05,0.021053474,0.95705795,0.97811145,0.97811145,0.0018207347,0.042670067,0.0021919413
2021-10-28,4.2766307e-05,0.08445798,0.886687,0.971145,0.971145,0.001850071,0.04301245,0.0014821094
2021-10-29,3.960926e-05,0.077022865,0.8946438,0.97166663,0.97166663,0.0020960534,0.045782678,0.0013979722
2021-11-01,3.3152213e-05,0.1273899,0.8404197,0.9678096,0.9678096,0.0022238563,0.04715778,0.0010298794
2021-11-02,6.4051776e-05,0.060785983,0.904493,0.965279,0.965279,0.0021604742,0.0464809,0.0018447551
2021-11-03,5.162903e-05,0.19446109,0.74721193,0.94167304,0.94167304,0.0022877953,0.047830902,0.0008851658
2021-11-04,6.8441404e-05,0.07992337,0.88230884,0.96223223,0.96223223,0.0018643228,0.043177806,0.0018121644
2021-11-05,4.5086028e-05,0.06612005,0.9061561,0.97227615,0.97227615,0.0017188374,0.041458864,0.0016262543
2021-11-08,2.3676781e-05,0.07944296,0.8990026,0.9784456,0.9784456,0.0016855283,0.041055188,0.0010984658
2021-11-09,4.553026e-05,0.05558461,0.9170059,0.9725905,0.9725905,0.0015594623,0.03949003,0.0016611128
2021-11-10,8.831436e-05,0.08015758,0.8700847,0.9502423,0.9502423,0.0018862055,0.043430466,0.0017748876
2021-11-11,0.00016581369,0.04987596,0.89177436,0.94165033,0.94165033,0.0017611454,0.041966002,0.0028417245
2021-11-12,7.249869e-05,0.119360015,0.83135223,0.95071226,0.95071226,0.0018810611,0.0433712,0.0014709275
2021-11-15,7.192602e-05,0.122129254,0.82773054,0.9498598,0.9498598,0.0022526365,0.04746195,0.001434498
2021-11-16,6.1188846e-05,0.13575907,0.81708944,0.9528485,0.9528485,0.002198299,0.04688602,0.0012977072
2021-11-17,4.6422705e-05,0.12673505,0.83485806,0.9615931,0.9615931,0.0019929558,0.044642534,0.0012087071
2021-11-18,6.0749913e-05,0.11777003,0.8391391,0.9569091,0.9569091,0.0023686402,0.04866868,0.0014098091
2021-11-19,4.9731054e-05,0.11725901,0.8428609,0.9601199,0.9601199,0.002086127,0.045674138,0.0012470144
2021-11-22,7.008537e-05,0.059174143,0.9054921,0.96466625,0.96466625,0.0019350987,0.043989755,0.0019835248
2021-11-23,4.0789546e-05,0.15424794,0.8029595,0.95720744,0.95720744,0.002006724,0.044796474,0.0009531925
2021-11-24,4.205352e-05,0.12819691,0.8332909,0.96148777,0.96148777,0.0018598676,0.04312618,0.0010919524
2021-11-26,4.8224407e-05,0.05134873,0.92080986,0.9721586,0.9721586,0.0016448817,0.040557142,0.0017321121
2021-11-29,7.05205e-05,0.16647413,0.77537024,0.9418444,0.94184434,0.0018314467,0.042795405,0.0012126176
2021-11-30,3.5430778e-05,0.2049996,0.74063325,0.9456328,0.9456328,0.0036943287,0.06078099,0.0006516942
2021-12-01,5.9608148e-05,0.1598401,0.7879915,0.94783163,0.94783163,0.0035279025,0.059396148,0.0011426109
2021-12-02,0.00011642138,0.16161253,0.7551568,0.9167693,0.9167693,0.0036194501,0.060161866,0.0013987798
2021-12-03,7.9137135e-05,0.18114503,0.74250346,0.9236485,0.9236485,0.0032282013,0.056817263,0.001036484
2021-12-06,0.0001218731,0.15026227,0.76811767,0.91837996,0.9183799,0.0025399092,0.05039751,0.0014931762
2021-12-07,9.8991106e-05,0.2039626,0.64200306,0.8459657,0.8459656,0.0043061133,0.06562098,0.0006426562
2021-12-08,5.425458e-05,0.20854072,0.70902556,0.9175663,0.9175663,0.0029038233,0.053887136,0.0006581602
2021-12-09,6.580376e-05,0.20640497,0.70437336,0.91077834,0.91077834,0.0022843631,0.047795013,0.0007375313
2021-12-10,6.660703e-05,0.1693091,0.76878273,0.9380918,0.9380918,0.001674849,0.040924918,0.0010759002
2021-12-13,5.5064233e-05,0.1734671,0.7693804,0.9428475,0.9428475,0.001495551,0.038672354,0.0009634613
2021-12-14,0.00015785065,0.0565767,0.8827815,0.9393582,0.93935823,0.0014031783,0.037459023,0.0026029996
2021-12-15,0.00010025071,0.083193645,0.864315,0.94750863,0.94750863,0.0014050535,0.037484042,0.0019098514
2021-12-16,8.0088554e-05,0.07870084,0.87667525,0.9553761,0.9553761,0.0013328275,0.03650791,0.0017947452
2021-12-17,8.8030894e-05,0.07155373,0.8816312,0.9531849,0.9531849,0.0012553637,0.035431113,0.0018803955
2021-12-20,0.000110324516,0.03854904,0.9193312,0.95788026,0.95788026,0.0012239404,0.03498486,0.0026193066
2021-12-21,0.000118293116,0.0501021,0.9042646,0.95436674,0.95436674,0.0012926355,0.03595324,0.0025922568
2021-12-22,8.068259e-05,0.04171285,0.92070174,0.9624146,0.9624146,0.0012915048,0.035937514,0.0021466485
2021-12-23,9.690611e-05,0.026169151,0.9389322,0.9651013,0.96510136,0.0013012872,0.036073357,0.002776783
2021-12-27,0.00014117951,0.044060647,0.90238124,0.9464419,0.9464419,0.0014238951,0.037734535,0.002636006
2021-12-28,9.425918e-05,0.12762822,0.8127346,0.9403628,0.9403628,0.0017422658,0.04174046,0.0015805436
2021-12-29,4.5118082e-05,0.11358631,0.84970343,0.96328974,0.96328974,0.0015103933,0.038863778,0.0012290318
2021-12-30,3.3304368e-05,0.104882315,0.86626804,0.97115034,0.97115034,0.0013348395,0.036535457,0.001154411
2021-12-31,8.1666316e-05,0.20570208,0.69909996,0.904802,0.904802,0.002751444,0.052454207,0.0008578577
2022-01-03,4.475644e-05,0.1685893,0.7867612,0.9553505,0.9553505,0.0024513744,0.04951136,0.0010023955
2022-01-04,2.4554187e-05,0.17503439,0.7912587,0.9662931,0.9662931,0.0020605698,0.0453935,0.00072846166
2022-01-05,3.0576553e-05,0.19315527,0.76378095,0.95693624,0.95693624,0.0017716682,0.04209119,0.0007100298
2022-01-06,2.4003723e-05,0.18509473,0.78015345,0.96524817,0.96524817,0.001751591,0.041852012,0.0006907182
2022-01-07,1.632893e-05,0.12464093,0.85446364,0.9791046,0.9791046,0.0014504205,0.038084388,0.0007814597
2022-01-10,2.0469497e-05,0.12883934,0.84737456,0.97621393,0.97621393,0.0013473517,0.03670629,0.0008605667
2022-01-11,2.1706552e-05,0.13267663,0.84272385,0.9754005,0.97540045,0.0013786247,0.037129834,0.00088239834
2022-01-12,1.6836006e-05,0.14662953,0.8296318,0.9762613,0.9762613,0.0014069478,0.037509304,0.0007092224
2022-01-13,6.943046e-05,0.19630645,0.73593265,0.9322391,0.9322391,0.0038147364,0.06176355,0.0010246392
2022-01-14,3.3312932e-05,0.20692852,0.7425245,0.949453,0.949453,0.0061233826,0.07825205,0.0006590486
2022-01-18,1.8761153e-05,0.16301896,0.80931586,0.9723348,0.9723348,0.004580651,0.06768051,0.00067815
2022-01-19,2.0735752e-05,0.18108727,0.7869612,0.96804845,0.96804845,0.00373023,0.06107561,0.0006489749
2022-01-20,2.3616276e-05,0.1872948,0.7764212,0.963716,0.963716,0.0036176424,0.060146842,0.0006508725
2022-01-21,2.8013726e-05,0.18875462,0.7699071,0.95866174,0.95866174,0.003468615,0.058894947,0.0006776706
2022-01-24,3.113885e-05,0.18748283,0.7695729,0.95705575,0.95705575,0.0031841598,0.056428358,0.00072509935
2022-01-25,2.5828895e-05,0.11167269,0.8613393,0.973012,0.973012,0.0024912562,0.049912486,0.00095705
2022-01-26,1.9478e-05,0.16628939,0.80386996,0.97015935,0.97015935,0.0021765719,0.046653744,0.00065273384
2022-01-27,2.2798093e-05,0.18972412,0.77361155,0.9633357,0.96333563,0.0022540677,0.04747702,0.0006218062
2022-01-28,0.053750757,3.2211137e-11,9.046908e-07,9.0472304e-07,9.0472304e-07,0.029442132,0.1715871,0.053750806
2022-01-31,0.000714963,0.012853619,0.038563535,0.051417153,0.051417153,0.053750783,0.23184215,0.00075371703
2022-02-01,0.0011219877,0.11959439,0.404849,0.5244434,0.5244434,0.0028194333,0.053098336,0.0023593146
2022-02-02,0.0010220878,0.116247915,0.37640554,0.49265346,0.49265346,0.0023403098,0.04837675,0.0020145753
2022-02-03,0.0021922346,0.049963642,0.15204965,0.20201328,0.20201328,0.0044075083,0.06638907,0.0027472067
2022-02-04,0.00015128966,0.1879181,0.60131836,0.7892364,0.7892364,0.0035573887,0.05964385,0.00071781693
2022-02-07,0.0003606964,0.085775316,0.75619864,0.84197396,0.84197396,0.0031245968,0.055898093,0.0022825124
2022-02-08,0.00030136725,0.15912798,0.6232295,0.78235745,0.78235745,0.003233,0.056859475,0.0013846891
2022-02-09,0.0003832222,0.12738942,0.676936,0.8043254,0.8043254,0.0023187886,0.048153803,0.0019584668
2022-02-10,0.0003970944,0.14205377,0.6167148,0.75876856,0.75876856,0.0023770172,0.048754662,0.0016461138
2022-02-11,0.00020929206,0.16273443,0.6704459,0.83318037,0.83318037,0.0018846823,0.043412928,0.0012546009
2022-02-14,0.0002337279,0.111319706,0.75904197,0.8703617,0.8703617,0.0014759504,0.0384181,0.001802923
2022-02-15,0.00018425917,0.12674132,0.7613702,0.8881115,0.8881115,0.0017911766,0.042322293,0.0016468102
2022-02-16,0.00019319708,0.08014381,0.831514,0.9116578,0.9116578,0.0016358207,0.04044528,0.0021869175
2022-02-17,0.00021068208,0.113363706,0.77504224,0.8884059,0.8884059,0.0022224775,0.047143158,0.0018879323
2022-02-18,0.00025788584,0.031950485,0.8860969,0.91804737,0.91804737,0.0022166679,0.047081504,0.0031467672
2022-02-22,0.00018576866,0.038896527,0.889937,0.9288335,0.9288335,0.0022267695,0.04718866,0.002610338
2022-02-23,0.00021859999,0.019989202,0.91308826,0.93307745,0.93307745,0.002176456,0.046652503,0.0032664626
2022-02-24,0.00013970444,0.04100837,0.8990542,0.9400626,0.9400626,0.0022211422,0.047128994,0.0023308385
2022-02-25,0.00043736398,0.006556608,0.9124382,0.91899484,0.91899484,0.0021423053,0.046285044,0.005399212
2022-02-28,0.00038737012,0.0039245454,0.9336177,0.93754226,0.93754226,0.0023951107,0.04893987,0.0062021157
2022-03-01,0.00058182975,0.022746235,0.85571456,0.8784608,0.87846076,0.0026243855,0.051228758,0.0047871787
2022-03-02,4.006136e-05,0.1345303,0.82270855,0.95723885,0.95723885,0.0028609496,0.053487845,0.0009368636
2022-03-03,0.00014044587,0.13614562,0.77249396,0.9086396,0.90863955,0.002616685,0.05115354,0.0015372732
2022-03-04,0.00022169974,0.034406323,0.90231764,0.93672395,0.93672395,0.002171039,0.04659441,0.003503691
2022-03-07,8.219409e-05,0.12817822,0.80842155,0.9365998,0.9365998,0.0023070455,0.048031714,0.0012964325
2022-03-08,0.00017001435,0.03679202,0.907898,0.94469005,0.94469005,0.0021223496,0.046068966,0.0030738474
2022-03-09,0.00036161172,0.16326159,0.62634873,0.7896103,0.7896103,0.002253305,0.04746899,0.0017187712
2022-03-10,1.17263935e-05,0.091881715,0.8907553,0.982637,0.982637,0.0017729664,0.042106606,0.0006753663
2022-03-11,7.910403e-05,0.07175615,0.886237,0.95799315,0.95799315,0.0016402059,0.040499456,0.0018831221
2022-03-14,4.2872216e-05,0.13391908,0.82528806,0.9592071,0.9592071,0.0015622873,0.03952578,0.001050973
2022-03-15,3.410192e-05,0.06606555,0.9093165,0.97538203,0.97538203,0.0013587407,0.0368611,0.001385245
2022-03-16,2.5659809e-05,0.05594418,0.9237469,0.9796911,0.9796911,0.001294248,0.035975657,0.0012634753
2022-03-17,0.00013883895,0.0721063,0.868899,0.9410053,0.9410053,0.001305673,0.036134098,0.0023534135
2022-03-18,5.6702484e-05,0.14150523,0.8061518,0.94765705,0.94765705,0.0014530146,0.03811843,0.0010832879
2022-03-21,8.223958e-05,0.05876022,0.9017823,0.9605425,0.9605425,0.0013206038,0.036340114,0.0020842573
2022-03-22,5.581061e-05,0.05160522,0.91587234,0.96747756,0.96747756,0.0012766985,0.035730917,0.0017160648
2022-03-23,4.2428463e-05,0.13649684,0.8269866,0.96348345,0.96348345,0.0013935125,0.03732978,0.0011618969
2022-03-24,6.436699e-05,0.068762355,0.89398307,0.9627454,0.9627454,0.0012055213,0.03472062,0.0017277609
2022-03-25,4.993631e-05,0.06690529,0.9035245,0.9704298,0.9704298,0.0012124802,0.034820687,0.0016887364
2022-03-28,3.884376e-05,0.024250073,0.95569295,0.97994304,0.97994304,0.0012105557,0.03479304,0.001936672
2022-03-29,1.15148105e-05,0.06309967,0.92304355,0.98614323,0.98614323,0.0011987874,0.034623507,0.00083098817
2022-03-30,2.2102304e-05,0.09556798,0.882547,0.978115,0.978115,0.001180735,0.034361824,0.0010099304
2022-03-31,2.6640442e-05,0.097016364,0.8784541,0.9754705,0.9754704,0.0012972709,0.036017645,0.0010860566
2022-04-01,2.2712542e-05,0.09290487,0.885391,0.97829586,0.97829586,0.0011707005,0.034215502,0.0010464614
2022-04-04,1.9064233e-05,0.037401274,0.9477256,0.98512685,0.98512685,0.0010772839,0.032822,0.0012817888
2022-04-05,5.5523935e-05,0.03189314,0.9418221,0.97371525,0.97371525,0.001040087,0.03225038,0.0021124007
2022-04-06,3.2583266e-05,0.0545303,0.92414385,0.9786742,0.9786742,0.0011305821,0.033624128,0.0015278782
2022-04-07,2.0097592e-05,0.04507211,0.9390147,0.9840868,0.98408675,0.0010774083,0.032823898,0.0012629519
2022-04-08,2.7116932e-05,0.03630628,0.94645625,0.9827625,0.9827625,0.0011607885,0.034070347,0.0015731375
2022-04-11,2.2186305e-05,0.04904421,0.93359476,0.98263896,0.98263896,0.001131529,0.03363821,0.001277936
2022-04-12,3.116511e-05,0.05951776,0.9192696,0.97878736,0.97878736,0.0012363492,0.03516176,0.0014691765
2022-04-13,1.9353694e-05,0.05937979,0.92298436,0.9823642,0.9823642,0.0011696783,0.03420056,0.0010974081
2022-04-14,2.5343146e-05,0.09933568,0.87739074,0.9767264,0.9767264,0.0012277269,0.035038933,0.0010889231
2022-04-18,2.5486044e-05,0.0514735,0.9302369,0.9817104,0.9817104,0.0012828003,0.035816204,0.00139347
2022-04-19,4.1954147e-05,0.028927412,0.9507658,0.9796932,0.9796932,0.0014639748,0.038261924,0.002066012
2022-04-20,2.6630814e-05,0.11814854,0.8555759,0.9737245,0.9737245,0.0016464889,0.04057695,0.001013522
2022-04-21,3.4503693e-05,0.09106413,0.8817619,0.97282606,0.97282606,0.0015692424,0.039613664,0.0012697348
2022-04-22,2.4463685e-05,0.060328066,0.92032355,0.9806516,0.9806516,0.0014190685,0.037670527,0.0012643788
2022-04-25,6.385597e-05,0.09245292,0.8674682,0.9599211,0.9599211,0.0015662957,0.039576456,0.0015932574
2022-04-26,0.00016996793,0.052546125,0.88746774,0.9400139,0.9400139,0.0014620172,0.038236335,0.0028334544
2022-04-27,0.000100301506,0.10351401,0.8377691,0.9412831,0.9412831,0.0015057238,0.038803656,0.0017082223
2022-04-28,3.3400363e-05,0.17412347,0.78642493,0.9605484,0.9605484,0.0017257682,0.041542366,0.0008466162
2022-04-29,3.0545354e-05,0.18827985,0.7689504,0.95723027,0.95723027,0.0018863076,0.043431643,0.0007141816
2022-05-02,1.1368633e-05,0.06954061,0.91639996,0.9859406,0.9859406,0.0019630636,0.044306472,0.00080861297
2022-05-03,8.606288e-06,0.07758407,0.9095481,0.9871322,0.9871322,0.0018797456,0.043356035,0.00066882314
2022-05-04,1.5910522e-05,0.16557269,0.8095666,0.9751393,0.9751393,0.0020196147,0.04494012,0.0006399874
2022-05-05,1.2621899e-05,0.11298562,0.8694159,0.9824015,0.9824015,0.0021803505,0.046694223,0.0007172141
2022-05-06,1.9937297e-05,0.036120106,0.9491462,0.9852663,0.9852663,0.0021172436,0.046013515,0.0013531791
2022-05-09,1.2504414e-05,0.10394705,0.8789788,0.98292583,0.98292583,0.0023080173,0.048041828,0.00073235866
2022-05-10,3.7730075e-05,0.21561539,0.719279,0.9348944,0.9348944,0.0039350367,0.06272987,0.00057952106
2022-05-11,4.6427544e-05,0.17227754,0.77939475,0.9516723,0.9516723,0.003408008,0.058378145,0.00096068217
2022-05-12,1.3218283e-05,0.16204911,0.8133289,0.97537804,0.97537804,0.0029035565,0.05388466,0.00053684926
2022-05-13,1.8066119e-05,0.17152816,0.79917747,0.9707056,0.9707056,0.002402493,0.04901523,0.0006167096
2022-05-16,1.3682841e-05,0.1435269,0.83383065,0.97735757,0.97735757,0.0019541,0.044205204,0.0006043008
2022-05-17,2.1969081e-05,0.055145785,0.92592555,0.98107135,0.98107135,0.0018473766,0.042981118,0.0011606261
2022-05-18,1.976277e-05,0.08165571,0.89838696,0.9800427,0.9800427,0.0018345475,0.04283162,0.0009902525
2022-05-19,1.7788469e-05,0.042993035,0.94193554,0.98492855,0.98492855,0.0016729713,0.04090197,0.0011802757
2022-05-20,1.7057822e-05,0.093754195,0.8862342,0.9799884,0.9799884,0.0015957202,0.039946467,0.00085239654
2022-05-23,1.8508497e-05,0.043838974,0.9404958,0.98433477,0.98433477,0.0015008565,0.03874089,0.0011815015
2022-05-24,2.5414825e-05,0.08148708,0.8963392,0.97782624,0.97782624,0.0017023472,0.04125951,0.0011461666
2022-05-25,2.0668389e-05,0.03807775,0.94640875,0.9844865,0.9844865,0.0015543626,0.039425407,0.0013322858
2022-05-26,1.817087e-05,0.05063651,0.93347764,0.98411417,0.98411417,0.0015068192,0.038817767,0.0011438413
2022-05-27,1.6143258e-05,0.061693963,0.92236996,0.9840639,0.9840639,0.0014271229,0.03777728,0.0010130007
2022-05-31,1.8287752e-05,0.05102733,0.93256325,0.9835906,0.9835906,0.0013579573,0.03685047,0.0011144682
2022-06-01,1.8491453e-05,0.13777606,0.8380843,0.97586036,0.97586036,0.0015262833,0.03906768,0.00076602015
2022-06-02,1.9135492e-05,0.13389227,0.842751,0.9766433,0.9766433,0.0018917192,0.043493897,0.0008192729
2022-06-03,1.6378104e-05,0.12884955,0.848767,0.97761655,0.97761655,0.001692819,0.04114388,0.0007317059
2022-06-06,1.7176559e-05,0.11173629,0.8672487,0.978985,0.978985,0.0014560025,0.0381576,0.000817348
2022-06-07,2.5496694e-05,0.19852895,0.7619561,0.96048504,0.96048504,0.0021812362,0.046703707,0.0006452416
2022-06-08,1.2180004e-05,0.08066395,0.9044765,0.9851405,0.98514044,0.0016891836,0.04109968,0.00081967807
2022-06-09,2.0241772e-05,0.06926222,0.9116346,0.98089683,0.98089683,0.0018897551,0.043471314,0.0010596028
2022-06-10,2.7563256e-05,0.11396462,0.8595514,0.97351605,0.97351605,0.0018057725,0.042494383,0.0010407531
2022-06-13,2.0398396e-05,0.05743649,0.92527854,0.982715,0.982715,0.0015974719,0.039968386,0.001180122
2022-06-14,1.9988905e-05,0.049360357,0.9343364,0.98369676,0.98369676,0.0015416362,0.039263677,0.0012260694
2022-06-15,0.0019655582,0.09798605,0.42375588,0.5217419,0.5217419,0.0030605611,0.055322338,0.0041098273
2022-06-16,0.00015649218,0.16735058,0.7291236,0.8964742,0.8964742,0.003361782,0.057980876,0.0015116247
2022-06-17,3.78344e-05,0.12964694,0.8325035,0.96215045,0.96215045,0.0026139116,0.051126428,0.0009995999
2022-06-21,9.741953e-05,0.1735446,0.74629694,0.9198415,0.9198415,0.0028861552,0.053722948,0.0012153366
2022-06-22,0.00010130065,0.15083697,0.7707982,0.9216352,0.92163515,0.0023178372,0.048143923,0.0012926806
2022-06-23,0.00010056731,0.14815761,0.7785739,0.92673147,0.92673147,0.001896423,0.04354794,0.0013725853
2022-06-24,0.00016595623,0.10725439,0.81049395,0.91774833,0.91774833,0.0028970763,0.053824496,0.002017664
2022-06-27,0.00011243696,0.100548536,0.82901025,0.9295588,0.92955875,0.0025148864,0.050148644,0.0015961821
2022-06-28,7.8473524e-05,0.069433436,0.8863682,0.95580167,0.95580167,0.002395451,0.048943345,0.001775486
2022-06-29,3.4355355e-05,0.17574295,0.7778144,0.9535574,0.9535574,0.0022060233,0.046968322,0.00073973753
2022-06-30,6.1963736e-05,0.044295352,0.92399526,0.9682906,0.9682906,0.001761248,0.041967224,0.0019541143
2022-07-01,0.0008843193,0.13765211,0.5141927,0.6518448,0.6518448,0.0031317812,0.05596232,0.0025400147
2022-07-05,0.0001554339,0.180908,0.6911496,0.87205756,0.87205756,0.0029123905,0.053966567,0.0012148736
2022-07-06,0.00015623285,0.12170371,0.7943499,0.9160536,0.9160536,0.0024105143,0.049096987,0.0018611023
2022-07-07,0.00020448965,0.06898079,0.8517018,0.9206826,0.9206826,0.0020715874,0.045514695,0.0025781188
2022-07-08,0.00058265333,0.11878567,0.360245,0.47903067,0.47903067,0.0032022146,0.056588113,0.0011184023
2022-07-11,6.0328308e-05,0.097218916,0.85785925,0.9550782,0.9550782,0.0019503594,0.044162873,0.0013429624
2022-07-12,0.00011627791,0.18222243,0.7198516,0.90207404,0.90207404,0.0021211414,0.04605585,0.0011874064
2022-07-13,0.00023662946,0.10309266,0.7973369,0.90042955,0.90042955,0.0019582675,0.044252317,0.0023765028
2022-07-14,0.0001336354,0.1312225,0.7900144,0.9212369,0.9212369,0.0024930295,0.049930245,0.0016966746
2022-07-15,7.7823715e-05,0.077375,0.87637275,0.95374775,0.95374775,0.0021259896,0.046108454,0.001682593
2022-07-18,8.450689e-05,0.032619093,0.93213683,0.96475595,0.96475595,0.0022320154,0.04724421,0.0023977635
2022-07-19,4.5685363e-05,0.026227873,0.9505465,0.9767744,0.9767744,0.002299126,0.047949202,0.0019670257
2022-07-20,4.0599283e-05,0.04213339,0.9326644,0.9747978,0.9747978,0.0022531122,0.04746696,0.0016109411
2022-07-21,8.678452e-05,0.07810015,0.8771173,0.9552174,0.9552174,0.00254328,0.050430942,0.0019379081
2022-07-22,7.2645315e-05,0.027019555,0.94328755,0.9703071,0.9703071,0.0023241567,0.048209507,0.002446556
2022-07-25,7.001285e-05,0.013411547,0.96175057,0.9751621,0.9751621,0.0023207727,0.0481744,0.0028187898
2022-07-26,3.5826346e-05,0.03946412,0.93747944,0.97694355,0.97694355,0.00233621,0.048334356,0.0015538537
2022-07-27,8.9316556e-05,0.010004743,0.9638377,0.97384244,0.97384244,0.0022620417,0.047560927,0.00341456
2022-07-28,3.7169924e-05,0.029228881,0.9496454,0.97887427,0.97887427,0.0022814055,0.04776406,0.001759462
2022-07-29,5.292403e-05,0.025318142,0.94917506,0.9744932,0.9744932,0.002329359,0.048263434,0.0020748994
2022-08-01,4.354595e-05,0.019090567,0.96033025,0.97942084,0.97942084,0.0022674296,0.047617536,0.002116022
2022-08-02,2.5845142e-05,0.026820581,0.9564068,0.9832274,0.9832274,0.0022218963,0.047136996,0.0015409118
2022-08-03,3.0964227e-05,0.06722945,0.90776235,0.9749918,0.9749918,0.0022899196,0.047853105,0.0012381629
2022-08-04,8.919536e-05,0.05156714,0.9088632,0.9604303,0.9604303,0.0024424647,0.0494213,0.0022541343
2022-08-05,9.5575946e-05,0.010301899,0.96238667,0.97268856,0.97268856,0.0023246172,0.048214283,0.0034994835
2022-08-08,2.9978743e-05,0.03417937,0.94622684,0.9804062,0.9804062,0.0023332557,0.048303787,0.0015300136
2022-08-09,3.7777823e-05,0.051357225,0.92338675,0.97474396,0.97474396,0.0023628888,0.048609555,0.0014957937
2022-08-10,5.8283607e-05,0.1340353,0.8182883,0.9523236,0.9523236,0.0022717416,0.04766279,0.0012224838
2022-08-11,2.7378252e-05,0.07982066,0.8960786,0.9758992,0.9758992,0.0022037895,0.046944536,0.0011359903
2022-08-12,4.3995642e-05,0.05932422,0.9139672,0.9732914,0.9732914,0.0024997233,0.049997233,0.0016472461
2022-08-15,5.4673965e-05,0.035693396,0.9375115,0.9732049,0.9732049,0.0023369363,0.04834187,0.0020404472
2022-08-16,5.2202406e-05,0.019007495,0.95927817,0.9782857,0.9782857,0.0022462592,0.04739472,0.0024040532
2022-08-17,5.3284635e-05,0.074933045,0.8931634,0.96809644,0.96809644,0.0022918,0.04787275,0.0016701781
2022-08-18,4.5287943e-05,0.026426846,0.9514738,0.9779006,0.9779006,0.002106235,0.045893736,0.0020492862
2022-08-19,4.545793e-05,0.01936027,0.9602446,0.97960484,0.97960484,0.002050226,0.04527942,0.0022288589
2022-08-22,7.6216485e-05,0.013471799,0.9615734,0.9750452,0.9750452,0.0020192484,0.04493605,0.0030541818
2022-08-23,8.711842e-05,0.012480848,0.9613368,0.97381765,0.97381765,0.002035712,0.045118865,0.0033273716
2022-08-24,8.556985e-05,0.011747899,0.9616143,0.9733622,0.9733622,0.0020771143,0.04557537,0.0032123476
2022-08-25,0.0002867996,0.0071333535,0.9443976,0.951531,0.951531,0.0020855956,0.045668323,0.0059171747
2022-08-26,8.4361796e-05,0.0127611235,0.9604046,0.9731657,0.9731657,0.0022566107,0.047503795,0.0031438034
2022-08-29,8.353681e-05,0.014397138,0.95831114,0.9727083,0.9727083,0.0022524907,0.04746041,0.0030608855
2022-08-30,8.1143444e-05,0.012291493,0.9619598,0.9742513,0.9742513,0.0022426986,0.04735714,0.0031513572
2022-08-31,5.764135e-05,0.029332925,0.9439434,0.9732763,0.9732763,0.0022524148,0.047459614,0.002156939
2022-09-01,9.157349e-05,0.01124454,0.9616251,0.97286963,0.97286963,0.0021864758,0.046759766,0.0033753137
2022-09-02,4.78636e-05,0.018239792,0.96072733,0.97896713,0.97896713,0.002196636,0.046868283,0.0022756571
2022-09-06,7.329593e-05,0.03399121,0.93345505,0.96744627,0.96744627,0.0022086096,0.04699585,0.0022515368
2022-09-07,0.000760663,0.003995232,0.90888953,0.9128848,0.9128848,0.0023289449,0.048259143,0.008731688
2022-09-08,0.00038987852,0.031528022,0.88204986,0.91357785,0.91357785,0.0028830962,0.05369447,0.0045113266
2022-09-09,8.629929e-05,0.024606869,0.94201064,0.9666175,0.9666175,0.0029357418,0.054182485,0.0025851675
2022-09-12,0.00011211022,0.03540568,0.9205835,0.9559892,0.9559892,0.0028544546,0.053427096,0.0025473332
2022-09-13,0.00021550829,0.028867917,0.9138469,0.9427148,0.9427148,0.002774686,0.05267529,0.0037620247
2022-09-14,7.503467e-05,0.029123202,0.94036,0.9694832,0.9694832,0.0027517157,0.0524568,0.0024587987
2022-09-15,8.6094566e-05,0.033442218,0.9345836,0.9680258,0.9680258,0.0029293168,0.054123163,0.0026926263
2022-09-16,8.665485e-05,0.07963846,0.8764378,0.95607626,0.95607626,0.0030974606,0.055654835,0.0019728479
2022-09-19,0.00010102612,0.11333455,0.8273141,0.9406486,0.9406486,0.003185388,0.05643924,0.0017021695
2022-09-20,0.00012412768,0.13526793,0.78850865,0.92377657,0.92377657,0.002736546,0.05231201,0.0016284713
2022-09-21,8.3079125e-05,0.13126247,0.8130357,0.9442982,0.9442982,0.0022844414,0.04779583,0.0014914982
2022-09-22,9.850541e-05,0.070993,0.88192946,0.95292246,0.95292246,0.0019492551,0.04415037,0.0020924078
2022-09-23,0.00019100327,0.112824604,0.79827064,0.91109526,0.91109526,0.0024273773,0.04926842,0.0021484038
2022-09-26,0.0002056996,0.03228484,0.90961415,0.941899,0.941899,0.0022857336,0.047809348,0.00354038
2022-09-27,0.0002761819,0.034878477,0.8915239,0.9264024,0.9264024,0.0022888347,0.04784177,0.0037525934
2022-09-28,0.0002109084,0.12698376,0.7622531,0.88923687,0.88923687,0.002364437,0.048625477,0.0019041391
2022-09-29,0.00017316006,0.12206851,0.7838955,0.905964,0.905964,0.0021457854,0.04632262,0.0018414235
2022-09-30,0.0002922828,0.010368077,0.93486243,0.9452305,0.9452305,0.0018553737,0.04307405,0.0053365966
2022-10-03,0.00023102397,0.018439244,0.92753375,0.945973,0.945973,0.0020293351,0.045048144,0.004276082
2022-10-04,0.00019947674,0.009227923,0.9449987,0.9542266,0.9542266,0.002149861,0.046366595,0.0043579196
2022-10-05,0.00010253857,0.15731642,0.76482177,0.9221382,0.9221382,0.0022593932,0.047533076,0.0013169306
2022-10-06,0.00023969439,0.027428994,0.91115814,0.9385871,0.9385871,0.0018601709,0.043129697,0.0039029992
2022-10-07,0.00012132282,0.044390257,0.9093735,0.9537638,0.9537638,0.0019356752,0.043996308,0.002623978
2022-10-10,8.164658e-05,0.025248464,0.94168687,0.96693534,0.96693534,0.0019283174,0.043912612,0.0024693003
2022-10-11,7.5686665e-05,0.03127026,0.93744206,0.96871233,0.96871233,0.0019539779,0.04420382,0.0024190573
2022-10-12,0.000106380365,0.08973269,0.8563214,0.9460541,0.9460541,0.0019268431,0.043895822,0.0019719824
2022-10-13,0.00012647691,0.05044164,0.9000683,0.9505099,0.9505099,0.0018102638,0.042547196,0.0025556006
2022-10-14,0.00011037542,0.12135281,0.8137578,0.93511057,0.93511057,0.001865669,0.043193392,0.0017009769
2022-10-17,4.995492e-05,0.09481101,0.8709087,0.9657197,0.9657197,0.0018577556,0.04310169,0.0014572486
2022-10-18,0.00011506467,0.14397952,0.78317523,0.9271547,0.9271548,0.0021696328,0.046579316,0.0015795762
2022-10-19,8.3815044e-05,0.14256255,0.7980419,0.94060445,0.94060445,0.0020811902,0.045620065,0.0014111333
2022-10-20,3.773521e-05,0.14008766,0.82010955,0.9601972,0.9601972,0.0021055152,0.045885894,0.0009480544
2022-10-21,0.00011467237,0.076762326,0.86695004,0.94371235,0.94371235,0.001815157,0.04260466,0.0020372565
2022-10-24,0.0010763279,0.11473833,0.59305096,0.7077893,0.7077893,0.0021455837,0.046320446,0.0036833966
2022-10-25,0.000321019,0.15677623,0.68806183,0.8448381,0.8448381,0.0026073,0.051061727,0.0020689291
2022-10-26,0.00014152743,0.1972963,0.66892314,0.86621946,0.86621946,0.0030403105,0.05513901,0.0010579075
2022-10-27,0.00012592116,0.08149481,0.8579787,0.9394735,0.9394735,0.0021754755,0.046641994,0.0020804305
2022-10-28,0.00051505107,0.15103582,0.60979795,0.7608338,0.76083374,0.002484045,0.049840193,0.002153528
2022-10-31,0.0002737634,0.18685721,0.61234635,0.7992036,0.7992036,0.0033053667,0.05749232,0.0013633878
2022-11-01,6.0809296e-05,0.16914509,0.77950984,0.94865495,0.94865495,0.0046330616,0.0680666,0.0011843264
2022-11-02,2.1780483e-05,0.07878461,0.8998886,0.97867316,0.97867316,0.0055770217,0.07467946,0.001021271
2022-11-03,0.00013050745,0.19608192,0.5999951,0.796077,0.796077,0.005718141,0.075618386,0.00063998403
2022-11-04,5.771269e-05,0.215146,0.6848674,0.9000134,0.9000134,0.0040068943,0.063300036,0.00057720416
2022-11-07,2.9503175e-05,0.17098403,0.7911355,0.9621195,0.9621195,0.0038238391,0.0618372,0.000778849
2022-11-08,4.5506724e-05,0.18694767,0.7618898,0.94883746,0.9488375,0.0041983807,0.06479491,0.0008894539
2022-11-09,6.467474e-05,0.21396682,0.66829145,0.88225824,0.8822583,0.0060805012,0.07797757,0.0005492931
2022-11-10,4.899648e-05,0.1733462,0.7725662,0.9459124,0.9459124,0.0045671165,0.06758045,0.0009058731
2022-11-11,3.606527e-05,0.19276749,0.7569067,0.9496742,0.9496742,0.0042442437,0.06514786,0.00071663567
2022-11-14,4.0131934e-05,0.18016997,0.7671263,0.94729626,0.94729626,0.003924762,0.062647924,0.0007614628
2022-11-15,9.3022914e-05,0.17789043,0.73818666,0.9160771,0.9160771,0.0030666688,0.05537751,0.0011084328
2022-11-16,5.2760017e-05,0.1190548,0.8372322,0.95628697,0.95628697,0.0024087296,0.04907881,0.0012069631
2022-11-17,5.4081218e-05,0.08113663,0.8814337,0.96257037,0.96257037,0.0021584502,0.046459123,0.0014448771
2022-11-18,4.6884565e-05,0.06752602,0.90084875,0.9683748,0.9683748,0.0020161963,0.044902075,0.0014825059
2022-11-21,6.139353e-05,0.029527944,0.94121015,0.9707381,0.9707381,0.0018702126,0.043245956,0.0020980716
2022-11-22,4.6860667e-05,0.065165885,0.90348643,0.9686523,0.9686523,0.001977151,0.044465166,0.0014948682
2022-11-23,3.7915932e-05,0.02513703,0.9534885,0.97862554,0.97862554,0.0018332172,0.042816088,0.0017738893
2022-11-25,6.919813e-05,0.02861957,0.94239354,0.9710131,0.9710131,0.0019285714,0.043915503,0.0023872233
2022-11-28,8.0634454e-05,0.011003457,0.96365535,0.9746588,0.9746588,0.0019311686,0.043945063,0.0031819493
2022-11-29,1.8167604e-05,0.07384981,0.9072427,0.9810925,0.9810925,0.0019641258,0.04431846,0.00096086826
2022-11-30,2.3637624e-05,0.15736707,0.8124415,0.9698086,0.9698086,0.0022181685,0.047097437,0.00078292517
2022-12-01,1.8932518e-05,0.13213356,0.84258354,0.9747171,0.9747171,0.0021149116,0.04598817,0.0007488264
2022-12-02,3.149228e-05,0.03278702,0.94771963,0.98050666,0.98050666,0.0019037072,0.043631494,0.0016155404
2022-12-05,4.349728e-05,0.11854436,0.8443817,0.96292603,0.96292603,0.0019964573,0.044681735,0.0011732565
2022-12-06,3.6296722e-05,0.21439679,0.7226835,0.93708026,0.93708026,0.0033987395,0.05829871,0.0005768734
2022-12-07,8.972722e-05,0.15986893,0.76735103,0.92722,0.92722,0.0025727781,0.05072256,0.0012328553
2022-12-08,7.8916884e-05,0.16275497,0.77250034,0.9352553,0.9352553,0.0023964262,0.048953306,0.0012188931
2022-12-09,9.510886e-05,0.19293931,0.71562123,0.9085605,0.9085605,0.0022053365,0.04696101,0.001040129
2022-12-12,4.49726e-05,0.12519342,0.8362996,0.961493,0.961493,0.0020919354,0.04573768,0.0011679076
2022-12-13,5.396721e-05,0.1325238,0.8232323,0.9557561,0.95575607,0.002153099,0.046401497,0.0012197669
2022-12-14,4.4984135e-05,0.100727975,0.8638674,0.9645954,0.9645954,0.00218054,0.046696253,0.0012705724
2022-12-15,3.9061662e-05,0.17854898,0.7739624,0.95251137,0.95251137,0.0025013438,0.050013438,0.0008225477
2022-12-16,6.473558e-05,0.13072196,0.8225384,0.95326036,0.9532603,0.003142038,0.056053884,0.0013850252
2022-12-19,4.1420375e-05,0.07820859,0.89169806,0.9699066,0.9699066,0.003035176,0.05509243,0.0013763952
2022-12-20,3.1013336e-05,0.2143159,0.7273579,0.9416738,0.9416738,0.0038788016,0.062280025,0.0005317224
2022-12-21,6.0623926e-05,0.21160339,0.6907036,0.902307,0.902307,0.004738177,0.06883442,0.0006205553
2022-12-22,5.9493443e-05,0.19761704,0.72745824,0.9250753,0.9250753,0.0033336752,0.057737987,0.00079404307
2022-12-23,0.0003700148,0.12394852,0.71798176,0.84193027,0.84193027,0.003301202,0.057456087,0.0023408327
2022-12-27,0.0001657417,0.19060926,0.63761353,0.8282228,0.8282228,0.0027722768,0.052652415,0.00096486445
2022-12-28,0.00014713527,0.1814523,0.70083904,0.8822913,0.8822913,0.002229224,0.047214657,0.0012499951
2022-12-29,0.00019443427,0.18875833,0.6249598,0.81371814,0.81371814,0.004093469,0.06398022,0.0010437638
2022-12-30,0.00023784228,0.15689294,0.7012111,0.85810405,0.85810405,0.0029479903,0.0542954,0.0016761739
2023-01-03,0.00019465573,0.17587537,0.6702696,0.846145,0.846145,0.0023580713,0.048559975,0.0012651893
2023-01-04,0.00022946666,0.18605529,0.6127232,0.7987785,0.7987785,0.0041015744,0.06404354,0.0011403684
2023-01-05,0.00042219524,0.16838348,0.5831197,0.75150317,0.75150317,0.003124596,0.055898085,0.0016989965
2023-01-06,0.00047197728,0.15727216,0.5863324,0.74360454,0.74360454,0.00445044,0.06671162,0.0018408176
2023-01-09,0.00048290397,0.14416076,0.641782,0.78594273,0.78594273,0.0030823862,0.05551924,0.0022559569
2023-01-10,0.00017558469,0.19252566,0.62911975,0.8216454,0.8216454,0.0028616756,0.053494632,0.0009844695
2023-01-11,0.00038059286,0.16862866,0.55899775,0.7276264,0.72762644,0.002963535,0.05443836,0.0013973191
2023-01-12,0.0003078083,0.16831832,0.624276,0.7925943,0.7925943,0.0020507437,0.04528514,0.0014840881
2023-01-13,0.0004261866,0.09347073,0.75871336,0.8521841,0.8521841,0.0015956449,0.039945524,0.002883226
2023-01-17,0.0007065622,0.13826528,0.57277274,0.71103805,0.711038,0.0021971667,0.046873946,0.002445174
2023-01-18,0.00027989125,0.17940916,0.6170857,0.79649484,0.79649484,0.0022822146,0.04777253,0.0013753521
2023-01-19,0.0008107105,0.13513385,0.56819934,0.7033332,0.7033332,0.002824437,0.053145435,0.0027327307
2023-01-20,0.00068757473,0.14590481,0.5446639,0.69056875,0.6905687,0.0024311016,0.049306203,0.0022220598
2023-01-23,0.00062833016,0.13031866,0.63651896,0.7668376,0.7668376,0.0021530034,0.04640047,0.0026948177
2023-01-24,0.00019121967,0.19263875,0.6191872,0.81182593,0.81182593,0.0028904262,0.053762686,0.001016185
2023-01-25,0.000342954,0.11234611,0.751666,0.8640121,0.8640121,0.002589043,0.05088264,0.0025219454
2023-01-26,0.00030068026,0.11330632,0.75961816,0.8729245,0.8729245,0.002696299,0.051925898,0.0023661545
2023-01-27,0.00039155033,0.1554183,0.6399739,0.7953922,0.79539216,0.002536756,0.05036622,0.0019136629
2023-01-30,0.00023998991,0.17957558,0.6605143,0.84008986,0.84008986,0.0024806787,0.049806412,0.0015007798
2023-01-31,0.00013591218,0.18607369,0.5646241,0.75069773,0.75069773,0.0058866143,0.076724276,0.0005451703
2023-02-01,0.00021111887,0.18220435,0.56803924,0.7502436,0.7502436,0.0034611132,0.058831226,0.00084529916
2023-02-02,0.00024701073,0.18342116,0.6318139,0.8152351,0.815235,0.0034534545,0.0587661,0.0013368919
2023-02-03,0.00017642824,0.19221827,0.6343243,0.82654256,0.8265426,0.002432948,0.049324922,0.001017127
2023-02-06,0.00027466778,0.16894986,0.6685902,0.83754003,0.83754003,0.001786932,0.042272117,0.0016906797
2023-02-07,0.00016016453,0.17907806,0.6932195,0.8722975,0.8722975,0.0015337702,0.039163377,0.0012542007
2023-02-08,0.00011203849,0.20312229,0.6488104,0.8519327,0.85193264,0.0016819728,0.041011862,0.00075667276
2023-02-09,0.00026337788,0.14280348,0.72253376,0.86533725,0.86533725,0.0023560193,0.048538845,0.0019558333
2023-02-10,0.0001247215,0.1696922,0.738194,0.9078862,0.9078862,0.0019948697,0.044663966,0.0013539937
2023-02-13,0.00011337709,0.19503331,0.6930401,0.8880734,0.8880734,0.001795683,0.0423755,0.0010129592
2023-02-14,0.0002147188,0.1584236,0.7161542,0.8745778,0.8745778,0.00173749,0.04168321,0.0017119683
2023-02-15,0.0001638321,0.19052969,0.67749363,0.86802334,0.86802334,0.0021365085,0.04622238,0.0012413717
2023-02-16,7.111864e-05,0.13450111,0.8115704,0.9460715,0.9460715,0.0018851106,0.04341786,0.001318758
2023-02-17,0.000106828506,0.12321614,0.8120711,0.93528724,0.93528724,0.0017523415,0.04186098,0.0016508105
2023-02-21,0.00011874942,0.16602013,0.74685097,0.91287106,0.9128711,0.0018219494,0.042684298,0.001362916
2023-02-22,0.0003064172,0.1774184,0.5762674,0.75368583,0.75368583,0.002908512,0.05393062,0.0012440097
2023-02-23,0.0017331721,0.04840003,0.6781715,0.72657156,0.72657156,0.002387498,0.04886203,0.006338668
2023-02-24,0.00023293398,0.15284175,0.7168797,0.8697215,0.8697215,0.0035420633,0.059515234,0.001787969
2023-02-27,0.00014278146,0.18624778,0.69951355,0.8857613,0.8857613,0.0032814548,0.057283983,0.0012498521
2023-02-28,0.000119438126,0.20527877,0.6456686,0.8509474,0.8509474,0.0046258215,0.06801339,0.0008013152
2023-03-01,5.0575098e-05,0.10640511,0.8529469,0.959352,0.959352,0.0031136936,0.05580048,0.0012442216
2023-03-02,3.28499e-05,0.20584652,0.7389903,0.94483685,0.94483685,0.0027638443,0.052572276,0.0005955045
2023-03-03,3.0751347e-05,0.11359675,0.856943,0.97053975,0.97053975,0.0021299527,0.04615141,0.0010438251
2023-03-06,3.1580195e-05,0.18716687,0.7710432,0.95821005,0.95821005,0.0026723614,0.05169489,0.00075568876
2023-03-07,5.1002946e-05,0.21694577,0.6786954,0.89564115,0.89564115,0.0066890023,0.08178632,0.0004887266
2023-03-08,4.039111e-05,0.19936503,0.7457175,0.94508255,0.94508255,0.005009804,0.07077997,0.0007354877
2023-03-09,3.1668005e-05,0.20872383,0.7375859,0.94630975,0.94630975,0.004309868,0.065649584,0.00058982783
2023-03-10,3.1983698e-05,0.19270869,0.7621369,0.95484555,0.95484555,0.0032123637,0.056677718,0.00070831773
2023-03-13,4.5901725e-05,0.21647416,0.69950044,0.9159746,0.9159746,0.0028747781,0.053616956,0.000546284
2023-03-14,6.013375e-05,0.19409026,0.73874015,0.9328304,0.9328304,0.0031215139,0.05587051,0.00089525233
2023-03-15,4.3000822e-05,0.18903594,0.75674903,0.945785,0.945785,0.0023966322,0.04895541,0.0007931534
2023-03-16,4.5239263e-05,0.16516803,0.78734446,0.9525125,0.9525125,0.0023932452,0.048920806,0.0009526563
2023-03-17,3.044316e-05,0.21012422,0.7352327,0.9453569,0.94535697,0.002083125,0.045641266,0.0005571273
2023-03-20,5.8206308e-05,0.21076898,0.7031221,0.9138911,0.9138911,0.0026626294,0.051600672,0.0006759614
2023-03-21,5.8204107e-05,0.15395609,0.7917483,0.9457044,0.94570434,0.0024621878,0.04962044,0.0010719857
2023-03-22,5.2481024e-05,0.17718568,0.76704955,0.94423527,0.9442352,0.0024718703,0.049717907,0.0009411149
2023-03-23,4.184304e-05,0.20529974,0.73194605,0.9372458,0.9372458,0.00303123,0.05505661,0.00066677656
2023-03-24,4.086191e-05,0.1818591,0.76762044,0.9494796,0.9494796,0.0022725712,0.047671493,0.00080881966
2023-03-27,4.640187e-05,0.18033417,0.7672309,0.9475651,0.9475651,0.0019339131,0.043976277,0.0008849421
2023-03-28,3.666626e-05,0.19544773,0.7504617,0.94590944,0.94590944,0.0021641124,0.04652002,0.000677868
2023-03-29,6.6718654e-05,0.19904976,0.7216227,0.9206725,0.9206725,0.0018135967,0.042586345,0.000841053
2023-03-30,7.071437e-05,0.13332711,0.8141934,0.94752055,0.94752055,0.0014487731,0.03806275,0.0013474679
2023-03-31,6.0657097e-05,0.19248177,0.7406141,0.9330959,0.9330959,0.0016596357,0.040738627,0.00090662716
2023-04-03,5.7725065e-05,0.20319636,0.7249233,0.92811966,0.92811966,0.0018116696,0.04256371,0.00080307166
2023-04-04,3.6623802e-05,0.14770581,0.81328994,0.96099573,0.96099573,0.0019854938,0.04455888,0.00093896914
2023-04-05,5.0006543e-05,0.18545136,0.7601875,0.94563884,0.9456389,0.001654382,0.040674094,0.0009198946
2023-04-06,5.377124e-05,0.19790992,0.73876595,0.9366759,0.9366759,0.0014075191,0.037516918,0.0008491435
2023-04-10,4.665915e-05,0.15280282,0.80378413,0.95658696,0.95658696,0.0020345538,0.045106027,0.0010747726
2023-04-11,7.953013e-05,0.20936033,0.6947634,0.9041237,0.9041238,0.0025932086,0.050923556,0.00082950795
2023-04-12,2.347809e-05,0.15829182,0.81170756,0.9699994,0.9699994,0.0018904025,0.04347876,0.00078258663
2023-04-13,4.2185668e-05,0.17471492,0.77983963,0.95455456,0.95455456,0.001854287,0.04306143,0.0009282706
2023-04-14,4.85123e-05,0.18549553,0.7611414,0.946637,0.9466369,0.0017927906,0.04234136,0.0009090995
2023-04-17,5.4802833e-05,0.16056508,0.7905295,0.95109457,0.95109457,0.0019174975,0.043789238,0.0011205878
2023-04-18,5.4072803e-05,0.19206886,0.7496256,0.9416945,0.9416945,0.002440515,0.04940157,0.0009274048
2023-04-19,3.0562394e-05,0.13695413,0.83181727,0.9687714,0.9687714,0.0021821093,0.046713054,0.0009786667
2023-04-20,3.18179e-05,0.13330725,0.8353903,0.9686976,0.96869755,0.0023821471,0.048807245,0.0010164686
2023-04-21,4.0572984e-05,0.100375466,0.8682609,0.9686364,0.9686364,0.0020419564,0.045188013,0.0012936327
2023-04-24,2.15535e-05,0.09379104,0.88463855,0.9784296,0.97842956,0.0018183496,0.04264211,0.0009992173
2023-04-25,2.563462e-05,0.10104927,0.87427557,0.9753248,0.9753248,0.001660391,0.040747896,0.0010388823
2023-04-26,2.571188e-05,0.07186914,0.9065989,0.97846806,0.97846806,0.0015001722,0.038732056,0.0011941275
2023-04-27,2.2525583e-05,0.16546935,0.8047321,0.97020143,0.97020143,0.0019141245,0.043750707,0.0007559284
2023-04-28,2.640105e-05,0.19117033,0.77138937,0.9625597,0.9625597,0.0034483834,0.05872294,0.0007051506
2023-05-01,1.6346732e-05,0.124373525,0.85469687,0.97907037,0.9790704,0.0027901614,0.05282198,0.00078103284
2023-05-02,2.2224442e-05,0.15306003,0.8188408,0.9719008,0.9719008,0.0025875159,0.050867632,0.0007909285
2023-05-03,2.741896e-05,0.1778692,0.7861043,0.9639735,0.9639735,0.0024606232,0.04960467,0.00076107803
2023-05-04,2.8024e-05,0.09825067,0.8769666,0.9752173,0.9752173,0.0020319342,0.04507698,0.001130788
2023-05-05,3.0571005e-05,0.08992019,0.8836088,0.97352904,0.973529,0.0019112496,0.04371784,0.0011548884
2023-05-08,2.3440045e-05,0.10834604,0.8666606,0.97500664,0.97500664,0.0017459564,0.041784644,0.0009378509
2023-05-09,1.7435634e-05,0.1610204,0.8128718,0.9738922,0.9738922,0.0017697115,0.042067938,0.0006678327
2023-05-10,1.9369878e-05,0.105025545,0.8738113,0.97883683,0.97883683,0.001483536,0.038516697,0.0009152637
2023-05-11,2.3475402e-05,0.10310586,0.8736993,0.97680515,0.97680515,0.0014363488,0.037899192,0.0010120955
2023-05-12,3.1129755e-05,0.040248167,0.94006,0.9803082,0.9803082,0.0012784188,0.035754982,0.0015808466
2023-05-15,3.8628852e-05,0.03734221,0.9412502,0.9785924,0.9785924,0.0012803287,0.03578168,0.0018044454
2023-05-16,2.154912e-05,0.098389745,0.8800459,0.97843564,0.97843564,0.0013268861,0.036426447,0.000999293
2023-05-17,1.9914221e-05,0.048511602,0.9353176,0.9838292,0.9838292,0.0011893085,0.034486353,0.0012314927
2023-05-18,1.42397175e-05,0.07070011,0.91355914,0.98425925,0.98425925,0.0011332493,0.03366377,0.00090464024
2023-05-19,4.233198e-05,0.08289074,0.88949054,0.9723813,0.9723813,0.001646087,0.040572,0.0015327286
2023-05-22,2.0093781e-05,0.037703115,0.94734836,0.98505145,0.98505145,0.0015070282,0.03882046,0.0013441963
2023-05-23,1.7943306e-05,0.11253679,0.866642,0.9791788,0.9791788,0.0016545198,0.04067579,0.00086178
2023-05-24,1.7468637e-05,0.094140016,0.8866707,0.9808107,0.9808107,0.0015763452,0.039703213,0.00091033225
2023-05-25,1.8123179e-05,0.13311464,0.84385014,0.9769648,0.9769648,0.0015167126,0.038944993,0.00078675925
2023-05-26,2.1148886e-05,0.08035789,0.89975613,0.98011404,0.98011404,0.0014951165,0.038666736,0.0010635086
2023-05-30,2.1650665e-05,0.16654181,0.8038396,0.97038144,0.97038144,0.0016180174,0.040224586,0.000730983
2023-05-31,3.2963875e-05,0.175693,0.7864164,0.96210945,0.96210945,0.0020259682,0.045010757,0.00086997607
2023-06-01,2.9047453e-05,0.10265233,0.8715019,0.97415423,0.97415423,0.0017482768,0.0418124,0.0011238767
2023-06-02,3.919368e-05,0.07300043,0.90009505,0.9730955,0.9730955,0.0017954169,0.04237236,0.0014567692
2023-06-05,1.6526494e-05,0.15344349,0.8214786,0.9749221,0.97492206,0.0016584897,0.04072456,0.0006590068
2023-06-06,1.8772196e-05,0.12243975,0.85528684,0.9777266,0.9777266,0.0015487156,0.039353725,0.00084280706
2023-06-07,1.4850423e-05,0.10372508,0.8778504,0.9815755,0.9815755,0.0013507223,0.036752176,0.0008060145
2023-06-08,1.3557099e-05,0.12372311,0.8574009,0.981124,0.981124,0.0012902116,0.035919514,0.0007182182
2023-06-09,2.4965751e-05,0.047221623,0.93496144,0.98218304,0.98218304,0.0011322399,0.033648774,0.0014012351
2023-06-12,2.1050457e-05,0.058361627,0.9241169,0.98247856,0.98247856,0.001168274,0.034180023,0.0012014112
2023-06-13,1.9177536e-05,0.05549003,0.92803115,0.98352116,0.98352116,0.0011024477,0.03320313,0.0011637677
2023-06-14,1.1938262e-05,0.11188819,0.87102675,0.9829149,0.9829149,0.0011003216,0.033171095,0.00069875387
2023-06-15,1.6983735e-05,0.044723306,0.9405852,0.9853085,0.9853085,0.00097047363,0.031152425,0.0011560267
2023-06-16,1.7608216e-05,0.14353625,0.8335193,0.97705555,0.97705555,0.0012061318,0.034729406,0.0007674281
2023-06-20,2.1320713e-05,0.04810978,0.9355775,0.9836873,0.9836873,0.0012362039,0.035159692,0.0013069994
2023-06-21,2.0231073e-05,0.059472527,0.92360556,0.98307806,0.98307806,0.0013205335,0.036339145,0.001195553
2023-06-22,2.2010088e-05,0.08226771,0.8978049,0.9800726,0.9800726,0.0013421975,0.036636014,0.0011045148
2023-06-23,1.8851078e-05,0.05375669,0.9303495,0.98410624,0.98410624,0.0012286581,0.03505222,0.001186068
2023-06-26,3.003086e-05,0.028059807,0.95486313,0.9829229,0.9829229,0.0012735045,0.035686195,0.0017585469
2023-06-27,2.1039217e-05,0.03616817,0.94864917,0.9848173,0.9848173,0.0012604749,0.035503168,0.0013857386
2023-06-28,1.5398571e-05,0.04549826,0.9409827,0.98648095,0.98648095,0.0012203159,0.03493302,0.0011390278
2023-06-29,1.2633619e-05,0.06446385,0.92160386,0.9860677,0.9860677,0.0013244799,0.036393404,0.0009067871
2023-06-30,1.7889459e-05,0.059146404,0.9251235,0.9842699,0.9842699,0.0013223122,0.03636361,0.0011372769
2023-07-03,1.8466304e-05,0.05483633,0.92960155,0.9844379,0.9844379,0.001315684,0.03627236,0.001186619
2023-07-05,1.9931309e-05,0.035943344,0.9492567,0.98520005,0.98520005,0.0012981,0.036029156,0.0013467144
2023-07-06,1.6856124e-05,0.09795469,0.8830084,0.9809631,0.9809631,0.0012653783,0.035572156,0.0008854453
2023-07-07,1.790723e-05,0.040085383,0.94559544,0.9856808,0.9856808,0.0011660202,0.03414704,0.0012505763
2023-07-10,2.583806e-05,0.035677884,0.9469882,0.98266613,0.98266613,0.0011246584,0.033535928,0.0014906116
2023-07-11,2.271325e-05,0.04501093,0.93826807,0.983279,0.983279,0.0011305475,0.033623613,0.0013583659
2023-07-12,1.41176115e-05,0.052429583,0.9336665,0.9860961,0.9860961,0.0011076339,0.033281136,0.0010153694
2023-07-13,1.7546996e-05,0.053002935,0.9314718,0.9844748,0.9844748,0.0011189637,0.033450916,0.0011302251
2023-07-14,2.4851714e-05,0.034889895,0.94860125,0.9834911,0.9834911,0.001118984,0.03345122,0.0015053545
2023-07-17,3.0047144e-05,0.035983354,0.94550085,0.98148423,0.9814842,0.0010864832,0.032961845,0.001622787
2023-07-18,2.860267e-05,0.02865257,0.9539805,0.98263305,0.98263305,0.0010612737,0.032577198,0.0016469603
2023-07-19,1.757117e-05,0.098549135,0.882112,0.98066115,0.98066115,0.001100957,0.033180673,0.0009085945
2023-07-20,2.5432502e-05,0.048301768,0.93306917,0.9813709,0.9813709,0.0009980741,0.03159231,0.0013652048
2023-07-21,1.5811693e-05,0.08497848,0.898394,0.98337245,0.98337245,0.0011174292,0.033427972,0.0009509334
2023-07-24,2.034217e-05,0.04914661,0.93422335,0.98336995,0.98336995,0.0010411383,0.032266676,0.0012232173
2023-07-25,1.720304e-05,0.04624082,0.93865,0.9848908,0.9848908,0.0009980794,0.031592395,0.0011385819
2023-07-26,4.2093616e-05,0.026889352,0.95257574,0.97946507,0.97946507,0.00096714316,0.031098925,0.002049854
2023-07-27,3.801673e-05,0.06708662,0.90674603,0.97383267,0.97383267,0.0009787193,0.03128449,0.0014528317
2023-07-28,4.124541e-05,0.08026175,0.88956285,0.9698246,0.9698246,0.0012258312,0.035011873,0.001366856
2023-07-31,1.9034991e-05,0.14056031,0.8357534,0.9763137,0.9763137,0.0013937657,0.03733317,0.00080362905
2023-08-01,2.673883e-05,0.05307324,0.92761636,0.9806896,0.9806896,0.0011841211,0.03441106,0.0013846844
2023-08-02,2.8011009e-05,0.118399225,0.85411924,0.97251844,0.97251844,0.0011676258,0.03417054,0.0010192657
2023-08-03,2.296297e-05,0.104524374,0.87248003,0.9770044,0.9770044,0.0011523169,0.033945795,0.0009985814
2023-08-04,2.9584135e-05,0.05731234,0.9212997,0.978612,0.97861207,0.0011572319,0.03401811,0.0013832122
2023-08-07,2.392471e-05,0.033378996,0.9504361,0.98381513,0.98381513,0.0010971026,0.03312254,0.0014782149
2023-08-08,1.6276099e-05,0.13683586,0.8419225,0.9787584,0.9787584,0.0011715088,0.03422731,0.00076623674
2023-08-09,1.589371e-05,0.09498557,0.8870408,0.98202634,0.98202634,0.001052561,0.032443196,0.00088427775
2023-08-10,1.895856e-05,0.1253918,0.85265774,0.9780495,0.9780495,0.0013348139,0.036535107,0.00086369674
2023-08-11,2.085252e-05,0.07707601,0.90387774,0.98095375,0.98095375,0.0017425222,0.041743528,0.0010948362
2023-08-14,1.6376467e-05,0.073869,0.90953034,0.98339933,0.98339933,0.0015964566,0.039955683,0.0009864945
2023-08-15,2.0872509e-05,0.042918064,0.94133836,0.98425645,0.98425645,0.0014746421,0.038401067,0.0013257812
2023-08-16,1.7606142e-05,0.106244475,0.8742014,0.98044586,0.98044586,0.0015149189,0.03892196,0.0009003793
2023-08-17,2.3298135e-05,0.09887996,0.87863755,0.9775175,0.9775175,0.0014100331,0.03755041,0.001036278
2023-08-18,4.3666878e-05,0.030838355,0.9473472,0.9781856,0.9781856,0.0012749042,0.0357058,0.002001745
2023-08-21,3.1856158e-05,0.065810055,0.9107261,0.9765361,0.97653615,0.0012736998,0.03568893,0.0013576666
2023-08-22,2.7178543e-05,0.057727363,0.9221697,0.979897,0.979897,0.0012570008,0.035454206,0.001351966
2023-08-23,2.3903553e-05,0.0928613,0.884345,0.9772063,0.9772063,0.0012301006,0.035072792,0.0010486908
2023-08-24,4.556414e-05,0.04867959,0.9249045,0.9735841,0.9735841,0.001168442,0.03418248,0.0017248765
2023-08-25,6.6533714e-05,0.020405607,0.95385057,0.97425616,0.97425616,0.0011301852,0.033618227,0.0025844516
2023-08-28,5.170939e-05,0.037330016,0.93507284,0.9724029,0.9724029,0.0011460385,0.033853192,0.0018737235
2023-08-29,2.077395e-05,0.0344602,0.95042896,0.98488915,0.98488915,0.0011322424,0.03364881,0.0013747704
2023-08-30,3.0521216e-05,0.029988665,0.9516593,0.98164797,0.98164797,0.0010995296,0.033159155,0.0016630974
2023-08-31,1.8384091e-05,0.10488179,0.87562203,0.9805038,0.9805038,0.0013195497,0.036325607,0.00094295753
2023-09-01,2.4714238e-05,0.03315076,0.9507444,0.9838951,0.9838951,0.001184005,0.034409374,0.001534581
2023-09-05,2.6015761e-05,0.029043835,0.9547199,0.98376375,0.98376375,0.001150426,0.03391793,0.0016023262
2023-09-06,1.991849e-05,0.15468681,0.81843835,0.97312516,0.97312516,0.001259719,0.03549252,0.00074115756
2023-09-07,1.4837668e-05,0.07194753,0.9120008,0.9839483,0.9839483,0.0011728504,0.034246903,0.0009243668
2023-09-08,1.9545681e-05,0.10752809,0.8712275,0.9787556,0.9787556,0.0011381982,0.033737194,0.00092003896
2023-09-11,2.7742637e-05,0.07717233,0.89996314,0.9771355,0.9771355,0.0010224438,0.031975675,0.0012133487
2023-09-12,1.3694185e-05,0.11394247,0.8679703,0.98191273,0.98191273,0.00094804645,0.030790363,0.0007571174
2023-09-13,1.2469232e-05,0.08325352,0.90198874,0.98524225,0.98524225,0.0011291648,0.033603046,0.0008449276
2023-09-14,2.1623173e-05,0.09204971,0.8868521,0.9789018,0.9789018,0.0010751169,0.032788977,0.0010248825
2023-09-15,2.8620838e-05,0.028438877,0.9545187,0.98295754,0.98295754,0.0009854346,0.03139163,0.0016793844
2023-09-18,1.4559341e-05,0.04533846,0.941011,0.98634946,0.98634946,0.0009852258,0.031388305,0.0010665765
2023-09-19,1.6332993e-05,0.05549502,0.92943424,0.98492926,0.98492926,0.0009866027,0.031410232,0.0010837555
2023-09-20,2.1180173e-05,0.10283175,0.8758483,0.9786801,0.97868,0.001037143,0.032204706,0.0009934449
2023-09-21,1.3777166e-05,0.053994793,0.9322743,0.98626906,0.98626906,0.0011025135,0.03320412,0.0010033663
2023-09-22,2.9618219e-05,0.07622714,0.9003306,0.97655773,0.97655773,0.0011551001,0.033986762,0.0012634536
2023-09-25,2.1242327e-05,0.034438573,0.9502718,0.98471034,0.98471034,0.0010779906,0.032832768,0.001389326
2023-09-26,2.3952462e-05,0.038137082,0.9451156,0.9832527,0.9832527,0.0010456584,0.03233664,0.0014302286
2023-09-27,2.0303942e-05,0.040654715,0.9435015,0.9841562,0.9841562,0.0010138955,0.031841725,0.0012815064
2023-09-28,1.4971801e-05,0.0631962,0.921474,0.98467016,0.98467016,0.0010421708,0.03228267,0.0009766445
2023-09-29,1.4414658e-05,0.11607315,0.86542064,0.9814938,0.9814938,0.0012312202,0.035088748,0.00077890843
2023-10-02,2.01579e-05,0.04195939,0.9426817,0.98464113,0.98464113,0.0010831272,0.0329109,0.0013124603
2023-10-03,1.1582596e-05,0.06708822,0.9193058,0.98639405,0.98639405,0.0010806222,0.03287282,0.0008512889
2023-10-04,1.4281871e-05,0.071813546,0.9131321,0.9849456,0.9849456,0.0011012089,0.03318447,0.0009486839
2023-10-05,9.457296e-06,0.08816508,0.8980908,0.9862559,0.9862559,0.0010213536,0.031958625,0.0006880978
2023-10-06,1.6122036e-05,0.071577415,0.91267157,0.984249,0.984249,0.0013202603,0.036335386,0.0010235561
2023-10-09,1.4439188e-05,0.05819697,0.927978,0.98617494,0.98617494,0.0014229746,0.037722334,0.0010444215
2023-10-10,1.509501e-05,0.045439113,0.94106007,0.9864992,0.9864992,0.0013426594,0.036642317,0.0011180819
2023-10-11,1.5064262e-05,0.048681837,0.93769455,0.9863764,0.9863764,0.0012787966,0.035760265,0.0011057479
2023-10-12,1.7697192e-05,0.044183306,0.9414651,0.9856484,0.9856484,0.0012142637,0.034846287,0.0012331158
2023-10-13,2.2177623e-05,0.034884535,0.94981676,0.9847013,0.9847013,0.001164968,0.034131628,0.0014496387
2023-10-16,1.7827439e-05,0.03750295,0.94749826,0.9850012,0.9850012,0.0011658114,0.03414398,0.0011885915
2023-10-17,1.2080523e-05,0.052378774,0.93482745,0.9872062,0.9872062,0.0011819301,0.03437921,0.0009442498
2023-10-18,2.3132636e-05,0.040858112,0.94241154,0.98326963,0.98326963,0.0011216986,0.03349177,0.0013826734
2023-10-19,1.2716312e-05,0.049567513,0.9373974,0.98696494,0.98696494,0.001082407,0.032899953,0.00097554695
2023-10-20,4.5857385e-05,0.025873773,0.9518086,0.97768235,0.97768235,0.0010804468,0.03287015,0.0020547588
2023-10-23,2.855431e-05,0.032531083,0.9491998,0.9817309,0.9817309,0.001084179,0.032926872,0.0015629821
2023-10-24,2.4428029e-05,0.04657567,0.9352574,0.98183304,0.98183304,0.0010605783,0.03256652,0.0013446405
2023-10-25,2.9570248e-05,0.034093224,0.94753325,0.98162645,0.98162645,0.0010274857,0.032054417,0.0016093923
2023-10-26,2.8361399e-05,0.02656778,0.9561116,0.98267937,0.98267937,0.0010091304,0.031766813,0.0016374344
2023-10-27,2.2509676e-05,0.13790676,0.8373902,0.9752969,0.975297,0.0011081694,0.03328918,0.0009112091
2023-10-30,2.4005487e-05,0.032566883,0.95123327,0.9838002,0.9838002,0.0009834974,0.03136076,0.001481836
2023-10-31,1.8440416e-05,0.10701693,0.87362397,0.9806409,0.9806409,0.0010688171,0.032692768,0.00095254456
2023-11-01,2.4188706e-05,0.116699345,0.86053246,0.9772318,0.9772318,0.0013989775,0.037402906,0.0010623899
2023-11-02,1.8739827e-05,0.043063473,0.9422117,0.98527515,0.98527515,0.0012882516,0.035892222,0.0012726667
2023-11-03,1.0951631e-05,0.07692983,0.90935254,0.98628235,0.98628235,0.0012341534,0.03513052,0.0007983605
2023-11-06,1.5306823e-05,0.061255846,0.92415464,0.9854105,0.9854105,0.0011452809,0.033841997,0.001049168
2023-11-07,1.5373293e-05,0.14465308,0.83345777,0.97811085,0.97811085,0.0014080744,0.037524316,0.0007023248
2023-11-08,1.8184193e-05,0.10451507,0.87573856,0.98025364,0.98025364,0.0014036294,0.037465043,0.0009208882
2023-11-09,1.6139515e-05,0.08719264,0.89558214,0.9827748,0.9827748,0.0012593203,0.035486903,0.00093697075
2023-11-10,1.2964748e-05,0.11048174,0.87208384,0.9825656,0.9825656,0.0011822089,0.034383263,0.0007436295
2023-11-13,1.3741744e-05,0.10684275,0.8754929,0.9823356,0.9823356,0.0010446014,0.032320295,0.00077793555
2023-11-14,1.7431405e-05,0.1602474,0.8145783,0.9748257,0.9748257,0.0012268962,0.03502708,0.00069242803
2023-11-15,1.4609158e-05,0.085097685,0.89841485,0.9835125,0.9835125,0.0011485632,0.03389046,0.0008860759
2023-11-16,2.39019e-05,0.10847562,0.86869174,0.97716737,0.97716737,0.0011080329,0.033287127,0.0010468307
2023-11-17,1.8623674e-05,0.09347529,0.88746417,0.98093945,0.98093945,0.0011665414,0.03415467,0.0009770795
2023-11-20,1.1600742e-05,0.10542152,0.8775903,0.98301184,0.98301184,0.0011598762,0.034056954,0.00068287225
2023-11-21,1.9002338e-05,0.1199298,0.8574342,0.977364,0.977364,0.0011035223,0.033219304,0.0008394744
2023-11-22,2.642138e-05,0.08885761,0.8878215,0.9766791,0.9766791,0.0009835334,0.031361338,0.0011329479
2023-11-23,2.1360403e-05,0.06165621,0.92019117,0.9818474,0.9818474,0.0009283089,0.030468162,0.0011767135
2023-11-24,2.006421e-05,0.06132181,0.9215373,0.9828591,0.9828591,0.0008858374,0.02976302,0.0011705442
2023-11-27,3.8618546e-05,0.03759233,0.9408055,0.97839785,0.97839785,0.0008813946,0.029688291,0.0017877173
2023-11-28,2.4155894e-05,0.07245167,0.9068395,0.97929114,0.97929114,0.00088504166,0.02974965,0.0011664522
2023-11-29,2.6745265e-05,0.10369696,0.87016624,0.9738632,0.9738632,0.0008999972,0.029999953,0.0010232794
2023-11-30,1.9820984e-05,0.11507011,0.8630513,0.9781214,0.9781214,0.00094265654,0.030702712,0.000905953
2023-12-01,3.6972884e-05,0.07222524,0.9028702,0.97509545,0.9750954,0.0008334116,0.028868869,0.0014845836
2023-12-04,1.5121546e-05,0.06709119,0.91757387,0.98466504,0.98466504,0.0007908846,0.028122671,0.000986083
2023-12-05,3.0909014e-05,0.12004325,0.85173225,0.9717755,0.97177553,0.0008670344,0.029445449,0.0010951118
2023-12-06,2.7353026e-05,0.06533743,0.91435647,0.9796939,0.9796939,0.0007738975,0.027819013,0.0013470342
2023-12-07,3.9479288e-05,0.10556828,0.8646309,0.97019917,0.97019917,0.0009200719,0.030332686,0.0013247713
2023-12-08,4.41785e-05,0.049354218,0.9259497,0.9753039,0.9753039,0.00083934603,0.028971469,0.0017888849
2023-12-11,2.161001e-05,0.08411803,0.89511305,0.97923106,0.97923106,0.00082145963,0.028661117,0.0010404965
2023-12-12,5.4864948e-05,0.11042298,0.85145354,0.9618765,0.9618765,0.0010563945,0.032502223,0.0014391376
2023-12-13,0.00012512073,0.095136136,0.8485193,0.9436555,0.9436555,0.0012350092,0.035142697,0.0022206374
2023-12-14,8.572012e-05,0.090626284,0.8622076,0.9528339,0.9528339,0.0011836138,0.03440369,0.0018174093
2023-12-15,2.6677335e-05,0.15456116,0.81396866,0.9685298,0.9685298,0.0011598604,0.034056723,0.00084770203
2023-12-18,4.1366053e-05,0.1776181,0.77989197,0.95751005,0.95751005,0.0012275572,0.03503651,0.0009735492
2023-12-19,2.4500761e-05,0.10462924,0.8722421,0.9768713,0.9768713,0.0010031896,0.031673167,0.0010593234
2023-12-20,3.620361e-05,0.07326095,0.9011095,0.9743705,0.9743705,0.00090136915,0.030022811,0.0014125747
2023-12-21,6.584932e-05,0.02824864,0.94488347,0.97313213,0.97313213,0.0008722168,0.029533317,0.0024508578
2023-12-22,6.0533777e-05,0.066319294,0.90235966,0.96867895,0.96867895,0.0009606906,0.03099501,0.0019326868
2023-12-26,3.2147826e-05,0.04621575,0.9334378,0.9796536,0.9796536,0.0009420913,0.030693505,0.001580025
2023-12-27,2.2079581e-05,0.0622728,0.91892016,0.98119295,0.98119295,0.00093608774,0.03059555,0.0011740053
2023-12-28,1.8627157e-05,0.105293535,0.875619,0.9809125,0.9809125,0.0009273483,0.030452393,0.00097588287
2023-12-29,2.2298416e-05,0.06215579,0.92006886,0.98222464,0.98222464,0.0008900323,0.029833408,0.0012544567
2024-01-02,1.7900376e-05,0.07719373,0.90548027,0.982674,0.982674,0.00085863535,0.02930248,0.0010331513
2024-01-03,2.2551518e-05,0.10182843,0.8771552,0.97898364,0.97898364,0.00083092245,0.028825726,0.0010730459
2024-01-04,1.5057963e-05,0.1091158,0.87255895,0.98167473,0.98167473,0.0009016121,0.030026857,0.00082170486
2024-01-05,1.8546929e-05,0.10612987,0.8748532,0.9809831,0.9809831,0.0011435684,0.033816688,0.00097528554
2024-01-08,1.6740554e-05,0.050258804,0.93520457,0.9854634,0.9854634,0.0010875183,0.032977544,0.0011516126
2024-01-09,3.6656853e-05,0.046408918,0.93236494,0.97877383,0.97877383,0.0010785304,0.032840986,0.0017269652
2024-01-10,9.365838e-05,0.019323865,0.95024246,0.96956635,0.96956635,0.0012587566,0.03547896,0.003077461
2024-01-11,3.0107778e-05,0.04287798,0.9379791,0.9808571,0.9808571,0.0013348374,0.036535427,0.0015727887
2024-01-12,2.103842e-05,0.085505605,0.89444983,0.97995543,0.97995543,0.0012978183,0.036025245,0.0010495823
2024-01-16,2.1643327e-05,0.07442016,0.90737617,0.9817963,0.9817963,0.0015729157,0.039660003,0.0011889536
2024-01-17,3.1125364e-05,0.19785793,0.7591108,0.9569687,0.9569687,0.0027640471,0.052574206,0.0007233196
2024-01-18,1.5716214e-05,0.14037871,0.8374308,0.9778095,0.9778095,0.0021498993,0.046367005,0.00070824026
2024-01-19,2.0172238e-05,0.17662513,0.79229337,0.9689185,0.9689185,0.0023551304,0.048529685,0.0006490111
2024-01-22,2.8952485e-05,0.19636945,0.7605988,0.95696825,0.95696825,0.0027045715,0.052005496,0.00067281676
2024-01-23,2.7142054e-05,0.20658699,0.7444608,0.9510478,0.9510478,0.0024049962,0.04904076,0.0005544601
2024-01-24,4.2447642e-05,0.15294848,0.8050317,0.9579802,0.9579802,0.0018521585,0.04303671,0.0010101823
2024-01-25,3.2730055e-05,0.20229627,0.7495651,0.9518614,0.9518614,0.0024001643,0.04899147,0.0006799126
2024-01-26,7.1722105e-05,0.10059932,0.84833455,0.9489339,0.94893384,0.0019755566,0.044447236,0.0014044954
2024-01-29,8.7038075e-05,0.099486545,0.8482054,0.9476919,0.9476919,0.0020366446,0.0451292,0.0016639507
2024-01-30,0.00013917865,0.12366775,0.799317,0.9229848,0.9229847,0.0025366668,0.050365333,0.0018071576
2024-01-31,0.00012898353,0.169525,0.51093113,0.6804561,0.68045616,0.006225074,0.07889914,0.00040364888
2024-02-01,8.2253195e-05,0.20920326,0.6715017,0.88070494,0.88070494,0.0033309045,0.05771399,0.0006894937
2024-02-02,5.1533254e-05,0.21467908,0.6946226,0.90930164,0.90930164,0.0024383753,0.049379908,0.00056818285
2024-02-05,4.086331e-05,0.21418568,0.7148688,0.92905444,0.9290545,0.001788897,0.042295355,0.0005759812
2024-02-06,4.0723826e-05,0.21763273,0.6985602,0.9161929,0.9161929,0.0013202716,0.036335543,0.0004859233
2024-02-07,3.536038e-05,0.18091597,0.7731669,0.95408285,0.95408285,0.0012370658,0.035171945,0.00077009085
2024-02-08,5.5614317e-05,0.19997287,0.72681373,0.9267866,0.9267866,0.0010710076,0.03272625,0.0007596194
2024-02-09,6.2133025e-05,0.18870711,0.73810005,0.92680717,0.92680717,0.0009644986,0.031056378,0.00084889494
2024-02-12,0.00016828034,0.17964533,0.6912142,0.8708595,0.8708595,0.0010322684,0.032128934,0.0013030795
2024-02-13,0.00015512842,0.16335653,0.72910804,0.8924646,0.8924646,0.0012218532,0.034955017,0.0014425798
2024-02-14,0.0007019004,0.080371596,0.73475206,0.8151237,0.8151237,0.0013842738,0.03720583,0.0037965942
2024-02-15,0.00066461705,0.06878409,0.7713748,0.84015894,0.84015894,0.0019066344,0.043665025,0.004157987
2024-02-16,0.0013982874,0.039707243,0.7309337,0.77064097,0.77064097,0.0021560506,0.046433292,0.0060965
2024-02-20,0.0002746988,0.11335762,0.77341413,0.88677174,0.88677174,0.0029867438,0.05465111,0.0024260622
2024-02-21,0.0009095584,0.032221127,0.8112084,0.84342957,0.84342957,0.0026324056,0.051306974,0.00580926
2024-02-22,0.00011803199,0.20548873,0.6390804,0.84456915,0.84456915,0.0034935519,0.059106275,0.0007593858
2024-02-23,6.0081453e-05,0.17378308,0.76612186,0.9399049,0.9399049,0.0024612013,0.049610496,0.0009997734
2024-02-26,0.00010040292,0.19580296,0.707816,0.90361893,0.90361893,0.0029812166,0.05460052,0.0010417287
2024-02-27,6.7697445e-05,0.20993547,0.69820464,0.9081401,0.9081401,0.0024442074,0.049438927,0.0007369642
2024-02-28,0.00011466501,0.16151507,0.75648075,0.9179958,0.9179958,0.0019236244,0.043859143,0.0013982824
2024-02-29,0.00014504172,0.19534166,0.5961056,0.7914472,0.7914472,0.0054401862,0.07375762,0.0006954677
2024-03-01,3.0343066e-05,0.20516002,0.7465952,0.9517552,0.9517552,0.0034217217,0.058495484,0.00062893995
2024-03-04,2.720302e-05,0.2178599,0.71925926,0.9371191,0.9371191,0.0026214167,0.05119977,0.00043261197
2024-03-05,2.6325542e-05,0.20012656,0.758975,0.9591016,0.95910156,0.0023230563,0.048198096,0.00064368173
2024-03-06,2.1978982e-05,0.17342901,0.79617417,0.9696032,0.9696032,0.0018809378,0.04336978,0.0007230685
2024-03-07,2.0165717e-05,0.15763347,0.81494766,0.97258115,0.97258115,0.0015545276,0.039427496,0.00073546905
2024-03-08,2.6414202e-05,0.18525924,0.7776999,0.9629591,0.9629591,0.0018368396,0.042858366,0.0007131093
2024-03-11,2.3193903e-05,0.12194405,0.8530373,0.97498137,0.97498137,0.0014639252,0.038261276,0.0009270652
2024-03-12,2.2768403e-05,0.18051708,0.78617847,0.96669555,0.96669555,0.0013519508,0.036768883,0.00068364444
2024-03-13,2.2398113e-05,0.15707779,0.8140365,0.9711143,0.9711143,0.0012049617,0.034712557,0.00077540433
2024-03-14,4.8537935e-05,0.131768,0.824771,0.956539,0.956539,0.0011744602,0.0342704,0.0011168153
2024-03-15,3.160211e-05,0.1479312,0.8187563,0.9666875,0.9666875,0.0013342671,0.036527622,0.00094865623
2024-03-18,3.7299014e-05,0.16035356,0.80003333,0.9603869,0.9603869,0.0015005963,0.03873753,0.00094158214
2024-03-19,2.9538598e-05,0.16099654,0.8043665,0.9653631,0.9653631,0.0013707966,0.03702427,0.00085280684
2024-03-20,2.369871e-05,0.1456927,0.82636863,0.97206134,0.97206134,0.0012248643,0.03499806,0.0008482407
2024-03-21,2.7663087e-05,0.13803452,0.83220553,0.97024006,0.97024006,0.0011338878,0.03367325,0.000929541
2024-03-22,3.152449e-05,0.115210176,0.8555823,0.9707925,0.9707925,0.0009831164,0.031354688,0.0010793275
2024-03-25,2.9059229e-05,0.09411313,0.8797812,0.9738943,0.9738943,0.00089575147,0.029929107,0.0011131372
2024-03-26,3.0076615e-05,0.095851794,0.87769145,0.9735432,0.9735432,0.0008840865,0.02973359,0.001136821
2024-03-27,7.121869e-05,0.041618958,0.92542833,0.9670473,0.9670473,0.000865335,0.029416576,0.002161238
2024-03-28,3.17837e-05,0.19695945,0.7599115,0.9568709,0.9568709,0.0011878468,0.034465153,0.0007369435
2024-04-01,2.1262e-05,0.16580702,0.8055717,0.9713787,0.9713787,0.0010682233,0.032683685,0.0007428729
2024-04-02,2.59442e-05,0.12539999,0.849041,0.974441,0.974441,0.001164922,0.034130953,0.0010150707
2024-04-03,2.3441884e-05,0.15171431,0.82037157,0.9720859,0.9720859,0.0010386275,0.032227743,0.00083978625
2024-04-04,2.470937e-05,0.09987933,0.8773516,0.9772309,0.9772309,0.0008943174,0.02990514,0.0010852154
2024-04-05,2.237297e-05,0.12256101,0.85345674,0.9760178,0.9760177,0.0009450859,0.030742249,0.0009328979
2024-04-08,2.7834176e-05,0.118852675,0.8547903,0.97364295,0.97364295,0.0008339634,0.028878424,0.0010560427
2024-04-09,2.2750508e-05,0.092636965,0.88644886,0.9790858,0.9790858,0.00086797844,0.029461473,0.0010878021
2024-04-10,1.6407419e-05,0.12209075,0.85776174,0.9798525,0.9798525,0.0008137872,0.028526956,0.00081436493
2024-04-11,1.3800484e-05,0.09570327,0.8878674,0.98357064,0.98357064,0.00072064355,0.026844805,0.00083998893
2024-04-12,2.0505186e-05,0.14014721,0.83552253,0.97566974,0.97566974,0.0010722623,0.032745417,0.00084278535
2024-04-15,1.6312599e-05,0.12699966,0.8523504,0.9793501,0.9793501,0.0009182224,0.030302186,0.0007899598
2024-04-16,2.6615113e-05,0.12945943,0.8434156,0.97287506,0.97287506,0.0010613431,0.03257826,0.0009812044
2024-04-17,2.4707315e-05,0.1638131,0.8058621,0.96967524,0.96967524,0.0009973521,0.03158088,0.00081475725
2024-04-18,2.1770484e-05,0.12269482,0.85350645,0.97620124,0.9762013,0.0008497564,0.029150581,0.00091477373
2024-04-19,1.5396266e-05,0.11018787,0.87146205,0.98164994,0.98164994,0.0008309544,0.02882628,0.00083903066
2024-04-22,1.6689783e-05,0.09999807,0.88159025,0.9815883,0.9815883,0.00074031163,0.02720867,0.0009064772
2024-04-23,2.3931425e-05,0.07279006,0.9073776,0.9801677,0.9801676,0.0007187229,0.026809007,0.0012066886
2024-04-24,1.3601688e-05,0.08623522,0.8976537,0.9838889,0.9838889,0.0006863285,0.026197873,0.00084424455
2024-04-25,2.761682e-05,0.13432616,0.83640885,0.970735,0.970735,0.0013537761,0.036793698,0.0009436813
2024-04-26,1.696805e-05,0.11747921,0.8621466,0.9796258,0.9796258,0.0011705905,0.034213893,0.0008328213
2024-04-29,3.2714048e-05,0.10137085,0.87112767,0.97249854,0.97249854,0.0010510744,0.032420278,0.0011895384
2024-04-30,0.00029542405,0.08550891,0.25666422,0.34217313,0.34217313,0.006288784,0.07930186,0.00044909085
2024-05-01,2.0734258e-05,0.1954557,0.76869917,0.9641549,0.96415484,0.0019410279,0.044057097,0.0005784405
2024-05-02,1.9137964e-05,0.1832384,0.7860961,0.9693345,0.9693345,0.0016872511,0.04107616,0.00062408746
2024-05-03,2.2948107e-05,0.19850786,0.76300365,0.9615115,0.9615115,0.0018437449,0.04293885,0.0005962327
2024-05-06,2.1447338e-05,0.19247416,0.7729496,0.9654237,0.9654237,0.0019552053,0.044217706,0.00062029023
2024-05-07,1.2443126e-05,0.12461553,0.8570005,0.9816161,0.9816161,0.0016496561,0.040615957,0.00067684834
2024-05-08,1.14113955e-05,0.09532826,0.8894086,0.98473686,0.98473686,0.0014301888,0.037817836,0.000747644
2024-05-09,1.152901e-05,0.066839054,0.91973835,0.9865774,0.9865774,0.00129098,0.03593021,0.00085892476
2024-05-10,1.2923988e-05,0.09286279,0.89127356,0.98413634,0.98413634,0.0013728718,0.037052285,0.0008146916
2024-05-13,1.3781141e-05,0.049338613,0.93732065,0.9866593,0.9866593,0.0012787348,0.0357594,0.0010330139
2024-05-14,1.5163301e-05,0.056364413,0.9291587,0.9855231,0.9855231,0.0013665827,0.03696732,0.0010474139
2024-05-15,1.3814126e-05,0.04984432,0.93686193,0.98670626,0.98670626,0.0012983996,0.036033314,0.0010391449
2024-05-16,1.1735047e-05,0.060077578,0.92686355,0.98694116,0.9869411,0.0012764826,0.035727896,0.00089862855
2024-05-17,1.4990128e-05,0.050062977,0.936108,0.98617095,0.98617095,0.0012578552,0.035466254,0.0010839591
2024-05-20,1.755168e-05,0.043931197,0.9416247,0.9855559,0.9855559,0.0013246353,0.03639554,0.0012151442
2024-05-21,2.0009704e-05,0.037152745,0.94816905,0.9853218,0.9853218,0.001360706,0.03688775,0.0013632278
2024-05-22,2.1031236e-05,0.03550497,0.949536,0.985041,0.985041,0.0013420962,0.03663463,0.0014059274
2024-05-23,2.1252155e-05,0.03832169,0.9462739,0.9845956,0.9845956,0.0014330331,0.037855424,0.0013796156
2024-05-24,1.8900164e-05,0.038065255,0.94733137,0.9853966,0.9853966,0.0015498562,0.039368212,0.0012942324
2024-05-28,1.7173401e-05,0.04434253,0.94076437,0.9851069,0.9851069,0.0015929773,0.03991212,0.0011531101
2024-05-29,1.1525897e-05,0.10003918,0.88419116,0.98423034,0.98423034,0.0015495803,0.039364707,0.00073089066
2024-05-30,1.618802e-05,0.055544976,0.9293684,0.98491335,0.98491335,0.0015258415,0.039062023,0.0010730029
2024-05-31,1.6491516e-05,0.05529534,0.92949307,0.9847884,0.9847884,0.0014890326,0.038587987,0.0010841421
2024-06-03,1.239632e-05,0.07260167,0.9128577,0.9854594,0.9854594,0.0014025416,0.037450522,0.00085253076
2024-06-04,1.7187236e-05,0.082457766,0.90048313,0.9829409,0.9829409,0.0015853504,0.039816458,0.001007512
2024-06-05,1.4898508e-05,0.102210715,0.8796583,0.981869,0.981869,0.0017768618,0.04215284,0.0008217138
2024-06-06,1.2989915e-05,0.09307814,0.890969,0.9840471,0.9840471,0.0019996897,0.04471789,0.0008142675
2024-06-07,1.0819283e-05,0.103431806,0.8808597,0.9842915,0.9842915,0.0018445529,0.042948257,0.0006887531
2024-06-10,1.4992558e-05,0.05132344,0.93471396,0.9860374,0.9860374,0.0017552702,0.041895945,0.0010737635
2024-06-11,1.3517473e-05,0.05740167,0.9287623,0.986164,0.986164,0.0016564548,0.040699568,0.0009769766
2024-06-12,2.0405947e-05,0.04868297,0.93538094,0.9840639,0.9840639,0.0018675089,0.043214682,0.0012804875
2024-06-13,1.9854648e-05,0.03749869,0.9478588,0.9853575,0.9853575,0.001802745,0.042458747,0.0013559624
2024-06-14,1.5880607e-05,0.057299912,0.927689,0.9849889,0.9849889,0.00175894,0.04193972,0.0010579262
2024-06-17,2.1270458e-05,0.034858845,0.95006967,0.9849285,0.9849285,0.0016878928,0.041083973,0.0014113022
2024-06-18,1.0847918e-05,0.08212072,0.903453,0.9855737,0.9855737,0.0016619485,0.040767003,0.00075195474
2024-06-20,1.5768312e-05,0.088988274,0.89350843,0.9824967,0.98249674,0.001662006,0.040767707,0.0009008754
2024-06-21,2.455503e-05,0.06429309,0.9154383,0.9797314,0.9797314,0.0018135055,0.042585272,0.0012114802
2024-06-24,2.7634565e-05,0.04616109,0.9338401,0.9800012,0.9800012,0.0016955979,0.041177638,0.0013818119
2024-06-25,4.585155e-05,0.034729287,0.9414539,0.9761832,0.9761832,0.0016799886,0.040987663,0.0019251748
2024-06-26,1.85987e-05,0.084626,0.89649016,0.9811162,0.9811162,0.0016407622,0.040506322,0.0009849011
2024-06-27,1.9759043e-05,0.10374664,0.8745072,0.97825384,0.97825384,0.0016792691,0.040978886,0.0009086222
2024-06-28,2.4980889e-05,0.043300662,0.9387113,0.982012,0.982012,0.0015369817,0.03920436,0.001388751
2024-07-01,2.9751774e-05,0.03641155,0.9447327,0.98114425,0.98114425,0.0015109428,0.03887085,0.0015778621
2024-07-02,2.5630348e-05,0.12539227,0.84588826,0.9712805,0.9712805,0.0015419159,0.03926724,0.0008924376
2024-07-03,3.2677075e-05,0.06851044,0.9068016,0.97531205,0.975312,0.0013674432,0.036978956,0.0013236045
2024-07-05,3.327217e-05,0.040406834,0.9380542,0.978461,0.978461,0.0012758446,0.035718966,0.0015447426
2024-07-08,5.953078e-05,0.037004754,0.93435794,0.9713627,0.9713627,0.0013000055,0.036055587,0.0020787853
2024-07-09,5.8992027e-05,0.04474732,0.92584765,0.97059494,0.97059494,0.0012894066,0.035908308,0.0020061864
2024-07-10,4.221628e-05,0.036520064,0.9400193,0.9765394,0.9765394,0.0012565209,0.035447437,0.0017994525
2024-07-11,8.248895e-05,0.01603592,0.95658374,0.97261965,0.97261965,0.0012247802,0.03499686,0.0030127065
2024-07-12,6.671267e-05,0.026077345,0.9460971,0.9721744,0.9721744,0.0012652149,0.035569858,0.002397529
2024-07-15,6.351093e-05,0.039586373,0.93099207,0.97057843,0.97057843,0.0012823842,0.035810392,0.0021586523
2024-07-16,5.7246845e-05,0.10374408,0.85620034,0.9599444,0.9599444,0.0014863587,0.038553324,0.0014291855
2024-07-17,4.0859406e-05,0.07889253,0.8921713,0.97106385,0.97106385,0.0013502366,0.036745567,0.001412054
2024-07-18,6.226881e-05,0.08942648,0.86954516,0.9589716,0.9589716,0.0016577358,0.040715303,0.0015177008
2024-07-19,4.417109e-05,0.14750549,0.81178,0.95928544,0.9592855,0.001672822,0.04090015,0.0010848966
2024-07-22,8.148766e-05,0.07402999,0.88500494,0.9590349,0.9590349,0.0014025201,0.037450235,0.0019891982
2024-07-23,4.550225e-05,0.1299503,0.83324844,0.9631987,0.9631987,0.0015581945,0.039473973,0.0012364312
2024-07-24,5.741046e-05,0.096002564,0.86727196,0.96327454,0.96327454,0.0014504404,0.03808465,0.0015632332
2024-07-25,3.2461787e-05,0.07890882,0.8948757,0.9737845,0.9737845,0.0014156484,0.037625104,0.0012382673
2024-07-26,5.0022067e-05,0.0510297,0.92023444,0.9712641,0.9712641,0.0014035791,0.037464373,0.0017407532
2024-07-29,4.7529462e-05,0.06798706,0.9022671,0.9702542,0.9702542,0.0013565499,0.03683137,0.0015978536
2024-07-30,0.00016798134,0.030872988,0.9194128,0.9502858,0.9502858,0.0014442346,0.038003087,0.0033789403
2024-07-31,5.9281225e-05,0.20921476,0.7195354,0.92875016,0.92875016,0.0018620726,0.04315174,0.000832019
2024-08-01,1.4647138e-05,0.16777638,0.8068279,0.9746043,0.97460425,0.0017868306,0.042270917,0.00057675684
2024-08-02,4.3366774e-05,0.1163736,0.8494162,0.9657898,0.9657898,0.0016475697,0.040590268,0.0012676561
2024-08-05,5.669678e-05,0.07394453,0.89300585,0.96695036,0.96695036,0.0014428498,0.037984863,0.0017155035
2024-08-06,2.7083657e-05,0.10628079,0.8676089,0.9738897,0.9738897,0.0013568818,0.036835875,0.001037279
2024-08-07,3.9355393e-05,0.06439318,0.90936244,0.9737556,0.9737556,0.0013317261,0.03649282,0.0014995729
2024-08-08,1.6350792e-05,0.107283935,0.8732325,0.98051643,0.98051643,0.0014094767,0.037543,0.0008392094
2024-08-09,2.574823e-05,0.03528781,0.94721764,0.98250544,0.98250544,0.0012528426,0.035395518,0.001471785
2024-08-12,3.001449e-05,0.027697962,0.95489204,0.98259,0.98259,0.0012145551,0.034850467,0.0017239818
2024-08-13,1.8751507e-05,0.04435737,0.9399364,0.98429376,0.98429376,0.0012025204,0.034677375,0.001193889
2024-08-14,3.3313932e-05,0.03668606,0.9435592,0.9802453,0.9802453,0.0011645582,0.034125622,0.0016863794
2024-08-15,5.484829e-05,0.019526044,0.9583888,0.97791487,0.97791487,0.0011714329,0.0342262,0.002483494
2024-08-16,2.5716854e-05,0.029964391,0.95362353,0.9835879,0.9835879,0.0011793957,0.03434233,0.0015669467
2024-08-19,3.342543e-05,0.02651799,0.9553062,0.98182416,0.98182416,0.0011851706,0.034426305,0.0018390032
2024-08-20,3.8853283e-05,0.044994358,0.9329288,0.97792315,0.97792315,0.0012362787,0.035160754,0.001759911
2024-08-21,3.0700376e-05,0.03166547,0.9502011,0.98186654,0.98186654,0.0012044442,0.034705102,0.0016930235
2024-08-22,4.290358e-05,0.029273044,0.9495637,0.9788367,0.9788367,0.001177959,0.03432141,0.0020272646
2024-08-23,2.4069015e-05,0.0551927,0.925414,0.98060673,0.98060673,0.0012614238,0.03551653,0.0012411018
2024-08-26,2.7364e-05,0.03668899,0.94444907,0.98113805,0.98113805,0.0012038414,0.03469642,0.0014507514
2024-08-27,6.679853e-05,0.015547662,0.9594195,0.9749671,0.9749671,0.0012042357,0.0347021,0.002668432
2024-08-28,4.0376002e-05,0.05026343,0.924929,0.9751924,0.9751924,0.0012332816,0.03511811,0.0016275677
2024-08-29,8.095177e-05,0.03161284,0.9369108,0.9685236,0.9685236,0.0011906031,0.034505118,0.002571826
2024-08-30,2.6120488e-05,0.18981299,0.7734835,0.9632965,0.96329653,0.0015259153,0.039062966,0.00071166153
2024-09-03,2.24848e-05,0.07056302,0.91032267,0.9808857,0.9808857,0.0012102079,0.034788042,0.001176333
2024-09-04,1.7865339e-05,0.10572094,0.8746047,0.98032564,0.98032564,0.00121216,0.034816086,0.0009080518
2024-09-05,2.5341526e-05,0.04262866,0.9395569,0.98218554,0.98218554,0.001152126,0.033942983,0.0014225258
2024-09-06,3.0062398e-05,0.053281926,0.9270056,0.9802875,0.9802875,0.0012134352,0.034834396,0.0015250418
2024-09-09,2.1747512e-05,0.0368269,0.9472695,0.9840964,0.9840964,0.0011597117,0.03405454,0.0013674591
2024-09-10,1.3450615e-05,0.07045982,0.91466254,0.9851224,0.9851224,0.00120182,0.034667276,0.00090408395
2024-09-11,2.5735153e-05,0.07673919,0.90233415,0.97907335,0.97907335,0.001169448,0.034197193,0.0012297786
2024-09-12,1.1051347e-05,0.06754994,0.91925573,0.9868057,0.9868057,0.0011033752,0.03321709,0.00083758356
2024-09-13,1.5417936e-05,0.0505885,0.93518376,0.98577225,0.98577225,0.0011219345,0.033495292,0.0010836526
2024-09-16,2.2599736e-05,0.03586578,0.9481479,0.9840137,0.9840137,0.0010893474,0.033005264,0.0014136919
2024-09-17,2.0427016e-05,0.036923934,0.9478597,0.98478365,0.98478365,0.0010862112,0.032957718,0.0013424386
2024-09-18,1.6944987e-05,0.053204227,0.9313653,0.98456955,0.98456955,0.0010657619,0.032646008,0.0010981525
2024-09-19,2.8651515e-05,0.03536932,0.94666624,0.9820356,0.9820356,0.0010252172,0.032019015,0.0015949032
2024-09-20,1.7437294e-05,0.055459253,0.9287587,0.98421794,0.98421794,0.0010266069,0.032040708,0.0011048809
2024-09-23,3.6814807e-05,0.025931437,0.9553171,0.9812485,0.9812485,0.0010434955,0.03230318,0.001963299
2024-09-24,4.9264203e-05,0.044115335,0.93134475,0.9754601,0.97546005,0.0011650273,0.034132496,0.0020075154
2024-09-25,2.0226667e-05,0.03642828,0.9485625,0.9849908,0.9849908,0.0011593106,0.03404865,0.0013476157
2024-09-26,2.4333263e-05,0.04377253,0.9395321,0.9833046,0.9833046,0.0011604519,0.034065407,0.0014574848
2024-09-27,1.8920744e-05,0.047433354,0.93754345,0.9849768,0.9849768,0.0011316207,0.033639573,0.0012594374
2024-09-30,3.382053e-05,0.114877485,0.8579485,0.97282594,0.97282594,0.0017168147,0.041434463,0.0012445889
2024-10-01,1.3540633e-05,0.050903767,0.935959,0.9868627,0.9868628,0.0015130778,0.0388983,0.0010307028
2024-10-02,1.2211659e-05,0.057199392,0.93000376,0.9872032,0.9872032,0.0014339107,0.037867013,0.000954273
2024-10-03,1.4294942e-05,0.05009532,0.93654346,0.9866388,0.9866388,0.0013463593,0.03669277,0.0010698834
2024-10-04,9.978317e-06,0.08857167,0.89735574,0.9859274,0.9859274,0.001317049,0.03629117,0.0007090601
2024-10-07,1.971054e-05,0.03776205,0.947534,0.9852961,0.9852961,0.0013309757,0.03648254,0.0013404947
2024-10-08,1.357528e-05,0.082068086,0.9019832,0.9840513,0.9840513,0.0013364513,0.036557507,0.00085118343
2024-10-09,1.4331751e-05,0.05596444,0.9296119,0.98557633,0.9855764,0.0012207229,0.034938846,0.0009936274
2024-10-10,1.6248927e-05,0.057392452,0.92732674,0.9847192,0.9847192,0.0011895297,0.034489557,0.001063357
2024-10-11,1.2235207e-05,0.08543211,0.8989771,0.9844092,0.9844092,0.0011212818,0.033485547,0.0007847716
2024-10-14,4.5700228e-05,0.019968579,0.95953304,0.9795016,0.9795016,0.0010421106,0.032281738,0.002229454
2024-10-15,4.0559644e-05,0.03069701,0.9476161,0.9783131,0.9783131,0.0011031161,0.03321319,0.001870236
2024-10-16,3.0840198e-05,0.052215658,0.9264436,0.9786592,0.9786592,0.0010859906,0.032954372,0.0014451293
2024-10-17,4.9108912e-05,0.04425081,0.92879546,0.97304624,0.97304624,0.0011873042,0.03445728,0.001821969
2024-10-18,6.555684e-05,0.031581957,0.9391522,0.9707341,0.9707341,0.001154905,0.033983894,0.0022400431
2024-10-21,7.100555e-05,0.038852397,0.92916524,0.96801764,0.96801764,0.0011968851,0.034596026,0.002220147
2024-10-22,7.847655e-05,0.029483728,0.93900293,0.96848667,0.96848667,0.0012051904,0.034715854,0.002490265
2024-10-23,4.058493e-05,0.07685755,0.8937255,0.9705831,0.9705831,0.0012101553,0.034787286,0.0013796459
2024-10-24,0.00015265524,0.013576589,0.9496313,0.96320784,0.96320784,0.0011362031,0.03370761,0.004149124
2024-10-25,8.996103e-05,0.065714195,0.89463437,0.96034855,0.96034855,0.0013064839,0.036145315,0.0022687954
2024-10-28,3.1513948e-05,0.030946096,0.95034724,0.9812933,0.9812933,0.0012738912,0.03569161,0.0016846361
2024-10-29,6.502347e-05,0.16470411,0.78308785,0.947792,0.94779193,0.0015703752,0.039627958,0.0012454693
2024-10-30,7.258077e-05,0.10375664,0.8531605,0.95691717,0.95691717,0.0013374753,0.03657151,0.0016846795
2024-10-31,0.00019741135,0.16341443,0.4926821,0.6560965,0.6560965,0.005080791,0.07127967,0.00057403126
2024-11-01,2.0183224e-05,0.1898675,0.7765459,0.9664134,0.9664134,0.0031012918,0.05568924,0.0006009305
2024-11-04,1.9034753e-05,0.17424606,0.7969968,0.97124285,0.97124285,0.0024781947,0.049781468,0.00066191365
2024-11-05,2.1843203e-05,0.16105527,0.810533,0.97158825,0.97158825,0.002324824,0.04821643,0.0007688089
2024-11-06,1.928401e-05,0.18192372,0.7872933,0.969217,0.96921706,0.0021706999,0.04659077,0.00062645006
2024-11-07,2.1155838e-05,0.089817785,0.8893381,0.97915584,0.97915584,0.0018774524,0.043329578,0.0010149527
2024-11-08,1.8044846e-05,0.10409453,0.87551856,0.97961307,0.97961307,0.0017255177,0.041539352,0.00088511815
2024-11-11,2.2342341e-05,0.07801555,0.9013816,0.9793972,0.9793972,0.0015367301,0.039201148,0.0010844311
2024-11-12,2.6674548e-05,0.16679516,0.80168307,0.96847826,0.9684782,0.0020406544,0.045173604,0.0008462271
2024-11-13,1.2676293e-05,0.090860665,0.89346313,0.9843238,0.9843238,0.0016656539,0.04081242,0.00080863305
2024-11-14,2.3508746e-05,0.039572854,0.943648,0.9832208,0.9832208,0.0015623642,0.039526753,0.0014010661
2024-11-15,1.8928607e-05,0.07120898,0.91065776,0.9818668,0.9818667,0.001683384,0.041029062,0.0010438634
2024-11-18,2.216781e-05,0.052493382,0.92989725,0.98239064,0.98239064,0.0015653943,0.039565064,0.0012588652
2024-11-19,1.4043294e-05,0.13007727,0.8500823,0.9801595,0.9801595,0.0016196428,0.040244788,0.0007078102
2024-11-20,1.497269e-05,0.059986886,0.9251301,0.985117,0.985117,0.0014004485,0.037422568,0.0010060276
2024-11-21,2.7080205e-05,0.06395816,0.9155104,0.9794686,0.9794686,0.0015503356,0.0393743,0.0013189643
2024-11-22,2.8946659e-05,0.027883472,0.9551793,0.98306274,0.98306274,0.0015754632,0.039692104,0.0017090525
2024-11-25,0.00012600019,0.007958676,0.96139336,0.969352,0.969352,0.0016507064,0.040628888,0.004111205
2024-11-26,3.381806e-05,0.10055307,0.8722092,0.9727623,0.9727623,0.001756688,0.04191286,0.0012415895
2024-11-27,1.831302e-05,0.052261572,0.9321527,0.9844143,0.9844143,0.0016002158,0.040002696,0.0011749871
2024-11-29,1.911118e-05,0.05414338,0.9291765,0.9833199,0.9833199,0.0017533655,0.04187321,0.0011457459
2024-12-02,3.2403103e-05,0.07484946,0.9015367,0.9763862,0.9763862,0.0017763893,0.042147234,0.0013722099
2024-12-03,1.4947791e-05,0.075585276,0.9085854,0.9841707,0.9841707,0.0017883114,0.04228843,0.0009443101
2024-12-04,1.5212376e-05,0.14630261,0.8310635,0.9773661,0.9773661,0.0018641556,0.04317587,0.0006721055
2024-12-05,2.0883806e-05,0.081949376,0.89785254,0.9798019,0.9798019,0.001564486,0.039553583,0.0010339487
2024-12-06,1.9134728e-05,0.080034345,0.9011954,0.9812297,0.9812298,0.0014372974,0.037911706,0.0010194164
2024-12-09,2.63168e-05,0.056349464,0.9237955,0.980145,0.980145,0.0013144679,0.03625559,0.001325448
2024-12-10,1.3840744e-05,0.11442264,0.8673721,0.9817947,0.9817947,0.0013060858,0.03613981,0.0007602597
2024-12-11,2.1418358e-05,0.0388725,0.9451641,0.98403656,0.98403656,0.0011505297,0.03391946,0.0013417136
2024-12-12,1.9296747e-05,0.095874354,0.8842414,0.9801158,0.9801158,0.0012780267,0.0357495,0.0009704549
2024-12-13,3.008465e-05,0.035533585,0.94626796,0.98180157,0.98180157,0.0011989785,0.034626268,0.0016531453
2024-12-16,2.9510327e-05,0.050007634,0.9293479,0.9793555,0.9793555,0.0012598854,0.035494864,0.0014294533
2024-12-17,2.657814e-05,0.046819914,0.93470716,0.9815271,0.9815271,0.0012206282,0.03493749,0.001438763
2024-12-18,3.085605e-05,0.03501056,0.9467266,0.9817372,0.9817372,0.0012069747,0.034741543,0.0016895571
2024-12-19,2.5000803e-05,0.04745234,0.93459326,0.9820456,0.9820456,0.0011874811,0.034459848,0.0013924604
2024-12-20,2.9251249e-05,0.054157384,0.9258387,0.9799961,0.9799961,0.0013089974,0.036180068,0.0014622762
2024-12-23,2.5604866e-05,0.04740812,0.934502,0.9819101,0.9819101,0.0013505912,0.03675039,0.001415424
2024-12-24,5.1589992e-05,0.017546127,0.9613712,0.9789173,0.9789173,0.0013165335,0.036284067,0.0024470298
2024-12-26,2.9909153e-05,0.05740717,0.92155945,0.9789666,0.9789666,0.001420056,0.03768363,0.0014219834
2024-12-27,2.3375122e-05,0.063132085,0.9176891,0.9808212,0.9808212,0.0015460529,0.03931988,0.0012187995
2024-12-30,4.5691577e-05,0.060628556,0.90998125,0.9706098,0.9706098,0.0016360568,0.0404482,0.0015546527
2024-12-31,7.5850156e-05,0.18821116,0.74575365,0.9339648,0.9339648,0.002317103,0.048136298,0.001148632
2025-01-02,3.859215e-05,0.13737094,0.82601887,0.9633898,0.9633898,0.0030053877,0.054821417,0.0010541369
2025-01-03,2.370157e-05,0.14829548,0.822622,0.97091746,0.97091746,0.0025290556,0.050289717,0.00081497605
2025-01-06,3.3806267e-05,0.16073237,0.80141175,0.96214414,0.96214414,0.0032292777,0.056826733,0.0008930259
2025-01-07,5.435398e-05,0.21279672,0.7121173,0.92491406,0.924914,0.003946641,0.0628223,0.00072389026
2025-01-08,3.2252276e-05,0.15224887,0.81140786,0.9636567,0.9636567,0.00369463,0.06078347,0.00088743446
2025-01-09,4.0181174e-05,0.16695626,0.7902138,0.95717007,0.95717007,0.0035268953,0.05938767,0.0009381564
2025-01-10,2.821867e-05,0.14200091,0.8259179,0.9679188,0.9679188,0.0028590146,0.053469755,0.0008796018
2025-01-13,2.8798242e-05,0.18253992,0.77811104,0.960651,0.960651,0.0031913463,0.056492,0.0007318668
2025-01-14,6.174076e-05,0.023861285,0.9489157,0.972777,0.972777,0.00254617,0.05045959,0.0022679637
2025-01-15,6.363347e-05,0.051078085,0.9153831,0.9664612,0.9664612,0.0024796943,0.04979653,0.0018973082
2025-01-16,3.512646e-05,0.06515316,0.9090436,0.9741968,0.9741968,0.0023757992,0.04874217,0.0013613214
2025-01-17,5.530415e-05,0.037482888,0.93565106,0.973134,0.9731339,0.0023107133,0.04806988,0.0020585167
2025-01-21,4.213244e-05,0.054343924,0.9189646,0.97330856,0.97330856,0.0024303335,0.049298413,0.0015785003
2025-01-22,3.6368612e-05,0.093072034,0.87773,0.97080207,0.97080207,0.0024094793,0.049086448,0.0012455886
2025-01-23,4.840813e-05,0.04559066,0.92759055,0.9731812,0.9731812,0.0024136233,0.04912864,0.0018050064
2025-01-24,3.3380344e-05,0.089545414,0.8827739,0.9723193,0.9723193,0.0022878496,0.047831472,0.001205907
2025-01-27,4.1875675e-05,0.065905325,0.90599257,0.9718979,0.9718979,0.002091696,0.045735065,0.0014901262
2025-01-28,4.064817e-05,0.122780934,0.8411027,0.96388364,0.96388364,0.0024164016,0.049156908,0.001125478
2025-01-29,5.024249e-05,0.11616848,0.8418691,0.9580376,0.9580376,0.002558444,0.050581064,0.001197322
2025-01-30,4.5595483e-05,0.13864918,0.8205493,0.9591985,0.9591985,0.0022437756,0.047368508,0.0011174945
2025-01-31,7.531669e-05,0.20761949,0.6360495,0.843669,0.843669,0.0049380697,0.0702714,0.00048177704
2025-02-03,5.6878238e-05,0.19970876,0.7273146,0.92702335,0.92702335,0.0032162995,0.056712426,0.00077940326
2025-02-04,6.1464874e-05,0.21254598,0.6552576,0.8678036,0.8678036,0.004259379,0.06526392,0.0004649511
2025-02-05,2.4958405e-05,0.20496775,0.7513562,0.9563239,0.9563239,0.0030408693,0.05514408,0.00057144335
2025-02-06,3.7591868e-05,0.208666,0.7349881,0.9436541,0.94365406,0.0025271561,0.05027083,0.00066716265
2025-02-07,2.1686568e-05,0.18293434,0.7838307,0.96676505,0.96676505,0.0019382345,0.044025384,0.0006525229
2025-02-10,2.2495455e-05,0.19631633,0.7655933,0.96190965,0.96190965,0.0016976981,0.041203134,0.0005905815
2025-02-11,2.093765e-05,0.16075252,0.8111513,0.97190386,0.97190386,0.0016393956,0.04048945,0.0007452145
2025-02-12,2.1962282e-05,0.18717484,0.7785432,0.96571803,0.96571803,0.0014267768,0.0377727,0.00064063654
2025-02-13,2.5195955e-05,0.10789191,0.8677439,0.9756358,0.9756358,0.0011653495,0.034137215,0.0010341395
2025-02-14,1.7909639e-05,0.10941594,0.8702675,0.97968346,0.97968346,0.0010703121,0.032715626,0.00088152994
2025-02-18,3.199498e-05,0.053782593,0.92483,0.9786126,0.9786126,0.0010267353,0.032042712,0.0014959734
2025-02-19,4.666163e-05,0.043881178,0.93130386,0.97518504,0.97518504,0.0012695892,0.035631295,0.0018803828
2025-02-20,4.0021827e-05,0.047704015,0.92928964,0.9769937,0.9769937,0.0014208553,0.037694234,0.0017396014
2025-02-21,4.327612e-05,0.027981766,0.95028913,0.9782709,0.9782709,0.0014037917,0.037467208,0.0019916194
2025-02-24,4.389469e-05,0.02779277,0.9514098,0.97920257,0.97920257,0.0013882134,0.037258737,0.0021105823
2025-02-25,2.2235437e-05,0.07075025,0.9097219,0.98047215,0.98047215,0.0014586269,0.038191974,0.0011386524
2025-02-26,2.644942e-05,0.09724478,0.87921095,0.97645575,0.97645575,0.001487949,0.038573943,0.0011233918
2025-02-27,1.8661103e-05,0.08697848,0.89392614,0.98090464,0.98090464,0.0017602597,0.04195545,0.0009772584
2025-02-28,1.5359343e-05,0.13988253,0.8383373,0.97821987,0.97821987,0.0015969008,0.03996124,0.00070519967
2025-03-03,1.9976542e-05,0.079075605,0.901827,0.9809026,0.98090255,0.0014453594,0.038017884,0.0010460353
2025-03-04,2.7473883e-05,0.2059837,0.7478642,0.9538479,0.9538479,0.0017406415,0.041720998,0.0005952898
2025-03-05,1.8365694e-05,0.14593814,0.8306499,0.9765881,0.9765881,0.0019308499,0.04394144,0.00078445877
2025-03-06,3.0888965e-05,0.051313024,0.9285862,0.9798992,0.9798992,0.0016989866,0.041218765,0.0015367054
2025-03-07,1.50621645e-05,0.07721061,0.9071175,0.9843281,0.9843281,0.0016665369,0.04082324,0.0009610932
2025-03-10,1.5689076e-05,0.083548784,0.89975524,0.983304,0.983304,0.0015659062,0.03957153,0.0009396921
2025-03-11,2.7926095e-05,0.039261736,0.94286644,0.9821282,0.9821282,0.001461131,0.038224746,0.001562579
2025-03-12,1.5917072e-05,0.07541443,0.9083127,0.9837271,0.9837271,0.0014082767,0.037527014,0.0009781335
2025-03-13,1.5256507e-05,0.13404065,0.84511113,0.9791518,0.9791518,0.0018566719,0.043089114,0.0007317896
2025-03-14,2.2524842e-05,0.086900935,0.89245456,0.9793555,0.9793555,0.0015905403,0.03988158,0.0010910827
2025-03-17,1.7168522e-05,0.094440654,0.8867983,0.98123896,0.98123896,0.0014422048,0.037976373,0.00091511576
2025-03-18,2.1546137e-05,0.12782791,0.84757984,0.9754077,0.9754077,0.0013376499,0.036573898,0.00087613415
2025-03-19,2.320049e-05,0.11762872,0.85836446,0.9759932,0.97599316,0.0011648366,0.0341297,0.0009664139
2025-03-20,2.9401845e-05,0.099903226,0.8747269,0.9746301,0.9746301,0.0012852054,0.03584976,0.0011589271
2025-03-21,2.4408593e-05,0.13543971,0.8374482,0.9728879,0.9728879,0.0015885485,0.039856598,0.0009002832
2025-03-24,2.8492452e-05,0.10091399,0.8736198,0.9745338,0.9745338,0.0013550257,0.036810674,0.0011188339
2025-03-25,2.8558848e-05,0.09893266,0.87531674,0.9742494,0.9742494,0.0012397965,0.035210744,0.0011090566
2025-03-26,3.5716545e-05,0.13399728,0.83200175,0.965999,0.965999,0.0011490441,0.033897553,0.001050456
2025-03-27,2.3147242e-05,0.08978358,0.8880147,0.9777983,0.9777982,0.0009960158,0.03155972,0.0010425879
2025-03-28,3.004953e-05,0.081858955,0.894423,0.97628194,0.97628194,0.0009551004,0.0309047,0.0012669472
2025-03-31,2.7651562e-05,0.06931677,0.9096537,0.97897047,0.97897047,0.0009527026,0.030865882,0.001314892
2025-04-01,1.4450215e-05,0.088963136,0.8942652,0.9832283,0.9832283,0.0009067325,0.030112,0.0008615845
2025-04-02,1.7275821e-05,0.12876016,0.8501598,0.97892,0.97892,0.0009780517,0.03127382,0.00081953546
2025-04-03,2.1388301e-05,0.13633193,0.8392998,0.9756317,0.9756317,0.000937081,0.03061178,0.0008777105
2025-04-04,1.9450094e-05,0.11418912,0.8647126,0.9789017,0.97890174,0.00086499477,0.029410793,0.00092187896
2025-04-07,3.0615094e-05,0.16726626,0.7985808,0.9658471,0.9658471,0.0014151557,0.037618555,0.00089641206
2025-04-08,4.219795e-05,0.11663107,0.85043126,0.96706235,0.96706235,0.0015523791,0.039400242,0.0012811465
2025-04-09,4.7457386e-05,0.14431925,0.815589,0.95990825,0.95990825,0.0016922038,0.041136406,0.0011837194
2025-04-10,4.3744512e-05,0.19027904,0.7601222,0.95040125,0.9504012,0.002777007,0.052697316,0.000881968
2025-04-11,3.664058e-05,0.18138683,0.7759733,0.95736015,0.95736015,0.0030890885,0.05557957,0.00085930363
2025-04-14,1.9688394e-05,0.17590421,0.7936648,0.969569,0.969569,0.0024460778,0.049457837,0.00064698537
2025-04-15,3.694458e-05,0.19670163,0.7533968,0.95009845,0.95009845,0.0025686517,0.050681867,0.0007403494
2025-04-16,2.3364752e-05,0.1758596,0.7915052,0.9673648,0.9673648,0.0019725487,0.044413384,0.0007159369
2025-04-17,2.5164863e-05,0.16249639,0.8047805,0.9672769,0.9672769,0.0016922369,0.041136805,0.0007690238
2025-04-21,2.184843e-05,0.14657104,0.8250284,0.97159946,0.97159946,0.0013870713,0.037243407,0.00076929625
2025-04-22,5.0060295e-05,0.1626965,0.78987277,0.95256925,0.95256925,0.0019468244,0.044122834,0.0010554396
2025-04-23,2.9169594e-05,0.15556343,0.8099035,0.9654669,0.9654669,0.0015890636,0.03986306,0.0008446855
2025-04-24,4.025249e-05,0.12677363,0.8379593,0.96473294,0.9647329,0.0013203352,0.03633642,0.0011413624
2025-04-25,6.251027e-05,0.08662236,0.8734628,0.96008515,0.96008515,0.0012662036,0.035583753,0.0015660907
2025-04-28,5.8548045e-05,0.08612498,0.87610686,0.9622318,0.9622318,0.0011690741,0.034191724,0.0015501948
2025-04-29,5.0592724e-05,0.1796734,0.771047,0.95072037,0.9507204,0.0015874524,0.039842844,0.0010266458
2025-04-30,3.096681e-05,0.14750735,0.82151824,0.9690256,0.9690256,0.0020601866,0.04538928,0.0009997553
2025-05-01,2.3632629e-05,0.09839267,0.87924814,0.9776408,0.9776408,0.0017695186,0.042065646,0.0010569536
2025-05-02,1.5045256e-05,0.0890536,0.8943032,0.98335683,0.98335683,0.001780326,0.04219391,0.00090399
2025-05-05,3.2941698e-05,0.078126,0.8981559,0.97628194,0.97628194,0.0017695199,0.04206566,0.0013888867
2025-05-06,1.7932985e-05,0.0790893,0.90331596,0.98240525,0.98240525,0.0016603317,0.04074717,0.0010192234
2025-05-07,1.1634406e-05,0.09281936,0.89195573,0.98477507,0.98477507,0.0015656233,0.03956796,0.0007641679
2025-05-08,2.1913029e-05,0.06880589,0.9129885,0.98179436,0.98179436,0.0015945679,0.039932042,0.0012036394
2025-05-09,1.1521204e-05,0.092179276,0.89272547,0.98490477,0.98490477,0.001481959,0.038496222,0.00076323457
2025-05-12,1.3699851e-05,0.09925324,0.884464,0.98371726,0.98371726,0.0016151876,0.040189397,0.0008413727
2025-05-13,1.3835195e-05,0.09765143,0.88596976,0.9836212,0.9836212,0.0015998738,0.039998423,0.0008447004
2025-05-14,1.2904608e-05,0.0948384,0.88932246,0.98416084,0.98416084,0.0014312975,0.03783249,0.0008147281
2025-05-15,1.7703982e-05,0.107155636,0.87346554,0.98062116,0.98062116,0.0014629795,0.038248915,0.0009135728
2025-05-16,1.8285424e-05,0.09943503,0.88133085,0.9807659,0.9807659,0.0014481288,0.038054287,0.00095067633
2025-05-19,1.5681013e-05,0.058044594,0.9265464,0.984591,0.984591,0.0013011824,0.036071908,0.0010176534
2025-05-20,2.3076142e-05,0.12510781,0.849766,0.97487384,0.97487384,0.0014926926,0.03863538,0.000918411
2025-05-21,3.757199e-05,0.2069637,0.74084,0.94780374,0.94780374,0.0024518333,0.049515992,0.00071982143
2025-05-22,1.7156184e-05,0.13948062,0.83795786,0.9774385,0.97743845,0.0019149329,0.043759946,0.00076041894
2025-05-23,1.5265205e-05,0.118028685,0.8625071,0.9805358,0.9805358,0.0017881471,0.04228649,0.00078427105
2025-05-27,1.6521053e-05,0.10443794,0.87649345,0.9809314,0.9809314,0.0016301542,0.04037517,0.000866401
2025-05-28,2.1479933e-05,0.06890128,0.9125523,0.9814536,0.9814536,0.0014839218,0.038521707,0.0011581725
2025-05-29,2.6944366e-05,0.08132234,0.89552,0.9768423,0.9768423,0.0016120867,0.0401508,0.0011635157
2025-05-30,2.754201e-05,0.18970513,0.7732204,0.96292555,0.96292555,0.0022019877,0.04692534,0.0007428839
2025-06-02,1.619772e-05,0.076510414,0.9067111,0.98322153,0.98322153,0.0018163824,0.04261904,0.00096538727
2025-06-03,1.8199915e-05,0.15321203,0.8224668,0.9756788,0.9756788,0.0020317568,0.045075014,0.0007483149
2025-06-04,1.4905339e-05,0.13501312,0.8443683,0.9793814,0.9793814,0.0016984721,0.04121252,0.00072290684
2025-06-05,1.5114757e-05,0.057902247,0.92750657,0.98540884,0.9854088,0.0014493087,0.03806979,0.0010358847
2025-06-06,1.1864483e-05,0.086894736,0.8982118,0.9851065,0.9851065,0.0013655542,0.036953405,0.000796623
2025-06-09,1.5962685e-05,0.051794894,0.9337467,0.9855416,0.9855416,0.0013109487,0.036207028,0.0011040409
2025-06-10,1.6092663e-05,0.06977368,0.91406804,0.9838417,0.9838417,0.0013227898,0.036370177,0.0009959389
2025-06-11,1.8222314e-05,0.08386246,0.8975736,0.9814361,0.9814361,0.0012809188,0.035789926,0.000981598
2025-06-12,1.177508e-05,0.09279341,0.8914628,0.9842562,0.9842562,0.0011722649,0.034238353,0.0007479189
2025-06-13,2.8073886e-05,0.041268654,0.94017243,0.9814411,0.9814411,0.0010583506,0.0325323,0.0015126896
2025-06-16,3.5903588e-05,0.051645886,0.92321175,0.9748576,0.9748576,0.0010496753,0.032398693,0.0014280112
2025-06-17,1.7561986e-05,0.12736662,0.8510007,0.9783673,0.9783673,0.0011132456,0.033365335,0.00081182696
2025-06-18,2.450526e-05,0.03871135,0.94395244,0.9826638,0.9826638,0.0010599751,0.03255726,0.0014135321
2025-06-20,2.1493679e-05,0.04570681,0.9380266,0.9837334,0.9837334,0.0010736205,0.03276615,0.0013213394
2025-06-23,3.3906956e-05,0.037474036,0.9428837,0.9803577,0.9803577,0.0010879493,0.032984074,0.0017262219
2025-06-24,2.5276539e-05,0.08348842,0.8942158,0.9777042,0.9777042,0.0011175814,0.033430245,0.001133692
2025-06-25,2.2740222e-05,0.07695126,0.9027495,0.97970074,0.97970074,0.0011885338,0.034475118,0.001120249
2025-06-26,4.36206e-05,0.035814382,0.94090235,0.97671676,0.97671676,0.0012040994,0.034700137,0.0018734761
2025-06-27,6.233263e-05,0.06698352,0.8973572,0.96434075,0.96434075,0.0012437043,0.035266194,0.001748007
2025-06-30,3.709083e-05,0.21112698,0.73387283,0.9449998,0.9449998,0.002435417,0.049349945,0.00067437644
2025-07-01,2.540224e-05,0.20068005,0.7581279,0.95880795,0.95880795,0.0031254045,0.055905316,0.00061667815
2025-07-02,1.6402375e-05,0.16386655,0.81022704,0.9740936,0.97409356,0.0024224631,0.049218524,0.00063314027
2025-07-03,2.0861138e-05,0.17300639,0.7965778,0.96958417,0.9695842,0.0020538908,0.045319874,0.0006858644
2025-07-04,2.3554634e-05,0.13550249,0.83727,0.9727725,0.9727725,0.0017461207,0.04178661,0.00086510385
2025-07-07,4.1078783e-05,0.102300376,0.86486864,0.96716905,0.96716905,0.0014908534,0.038611572,0.0012512212
2025-07-08,2.6011736e-05,0.04667369,0.9340076,0.9806813,0.9806813,0.0013363181,0.036555685,0.0013464538
2025-07-09,2.636608e-05,0.08593452,0.8904275,0.976362,0.976362,0.0012949656,0.03598563,0.0011154104
2025-07-10,3.1561867e-05,0.060827594,0.91645366,0.9772813,0.9772813,0.0013051566,0.036126953,0.0013892445
2025-07-11,4.0608364e-05,0.07346267,0.8992827,0.97274536,0.97274536,0.0013144154,0.036254868,0.0014899614
2025-07-14,4.368056e-05,0.033482675,0.9426297,0.97611237,0.97611237,0.0012259472,0.035013527,0.0018285846
2025-07-15,2.8531607e-05,0.07081952,0.90739673,0.97821623,0.97821623,0.001267252,0.035598483,0.0013097645
2025-07-16,3.1227548e-05,0.0504923,0.9287152,0.9792075,0.9792075,0.001197754,0.034608584,0.0015018671
2025-07-17,3.1913518e-05,0.02649728,0.9558479,0.9823452,0.9823452,0.0011469311,0.033866372,0.0018076422
2025-07-18,3.3018357e-05,0.025820388,0.9559029,0.98172325,0.98172325,0.0011283492,0.03359091,0.001806577
2025-07-21,3.1165873e-05,0.027025295,0.9554449,0.98247015,0.98247015,0.0011127623,0.03335809,0.001777875
2025-07-22,3.540267e-05,0.07947206,0.8937608,0.97323287,0.97323287,0.001224844,0.034997772,0.0013226172
2025-07-23,2.0734624e-05,0.042740773,0.9407542,0.98349494,0.98349494,0.0011685618,0.034184232,0.0012562585
2025-07-24,3.4640598e-05,0.089989126,0.88210994,0.97209907,0.97209907,0.0012498683,0.035353478,0.001241557
2025-07-25,3.2001073e-05,0.024623657,0.9572489,0.98187256,0.98187256,0.0011401017,0.03376539,0.0017653387
2025-07-28,4.1040345e-05,0.035969563,0.940958,0.9769276,0.9769276,0.0011240707,0.033527166,0.0017787619
2025-07-29,4.440296e-05,0.037194096,0.93789434,0.9750884,0.9750884,0.0011557565,0.033996418,0.0017824223
2025-07-30,1.318586e-05,0.13587342,0.84404004,0.9799135,0.9799135,0.0011637928,0.03411441,0.00065645296
2025-07-31,1.9447449e-05,0.05972012,0.9229228,0.9826429,0.9826429,0.001013591,0.03183694,0.0011204312
2025-08-01,3.5574736e-05,0.073064685,0.901616,0.97468066,0.97468066,0.0009788993,0.03128737,0.0014050421
2025-08-04,2.3564096e-05,0.057529163,0.9235054,0.9810346,0.9810346,0.00092198164,0.03036415,0.0012424767
2025-08-05,4.801896e-05,0.07248684,0.89671415,0.96920097,0.96920097,0.001018913,0.03192042,0.0015591062
2025-08-06,1.9604422e-05,0.07378328,0.90770817,0.98149145,0.98149145,0.0010124482,0.03181899,0.0010592088
2025-08-07,2.7585762e-05,0.055172108,0.9250431,0.9802152,0.9802152,0.0009750442,0.031225698,0.0013942901
2025-08-08,1.336684e-05,0.053662103,0.93271923,0.98638135,0.98638135,0.0009300566,0.03049683,0.00098151
2025-08-11,2.1371865e-05,0.053387206,0.92919075,0.982578,0.982578,0.0009149814,0.03024866,0.0012267156
2025-08-12,2.1534272e-05,0.037153468,0.94708645,0.98423994,0.98423994,0.0008791334,0.029650183,0.0013663822
2025-08-13,4.564094e-05,0.05872699,0.9141507,0.9728777,0.9728777,0.0009488313,0.030803105,0.0016827816
2025-08-14,4.2483316e-05,0.04046383,0.93577,0.9762338,0.9762338,0.0009161481,0.030267939,0.0017875504
2025-08-15,1.9582754e-05,0.045732357,0.93770385,0.9834362,0.9834362,0.0009007166,0.03001194,0.0011822641
2025-08-18,5.2616502e-05,0.055410463,0.9163371,0.9717475,0.9717475,0.00089573103,0.029928766,0.0018623674
2025-08-19,2.2557519e-05,0.040726565,0.9424275,0.98315406,0.98315406,0.00087765063,0.029625168,0.0013390477
2025-08-20,4.704864e-05,0.06527649,0.90628606,0.97156256,0.97156256,0.00092727074,0.03045112,0.0016544615
2025-08-21,2.2129678e-05,0.043377686,0.9392401,0.9826178,0.9826178,0.00088896824,0.02981557,0.0012731226
2025-08-22,2.0358286e-05,0.079493284,0.9013206,0.98081386,0.98081386,0.00088810135,0.02980103,0.0010610934
2025-08-25,4.2824162e-05,0.037486024,0.9395041,0.9769901,0.9769901,0.0009900959,0.03146579,0.0018611193
2025-08-26,9.7017284e-05,0.019645628,0.9488825,0.96852815,0.96852815,0.00097303407,0.031193495,0.0030826689
2025-08-27,1.3147641e-05,0.07933272,0.9055182,0.9848509,0.9848509,0.0010215587,0.031961832,0.0008678817
2025-08-28,2.4988474e-05,0.09072369,0.88776535,0.97848904,0.97848904,0.0011690415,0.034191247,0.0011616625
2025-08-29,1.3611341e-05,0.09881709,0.88467634,0.98349345,0.98349345,0.0011275427,0.033578902,0.0008246023
2025-09-02,1.6144299e-05,0.0677588,0.9166712,0.98443,0.98443,0.0010433117,0.032300334,0.0010368859
2025-09-03,0.00015932634,0.011686123,0.9507371,0.96242326,0.96242326,0.0009737145,0.031204399,0.004240026
2025-09-04,2.8020484e-05,0.039489113,0.94266164,0.98215073,0.98215073,0.0010889948,0.03299992,0.0015698395
2025-09-05,1.4243546e-05,0.04550416,0.9411955,0.98669964,0.98669964,0.001055048,0.032481503,0.0010709143
2025-09-08,1.8757055e-05,0.037761565,0.9475187,0.9852803,0.9852803,0.0010103756,0.031786405,0.0012742803
2025-09-09,1.8999255e-05,0.03757256,0.9477039,0.98527646,0.98527646,0.0009833936,0.031359106,0.0012904
2025-09-10,1.1807625e-05,0.051691648,0.9358059,0.98749757,0.98749757,0.0009539454,0.030886006,0.0009444263
2025-09-11,1.4643728e-05,0.045090694,0.9414879,0.9865786,0.9865786,0.00094630313,0.030762041,0.0010910718
2025-09-12,1.1827691e-05,0.053106096,0.93414783,0.9872539,0.9872539,0.00095077313,0.03083461,0.00092794624
2025-09-15,1.8862858e-05,0.036240038,0.94886464,0.9851047,0.9851047,0.0009003463,0.030005772,0.0012663614
2025-09-16,1.33705735e-05,0.057548497,0.92863226,0.9861808,0.9861808,0.0009158063,0.030262291,0.0009675348
2025-09-17,7.0888585e-05,0.01761684,0.95726985,0.9748867,0.9748867,0.0008862234,0.029769504,0.0028227523
2025-09-18,2.1464348e-05,0.034999017,0.94951993,0.98451895,0.98451895,0.00091925374,0.030319197,0.0013864913
2025-09-19,2.3319571e-05,0.047067232,0.9356592,0.98272645,0.98272645,0.000993097,0.03151344,0.0013500166
2025-09-22,2.3391996e-05,0.041624956,0.94165343,0.9832784,0.9832784,0.00096660515,0.031090274,0.0013989084
2025-09-23,4.022206e-05,0.035582755,0.94251233,0.9780951,0.9780951,0.00096764235,0.03110695,0.0018362141
2025-09-24,4.2999447e-05,0.033755336,0.94360965,0.977365,0.977365,0.0009623002,0.031020964,0.0018996898
2025-09-25,5.2393963e-05,0.018850874,0.95893,0.9777809,0.9777809,0.0009511645,0.030840956,0.0023580573
2025-09-26,5.0176826e-05,0.023417594,0.9545674,0.97798496,0.97798496,0.00096942496,0.03113559,0.002279207
2025-09-29,2.3651728e-05,0.033258963,0.9504591,0.9837181,0.9837181,0.0009888688,0.031446286,0.0014526391
2025-09-30,5.360502e-05,0.21521774,0.70943606,0.9246538,0.92465377,0.0016345067,0.040429033,0.00071144983
2025-10-01,1.0656962e-05,0.097090356,0.88819504,0.9852854,0.9852854,0.0012400117,0.0352138,0.00072424416
2025-10-02,1.1854436e-05,0.10839895,0.87563604,0.984035,0.984035,0.0013671139,0.036974505,0.0007425272
2025-10-03,1.045591e-05,0.082904235,0.9035424,0.9864466,0.9864466,0.0012189877,0.034914006,0.0007714614
2025-10-06,9.79346e-06,0.08222004,0.9044549,0.9866749,0.9866749,0.0012115595,0.034807462,0.00073496357
2025-10-07,9.729685e-06,0.06376486,0.9240037,0.9877686,0.9877686,0.0011139567,0.03337599,0.00079546723
2025-10-08,1.196756e-05,0.092579864,0.8925396,0.98511946,0.98511946,0.0011480545,0.033882953,0.0008042424
2025-10-09,1.0831658e-05,0.08091267,0.9053641,0.98627675,0.98627675,0.0012509571,0.03536887,0.0007892922
2025-10-10,1.3377351e-05,0.069630586,0.9157971,0.9854277,0.9854277,0.001173177,0.03425167,0.0009179972
2025-10-13,1.560083e-05,0.0969493,0.8852735,0.9822228,0.9822228,0.0012684698,0.035615586,0.00087757496
2025-10-14,1.2154908e-05,0.09853947,0.8854072,0.9839467,0.9839467,0.0011401434,0.03376601,0.00075715856
2025-10-15,1.6638563e-05,0.06728609,0.91599816,0.98328424,0.98328424,0.0011049949,0.033241462,0.0009953815
2025-10-16,1.9164285e-05,0.054548018,0.9284025,0.9829505,0.9829505,0.0010297656,0.03208996,0.0011240385
2025-10-17,3.517231e-05,0.04482501,0.93320423,0.97802925,0.97802925,0.0010120653,0.031812973,0.0016008699
2025-10-20,1.52192315e-05,0.072971925,0.910826,0.98379797,0.98379797,0.001004925,0.03170055,0.00093934085
2025-10-21,3.629289e-05,0.20255499,0.7499938,0.9525488,0.9525488,0.0020135026,0.04487207,0.0007648467
2025-10-22,1.050973e-05,0.08385341,0.90235245,0.9862059,0.9862059,0.0016500475,0.040620778,0.00076189905
2025-10-23,1.0456781e-05,0.09245978,0.8930031,0.9854629,0.9854629,0.001503228,0.038771484,0.000719317
2025-10-24,1.0796836e-05,0.096714966,0.8878287,0.9845437,0.9845437,0.0014417007,0.037969735,0.0006985387
2025-10-27,1.7863562e-05,0.04351088,0.94174826,0.9852591,0.9852591,0.0013043104,0.036115237,0.0012118379
2025-10-28,2.7655384e-05,0.035328835,0.94726694,0.9825958,0.9825958,0.0013197836,0.036328826,0.0015890064
2025-10-29,1.86022e-05,0.05276783,0.93158,0.9843478,0.9843478,0.0013062974,0.036142737,0.0011884735
2025-10-30,1.4793593e-05,0.08965375,0.89370763,0.98336136,0.98336136,0.001240216,0.0352167,0.0008891109
2025-10-31,6.748436e-05,0.21562035,0.68787575,0.9034961,0.9034961,0.0033825394,0.0581596,0.0006992915
2025-11-03,1.3051016e-05,0.08425083,0.90090245,0.98515326,0.98515326,0.0027709226,0.052639555,0.0008790491
2025-11-04,1.3110538e-05,0.06463388,0.921805,0.98643893,0.98643893,0.0026071144,0.05105991,0.00096677756
2025-11-05,1.4974212e-05,0.098893546,0.8840647,0.9829582,0.9829582,0.0024375243,0.04937129,0.0008786754
2025-11-06,1.31154375e-05,0.06996014,0.9158783,0.9858384,0.9858384,0.0022351434,0.047277305,0.00092612766
2025-11-07,1.2230015e-05,0.09354049,0.8910802,0.9846207,0.9846207,0.0021203568,0.046047334,0.00079522526
2025-11-10,1.8037932e-05,0.04145033,0.94440883,0.98585916,0.98585916,0.0019100452,0.043704063,0.0012755909
2025-11-11,1.2755477e-05,0.053487234,0.9337051,0.98719233,0.98719233,0.0018231655,0.04269854,0.000995925
2025-11-12,1.3505041e-05,0.07631603,0.9090487,0.98536474,0.9853647,0.0018553291,0.04307353,0.00092277396
2025-11-13,1.3105257e-05,0.049347315,0.93779737,0.9871447,0.9871447,0.0017036481,0.041275274,0.0010194445
2025-11-14,1.602606e-05,0.044357706,0.9419769,0.9863346,0.9863346,0.0016412028,0.04051176,0.0011727492
2025-11-17,1.4730143e-05,0.045900222,0.9407269,0.9866271,0.9866271,0.0015750678,0.039687123,0.0011014922
2025-11-18,1.703002e-05,0.04192276,0.9441442,0.98606694,0.98606694,0.0015924273,0.039905228,0.001222274
2025-11-19,2.9013903e-05,0.06010212,0.91818815,0.97829026,0.97829026,0.0015207722,0.03899708,0.0013364464
2025-11-20,1.8861407e-05,0.03891784,0.94662213,0.98554,0.98554,0.0015231816,0.03902796,0.0013043826
2025-11-21,1.4002118e-05,0.04638293,0.9404523,0.9868352,0.9868352,0.0014715126,0.0383603,0.0010636013
2025-11-24,1.6317197e-05,0.042424813,0.9437909,0.9862157,0.9862157,0.0014237715,0.037732895,0.0011837533
2025-11-25,1.1873962e-05,0.05250541,0.93499535,0.9875008,0.9875008,0.0013618998,0.036903925,0.00094997673
2025-11-26,1.1763659e-05,0.058005024,0.92917526,0.9871803,0.9871803,0.0013254063,0.03640613,0.00091762305
2025-11-28,1.081003e-05,0.056011137,0.9317519,0.98776305,0.98776305,0.0012956623,0.03599531,0.00088339235
2025-12-01,2.018446e-05,0.05690792,0.92677575,0.98368365,0.98368365,0.0014354466,0.037887286,0.0012370693
2025-12-02,1.3005607e-05,0.057451867,0.9295178,0.98696965,0.98696965,0.0013628842,0.03691726,0.0009981011
2025-12-03,1.2926745e-05,0.055485766,0.93154675,0.98703253,0.98703253,0.001295266,0.035989802,0.0009968596
2025-12-04,1.4952404e-05,0.051267926,0.93516666,0.9864346,0.9864346,0.0012753855,0.03571254,0.001102244
2025-12-05,1.3630819e-05,0.052939754,0.93394387,0.98688364,0.98688364,0.0012173121,0.03489,0.0010392227
2025-12-08,1.6827149e-05,0.058308393,0.9269558,0.98526424,0.9852642,0.0012524463,0.03538992,0.0011419263
2025-12-09,1.6004587e-05,0.07089441,0.91360074,0.98449516,0.98449516,0.0014948633,0.03866346,0.001032232
2025-12-10,1.541793e-05,0.13142738,0.84837735,0.97980475,0.97980475,0.0017399692,0.04171294,0.0007634436
2025-12-11,1.3697896e-05,0.1044294,0.87874323,0.98317266,0.98317266,0.0014945797,0.038659796,0.000814026
2025-12-12,2.9100811e-05,0.15115204,0.81757045,0.96872246,0.96872246,0.0020347983,0.04510874,0.0009304061
2025-12-15,2.542239e-05,0.11730803,0.85635126,0.9736593,0.9736593,0.0018118701,0.04256607,0.0009651364
2025-12-16,4.3155014e-05,0.09998068,0.86713624,0.96711695,0.96711695,0.0016483377,0.040599726,0.0013123788
2025-12-17,4.4327702e-05,0.09511858,0.87263715,0.96775573,0.96775573,0.0015729803,0.039660815,0.0013747469
2025-12-18,1.9562385e-05,0.15159234,0.82228637,0.9738787,0.97387874,0.0015341704,0.03916849,0.00074890495
2025-12-19,3.5139252e-05,0.06486145,0.9099668,0.9748283,0.97482824,0.0014089723,0.03753628,0.0013959826
2025-12-22,2.8698349e-05,0.08550715,0.88997054,0.9754777,0.9754777,0.0013418365,0.03663109,0.0011702958
2025-12-23,3.951443e-05,0.053680934,0.92058223,0.9742632,0.9742632,0.0012246827,0.034995466,0.0015353275
2025-12-24,0.00010230802,0.1360807,0.8041787,0.9402594,0.9402594,0.0017714754,0.0420889,0.0017125374
2025-12-26,4.3087377e-05,0.044770215,0.92998326,0.9747535,0.9747535,0.001725259,0.041536238,0.0017066672
2025-12-29,3.63195e-05,0.052307166,0.92530614,0.97761333,0.97761333,0.0016852492,0.041051786,0.0016223717
2025-12-30,1.747713e-05,0.13983256,0.8378127,0.9776453,0.9776453,0.001860497,0.04313348,0.0007818093
2025-12-31,7.202668e-05,0.20908873,0.64103013,0.8501189,0.8501189,0.005397805,0.07346976,0.00048055872
2026-01-02,3.2003525e-05,0.21274492,0.73081315,0.9435581,0.9435581,0.0046933563,0.06850807,0.0005670171
2026-01-05,2.8726725e-05,0.21087995,0.7370304,0.9479103,0.9479103,0.0035341103,0.059448384,0.0005514858
2026-01-06,2.9055882e-05,0.21538225,0.7264497,0.941832,0.94183195,0.0027804757,0.052730218,0.00049951667
2026-01-07,4.116739e-05,0.2143222,0.71343124,0.92775345,0.92775345,0.0025905482,0.050897427,0.0005698181
2026-01-08,4.202876e-05,0.21332179,0.71938264,0.93270445,0.93270445,0.0024495593,0.049493022,0.00062453997
2026-01-09,2.4881512e-05,0.2024399,0.752804,0.9552439,0.9552439,0.0020485166,0.04526054,0.0005559355
2026-01-12,4.525625e-05,0.19211201,0.74993455,0.9420466,0.9420466,0.0026225946,0.051211275,0.00078090734
2026-01-13,5.978193e-05,0.2149849,0.6881906,0.9031755,0.9031755,0.0030416646,0.055151287,0.0006174255
2026-01-14,2.9927336e-05,0.20700161,0.74134636,0.948348,0.948348,0.00215514,0.046423487,0.0005794031
2026-01-15,9.8726014e-05,0.17484437,0.74142396,0.91626835,0.91626835,0.003353477,0.057909213,0.0011790764
2026-01-16,8.6465756e-05,0.14894369,0.78853023,0.93747395,0.9374739,0.0025864127,0.050856788,0.0013828757
2026-01-20,5.1999064e-05,0.11940898,0.8390519,0.95846087,0.95846087,0.002135035,0.04620644,0.0012518091
2026-01-21,0.0004537839,0.057736356,0.17327003,0.23100638,0.23100638,0.008193497,0.09051794,0.000590101
2026-01-22,0.0046820897,0.047441225,0.15196574,0.19940697,0.19940697,0.004707587,0.06861186,0.005848277
2026-01-23,0.0003715752,0.010823599,0.9225598,0.9333834,0.9333834,0.005453895,0.07385049,0.0055778176
2026-01-26,0.00023045586,0.019110594,0.9191962,0.9383068,0.9383068,0.00542483,0.073653445,0.0037355153
2026-01-27,0.011087696,0.019162025,0.064985186,0.084147215,0.084147215,0.006451335,0.0803202,0.012106418
2026-01-28,0.0049160426,0.00019323839,0.7727262,0.7729194,0.7729194,0.011516725,0.107316,0.02164889
2026-01-29,0.016585974,1.3684892e-05,0.5248518,0.5248655,0.5248655,0.013816276,0.117542654,0.034907956
2026-01-30,7.50746e-05,7.895559e-11,2.3686678e-10,3.1582237e-10,3.1582237e-10,0.023843143,0.15441225,7.50746e-05
2026-02-02,0.00035679774,0.02520231,0.07561647,0.10081878,0.10081878,7.5074604e-05,0.0086645605,0.0003968029
2026-02-03,0.00020422364,0.0025364228,0.007609277,0.0101457,0.0101457,0.0025742117,0.050736688,0.00020631688
2026-02-04,0.00013733769,0.027430158,0.08229382,0.10972398,0.109723985,0.00022513114,0.01500437,0.00015426417
2026-02-05,0.00010801298,0.036032423,0.108101994,0.14413442,0.14413442,0.00021307288,0.014597016,0.0001262032
2026-02-06,0.00019795005,0.15349966,0.4691298,0.62262946,0.62262946,0.0001369728,0.011703538,0.0005245509
2026-02-09,0.00014736927,0.15025003,0.45461226,0.6048623,0.6048623,0.00035737886,0.018904466,0.0003729567
2026-02-10,0.00021180723,0.15497671,0.47838122,0.63335794,0.63335794,0.0014323174,0.03784597,0.00057769485
2026-02-11,0.0002453151,0.15853514,0.49909294,0.65762806,0.65762806,0.0009049248,0.030081969,0.0007165164
2026-02-12,0.00018973999,0.1539373,0.470739,0.6246763,0.6246763,0.00072906964,0.02700129,0.0005055369
2026-02-13,0.00053598767,0.08512603,0.7171523,0.80227834,0.80227834,0.0005850573,0.024187958,0.0027108192
2026-02-17,0.0005257493,0.053941224,0.7725326,0.82647383,0.82647383,0.00096136465,0.031005882,0.0030297984
2026-02-18,0.0007620497,0.031819955,0.785795,0.8176149,0.8176149,0.0015134786,0.038903452,0.0041782456
2026-02-19,0.0007542327,0.014922922,0.82710534,0.84202826,0.84202826,0.0019526428,0.04418872,0.0047744787
2026-02-20,0.0017426914,0.015250008,0.7212293,0.73647934,0.73647934,0.0023696162,0.048678704,0.006613111
2026-02-23,0.0027731752,0.007573293,0.69947755,0.70705086,0.70705086,0.0034561795,0.05878928,0.009466405
2026-02-24,0.0051602186,0.0061247735,0.5516417,0.5577665,0.5577665,0.005193832,0.072068244,0.011668539
2026-02-25,0.0029706394,0.008448521,0.6789065,0.68735504,0.68735504,0.008028742,0.089603245,0.009501639
2026-02-26,0.0026535527,0.020715479,0.63584113,0.6565566,0.6565566,0.008424316,0.09178407,0.0077263173
2026-02-27,0.0027385214,0.030306466,0.58203626,0.6123427,0.6123427,0.008059418,0.08977426,0.0070642848
2026-03-02,0.00389053,0.0226758,0.5231732,0.545849,0.545849,0.0074333763,0.08621703,0.0085666
2026-03-03,0.0001293098,0.19269207,0.65183926,0.8445313,0.8445313,0.00780713,0.08835796,0.0008317417
2026-03-04,0.0009309741,0.09932086,0.6523067,0.7516275,0.75162756,0.0054091252,0.07354675,0.003748298
2026-03-05,0.0004996918,0.09321658,0.7565226,0.8497392,0.8497392,0.004666726,0.06831344,0.0033254968
2026-03-06,0.00027092753,0.10699673,0.7740205,0.8810172,0.8810172,0.004109994,0.064109236,0.0022770313
2026-03-09,0.0002031336,0.021002349,0.9250507,0.946053,0.946053,0.003829168,0.061880272,0.003765431
2026-03-10,0.0008514315,0.013673533,0.86121947,0.874893,0.874893,0.003754331,0.061272595,0.006805627
2026-03-11,0.00019008548,0.1716567,0.7068342,0.8784909,0.8784909,0.0040990617,0.06402391,0.0015643727
2026-03-12,0.00038686392,0.14738242,0.6699339,0.81731635,0.81731635,0.0037242644,0.061026752,0.0021176713
2026-03-13,7.342187e-05,0.08068636,0.8745935,0.9552799,0.9552798,0.0028905163,0.053763524,0.0016418087
2026-03-16,0.00024753792,0.07248366,0.840006,0.91248965,0.91248965,0.0026833091,0.05180067,0.0028286702
2026-03-17,0.00011031082,0.11851524,0.8171343,0.9356496,0.9356496,0.0025898027,0.050890103,0.0017142205
2026-03-18,0.00020428126,0.12659971,0.7678221,0.8944218,0.8944218,0.0022279862,0.047201548,0.0019348813
2026-03-19,0.00057178875,0.03391393,0.8500491,0.883963,0.883963,0.0019294765,0.043925807,0.0049276412
2026-03-20,0.00024608083,0.08929659,0.81830007,0.90759665,0.90759665,0.0022480413,0.047413513,0.0026631157
2026-03-23,0.00020764144,0.107090645,0.79555666,0.9026473,0.9026473,0.002130759,0.046160143,0.0021328784
2026-03-24,4.2015778e-05,0.11366044,0.84909976,0.9627602,0.9627602,0.002397668,0.04896599,0.0011282496
2026-03-25,0.00017825465,0.1443653,0.740785,0.8851503,0.8851503,0.0021148364,0.04598735,0.0015520691
2026-03-26,6.0875136e-05,0.032850426,0.9379952,0.97084564,0.97084564,0.0017464274,0.041790277,0.0020880285
2026-03-27,0.00027123553,0.11763195,0.7554595,0.87309146,0.87309146,0.0017074276,0.04132103,0.0021372521
2026-03-30,8.730225e-05,0.12727663,0.8123969,0.9396735,0.93967354,0.0016794471,0.040981058,0.0014471621
2026-03-31,5.2698502e-05,0.09617509,0.86513907,0.96131414,0.96131414,0.0020640532,0.045431852,0.0013622162
2026-04-01,5.615177e-05,0.1132587,0.8445227,0.95778143,0.95778143,0.0018384585,0.04287725,0.0013300255
2026-04-02,0.00017508329,0.046107374,0.8949613,0.94106865,0.94106865,0.0016665686,0.040823627,0.0029709702
2026-04-06,0.00015262666,0.07741128,0.8446495,0.9220608,0.9220608,0.0016685799,0.040848255,0.0019582782
2026-04-07,0.00012314889,0.082841545,0.85735476,0.9401963,0.9401963,0.0015633102,0.03953872,0.0020592178
2026-04-08,0.00023510218,0.08920915,0.8190606,0.90826976,0.90826976,0.0014999158,0.038728748,0.0025629736
2026-04-09,2.2121534e-05,0.1993486,0.75893736,0.9582859,0.9582859,0.0017048882,0.04129029,0.00053031347
2026-04-10,0.00033317256,0.033238813,0.8784998,0.91173863,0.91173863,0.0013943105,0.037340466,0.0037748404
2026-04-13,6.534055e-05,0.08945376,0.8678142,0.95726794,0.95726794,0.0015602376,0.03949984,0.0015290757
2026-04-14,0.00019630599,0.07674922,0.8430526,0.91980183,0.91980183,0.0014247181,0.03774544,0.0024477616
2026-04-15,6.504745e-05,0.14157149,0.80599606,0.9475676,0.9475676,0.0014058957,0.037495274,0.001240596
2026-04-16,0.0002346156,0.037523396,0.89092535,0.92844874,0.92844874,0.0012009714,0.034655035,0.003278986
2026-04-17,8.189112e-05,0.03899335,0.92370355,0.9626969,0.9626969,0.0013122462,0.03622494,0.0021952905
2026-04-20,1.8736691e-05,0.13240962,0.8423843,0.9747939,0.9747939,0.0012981984,0.03603052,0.0007433399
2026-04-21,9.29071e-05,0.02300372,0.93931615,0.96231985,0.96231985,0.0011167726,0.03341815,0.0024656777
2026-04-22,9.879341e-05,0.07677197,0.87152666,0.94829863,0.94829863,0.0011421419,0.033795588,0.0019108471
2026-04-23,3.889676e-05,0.10214163,0.8642506,0.9663922,0.9663922,0.0011010316,0.033181794,0.0011573737
2026-04-24,4.30934e-05,0.06254891,0.9088946,0.97144353,0.97144353,0.0011561798,0.034002643,0.0015090593
2026-04-27,3.6834615e-05,0.10420975,0.8644265,0.9686363,0.9686363,0.0011715583,0.034228034,0.0011744336
2026-04-28,6.0877835e-05,0.10090058,0.8568411,0.9577417,0.9577417,0.00106183,0.032585733,0.0014406118
2026-04-29,1.7433456e-05,0.13809073,0.83834094,0.97643167,0.97643167,0.00097210065,0.031178528,0.00073969836
2026-04-30,1.9677595e-05,0.18661013,0.7799928,0.966603,0.9666029,0.0009921723,0.031498767,0.0005892021
2026-05-01,1.7950779e-05,0.16956875,0.8036332,0.97320193,0.973202,0.0011638103,0.034114663,0.0006698534
2026-05-04,8.800896e-06,0.095160894,0.8911384,0.9862993,0.9862993,0.0009572875,0.030940063,0.00064236723
2026-05-05,9.478847e-06,0.1042946,0.8807785,0.9850731,0.9850731,0.0009534521,0.030878019,0.0006350173
2026-05-06,1.1584086e-05,0.14450407,0.8358148,0.98031884,0.98031884,0.0009294893,0.030487528,0.00058858766
2026-05-07,9.225509e-06,0.12525469,0.85856915,0.98382384,0.98382384,0.00085108477,0.029173357,0.000570315
2026-05-08,1.0269337e-05,0.08774081,0.8983731,0.98611397,0.9861139,0.0007658798,0.027674533,0.0007395442
2026-05-11,1.0003892e-05,0.08895572,0.8972106,0.9861663,0.9861663,0.00069981697,0.026454054,0.0007231537
2026-05-12,1.1808365e-05,0.114149444,0.86922276,0.9833722,0.9833722,0.00089936145,0.029989356,0.0007101585
2026-05-13,1.1779392e-05,0.118971184,0.8637881,0.9827593,0.9827593,0.00085439795,0.029230086,0.0006832315
2026-05-14,8.438465e-06,0.08311687,0.9040409,0.98715776,0.98715776,0.00075660774,0.027506504,0.0006570868
2026-05-15,9.420614e-06,0.077251226,0.909991,0.9872422,0.9872422,0.0007018284,0.026492044,0.0007384212
2026-05-18,9.493433e-06,0.098049425,0.8876031,0.9856525,0.9856525,0.0006880804,0.026231287,0.00066167885
2026-05-19,9.550052e-06,0.0799768,0.90698767,0.98696446,0.98696446,0.00066596974,0.02580639,0.00073261675
2026-05-20,1.0097014e-05,0.10210269,0.8830591,0.9851618,0.9851618,0.0006833353,0.026140682,0.00068047346
2026-05-21,7.3387987e-06,0.12489763,0.8601121,0.9850097,0.9850097,0.00074406975,0.027277643,0.00048956886
2026-05-22,8.268622e-06,0.06500324,0.9236127,0.98861593,0.98861593,0.00065026694,0.025500333,0.00072633266
2026-05-26,1.0322052e-05,0.10163985,0.8833258,0.9849657,0.9849657,0.00069914013,0.026441257,0.000686566
2026-05-27,7.0420524e-06,0.08308864,0.9048112,0.98789984,0.98789984,0.0006297489,0.025094798,0.0005819801
2026-05-28,1.1779694e-05,0.14375786,0.83689463,0.9806525,0.9806525,0.00077980827,0.027925048,0.00060884876
2026-05-29,1.314549e-05,0.123130575,0.8588832,0.98201376,0.98201376,0.0015326447,0.039149005,0.0007308638
2026-06-01,8.46744e-06,0.07649942,0.9111415,0.9876409,0.9876409,0.0013298754,0.03646746,0.00068511884
2026-06-02,1.0657513e-05,0.06455701,0.9228908,0.9874478,0.9874478,0.001309204,0.036182925,0.00084905524
2026-06-03,1.1267591e-05,0.11334539,0.86997384,0.9833192,0.9833192,0.0012197354,0.03492471,0.00067548355
2026-06-04,1.1095246e-05,0.09962764,0.8851198,0.9847474,0.9847474,0.0010976961,0.0331315,0.00072743354
2026-06-05,8.017659e-06,0.09285538,0.89398575,0.98684114,0.98684114,0.0011225072,0.033503838,0.0006092975
2026-06-08,8.217063e-06,0.08438976,0.9028015,0.98719126,0.98719126,0.0011089623,0.033301085,0.00064151996
2026-06-09,8.665433e-06,0.07894689,0.90835124,0.98729813,0.98729813,0.001064337,0.032624178,0.0006822171
2026-06-10,7.564331e-06,0.09262595,0.8943768,0.9870028,0.9870028,0.0009757796,0.031237472,0.0005819965
2026-06-11,8.461024e-06,0.08741038,0.8993541,0.9867645,0.9867645,0.00089958066,0.02999301,0.000639267
2026-06-12,7.1207783e-06,0.08621134,0.90140194,0.98761326,0.98761326,0.0009017563,0.030029258,0.0005748711
2026-06-15,6.8207873e-06,0.07327358,0.915446,0.9887196,0.9887196,0.0008300946,0.028811364,0.00060465734
2026-06-16,6.5509757e-06,0.07588862,0.9128438,0.98873246,0.98873246,0.0007724312,0.027792646,0.00058140233
2026-06-17,7.5926364e-06,0.09572164,0.8912419,0.98696357,0.98696357,0.00077557506,0.027849149,0.00058241683
2026-06-18,8.414334e-06,0.067235634,0.9210315,0.9882671,0.9882671,0.00078068406,0.027940724,0.00071715866
2026-06-22,7.361231e-06,0.07851629,0.9094533,0.9879696,0.9879696,0.00077942124,0.027918117,0.00061188464
2026-06-23,7.315259e-06,0.07301997,0.91543794,0.9884579,0.9884579,0.00071939756,0.026821587,0.0006337903
2026-06-24,1.01184605e-05,0.08802577,0.8981339,0.9861596,0.9861596,0.00074502226,0.027295096,0.0007310827
2026-06-25,8.945133e-06,0.07604617,0.9115105,0.9875567,0.9875567,0.0007276465,0.026974924,0.00071887125
2026-06-26,7.4126174e-06,0.09957597,0.886937,0.98651296,0.986513,0.0007784749,0.027901163,0.00054961035
2026-06-29,8.5327065e-06,0.09208297,0.89446986,0.98655283,0.98655283,0.00081210805,0.02849751,0.0006345357
2026-06-30,8.625824e-06,0.10052637,0.8852461,0.9857725,0.9857725,0.000756749,0.027509071,0.0006062779
2026-07-01,9.839508e-06,0.10747092,0.877359,0.9848299,0.9848299,0.00076500274,0.027658682,0.00064861204
2026-07-02,7.4620884e-06,0.06961584,0.9189794,0.98859525,0.98859525,0.00071110367,0.026666528,0.00065429637
2026-07-06,7.962449e-06,0.06683945,0.9217451,0.9885846,0.9885846,0.00066463643,0.025780544,0.00069751684
2026-07-07,7.501628e-06,0.09793758,0.88876504,0.9867026,0.9867026,0.0006364833,0.025228621,0.00056414335
2026-07-08,8.193617e-06,0.06626956,0.9222435,0.98851305,0.98851305,0.0005771355,0.024023645,0.00071329804
2026-07-09,1.51898685e-05,0.09682682,0.8835187,0.98034555,0.9803455,0.000557759,0.023616923,0.00077284616
2026-07-10,8.171244e-06,0.099201195,0.8869744,0.9861756,0.9861756,0.00090561726,0.030093476,0.00059107394
2026-07-13,1.0267917e-05,0.07419979,0.91251814,0.98671794,0.98671794,0.0008685167,0.029470608,0.00077306654
2026-07-14,2.4410896e-05,0.057803202,0.91965926,0.9774625,0.9774625,0.0008184656,0.028608838,0.0010831221
2026-07-15,1.4920953e-05,0.12743913,0.85202765,0.9794668,0.9794668,0.000777517,0.027883992,0.00072667433
2026-07-16,7.061392e-06,0.07377315,0.9146837,0.98845685,0.98845685,0.000683756,0.026148729,0.0006117385
2026-07-17,1.5481288e-05,0.06882858,0.9147505,0.9835791,0.9835791,0.00067024375,0.025889067,0.0009427795
2026-07-20,8.15901e-06,0.06419946,0.92428315,0.9884826,0.9884826,0.00065234944,0.025541132,0.0007084069
2026-07-21,9.096836e-06,0.08213422,0.9046185,0.9867527,0.98675275,0.0006307062,0.025113864,0.000686693
2026-07-22,9.943125e-06,0.058157533,0.92939854,0.9875561,0.9875561,0.00057995855,0.02408233,0.0007990361
2026-07-23,7.986694e-06,0.073275596,0.91482556,0.9881011,0.9881011,0.0005744377,0.02396743,0.0006712142
2026-07-24,2.9861827e-05,0.024475412,0.95689327,0.98136866,0.98136866,0.0005341029,0.023110667,0.001602774
2026-07-27,6.683565e-06,0.07815792,0.910335,0.9884929,0.9884929,0.00054670544,0.023381732,0.0005808213
2026-07-28,1.07793885e-05,0.1353698,0.84672856,0.98209834,0.98209834,0.00060958543,0.024689784,0.0006021447
2026-07-29,1.39538215e-05,0.12052216,0.8604996,0.98102176,0.98102176,0.00072737585,0.026969906,0.0007352538
2026-07-30,3.1195585e-05,0.033949178,0.94518435,0.97913355,0.97913355,0.00070696784,0.026588866,0.0014950114
2026-07-31,7.642737e-06,0.09487968,0.89197165,0.98685133,0.98685133,0.0007044995,0.026542408,0.0005812557
2026-08-03,8.804843e-06,0.061834607,0.92634416,0.9881788,0.9881788,0.0006373994,0.02524677,0.0007448343
2026-08-04,7.1272952e-06,0.10327309,0.88353485,0.98680794,0.98680794,0.0006089288,0.024676483,0.0005402717
2026-08-05,1.0387813e-05,0.12540762,0.85776365,0.9831713,0.9831713,0.00067928963,0.026063185,0.0006172671
2026-08-06,1.5689371e-05,0.039811358,0.9460757,0.98588705,0.98588705,0.0005938048,0.024368111,0.0011117004
2026-08-07,1.0494809e-05,0.059189726,0.9275575,0.98674726,0.98674726,0.00059010513,0.02429208,0.00079189765
2026-08-10,7.4920376e-06,0.07223809,0.91619444,0.9884325,0.9884325,0.0005621325,0.023709334,0.0006476814
2026-08-11,9.995737e-06,0.14847258,0.83248174,0.98095435,0.9809543,0.00069315615,0.02632786,0.0005248304
2026-08-12,7.398157e-06,0.0788262,0.90920115,0.98802733,0.98802733,0.00060044794,0.02450404,0.0006179206
2026-08-13,7.1777777e-06,0.07480869,0.91363716,0.9884459,0.9884459,0.0005676694,0.023825813,0.0006212309
2026-08-14,6.8607965e-06,0.08951884,0.89810586,0.9876247,0.9876247,0.00058296823,0.024144735,0.00055439456
2026-08-17,8.229019e-06,0.062982015,0.9255813,0.9885633,0.9885633,0.00053094525,0.023042249,0.00071952736
2026-08-18,1.3029534e-05,0.06266701,0.9221243,0.98479134,0.98479134,0.000515093,0.02269566,0.000856718
2026-08-19,7.7855175e-06,0.096609846,0.8901003,0.98671013,0.98671013,0.0005508869,0.02347098,0.0005858235
2026-08-20,7.7006e-06,0.07049986,0.9179535,0.9884533,0.9884533,0.00051653356,0.022727374,0.0006669108
2026-08-21,9.062698e-06,0.0619695,0.9260128,0.98798233,0.98798233,0.0005411487,0.023262603,0.0007541146
2026-08-24,8.229661e-06,0.10176848,0.88432735,0.98609585,0.98609585,0.0005236298,0.022882959,0.00059188507
2026-08-25,6.7672704e-06,0.07435285,0.914315,0.98866785,0.98866785,0.00047249856,0.021737032,0.0005971742
2026-08-26,1.5247738e-05,0.056387074,0.9284217,0.98480874,0.98480874,0.0004400399,0.020977128,0.001003718
2026-08-27,8.407931e-06,0.064256705,0.9242947,0.98855144,0.98855144,0.00046151827,0.021482976,0.0007344094
2026-08-28,7.799267e-06,0.06642183,0.9223178,0.9887396,0.9887396,0.0004684476,0.02164365,0.0006926285
