Date,omega,alpha,beta,rho,persistence,sigma2,sigma,sigma_bar2
2005-01-04,1.821329e-05,0.05064261,0.9332457,0.9838883,0.9838883,0.0009923498,0.031501584,0.0011304407
2005-01-05,3.100012e-05,0.03841265,0.9391794,0.97759205,0.97759205,0.0009633107,0.031037247,0.001383443
2005-01-06,3.0831874e-05,0.038876873,0.93942875,0.97830564,0.97830564,0.0009408494,0.03067327,0.0014211929
2005-01-07,4.9988896e-05,0.030967537,0.9380326,0.96900016,0.96900016,0.00096667826,0.03109145,0.0016125534
2005-01-10,3.1470816e-05,0.036250193,0.9422714,0.9785216,0.9785216,0.0009586298,0.030961748,0.0014652299
2005-01-11,5.3399504e-05,0.025170397,0.94628173,0.9714521,0.9714521,0.0009596331,0.030977946,0.0018705241
2005-01-12,8.302619e-05,0.018135706,0.9425543,0.96069,0.96069,0.0009641219,0.031050311,0.0021120894
2005-01-13,6.0486745e-05,0.021646464,0.94727683,0.9689233,0.9689233,0.0010031424,0.031672426,0.0019463678
2005-01-14,1.8264702e-05,0.07541938,0.90510607,0.98052543,0.98052543,0.0011538051,0.033967707,0.00093787466
2005-01-18,1.7066552e-05,0.057434946,0.92617834,0.9836133,0.98361325,0.0010669165,0.032663688,0.0010414888
2005-01-19,0.00010445383,0.023111213,0.9277156,0.9508268,0.9508268,0.0011016489,0.033191096,0.0021242034
2005-01-20,1.19069955e-05,0.07618673,0.9098656,0.98605233,0.98605233,0.0011412732,0.033782735,0.0008536909
2005-01-21,1.5444904e-05,0.057356317,0.92762506,0.98498136,0.98498136,0.001050822,0.032416385,0.0010283822
2005-01-24,7.21173e-05,0.02086545,0.942236,0.96310145,0.96310145,0.0009966978,0.03157052,0.001954475
2005-01-25,1.9987821e-05,0.049654704,0.9333205,0.98297524,0.98297524,0.0010403168,0.032253943,0.0011740446
2005-01-26,1.8055685e-05,0.050247695,0.93297875,0.9832264,0.9832264,0.0009970883,0.031576704,0.0010764359
2005-01-27,1.8601993e-05,0.047765948,0.93604684,0.9838128,0.9838128,0.0009485478,0.030798502,0.0011491799
2005-01-28,4.5270317e-05,0.02517295,0.9494992,0.97467214,0.97467214,0.00091806997,0.03029967,0.0017873723
2005-01-31,2.7190952e-05,0.040958382,0.9385005,0.9794589,0.9794589,0.00091746805,0.030289736,0.0013237358
2005-02-01,7.259644e-05,0.018087002,0.9463345,0.9644215,0.9644215,0.0008923828,0.029872777,0.0020404588
2005-02-02,2.3521532e-05,0.040045727,0.9414386,0.98148435,0.98148435,0.0009170953,0.030283581,0.0012703597
2005-02-03,3.1993488e-05,0.029805576,0.9494267,0.9792323,0.9792323,0.00089064805,0.029843727,0.0015405415
2005-02-04,5.8517413e-05,0.021452779,0.94832987,0.96978265,0.96978265,0.0009163241,0.030270845,0.0019365501
2005-02-07,3.3231463e-05,0.030208614,0.94782925,0.97803783,0.97803783,0.0009290269,0.030479943,0.0015131232
2005-02-08,2.5183283e-05,0.039707333,0.9407172,0.9804246,0.9804245,0.0009269195,0.030445352,0.0012864749
2005-02-09,1.5162584e-05,0.054795433,0.92981094,0.9846064,0.9846064,0.00093871367,0.030638434,0.0009849918
2005-02-10,1.1370246e-05,0.06375066,0.9227185,0.9864692,0.9864692,0.0008879963,0.029799266,0.00084032386
2005-02-11,1.2901362e-05,0.062157962,0.92226225,0.98442024,0.98442024,0.00083076424,0.02882298,0.00082808477
2005-02-14,2.0271575e-05,0.041514892,0.9416321,0.98314697,0.98314697,0.0007862405,0.02803998,0.0012028442
2005-02-15,2.2293787e-05,0.039069377,0.9431323,0.98220164,0.98220164,0.0007606226,0.027579388,0.0012525751
2005-02-16,1.6373386e-05,0.047417,0.93717986,0.98459685,0.98459685,0.00074686063,0.027328752,0.0010629894
2005-02-17,2.6092543e-05,0.036849145,0.94287974,0.9797289,0.9797289,0.00072158355,0.026862307,0.001287178
2005-02-18,1.8693188e-05,0.046789233,0.9364307,0.9832199,0.9832199,0.0007412208,0.02722537,0.0011140108
2005-02-22,1.6675996e-05,0.048835337,0.9346819,0.9835172,0.9835172,0.000713049,0.026702978,0.001011723
2005-02-23,2.2039378e-05,0.053677943,0.9248485,0.9785264,0.9785264,0.0007353026,0.027116463,0.0010263482
2005-02-24,1.8383394e-05,0.055019207,0.9279605,0.9829797,0.9829797,0.00076311553,0.027624546,0.0010800874
2005-02-25,2.8790995e-05,0.03285744,0.9475332,0.9803906,0.9803906,0.0007265694,0.02695495,0.0014682248
2005-02-28,1.1928794e-05,0.0665845,0.92030334,0.9868878,0.9868878,0.0008491686,0.029140497,0.0009097486
2005-03-01,1.677325e-05,0.04673133,0.9382314,0.98496276,0.98496276,0.00079381705,0.02817476,0.0011154475
2005-03-02,8.526381e-06,0.09642543,0.8897897,0.9862151,0.9862151,0.00076401443,0.02764081,0.00061853114
2005-03-03,1.0779474e-05,0.07284909,0.9132053,0.9860544,0.9860544,0.00069150416,0.026296467,0.00077296706
2005-03-04,1.0817801e-05,0.062963344,0.9246309,0.98759425,0.98759425,0.00064786355,0.025453163,0.0008719987
2005-03-07,2.1850443e-05,0.038989462,0.94412154,0.983111,0.983111,0.00062080706,0.024916,0.0012937696
2005-03-08,1.7066726e-05,0.045013864,0.93985665,0.9848705,0.9848705,0.00060867274,0.024671294,0.0011280425
2005-03-09,1.2553019e-05,0.05692019,0.9294015,0.9863217,0.9863217,0.00060681783,0.024633672,0.00091773155
2005-03-10,1.4393584e-05,0.050004788,0.9360466,0.9860514,0.9860514,0.00057796144,0.02404083,0.0010319003
2005-03-11,1.1496188e-05,0.057846908,0.9294863,0.9873332,0.9873332,0.00056852703,0.023843804,0.0009075827
2005-03-14,2.4185281e-05,0.03628391,0.94478136,0.9810653,0.9810653,0.000539971,0.023237277,0.0012772976
2005-03-15,1.3396955e-05,0.05852622,0.92788106,0.9864073,0.9864073,0.00063565536,0.025212206,0.0009855978
2005-03-16,1.09147e-05,0.060616255,0.92697114,0.9875874,0.9875874,0.00060527003,0.024602236,0.00087932375
2005-03-17,1.1823445e-05,0.05821248,0.928425,0.9866375,0.9866375,0.0005722287,0.023921302,0.000884821
2005-03-18,1.22232e-05,0.055789415,0.93132997,0.9871194,0.9871194,0.00054561655,0.023358436,0.0009489603
2005-03-21,1.3892796e-05,0.051202897,0.9351494,0.98635226,0.98635226,0.0005217837,0.022842586,0.0010179562
2005-03-22,1.12503485e-05,0.058215547,0.92920524,0.9874208,0.9874208,0.0005039189,0.022448137,0.000894361
2005-03-23,1.0688124e-05,0.060129464,0.9275286,0.9876581,0.9876581,0.00048464432,0.022014638,0.000866002
2005-03-24,9.441578e-06,0.06585535,0.922335,0.98819035,0.98819035,0.00047389598,0.021769153,0.0007994801
2005-03-28,1.3703584e-05,0.05177024,0.9343165,0.9860868,0.9860867,0.00045379068,0.021302363,0.000984933
2005-03-29,1.0878018e-05,0.059712995,0.92780674,0.98751974,0.98751974,0.00044165587,0.02101561,0.0008716179
2005-03-30,1.0709475e-05,0.06450158,0.92299503,0.9874966,0.9874966,0.0005440464,0.023324803,0.000856526
2005-03-31,9.2191385e-06,0.069197655,0.9188931,0.98809075,0.98809075,0.0005355171,0.023141243,0.000774116
2005-04-01,9.096437e-06,0.07354517,0.9141973,0.9877425,0.9877425,0.0005471785,0.023391847,0.00074211095
2005-04-04,9.483515e-06,0.06884721,0.9190241,0.9878713,0.9878713,0.0005211357,0.022828396,0.00078190624
2005-04-05,1.0285426e-05,0.063435875,0.9246213,0.98805714,0.98805714,0.00051595684,0.022714684,0.00086121936
2005-04-06,1.0000381e-05,0.06339388,0.9247018,0.9880957,0.9880957,0.00048781087,0.022086442,0.00084006466
2005-04-07,1.209077e-05,0.05548209,0.93165433,0.9871364,0.9871364,0.00046125145,0.021476766,0.0009399229
2005-04-08,9.393664e-06,0.06579743,0.92239165,0.9881891,0.9881891,0.00047796778,0.021862475,0.00079533865
2005-04-11,1.0509091e-05,0.06093912,0.92688227,0.9878214,0.9878214,0.0004687746,0.021651203,0.00086291454
2005-04-12,9.870605e-06,0.06421056,0.92384684,0.9880574,0.9880574,0.00045040983,0.021222861,0.0008265021
2005-04-13,9.292063e-06,0.06975177,0.918273,0.9880247,0.9880247,0.00048243342,0.021964367,0.00077593647
2005-04-14,9.455956e-06,0.065861546,0.92223656,0.9880981,0.9880981,0.00047078665,0.021697618,0.00079449033
2005-04-15,1.1279706e-05,0.059576374,0.9271757,0.9867521,0.9867521,0.00045504348,0.021331748,0.0008514331
2005-04-18,1.01581345e-05,0.06312255,0.9243738,0.9874964,0.9874964,0.00043918012,0.020956624,0.0008124152
2005-04-19,1.0113055e-05,0.06323002,0.92438495,0.987615,0.987615,0.00041881952,0.02046508,0.00081655604
2005-04-20,9.517865e-06,0.07338824,0.91321594,0.98660415,0.98660415,0.0004092746,0.020230535,0.00071050867
2005-04-21,1.0831335e-05,0.060497645,0.92673135,0.987229,0.987229,0.00038354108,0.019584205,0.0008481189
2005-04-22,1.7234865e-05,0.044949196,0.9390167,0.9839659,0.9839659,0.00036694692,0.019155858,0.0010748864
2005-04-25,1.1415431e-05,0.05853805,0.92862785,0.9871659,0.9871659,0.00038583358,0.019642647,0.0008894629
2005-04-26,9.43892e-06,0.06574872,0.92241085,0.9881596,0.98815954,0.00037157894,0.019276382,0.00079717895
2005-04-27,1.1194062e-05,0.058257807,0.9288921,0.9871499,0.9871499,0.00035347076,0.018800817,0.000871126
2005-04-28,9.413019e-06,0.07816722,0.9091655,0.9873327,0.9873327,0.00050600135,0.022494474,0.00074309605
2005-04-29,1.1321432e-05,0.058847196,0.92819655,0.98704374,0.98704374,0.00046945532,0.021666918,0.00087381934
2005-05-02,9.3727385e-06,0.0732039,0.9143072,0.9875111,0.9875111,0.0004816621,0.0219468,0.0007504854
2005-05-03,1.46857e-05,0.051702525,0.9332708,0.9849733,0.9849733,0.00047109375,0.021704694,0.0009773078
2005-05-04,9.06711e-06,0.07825868,0.9092238,0.9874825,0.9874825,0.00049300835,0.022203792,0.000724354
2005-05-05,1.1518408e-05,0.058701903,0.9282774,0.9869793,0.98697925,0.00048184986,0.02195108,0.0008846232
2005-05-06,9.624194e-06,0.06671426,0.92126787,0.9879821,0.98798215,0.00046395656,0.02153965,0.00080082123
2005-05-09,1.0066103e-05,0.06414262,0.9236107,0.98775333,0.98775333,0.0004441452,0.021074753,0.00082194625
2005-05-10,1.1446953e-05,0.05881363,0.9281413,0.9869549,0.9869549,0.00042457425,0.020605199,0.0008774925
2005-05-11,9.15438e-06,0.068777435,0.9192702,0.98804766,0.98804766,0.00040611345,0.020152256,0.0007659069
2005-05-12,9.032096e-06,0.06777296,0.9203845,0.9881575,0.9881575,0.00038262468,0.019560795,0.0007626856
2005-05-13,8.98353e-06,0.06838154,0.9197929,0.98817444,0.98817444,0.00040654407,0.020162938,0.0007596705
2005-05-16,9.842195e-06,0.06380079,0.9239965,0.9877973,0.9877973,0.00038403503,0.019596811,0.0008065601
2005-05-17,9.330633e-06,0.06664355,0.92135936,0.9880029,0.9880029,0.0003765933,0.019406011,0.00077774044
2005-05-18,8.9915175e-06,0.06873646,0.91928035,0.9880168,0.9880168,0.0003578755,0.018917598,0.0007503426
2005-05-19,8.758989e-06,0.07000457,0.91813606,0.98814064,0.98814064,0.0003493289,0.018690342,0.000738572
2005-05-20,9.229993e-06,0.066639714,0.9212892,0.9879289,0.9879289,0.0003314455,0.018205645,0.00076463737
2005-05-23,1.0547818e-05,0.060315248,0.92691,0.98722523,0.98722523,0.00031485336,0.017744107,0.0008256761
2005-05-24,2.526915e-05,0.034695372,0.94628745,0.98098284,0.98098284,0.00030871967,0.017570421,0.0013287552
2005-05-25,9.290328e-06,0.067276075,0.920408,0.9876841,0.9876841,0.0003201474,0.017892664,0.0007543344
2005-05-26,1.6126472e-05,0.04684096,0.9375001,0.9843411,0.9843411,0.0003057503,0.017485717,0.0010298588
2005-05-27,1.7659597e-05,0.044411898,0.9393323,0.9837442,0.9837442,0.00034682697,0.01862329,0.0010863569
2005-05-31,1.0647195e-05,0.062218353,0.9253454,0.9875638,0.9875638,0.00041363057,0.02033791,0.00085614464
2005-06-01,9.421098e-06,0.06688599,0.92107105,0.98795706,0.98795706,0.0003935612,0.019838378,0.0007822922
2005-06-02,8.355776e-06,0.09738468,0.8891818,0.9865665,0.9865665,0.0006331783,0.025163034,0.0006220096
2005-06-03,9.56805e-06,0.07099398,0.9168812,0.98787516,0.98787516,0.00057344063,0.02394662,0.0007891281
2005-06-06,1.0490095e-05,0.062616214,0.9248524,0.9874686,0.9874686,0.0005412394,0.023264552,0.0008371048
2005-06-07,9.721871e-06,0.06967626,0.9182549,0.9879312,0.9879312,0.00058678276,0.0242236,0.0008055369
2005-06-08,9.674818e-06,0.06568679,0.9224714,0.9881582,0.9881582,0.00054859545,0.023422115,0.0008170075
2005-06-09,9.690512e-06,0.06519484,0.92297167,0.9881665,0.9881665,0.00053649035,0.02316226,0.00081890577
2005-06-10,9.04143e-06,0.07105349,0.9165446,0.9875981,0.9875981,0.0005077079,0.022532374,0.0007290371
2005-06-13,1.0106333e-05,0.062740006,0.92513126,0.9878713,0.9878713,0.00049248565,0.022192018,0.00083325704
2005-06-14,1.637841e-05,0.048736602,0.9359995,0.98473614,0.9847361,0.00060101534,0.024515614,0.0010730192
2005-06-15,9.644083e-06,0.06529031,0.92283267,0.988123,0.988123,0.0005797929,0.024078889,0.0008119965
2005-06-16,1.0886213e-05,0.060462028,0.92736757,0.9878296,0.98782957,0.00060055155,0.024506154,0.00089448463
2005-06-17,1.2982874e-05,0.054107334,0.93280727,0.9869146,0.9869146,0.0005999644,0.024494171,0.000992163
2005-06-20,1.8267188e-05,0.043613598,0.940786,0.9843996,0.9843996,0.0005783404,0.024048708,0.0011709449
2005-06-21,3.3211138e-05,0.029140525,0.9497727,0.97891325,0.97891325,0.00056261255,0.023719454,0.0015749764
2005-06-22,1.3767148e-05,0.05180103,0.9343644,0.9861654,0.9861654,0.0005867827,0.024223598,0.0009951247
2005-06-23,1.3803495e-05,0.051029224,0.9352727,0.9863019,0.9863019,0.00056290027,0.023725519,0.001007694
2005-06-24,2.595225e-05,0.034670252,0.94616884,0.9808391,0.9808391,0.0005412401,0.023264566,0.001354436
2005-06-27,3.0008094e-05,0.030947855,0.94900095,0.9799488,0.9799488,0.0005458894,0.023364276,0.0014965748
2005-06-28,4.5299e-05,0.023621753,0.9506107,0.97423244,0.97423244,0.00057669845,0.024014547,0.0017579852
2005-06-29,1.1786464e-05,0.059097107,0.9272865,0.9863836,0.9863836,0.00060574146,0.024611816,0.000865609
2005-06-30,3.022865e-05,0.030677952,0.94895077,0.97962874,0.97962874,0.000588597,0.024261018,0.0014838872
2005-07-01,3.0021003e-05,0.03185286,0.9473123,0.97916514,0.97916514,0.00059555605,0.024404017,0.0014409024
2005-07-05,2.07614e-05,0.053530183,0.92596555,0.9794957,0.9794957,0.0006175209,0.024849968,0.001012539
2005-07-06,1.219501e-05,0.06479603,0.9213465,0.9861425,0.9861425,0.0006857593,0.026187006,0.00088003057
2005-07-07,1.1532998e-05,0.06996958,0.91548336,0.98545295,0.98545295,0.000695921,0.026380315,0.0007928066
2005-07-08,2.8975832e-05,0.03915727,0.9406549,0.97981215,0.97981215,0.0007509802,0.027404018,0.0014353101
2005-07-11,1.3879909e-05,0.053817384,0.93249583,0.9863132,0.9863132,0.0007394303,0.027192468,0.0010141109
2005-07-12,1.6256821e-05,0.04690188,0.9385373,0.9854392,0.9854392,0.0007039744,0.026532516,0.0011164772
2005-07-13,2.0213567e-05,0.055529762,0.9258592,0.981389,0.981389,0.0007986305,0.028260052,0.0010861078
2005-07-14,1.7347258e-05,0.045470484,0.939544,0.9850145,0.9850145,0.0007598794,0.02756591,0.0011576028
2005-07-15,1.1557447e-05,0.05773959,0.9295507,0.9872903,0.9872903,0.0007334572,0.027082415,0.00090934226
2005-07-18,5.0334354e-05,0.021657122,0.9516893,0.9733464,0.9733464,0.0006933842,0.02633219,0.0018884646
2005-07-19,1.9218265e-05,0.04213536,0.9419201,0.98405546,0.98405546,0.0007239881,0.026907027,0.0012053194
2005-07-20,3.6193465e-05,0.028091997,0.94910586,0.9771978,0.9771979,0.0007041705,0.026536211,0.0015872814
2005-07-21,2.5469219e-05,0.034945246,0.94651294,0.9814582,0.9814582,0.0007051076,0.026553862,0.00137361
2005-07-22,5.9963335e-05,0.019408343,0.9503454,0.96975374,0.96975374,0.0007320031,0.027055556,0.0019825043
2005-07-25,5.46915e-05,0.023459088,0.94656754,0.9700266,0.9700266,0.000758252,0.027536375,0.0018246686
2005-07-26,5.9973274e-05,0.019713283,0.9492861,0.9689994,0.9689994,0.000776659,0.027868602,0.0019345834
2005-07-27,3.7563153e-05,0.028702091,0.9479222,0.9766243,0.9766243,0.0008046478,0.028366314,0.0016069324
2005-07-28,2.1454014e-05,0.040627673,0.9423546,0.9829823,0.9829823,0.0008255678,0.028732697,0.0012606865
2005-07-29,3.5851233e-05,0.02765674,0.9501957,0.97785246,0.97785246,0.00080106134,0.028303027,0.0016187459
2005-08-01,2.1029611e-05,0.039894525,0.94354564,0.98344016,0.98344016,0.000813927,0.028529406,0.0012699164
2005-08-02,3.7488e-05,0.029184153,0.947648,0.97683215,0.97683215,0.0008344558,0.028886948,0.0016181045
2005-08-03,1.7107128e-05,0.045987144,0.9390282,0.98501533,0.98501533,0.00085001957,0.029155094,0.0011416421
2005-08-04,1.4467109e-05,0.05014456,0.935985,0.9861296,0.9861296,0.0008157194,0.028560802,0.001043019
2005-08-05,2.8823395e-05,0.032091733,0.9486389,0.98073065,0.98073065,0.00078847236,0.02807975,0.0014958158
2005-08-08,2.5223288e-05,0.03542783,0.946648,0.9820758,0.9820758,0.0007999872,0.028284045,0.0014072205
2005-08-09,5.758134e-05,0.019345505,0.9513867,0.9707322,0.9707322,0.0007826242,0.027975421,0.0019673964
2005-08-10,1.9362455e-05,0.04112347,0.94270897,0.9838324,0.9838324,0.0008024437,0.028327437,0.0011976098
2005-08-11,2.207198e-05,0.042660456,0.93929136,0.98195183,0.98195183,0.0008699702,0.029495258,0.0012229485
2005-08-12,3.027526e-05,0.03223978,0.94781566,0.98005545,0.98005545,0.0008664162,0.02943495,0.0015179716
2005-08-15,4.810807e-05,0.022983173,0.9513993,0.9743825,0.9743825,0.0008816592,0.029692747,0.0018779392
2005-08-16,2.6458301e-05,0.034182437,0.9472673,0.9814497,0.9814497,0.0008874504,0.029790105,0.0014263022
2005-08-17,2.5386595e-05,0.035403915,0.9466973,0.9821012,0.9821012,0.00088393467,0.029731039,0.0014183407
2005-08-18,1.41259725e-05,0.05097422,0.93508697,0.9860612,0.9860612,0.00091203063,0.030199844,0.0010134293
2005-08-19,7.135093e-05,0.016749704,0.94961864,0.9663683,0.9663683,0.0009961966,0.03156258,0.002121539
2005-08-22,4.4825065e-05,0.02615926,0.94792134,0.9740806,0.9740806,0.0010243942,0.03200616,0.0017294036
2005-08-23,3.315155e-05,0.034445535,0.9444427,0.9788882,0.9788882,0.0010779873,0.032832716,0.0015702865
2005-08-24,4.100066e-05,0.026296414,0.9505207,0.97681713,0.97681713,0.0010566928,0.032506812,0.0017685759
2005-08-25,3.466267e-05,0.033554498,0.943982,0.9775365,0.9775365,0.0010703842,0.032716725,0.0015430662
2005-08-26,6.992746e-05,0.017273508,0.9496911,0.9669646,0.9669646,0.0010605408,0.032565944,0.0021167435
2005-08-29,3.8272974e-05,0.02715193,0.9504,0.97755194,0.97755194,0.0010772177,0.032820996,0.0017049566
2005-08-30,1.4356931e-05,0.098170586,0.88249093,0.9806615,0.9806615,0.0013474864,0.036708124,0.0007424019
2005-08-31,8.2086335e-06,0.1754303,0.80534136,0.98077166,0.98077166,0.0017180301,0.041449126,0.0004269029
2005-09-01,3.6699053e-05,0.036469337,0.9391532,0.97562253,0.97562253,0.0014365127,0.037901353,0.0015054499
2005-09-02,0.00014397535,0.01181769,0.9271553,0.938973,0.938973,0.0014081362,0.03752514,0.002359208
2005-09-06,5.3339372e-05,0.02091745,0.95084566,0.97176313,0.97176313,0.0014498839,0.03807734,0.0018889976
2005-09-07,0.000100088844,0.012073913,0.94427943,0.95635337,0.95635337,0.0014321085,0.03784321,0.002293163
2005-09-08,8.882369e-05,0.013519314,0.946859,0.9603783,0.9603783,0.0014714268,0.03835918,0.0022417933
2005-09-09,7.607845e-05,0.015668549,0.9491169,0.96478546,0.96478546,0.0014843974,0.03852788,0.0021604272
2005-09-12,0.00010851109,0.011178213,0.94208604,0.95326424,0.95326424,0.001485763,0.038545597,0.0023218
2005-09-13,8.987039e-05,0.013246331,0.9465025,0.95974886,0.95974886,0.0015129747,0.038896974,0.0022327416
2005-09-14,0.00011010654,0.0136374915,0.9374379,0.9510754,0.9510754,0.0015297842,0.039112456,0.0022505342
2005-09-15,0.00014990747,0.012188012,0.9233145,0.9355025,0.9355025,0.0015628189,0.039532505,0.002324238
2005-09-16,0.00013105272,0.009739346,0.9355293,0.94526863,0.94526863,0.00159574,0.039946713,0.0023944718
2005-09-19,9.203759e-05,0.01310648,0.9451677,0.9582742,0.9582742,0.001626688,0.04033222,0.002205771
2005-09-20,8.4938665e-06,0.179705,0.8006036,0.9803086,0.98030865,0.0018442308,0.04294451,0.00043134886
2005-09-21,5.0583018e-05,0.024056902,0.94833183,0.97238874,0.97238874,0.0015172111,0.038951393,0.0018319709
2005-09-22,4.0284158e-05,0.03045658,0.94445765,0.97491425,0.97491425,0.0014912717,0.038616985,0.0016058584
2005-09-23,3.0432315e-05,0.037095748,0.9416129,0.9787086,0.9787086,0.0014557387,0.038154144,0.0014293259
2005-09-26,3.9393144e-05,0.03064466,0.9456631,0.97630775,0.97630775,0.0014517092,0.0381013,0.0016627017
2005-09-27,0.00014790804,0.011496247,0.9245833,0.93607956,0.93607956,0.0014150301,0.037616886,0.0023139396
2005-09-28,8.20239e-05,0.014550559,0.94793576,0.9624863,0.9624863,0.0014597101,0.038206153,0.0021865068
2005-09-29,0.00012863526,0.026674127,0.9091483,0.9358224,0.9358224,0.0015955843,0.039944764,0.0020043647
2005-09-30,8.197979e-05,0.0148262065,0.94769746,0.96252364,0.96252364,0.0015907694,0.03988445,0.0021875068
2005-10-03,9.059512e-05,0.0131592,0.94656855,0.95972776,0.95972776,0.0015951024,0.039938733,0.0022495675
2005-10-04,0.00014184784,0.009087891,0.9325025,0.9415904,0.9415904,0.0016011283,0.0400141,0.0024285032
2005-10-05,7.0462665e-05,0.017483708,0.9490044,0.9664881,0.9664881,0.0016369122,0.040458772,0.0021026176
2005-10-06,0.0001496584,0.008082741,0.9307708,0.93885356,0.93885356,0.0016240253,0.040299196,0.0024475409
2005-10-07,0.00013152239,0.009869741,0.93528956,0.9451593,0.9451593,0.0016888683,0.04109584,0.0023982632
2005-10-10,0.00012911002,0.009820602,0.93614835,0.9459689,0.9459689,0.0017122967,0.041379906,0.0023895511
2005-10-11,0.00015677673,0.00829759,0.9278289,0.9361265,0.9361265,0.0017356019,0.041660555,0.0024544867
2005-10-12,5.3524804e-05,0.026620632,0.9426681,0.9692887,0.9692887,0.0017823394,0.04221776,0.0017428378
2005-10-13,0.00011915041,0.010827037,0.9383895,0.94921654,0.94921654,0.0017337047,0.04163778,0.0023462446
2005-10-14,0.0001453363,0.008856398,0.93107563,0.93993205,0.93993205,0.0017567284,0.041913345,0.0024195313
2005-10-17,9.6476186e-05,0.012831373,0.94452894,0.9573603,0.9573603,0.0017817039,0.042210236,0.002262592
2005-10-18,3.4799938e-05,0.03630864,0.93964547,0.9759541,0.9759541,0.0018107923,0.042553406,0.0014472305
2005-10-19,7.971579e-05,0.016848454,0.94519025,0.9620387,0.9620387,0.0017780942,0.042167455,0.0020999224
2005-10-20,6.009178e-05,0.019664656,0.9501621,0.96982676,0.96982676,0.0017619379,0.041975442,0.0019915586
2005-10-21,7.067065e-05,0.01916527,0.9464989,0.96566415,0.96566415,0.0017704569,0.042076796,0.0020582175
2005-10-24,3.2078784e-05,0.033613913,0.94474494,0.97835886,0.97835886,0.0017476077,0.0418044,0.0014823059
2005-10-25,6.006623e-05,0.019241706,0.95053273,0.9697744,0.9697744,0.0016867641,0.041070234,0.0019872652
2005-10-26,1.1090749e-05,0.10417634,0.87902427,0.9832006,0.9832006,0.0018476695,0.042984527,0.00066018756
2005-10-27,3.1319672e-05,0.03349344,0.9459036,0.97939706,0.97939706,0.0016802948,0.0409914,0.0015201553
2005-10-28,4.281662e-05,0.026780644,0.9488524,0.9756331,0.9756331,0.0016279735,0.040348154,0.0017571622
2005-10-31,2.414521e-05,0.04950122,0.9307245,0.98022574,0.98022574,0.0016763981,0.040943842,0.0012210426
2005-11-01,3.54827e-05,0.052001372,0.92164737,0.9736487,0.9736487,0.0018074142,0.042513695,0.0013465269
2005-11-02,5.3547858e-05,0.052440077,0.9072603,0.9597004,0.95970035,0.0017434255,0.041754346,0.0013287443
2005-11-03,0.00019719488,0.012125396,0.90606296,0.91818833,0.91818833,0.00165979,0.04074052,0.0024103515
2005-11-04,6.264073e-05,0.039149042,0.91937983,0.9585289,0.9585289,0.0017017521,0.041252296,0.0015104661
2005-11-07,0.000105660336,0.020685498,0.9296554,0.95034087,0.95034087,0.0016488429,0.040605947,0.0021277121
2005-11-08,9.7654556e-05,0.017342232,0.9381172,0.9554594,0.9554594,0.0016708636,0.0408762,0.002192485
2005-11-09,0.00012372935,0.016857341,0.9273575,0.9442148,0.9442148,0.0016658655,0.040815014,0.002217961
2005-11-10,0.00014973474,0.013801589,0.9218842,0.93568575,0.93568575,0.001670393,0.040870443,0.0023281737
2005-11-11,0.00017692,0.0126702795,0.91374874,0.926419,0.926419,0.0016981817,0.041209,0.0024044258
2005-11-14,9.6359814e-05,0.017506173,0.9385222,0.9560284,0.9560284,0.0017392597,0.04170443,0.0021914104
2005-11-15,0.00018574554,0.010006496,0.91400224,0.9240087,0.9240087,0.0017300491,0.04159386,0.0024443008
2005-11-16,0.00012173169,0.014329113,0.9324931,0.9468222,0.9468222,0.0017671435,0.042037405,0.002289146
2005-11-17,4.9499562e-05,0.032099593,0.9384223,0.9705219,0.9705219,0.0018289165,0.042765833,0.0016791994
2005-11-18,5.5824283e-05,0.027052239,0.9428805,0.96993273,0.96993273,0.0017980249,0.042403124,0.0018566465
2005-11-21,8.690779e-05,0.02103553,0.9370323,0.95806783,0.95806783,0.001805964,0.042496637,0.0020725806
2005-11-22,0.00014466076,0.013998076,0.9232378,0.9372359,0.9372359,0.0017802125,0.042192563,0.0023048327
2005-11-23,3.7712853e-05,0.0394584,0.93415236,0.97361076,0.97361076,0.0017968817,0.042389642,0.0014290996
2005-11-28,9.273594e-05,0.018765084,0.9381895,0.9569546,0.9569546,0.0017162947,0.041428186,0.0021543752
2005-11-29,0.00012922952,0.018100854,0.9249651,0.94306594,0.94306594,0.001730609,0.04160059,0.0022698105
2005-11-30,3.5381003e-05,0.04203396,0.9343188,0.97635275,0.97635275,0.0017729837,0.042106815,0.0014961995
2005-12-01,1.3405751e-05,0.07431138,0.9103661,0.9846775,0.9846775,0.0019197325,0.043814752,0.00087490585
2005-12-02,7.981542e-06,0.12845616,0.8561644,0.9846206,0.9846206,0.0018331954,0.04281583,0.0005189752
2005-12-05,9.711515e-06,0.08860874,0.89790535,0.9865141,0.9865141,0.0021592863,0.04646812,0.0007201232
2005-12-06,2.529745e-05,0.038400777,0.9431559,0.98155665,0.98155665,0.0019820281,0.044519976,0.0013716301
2005-12-07,1.9239193e-05,0.045611817,0.93843186,0.98404366,0.98404366,0.0019005551,0.043595355,0.0012057396
2005-12-08,1.893631e-05,0.044361014,0.94027424,0.98463523,0.98463523,0.0018140626,0.042591814,0.0012324504
2005-12-09,9.15644e-06,0.10548895,0.8802022,0.98569113,0.98569113,0.0021350146,0.046206217,0.00063991355
2005-12-12,2.8120236e-05,0.039126184,0.9410861,0.9802123,0.9802123,0.002174356,0.04662999,0.0014210946
2005-12-13,1.3024355e-05,0.06717889,0.9178119,0.9849908,0.9849908,0.002126506,0.046114054,0.0008677567
2005-12-14,1.0634215e-05,0.080934696,0.9050082,0.9859429,0.9859429,0.0020506175,0.045283742,0.00075650134
2005-12-15,2.2792201e-05,0.04743912,0.933407,0.9808461,0.9808461,0.0020400637,0.045167066,0.0011899513
2005-12-16,3.3235825e-05,0.04517926,0.9305169,0.97569615,0.97569615,0.002114816,0.04598713,0.0013675125
2005-12-19,4.6482757e-05,0.029314654,0.94331384,0.9726285,0.9726285,0.002006176,0.044790354,0.0016982158
2005-12-20,3.322726e-05,0.035881113,0.94191045,0.97779155,0.97779155,0.0019650331,0.044328693,0.0014961539
2005-12-21,6.581785e-05,0.023722436,0.9409598,0.9646822,0.9646822,0.0018844013,0.04340969,0.0018635896
2005-12-22,2.751447e-05,0.041508436,0.93689454,0.978403,0.978403,0.0018434033,0.042934872,0.0012739934
2005-12-23,7.977662e-05,0.0421033,0.90979284,0.95189613,0.95189613,0.0021615345,0.046492305,0.0016584242
2005-12-27,6.9562244e-05,0.036915198,0.9209122,0.9578274,0.9578274,0.0021540672,0.046411928,0.001649465
2005-12-28,2.2927818e-05,0.12429047,0.8426852,0.9669757,0.9669757,0.0024847803,0.04984757,0.0006942709
2005-12-29,4.600566e-05,0.09287739,0.85467273,0.9475501,0.9475501,0.0022836893,0.04778796,0.00087713567
2005-12-30,3.241426e-05,0.10815588,0.8481368,0.9562927,0.9562926,0.0020284345,0.045038145,0.000741621
2006-01-03,2.2484037e-05,0.10077439,0.8681155,0.9688899,0.9688899,0.0017528202,0.041866697,0.0007227245
2006-01-04,5.376281e-05,0.087386474,0.8535969,0.9409834,0.9409834,0.0018449285,0.04295263,0.000910978
2006-01-05,9.287414e-05,0.062526606,0.866598,0.9291246,0.9291246,0.0017755157,0.04213687,0.001310386
2006-01-06,0.0003856317,0.030161822,0.79141146,0.82157326,0.82157326,0.00194408,0.044091724,0.0021612886
2006-01-09,0.00019769033,0.046387706,0.8347975,0.88118523,0.88118523,0.0019302042,0.04393409,0.0016638532
2006-01-10,0.00026393408,0.029568572,0.8444945,0.8740631,0.8740631,0.0018385705,0.042878553,0.002095764
2006-01-11,0.00022876199,0.032548364,0.8546816,0.88723,0.88723,0.0018175113,0.042632278,0.002028571
2006-01-12,0.00044690515,0.01079228,0.8107594,0.8215517,0.8215517,0.0017856397,0.04225683,0.0025043953
2006-01-13,0.0005491889,0.010427871,0.7728868,0.7833147,0.7833147,0.0019058528,0.043656074,0.0025344999
2006-01-17,0.0005543092,0.011039767,0.7689301,0.7799699,0.7799699,0.0020251886,0.045002095,0.0025192425
2006-01-18,0.00016592983,0.045188237,0.854552,0.8997402,0.8997402,0.0021311948,0.046164867,0.0016549989
2006-01-19,0.0005446995,0.012379424,0.7719812,0.7843606,0.7843606,0.0021135062,0.045972884,0.0025259738
2006-01-20,0.0004054568,0.015418936,0.8153681,0.83078706,0.83078706,0.002183528,0.046728235,0.0023961337
2006-01-23,0.0001018645,0.044758905,0.89136153,0.93612045,0.93612045,0.0022123333,0.04703545,0.0015946339
2006-01-24,0.00016927384,0.04989882,0.8550198,0.9049186,0.9049186,0.0023526356,0.048503976,0.0017803047
2006-01-25,0.00011837965,0.049847472,0.8788316,0.9286791,0.9286791,0.002188902,0.046785705,0.0016598173
2006-01-26,0.00015654399,0.028242856,0.8959942,0.9242371,0.924237,0.0020749713,0.04555185,0.0020662346
2006-01-27,0.00015649546,0.039958347,0.8754357,0.91539407,0.91539407,0.0020370318,0.04513349,0.0018496984
2006-01-30,0.00013379607,0.039904855,0.8841999,0.92410475,0.92410475,0.0019570289,0.044238318,0.0017629045
2006-01-31,9.351895e-06,0.15879852,0.82259226,0.9813908,0.9813908,0.002360425,0.048584204,0.0005025408
2006-02-01,1.3517677e-05,0.08848235,0.89373267,0.98221505,0.98221505,0.00196019,0.044274032,0.00076006254
2006-02-02,2.840668e-05,0.10221966,0.86399764,0.9662173,0.9662173,0.0021457588,0.046322335,0.00084086414
2006-02-03,3.430539e-05,0.08605931,0.88052887,0.9665882,0.9665882,0.0020789315,0.045595303,0.0010267447
2006-02-06,1.0223287e-05,0.1299167,0.8517027,0.9816194,0.98161936,0.0019506722,0.044166416,0.0005562004
2006-02-07,0.0001296183,0.041028116,0.8865389,0.92756706,0.92756706,0.002387861,0.048865747,0.001789494
2006-02-08,1.5019636e-05,0.12089646,0.8563657,0.97726214,0.97726214,0.0022585166,0.047523852,0.00066055625
2006-02-09,3.968026e-05,0.060773775,0.90597236,0.96674615,0.96674615,0.0019784463,0.044479728,0.0011932532
2006-02-10,3.53417e-05,0.06985276,0.8964259,0.9662787,0.9662787,0.0019000992,0.04359013,0.0010480519
2006-02-13,0.00014373551,0.025513358,0.9041929,0.9297063,0.9297063,0.0017719262,0.042094253,0.0020447844
2006-02-14,0.0002764682,0.014831059,0.86830336,0.8831344,0.8831344,0.00174836,0.041813396,0.0023656941
2006-02-15,0.00018676634,0.02504938,0.88725305,0.91230243,0.91230243,0.0017992556,0.042417634,0.002129664
2006-02-16,0.00020801119,0.021135738,0.88554484,0.9066806,0.9066806,0.0017842407,0.042240273,0.0022290237
2006-02-17,5.0543335e-05,0.05006154,0.9115386,0.9616001,0.9616001,0.0017900595,0.042309094,0.0013162369
2006-02-21,0.00021551408,0.017158652,0.8874093,0.90456796,0.90456796,0.0016846433,0.041044407,0.002258299
2006-02-22,1.8850846e-05,0.0755087,0.9039163,0.979425,0.979425,0.0018041038,0.042474743,0.0009162021
2006-02-23,7.500514e-05,0.037363563,0.9188869,0.9562505,0.9562505,0.0019168335,0.043781657,0.0017144224
2006-02-24,1.0370335e-05,0.11114607,0.87249666,0.98364276,0.98364276,0.001857791,0.0431021,0.0006339904
2006-02-27,0.00011995928,0.034218166,0.89776623,0.9319844,0.9319844,0.0018799293,0.04335815,0.0017637031
2006-02-28,2.7592832e-05,0.083311126,0.88844067,0.9717518,0.9717518,0.0018809665,0.04337011,0.0009768
2006-03-01,1.7484923e-05,0.11311181,0.86027795,0.97338974,0.97338974,0.0017086231,0.041335493,0.0006570746
2006-03-02,8.881434e-06,0.17668615,0.8028594,0.9795456,0.9795456,0.0014884155,0.03857999,0.0004342064
2006-03-03,3.855888e-05,0.07251251,0.88970006,0.96221256,0.96221256,0.0012069987,0.034741886,0.0010204153
2006-03-06,3.939035e-05,0.056572393,0.9108705,0.96744287,0.96744287,0.0011139829,0.03337638,0.001209884
2006-03-07,3.9284696e-05,0.050249647,0.92052996,0.9707796,0.9707796,0.0011283748,0.033591293,0.0013444269
2006-03-08,2.0122425e-05,0.08676637,0.890314,0.97708035,0.97708035,0.0010981228,0.033137936,0.00087795494
2006-03-09,2.511586e-05,0.06322076,0.9141816,0.9774023,0.9774023,0.0009993982,0.03161326,0.0011114358
2006-03-10,4.3361848e-05,0.047567613,0.92052376,0.96809137,0.96809137,0.0009417475,0.030687906,0.0013589379
2006-03-13,2.6728556e-05,0.053224266,0.9245845,0.9778088,0.9778088,0.0009125937,0.030209165,0.001204465
2006-03-14,1.3895612e-05,0.08025893,0.9022408,0.9824997,0.9824997,0.0010205731,0.03194641,0.0007940222
2006-03-15,8.692329e-06,0.10794636,0.8773957,0.985342,0.985342,0.0009763598,0.031246757,0.0005930103
2006-03-16,1.3982499e-05,0.060310267,0.92462265,0.9849329,0.9849329,0.00086641614,0.029434947,0.0009280152
2006-03-17,1.5497642e-05,0.062595405,0.9206379,0.98323333,0.98323333,0.0008333852,0.028868413,0.0009243126
2006-03-20,1.1287586e-05,0.07451382,0.9114605,0.9859743,0.9859743,0.0008379008,0.028946515,0.00080477947
2006-03-21,1.0138629e-05,0.07945919,0.90716547,0.98662466,0.98662466,0.0008474919,0.029111715,0.0007580089
2006-03-22,1.6616888e-05,0.06728143,0.9143042,0.9815856,0.9815856,0.00078095845,0.027945634,0.0009023866
2006-03-23,3.797052e-05,0.03364441,0.9420536,0.97569805,0.97569805,0.00074117386,0.027224509,0.0015624478
2006-03-24,8.771462e-06,0.099707805,0.88642204,0.9861298,0.9861298,0.000829762,0.02880559,0.00063239713
2006-03-27,9.464985e-06,0.082801305,0.9041132,0.98691446,0.98691446,0.0007467766,0.027327213,0.0007233161
2006-03-28,1.4469041e-05,0.06447303,0.92014474,0.98461777,0.98461777,0.00076349796,0.027631467,0.00094063353
2006-03-29,8.6116515e-06,0.09759878,0.888681,0.9862798,0.9862798,0.0007448741,0.027292382,0.0006276616
2006-03-30,9.519258e-06,0.07928318,0.90783167,0.98711485,0.98711485,0.00067135226,0.025910467,0.0007387773
2006-03-31,1.17393765e-05,0.069165684,0.91703296,0.98619866,0.98619866,0.0007145702,0.026731446,0.0008505971
2006-04-03,1.2103444e-05,0.066160336,0.92008674,0.98624706,0.98624706,0.0007642528,0.027645122,0.00088006246
2006-04-04,1.7729752e-05,0.049498934,0.9347928,0.98429173,0.98429173,0.0007168777,0.026774572,0.0011286892
2006-04-05,9.60544e-06,0.07697193,0.91033655,0.9873085,0.9873085,0.00071834127,0.02680189,0.0007568405
2006-04-06,1.1611703e-05,0.06842641,0.9175988,0.9860252,0.9860252,0.00066358363,0.025760118,0.0008309038
2006-04-07,2.9592076e-05,0.04244038,0.9350247,0.97746503,0.97746503,0.00063319155,0.025163298,0.0013131626
2006-04-10,2.6044845e-05,0.043018546,0.93668026,0.9796988,0.9796988,0.0006683964,0.025853364,0.00128292
2006-04-11,2.7754613e-05,0.04704907,0.9300581,0.97710717,0.97710717,0.00067039236,0.025891935,0.0012123713
2006-04-12,1.1673243e-05,0.072844006,0.91259503,0.98543906,0.98543906,0.0006520026,0.025534341,0.00080168206
2006-04-13,2.2151253e-05,0.051409755,0.92900187,0.98041165,0.98041165,0.0006217416,0.024934746,0.0011308381
2006-04-17,1.7363289e-05,0.060942613,0.92228657,0.98322916,0.98322916,0.0007173136,0.026782712,0.0010353262
2006-04-18,1.010022e-05,0.08604972,0.9002503,0.98630005,0.98630005,0.00089548714,0.02992469,0.0007372451
2006-04-19,9.5161695e-06,0.08844184,0.8982629,0.98670477,0.98670477,0.0010816018,0.032887716,0.000715758
2006-04-20,1.3149816e-05,0.060893197,0.9252447,0.98613787,0.98613787,0.0010275522,0.032055456,0.0009486142
2006-04-21,1.4425862e-05,0.0548302,0.9311105,0.9859407,0.9859407,0.0009785967,0.03128253,0.0010260722
2006-04-24,1.5585965e-05,0.055545606,0.9288404,0.984386,0.984386,0.00093124516,0.03051631,0.0009982062
2006-04-25,1.1624932e-05,0.07563978,0.91028714,0.9859269,0.9859269,0.0010440447,0.03231168,0.00082604075
2006-04-26,3.7222704e-05,0.038874786,0.93583304,0.97470784,0.97470784,0.0010882119,0.032988057,0.0014717093
2006-04-27,2.3111752e-05,0.047868196,0.93321747,0.98108566,0.98108566,0.0010578196,0.03252414,0.0012219168
2006-04-28,5.3312557e-05,0.033254795,0.93542147,0.96867627,0.96867627,0.0011600783,0.034059923,0.0017019862
2006-05-01,3.9222912e-05,0.057852954,0.9094672,0.96732014,0.9673202,0.0011845522,0.034417324,0.0012002168
2006-05-02,2.8266102e-05,0.069615416,0.90183836,0.9714538,0.9714538,0.0011428777,0.033806473,0.0009901874
2006-05-03,2.2515727e-05,0.07419666,0.9015733,0.97576994,0.97576994,0.0010631868,0.032606546,0.0009292476
2006-05-04,2.1839081e-05,0.06798326,0.910818,0.97880125,0.97880125,0.0010130502,0.03182845,0.0010302061
2006-05-05,2.0382518e-05,0.056292254,0.9257743,0.9820665,0.9820665,0.0010798841,0.03286159,0.0011365619
2006-05-08,1.0322662e-05,0.09392967,0.8908094,0.98473907,0.98473907,0.001040316,0.03225393,0.00067641085
2006-05-09,4.394748e-05,0.031232452,0.94198924,0.9732217,0.9732217,0.0009495178,0.030814247,0.0016411613
2006-05-10,8.618505e-06,0.1048434,0.8808325,0.9856759,0.9856759,0.0009475346,0.03078205,0.0006016774
2006-05-11,8.585216e-06,0.11241601,0.87297964,0.98539567,0.98539567,0.0010801969,0.03286635,0.0005878542
2006-05-12,3.719616e-05,0.03998313,0.9338596,0.97384274,0.97384274,0.0011042183,0.03322978,0.0014220206
2006-05-15,3.8053753e-05,0.04325193,0.9303624,0.97361434,0.97361434,0.0011977872,0.034609064,0.0014422132
2006-05-16,2.5650674e-05,0.05307824,0.9253298,0.97840804,0.97840804,0.0011797048,0.03434683,0.0011879733
2006-05-17,3.222789e-05,0.04858335,0.926713,0.9752963,0.9752963,0.0011407974,0.03377569,0.0013045784
2006-05-18,7.3016236e-05,0.028110424,0.9334613,0.96157175,0.96157175,0.001108205,0.033289712,0.0019000667
2006-05-19,8.232764e-05,0.03226682,0.9217243,0.9539911,0.9539911,0.0011205568,0.03347472,0.0017893857
2006-05-22,3.5146597e-05,0.04647124,0.92792606,0.9743973,0.9743973,0.0011162013,0.0334096,0.0013727692
2006-05-23,2.680062e-05,0.05149042,0.92713195,0.9786224,0.9786224,0.0011943097,0.034558784,0.0012536764
2006-05-24,1.4455124e-05,0.078546435,0.90303826,0.9815847,0.98158467,0.0011344494,0.033681586,0.00078495307
2006-05-25,2.6685637e-05,0.05758401,0.9193181,0.97690207,0.97690207,0.0012192231,0.034917377,0.0011553258
2006-05-26,1.0795165e-05,0.09085009,0.8932394,0.9840895,0.9840895,0.0011477811,0.03387892,0.0006784928
2006-05-30,2.3882423e-05,0.051609512,0.9283972,0.9800067,0.9800067,0.0010421432,0.032282244,0.001194521
2006-05-31,2.122228e-05,0.052390207,0.92899334,0.98138356,0.98138356,0.0010478722,0.032370854,0.0011399754
2006-06-01,1.2206131e-05,0.065007865,0.92172647,0.98673433,0.98673433,0.0010868792,0.03296785,0.0009201293
2006-06-02,2.259765e-05,0.04065897,0.94225276,0.9829117,0.9829117,0.0010207499,0.031949177,0.0013224052
2006-06-05,1.606535e-05,0.055089585,0.9289503,0.9840399,0.9840399,0.0010140084,0.0318435,0.0010065947
2006-06-06,4.276351e-05,0.028650057,0.9464042,0.97505426,0.97505426,0.0009904219,0.03147097,0.0017142612
2006-06-07,2.673552e-05,0.039082944,0.9416159,0.9806988,0.9806988,0.0009841847,0.031371716,0.0013851757
2006-06-08,2.070658e-05,0.062993206,0.9177126,0.98070586,0.98070586,0.0011254051,0.03354706,0.0010732055
2006-06-09,1.0653024e-05,0.07387604,0.9129997,0.9868757,0.9868757,0.0011346277,0.033684235,0.0008117031
2006-06-12,2.337478e-05,0.052113235,0.9270855,0.97919875,0.97919875,0.0010471753,0.032360088,0.0011237202
2006-06-13,1.2304061e-05,0.059721872,0.92689025,0.98661214,0.98661214,0.0009980464,0.031591874,0.00091904623
2006-06-14,9.837959e-06,0.06907098,0.91859365,0.98766464,0.98766464,0.000942937,0.03070728,0.0007975413
2006-06-15,1.1593709e-05,0.071072735,0.915554,0.98662674,0.98662674,0.0011878875,0.034465745,0.00086693245
2006-06-16,1.0069684e-05,0.093695395,0.8924674,0.9861628,0.9861628,0.0016710954,0.040879034,0.00072772463
2006-06-19,1.6872395e-05,0.04835845,0.9368858,0.9852442,0.9852442,0.0015022295,0.038758606,0.0011434427
2006-06-20,1.4776183e-05,0.0557291,0.92989707,0.98562616,0.98562616,0.0015067067,0.03881632,0.0010279914
2006-06-21,9.547853e-06,0.098018296,0.8877675,0.9857858,0.9857858,0.0016045652,0.040057026,0.00067171146
2006-06-22,8.902019e-06,0.092043795,0.89462036,0.9866642,0.9866642,0.0014514873,0.03809839,0.0006675267
2006-06-23,1.4160124e-05,0.06599371,0.91784215,0.9838359,0.9838359,0.0013547381,0.036806766,0.00087602175
2006-06-26,3.3622135e-05,0.038231645,0.93829405,0.9765257,0.9765257,0.0013313623,0.036487836,0.0014322969
2006-06-27,1.691186e-05,0.06957453,0.9114801,0.98105466,0.98105466,0.0013501071,0.036743805,0.0008926661
2006-06-28,1.2465477e-05,0.06699187,0.9185655,0.9855574,0.9855574,0.0012845122,0.035840094,0.0008631034
2006-06-29,6.2856925e-05,0.028707242,0.9367034,0.96541065,0.96541065,0.0012815412,0.03579862,0.0018172335
2006-06-30,1.9002675e-05,0.0764754,0.9016605,0.9781359,0.9781359,0.0013126495,0.036230505,0.0008691261
2006-07-05,0.0010200724,0.0015359945,0.6161808,0.6177168,0.6177168,0.0012074336,0.034748144,0.0026683682
2006-07-06,8.1056816e-05,0.049772594,0.8900339,0.9398065,0.9398065,0.0017685182,0.042053755,0.0013466047
2006-07-07,0.000121727426,0.01964511,0.9237907,0.9434358,0.9434358,0.0016702865,0.04086914,0.002152022
2006-07-10,9.686458e-05,0.023451608,0.929434,0.9528856,0.9528856,0.0016770038,0.040951237,0.0020559456
2006-07-11,0.00017905857,0.009421358,0.917916,0.92733735,0.92733735,0.0016611479,0.040757183,0.0024642448
2006-07-12,0.000106888656,0.023037793,0.92423695,0.94727474,0.94727474,0.0017040569,0.041280225,0.0020272762
2006-07-13,3.1740485e-05,0.039768077,0.937604,0.9773721,0.9773721,0.0016977923,0.041204274,0.0014027152
2006-07-14,4.825226e-05,0.037166223,0.9321657,0.9693319,0.9693319,0.001759638,0.04194804,0.0015733708
2006-07-17,3.808335e-05,0.0302892,0.94638103,0.9766702,0.9766702,0.0017344635,0.04164689,0.0016323912
2006-07-18,1.7128443e-05,0.09204412,0.8878038,0.9798479,0.9798479,0.0019406943,0.044053312,0.00084995857
2006-07-19,1.3968444e-05,0.10351277,0.8776382,0.981151,0.981151,0.0018874884,0.043445233,0.00074107025
2006-07-20,1.07784135e-05,0.10197082,0.88257587,0.98454666,0.98454666,0.0019723265,0.044410884,0.0006974812
2006-07-21,9.4853085e-06,0.10162525,0.8840887,0.98571396,0.98571396,0.0019028683,0.04362188,0.0006639564
2006-07-24,1.0502774e-05,0.09088339,0.8938465,0.9847299,0.9847299,0.0016983843,0.04121146,0.0006877993
2006-07-25,1.02315225e-05,0.09147313,0.8943547,0.9858278,0.9858278,0.0020178522,0.044920508,0.00072194333
2006-07-26,1.981236e-05,0.053089965,0.92939967,0.98248965,0.98248965,0.0018967816,0.043552056,0.0011314654
2006-07-27,1.2181113e-05,0.07923331,0.9058256,0.9850589,0.9850589,0.002058958,0.045375742,0.0008152757
2006-07-28,2.3884624e-05,0.042888112,0.9385273,0.9814154,0.9814154,0.0019172167,0.043786034,0.001285183
2006-07-31,2.6216183e-05,0.037669998,0.9436286,0.9812986,0.9812986,0.0018406932,0.0429033,0.0014018319
2006-08-01,9.659385e-06,0.13002038,0.8535976,0.98361796,0.98361796,0.0024377785,0.049373865,0.00058963266
2006-08-02,3.6468842e-05,0.06517098,0.9015982,0.9667692,0.9667692,0.0029340987,0.054167323,0.0010974417
2006-08-03,5.1897834e-05,0.03716834,0.92864287,0.9658112,0.9658112,0.002738486,0.052330546,0.0015179773
2006-08-04,4.439464e-05,0.047201633,0.9204952,0.96769685,0.96769685,0.00276188,0.05255359,0.0013743129
2006-08-07,2.5343776e-05,0.05649198,0.92049986,0.97699183,0.97699183,0.0025884612,0.050876923,0.0011015121
2006-08-08,0.00013945869,0.019969648,0.9117346,0.9317042,0.9317042,0.0025366014,0.050364684,0.002041981
2006-08-09,0.00010135288,0.016284496,0.9365109,0.9527954,0.9527954,0.0024779048,0.04977856,0.002147097
2006-08-10,8.454472e-05,0.021628104,0.9361604,0.95778847,0.95778847,0.0024946288,0.04994626,0.002002882
2006-08-11,0.00021104878,0.0058125495,0.9106413,0.91645384,0.91645384,0.0024253633,0.049247976,0.0025261338
2006-08-14,5.8592497e-05,0.034216322,0.9277448,0.96196115,0.96196115,0.0024267796,0.049262356,0.001540333
2006-08-15,0.0002748369,0.007119477,0.8838432,0.89096266,0.89096266,0.0023955964,0.04894483,0.002520576
2006-08-16,0.00012191438,0.018727545,0.9231334,0.9418609,0.9418609,0.0023925526,0.048913725,0.0020969436
2006-08-17,0.00033936772,0.0041938317,0.86532634,0.8695202,0.8695202,0.0023340937,0.04831246,0.0026009213
2006-08-18,0.00025602512,0.0056732805,0.89414287,0.89981616,0.89981616,0.0023596503,0.048576232,0.0025555529
2006-08-21,0.00043419926,0.004004732,0.82956564,0.83357036,0.83357036,0.0023661267,0.048642848,0.0026089058
2006-08-22,0.0005797693,0.001936637,0.7800231,0.7819597,0.7819597,0.0023980588,0.048969977,0.002659001
2006-08-23,0.00022921695,0.007297196,0.9015153,0.9088125,0.9088125,0.0024565058,0.04956315,0.002513689
2006-08-24,0.00038135573,0.00315411,0.8517653,0.8549194,0.8549194,0.0024464163,0.04946126,0.0026285779
2006-08-25,0.00023897053,0.006305971,0.8992974,0.9056034,0.9056034,0.0024678633,0.04967759,0.002531559
2006-08-28,0.00012658868,0.012814062,0.93192726,0.9447413,0.9447413,0.0024590995,0.04958931,0.0022908375
2006-08-29,4.2821226e-05,0.052659344,0.9162353,0.96889466,0.96889466,0.0025474576,0.050472345,0.0013766519
2006-08-30,0.00019296799,0.02173211,0.89313346,0.91486555,0.91486555,0.0025192478,0.05019211,0.0022666263
2006-08-31,6.302543e-05,0.05357081,0.9015648,0.9551356,0.9551356,0.0025824457,0.05081777,0.0014047977
2006-09-01,6.981698e-05,0.0487578,0.9043576,0.9531154,0.9531154,0.0024728635,0.049727894,0.0014891241
2006-09-04,5.0354454e-05,0.061228923,0.89871746,0.9599464,0.9599464,0.0023457045,0.048432473,0.0012571765
2006-09-05,0.0001767558,0.017630875,0.9048711,0.922502,0.922502,0.0021630945,0.04650908,0.0022807783
2006-09-06,0.00031053278,0.00724439,0.8708824,0.8781268,0.8781268,0.002157291,0.046446647,0.002547999
2006-09-07,6.270695e-05,0.032449476,0.93123263,0.9636821,0.9636821,0.0021903443,0.046801113,0.0017266136
2006-09-08,0.00011279745,0.02578715,0.9185055,0.94429266,0.94429266,0.002159897,0.04647469,0.0020248222
2006-09-11,0.00012637771,0.020045156,0.92177683,0.941822,0.941822,0.0020980649,0.04580464,0.0021722591
2006-09-12,0.00015419137,0.0150217535,0.919087,0.93410873,0.93410873,0.0020603344,0.045390908,0.0023400881
2006-09-13,0.00014075058,0.021613548,0.9147312,0.93634474,0.93634474,0.0020520932,0.045300037,0.0022111384
2006-09-14,0.00037665718,0.0064024725,0.8478659,0.8542684,0.8542684,0.0020287815,0.045041997,0.0025845945
2006-09-15,0.00037565368,0.023455592,0.8178892,0.84134483,0.84134483,0.002170952,0.046593476,0.0023677368
2006-09-18,0.00022712028,0.024379982,0.8736031,0.8979831,0.8979831,0.0021592244,0.046467453,0.0022263
2006-09-19,0.0007090272,0.0049183117,0.72499734,0.7299157,0.7299157,0.0021149297,0.045988366,0.002625207
2006-09-20,0.00027165466,0.016841102,0.8697088,0.8865499,0.8865499,0.0022431863,0.047362287,0.0023944855
2006-09-21,0.00042169023,0.0092936605,0.8259372,0.8352309,0.8352309,0.002226307,0.04718376,0.0025592796
2006-09-22,0.00062264514,0.005960887,0.7545313,0.7604922,0.7604922,0.0022692312,0.04763645,0.0025996864
2006-09-25,0.00062231114,0.005752269,0.75674385,0.7624961,0.7624961,0.002341161,0.048385546,0.0026202146
2006-09-26,0.0009497361,0.0027545623,0.6402573,0.64301187,0.64301187,0.0024003093,0.04899295,0.0026604137
2006-09-27,0.00022589664,0.024620006,0.87319523,0.8978152,0.8978152,0.0024869184,0.049869012,0.0022106683
2006-09-28,0.0015352423,0.0020647938,0.42293042,0.4249952,0.4249952,0.0025334125,0.050333016,0.0026699642
2006-09-29,1.9455752e-05,0.22879973,0.7206613,0.949461,0.949461,0.0027355426,0.052302416,0.000384965
2006-10-02,8.482764e-06,0.136738,0.84712815,0.98386616,0.98386616,0.002387212,0.0488591,0.0005257745
2006-10-03,8.251397e-06,0.13031435,0.85408974,0.9844041,0.9844041,0.002033274,0.045091838,0.00052907434
2006-10-04,8.871532e-06,0.1243004,0.8601189,0.98441935,0.98441935,0.0017999032,0.042425267,0.0005693941
2006-10-05,8.190801e-06,0.12410041,0.8608256,0.984926,0.984926,0.0017595591,0.0419471,0.00054337224
2006-10-06,4.8746257e-05,0.026613865,0.94477826,0.97139215,0.97139215,0.0018270933,0.042744514,0.0017039472
2006-10-09,6.639087e-05,0.018267415,0.9485324,0.9667998,0.9667998,0.001786109,0.042262383,0.0019997128
2006-10-10,8.5101994e-05,0.01527678,0.9445331,0.9598099,0.9598099,0.0017605779,0.04195924,0.0021174864
2006-10-11,4.657857e-05,0.024002725,0.9496804,0.9736831,0.9736831,0.0017485659,0.04181586,0.0017699123
2006-10-12,7.647137e-05,0.017727278,0.94518644,0.9629137,0.9629137,0.0017669233,0.042034786,0.0020619838
2006-10-13,0.00029783417,0.006700951,0.8757776,0.88247854,0.88247854,0.0018135845,0.0425862,0.002534296
2006-10-16,0.00014681033,0.015616338,0.9174726,0.93308896,0.93308896,0.0018891699,0.043464582,0.0021941122
2006-10-17,1.4259503e-05,0.12825252,0.8485773,0.9768298,0.9768298,0.002144428,0.04630797,0.00061542494
2006-10-18,5.5003497e-05,0.036743246,0.92803353,0.96477675,0.96477675,0.0018339738,0.04282492,0.0015615681
2006-10-19,4.4901528e-05,0.041784763,0.9278753,0.96966004,0.96966004,0.0018694322,0.04323693,0.001479947
2006-10-20,3.9385475e-05,0.04116831,0.9300629,0.9712312,0.9712312,0.001871201,0.04325738,0.0013690355
2006-10-23,7.431155e-05,0.018749049,0.9441471,0.96289617,0.96289617,0.0017894502,0.042301893,0.0020027999
2006-10-24,0.00021793967,0.0067015365,0.9060583,0.91275984,0.91275984,0.00181218,0.042569708,0.0024981576
2006-10-25,4.672474e-05,0.03541703,0.9325833,0.9680003,0.9680003,0.0018660203,0.043197457,0.0014601615
2006-10-26,5.6993842e-05,0.03508107,0.92798626,0.96306735,0.96306735,0.0020232936,0.044981036,0.0015431832
2006-10-27,0.00011518238,0.01089976,0.9391917,0.9500915,0.9500915,0.0019575765,0.04424451,0.0023078702
2006-10-30,7.972731e-05,0.022439513,0.9363567,0.95879626,0.95879626,0.0019775594,0.04446976,0.0019349534
2006-10-31,4.4537996e-05,0.030325307,0.9429942,0.9733195,0.9733195,0.0019610196,0.0442834,0.001669307
2006-11-01,5.8328038e-05,0.025574699,0.9423227,0.96789736,0.96789736,0.0019015239,0.043606468,0.0018169231
2006-11-02,2.2287108e-05,0.057799984,0.9199071,0.9777071,0.9777071,0.0018643698,0.04317835,0.0009997396
2006-11-03,0.00010860783,0.011863096,0.9408751,0.9527382,0.9527382,0.0017476284,0.041804645,0.0022980056
2006-11-06,7.311536e-05,0.02111122,0.9402056,0.9613168,0.9613168,0.0017538955,0.041879535,0.0018901075
2006-11-07,0.00011893564,0.014987193,0.93058693,0.9455741,0.9455741,0.0017771785,0.042156596,0.0021852767
2006-11-08,7.6996264e-05,0.020841673,0.9412585,0.96210015,0.96210015,0.0017910879,0.042321246,0.0020315717
2006-11-09,8.098108e-05,0.023074286,0.93361557,0.95668983,0.95668983,0.0017645374,0.042006396,0.0018697939
2006-11-10,8.993653e-05,0.018119372,0.9377164,0.9558358,0.9558358,0.0017350011,0.041653346,0.0020364134
2006-11-13,0.00010656859,0.012262456,0.9411485,0.953411,0.953411,0.0017242986,0.041524675,0.0022874186
2006-11-14,7.958287e-05,0.014924289,0.94846296,0.96338725,0.96338725,0.0017314476,0.041610666,0.0021736382
2006-11-15,5.346493e-05,0.023601683,0.9472462,0.9708479,0.9708479,0.0017234946,0.041514993,0.0018339995
2006-11-16,4.0190756e-05,0.02940358,0.94530815,0.9747117,0.9747117,0.0016936632,0.04115414,0.0015893035
2006-11-17,6.7996225e-05,0.022241611,0.9435117,0.9657533,0.9657533,0.0017028656,0.041265793,0.0019854836
2006-11-20,2.7696915e-05,0.041633777,0.9378281,0.9794619,0.9794619,0.0017381838,0.04169153,0.0013485632
2006-11-21,7.2888506e-05,0.020907091,0.94175404,0.96266115,0.96266115,0.0016737273,0.040911213,0.0019520822
2006-11-22,1.1184214e-05,0.08932426,0.8941934,0.98351765,0.98351765,0.0016494092,0.040612917,0.00067855685
2006-11-27,0.00052351825,0.0030216833,0.79855555,0.8015772,0.8015772,0.0015904248,0.03988013,0.0026383977
2006-11-28,2.8031229e-05,0.0485282,0.9276627,0.97619087,0.97619087,0.0017974426,0.042396255,0.0011773309
2006-11-29,1.2354268e-05,0.071121395,0.91399395,0.98511535,0.98511535,0.0017709238,0.042082347,0.0008300005
2006-11-30,9.0155845e-06,0.10137092,0.8843244,0.9856953,0.9856953,0.0019275096,0.04390341,0.0006302534
2006-12-01,2.968456e-05,0.035286937,0.9441816,0.9794686,0.9794686,0.0017143782,0.041405052,0.0014458116
2006-12-04,2.580585e-05,0.046170697,0.93289447,0.9790652,0.9790652,0.0017320102,0.041617427,0.001232676
2006-12-05,2.2329015e-05,0.06437948,0.9147072,0.9790867,0.97908664,0.001906509,0.04366359,0.0010676944
2006-12-06,3.777863e-05,0.044311225,0.9281296,0.97244084,0.97244084,0.0017815272,0.042208143,0.0013708193
2006-12-07,8.629077e-05,0.022312159,0.93462497,0.95693713,0.95693713,0.0016926845,0.041142248,0.0020038325
2006-12-08,4.642811e-05,0.03477694,0.935797,0.9705739,0.9705739,0.0016694305,0.040858664,0.0015777869
2006-12-11,5.939076e-05,0.027317429,0.93999374,0.96731114,0.96731114,0.0016157256,0.040196087,0.0018168504
2006-12-12,8.1018945e-05,0.019372685,0.94163454,0.96100724,0.96100724,0.0015866971,0.039833367,0.0020777944
2006-12-13,7.631238e-05,0.023710031,0.9368194,0.9605294,0.9605294,0.0015751149,0.039687715,0.0019333975
2006-12-14,4.2402808e-05,0.035981026,0.9362931,0.9722741,0.9722741,0.0015767817,0.03970871,0.0015293587
2006-12-15,9.237733e-05,0.024605406,0.9268654,0.9514708,0.9514708,0.0015271467,0.039078724,0.0019035409
2006-12-18,0.00013058232,0.016606243,0.9242643,0.9408706,0.9408706,0.0015170097,0.038948808,0.0022084157
2006-12-19,0.00010438592,0.019770686,0.9321597,0.9519304,0.9519304,0.00156772,0.039594445,0.002171558
2006-12-20,7.414069e-05,0.028184969,0.9308805,0.95906544,0.95906544,0.0015657865,0.039570022,0.0018112003
2006-12-21,0.0004419051,0.0050807595,0.8256342,0.83071494,0.83071494,0.0015891264,0.039863847,0.00261042
2006-12-22,0.00016545579,0.01295627,0.91766727,0.93062353,0.93062353,0.0017540581,0.041881476,0.0023848978
2006-12-26,0.00025563035,0.009532573,0.8879333,0.8974659,0.8974659,0.0017827846,0.042223033,0.002493125
2006-12-27,0.00014768465,0.024992567,0.90705884,0.9320514,0.9320514,0.0019023076,0.043615453,0.0021734766
2006-12-28,0.00013922749,0.035422016,0.892496,0.927918,0.927918,0.0019256684,0.04388244,0.0019315158
2006-12-29,1.3739194e-05,0.1094369,0.8703524,0.97978926,0.97978926,0.0020220522,0.044967234,0.0006797966
2007-01-02,3.9515362e-05,0.061172284,0.9070091,0.96818143,0.96818143,0.0017812408,0.04220475,0.0012418963
2007-01-03,0.0001129858,0.03780161,0.89637935,0.934181,0.934181,0.0016551197,0.04068316,0.0017166131
2007-01-04,1.0860038e-05,0.09236145,0.89282566,0.9851871,0.9851871,0.0016142721,0.040178005,0.00073314796
2007-01-05,1.9967358e-05,0.05914923,0.92275476,0.981904,0.981904,0.0014521239,0.038106743,0.001103411
2007-01-08,5.7546888e-05,0.028998315,0.93796945,0.96696776,0.96696776,0.0013607622,0.03688851,0.0017421432
2007-01-09,2.2757367e-05,0.046013646,0.9357604,0.98177403,0.98177403,0.0013619391,0.036904458,0.0012486232
2007-01-10,1.3887499e-05,0.06720486,0.9178952,0.9851001,0.98510003,0.0013675778,0.036980778,0.0009320526
2007-01-11,1.3422513e-05,0.057197757,0.92918104,0.9863788,0.9863788,0.0012927655,0.03595505,0.0009854126
2007-01-12,1.2121717e-05,0.082301356,0.9030943,0.98539567,0.98539567,0.0015013313,0.038747016,0.0008300084
2007-01-16,9.347211e-06,0.0907319,0.89564276,0.9863747,0.9863747,0.0015587605,0.03948114,0.0006860175
2007-01-17,1.2736348e-05,0.06938952,0.91628534,0.98567486,0.98567486,0.0014084874,0.037529822,0.00088909053
2007-01-18,3.2200613e-05,0.050694354,0.92341626,0.9741106,0.9741106,0.0015751161,0.03968773,0.0012437761
2007-01-19,1.1699291e-05,0.08432479,0.9009848,0.9853096,0.9853096,0.0014974053,0.038696323,0.00079639023
2007-01-22,8.91116e-06,0.11494043,0.87026125,0.98520166,0.98520166,0.0019750341,0.044441357,0.0006021728
2007-01-23,9.898748e-06,0.08854175,0.8979972,0.98653895,0.98653895,0.002158059,0.046454914,0.0007353621
2007-01-24,8.125689e-06,0.11203948,0.87370944,0.9857489,0.9857489,0.0020722472,0.04552194,0.0005701793
2007-01-25,1.0500664e-05,0.074238226,0.9123478,0.98658603,0.98658603,0.0018791466,0.043349124,0.00078281574
2007-01-26,9.732526e-06,0.10280821,0.8825768,0.985385,0.98538506,0.0021083127,0.045916367,0.00066592725
2007-01-29,8.546129e-06,0.10198363,0.8842265,0.9862101,0.9862101,0.002023367,0.044981852,0.0006197386
2007-01-30,1.9009763e-05,0.055476736,0.9269967,0.98247343,0.98247343,0.0019328936,0.043964688,0.0010846256
2007-01-31,8.594674e-06,0.17046751,0.81071556,0.98118305,0.98118305,0.0025144916,0.050144706,0.00045675176
2007-02-01,9.190897e-06,0.08692186,0.8997449,0.9866668,0.9866668,0.0020617817,0.04540685,0.0006893241
2007-02-02,9.939624e-06,0.0881507,0.8977364,0.98588705,0.98588705,0.0018918841,0.043495793,0.00070429104
2007-02-05,8.659157e-06,0.09383947,0.892658,0.98649746,0.98649746,0.0017126612,0.041384313,0.0006412985
2007-02-06,1.039565e-05,0.07567908,0.91098386,0.9866629,0.9866629,0.0015793378,0.039740883,0.00077945495
2007-02-07,3.2039996e-05,0.036889672,0.9397328,0.97662246,0.97662246,0.0014494982,0.038072277,0.0013705462
2007-02-08,2.4377265e-05,0.03714736,0.94459695,0.9817443,0.9817443,0.0013998013,0.037413917,0.0013353227
2007-02-09,1.2026152e-05,0.06821607,0.91669583,0.9849119,0.9849119,0.0013630114,0.036918983,0.00079706305
2007-02-12,2.6500187e-05,0.03528674,0.94545287,0.9807396,0.9807396,0.001263482,0.03554549,0.0013758893
2007-02-13,1.312862e-05,0.07265813,0.9120433,0.9847014,0.9847014,0.0014451381,0.03801497,0.000858158
2007-02-14,8.18871e-06,0.10976021,0.8757852,0.9855454,0.9855454,0.0013588733,0.0368629,0.0005665123
2007-02-15,1.3677478e-05,0.06912292,0.91537017,0.9844931,0.9844931,0.0012301594,0.035073627,0.00088202395
2007-02-16,2.2902916e-05,0.04242582,0.939111,0.9815368,0.9815368,0.0011433364,0.033813257,0.0012404633
2007-02-20,8.456929e-06,0.099138565,0.88712966,0.9862682,0.9862682,0.0011316442,0.03363992,0.0006158656
2007-02-21,1.1002106e-05,0.06741113,0.91954684,0.98695797,0.98695797,0.0010245336,0.03200834,0.00084358826
2007-02-22,9.587333e-06,0.07753305,0.90908,0.9866131,0.9866131,0.0009576592,0.03094607,0.00071617245
2007-02-23,9.858694e-06,0.07675426,0.90987945,0.9866337,0.9866337,0.0008891263,0.029818222,0.0007375794
2007-02-26,1.49915395e-05,0.053799625,0.9310895,0.98488915,0.98488915,0.0008199783,0.028635263,0.0009921043
2007-02-27,1.9986508e-05,0.045879707,0.93683904,0.98271877,0.98271877,0.00081763143,0.028594255,0.001156544
2007-02-28,1.5195065e-05,0.056406066,0.92773414,0.9841402,0.9841402,0.0007861006,0.028037485,0.00095808785
2007-03-01,1.30492845e-05,0.061986923,0.923509,0.9854959,0.9854959,0.00079944095,0.028274387,0.0008996978
2007-03-02,1.1185158e-05,0.072466195,0.91339654,0.98586273,0.98586273,0.0007514686,0.027412927,0.0007911824
2007-03-05,3.699799e-05,0.033611193,0.9423267,0.9759379,0.9759379,0.00070017204,0.026460765,0.0015376045
2007-03-06,1.5229503e-05,0.05105604,0.93405807,0.9851141,0.9851141,0.00069688866,0.02639865,0.0010230823
2007-03-07,1.20710565e-05,0.062888056,0.92314696,0.986035,0.986035,0.0007115515,0.026674923,0.0008643786
2007-03-08,1.1143631e-05,0.06531301,0.9211662,0.9864792,0.98647916,0.0006814083,0.026103798,0.00082418567
2007-03-09,1.0194874e-05,0.06984797,0.91734195,0.9871899,0.9871899,0.0006581241,0.02565393,0.00079584593
2007-03-12,1.0182572e-05,0.07348334,0.9136578,0.98714113,0.98714113,0.000646446,0.025425302,0.0007918716
2007-03-13,1.01592195e-05,0.07578636,0.91108656,0.9868729,0.9868729,0.0006439634,0.025376434,0.00077391264
2007-03-14,9.517061e-06,0.08038288,0.90629834,0.9866812,0.9866812,0.0005974147,0.024442067,0.00071455963
2007-03-15,1.0266612e-05,0.0666261,0.9208646,0.98749065,0.98749065,0.00061192946,0.024737207,0.00082071533
2007-03-16,1.0007029e-05,0.06565702,0.92215186,0.9878089,0.9878089,0.0005940719,0.024373591,0.000820846
2007-03-19,8.994479e-06,0.07366395,0.9141167,0.98778063,0.98778063,0.0005593672,0.023650944,0.0007360837
2007-03-20,8.9399555e-06,0.07528968,0.9123909,0.98768055,0.98768055,0.0005291974,0.023004292,0.0007256784
2007-03-21,9.5765645e-06,0.067700036,0.92014474,0.98784477,0.98784477,0.000498378,0.022324381,0.0007878552
2007-03-22,1.2433116e-05,0.058649506,0.9278276,0.9864771,0.9864771,0.00055466377,0.0235513,0.00091941044
2007-03-23,8.995631e-06,0.075727805,0.9119166,0.98764443,0.98764443,0.00055624807,0.023584912,0.00072806305
2007-03-26,9.513273e-06,0.068697214,0.91926306,0.9879603,0.9879603,0.0005197343,0.022797681,0.00079015724
2007-03-27,8.575859e-06,0.07923876,0.9083149,0.98755366,0.98755366,0.0004875234,0.022079932,0.0006890264
2007-03-28,9.99812e-06,0.07060777,0.91718715,0.98779494,0.98779494,0.000542763,0.023297274,0.00081917795
2007-03-29,1.4276051e-05,0.051156078,0.9349208,0.9860769,0.9860769,0.0005117954,0.022622896,0.0010253494
2007-03-30,9.049752e-06,0.071257375,0.91655046,0.9878078,0.9878078,0.0004952218,0.02225358,0.00074225815
2007-04-02,1.0760252e-05,0.060631625,0.92723405,0.9878657,0.9878657,0.00048114892,0.021935107,0.0008867623
2007-04-03,1.2627232e-05,0.05452395,0.9324373,0.98696125,0.98696125,0.0004602684,0.021453867,0.00096843846
2007-04-04,9.730746e-06,0.06569349,0.9224622,0.9881557,0.9881557,0.00049851957,0.022327552,0.0008215567
2007-04-05,8.882404e-06,0.07351266,0.914325,0.9878377,0.9878377,0.00047924567,0.02189168,0.00073032104
2007-04-09,9.977068e-06,0.0645336,0.9236031,0.9881367,0.9881367,0.00045832447,0.021408513,0.0008410034
2007-04-10,9.331929e-06,0.0669758,0.9212264,0.98820215,0.9882022,0.00043725886,0.020910736,0.0007909858
2007-04-11,8.968502e-06,0.07521505,0.91264284,0.9878579,0.9878579,0.0005309643,0.023042662,0.0007386272
2007-04-12,9.545774e-06,0.06646749,0.9217057,0.9881732,0.9881732,0.0004937358,0.022220166,0.0008071299
2007-04-13,9.521561e-06,0.066645876,0.92146355,0.9881094,0.9881094,0.00046995128,0.02167836,0.00080076436
2007-04-16,9.8340115e-06,0.065092236,0.923102,0.9881942,0.9881942,0.0004584486,0.021411413,0.0008329833
2007-04-17,9.852178e-06,0.064931296,0.92323685,0.9881681,0.9881681,0.00051345566,0.02265956,0.0008326807
2007-04-18,9.518163e-06,0.066008046,0.92215383,0.98816186,0.98816186,0.0004980766,0.02231763,0.00080402533
2007-04-19,9.461243e-06,0.06725543,0.92089087,0.9881463,0.9881463,0.00047651987,0.021829335,0.0007981683
2007-04-20,9.610102e-06,0.0660403,0.92215055,0.9881908,0.9881908,0.00044829832,0.021173056,0.00081378303
2007-04-23,9.579845e-06,0.06691185,0.9208391,0.9877509,0.9877509,0.0004373194,0.020912183,0.0007820848
2007-04-24,1.0085798e-05,0.06971668,0.91730434,0.987021,0.987021,0.0004522237,0.021265551,0.00077708764
2007-04-25,9.21569e-06,0.069578946,0.91845214,0.9880311,0.9880311,0.00042662452,0.02065489,0.00076996896
2007-04-26,8.809966e-06,0.07357036,0.9141707,0.98774105,0.98774105,0.0004112567,0.020279465,0.000718656
2007-04-27,9.600707e-06,0.06639468,0.9217271,0.9881218,0.9881218,0.0004257988,0.020634893,0.0008082633
2007-04-30,9.170807e-06,0.075949825,0.9117057,0.9876555,0.9876555,0.00052102277,0.022825923,0.0007429076
2007-05-01,9.506701e-06,0.066588834,0.92153114,0.98811996,0.98811996,0.00048558414,0.022035973,0.0008002246
2007-05-02,9.185049e-06,0.067529,0.9202633,0.9877923,0.9877923,0.00047954888,0.021898605,0.0007523988
2007-05-03,9.50595e-06,0.06615122,0.92204,0.9881912,0.9881912,0.00045070535,0.021229822,0.00080498785
2007-05-04,9.777442e-06,0.06585432,0.9222966,0.9881509,0.9881509,0.00047653634,0.021829713,0.00082516286
2007-05-07,9.615786e-06,0.065132305,0.92308605,0.98821837,0.98821837,0.00044934187,0.021197686,0.00081616757
2007-05-08,9.605262e-06,0.0656423,0.922562,0.9882043,0.9882043,0.00045052182,0.021225499,0.000814302
2007-05-09,9.374802e-06,0.06742232,0.9206772,0.9880995,0.9880995,0.00044702325,0.021142924,0.0007877664
2007-05-10,9.432313e-06,0.06718346,0.92096204,0.9881455,0.9881455,0.00042912003,0.020715212,0.00079567166
2007-05-11,8.401881e-06,0.07442689,0.91350156,0.98792845,0.98792845,0.0004047005,0.02011717,0.0006960068
2007-05-14,9.535574e-06,0.06661737,0.92150354,0.9881209,0.9881209,0.00041527755,0.02037836,0.00080271944
2007-05-15,9.488532e-06,0.065694556,0.92250586,0.9882004,0.9882004,0.00039538083,0.019884186,0.0008041419
2007-05-16,9.866022e-06,0.06401957,0.9238539,0.98787344,0.98787344,0.0003820665,0.019546522,0.0008135875
2007-05-17,9.281204e-06,0.066569835,0.9216199,0.98818976,0.9881897,0.00036362692,0.019069005,0.0007858606
2007-05-18,9.028346e-06,0.07306827,0.9143417,0.98740995,0.98740995,0.0003808043,0.019514207,0.0007171016
2007-05-21,9.581247e-06,0.065169774,0.92298585,0.9881556,0.9881556,0.00037627123,0.019397711,0.00080892653
2007-05-22,1.8317247e-05,0.042676438,0.94137824,0.9840547,0.9840547,0.0003577683,0.018914765,0.0011487541
2007-05-23,9.065643e-06,0.06729375,0.92086506,0.9881588,0.9881588,0.0003635358,0.019066615,0.00076560315
2007-05-24,1.3967797e-05,0.05081911,0.9350357,0.9858548,0.9858548,0.00034583206,0.01859656,0.0009874587
2007-05-25,8.983365e-06,0.06786347,0.9203211,0.9881846,0.9881846,0.00034205557,0.018494744,0.000760308
2007-05-29,1.4717994e-05,0.04876952,0.9367333,0.98550284,0.98550284,0.00032558155,0.01804388,0.0010152329
2007-05-30,8.6334085e-06,0.06915536,0.91900975,0.9881651,0.9881651,0.00032159287,0.017933011,0.00072948606
2007-05-31,9.427484e-06,0.0673275,0.9207983,0.9881258,0.9881258,0.00044598,0.021118239,0.0007939469
2007-06-01,9.4392835e-06,0.06640882,0.92176354,0.98817235,0.98817235,0.00042010547,0.020496475,0.0007980694
2007-06-04,1.1072796e-05,0.059525665,0.9277142,0.9872399,0.9872399,0.00039993427,0.019998357,0.00086776697
2007-06-05,9.3561e-06,0.06903647,0.91905993,0.9880964,0.9880964,0.00047341766,0.021758163,0.0007859902
2007-06-06,9.40685e-06,0.06719804,0.9209543,0.9881523,0.9881523,0.00046087103,0.021467907,0.0007939828
2007-06-07,9.740204e-06,0.06463757,0.9234426,0.98808014,0.98808014,0.00043416975,0.02083674,0.0008171411
2007-06-08,9.837438e-06,0.065180615,0.9228875,0.9880681,0.9880681,0.00047629076,0.021824086,0.0008244656
2007-06-11,8.981004e-06,0.06989103,0.9182258,0.98811686,0.98811686,0.00047736758,0.021848744,0.000755777
2007-06-12,1.0882871e-05,0.06051141,0.9267278,0.9872392,0.9872392,0.0004507342,0.021230502,0.0008528349
2007-06-13,9.413273e-06,0.06687704,0.9212724,0.98814946,0.9881494,0.00043450436,0.020844769,0.0007943331
2007-06-14,1.221511e-05,0.05647335,0.9298979,0.9863713,0.9863713,0.00041571233,0.020389024,0.000896277
2007-06-15,9.164984e-06,0.07094165,0.91685176,0.9877934,0.9877934,0.00043741646,0.020914504,0.00075082114
2007-06-18,9.818958e-06,0.06463119,0.9235323,0.9881635,0.9881635,0.00042450734,0.020603577,0.00082954706
2007-06-19,3.008212e-05,0.0319763,0.9474674,0.97944367,0.97944367,0.00045626448,0.021360349,0.0014633993
2007-06-20,1.3549698e-05,0.053399894,0.9324654,0.9858653,0.9858653,0.0004782531,0.021868998,0.000958612
2007-06-21,1.2321735e-05,0.056683626,0.9298249,0.9865085,0.9865085,0.0004748716,0.02179155,0.0009132954
2007-06-22,2.1561147e-05,0.03905114,0.9436362,0.9826873,0.9826873,0.0004556651,0.021346314,0.0012453945
2007-06-25,4.692713e-05,0.027005188,0.9455501,0.9725553,0.9725553,0.00048648077,0.02205631,0.0017098782
2007-06-26,3.436506e-05,0.03256156,0.94432396,0.9768855,0.9768855,0.00052632025,0.022941671,0.0014867316
2007-06-27,1.2948851e-05,0.056468796,0.9292609,0.9857297,0.9857297,0.0005339688,0.023107765,0.0009073983
2007-06-28,5.786772e-05,0.022565048,0.9460994,0.96866447,0.96866447,0.00051252724,0.022639064,0.0018467125
2007-06-29,0.00017717444,0.012895193,0.9133346,0.9262298,0.9262298,0.00057912845,0.024065088,0.0024017068
2007-07-02,8.3620755e-05,0.021849534,0.9368644,0.9587139,0.9587139,0.0007101898,0.026649388,0.0020253968
2007-07-03,0.00013138056,0.012053836,0.9313821,0.94343597,0.94343597,0.0007489999,0.027367862,0.0023226873
2007-07-05,7.629516e-05,0.019660497,0.9423781,0.9620386,0.9620386,0.00082900515,0.02879245,0.0020098076
2007-07-06,0.00013864708,0.012476509,0.92814845,0.94062495,0.94062495,0.00086550275,0.029419428,0.002335107
2007-07-09,0.00017126625,0.010302345,0.91896546,0.9292678,0.9292678,0.0009506826,0.030833142,0.0024213344
2007-07-10,5.48922e-05,0.025721483,0.94349223,0.9692137,0.9692137,0.001045177,0.032329198,0.0017830088
2007-07-11,3.075155e-05,0.046453234,0.9305834,0.97703665,0.97703665,0.0010914982,0.03303783,0.0013391582
2007-07-12,4.4252993e-05,0.027242063,0.9466643,0.97390634,0.97390634,0.0010564959,0.032503784,0.0016959289
2007-07-13,8.6335844e-05,0.01742186,0.9421585,0.95958036,0.95958036,0.0010509643,0.03241858,0.0021359876
2007-07-16,7.880303e-05,0.017019955,0.94580114,0.96282107,0.96282107,0.0010876495,0.032979533,0.0021195614
2007-07-17,4.3891614e-05,0.030090274,0.9428516,0.9729419,0.9729419,0.0011399656,0.033763375,0.0016221233
2007-07-18,8.2811894e-05,0.019993145,0.9396477,0.9596408,0.9596408,0.0011221388,0.03349834,0.0020518715
2007-07-19,1.9383224e-05,0.06926434,0.909985,0.97924936,0.97924936,0.0011612263,0.03407677,0.0009341024
2007-07-20,2.709791e-05,0.03931932,0.94116503,0.98048437,0.98048437,0.0011269804,0.033570528,0.0013885233
2007-07-23,5.1134866e-05,0.02864998,0.9425149,0.9711649,0.9711649,0.0011486146,0.033891216,0.0017733538
2007-07-24,2.8173492e-05,0.05343191,0.9239152,0.97734714,0.97734714,0.0012548245,0.035423502,0.0012437055
2007-07-25,3.0341655e-05,0.05462107,0.9209579,0.975579,0.975579,0.0012336182,0.0351229,0.0012424423
2007-07-26,6.868498e-05,0.030852817,0.9299175,0.9607703,0.9607703,0.0011727354,0.034245223,0.0017508417
2007-07-27,3.0918047e-05,0.043609038,0.9337678,0.9773768,0.9773768,0.001159556,0.034052253,0.0013666534
2007-07-30,9.16007e-05,0.024289992,0.92973393,0.9540239,0.9540239,0.0011476655,0.033877213,0.0019923546
2007-07-31,1.1524368e-05,0.073801115,0.91269284,0.98649395,0.98649395,0.0012517769,0.03538046,0.0008532742
2007-08-01,4.4813587e-05,0.03979544,0.9306205,0.97041595,0.97041595,0.0013265079,0.036421254,0.0015147887
2007-08-02,1.5272495e-05,0.059943754,0.9244309,0.98437464,0.98437464,0.0013059413,0.036137808,0.0009774173
2007-08-03,5.4106866e-05,0.033291724,0.9348328,0.9681245,0.9681245,0.0013150692,0.036263883,0.0016974441
2007-08-06,2.7270964e-05,0.047727842,0.9314689,0.9791967,0.9791967,0.0012836712,0.03582836,0.0013108978
2007-08-07,2.1544194e-05,0.047405142,0.9345505,0.98195565,0.98195565,0.0012409276,0.035226803,0.0011939578
2007-08-08,3.8559454e-05,0.030299908,0.9454771,0.97577703,0.97577703,0.0011812941,0.03436996,0.001591855
2007-08-09,3.5168265e-05,0.02929179,0.94880575,0.97809756,0.97809756,0.001155769,0.033996604,0.0016056778
2007-08-10,1.4895061e-05,0.05780554,0.92761576,0.9854213,0.9854213,0.0012282187,0.03504595,0.0010217002
2007-08-13,2.9100007e-05,0.034416232,0.94628096,0.9806972,0.9806972,0.0012255056,0.035007223,0.0015075548
2007-08-14,4.289439e-05,0.025926087,0.94974107,0.9756672,0.9756672,0.0011892221,0.034485098,0.0017628202
2007-08-15,3.3198907e-05,0.031171903,0.94798297,0.9791549,0.9791549,0.0011842961,0.034413602,0.0015926468
2007-08-16,5.782972e-05,0.021223871,0.9491328,0.97035664,0.97035664,0.001159531,0.034051888,0.0019508492
2007-08-17,4.035723e-05,0.02695612,0.9492602,0.9762163,0.9762163,0.0011584479,0.03403598,0.0016968453
2007-08-20,9.493223e-05,0.014349015,0.9431911,0.95754015,0.95754015,0.0011504362,0.033918083,0.002235812
2007-08-21,1.5507083e-05,0.12506835,0.8523877,0.9774561,0.9774561,0.0014974127,0.038696416,0.00068786135
2007-08-22,2.4534926e-05,0.067484215,0.90949494,0.97697914,0.97697914,0.0014669485,0.038300764,0.0010657691
2007-08-23,1.548652e-05,0.09839418,0.8807356,0.97912973,0.97912973,0.0014763369,0.03842313,0.0007420374
2007-08-24,1.5332793e-05,0.097926974,0.8808237,0.97875065,0.97875065,0.0013221462,0.03636133,0.00072156516
2007-08-27,2.4331248e-05,0.09362413,0.8760253,0.96964943,0.96964943,0.0012101077,0.0347866,0.0008016736
2007-08-28,8.50305e-05,0.03599855,0.9140313,0.95002985,0.95002985,0.0011478363,0.033879735,0.0017016259
2007-08-29,5.0052528e-05,0.04745444,0.91871774,0.96617216,0.96617216,0.0011890366,0.034482412,0.0014796252
2007-08-30,0.00010852866,0.03423518,0.904156,0.9383912,0.9383912,0.0011833776,0.034400254,0.0017615774
2007-08-31,3.3569275e-05,0.0511855,0.9229222,0.9741077,0.9741077,0.0012260261,0.035014655,0.0012964956
2007-09-04,0.00017890485,0.016263232,0.9054476,0.92171085,0.92171085,0.0012107898,0.034796406,0.0022851806
2007-09-05,0.00032750622,0.007122128,0.864928,0.8720501,0.8720501,0.001289102,0.03590407,0.0025596444
2007-09-06,9.755283e-05,0.019429883,0.9345465,0.95397633,0.95397633,0.0014493283,0.038070045,0.0021196231
2007-09-07,0.00033664957,0.0056094937,0.8640343,0.8696438,0.8696438,0.0014660332,0.038288813,0.002582536
2007-09-10,0.00026287936,0.0080866255,0.8874673,0.89555395,0.89555395,0.0016072976,0.040091116,0.0025168913
2007-09-11,0.00029847067,0.012403997,0.86685526,0.8792593,0.8792593,0.001727472,0.041562866,0.002471997
2007-09-12,0.000118789285,0.01698548,0.9289299,0.9459154,0.9459154,0.0017966325,0.042386703,0.0021963606
2007-09-13,2.5066747e-05,0.0693756,0.9062671,0.9756427,0.9756427,0.001901182,0.043602545,0.0010291259
2007-09-14,4.073182e-05,0.058129147,0.9091538,0.96728295,0.96728295,0.0020450556,0.04522229,0.0012449722
2007-09-17,2.1696555e-05,0.069593586,0.90876895,0.97836256,0.97836256,0.001996935,0.04468708,0.0010027321
2007-09-18,3.545061e-05,0.04612802,0.9270726,0.9732006,0.9732006,0.0020710723,0.045509037,0.0013228145
2007-09-19,6.375995e-05,0.03418256,0.9267941,0.96097666,0.96097666,0.0019628694,0.04430428,0.0016338928
2007-09-20,7.874171e-05,0.03651157,0.9170853,0.95359683,0.95359683,0.002008819,0.04481985,0.0016969036
2007-09-21,4.22423e-05,0.042747617,0.9263703,0.96911794,0.96911794,0.0019496668,0.04415503,0.0013678588
2007-09-24,0.000112123824,0.018644575,0.928992,0.94763654,0.94763654,0.0018546339,0.043065462,0.002141261
2007-09-25,0.00010800849,0.016303927,0.93502605,0.95133,0.95132995,0.0018759014,0.043311678,0.0022192008
2007-09-26,6.3446656e-05,0.02317918,0.943509,0.96668816,0.96668816,0.0018620555,0.043151543,0.0019046275
2007-09-27,0.00015518338,0.008993306,0.9270269,0.93602026,0.93602026,0.00182266,0.04269262,0.002425508
2007-09-28,2.0620902e-05,0.06191752,0.9173737,0.97929126,0.97929126,0.0018948768,0.043530185,0.0009957585
2007-10-01,8.867453e-05,0.014149739,0.9454273,0.959577,0.959577,0.00176188,0.041974753,0.0021936665
2007-10-02,5.762336e-05,0.01996364,0.9506724,0.970636,0.970636,0.0017640204,0.04200024,0.0019623819
2007-10-03,3.30114e-05,0.03353708,0.9448556,0.97839266,0.97839266,0.0017892361,0.042299364,0.0015277865
2007-10-04,5.200142e-05,0.02266321,0.949393,0.9720562,0.9720562,0.0017372619,0.041680474,0.0018609293
2007-10-05,5.6788747e-05,0.023302307,0.94554126,0.9688436,0.9688436,0.0017091759,0.04134218,0.001822698
2007-10-08,5.2046034e-05,0.02280249,0.9492605,0.97206295,0.97206295,0.0017235084,0.041515157,0.001862975
2007-10-09,4.674462e-05,0.026301326,0.94736284,0.97366416,0.97366416,0.0017120624,0.041377075,0.0017749434
2007-10-10,4.9927115e-05,0.029703634,0.9399839,0.9696875,0.9696875,0.0016688786,0.04085191,0.0016470812
2007-10-11,4.6516812e-05,0.028767705,0.9432891,0.9720568,0.9720568,0.001632248,0.04040109,0.0016646921
2007-10-12,0.00010822578,0.017945789,0.9310928,0.94903857,0.94903857,0.0015966875,0.039958574,0.00212368
2007-10-15,9.080407e-05,0.015908636,0.94232476,0.9582334,0.9582334,0.0015985895,0.039982364,0.002174084
2007-10-16,1.1702954e-05,0.08651296,0.8976252,0.9841382,0.9841382,0.0016655711,0.04081141,0.000737807
2007-10-17,5.0608014e-05,0.030374877,0.9392248,0.96959966,0.96959966,0.0015159863,0.03893567,0.001664719
2007-10-18,5.5812434e-05,0.022035904,0.9489837,0.9710196,0.9710196,0.001479193,0.038460277,0.00192587
2007-10-19,5.429901e-05,0.026240613,0.9431411,0.9693817,0.9693817,0.0014622678,0.03823961,0.0017734163
2007-10-22,5.976233e-05,0.024038833,0.9446401,0.96867895,0.96867895,0.001488959,0.03858703,0.0019080564
2007-10-23,9.846677e-05,0.014295742,0.9419266,0.95622236,0.95622236,0.0014772275,0.038434718,0.0022492479
2007-10-24,6.8384004e-05,0.023727765,0.9412529,0.96498066,0.96498066,0.0014949805,0.038664978,0.0019527498
2007-10-25,4.954261e-05,0.03468528,0.9342212,0.96890646,0.96890646,0.001498249,0.038707223,0.001593341
2007-10-26,1.7651242e-05,0.071044445,0.9088787,0.9799231,0.9799231,0.0014819651,0.0384963,0.00087918295
2007-10-29,4.495468e-05,0.03224714,0.93995464,0.97220176,0.97220176,0.001365935,0.036958557,0.0016171774
2007-10-30,6.981238e-05,0.024793206,0.93807584,0.96286905,0.96286905,0.0013305651,0.03647691,0.0018801666
2007-10-31,1.0067893e-05,0.102905214,0.8825071,0.9854123,0.9854123,0.0015592683,0.03948757,0.0006901631
2007-11-01,1.2933448e-05,0.080056205,0.90307915,0.98313534,0.98313534,0.0015347783,0.039176248,0.0007668965
2007-11-02,1.28274905e-05,0.06717472,0.91851336,0.9856881,0.9856881,0.0015050187,0.03879457,0.00089628086
2007-11-05,1.3284232e-05,0.07478417,0.9087315,0.9835157,0.9835157,0.0014388089,0.037931632,0.0008058708
2007-11-06,1.2924748e-05,0.071019724,0.9142531,0.9852728,0.9852728,0.0015141442,0.038912006,0.00087761215
2007-11-07,1.3944554e-05,0.07560976,0.9070049,0.98261464,0.98261464,0.0014176215,0.037651315,0.00080208585
2007-11-08,2.7810498e-05,0.045862637,0.9321686,0.9780312,0.9780312,0.0013708146,0.037024513,0.0012659099
2007-11-09,3.2674838e-05,0.03823581,0.9389973,0.9772331,0.9772331,0.0013120398,0.03622209,0.0014351913
2007-11-12,2.210827e-05,0.049794406,0.93087494,0.9806693,0.9806694,0.0012863018,0.03586505,0.0011436881
2007-11-13,2.5407051e-05,0.037346132,0.944002,0.9813481,0.9813481,0.0012229063,0.03497008,0.0013621694
2007-11-14,1.8913259e-05,0.046000272,0.9375386,0.98353887,0.98353887,0.0011798963,0.03434962,0.0011489645
2007-11-15,6.936037e-05,0.026599217,0.9341111,0.96071035,0.96071035,0.0011344383,0.033681422,0.0017653598
2007-11-16,8.239616e-05,0.018471595,0.941832,0.9603036,0.9603036,0.0011368976,0.03371791,0.0020756584
2007-11-19,4.2709507e-05,0.034247465,0.9383361,0.97258353,0.97258353,0.0011806167,0.034360103,0.0015578049
2007-11-20,7.644329e-05,0.02082808,0.94123304,0.9620611,0.9620611,0.0011753155,0.034282874,0.0020149057
2007-11-21,6.363651e-05,0.034269076,0.925864,0.9601331,0.9601331,0.0012167142,0.03488143,0.0015962231
2007-11-23,4.6570403e-05,0.028682118,0.9440958,0.9727779,0.9727779,0.001193522,0.03454739,0.0017107574
2007-11-26,8.105548e-05,0.020318821,0.93956494,0.95988375,0.95988375,0.0011847037,0.034419525,0.0020205148
2007-11-27,4.653329e-05,0.027704636,0.945133,0.9728376,0.9728376,0.0011943681,0.03455963,0.0017131525
2007-11-28,2.4707186e-05,0.040615216,0.9401499,0.9807651,0.9807651,0.0011882033,0.034470327,0.001284498
2007-11-29,3.5398178e-05,0.036349494,0.9399802,0.9763297,0.9763297,0.0012344818,0.035135195,0.001495467
2007-11-30,3.050072e-05,0.040948052,0.9372166,0.9781646,0.9781646,0.0012382799,0.0351892,0.0013968481
2007-12-03,1.8204319e-05,0.05925599,0.92347264,0.98272866,0.98272866,0.0012076269,0.034750927,0.0010540189
2007-12-04,6.153535e-05,0.02769404,0.9388846,0.96657866,0.96657866,0.0011418322,0.03379101,0.0018411995
2007-12-05,3.045238e-05,0.04910354,0.9272998,0.97640336,0.97640336,0.0011353592,0.03369509,0.0012905386
2007-12-06,2.5399764e-05,0.0376479,0.9437658,0.9814137,0.9814137,0.0010842171,0.032927454,0.0013665869
2007-12-07,1.9743979e-05,0.05837246,0.92173874,0.9801112,0.9801112,0.0010639874,0.03261882,0.0009927176
2007-12-10,1.1308923e-05,0.06482992,0.9219505,0.98678046,0.98678046,0.0010339675,0.032155365,0.00085547054
2007-12-11,2.8855024e-05,0.036743347,0.94299406,0.9797374,0.9797374,0.0009836087,0.031362537,0.0014240535
2007-12-12,2.8159322e-05,0.0479578,0.928635,0.9765928,0.9765928,0.000958579,0.030960927,0.0012030186
2007-12-13,9.489591e-06,0.10926737,0.87480104,0.9840684,0.9840684,0.0010145253,0.031851612,0.00059564563
2007-12-14,1.0523341e-05,0.08057488,0.9057754,0.9863503,0.9863503,0.0009904578,0.03147154,0.00077095756
2007-12-17,4.2742748e-05,0.031056799,0.9430971,0.97415394,0.97415394,0.0009518774,0.03085251,0.001653743
2007-12-18,1.538662e-05,0.053650305,0.9312508,0.98490113,0.98490113,0.00094053795,0.030668192,0.0010190577
2007-12-19,1.5642741e-05,0.05226516,0.9328818,0.98514694,0.98514694,0.0009035955,0.030059865,0.0010531662
2007-12-20,2.111291e-05,0.04821036,0.93312895,0.98133934,0.98133934,0.0008601792,0.029328812,0.0011314126
2007-12-21,1.679306e-05,0.047096126,0.93762684,0.984723,0.984723,0.0008253163,0.02872832,0.001099236
2007-12-24,3.618769e-05,0.03152482,0.94497937,0.9765042,0.9765042,0.0007933554,0.028166566,0.0015401774
2007-12-26,6.971872e-05,0.019584019,0.94597703,0.96556103,0.96556103,0.0008025832,0.0283299,0.0020244138
2007-12-27,2.0464313e-05,0.05366844,0.92647254,0.980141,0.980141,0.0008291434,0.02879485,0.0010304797
2007-12-28,7.7563076e-05,0.023962485,0.9365893,0.9605518,0.9605518,0.00080589746,0.028388333,0.0019662005
2007-12-31,1.7516542e-05,0.04675457,0.93802845,0.98478305,0.98478305,0.00085336406,0.029212397,0.0011511208
2008-01-02,2.7695e-05,0.034991894,0.94561774,0.98060966,0.98060966,0.00082620897,0.02874385,0.0014282882
2008-01-03,1.0465691e-05,0.093328916,0.8913229,0.9846518,0.9846518,0.0008898826,0.029830901,0.0006818841
2008-01-04,1.1318883e-05,0.064986154,0.9220802,0.9870664,0.9870664,0.0008507583,0.02916776,0.0008751525
2008-01-07,1.0543633e-05,0.065246135,0.92254865,0.9877948,0.98779476,0.0008264849,0.02874865,0.0008638652
2008-01-08,9.750504e-06,0.065987684,0.9221028,0.9880905,0.9880905,0.00077467394,0.027832964,0.0008187176
2008-01-09,9.704502e-06,0.07384259,0.91336626,0.98720884,0.98720884,0.0007325249,0.027065197,0.0007586884
2008-01-10,1.1298068e-05,0.0589746,0.92867494,0.98764956,0.98764956,0.00069921085,0.026442595,0.0009147907
2008-01-11,1.0124424e-05,0.06293568,0.92514443,0.98808014,0.98808014,0.00068368553,0.02614738,0.0008493747
2008-01-14,1.0743592e-05,0.060439624,0.92742616,0.9878658,0.9878658,0.0006447091,0.025391122,0.000885398
2008-01-15,1.0428664e-05,0.06395725,0.92358977,0.98754704,0.98754704,0.000627118,0.025042323,0.00083744456
2008-01-16,9.536558e-06,0.066549316,0.9215861,0.9881354,0.9881354,0.00061215763,0.02474182,0.0008037823
2008-01-17,9.8550345e-06,0.06394749,0.924299,0.9882465,0.9882465,0.00057744625,0.024030112,0.00083847664
2008-01-18,1.0185203e-05,0.062170014,0.9259356,0.98810565,0.98810565,0.0005460527,0.02336777,0.0008563063
2008-01-22,1.1377025e-05,0.05812228,0.92927283,0.9873951,0.9873951,0.0005229707,0.022868553,0.000902588
2008-01-23,9.861189e-06,0.06507178,0.92298156,0.9880533,0.9880533,0.0005952705,0.024398165,0.0008254335
2008-01-24,9.278153e-06,0.066981226,0.9212221,0.98820335,0.9882033,0.0005617887,0.023702081,0.0007865072
2008-01-25,1.0050083e-05,0.069495074,0.9175684,0.98706347,0.98706347,0.00056436495,0.023756366,0.0007768761
2008-01-28,9.350453e-06,0.07301186,0.9147283,0.98774016,0.98774016,0.0005651058,0.023771955,0.0007626896
2008-01-29,9.767429e-06,0.06581808,0.92235065,0.9881687,0.9881687,0.0005408634,0.02325647,0.00082555955
2008-01-30,9.903355e-06,0.06461342,0.9234443,0.9880577,0.9880577,0.00051826827,0.022765506,0.0008292651
2008-01-31,1.0008088e-05,0.063930035,0.92419237,0.9881224,0.9881224,0.0004910723,0.022160152,0.0008426021
2008-02-01,9.723854e-06,0.06486188,0.9233567,0.9882186,0.9882186,0.0004647786,0.021558724,0.0008253568
2008-02-04,9.249763e-06,0.07594644,0.91164106,0.9875875,0.9875875,0.0005535222,0.023527052,0.0007451981
2008-02-05,1.0686565e-05,0.068116866,0.9187278,0.98684466,0.98684466,0.0005351338,0.02313296,0.00081233657
2008-02-06,9.398127e-06,0.067616045,0.92050743,0.9881235,0.9881235,0.0005083993,0.02254771,0.0007913197
2008-02-07,9.634077e-06,0.06556062,0.9226517,0.98821235,0.98821235,0.00048044795,0.021919124,0.00081730244
2008-02-08,9.401716e-06,0.068378344,0.91954696,0.9879253,0.9879253,0.00046509225,0.021565998,0.0007786288
2008-02-11,8.969083e-06,0.08319033,0.9036658,0.9868561,0.9868561,0.00047802288,0.021863734,0.0006823762
2008-02-12,9.629318e-06,0.07135257,0.9163501,0.9877027,0.9877027,0.00050402264,0.022450449,0.000783045
2008-02-13,9.4750985e-06,0.06635502,0.9218297,0.9881847,0.9881847,0.00048011212,0.02191146,0.000801934
2008-02-14,9.993698e-06,0.064143166,0.92382836,0.98797154,0.98797154,0.00045406408,0.02130878,0.000830838
2008-02-15,9.279707e-06,0.08837723,0.898299,0.9866762,0.9866762,0.00055918103,0.023647008,0.00069647684
2008-02-19,9.938129e-06,0.06429229,0.9238749,0.9881672,0.9881672,0.00052572065,0.0229286,0.0008398816
2008-02-20,8.7158805e-06,0.105941474,0.87949955,0.985441,0.985441,0.00057968986,0.024076749,0.0005986605
2008-02-21,1.0882029e-05,0.06162922,0.925914,0.9875432,0.9875432,0.0005186885,0.022774734,0.00087358314
2008-02-22,9.29795e-06,0.06765897,0.9204905,0.98814946,0.98814946,0.00049516914,0.022252396,0.00078460167
2008-02-25,1.0469088e-05,0.06333172,0.92444205,0.9877738,0.9877738,0.0005199874,0.022803232,0.0008562814
2008-02-26,1.1565735e-05,0.057730936,0.92966,0.98739094,0.98739094,0.00049249,0.022192117,0.0009172556
2008-02-27,1.3122181e-05,0.05339026,0.93296576,0.986356,0.986356,0.0004697413,0.021673515,0.0009617561
2008-02-28,9.5837795e-06,0.065470666,0.9226713,0.98814195,0.988142,0.00050017535,0.0223646,0.000808209
2008-02-29,9.761241e-06,0.085851036,0.9007477,0.98659873,0.98659873,0.00067686173,0.026016567,0.0007283818
2008-03-03,9.99663e-06,0.06527534,0.9226297,0.9879051,0.987905,0.00062491203,0.02499824,0.00082651514
2008-03-04,8.467485e-06,0.0889522,0.8978338,0.986786,0.986786,0.0005868026,0.02422401,0.00064079685
2008-03-05,8.791351e-06,0.07380878,0.9141361,0.9879449,0.9879449,0.00053539977,0.023138708,0.0007292641
2008-03-06,8.518981e-06,0.106562264,0.87893707,0.9854993,0.9854993,0.0006214024,0.024927944,0.0005874885
2008-03-07,1.1676432e-05,0.058240086,0.9288213,0.9870614,0.9870614,0.0005547027,0.023552127,0.00090244814
2008-03-10,1.0162087e-05,0.06221326,0.925699,0.98791224,0.98791224,0.0005274112,0.022965435,0.0008406922
2008-03-11,1.5601943e-05,0.0504907,0.93477553,0.9852662,0.9852662,0.0005403587,0.023245618,0.0010589225
2008-03-12,9.970481e-06,0.06585946,0.9218218,0.9876812,0.9876812,0.00052095845,0.022824515,0.0008093718
2008-03-13,1.8603629e-05,0.04235006,0.94193923,0.9842893,0.9842893,0.00049031357,0.022143025,0.0011841366
2008-03-14,1.2584648e-05,0.057362642,0.9287722,0.9861348,0.9861348,0.0005006609,0.022375453,0.0009076445
2008-03-17,1.2328736e-05,0.05688213,0.9298205,0.9867026,0.9867026,0.00055119034,0.023477443,0.0009271554
2008-03-18,9.791595e-06,0.0957096,0.8901773,0.98588693,0.98588693,0.00089635345,0.029939162,0.0006937963
2008-03-19,8.074981e-06,0.12740815,0.8571703,0.98457843,0.98457843,0.00091918965,0.030318141,0.00052361604
2008-03-20,9.226261e-06,0.10351408,0.88222814,0.9857422,0.9857422,0.0010218411,0.03196625,0.0006471032
2008-03-24,9.029881e-06,0.104028374,0.8817394,0.9857677,0.9857677,0.00091304805,0.030216685,0.0006344649
2008-03-25,9.133605e-06,0.10342698,0.88237363,0.9858006,0.9858006,0.00090106466,0.03001774,0.0006432399
2008-03-26,9.332179e-06,0.08269501,0.9043323,0.9870273,0.9870273,0.00081415667,0.02853343,0.0007193699
2008-03-27,8.5498e-06,0.1078925,0.87763906,0.98553157,0.98553157,0.00076762354,0.02770602,0.00059092796
2008-03-28,1.2352832e-05,0.07002863,0.9150295,0.9850582,0.9850582,0.000682321,0.026121275,0.00082672917
2008-03-31,9.453591e-06,0.07212781,0.9155705,0.9876983,0.9876983,0.0006741282,0.025963979,0.0007684794
2008-04-01,9.097645e-06,0.074009724,0.9138002,0.9878099,0.9878099,0.00069357787,0.026335867,0.00074631395
2008-04-02,9.671675e-06,0.070399076,0.91736734,0.98776644,0.9877664,0.00074881257,0.02736444,0.00079058576
2008-04-03,8.346513e-06,0.098883174,0.8873546,0.98623776,0.98623776,0.00070551987,0.026561623,0.0006064794
2008-04-04,9.6253825e-06,0.076746106,0.9106764,0.9874225,0.9874225,0.0008165462,0.028575273,0.0007652874
2008-04-07,8.774277e-06,0.088338055,0.89850736,0.98684543,0.98684543,0.0007608074,0.027582739,0.0006670138
2008-04-08,8.8032e-06,0.10739186,0.8782809,0.9856727,0.9856727,0.0009070049,0.030116523,0.00061443594
2008-04-09,8.954271e-06,0.08512061,0.9019824,0.98710304,0.98710304,0.00081498054,0.028547864,0.0006942934
2008-04-10,8.612663e-06,0.11028486,0.8752917,0.98557657,0.98557657,0.0008578211,0.029288583,0.00059713
2008-04-11,9.425741e-06,0.07308763,0.91455305,0.9876407,0.9876407,0.0007615662,0.027596489,0.0007626423
2008-04-14,9.335143e-06,0.07981902,0.9074457,0.98726475,0.98726475,0.0007336973,0.027086848,0.0007330162
2008-04-15,9.589444e-06,0.07540554,0.9119849,0.98739046,0.98739046,0.0006941575,0.02634687,0.00076049106
2008-04-16,8.674984e-06,0.09429118,0.8921968,0.986488,0.986488,0.00066010136,0.025692439,0.00064202
2008-04-17,9.054816e-06,0.078981236,0.9084196,0.9874008,0.9874008,0.000644514,0.02538728,0.00071868347
2008-04-18,9.402389e-06,0.06702691,0.9211044,0.9881313,0.9881313,0.0005962137,0.024417488,0.0007921994
2008-04-21,9.9380695e-06,0.065532155,0.9224342,0.98796636,0.98796636,0.00058449217,0.024176273,0.0008258572
2008-04-22,9.511948e-06,0.06650378,0.92166,0.98816377,0.98816377,0.0005617593,0.023701461,0.0008036298
2008-04-23,9.211348e-06,0.06845818,0.91963685,0.98809505,0.98809505,0.0005362162,0.023156343,0.00077374064
2008-04-24,8.9581545e-06,0.0712859,0.91672194,0.98800784,0.98800784,0.0005209217,0.02282371,0.00074700115
2008-04-25,9.334067e-06,0.06623622,0.9219876,0.9882238,0.9882238,0.00048657568,0.02205846,0.0007926207
2008-04-28,1.0451855e-05,0.062400714,0.9251999,0.9876006,0.9876006,0.00047514605,0.021797845,0.000842934
2008-04-29,9.657242e-06,0.06630618,0.92184126,0.98814744,0.98814744,0.00050149614,0.02239411,0.00081478094
2008-04-30,8.896951e-06,0.074287824,0.91363,0.98791784,0.98791784,0.00057487615,0.023976576,0.0007363709
2008-05-01,9.243151e-06,0.06747959,0.92073685,0.98821646,0.98821646,0.00053412764,0.023111202,0.000784412
2008-05-02,9.424383e-06,0.06738436,0.92080045,0.9881848,0.9881848,0.00054716325,0.02339152,0.0007976497
2008-05-05,8.273008e-06,0.09286375,0.894042,0.98690575,0.98690575,0.00054143934,0.023268849,0.0006318048
2008-05-06,8.65733e-06,0.10052868,0.88572514,0.9862538,0.9862538,0.00061768823,0.024853334,0.000629798
2008-05-07,8.515239e-06,0.084006436,0.9033792,0.98738563,0.98738563,0.0005562921,0.023585847,0.00067504274
2008-05-08,8.715901e-06,0.08647666,0.9007429,0.9872196,0.9872196,0.000532445,0.023074768,0.00068197254
2008-05-09,8.557752e-06,0.07870508,0.909058,0.98776305,0.98776305,0.0004908901,0.022156041,0.0006993369
2008-05-12,8.529737e-06,0.094989374,0.89171267,0.986702,0.986702,0.0005010594,0.022384357,0.00064143125
2008-05-13,8.925056e-06,0.07035588,0.9177648,0.9881207,0.9881207,0.00049510226,0.022250893,0.00075131
2008-05-14,8.130233e-06,0.0967061,0.8900387,0.9867448,0.9867448,0.00047160435,0.021716453,0.00061336276
2008-05-15,9.302308e-06,0.067285344,0.9208731,0.98815846,0.98815846,0.00045110204,0.021239163,0.00078556605
2008-05-16,9.031096e-06,0.0708042,0.91727084,0.988075,0.988075,0.00044438714,0.021080492,0.00075732573
2008-05-19,8.7242615e-06,0.086910725,0.9001247,0.98703545,0.98703545,0.00046794701,0.021632083,0.00067293225
2008-05-20,9.217227e-06,0.07081932,0.91713387,0.9879532,0.9879532,0.00044350096,0.021059463,0.0007651174
2008-05-21,8.304475e-06,0.11192706,0.87376297,0.98569,0.98569,0.000513127,0.022652308,0.0005803266
2008-05-22,8.340729e-06,0.11142285,0.8742308,0.98565364,0.98565364,0.00052174553,0.02284175,0.00058138295
2008-05-23,8.197337e-06,0.089889124,0.8973558,0.9872449,0.9872449,0.00046735455,0.021618385,0.0006426715
2008-05-27,9.595282e-06,0.06682721,0.9212551,0.9880823,0.9880823,0.00044467958,0.021087427,0.00080512796
2008-05-28,8.386154e-06,0.077451885,0.9103923,0.98784417,0.98784417,0.00042062887,0.02050924,0.0006898874
2008-05-29,8.996083e-06,0.07270241,0.91515636,0.9878588,0.9878588,0.0003989204,0.019972991,0.0007409533
2008-05-30,8.518564e-06,0.07953775,0.9081483,0.98768604,0.98768604,0.000476813,0.021836048,0.00069178094
2008-06-02,9.230225e-06,0.071862854,0.91609496,0.98795784,0.98795784,0.00047324775,0.021754257,0.0007664922
2008-06-03,8.804047e-06,0.083127744,0.9043046,0.98743236,0.98743236,0.0004797376,0.021902913,0.00070053304
2008-06-04,8.630133e-06,0.07616587,0.9117072,0.9878731,0.9878731,0.0004794385,0.021896085,0.00071165076
2008-06-05,8.920161e-06,0.06986181,0.9183499,0.98821175,0.98821175,0.00045871234,0.021417571,0.0007566994
2008-06-06,8.1351e-06,0.0920109,0.8949426,0.9869535,0.9869535,0.00043934095,0.020960461,0.0006235464
2008-06-09,8.441105e-06,0.1274004,0.8563118,0.9837122,0.9837122,0.00041937781,0.020478716,0.00051824696
2008-06-10,8.171035e-06,0.074805126,0.9132391,0.98804426,0.98804426,0.00037350302,0.019326227,0.0006834405
2008-06-11,8.529306e-06,0.07153526,0.9166771,0.98821235,0.98821235,0.00036248713,0.019039094,0.00072357967
2008-06-12,8.0096415e-06,0.10384237,0.8824025,0.98624486,0.98624486,0.000364348,0.019087901,0.0005823016
2008-06-13,8.922662e-06,0.071297556,0.91670287,0.9880004,0.9880004,0.00034218503,0.018498244,0.0007435795
2008-06-16,9.094793e-06,0.06781704,0.92037886,0.9881959,0.9881959,0.00033541434,0.01831432,0.0007704772
2008-06-17,8.943302e-06,0.07104853,0.9170754,0.98812395,0.9881239,0.0003578787,0.018917682,0.0007530538
2008-06-18,8.668021e-06,0.071005486,0.9171809,0.98818636,0.98818636,0.00033734416,0.018366931,0.00073372986
2008-06-19,9.189975e-06,0.069730334,0.9183449,0.98807526,0.98807526,0.00034627726,0.018608527,0.0007706643
2008-06-20,8.241782e-06,0.0768736,0.91113675,0.98801035,0.98801035,0.00037641393,0.01940139,0.00068740785
2008-06-23,8.700509e-06,0.0762637,0.91153383,0.98779756,0.98779756,0.00035967247,0.018965032,0.0007130138
2008-06-24,9.043885e-06,0.07294981,0.9149981,0.98794794,0.98794794,0.0003564759,0.01888057,0.00075040164
2008-06-25,8.629706e-06,0.0768863,0.9109515,0.9878378,0.9878378,0.00035043585,0.018719932,0.00070955086
2008-06-26,8.734374e-06,0.07120635,0.91696966,0.988176,0.988176,0.00035807095,0.018922763,0.000738698
2008-06-27,8.512943e-06,0.10053949,0.885609,0.9861485,0.9861485,0.00039066336,0.019765206,0.00061458535
2008-06-30,8.942788e-06,0.07430049,0.91356766,0.98786813,0.98786813,0.00035981275,0.018968731,0.00073713186
2008-07-01,8.797525e-06,0.073069744,0.9149587,0.98802847,0.98802847,0.0003481456,0.01865866,0.0007348704
2008-07-02,8.632237e-06,0.077946134,0.90983665,0.9877828,0.9877828,0.00033704189,0.0183587,0.0007065629
2008-07-03,9.000262e-06,0.08219283,0.90485317,0.987046,0.987046,0.00032081205,0.017911227,0.00069478655
2008-07-07,9.286792e-06,0.06910314,0.9188745,0.9879776,0.9879776,0.00031574428,0.017769195,0.00077245897
2008-07-08,8.407534e-06,0.07935069,0.90844965,0.98780036,0.98780036,0.0004393037,0.020959573,0.0006891624
2008-07-09,8.203405e-06,0.089256056,0.8980058,0.98726183,0.98726183,0.0005892523,0.024274519,0.00064400194
2008-07-10,8.812183e-06,0.09218335,0.89445883,0.9866422,0.9866422,0.0006150303,0.024799805,0.0006597023
2008-07-11,8.320505e-06,0.13498746,0.8488675,0.98385495,0.98385495,0.0006138084,0.024775157,0.0005153595
2008-07-14,9.816424e-06,0.10406279,0.8807396,0.9848024,0.9848024,0.0006721075,0.025925037,0.0006459204
2008-07-15,8.79781e-06,0.093922175,0.8926606,0.9865828,0.9865828,0.0006041814,0.0245801,0.00065571204
2008-07-16,8.176412e-06,0.102907404,0.8834768,0.9863842,0.9863842,0.0007054944,0.026561145,0.0006005097
2008-07-17,8.451747e-06,0.08472077,0.9026625,0.9873833,0.9873833,0.00063608546,0.025220735,0.000669886
2008-07-18,1.0585673e-05,0.1265115,0.8562665,0.982778,0.982778,0.0011025536,0.033204723,0.0006146604
2008-07-21,1.0270036e-05,0.10208224,0.88259673,0.984679,0.984679,0.0009560707,0.030920394,0.00067032344
2008-07-22,1.0997202e-05,0.10976187,0.8728843,0.98264617,0.98264617,0.0008571678,0.029277429,0.0006337045
2008-07-23,9.404107e-06,0.11492494,0.86968124,0.98460615,0.98460615,0.0009608207,0.030997109,0.0006109001
2008-07-24,1.2655241e-05,0.09127974,0.8919995,0.9832792,0.9832792,0.000934468,0.03056907,0.0007568575
2008-07-25,0.00015734129,0.03424897,0.8868642,0.92111313,0.92111313,0.001060618,0.03256713,0.001994518
2008-07-28,4.5230103e-05,0.06306256,0.90143263,0.9644952,0.9644952,0.001120699,0.03347684,0.0012739145
2008-07-29,2.8674081e-05,0.08466371,0.8847848,0.9694485,0.9694485,0.0010604208,0.032564104,0.0009385493
2008-07-30,1.2704396e-05,0.09452633,0.88829577,0.9828221,0.9828221,0.00097005,0.031145625,0.0007395788
2008-07-31,3.0158548e-05,0.07434816,0.8947204,0.9690685,0.9690685,0.00087559625,0.029590476,0.0009750117
2008-08-01,1.3143844e-05,0.071818985,0.9123372,0.9841562,0.9841562,0.0008278157,0.028771786,0.0008295886
2008-08-04,3.7406684e-05,0.045588512,0.9279838,0.9735723,0.9735723,0.0008304034,0.02881672,0.0014154355
2008-08-05,3.6136204e-05,0.08495865,0.88227874,0.9672374,0.9672374,0.0010511199,0.032420978,0.0011029716
2008-08-06,2.7599384e-05,0.07237378,0.90224326,0.974617,0.974617,0.0009635205,0.031040626,0.0010873178
2008-08-07,2.1851281e-05,0.06868452,0.9103854,0.9790699,0.9790699,0.0008991809,0.029986344,0.0010440117
2008-08-08,2.6258442e-05,0.06934044,0.90602565,0.97536606,0.9753661,0.00087706617,0.029615304,0.0010659455
2008-08-11,1.1615669e-05,0.10571963,0.87739164,0.98311126,0.98311126,0.0009221277,0.030366555,0.000687776
2008-08-12,3.079439e-05,0.050549783,0.9255255,0.9760753,0.9760753,0.0008368781,0.028928844,0.0012871375
2008-08-13,1.662246e-05,0.07217475,0.9096295,0.98180425,0.98180425,0.00080556347,0.02838245,0.00091353536
2008-08-14,4.769742e-05,0.049366638,0.9160777,0.9654443,0.9654443,0.00076610345,0.027678574,0.0013803064
2008-08-15,3.515801e-05,0.058269642,0.9142433,0.9725129,0.9725129,0.00082219427,0.02867393,0.0012790731
2008-08-18,3.6236306e-05,0.045331314,0.92815745,0.97348875,0.97348875,0.00078842934,0.028078984,0.0013668274
2008-08-19,4.395858e-05,0.036352355,0.9355779,0.97193027,0.97193027,0.0007971016,0.028232988,0.001566049
2008-08-20,4.8402264e-05,0.045864873,0.9206519,0.9665168,0.9665168,0.00079435145,0.02818424,0.0014455683
2008-08-21,2.337739e-05,0.06271916,0.91540956,0.97812873,0.97812873,0.0007872256,0.028057542,0.001068863
2008-08-22,2.3594303e-05,0.0699497,0.9047016,0.9746513,0.9746513,0.00077338505,0.0278098,0.00093078864
2008-08-25,8.835273e-06,0.108836494,0.87653375,0.9853702,0.9853702,0.00090257265,0.030042848,0.00060392375
2008-08-26,2.4912424e-05,0.05009039,0.9289973,0.97908765,0.97908765,0.0008004468,0.028292168,0.0011912781
2008-08-27,9.013314e-06,0.118384056,0.86632234,0.9847064,0.9847064,0.0009283341,0.030468576,0.0005893521
2008-08-28,9.127894e-06,0.103310965,0.88236684,0.9856778,0.9856778,0.00083685876,0.02892851,0.00063732394
2008-08-29,5.9195372e-05,0.05284896,0.9095703,0.9624192,0.9624192,0.0009266657,0.030441185,0.0015751498
2008-09-02,2.914365e-05,0.052994978,0.92383176,0.9768267,0.9768267,0.0009112366,0.030186696,0.0012576407
2008-09-03,4.5928522e-05,0.096635826,0.8603779,0.9570137,0.9570137,0.0012961156,0.036001604,0.0010684462
2008-09-04,1.6839027e-05,0.0974282,0.8808898,0.978318,0.978318,0.0011611148,0.034075134,0.00077663537
2008-09-05,2.5025989e-05,0.07725274,0.8982441,0.9754968,0.9754968,0.0010461388,0.03234407,0.0010213368
2008-09-08,2.20028e-05,0.07293596,0.90525585,0.9781918,0.9781918,0.0009881092,0.031434204,0.0010089229
2008-09-09,1.1000611e-05,0.10697281,0.8763394,0.9833122,0.9833122,0.0009247248,0.030409288,0.0006592004
2008-09-10,3.6702142e-05,0.038969755,0.93586135,0.9748311,0.9748311,0.0008215454,0.028662615,0.0014582342
2008-09-11,6.879182e-05,0.030168138,0.93239886,0.962567,0.962567,0.0008193563,0.0286244,0.0018377306
2008-09-12,3.7047324e-05,0.063448645,0.90578175,0.9692304,0.9692304,0.00084435043,0.02905771,0.0012040241
2008-09-15,0.00014020654,0.01959011,0.9174615,0.93705165,0.93705165,0.00081881677,0.028614976,0.0022273269
2008-09-16,0.0001416284,0.02124686,0.91373247,0.9349793,0.9349793,0.0008914721,0.02985753,0.0021782056
2008-09-17,0.00013561793,0.016397098,0.92342216,0.9398193,0.9398193,0.00095965515,0.030978302,0.002253511
2008-09-18,5.0519386e-05,0.047567625,0.9162306,0.9637982,0.9637982,0.0011356727,0.033699743,0.0013954947
2008-09-19,0.00014167522,0.02322346,0.91197157,0.935195,0.935195,0.0011562274,0.034003343,0.0021861782
2008-09-22,0.00011947812,0.029863797,0.90471077,0.93457454,0.93457454,0.0011992865,0.034630716,0.0018261718
2008-09-23,0.00040766993,0.009971835,0.8220421,0.83201396,0.83201396,0.0012130443,0.034828786,0.0024268085
2008-09-24,9.638357e-06,0.16353783,0.8168886,0.98042643,0.98042643,0.001417223,0.03764602,0.00049241696
2008-09-25,0.00012752732,0.019499278,0.9223167,0.941816,0.941816,0.0013356927,0.036547128,0.0021917927
2008-09-26,4.1444655e-05,0.044702612,0.92527723,0.9699798,0.9699798,0.0013601724,0.036880516,0.00138056
2008-09-29,0.000104963125,0.025694802,0.9225667,0.9482615,0.9482615,0.0013485551,0.03672268,0.0020287237
2008-09-30,1.135637e-05,0.11620775,0.8657328,0.9819405,0.9819405,0.0013787341,0.03713131,0.0006288311
2008-10-01,7.660699e-05,0.045999806,0.9016408,0.9476406,0.9476406,0.0013082699,0.036170013,0.001463099
2008-10-02,2.090688e-05,0.0624235,0.9179486,0.98037213,0.98037213,0.0013242173,0.036389798,0.0010651631
2008-10-03,1.8420053e-05,0.07233935,0.9085192,0.98085856,0.98085856,0.0013015058,0.03607639,0.00096231303
2008-10-06,8.5008796e-05,0.023248347,0.9348486,0.958097,0.958097,0.0012202538,0.03493213,0.0020287035
2008-10-07,1.2516623e-05,0.11816751,0.86293596,0.9811035,0.9811035,0.0013514423,0.03676197,0.00066237716
2008-10-08,0.00016810038,0.025153432,0.8938581,0.91901153,0.91901153,0.001189717,0.034492273,0.0020756088
2008-10-09,0.0001468723,0.023337603,0.90857595,0.93191355,0.93191355,0.0012318724,0.03509804,0.0021571445
2008-10-10,4.728895e-05,0.049640067,0.9183204,0.9679605,0.9679605,0.0012697345,0.035633333,0.0014759568
2008-10-13,1.3570306e-05,0.10855794,0.8713784,0.97993636,0.97993636,0.0013060122,0.03613879,0.0006763631
2008-10-14,4.132844e-05,0.062998265,0.898085,0.96108323,0.9610833,0.0012107823,0.034796298,0.00106197
2008-10-15,2.0644726e-05,0.06422625,0.9155256,0.9797519,0.9797519,0.0011309973,0.033630304,0.0010195875
2008-10-16,8.064245e-05,0.02829168,0.92921686,0.95750856,0.95750856,0.0010819633,0.03289321,0.0018978518
2008-10-17,5.4122713e-05,0.040247623,0.92611766,0.9663653,0.9663653,0.0010941057,0.033077266,0.0016091322
2008-10-20,6.91107e-05,0.028433492,0.9327325,0.961166,0.961166,0.0010736946,0.032767277,0.0017796452
2008-10-21,0.0001852204,0.012316814,0.9098242,0.922141,0.922141,0.0010717624,0.032737784,0.0023789213
2008-10-22,3.8606853e-05,0.040961627,0.9328175,0.97377914,0.97377914,0.0011632454,0.034106385,0.0014723719
2008-10-23,3.1308417e-05,0.044057567,0.9323327,0.97639024,0.97639024,0.0011275026,0.033578306,0.0013260796
2008-10-24,0.00019482366,0.012402297,0.9069023,0.9193046,0.9193046,0.0012113026,0.034803774,0.0024143097
2008-10-27,0.00011176505,0.026983367,0.9183319,0.9453153,0.9453153,0.0013032451,0.036100484,0.0020438086
2008-10-28,0.00015154472,0.01832798,0.9149057,0.9332337,0.9332337,0.0013182035,0.036307074,0.002269778
2008-10-29,0.00022230693,0.011782632,0.8978555,0.90963817,0.90963817,0.0013597023,0.03687414,0.0024601861
2008-10-30,3.6177284e-05,0.053372134,0.91587895,0.9692511,0.9692511,0.0014669183,0.03830037,0.001176539
2008-10-31,0.00014052055,0.019141264,0.91863877,0.93778,0.93778,0.001381422,0.037167486,0.0022584475
2008-11-03,0.00013526328,0.014291936,0.9278095,0.9421014,0.9421014,0.0014643262,0.038266513,0.0023362106
2008-11-04,2.6587099e-05,0.050480943,0.92836136,0.9788423,0.9788423,0.0014948592,0.03866341,0.0012566168
2008-11-05,1.0760804e-05,0.116120405,0.86475164,0.98087204,0.98087204,0.0015638974,0.039546143,0.0005625692
2008-11-06,1.0456155e-05,0.08452564,0.9008716,0.9853972,0.9853972,0.0013653442,0.036950562,0.00071603863
2008-11-07,1.5130553e-05,0.072528645,0.9113797,0.98390836,0.98390836,0.001360922,0.036890678,0.00094027387
2008-11-10,4.8564023e-05,0.03106697,0.94008857,0.9711555,0.9711555,0.0013302775,0.03647297,0.0016836508
2008-11-11,9.960762e-06,0.084692754,0.9020401,0.9867329,0.9867329,0.0014529084,0.038117036,0.00075078674
2008-11-12,1.5736408e-05,0.090839125,0.8904484,0.98128754,0.98128754,0.0018314105,0.04279498,0.0008409588
2008-11-13,2.2562423e-05,0.08287028,0.89411855,0.97698885,0.97698885,0.0018351392,0.042838525,0.0009804997
2008-11-14,1.4929782e-05,0.08798697,0.89196616,0.9799531,0.9799531,0.001678431,0.04096866,0.00074474304
2008-11-17,5.5703065e-05,0.040254496,0.92590594,0.9661604,0.9661604,0.0015120822,0.0388855,0.0016460919
2008-11-18,4.9648137e-05,0.040580947,0.9286779,0.96925884,0.96925884,0.0015039949,0.038781375,0.0016150381
2008-11-19,0.000105609506,0.01975346,0.9311525,0.950906,0.950906,0.0014466086,0.03803431,0.0021511684
2008-11-20,7.679673e-05,0.023438774,0.9381682,0.961607,0.961607,0.0014760665,0.03841961,0.0020002783
2008-11-21,6.852103e-05,0.044882465,0.91362816,0.95851064,0.95851064,0.0015612737,0.039512955,0.0016515325
2008-11-24,1.0205366e-05,0.0967637,0.8878002,0.9845639,0.98456395,0.001524914,0.039050147,0.00066113577
2008-11-25,9.623152e-06,0.11308235,0.8703659,0.98344827,0.98344827,0.0017272326,0.041559987,0.0005813985
2008-11-26,1.5301068e-05,0.11246283,0.86671436,0.9791772,0.9791772,0.0021569752,0.046443246,0.00073482195
2008-11-28,9.783902e-06,0.11734449,0.86582756,0.98317206,0.98317206,0.0025077364,0.050077304,0.00058140815
2008-12-01,5.9780195e-05,0.042182643,0.9204936,0.9626762,0.9626762,0.0025332146,0.05033105,0.0016016654
2008-12-02,1.0810473e-05,0.11764342,0.8657452,0.9833886,0.9833886,0.0024005086,0.048994984,0.0006507865
2008-12-03,2.85304e-05,0.06141656,0.91406906,0.9754856,0.9754856,0.0021775456,0.04666418,0.0011638232
2008-12-04,4.393694e-05,0.038541853,0.9321445,0.9706864,0.9706864,0.0020275856,0.04502872,0.0014988573
2008-12-05,7.668271e-05,0.046276662,0.90735203,0.9536287,0.9536287,0.0020429709,0.045199234,0.0016536681
2008-12-08,0.00010125235,0.03582696,0.91038555,0.94621253,0.94621253,0.0020307621,0.04506398,0.0018824524
2008-12-09,7.237945e-05,0.05271879,0.8901782,0.942897,0.94289696,0.001984292,0.044545393,0.001267525
2008-12-10,8.585752e-05,0.045069944,0.9032201,0.94829005,0.94829005,0.0018390927,0.042884644,0.0016603676
2008-12-11,6.31273e-05,0.042834252,0.9163245,0.9591588,0.9591588,0.0017635836,0.04199504,0.001545676
2008-12-12,5.176509e-05,0.065714724,0.88324904,0.94896376,0.94896376,0.0016892896,0.041100968,0.0010142811
2008-12-15,7.62296e-05,0.036278736,0.9193608,0.95563954,0.95563954,0.0015691753,0.03961282,0.0017184132
2008-12-16,0.000103387436,0.021768438,0.9296708,0.95143926,0.95143926,0.0015481543,0.03934659,0.0021290334
2008-12-17,6.796338e-05,0.033015236,0.9284513,0.96146655,0.96146655,0.0015503629,0.03937465,0.0017637502
2008-12-18,8.254929e-05,0.035859615,0.9190824,0.954942,0.954942,0.0015248861,0.03904979,0.0018320668
2008-12-19,5.0214407e-05,0.046033,0.92139137,0.9674244,0.9674244,0.0014896574,0.038596082,0.0015414726
2008-12-22,0.00026117364,0.015316058,0.8768809,0.89219695,0.89219695,0.0014932556,0.038642667,0.0024226925
2008-12-23,0.0012333046,0.0004742609,0.5410942,0.54156846,0.54156846,0.001571402,0.03964091,0.00269027
2008-12-24,2.6930893e-05,0.09053925,0.8827226,0.97326183,0.97326183,0.0020866597,0.04567997,0.0010072079
2008-12-26,2.164205e-05,0.082551286,0.89546007,0.97801137,0.97801137,0.0019498991,0.04415766,0.0009842382
2008-12-29,7.5534495e-05,0.029172406,0.92578095,0.9549534,0.9549534,0.0017841321,0.042238988,0.001676807
2008-12-30,9.750188e-06,0.09279665,0.892913,0.9857096,0.98570967,0.0018062792,0.042500343,0.0006822897
2008-12-31,1.22675165e-05,0.092308745,0.8916078,0.9839166,0.9839166,0.0018188563,0.04264805,0.00076274306
2009-01-02,1.8015995e-05,0.09624365,0.8764317,0.9726753,0.9726753,0.0017897924,0.04230594,0.0006593306
2009-01-05,8.61402e-06,0.14258339,0.8406127,0.9831961,0.9831961,0.0019381425,0.04402434,0.0005126197
2009-01-06,8.345016e-06,0.113097906,0.8722468,0.9853447,0.9853447,0.0016789491,0.040974982,0.00056942
2009-01-07,1.0087644e-05,0.090223975,0.89530677,0.98553073,0.98553073,0.0014967788,0.038688224,0.0006971773
2009-01-08,1.1200821e-05,0.09341222,0.8909207,0.9843329,0.9843329,0.0013811123,0.037163317,0.0007149271
2009-01-09,1.85213e-05,0.067440525,0.9139532,0.9813937,0.9813937,0.0014776561,0.03844029,0.0009954313
2009-01-12,1.9842817e-05,0.06350828,0.9171057,0.98061395,0.98061395,0.0013785276,0.037128527,0.0010235615
2009-01-13,2.9941306e-05,0.054540794,0.9212221,0.9757629,0.9757629,0.0012856284,0.035855662,0.0012353504
2009-01-14,2.9323352e-05,0.08371645,0.88397235,0.9676888,0.9676888,0.0014560092,0.03815769,0.00090752897
2009-01-15,3.0995132e-05,0.07228391,0.8993668,0.9716507,0.9716507,0.0014637276,0.038258694,0.0010933304
2009-01-16,4.8034002e-05,0.063144796,0.89852345,0.96166825,0.96166825,0.0013950894,0.037350897,0.0012531128
2009-01-20,0.00023995792,0.014150607,0.8847899,0.8989405,0.8989405,0.0013061212,0.0361403,0.0023744223
2009-01-21,0.0003797405,0.010960402,0.8374544,0.8484148,0.8484148,0.0014114557,0.037569344,0.0025051287
2009-01-22,0.00015160166,0.022615144,0.90212953,0.92474467,0.92474467,0.0015713093,0.039639745,0.0020144973
2009-01-23,0.00027256183,0.012282175,0.876604,0.8888862,0.8888862,0.0015788379,0.039734595,0.0024529973
2009-01-26,7.981102e-05,0.05077155,0.88870704,0.9394786,0.9394786,0.001671827,0.04088798,0.0013187234
2009-01-27,7.624828e-05,0.045538645,0.9083457,0.95388436,0.95388436,0.0015674098,0.039590526,0.0016534149
2009-01-28,2.30468e-05,0.09405682,0.8803994,0.97445625,0.97445625,0.001500435,0.03873545,0.0009022481
2009-01-29,7.61142e-05,0.042089604,0.9080535,0.9501431,0.9501431,0.0013472018,0.036704246,0.0015266533
2009-01-30,3.8665672e-05,0.05938514,0.91041034,0.96979547,0.96979547,0.0013203792,0.03633702,0.001280128
2009-02-02,0.00012173044,0.026694477,0.9132331,0.9399276,0.9399276,0.0013141601,0.036251348,0.0020263947
2009-02-03,7.638496e-05,0.036518883,0.9214325,0.95795137,0.95795137,0.0013482012,0.03671786,0.001816586
2009-02-04,0.0001415324,0.025277404,0.9076749,0.9329523,0.9329523,0.0013219547,0.036358695,0.0021109204
2009-02-05,1.4925309e-05,0.09758317,0.8832164,0.98079956,0.98079956,0.0013502275,0.03674544,0.0007773419
2009-02-06,3.359607e-05,0.056774262,0.9149589,0.97173315,0.97173315,0.0012171244,0.03488731,0.0011885326
2009-02-09,5.7603822e-05,0.0378996,0.9291499,0.96704954,0.96704954,0.0011925091,0.034532726,0.0017481947
2009-02-10,4.29739e-05,0.038195264,0.9348941,0.97308934,0.97308934,0.0011675312,0.034169156,0.0015969098
2009-02-11,1.4699164e-05,0.10205098,0.87984115,0.9818921,0.9818921,0.0012554713,0.03543263,0.0008117546
2009-02-12,1.35690825e-05,0.095986195,0.8861542,0.98214036,0.98214036,0.0011198166,0.03346366,0.0007597625
2009-02-13,1.9459318e-05,0.08019933,0.89963806,0.9798374,0.9798374,0.0010159225,0.03187354,0.0009651203
2009-02-17,0.00023455746,0.006772768,0.90061045,0.9073832,0.9073832,0.0009375552,0.030619523,0.0025325585
2009-02-18,1.1631608e-05,0.11868339,0.86347,0.9821534,0.9821534,0.0011012044,0.0331844,0.0006517554
2009-02-19,6.714397e-05,0.028879505,0.93491423,0.96379375,0.96379375,0.0009634323,0.031039206,0.0018544858
2009-02-20,0.000179481,0.016096877,0.901695,0.9177919,0.9177919,0.0009985619,0.03160003,0.002183252
2009-02-23,4.6298086e-05,0.055866115,0.91021144,0.96607757,0.96607757,0.0010848696,0.03293736,0.001364822
2009-02-24,3.6989957e-05,0.053129755,0.91975456,0.9728843,0.9728843,0.0010624644,0.032595467,0.0013641526
2009-02-25,1.6009957e-05,0.0779125,0.90281534,0.98072785,0.98072785,0.0010740723,0.032773044,0.00083073025
2009-02-26,1.2013533e-05,0.09754883,0.8846225,0.98217136,0.98217136,0.0011312107,0.033633474,0.00067383324
2009-02-27,8.262238e-06,0.12850145,0.8555846,0.9840861,0.98408604,0.0010155211,0.031867243,0.00051918364
2009-03-02,3.131317e-05,0.057575617,0.9185121,0.97608775,0.97608775,0.0009885972,0.031441964,0.0013095033
2009-03-03,1.1753012e-05,0.12056623,0.8620121,0.98257834,0.98257834,0.00094608223,0.03075845,0.00067462056
2009-03-04,2.4074012e-05,0.054024473,0.924378,0.97840244,0.97840244,0.0009434215,0.030715168,0.0011146633
2009-03-05,2.2184277e-05,0.0516618,0.9278974,0.9795592,0.9795592,0.0009062331,0.030103706,0.001085293
2009-03-06,1.3521884e-05,0.10028419,0.8821418,0.98242605,0.98242605,0.0010466638,0.032352183,0.0007694276
2009-03-09,5.934997e-05,0.040636856,0.9197664,0.96040326,0.96040326,0.001062506,0.032596104,0.0014988602
2009-03-10,3.8912265e-05,0.05072056,0.92063516,0.97135574,0.97135574,0.0010533225,0.03245493,0.0013584662
2009-03-11,4.3170796e-05,0.059692048,0.9082075,0.9678995,0.9678995,0.0010106404,0.03179057,0.0013448637
2009-03-12,2.0475021e-05,0.08627054,0.892161,0.9784316,0.9784316,0.00096799375,0.031112598,0.00094930566
2009-03-13,2.498855e-05,0.073466584,0.8975187,0.9709853,0.9709853,0.0011064949,0.03326402,0.0008612374
2009-03-16,1.2520072e-05,0.08784215,0.89607584,0.983918,0.983918,0.0010361726,0.032189634,0.0007785152
2009-03-17,3.790088e-05,0.04135976,0.93191856,0.97327834,0.97327834,0.000979266,0.031293225,0.0014183583
2009-03-18,2.5508934e-05,0.068107866,0.90533614,0.973444,0.973444,0.0009543991,0.03089335,0.0009605709
2009-03-19,3.76384e-05,0.05477178,0.9169846,0.9717564,0.9717564,0.0009680569,0.031113613,0.0013326346
2009-03-20,4.573223e-05,0.113022305,0.834029,0.94705135,0.94705135,0.0017822596,0.042216815,0.000863709
2009-03-23,9.119111e-06,0.11065399,0.87457,0.985224,0.985224,0.001550775,0.03937988,0.0006171573
2009-03-24,1.2877528e-05,0.08209629,0.9007601,0.9828564,0.9828564,0.0013934682,0.037329186,0.0007511563
2009-03-25,8.8851375e-06,0.10436177,0.88153684,0.9858986,0.9858986,0.0012808308,0.035788696,0.00063008966
2009-03-26,1.1596898e-05,0.07509594,0.910914,0.98600996,0.98600996,0.0011396075,0.033758074,0.0008289393
2009-03-27,9.386736e-05,0.037599355,0.9084542,0.94605356,0.9460535,0.0016877099,0.04108175,0.0017400105
2009-03-30,2.5842612e-05,0.10302298,0.8667608,0.9697838,0.9697838,0.001887607,0.0434466,0.00085525634
2009-03-31,1.46394905e-05,0.10534768,0.8748313,0.980179,0.980179,0.0017517003,0.04185332,0.0007385853
2009-04-01,1.1374679e-05,0.1101102,0.87150806,0.9816183,0.9816183,0.0015577286,0.039468072,0.000618804
2009-04-02,1.2074018e-05,0.11411613,0.8671179,0.981234,0.981234,0.0014197454,0.03767951,0.0006433991
2009-04-03,3.7341135e-05,0.07095492,0.8898044,0.96075934,0.96075934,0.0013060658,0.036139533,0.000951593
2009-04-06,4.6597444e-05,0.03935245,0.92897344,0.9683259,0.9683259,0.0012014157,0.034661442,0.0014711535
2009-04-07,6.419986e-05,0.03368088,0.92926437,0.9629452,0.9629452,0.0011755927,0.034286916,0.0017325664
2009-04-08,3.3434226e-05,0.07000559,0.90004,0.97004557,0.97004557,0.0012292,0.035059948,0.0011161695
2009-04-09,7.772444e-05,0.028478,0.92899406,0.9574721,0.9574721,0.0011653462,0.034137167,0.0018276101
2009-04-13,0.00014821201,0.017278025,0.9141062,0.9313842,0.9313842,0.0011611299,0.034075357,0.0021600276
2009-04-14,4.1331572e-05,0.04428665,0.9272655,0.9715522,0.9715522,0.0012100717,0.034786087,0.0014528914
2009-04-15,5.346756e-05,0.032456,0.935989,0.968445,0.968445,0.001176008,0.034292974,0.0016944245
2009-04-16,9.89364e-05,0.015037156,0.94016016,0.95519733,0.95519733,0.0011542522,0.033974286,0.0022082704
2009-04-17,0.00010435804,0.017409742,0.93369544,0.9511052,0.9511052,0.0011939555,0.034553662,0.0021343373
2009-04-20,6.4240594e-05,0.023105178,0.9437206,0.9668258,0.9668258,0.0012413252,0.035232443,0.0019364615
2009-04-21,1.3036752e-05,0.1004641,0.8818725,0.9823366,0.9823366,0.0012977191,0.036023866,0.000738065
2009-04-22,6.0481147e-05,0.030223152,0.9344753,0.96469843,0.96469843,0.001163921,0.034116287,0.0017132709
2009-04-23,0.00010981358,0.015240845,0.93544453,0.9506854,0.9506854,0.001149287,0.033901136,0.0022267958
2009-04-24,5.014467e-05,0.04044573,0.9274785,0.96792424,0.96792424,0.001203834,0.03469631,0.0015633197
2009-04-27,0.00013209072,0.025310438,0.908358,0.93366843,0.93366843,0.0012112557,0.0348031,0.0019913705
2009-04-28,3.086282e-05,0.051250562,0.9246102,0.9758608,0.9758608,0.0012367741,0.0351678,0.001278534
2009-04-29,3.7468773e-05,0.04101379,0.93367153,0.9746853,0.9746853,0.0011967714,0.034594383,0.0014801199
2009-04-30,1.3105232e-05,0.075900145,0.9082634,0.9841635,0.9841635,0.001179675,0.034346398,0.00082753453
2009-05-01,1.7557133e-05,0.06055774,0.9225298,0.98308754,0.98308754,0.0010902385,0.03301876,0.0010381183
2009-05-04,1.526951e-05,0.07360148,0.9086664,0.98226786,0.98226786,0.0011760867,0.03429412,0.0008611204
2009-05-05,1.0119715e-05,0.08226431,0.9042112,0.9864755,0.9864755,0.0012639371,0.035551894,0.0007482521
2009-05-06,1.2511843e-05,0.07001377,0.9157362,0.98574996,0.98574996,0.0012258876,0.035012677,0.0008780216
2009-05-07,8.848185e-06,0.10297088,0.88309294,0.98606384,0.98606384,0.0015056725,0.038802996,0.00063490827
2009-05-08,9.535182e-06,0.08990516,0.89678633,0.9866915,0.9866915,0.0015848265,0.03980988,0.0007164717
2009-05-11,1.05720765e-05,0.07610484,0.910607,0.9867118,0.9867118,0.0017030842,0.04126844,0.00079559884
2009-05-12,1.7335442e-05,0.04834046,0.936695,0.9850354,0.9850354,0.0015616824,0.03951813,0.0011584315
2009-05-13,1.6035578e-05,0.052192513,0.93314683,0.98533934,0.98533934,0.001535399,0.039184168,0.0010937831
2009-05-14,2.7074471e-05,0.03684114,0.9444615,0.9813027,0.9813027,0.0014846511,0.03853117,0.0014480401
2009-05-15,1.9660258e-05,0.043524135,0.9403176,0.9838417,0.9838417,0.0014324577,0.037847824,0.0012167294
2009-05-18,3.0536732e-05,0.03725967,0.94135046,0.97861016,0.97861016,0.0014589136,0.038195726,0.0014276278
2009-05-19,1.1336691e-05,0.07927981,0.90533817,0.984618,0.98461795,0.0014077327,0.037519764,0.0007370106
2009-05-20,3.2462354e-05,0.047137674,0.927959,0.9750967,0.9750967,0.0015316723,0.039136585,0.0013035364
2009-05-21,4.5254477e-05,0.032589845,0.93861777,0.9712076,0.9712076,0.0014635826,0.038256798,0.0015717518
2009-05-22,5.1949548e-05,0.071954615,0.88621753,0.95817214,0.95817214,0.0017243313,0.04152507,0.0012419844
2009-05-26,4.489398e-05,0.05650416,0.907339,0.96384317,0.9638431,0.0016233478,0.04029079,0.0012416458
2009-05-27,3.688133e-05,0.061901018,0.9060335,0.96793455,0.96793455,0.001520168,0.03898933,0.0011501891
2009-05-28,2.611162e-05,0.06552829,0.90852755,0.9740558,0.9740558,0.0014142193,0.037606105,0.0010064541
2009-05-29,8.901145e-06,0.157353,0.8247232,0.98207617,0.98207617,0.0021348733,0.04620469,0.0004966095
2009-06-01,2.0248734e-05,0.06806954,0.9099636,0.9780331,0.9780331,0.0019218787,0.043839235,0.0009217849
2009-06-02,8.989584e-06,0.1424449,0.8401334,0.98257834,0.98257834,0.002487321,0.049873047,0.0005160003
2009-06-03,1.0022259e-05,0.10598718,0.87786764,0.98385483,0.98385483,0.0022322643,0.047246844,0.000620759
2009-06-04,9.943247e-06,0.15776773,0.8229127,0.9806804,0.9806804,0.0028211763,0.053114746,0.0005146717
2009-06-05,1.0117566e-05,0.12670784,0.85473895,0.9814468,0.9814468,0.0023535737,0.048513643,0.0005453273
2009-06-08,1.2737277e-05,0.091173455,0.89132017,0.98249364,0.98249364,0.0020515255,0.04529377,0.0007275799
2009-06-09,5.150226e-05,0.038948774,0.9268558,0.9658046,0.9658046,0.001958516,0.044255123,0.0015061155
2009-06-10,2.052458e-05,0.072121695,0.904202,0.97632366,0.97632366,0.0018667658,0.043206085,0.0008668816
2009-06-11,3.9455088e-05,0.039271977,0.93179375,0.9710657,0.9710657,0.0017110349,0.04136466,0.0013636096
2009-06-12,3.103571e-05,0.058801163,0.91394347,0.97274464,0.97274464,0.0017710301,0.04208361,0.0011387013
2009-06-15,7.943747e-05,0.023617227,0.93514186,0.95875907,0.95875907,0.0016715754,0.040884905,0.0019261804
2009-06-16,1.3450319e-05,0.09353696,0.88893753,0.9824745,0.9824745,0.0017979558,0.04240231,0.0007674716
2009-06-17,3.2052394e-05,0.047258914,0.92712885,0.97438776,0.97438776,0.001626449,0.04032926,0.0012514485
2009-06-18,5.1149116e-05,0.028047552,0.9421386,0.9701862,0.9701862,0.0015819349,0.039773546,0.0017156174
2009-06-19,6.050038e-05,0.024943817,0.9421857,0.9671295,0.9671295,0.0015823514,0.03977878,0.0018405693
2009-06-22,6.820268e-05,0.021823263,0.9431818,0.9650051,0.9650051,0.00155684,0.03945681,0.001948932
2009-06-23,8.286364e-05,0.017872924,0.94314647,0.9610194,0.9610194,0.0015498506,0.03936814,0.002125766
2009-06-24,5.4415705e-05,0.03128236,0.93473184,0.9660142,0.9660142,0.0015479147,0.039343547,0.0016011309
2009-06-25,0.0001889963,0.008369197,0.915098,0.9234672,0.9234672,0.0015307582,0.039124906,0.0024694817
2009-06-26,4.5467634e-05,0.036681578,0.93222916,0.96891075,0.96891075,0.0015938536,0.039923094,0.0014624875
2009-06-29,7.7025026e-05,0.017669909,0.94600827,0.9636782,0.9636782,0.001558353,0.03947598,0.0021206269
2009-06-30,6.599518e-05,0.02758261,0.93412817,0.96171075,0.96171075,0.0015512598,0.039386034,0.0017235954
2009-07-01,4.264864e-05,0.036959082,0.9359424,0.9729015,0.97290146,0.0015364182,0.03919717,0.001573839
2009-07-02,0.00015047082,0.011626194,0.924632,0.9362582,0.9362582,0.0014845526,0.03852989,0.00236063
2009-07-06,5.005553e-05,0.03488959,0.93493456,0.96982414,0.96982414,0.0015503557,0.039374556,0.0016587935
2009-07-07,0.00011704176,0.021499801,0.9250662,0.946566,0.946566,0.0015443626,0.039298378,0.002190398
2009-07-08,0.00010284263,0.022854222,0.92817247,0.9510267,0.9510267,0.0015515804,0.039390106,0.0020999725
2009-07-09,8.420303e-05,0.02315937,0.93456644,0.9577258,0.9577258,0.0015542476,0.039423946,0.0019918312
2009-07-10,3.2755488e-05,0.043681044,0.93227136,0.9759524,0.9759524,0.0015430376,0.039281517,0.0013621098
2009-07-13,0.00011727166,0.015278771,0.93255234,0.9478311,0.9478311,0.0014757563,0.038415574,0.0022479226
2009-07-14,8.183541e-05,0.023523014,0.93568176,0.9592048,0.9592048,0.0015100794,0.03885974,0.0020060055
2009-07-15,1.8965407e-05,0.065786846,0.91565055,0.9814374,0.9814374,0.0015531919,0.039410558,0.0010216992
2009-07-16,4.175477e-05,0.05442014,0.9124531,0.9668732,0.9668732,0.0015645179,0.039553985,0.001260454
2009-07-17,9.8127075e-06,0.1426667,0.83992237,0.98258907,0.98258907,0.002140962,0.04627053,0.00056359457
2009-07-20,9.463989e-06,0.095653854,0.8899749,0.9856287,0.9856287,0.0018080872,0.042521607,0.00065853505
2009-07-21,1.1026964e-05,0.080991566,0.9046963,0.98568785,0.98568785,0.0016216614,0.040269855,0.00077046186
2009-07-22,1.4248578e-05,0.062554576,0.9222453,0.9847999,0.9847999,0.0014798029,0.038468204,0.0009374016
2009-07-23,1.4981083e-05,0.058301806,0.92677647,0.9850783,0.9850783,0.001414067,0.037604082,0.001003978
2009-07-24,6.4477696e-05,0.03177589,0.93023586,0.96201175,0.96201175,0.0015794958,0.039742872,0.0016973065
2009-07-27,3.4774857e-05,0.03479458,0.9420944,0.97688895,0.97688895,0.0015852322,0.039814975,0.0015046856
2009-07-28,3.611646e-05,0.035165355,0.94057035,0.9757357,0.9757357,0.0015494929,0.0393636,0.0014884623
2009-07-29,4.2048097e-05,0.03782659,0.9352905,0.9731171,0.9731171,0.0015063859,0.038812187,0.0015641213
2009-07-30,3.793097e-05,0.053963494,0.91839445,0.9723579,0.9723579,0.0015273087,0.0390808,0.0013722188
2009-07-31,8.203011e-06,0.15251099,0.83028394,0.98279494,0.98279494,0.002007708,0.044807453,0.000476779
2009-08-03,2.2039256e-05,0.06246098,0.91516554,0.9776265,0.9776265,0.0017639906,0.041999888,0.0009850608
2009-08-04,1.0240644e-05,0.1434745,0.8376237,0.98109823,0.98109823,0.0022445102,0.047376264,0.0005417824
2009-08-05,1.2467619e-05,0.085087,0.89821327,0.98330027,0.98330027,0.0018978665,0.04356451,0.000746576
2009-08-06,2.1174825e-05,0.05820351,0.92130995,0.97951347,0.97951347,0.0017263618,0.04154951,0.0010335973
2009-08-07,2.1229298e-05,0.073301785,0.90413487,0.97743666,0.97743666,0.001953613,0.044199694,0.00094087573
2009-08-10,4.1853662e-05,0.041098054,0.9300171,0.9711152,0.9711152,0.0018123771,0.04257202,0.0014489843
2009-08-11,5.064878e-05,0.036129735,0.9305225,0.9666522,0.9666522,0.00173059,0.04160036,0.0015188049
2009-08-12,4.8037924e-05,0.039922968,0.9274085,0.96733147,0.96733147,0.0016886101,0.0410927,0.0014704647
2009-08-13,9.529507e-05,0.020232568,0.9332107,0.9534432,0.9534432,0.0016262373,0.040326633,0.0020468575
2009-08-14,0.00023058879,0.01118442,0.89331746,0.90450186,0.90450186,0.0016482115,0.040598173,0.0024145893
2009-08-17,0.0001525542,0.017962143,0.9142529,0.93221503,0.93221503,0.0017127714,0.041385643,0.002250561
2009-08-18,0.00038119848,0.009832617,0.8390203,0.84885293,0.84885293,0.0017281523,0.04157105,0.002522037
2009-08-19,0.00053454825,0.008799665,0.7799044,0.7887041,0.7887041,0.0018355742,0.042843603,0.0025298563
2009-08-20,0.00063834206,0.0059908675,0.74712825,0.7531191,0.7531191,0.0019666299,0.0443467,0.0025856276
2009-08-21,0.0010028786,0.002084957,0.6226017,0.62468666,0.62468666,0.0021272663,0.046122298,0.0026721102
2009-08-24,0.001152215,0.0022512462,0.5657945,0.5680458,0.5680458,0.0023322948,0.04829384,0.002667447
2009-08-25,0.00021024178,0.031493966,0.8666113,0.89810526,0.89810526,0.0024757423,0.049756832,0.0020633233
2009-08-26,0.000246618,0.018367846,0.8767082,0.89507604,0.89507604,0.0023618503,0.04859887,0.002350445
2009-08-27,0.00025741334,0.013945484,0.8790552,0.89300066,0.89300066,0.0023190626,0.048156645,0.002405747
2009-08-28,0.00029225225,0.013273613,0.86604977,0.87932336,0.87932336,0.0023034308,0.04799407,0.00242178
2009-08-31,3.9253777e-05,0.059990376,0.9094981,0.96948844,0.9694885,0.002343044,0.048405,0.0012865216
2009-09-01,8.0293736e-05,0.029768832,0.92827106,0.9580399,0.9580399,0.0021906246,0.046804108,0.0019135725
2009-09-02,0.00033559446,0.010140973,0.8563558,0.86649674,0.86649674,0.002199371,0.046897452,0.0025137549
2009-09-03,8.3249455e-05,0.052261613,0.8951714,0.947433,0.947433,0.0022337544,0.04726261,0.0015836827
2009-09-04,0.0001567311,0.050909594,0.86230165,0.9132112,0.9132112,0.002409836,0.04909008,0.0018058914
2009-09-08,9.01057e-05,0.07282058,0.86609125,0.93891186,0.93891186,0.002596432,0.0509552,0.0014750112
2009-09-09,8.321387e-05,0.061007053,0.8775517,0.93855876,0.9385587,0.0023990585,0.048980184,0.001354365
2009-09-10,2.9777117e-05,0.07740085,0.8930598,0.97046065,0.97046065,0.0021924288,0.04682338,0.0010080492
2009-09-11,1.761019e-05,0.17502216,0.7932911,0.9683133,0.9683132,0.0035218033,0.059344783,0.00055575924
2009-09-14,2.4623754e-05,0.14468847,0.8186264,0.9633149,0.9633149,0.0043944656,0.066290766,0.0006712193
2009-09-15,1.7852839e-05,0.16238777,0.8059977,0.9683855,0.9683855,0.005310624,0.072874025,0.0005647045
2009-09-16,1.0215209e-05,0.1506103,0.8286749,0.9792852,0.97928524,0.0043065236,0.06562411,0.0004931353
2009-09-17,9.682559e-06,0.19934456,0.777651,0.9769956,0.9769956,0.005919433,0.076937854,0.00042090006
2009-09-18,1.8006136e-05,0.13815558,0.8304356,0.96859115,0.96859115,0.006003567,0.077482685,0.0005732823
2009-09-21,2.0460791e-05,0.09673282,0.8766223,0.9733551,0.9733551,0.006090803,0.078043595,0.0007679069
2009-09-22,4.4176442e-05,0.0537618,0.910676,0.9644378,0.9644378,0.005649693,0.07516444,0.0012422297
2009-09-23,1.7606504e-05,0.09942823,0.87392163,0.97334987,0.97334987,0.0051939585,0.07206912,0.0006606536
2009-09-24,4.9370945e-05,0.04595607,0.91848296,0.96443903,0.96443903,0.005008967,0.070774056,0.0013883465
2009-09-25,0.00012553201,0.013711304,0.9301626,0.94387394,0.94387394,0.004677651,0.06839336,0.0022366084
2009-09-28,0.00018852174,0.007838247,0.9146496,0.92248785,0.92248785,0.004477334,0.06691288,0.0024321573
2009-09-29,0.00024869962,0.008714137,0.8887108,0.89742494,0.89742494,0.0043177777,0.0657098,0.0024245621
2009-09-30,1.9797793e-05,0.23001301,0.71776164,0.94777465,0.94777465,0.004711456,0.068640046,0.00037908397
2009-10-01,8.863228e-06,0.15280294,0.82765675,0.9804597,0.9804597,0.0034121133,0.058413297,0.00045358686
2009-10-02,9.324443e-06,0.15851651,0.82121915,0.9797357,0.9797357,0.0038212081,0.06181592,0.00046014079
2009-10-05,1.0107691e-05,0.13368869,0.8471278,0.9808165,0.9808165,0.0036285934,0.060237806,0.0005268946
2009-10-06,1.0293114e-05,0.11994695,0.8615795,0.98152643,0.98152643,0.0034980967,0.05914471,0.0005571807
2009-10-07,9.072463e-05,0.023110358,0.92656183,0.94967216,0.94967216,0.0030795406,0.055493608,0.0018026729
2009-10-08,0.0001441316,0.010339321,0.9271428,0.9374821,0.9374821,0.0029447132,0.054265212,0.002305446
2009-10-09,7.331791e-05,0.028885674,0.9250805,0.95396614,0.95396614,0.0028758312,0.053626776,0.0015926952
2009-10-12,0.00018171585,0.008993839,0.91408646,0.9230803,0.9230803,0.0027786663,0.052713055,0.0023624105
2009-10-13,0.00010624715,0.017089158,0.9302151,0.9473043,0.94730425,0.002726417,0.052215103,0.0020162398
2009-10-14,0.00034702383,0.007372866,0.8532047,0.8605776,0.8605776,0.0027070267,0.052029096,0.0024890103
2009-10-15,0.00030721538,0.009435374,0.863505,0.87294036,0.87294036,0.0026649386,0.051623043,0.0024178834
2009-10-16,0.00019469559,0.020246271,0.8840635,0.90430975,0.90430975,0.0026094478,0.051082756,0.002034644
2009-10-19,0.00013296759,0.019738173,0.9163205,0.9360587,0.9360587,0.0025865925,0.050858553,0.002079526
2009-10-20,0.00024183695,0.010056104,0.8891145,0.8991706,0.8991706,0.0025056973,0.05005694,0.002398476
2009-10-21,6.4051645e-05,0.028357275,0.93473387,0.96309114,0.96309114,0.002512773,0.050127566,0.0017354001
2009-10-22,0.00010378813,0.0204888,0.9260183,0.9465071,0.9465071,0.0024166969,0.04915991,0.0019402225
2009-10-23,0.00016735768,0.011263195,0.91692823,0.9281914,0.9281914,0.0023604461,0.048584424,0.0023306084
2009-10-26,0.0002287639,0.008680933,0.8979215,0.90660244,0.90660244,0.0023437398,0.048412185,0.0024493565
2009-10-27,0.00017682505,0.016579084,0.9043619,0.920941,0.920941,0.0023632068,0.048612826,0.0022366212
2009-10-28,0.00017630914,0.016939087,0.9016917,0.9186308,0.9186308,0.002315647,0.04812117,0.0021667792
2009-10-29,0.00025952124,0.012973764,0.8804683,0.8934421,0.8934421,0.0023261153,0.048229817,0.002435495
2009-10-30,9.626632e-06,0.19480893,0.78250146,0.9773104,0.9773104,0.002664727,0.051620994,0.00042427544
2009-11-02,1.2584425e-05,0.08917773,0.89379716,0.9829749,0.9829749,0.0020967221,0.04578998,0.0007391684
2009-11-03,1.01188725e-05,0.12802142,0.85303026,0.9810517,0.9810517,0.0020639237,0.04543043,0.0005340249
2009-11-04,9.5408095e-06,0.124257945,0.8582473,0.9825052,0.9825052,0.0018235558,0.04270311,0.00054535124
2009-11-05,1.4121369e-05,0.09736439,0.8817525,0.97911686,0.97911686,0.0017798421,0.042188175,0.000676209
2009-11-06,5.6969606e-05,0.03171563,0.9336143,0.96532995,0.96532995,0.001597987,0.03997483,0.0016431934
2009-11-09,0.0001102266,0.020580992,0.9265586,0.9471396,0.9471396,0.0015988199,0.039985247,0.0020852406
2009-11-10,1.9584542e-05,0.073080055,0.9034582,0.97653824,0.97653824,0.00159716,0.039964486,0.00083474314
2009-11-11,5.309969e-05,0.03982674,0.9238513,0.96367806,0.96367806,0.0016055566,0.040069398,0.0014619179
2009-11-12,2.4587633e-05,0.055840097,0.9208983,0.9767384,0.9767384,0.0015390947,0.039231297,0.0010570049
2009-11-13,0.00012814769,0.01830914,0.9233717,0.9416808,0.9416808,0.0014914417,0.03861919,0.0021973494
2009-11-16,0.00011220992,0.019040057,0.92821383,0.9472539,0.9472539,0.0015058031,0.03880468,0.002127359
2009-11-17,2.451704e-05,0.06883878,0.9049348,0.9737736,0.9737736,0.001556601,0.039453782,0.00093482283
2009-11-18,5.9898513e-05,0.03534184,0.9268436,0.96218544,0.96218544,0.0014558593,0.038155723,0.0015840067
2009-11-19,0.00014133555,0.022501353,0.9102614,0.93276274,0.93276274,0.0015479972,0.039344598,0.002102042
2009-11-20,5.9543792e-05,0.03383007,0.93124807,0.9650781,0.9650781,0.0015600419,0.039497364,0.0017050566
2009-11-23,3.9891376e-05,0.04321708,0.9284584,0.97167546,0.97167546,0.0015244337,0.039043996,0.0014083678
2009-11-24,6.5420456e-05,0.030938882,0.93068117,0.96162003,0.96162003,0.0014607063,0.038219187,0.001704547
2009-11-25,6.456893e-05,0.023517607,0.94270414,0.96622175,0.96622175,0.0014251713,0.03775144,0.0019115534
2009-11-27,8.593678e-06,0.1471722,0.8359194,0.9830916,0.9830916,0.0018740629,0.043290447,0.0005082488
2009-11-30,4.008735e-05,0.029741388,0.94543767,0.9751791,0.9751791,0.0015801223,0.03975075,0.0016150628
2009-12-01,8.540702e-06,0.12362634,0.8606047,0.98423105,0.98423105,0.0016729244,0.040901396,0.0005416153
2009-12-02,8.079224e-06,0.12946214,0.8550076,0.9844697,0.9844697,0.0014869652,0.038561188,0.0005202237
2009-12-03,1.01760925e-05,0.110332355,0.873385,0.9837174,0.9837174,0.0015997407,0.039996758,0.0006249666
2009-12-04,3.5324487e-05,0.04631042,0.9260569,0.97236735,0.97236735,0.0014341866,0.037870657,0.0012783603
2009-12-07,2.381505e-05,0.052676536,0.9261402,0.97881675,0.97881675,0.0014005253,0.037423592,0.0011242395
2009-12-08,9.815387e-06,0.09641312,0.88908225,0.9854954,0.9854954,0.0016649651,0.040803984,0.000676708
2009-12-09,1.0479991e-05,0.07999876,0.9058889,0.98588765,0.98588765,0.0015687854,0.039607897,0.0007426112
2009-12-10,1.9725097e-05,0.05044193,0.9321441,0.982586,0.982586,0.0015791917,0.039739046,0.0011327167
2009-12-11,1.0547082e-05,0.093590565,0.8914353,0.9850259,0.9850259,0.0018042482,0.04247644,0.00070435414
2009-12-14,1.0152323e-05,0.087708615,0.89765066,0.98535925,0.98535925,0.0016802795,0.040991213,0.0006934292
2009-12-15,1.4240858e-05,0.06120322,0.92340326,0.9846065,0.9846065,0.0016106121,0.040132433,0.00092512177
2009-12-16,9.175562e-06,0.08759684,0.89897066,0.9865675,0.9865675,0.0015781863,0.03972639,0.0006830865
2009-12-17,9.576846e-06,0.082163185,0.9042032,0.9863664,0.9863664,0.0014383263,0.037925273,0.000702444
2009-12-18,2.0097867e-05,0.04419243,0.9391681,0.9833605,0.9833605,0.0015561036,0.03944748,0.0012078428
2009-12-21,1.3937273e-05,0.056293454,0.929191,0.9854844,0.9854844,0.0014818464,0.03849476,0.00096015964
2009-12-22,2.75955e-05,0.03407473,0.9467603,0.980835,0.980835,0.001412329,0.037580967,0.001439892
2009-12-23,1.4851913e-05,0.05627439,0.9283688,0.9846432,0.9846432,0.0013670729,0.03697395,0.00096712424
2009-12-24,9.568374e-06,0.08344266,0.90267193,0.98611456,0.9861146,0.0013034345,0.03610311,0.0006890941
2009-12-28,5.723527e-05,0.022515694,0.94606054,0.96857625,0.96857625,0.0012655573,0.03557467,0.0018214018
2009-12-29,9.816961e-06,0.08432676,0.90205365,0.9863804,0.9863804,0.0013352658,0.03654129,0.0007207965
2009-12-30,2.1625849e-05,0.047829468,0.9332955,0.98112494,0.98112494,0.0012882645,0.0358924,0.0011457365
2009-12-31,1.2605224e-05,0.067680486,0.9174902,0.98517066,0.98517066,0.0012394866,0.035206344,0.00085001934
2010-01-04,2.1744569e-05,0.049657162,0.9312024,0.9808596,0.9808596,0.0011890787,0.03448302,0.0011360548
2010-01-05,8.481305e-06,0.1134632,0.87193555,0.98539877,0.98539877,0.001277535,0.035742622,0.00058086234
2010-01-06,1.0160142e-05,0.09039143,0.8948251,0.98521656,0.9852165,0.0013290796,0.036456544,0.00068726495
2010-01-07,9.067134e-06,0.09882159,0.8872676,0.98608917,0.98608917,0.001570998,0.03963582,0.0006518039
2010-01-08,9.450643e-06,0.09161042,0.89455765,0.9861681,0.9861681,0.0015182807,0.03896512,0.00068324915
2010-01-11,8.539193e-06,0.10402089,0.8819805,0.9860014,0.9860014,0.0013761888,0.03709702,0.00061000214
2010-01-12,9.421284e-06,0.09829337,0.8872828,0.98557615,0.98557615,0.0015086976,0.038841955,0.0006531741
2010-01-13,9.524045e-06,0.0944061,0.89180744,0.9862135,0.98621356,0.0014095694,0.03754423,0.00069082424
2010-01-14,1.1139905e-05,0.071103826,0.91554284,0.98664665,0.98664665,0.0013269538,0.036427375,0.0008342406
2010-01-15,9.433328e-06,0.08658033,0.9000511,0.98663145,0.98663145,0.0012719377,0.035664234,0.000705636
2010-01-19,1.0291029e-05,0.074111775,0.9129747,0.9870865,0.9870865,0.0011837803,0.034406107,0.00079691864
2010-01-20,9.166688e-06,0.08817643,0.8985059,0.98668236,0.98668236,0.0011324051,0.03365123,0.0006883115
2010-01-21,1.0946842e-05,0.074048094,0.912325,0.9863731,0.9863731,0.0010369851,0.03220225,0.0008033275
2010-01-22,1.1723111e-05,0.064746715,0.9219484,0.9866951,0.9866951,0.0009916488,0.031490456,0.000881113
2010-01-25,1.022528e-05,0.07125984,0.9163258,0.98758566,0.98758566,0.0010093852,0.03177082,0.00082366704
2010-01-26,9.015931e-06,0.08385481,0.9032101,0.9870649,0.9870649,0.0009547967,0.030899784,0.00069701276
2010-01-27,1.4106433e-05,0.061300237,0.9238597,0.98515993,0.98515993,0.0010199896,0.031937275,0.000950564
2010-01-28,1.03810125e-05,0.07746817,0.90932727,0.9867954,0.9867954,0.0010497764,0.032400254,0.0007861679
2010-01-29,1.1659886e-05,0.078412354,0.9066836,0.985096,0.985096,0.0010170148,0.03189067,0.0007823315
2010-02-01,1.2051065e-05,0.071577735,0.9139525,0.98553026,0.98553026,0.0009338756,0.030559378,0.0008328458
2010-02-02,8.597118e-06,0.10833331,0.87732035,0.98565364,0.98565364,0.0011028899,0.033209786,0.0005992543
2010-02-03,8.0690115e-06,0.115665555,0.8696672,0.9853327,0.9853327,0.0009778156,0.031270042,0.00055013713
2010-02-04,9.5678515e-06,0.07874028,0.9084605,0.9872008,0.9872008,0.0008629352,0.029375758,0.0007475349
2010-02-05,9.349393e-06,0.07704492,0.9104148,0.9874597,0.9874597,0.0007935199,0.028169485,0.0007455489
2010-02-08,9.912678e-06,0.069457754,0.91837484,0.9878326,0.9878326,0.0007576401,0.027525263,0.00081469194
2010-02-09,1.0256872e-05,0.06838548,0.9189809,0.9873664,0.9873664,0.000735419,0.02711861,0.0008118711
2010-02-10,8.812718e-06,0.08538491,0.9016167,0.9870016,0.9870016,0.0007149999,0.026739482,0.00067798473
2010-02-11,9.62062e-06,0.068624,0.9193439,0.9879679,0.9879679,0.0006534977,0.025563601,0.00079958007
2010-02-12,9.753691e-06,0.068038374,0.9199562,0.9879946,0.98799455,0.00063695485,0.025237964,0.0008124428
2010-02-16,1.0397627e-05,0.06645385,0.9213917,0.9878456,0.9878456,0.00060805277,0.024658727,0.000855462
2010-02-17,9.131187e-06,0.08735443,0.89880323,0.98615766,0.98615766,0.0006269844,0.025039656,0.00065965607
2010-02-18,9.731347e-06,0.07023121,0.9175824,0.9878136,0.9878136,0.000590824,0.024306871,0.000798541
2010-02-19,8.929585e-06,0.09408258,0.8922771,0.9863597,0.9863597,0.00066613546,0.025809601,0.00065464806
2010-02-22,9.585676e-06,0.0852195,0.9013709,0.9865904,0.9865904,0.00066142366,0.025718158,0.00071483606
2010-02-23,9.6235535e-06,0.09587496,0.8897751,0.98565006,0.98565006,0.0006813461,0.026102608,0.0006706338
2010-02-24,1.271737e-05,0.07667069,0.907981,0.9846517,0.9846517,0.0006710289,0.025904225,0.0008285841
2010-02-25,9.352835e-06,0.09076181,0.89529026,0.9860521,0.98605204,0.0006270637,0.02504124,0.0006705549
2010-02-26,9.557958e-06,0.075814694,0.9115343,0.987349,0.98734903,0.0005798702,0.024080494,0.0007555085
2010-03-01,8.710347e-06,0.08839834,0.8983831,0.9867814,0.9867814,0.0005454248,0.023354331,0.00065894716
2010-03-02,8.934297e-06,0.102644466,0.8830937,0.98573816,0.98573816,0.0005681647,0.023836205,0.0006264476
2010-03-03,8.7529625e-06,0.09188416,0.8946226,0.98650676,0.98650676,0.00051486143,0.022690559,0.0006486924
2010-03-04,8.946644e-06,0.09156726,0.8948329,0.9864002,0.9864002,0.000479606,0.021899909,0.0006578505
2010-03-05,9.819607e-06,0.08454306,0.90210575,0.9866488,0.9866488,0.0005759951,0.023999898,0.0007354849
2010-03-08,9.655772e-06,0.084365666,0.9017536,0.9861193,0.9861193,0.000530872,0.02304066,0.0006956243
2010-03-09,9.617466e-06,0.078524984,0.90835863,0.98688364,0.98688364,0.0005055461,0.022484353,0.000733242
2010-03-10,1.0153593e-05,0.07124463,0.91567814,0.98692274,0.98692274,0.00046922403,0.02166158,0.0007764313
2010-03-11,1.0014871e-05,0.07588964,0.9106324,0.986522,0.986522,0.00044649135,0.021130342,0.00074305426
2010-03-12,1.35512355e-05,0.060026564,0.92533106,0.98535764,0.98535764,0.0004688687,0.021653377,0.0009254818
2010-03-15,1.0677609e-05,0.06904052,0.9176763,0.98671687,0.98671687,0.00045210484,0.021262757,0.00080384716
2010-03-16,9.137612e-06,0.07236349,0.9153514,0.9877149,0.9877149,0.00042579765,0.020634865,0.00074379554
2010-03-17,1.1831432e-05,0.07715385,0.9068193,0.98397315,0.98397315,0.0004059343,0.020147812,0.00073822547
2010-03-18,1.571362e-05,0.061592057,0.9213595,0.9829515,0.9829515,0.00038760577,0.019687707,0.00092170225
2010-03-19,1.21987505e-05,0.085073434,0.8992984,0.98437184,0.98437184,0.0005380064,0.023194965,0.00078056223
2010-03-22,9.784822e-06,0.08045268,0.90647554,0.9869282,0.9869282,0.00053199066,0.023064923,0.0007485458
2010-03-23,1.3099378e-05,0.069295906,0.9152068,0.9845027,0.9845027,0.00052962115,0.023013499,0.0008452669
2010-03-24,8.841302e-06,0.09062864,0.8960145,0.98664314,0.98664314,0.0005088689,0.022558123,0.0006619294
2010-03-25,9.065279e-06,0.079767615,0.90763795,0.9874056,0.98740554,0.00046791337,0.021631306,0.0007197864
2010-03-26,1.0283804e-05,0.07443358,0.9122313,0.9866649,0.9866649,0.000507803,0.022534484,0.0007711826
2010-03-29,1.0116773e-05,0.08092392,0.9054139,0.98633784,0.98633784,0.0005300368,0.023022529,0.0007404959
2010-03-30,1.0757688e-05,0.08797988,0.8962492,0.9842291,0.9842291,0.00049465935,0.022240939,0.00068212213
2010-03-31,9.285099e-06,0.09838121,0.88755256,0.9859338,0.9859338,0.000554218,0.023541836,0.0006600991
2010-04-01,1.0459727e-05,0.09750346,0.88681114,0.9843146,0.9843146,0.00056933245,0.02386069,0.0006668456
2010-04-05,9.42782e-06,0.10961554,0.8756139,0.9852295,0.9852295,0.00080790534,0.028423676,0.0006382868
2010-04-06,9.21824e-06,0.09784247,0.88838565,0.9862281,0.9862281,0.0009476932,0.030784626,0.0006693518
2010-04-07,9.46991e-06,0.106281474,0.8791582,0.98543966,0.98543966,0.0010323394,0.03213004,0.00065039063
2010-04-08,9.832771e-06,0.093531154,0.89265394,0.9861851,0.9861851,0.000954511,0.03089516,0.0007117498
2010-04-09,9.791835e-06,0.10185409,0.8837012,0.9855553,0.9855553,0.0009328481,0.030542562,0.00067788386
2010-04-12,9.565435e-06,0.0982608,0.88772106,0.9859819,0.9859819,0.0010017743,0.03165082,0.00068236224
2010-04-13,9.645769e-06,0.08980094,0.89661515,0.9864161,0.9864161,0.0009213988,0.030354552,0.0007100884
2010-04-14,9.535842e-06,0.09178454,0.8946025,0.986387,0.986387,0.00096158887,0.031009497,0.000700496
2010-04-15,9.243456e-06,0.0856782,0.9012103,0.9868885,0.9868885,0.0008781245,0.029633166,0.00070498994
2010-04-16,9.501068e-06,0.09791371,0.8880092,0.98592293,0.98592293,0.0010332114,0.032143604,0.0006749324
2010-04-19,9.4945335e-06,0.08188465,0.9052073,0.98709196,0.9870919,0.0009452883,0.030745542,0.0007355518
2010-04-20,9.673141e-06,0.081846274,0.905191,0.9870373,0.9870373,0.00091076613,0.030178903,0.0007462289
2010-04-21,8.883842e-06,0.08831093,0.89839566,0.9867066,0.9867066,0.000839375,0.02897197,0.0006682904
2010-04-22,9.095885e-06,0.07963444,0.907711,0.98734546,0.98734546,0.00076504186,0.02765939,0.0007187841
2010-04-23,9.695319e-06,0.078044206,0.9092674,0.98731166,0.9873116,0.0008509031,0.029170243,0.00076411257
2010-04-26,9.281562e-06,0.08444291,0.902528,0.9869709,0.9869709,0.0008582866,0.029296529,0.0007123717
2010-04-27,9.810169e-06,0.06592619,0.922155,0.9880812,0.9880812,0.00078407006,0.02800125,0.0008230848
2010-04-28,9.355287e-06,0.06979495,0.9181901,0.9879851,0.9879851,0.00074031577,0.027208744,0.0007786388
2010-04-29,9.838941e-06,0.065592,0.9225336,0.98812556,0.98812556,0.00070120656,0.026480306,0.00082858163
2010-04-30,1.9441846e-05,0.066084795,0.91431755,0.98040235,0.98040235,0.0009814417,0.03132797,0.0009920499
2010-05-03,9.224267e-06,0.09131042,0.89491403,0.9862245,0.9862245,0.00093162886,0.030522596,0.0006696126
2010-05-04,8.793505e-06,0.100951776,0.88512874,0.9860805,0.9860805,0.00088098424,0.029681379,0.00063174125
2010-05-05,8.739221e-06,0.0837098,0.9035725,0.9872823,0.9872823,0.00078978005,0.028103026,0.0006871686
2010-05-06,9.171611e-06,0.07183096,0.91606975,0.9879007,0.98790073,0.0007247064,0.02692037,0.0007580266
2010-05-07,9.2344935e-06,0.07166021,0.91623694,0.98789716,0.98789716,0.00069020136,0.026271684,0.000763002
2010-05-10,9.314956e-06,0.06821229,0.91993785,0.9881501,0.9881501,0.0006758611,0.025997328,0.00078608014
2010-05-11,9.007768e-06,0.0797805,0.90767825,0.98745877,0.98745877,0.00073000364,0.027018579,0.00071825215
2010-05-12,9.07317e-06,0.07328875,0.91459006,0.9878788,0.9878788,0.0006783549,0.026045246,0.00074853725
2010-05-13,9.200095e-06,0.07662675,0.9110303,0.98765707,0.98765707,0.0007275231,0.026972637,0.00074537366
2010-05-14,9.663057e-06,0.06747794,0.9206103,0.98808825,0.98808825,0.00068487175,0.026170054,0.00081122067
2010-05-17,8.95653e-06,0.07005586,0.91809565,0.9881515,0.9881515,0.0006426216,0.025349982,0.0007559204
2010-05-18,9.138784e-06,0.0679476,0.92028606,0.9882336,0.9882337,0.0006268384,0.025036741,0.0007766865
2010-05-19,9.198801e-06,0.06848742,0.9196932,0.9881806,0.9881806,0.00059681176,0.024429731,0.0007782784
2010-05-20,9.590453e-06,0.06659706,0.9215437,0.98814076,0.98814076,0.00068527507,0.026177758,0.0008086905
2010-05-21,9.035072e-06,0.07002266,0.9180822,0.9881048,0.9881048,0.0006513064,0.025520705,0.0007595574
2010-05-24,1.0377899e-05,0.0630275,0.92464405,0.98767155,0.98767155,0.0006277926,0.02505579,0.0008417849
2010-05-25,9.045779e-06,0.06964503,0.918428,0.98807305,0.98807305,0.000592009,0.024331234,0.0007584319
2010-05-26,9.023149e-06,0.06912996,0.9189781,0.98810804,0.98810804,0.0005579557,0.023621086,0.0007587604
2010-05-27,8.641312e-06,0.07599167,0.9117586,0.9877503,0.9877503,0.0005669171,0.023810022,0.00070543005
2010-05-28,8.642868e-06,0.08320797,0.9041268,0.9873348,0.9873348,0.0006088519,0.024674924,0.00068241
2010-06-01,9.356521e-06,0.067543186,0.92062414,0.98816735,0.98816735,0.0005693596,0.023861257,0.0007907373
2010-06-02,9.354351e-06,0.067560464,0.9206126,0.98817307,0.988173,0.00056460063,0.023761326,0.0007909364
2010-06-03,9.13377e-06,0.07338394,0.9145238,0.9879077,0.9879077,0.0006416073,0.025329968,0.0007553382
2010-06-04,9.568723e-06,0.080619976,0.9066186,0.9872386,0.9872386,0.00084784837,0.029117836,0.0007498168
2010-06-07,9.613202e-06,0.074001394,0.9136574,0.9876588,0.9876588,0.0008200216,0.02863602,0.00077895186
2010-06-08,1.0361643e-05,0.06372581,0.9243616,0.9880874,0.9880874,0.00080401794,0.02835521,0.0008698065
2010-06-09,1.0332166e-05,0.06446608,0.92366,0.98812604,0.98812604,0.0007844304,0.028007684,0.0008701533
2010-06-10,9.463441e-06,0.07250559,0.91529995,0.98780555,0.98780555,0.00078334234,0.027988253,0.0007760446
2010-06-11,9.848484e-06,0.06696352,0.92110276,0.98806626,0.9880663,0.00072927,0.027005,0.00082526356
2010-06-14,9.889869e-06,0.06649539,0.92155945,0.9880548,0.9880549,0.00073648477,0.027138254,0.0008279375
2010-06-15,9.568755e-06,0.07323267,0.91451395,0.9877466,0.9877466,0.0008304947,0.028818304,0.00078090583
2010-06-16,9.33072e-06,0.07730673,0.9102221,0.98752886,0.98752886,0.0008645574,0.029403357,0.00074818503
2010-06-17,9.808259e-06,0.07158674,0.91613615,0.9877229,0.9877229,0.0009281745,0.030465957,0.00079890515
2010-06-18,9.5529e-06,0.0779195,0.9095071,0.9874266,0.9874266,0.000955524,0.030911552,0.0007597694
2010-06-21,1.1510367e-05,0.059458084,0.92811716,0.98757523,0.98757523,0.0009598024,0.030980678,0.000926405
2010-06-22,1.1083123e-05,0.06485257,0.9224807,0.9873333,0.9873333,0.0009392491,0.030647172,0.00087498093
2010-06-23,1.0569235e-05,0.06546085,0.9220915,0.98755234,0.98755234,0.00091517926,0.03025193,0.0008490945
2010-06-24,1.0294843e-05,0.06322471,0.9248033,0.98802805,0.98802805,0.000861323,0.029348304,0.00085991365
2010-06-25,1.140418e-05,0.05913942,0.92826605,0.9874055,0.9874055,0.0008152388,0.028552387,0.00090548745
2010-06-28,8.980661e-06,0.08328735,0.9038416,0.987129,0.987129,0.00080145564,0.028309992,0.0006977424
2010-06-29,1.0918901e-05,0.06076364,0.9267456,0.98750925,0.98750925,0.0008076559,0.028419288,0.00087415904
2010-06-30,9.433844e-06,0.07413771,0.91341656,0.98755425,0.98755425,0.00083938736,0.028972182,0.00075799733
2010-07-01,1.0064323e-05,0.064698525,0.9233932,0.9880917,0.9880917,0.00079292996,0.028159011,0.0008451525
2010-07-02,1.0197276e-05,0.07728367,0.9099951,0.98727876,0.98727876,0.00090712105,0.03011845,0.0008015945
2010-07-06,1.3222531e-05,0.05889415,0.9274204,0.98631454,0.98631454,0.0009292903,0.030484263,0.00096617336
2010-07-07,1.0406969e-05,0.06691047,0.9207931,0.98770356,0.98770356,0.000875109,0.029582242,0.0008463401
2010-07-08,1.0199603e-05,0.07636777,0.9101533,0.9865211,0.9865211,0.0008583584,0.029297754,0.00075671024
2010-07-09,1.4760747e-05,0.06431509,0.91999096,0.98430604,0.98430604,0.00089505565,0.02991748,0.0009405367
2010-07-12,1.9457804e-05,0.049240317,0.9333954,0.9826357,0.9826357,0.0008382545,0.028952625,0.0011205622
2010-07-13,1.5731708e-05,0.048446435,0.93669105,0.98513746,0.98513746,0.0008023178,0.028325215,0.0010584806
2010-07-14,1.4438177e-05,0.06591877,0.9171823,0.98310107,0.9831011,0.0007700337,0.02774948,0.00085438404
2010-07-15,1.7923017e-05,0.045791004,0.9381883,0.98397934,0.98397934,0.0007285019,0.026990773,0.0011187443
2010-07-16,1.0510684e-05,0.07597885,0.9112317,0.9872106,0.9872106,0.0008843228,0.029737566,0.00082182593
2010-07-19,1.2716063e-05,0.05682375,0.92989236,0.9867161,0.9867161,0.00083233335,0.028850188,0.00095725316
2010-07-20,1.1955928e-05,0.05814057,0.92896783,0.9871084,0.9871084,0.00078687805,0.028051347,0.00092742074
2010-07-21,9.817839e-06,0.0688127,0.9190906,0.98790336,0.98790336,0.00076133857,0.027592365,0.0008116168
2010-07-22,1.0020877e-05,0.06709169,0.92090183,0.98799354,0.98799354,0.0007287755,0.026995843,0.0008346237
2010-07-23,9.017139e-06,0.079712495,0.907472,0.9871845,0.9871845,0.00073604775,0.0271302,0.0007036133
2010-07-26,1.4251285e-05,0.05107165,0.93489385,0.9859655,0.9859655,0.00069139234,0.026294341,0.0010154459
2010-07-27,1.107734e-05,0.060095415,0.92758125,0.9876767,0.9876767,0.0006632543,0.025753723,0.0008988925
2010-07-28,9.710387e-06,0.06588656,0.9222473,0.98813385,0.98813385,0.0006377005,0.025252732,0.0008183265
2010-07-29,9.9679655e-06,0.064942695,0.9232204,0.9881631,0.9881631,0.00062733225,0.025046602,0.0008421104
2010-07-30,1.1979356e-05,0.05695213,0.93010074,0.98705286,0.98705286,0.0005973483,0.02444071,0.000925251
2010-08-02,1.3359665e-05,0.052732434,0.93395686,0.98668927,0.98668927,0.00059012463,0.02429248,0.0010036763
2010-08-03,3.4209614e-05,0.042294566,0.93225646,0.974551,0.974551,0.00067578576,0.02599588,0.0013442432
2010-08-04,2.3689046e-05,0.04407048,0.9368812,0.98095167,0.98095167,0.00067144074,0.025912173,0.0012436283
2010-08-05,2.16898e-05,0.040640514,0.94260484,0.9832454,0.9832454,0.0006723908,0.0259305,0.0012945558
2010-08-06,2.7721862e-05,0.03590139,0.9449525,0.98085386,0.98085386,0.00069103984,0.026287636,0.0014479083
2010-08-09,2.377686e-05,0.039329425,0.9425986,0.981928,0.981928,0.0007102899,0.026651265,0.0013156733
2010-08-10,6.706595e-05,0.02286206,0.9431156,0.96597767,0.96597767,0.0007437158,0.027271153,0.0019712332
2010-08-11,1.7232887e-05,0.05155506,0.9324216,0.98397666,0.98397666,0.0007686284,0.027724149,0.0010754868
2010-08-12,1.7651153e-05,0.046242945,0.93782556,0.9840685,0.9840685,0.0007363962,0.02713662,0.0011079414
2010-08-13,9.612476e-06,0.06834161,0.9194696,0.9878112,0.9878112,0.0007103711,0.026652789,0.0007886324
2010-08-16,2.2940274e-05,0.038664166,0.94334084,0.982005,0.982005,0.00066675287,0.025821557,0.0012748138
2010-08-17,1.9930518e-05,0.04122677,0.94207484,0.9833016,0.9833016,0.00067267305,0.02593594,0.001193557
2010-08-18,1.4140579e-05,0.054975007,0.93016315,0.9851382,0.9851382,0.00065727235,0.025637323,0.00095147005
2010-08-19,1.7229348e-05,0.045802966,0.93847543,0.9842784,0.9842784,0.0006277472,0.025054883,0.0010959016
2010-08-20,2.4234274e-05,0.037213232,0.9443272,0.9815404,0.9815404,0.00061802974,0.024860203,0.0013128264
2010-08-23,1.8280913e-05,0.044037297,0.93972236,0.98375964,0.98375964,0.0006139774,0.024778567,0.0011256471
2010-08-24,2.8094108e-05,0.032427303,0.94762456,0.9800519,0.9800519,0.0006018673,0.024532983,0.0014083583
2010-08-25,1.5389742e-05,0.04849439,0.93620867,0.98470306,0.98470306,0.00059979013,0.024490613,0.0010060669
2010-08-26,9.518429e-05,0.017248102,0.9381576,0.9554057,0.9554057,0.0006635997,0.025760429,0.0021344502
2010-08-27,6.437845e-05,0.026809026,0.9376276,0.96443665,0.96443665,0.0007210502,0.026852379,0.0018102471
2010-08-30,0.0002281059,0.012609588,0.8932225,0.9058321,0.9058321,0.0007929668,0.028159667,0.002422332
2010-08-31,2.7894319e-05,0.056323875,0.92180645,0.97813034,0.97813034,0.00096010766,0.030985605,0.0012754803
2010-09-01,1.0571805e-05,0.08333807,0.9027475,0.9860856,0.9860856,0.00091301644,0.030216161,0.0007597741
2010-09-02,9.3188944e-05,0.01868509,0.9368723,0.9555574,0.9555574,0.0008512368,0.029175963,0.0020968386
2010-09-03,4.7194626e-05,0.03370392,0.93739986,0.9711038,0.9711038,0.0008908276,0.029846735,0.0016332461
2010-09-07,1.217452e-05,0.072486125,0.9137105,0.9861966,0.9861966,0.0009635446,0.031041015,0.00088199286
2010-09-08,1.6735086e-05,0.05755986,0.9260044,0.98356426,0.98356426,0.00092806906,0.030464226,0.001018213
2010-09-09,2.9057535e-05,0.03701449,0.94264853,0.979663,0.979663,0.0008815559,0.029691007,0.0014288025
2010-09-10,1.1413391e-05,0.06325582,0.9236795,0.9869353,0.98693526,0.0008653213,0.029416345,0.0008736065
2010-09-13,2.381125e-05,0.04774569,0.9326956,0.98044133,0.98044133,0.0008686515,0.029472895,0.001217427
2010-09-14,4.1937892e-05,0.028930763,0.94648474,0.9754155,0.9754155,0.0008437226,0.029046904,0.0017058691
2010-09-15,3.057324e-05,0.035727266,0.9431625,0.97888976,0.97888976,0.00084204646,0.029018037,0.0014482661
2010-09-16,2.4285639e-05,0.037619025,0.94421804,0.98183703,0.98183703,0.000826765,0.028753523,0.0013370966
2010-09-17,2.8642176e-05,0.036835756,0.94309205,0.9799278,0.9799278,0.00081559765,0.02855867,0.0014269559
2010-09-20,3.3466775e-05,0.029992059,0.94854426,0.9785363,0.9785363,0.0008009388,0.028300863,0.0015592274
2010-09-21,8.728313e-05,0.020778954,0.9367865,0.9575654,0.9575654,0.000872112,0.029531542,0.0020568871
2010-09-22,1.3375205e-05,0.064748935,0.9208261,0.985575,0.985575,0.0009175333,0.030290812,0.0009272252
2010-09-23,5.166526e-05,0.023004388,0.94954544,0.97254986,0.97254986,0.00086778693,0.029458223,0.001882149
2010-09-24,2.718447e-05,0.036450185,0.944284,0.9807342,0.9807342,0.0008798492,0.029662251,0.0014110242
2010-09-27,8.3764025e-05,0.019798651,0.940006,0.95980465,0.95980465,0.00090198795,0.030033113,0.0020839234
2010-09-28,5.2986044e-05,0.024704546,0.9464916,0.9711962,0.9711962,0.0009402746,0.030663898,0.0018395488
2010-09-29,2.4671255e-05,0.04032921,0.9407194,0.98104864,0.98104864,0.00094536727,0.030746825,0.00130182
2010-09-30,2.8005179e-05,0.04751287,0.92992836,0.97744125,0.97744125,0.00095597835,0.0309189,0.0012414332
2010-10-01,0.00012743198,0.01771099,0.92440116,0.94211215,0.94211215,0.00094163447,0.030686064,0.0022013597
2010-10-04,0.00013502005,0.016233904,0.9237756,0.94000953,0.94000953,0.001004514,0.03169407,0.0022506919
2010-10-05,8.7999724e-05,0.018277174,0.9404974,0.95877457,0.95877457,0.0010684627,0.032687347,0.0021345979
2010-10-06,0.00018086316,0.011470052,0.91349155,0.9249616,0.9249616,0.0010932547,0.033064403,0.0024102756
2010-10-07,5.837898e-05,0.029154226,0.9387709,0.96792513,0.96792513,0.001191494,0.034518026,0.0018200848
2010-10-08,3.7330447e-05,0.055387303,0.91729623,0.97268355,0.97268355,0.001304341,0.03611566,0.0013665921
2010-10-11,6.0546463e-05,0.032717153,0.93180615,0.9645233,0.9645233,0.0012388618,0.03519747,0.001706655
2010-10-12,4.656633e-05,0.03654965,0.93470216,0.9712518,0.9712518,0.0012209623,0.03494227,0.0016197991
2010-10-13,3.676553e-05,0.04088885,0.9341329,0.9750217,0.9750217,0.0011901133,0.034498017,0.0014719
2010-10-14,6.0728842e-05,0.035376623,0.9278774,0.96325403,0.96325403,0.0011624838,0.034095217,0.001652667
2010-10-15,0.000112874804,0.01502087,0.93505895,0.9500798,0.9500798,0.001143199,0.033811226,0.0022611048
2010-10-18,7.39179e-05,0.025887791,0.93624794,0.96213573,0.96213573,0.0011989165,0.034625374,0.0019521809
2010-10-19,0.00015724308,0.018634696,0.9102738,0.92890847,0.92890847,0.001219168,0.034916587,0.0022118397
2010-10-20,1.0657109e-05,0.085260615,0.90040386,0.9856645,0.9856645,0.001277597,0.03574349,0.0007434062
2010-10-21,0.00014373675,0.01829508,0.9154593,0.9337543,0.9337543,0.001165909,0.03414541,0.002169753
2010-10-22,7.708107e-05,0.0341421,0.92435616,0.95849824,0.95849824,0.0012555794,0.035434157,0.0018572964
2010-10-25,0.00023145234,0.012297652,0.89221174,0.90450937,0.90450937,0.0012414767,0.035234597,0.0024238224
2010-10-26,0.00024049211,0.009070872,0.8951969,0.9042678,0.9042678,0.0013393405,0.036597002,0.0025121337
2010-10-27,0.00016845953,0.014843485,0.9135706,0.92841405,0.92841405,0.0014406237,0.03795555,0.0023532484
2010-10-28,0.00026257162,0.0102511225,0.8849888,0.8952399,0.8952399,0.001489625,0.03859566,0.0025064084
2010-10-29,1.07434225e-05,0.18301547,0.79437095,0.9773864,0.9773864,0.0018671773,0.043210845,0.0004750871
2010-11-01,9.567017e-06,0.09665907,0.88937604,0.9860351,0.9860351,0.0017519775,0.04185663,0.00068507635
2010-11-02,8.965676e-06,0.11655912,0.868281,0.98484015,0.98484015,0.001830677,0.042786412,0.00059140945
2010-11-03,8.746489e-06,0.116499685,0.8685124,0.98501205,0.98501205,0.001610336,0.04012899,0.00058356824
2010-11-04,8.661223e-06,0.113273874,0.8720054,0.98527926,0.98527926,0.0014159963,0.037629727,0.0005883688
2010-11-05,1.8012754e-05,0.06159385,0.91957676,0.9811706,0.9811706,0.0012467284,0.03530904,0.00095662894
2010-11-08,1.96828e-05,0.049911972,0.93267274,0.9825847,0.9825847,0.0011916243,0.03451991,0.0011302026
2010-11-09,1.9376925e-05,0.050493125,0.93232876,0.9828219,0.9828219,0.0012025562,0.034677893,0.0011280004
2010-11-10,1.885655e-05,0.048348274,0.9351577,0.98350596,0.98350596,0.0011848331,0.034421407,0.0011432344
2010-11-11,1.6974695e-05,0.061391797,0.9209992,0.982391,0.982391,0.0012024044,0.034675702,0.00096397835
2010-11-12,4.247947e-05,0.0338766,0.9395314,0.973408,0.973408,0.001178348,0.034327075,0.0015974521
2010-11-15,1.608483e-05,0.072358906,0.91012734,0.98248625,0.98248625,0.0011863138,0.034442905,0.0009184115
2010-11-16,4.6207264e-05,0.031567022,0.940348,0.97191507,0.97191507,0.0011066252,0.033265978,0.0016452688
2010-11-17,3.2502165e-05,0.03923268,0.9378661,0.97709876,0.97709876,0.0010882973,0.032989353,0.0014192319
2010-11-18,1.331308e-05,0.06818709,0.9173384,0.9855254,0.9855255,0.0011686253,0.034185164,0.0009197564
2010-11-19,1.3907897e-05,0.07171211,0.911468,0.9831801,0.98318017,0.0010874138,0.032975957,0.00082687184
2010-11-22,1.7411083e-05,0.048448898,0.93623227,0.9846812,0.9846812,0.001112117,0.03334842,0.0011365819
2010-11-23,2.1266671e-05,0.043191597,0.9398605,0.98305213,0.98305213,0.0010903074,0.033019803,0.0012548289
2010-11-24,2.7146065e-05,0.034714866,0.9464965,0.98121136,0.98121136,0.0010460925,0.032343354,0.001444813
2010-11-26,2.3242266e-05,0.05025968,0.92834663,0.9786063,0.97860634,0.0010172977,0.031895105,0.0010864062
2010-11-29,5.3788423e-05,0.021225763,0.9508444,0.97207016,0.97207016,0.0010149309,0.03185798,0.0019258405
2010-11-30,3.8542104e-05,0.036135178,0.93761134,0.97374654,0.97374654,0.0010593804,0.032548122,0.0014680771
2010-12-01,1.7230985e-05,0.05129655,0.93290687,0.9842034,0.9842034,0.0010335722,0.032149218,0.0010908033
2010-12-02,1.8715771e-05,0.0588186,0.9224348,0.9812534,0.9812534,0.0010046746,0.031696603,0.0009983547
2010-12-03,1.4706629e-05,0.06610393,0.9176811,0.98378503,0.98378503,0.0009632536,0.031036327,0.0009069787
2010-12-06,5.3812757e-05,0.023582937,0.94775045,0.9713334,0.9713334,0.0008988327,0.029980538,0.0018771925
2010-12-07,2.4245952e-05,0.038074713,0.9442168,0.9822915,0.9822915,0.0009293311,0.030484933,0.0013691718
2010-12-08,2.2561753e-05,0.041576937,0.9407711,0.982348,0.982348,0.0009188301,0.03031221,0.0012781433
2010-12-09,1.3853873e-05,0.059389982,0.9266223,0.9860123,0.9860123,0.0009809897,0.031320754,0.000990431
2010-12-10,1.1578719e-05,0.07419658,0.9115759,0.9857725,0.9857725,0.0010069407,0.03173233,0.0008138261
2010-12-13,1.285227e-05,0.061821546,0.9243562,0.98617774,0.98617774,0.00093058764,0.030505534,0.0009298242
2010-12-14,2.1957134e-05,0.0427582,0.93969023,0.98244846,0.98244846,0.0008730952,0.029548185,0.0012510088
2010-12-15,1.4045077e-05,0.063733034,0.92135817,0.9850912,0.9850912,0.00090361654,0.030060215,0.0009420668
2010-12-16,1.8084784e-05,0.051257465,0.9318823,0.9831398,0.9831398,0.0008502612,0.029159239,0.0010726325
2010-12-17,2.6118723e-05,0.0468937,0.93248236,0.9793761,0.9793761,0.00090033055,0.030005509,0.0012664285
2010-12-20,2.3087843e-05,0.049055368,0.9315046,0.98056,0.98055995,0.0008666719,0.029439291,0.0011876465
2010-12-21,9.241434e-06,0.10132199,0.8843662,0.9856882,0.9856882,0.0009144829,0.030240418,0.00064572174
2010-12-22,1.3306024e-05,0.08764249,0.8948981,0.9825406,0.9825406,0.0010028293,0.03166748,0.0007621127
2010-12-23,9.792519e-06,0.09758687,0.8877945,0.98538136,0.98538136,0.00095653435,0.030927889,0.0006698655
2010-12-27,2.613373e-05,0.05054467,0.9275132,0.97805786,0.97805786,0.00088573433,0.029761288,0.0011910293
2010-12-28,1.46501425e-05,0.061864153,0.92275643,0.9846206,0.9846206,0.0008503454,0.029160682,0.0009525804
2010-12-29,1.9277972e-05,0.058979504,0.9226062,0.98158574,0.98158574,0.0008385461,0.02895766,0.0010469046
2010-12-30,1.6092761e-05,0.051731516,0.93319136,0.9849229,0.9849229,0.0008097838,0.028456701,0.0010673635
2010-12-31,1.0998444e-05,0.062220044,0.92525125,0.9874713,0.9874713,0.00077926536,0.027915325,0.0008778587
2011-01-03,1.8822311e-05,0.05268856,0.9294373,0.9821258,0.9821258,0.0007470267,0.02733179,0.0010530447
2011-01-04,1.0065659e-05,0.074059665,0.9133511,0.9874108,0.9874108,0.00086867716,0.029473329,0.00079954613
2011-01-05,9.743808e-06,0.06867133,0.91915566,0.987827,0.987827,0.000804832,0.02836956,0.00080044445
2011-01-06,1.0482144e-05,0.07535641,0.9112236,0.98658,0.98658,0.0008745977,0.029573599,0.0007810846
2011-01-07,9.928906e-06,0.07375933,0.9136109,0.9873702,0.9873702,0.00081294647,0.028512215,0.0007861487
2011-01-10,1.0798961e-05,0.06221961,0.92554134,0.98776096,0.98776096,0.0007531081,0.027442815,0.00088233734
2011-01-11,1.0470473e-05,0.07454617,0.9115124,0.98605853,0.98605853,0.00070939265,0.026634427,0.000751031
2011-01-12,1.0967573e-05,0.075818226,0.91001433,0.9858326,0.9858326,0.00068308896,0.02613597,0.00077414
2011-01-13,1.6999571e-05,0.046327338,0.9385637,0.98489106,0.98489106,0.0006422738,0.025343122,0.001125133
2011-01-14,1.0247892e-05,0.06418792,0.9236104,0.98779833,0.98779833,0.0006549578,0.025592143,0.00083987636
2011-01-18,9.145482e-06,0.08112688,0.90599495,0.9871218,0.9871218,0.0006329357,0.025158213,0.0007101533
2011-01-19,1.02679305e-05,0.06537109,0.9221679,0.987539,0.987539,0.0005945517,0.02438343,0.0008240049
2011-01-20,9.691068e-06,0.07238283,0.9152762,0.98765904,0.98765904,0.0006192665,0.024885066,0.00078527647
2011-01-21,9.629403e-06,0.06841682,0.91957515,0.987992,0.987992,0.0006380482,0.025259616,0.0008019149
2011-01-24,9.417453e-06,0.06719257,0.92092705,0.9881196,0.9881196,0.00060178293,0.024531264,0.00079268834
2011-01-25,1.0182959e-05,0.06490631,0.92313516,0.98804146,0.98804146,0.00063807063,0.02526006,0.00085152197
2011-01-26,9.712389e-06,0.06657709,0.92154795,0.988125,0.988125,0.0006348507,0.025196243,0.00081788725
2011-01-27,8.2381885e-06,0.09379354,0.8929299,0.9867235,0.9867234,0.0005959446,0.024411976,0.0006205082
2011-01-28,9.1109305e-06,0.07471375,0.9130133,0.98772705,0.98772705,0.00068701553,0.02621098,0.0007423584
2011-01-31,1.1511034e-05,0.07420502,0.91056746,0.9847725,0.9847725,0.0006366145,0.025231222,0.0007559374
2011-02-01,9.857747e-06,0.08782632,0.8980091,0.98583543,0.98583543,0.00062841177,0.025068143,0.00069594407
2011-02-02,9.097096e-06,0.08671548,0.9000482,0.98676366,0.98676366,0.0005979366,0.024452742,0.00068728166
2011-02-03,9.528734e-06,0.07547182,0.91192645,0.98739827,0.98739827,0.00057822437,0.024046296,0.00075614476
2011-02-04,1.0045654e-05,0.06966093,0.9176763,0.9873373,0.98733723,0.00056943164,0.023862766,0.00079332583
2011-02-07,9.351501e-06,0.06779351,0.92032695,0.98812044,0.98812044,0.00053514,0.023133093,0.0007871923
2011-02-08,8.832065e-06,0.0901965,0.89652336,0.98671985,0.98671985,0.0006631012,0.02575075,0.00066505745
2011-02-09,8.306356e-06,0.10154818,0.88460076,0.98614895,0.98614895,0.0006250194,0.025000388,0.0005996916
2011-02-10,8.496299e-06,0.09356049,0.8929894,0.98654985,0.98654985,0.0005613442,0.023692703,0.0006316883
2011-02-11,1.0202477e-05,0.06625887,0.9211683,0.9874272,0.9874272,0.00052874285,0.022994408,0.00081147056
2011-02-14,8.843528e-06,0.08149457,0.90579283,0.9872874,0.9872874,0.00052129605,0.02283191,0.00069565076
2011-02-15,8.307471e-06,0.092430204,0.8942772,0.98670745,0.98670745,0.00048235655,0.021962617,0.00062497193
2011-02-16,8.970962e-06,0.07184502,0.91607225,0.98791724,0.98791724,0.00045556866,0.021344054,0.00074245996
2011-02-17,8.359599e-06,0.08945135,0.89741135,0.9868627,0.9868627,0.00043983574,0.020972261,0.0006363264
2011-02-18,1.3848488e-05,0.05518628,0.9302363,0.98542255,0.98542255,0.00041914254,0.020472972,0.000949994
2011-02-22,8.828378e-06,0.07599244,0.9116216,0.98761404,0.98761404,0.000404035,0.020100622,0.0007127727
2011-02-23,0.0001976327,0.0124882115,0.9021918,0.91468,0.91468,0.0003774965,0.019429268,0.0023163704
2011-02-24,3.298255e-05,0.056892037,0.91250384,0.9693959,0.9693959,0.00053915294,0.023219667,0.0010777158
2011-02-25,1.2324891e-05,0.0700901,0.9150231,0.9851132,0.9851132,0.00056834146,0.023839913,0.0008279075
2011-02-28,9.183559e-06,0.10451016,0.88107646,0.98558664,0.98558664,0.000741262,0.027226128,0.0006371562
2011-03-01,9.193534e-06,0.07626819,0.91129607,0.98756427,0.98756427,0.00066925824,0.025870025,0.0007392836
2011-03-02,8.311674e-06,0.1620643,0.8194642,0.9815285,0.9815285,0.0007489647,0.02736722,0.00044997336
2011-03-03,9.1061565e-06,0.10955052,0.87545574,0.9850063,0.9850063,0.0006542659,0.025578622,0.0006073311
2011-03-04,8.93241e-06,0.094481006,0.891884,0.986365,0.986365,0.0005935678,0.024363246,0.00065510994
2011-03-07,1.6272903e-05,0.068383485,0.9132068,0.9815903,0.9815903,0.0005449576,0.023344327,0.00088392955
2011-03-08,9.3122635e-06,0.08284766,0.90418905,0.9870367,0.9870367,0.00057844614,0.024050908,0.0007183562
2011-03-09,9.159329e-06,0.076412804,0.9111051,0.9875179,0.9875179,0.00055345806,0.023525689,0.00073379674
2011-03-10,8.302938e-06,0.10621547,0.87968886,0.98590434,0.98590434,0.00053587294,0.02314893,0.00058904197
2011-03-11,9.0232625e-06,0.08130407,0.9059787,0.98728275,0.98728275,0.0005491433,0.023433806,0.00070952956
2011-03-14,8.855215e-06,0.07928153,0.90827733,0.98755884,0.98755884,0.00052605174,0.022935817,0.00071176776
2011-03-15,8.901587e-06,0.0783634,0.90917313,0.98753655,0.98753655,0.0004901241,0.022138746,0.0007142153
2011-03-16,8.46515e-06,0.07834782,0.9093943,0.9877421,0.9877421,0.00045843807,0.021411167,0.0006905888
2011-03-17,9.012156e-06,0.07141117,0.916342,0.9877532,0.9877532,0.0004253903,0.020624992,0.0007358792
2011-03-18,8.925333e-06,0.09891958,0.8872304,0.98614997,0.98614997,0.00061144796,0.024727473,0.0006444268
2011-03-21,9.472743e-06,0.067980595,0.92006063,0.9880412,0.9880412,0.0005520935,0.02349667,0.0007921163
2011-03-22,9.0026815e-06,0.07352104,0.91427684,0.98779786,0.98779786,0.00051758013,0.022750387,0.0007377951
2011-03-23,9.177537e-06,0.07544803,0.9122339,0.9876819,0.9876819,0.00051880965,0.022777393,0.0007450464
2011-03-24,9.665427e-06,0.066988274,0.9210979,0.98808616,0.98808616,0.000509885,0.022580633,0.0008112775
2011-03-25,9.204529e-06,0.06953236,0.9184768,0.98800915,0.98800915,0.00050888764,0.022558538,0.0007676297
2011-03-28,9.837629e-06,0.06897167,0.9189115,0.9878832,0.9878832,0.0005717234,0.023910739,0.0008119006
2011-03-29,9.264117e-06,0.06799848,0.92015135,0.9881498,0.9881498,0.0005380278,0.023195427,0.0007817702
2011-03-30,8.753414e-06,0.082737155,0.9046071,0.98734426,0.98734426,0.0005692933,0.023859868,0.0006916559
2011-03-31,8.970821e-06,0.07938395,0.9081332,0.9875172,0.9875172,0.00058391015,0.024164233,0.00071865326
2011-04-01,8.782169e-06,0.08362806,0.9036255,0.98725355,0.98725355,0.00054429774,0.02333019,0.00068898924
2011-04-04,8.851076e-06,0.07873371,0.9087899,0.98752356,0.98752356,0.00050359877,0.022441007,0.000709423
2011-04-05,8.747734e-06,0.08062379,0.9068664,0.9874902,0.9874902,0.0004883985,0.022099739,0.0006992692
2011-04-06,8.605567e-06,0.0801086,0.90745133,0.9875599,0.9875599,0.00046615663,0.021590661,0.0006917611
2011-04-07,8.767375e-06,0.07390384,0.9139797,0.98788357,0.98788357,0.00046394713,0.021539431,0.0007235938
2011-04-08,8.628829e-06,0.076219775,0.91151196,0.98773175,0.98773175,0.00046694907,0.021609005,0.0007033466
2011-04-11,8.051646e-06,0.103154674,0.88301307,0.9861677,0.9861677,0.00043532785,0.02086451,0.0005820914
2011-04-12,8.573383e-06,0.07673568,0.91109324,0.9878289,0.9878289,0.00042104902,0.020519478,0.00070440554
2011-04-13,8.2232655e-06,0.07548918,0.9125509,0.9880401,0.9880401,0.00039257028,0.019813387,0.00068756915
2011-04-14,8.105488e-06,0.08166464,0.9059666,0.9876312,0.9876312,0.0003750165,0.019365342,0.00065531733
2011-04-15,9.162308e-06,0.06871974,0.9194137,0.98813343,0.98813343,0.0003720354,0.01928822,0.0007721109
2011-04-18,8.683204e-06,0.07389085,0.9140205,0.98791134,0.98791134,0.0003514142,0.018746044,0.0007182936
2011-04-19,8.49158e-06,0.07282958,0.9152829,0.9881125,0.9881125,0.0003479062,0.018652244,0.0007143291
2011-04-20,9.172729e-06,0.07057463,0.917477,0.98805165,0.98805165,0.00039130496,0.01978143,0.00076769857
2011-04-21,8.681725e-06,0.07863024,0.908991,0.9876212,0.9876212,0.00037736655,0.019425925,0.0007013375
2011-04-25,9.128187e-06,0.07110428,0.91688514,0.9879894,0.9879894,0.00039548462,0.019886795,0.00076001254
2011-04-26,9.234236e-06,0.067657515,0.92053485,0.9881924,0.9881924,0.0003735345,0.01932704,0.00078205735
2011-04-27,8.420702e-06,0.07554019,0.9124478,0.987988,0.987988,0.00035309,0.018790688,0.0007010239
2011-04-28,8.704371e-06,0.07071621,0.917409,0.9881252,0.9881252,0.00033092248,0.018191274,0.00073301233
2011-04-29,8.614312e-06,0.08006648,0.9076305,0.987697,0.987697,0.00044656728,0.02113214,0.00070018007
2011-05-02,8.876408e-06,0.07565628,0.91217774,0.98783404,0.98783404,0.00047497195,0.021793852,0.00072961
2011-05-03,8.927594e-06,0.06948855,0.91871333,0.98820186,0.98820186,0.00044219103,0.021028338,0.00075669476
2011-05-04,8.686841e-06,0.07031142,0.91788316,0.9881946,0.9881946,0.00041671388,0.020413572,0.0007358353
2011-05-05,8.661949e-06,0.07101761,0.9171959,0.98821354,0.98821354,0.00041905144,0.020470746,0.0007349067
2011-05-06,8.167797e-06,0.1134851,0.87216973,0.98565483,0.98565483,0.00075438863,0.027466137,0.00056937616
2011-05-09,8.398426e-06,0.075619414,0.9123936,0.988013,0.988013,0.00067009265,0.025886148,0.00070062955
2011-05-10,7.596628e-06,0.11850281,0.8669566,0.9854594,0.9854594,0.00064738974,0.025443854,0.0005224421
2011-05-11,8.091139e-06,0.11034063,0.87548065,0.9858213,0.9858213,0.0006267945,0.025035866,0.00057065475
2011-05-12,7.843824e-06,0.08729014,0.90020955,0.98749965,0.9874997,0.0005824005,0.024132974,0.0006274886
2011-05-13,9.081452e-06,0.068725705,0.91945636,0.98818207,0.98818207,0.0005330829,0.023088587,0.0007684468
2011-05-16,8.87e-06,0.07187656,0.9162071,0.98808366,0.98808366,0.0005100153,0.022583518,0.0007443561
2011-05-17,8.698994e-06,0.07079649,0.9173936,0.9881901,0.9881901,0.0004969733,0.022292897,0.0007365858
2011-05-18,8.816452e-06,0.07282012,0.9152334,0.9880535,0.9880535,0.00053619617,0.02315591,0.00073799456
2011-05-19,8.7480275e-06,0.076563455,0.9111757,0.9877392,0.9877392,0.00050074054,0.022377232,0.00071349595
2011-05-20,8.675912e-06,0.07201096,0.9161309,0.98814183,0.98814183,0.0005124035,0.022636332,0.0007316403
2011-05-23,9.101256e-06,0.07294206,0.91500336,0.98794544,0.98794544,0.0005559816,0.023579262,0.0007550051
2011-05-24,9.0953445e-06,0.07289149,0.91501224,0.9879037,0.9879037,0.0005720299,0.023917146,0.0007519122
2011-05-25,8.453103e-06,0.07812797,0.90967697,0.98780495,0.98780495,0.00053250976,0.023076173,0.0006931585
2011-05-26,8.960046e-06,0.07265153,0.9153418,0.9879933,0.9879933,0.0004978661,0.022312913,0.0007462539
2011-05-27,8.904691e-06,0.07065812,0.9174657,0.98812383,0.9881238,0.000475089,0.021796536,0.00074979506
2011-05-31,9.129845e-06,0.07541916,0.9123534,0.9877725,0.9877726,0.00057929865,0.024068624,0.0007466664
2011-06-01,8.5743695e-06,0.0864179,0.90082175,0.98723966,0.98723966,0.0006170164,0.024839815,0.0006719546
2011-06-02,8.668609e-06,0.07102664,0.9171309,0.9881575,0.9881575,0.0005695936,0.02386616,0.0007319921
2011-06-03,9.298358e-06,0.0715646,0.9164496,0.9880142,0.9880142,0.00061921694,0.02488407,0.00077578257
2011-06-06,9.620274e-06,0.066831246,0.9213154,0.9881466,0.9881466,0.00060024654,0.024499929,0.0008116048
2011-06-07,9.170629e-06,0.06891601,0.91926616,0.9881822,0.9881822,0.0006056873,0.024610715,0.0007760005
2011-06-08,8.418098e-06,0.07403041,0.91408485,0.98811525,0.98811525,0.00056603225,0.023791432,0.000708311
2011-06-09,9.4112065e-06,0.06731622,0.9208806,0.98819685,0.98819685,0.000526733,0.022950664,0.000797347
2011-06-10,9.649881e-06,0.07433417,0.91318804,0.9875222,0.9875222,0.00058238505,0.024132656,0.000773363
2011-06-13,9.206639e-06,0.068950124,0.91918993,0.98814005,0.98814005,0.0005650503,0.023770787,0.00077627954
2011-06-14,9.186592e-06,0.068681605,0.9195198,0.9882014,0.9882014,0.0005663642,0.023798408,0.0007786158
2011-06-15,8.869473e-06,0.073714755,0.9142003,0.98791504,0.98791504,0.00054320775,0.023306817,0.00073392654
2011-06-16,8.318521e-06,0.07405155,0.9140555,0.9881071,0.9881071,0.00050550303,0.022483395,0.0006994519
2011-06-17,8.642984e-06,0.07196464,0.91618013,0.98814476,0.98814476,0.00056908355,0.023855472,0.00072904304
2011-06-20,8.667493e-06,0.07134711,0.9168347,0.9881818,0.9881818,0.00055798324,0.023621669,0.00073340395
2011-06-21,9.099081e-06,0.068216436,0.9199959,0.98821235,0.98821235,0.00052043906,0.022813134,0.00077191624
2011-06-22,8.968224e-06,0.06974166,0.9184409,0.98818254,0.98818254,0.0005065153,0.022505896,0.0007588964
2011-06-23,8.154968e-06,0.08556677,0.901823,0.98738974,0.98738974,0.0004922657,0.022187062,0.0006466932
2011-06-24,8.055369e-06,0.082975455,0.9046725,0.98764795,0.98764795,0.00052374694,0.022885518,0.0006521484
2011-06-27,9.2969085e-06,0.06684722,0.9212375,0.98808473,0.98808473,0.00048823518,0.022096045,0.0007802518
2011-06-28,8.740098e-06,0.07117899,0.9169845,0.9881635,0.9881635,0.00046196312,0.021493327,0.0007384004
2011-06-29,8.263739e-06,0.08229826,0.90528464,0.9875829,0.9875829,0.00047219876,0.021730134,0.000665514
2011-06-30,8.015102e-06,0.08957473,0.89763373,0.9872085,0.9872085,0.00044313475,0.021050766,0.0006265952
2011-07-01,9.1843485e-06,0.06897909,0.9191618,0.9881409,0.9881409,0.00042281338,0.020562427,0.00077445456
2011-07-05,9.2222135e-06,0.06763697,0.9205258,0.98816276,0.98816276,0.00041192782,0.020296006,0.0007790845
2011-07-06,9.065242e-06,0.06947202,0.91863376,0.9881058,0.9881058,0.00039847294,0.019961787,0.0007621549
2011-07-07,9.070836e-06,0.07142799,0.91659415,0.98802215,0.98802215,0.0004546239,0.021321911,0.00075730076
2011-07-08,7.994705e-06,0.10664659,0.8793923,0.9860389,0.9860389,0.0004541037,0.02130971,0.0005726424
2011-07-11,8.903034e-06,0.073173635,0.9148011,0.98797476,0.98797476,0.00043990396,0.020973887,0.00074036245
2011-07-12,9.151794e-06,0.069312274,0.918858,0.98817027,0.98817027,0.00043987634,0.02097323,0.0007736264
2011-07-13,9.259859e-06,0.06911693,0.9189465,0.98806345,0.98806345,0.000421191,0.020522939,0.0007757571
2011-07-14,8.965419e-06,0.07108476,0.91701883,0.98810357,0.98810357,0.00041452254,0.020359827,0.0007536225
2011-07-15,8.9426185e-06,0.06936252,0.9188255,0.988188,0.988188,0.00039123144,0.019779572,0.0007570809
2011-07-18,9.38798e-06,0.07073794,0.91729635,0.9880343,0.9880343,0.00046784838,0.021629803,0.0007845748
2011-07-19,9.263812e-06,0.06767233,0.92053103,0.98820335,0.98820335,0.00043854662,0.020941505,0.00078529154
2011-07-20,9.318376e-06,0.06779528,0.9203666,0.98816186,0.98816186,0.00041343758,0.020333165,0.0007871488
2011-07-21,9.229985e-06,0.067905396,0.92027605,0.9881815,0.9881815,0.00039325058,0.019830547,0.00078097585
2011-07-22,9.602907e-06,0.066179246,0.9219986,0.98817784,0.9881779,0.00040832354,0.020207018,0.00081228
2011-07-25,9.42912e-06,0.066154696,0.9219787,0.98813343,0.98813343,0.00038615902,0.019650929,0.0007945953
2011-07-26,9.334909e-06,0.06642917,0.92178726,0.98821646,0.9882164,0.0003659611,0.01913011,0.000792199
2011-07-27,9.278013e-06,0.06698044,0.9211119,0.9880923,0.9880923,0.00034746324,0.018640365,0.000779161
2011-07-28,8.95503e-06,0.06827178,0.9199589,0.98823065,0.98823065,0.0003293334,0.018147545,0.0007608769
2011-07-29,9.625704e-06,0.065530084,0.9223328,0.9878629,0.9878629,0.0003695459,0.019223576,0.00079308
2011-08-01,8.683261e-06,0.07096025,0.9171828,0.9881431,0.9881431,0.00038634366,0.019655626,0.00073233736
2011-08-02,9.312747e-06,0.06670671,0.9212661,0.9879728,0.9879728,0.00037089406,0.01925861,0.00077430694
2011-08-03,8.722162e-06,0.07020795,0.91791725,0.9881252,0.9881252,0.00035496487,0.018840512,0.0007345106
2011-08-04,8.641576e-06,0.06999966,0.91819286,0.9881925,0.9881925,0.00035155198,0.01874972,0.0007318717
2011-08-05,7.878797e-06,0.08044317,0.9074391,0.9878823,0.98788226,0.00042676946,0.0206584,0.00065019
2011-08-08,8.276835e-06,0.07420653,0.9138472,0.98805374,0.98805374,0.00039514952,0.019878369,0.0006928389
2011-08-09,7.8747335e-06,0.08186069,0.90597093,0.98783165,0.9878316,0.00036951192,0.019222694,0.00064714893
2011-08-10,8.427027e-06,0.071948215,0.9162399,0.98818815,0.98818815,0.00036127816,0.019007318,0.0007134382
2011-08-11,8.052826e-06,0.08331377,0.90407735,0.9873911,0.9873911,0.00033987878,0.018435802,0.0006386628
2011-08-12,9.528188e-06,0.06838738,0.91954994,0.98793733,0.98793733,0.0003720761,0.019289274,0.00078989053
2011-08-15,9.3233475e-06,0.06700031,0.9211623,0.98816264,0.98816264,0.00036078942,0.018994458,0.0007876203
2011-08-16,1.1082091e-05,0.060194064,0.9268255,0.9870196,0.9870196,0.00034674074,0.018620975,0.0008537556
2011-08-17,8.856272e-06,0.072731026,0.9152637,0.98799473,0.98799473,0.00036407803,0.019080829,0.00073769875
2011-08-18,1.0788283e-05,0.060909774,0.9263682,0.9872779,0.9872779,0.0003420991,0.018495921,0.00084799714
2011-08-19,8.222644e-06,0.0778703,0.91003877,0.9879091,0.9879091,0.0003341265,0.018279128,0.00068006763
2011-08-22,9.585452e-06,0.0656768,0.9221156,0.98779243,0.98779243,0.00032438722,0.018010752,0.00078520575
2011-08-23,1.2945211e-05,0.053786516,0.9325991,0.98638564,0.98638564,0.00031950662,0.017874748,0.00095085
2011-08-24,9.194596e-06,0.07164519,0.91619176,0.98783696,0.98783696,0.0003489649,0.018680602,0.00075594534
2011-08-25,9.401592e-06,0.06730579,0.92074525,0.98805106,0.98805106,0.00035144817,0.018746952,0.00078681373
2011-08-26,8.9149335e-06,0.07181905,0.91606313,0.9878822,0.9878822,0.00033341587,0.018259678,0.0007356889
2011-08-29,1.4492507e-05,0.050031323,0.9354731,0.9855044,0.9855044,0.00031434797,0.017729862,0.0009997858
2011-08-30,1.8023484e-05,0.043903872,0.9402169,0.9841208,0.9841208,0.00032623607,0.018062007,0.0011350362
2011-08-31,1.2653514e-05,0.06402311,0.92096066,0.98498374,0.9849838,0.00033287407,0.018244836,0.0008426543
2011-09-01,9.310805e-06,0.07413153,0.9135962,0.98772776,0.98772776,0.0004051138,0.020127438,0.0007586884
2011-09-02,1.14492e-05,0.058169056,0.9288112,0.98698026,0.98698026,0.00037946645,0.019479899,0.0008793724
2011-09-06,9.214573e-06,0.07619587,0.9114517,0.9876476,0.9876476,0.0004803356,0.02191656,0.0007459739
2011-09-07,9.371238e-06,0.0703091,0.9176485,0.9879576,0.9879576,0.00046931815,0.021663751,0.00077818666
2011-09-08,1.188039e-05,0.0666281,0.91882306,0.98545116,0.98545116,0.00044007617,0.020977993,0.00081658683
2011-09-09,9.422702e-06,0.067127705,0.9210101,0.9881378,0.9881378,0.00042331085,0.02057452,0.00079434563
2011-09-12,9.003388e-06,0.06873801,0.9193882,0.98812616,0.98812616,0.00041704503,0.02042168,0.000758254
2011-09-13,1.7534272e-05,0.044377577,0.94009054,0.9844681,0.9844681,0.00039628206,0.019906834,0.0011289201
2011-09-14,1.3640577e-05,0.054268993,0.93180424,0.98607326,0.98607326,0.0004164199,0.02040637,0.0009794519
2011-09-15,9.432868e-06,0.06822418,0.91982853,0.9880527,0.9880527,0.00041374523,0.020340728,0.0007895414
2011-09-16,1.2369312e-05,0.07166377,0.91321456,0.98487836,0.9848783,0.00050175504,0.02239989,0.0008179875
2011-09-19,9.344411e-06,0.07214541,0.9156685,0.9878139,0.9878139,0.00049314986,0.022206977,0.0007668084
2011-09-20,9.232965e-06,0.06818297,0.919928,0.98811096,0.98811096,0.0004630436,0.021518448,0.0007765946
2011-09-21,2.7632817e-05,0.035687003,0.94407487,0.9797619,0.9797619,0.00043947986,0.020963775,0.0013653858
2011-09-22,1.0712867e-05,0.06155917,0.9256954,0.9872546,0.9872546,0.0004539186,0.021305365,0.0008405294
2011-09-23,8.4298545e-06,0.076602,0.91122824,0.9878302,0.9878302,0.0004335193,0.020821126,0.0006926876
2011-09-26,1.30266735e-05,0.052876785,0.933377,0.9862538,0.9862538,0.00040352342,0.020087892,0.0009476562
2011-09-27,1.2530093e-05,0.056260176,0.9302594,0.9865196,0.9865196,0.00041492452,0.020369695,0.0009295028
2011-09-28,1.42096205e-05,0.067880094,0.91483855,0.98271865,0.98271865,0.00040666526,0.020165943,0.0008222516
2011-09-29,8.766735e-06,0.074979134,0.9128418,0.9878209,0.9878209,0.00040756215,0.02018817,0.00071981933
2011-09-30,2.8691458e-05,0.032330614,0.947733,0.9800636,0.9800636,0.00038147747,0.019531447,0.0014391507
2011-10-03,9.162121e-06,0.07553669,0.9120365,0.98757315,0.98757315,0.00040538204,0.0201341,0.00073728414
2011-10-04,1.6265009e-05,0.047109798,0.93727165,0.98438144,0.98438144,0.00039214696,0.0198027,0.0010413895
2011-10-05,9.138359e-06,0.06997077,0.91784114,0.9878119,0.9878119,0.00038550643,0.019634318,0.0007497786
2011-10-06,4.622731e-05,0.028621513,0.94266564,0.97128713,0.97128713,0.000387342,0.019681007,0.0016099857
2011-10-07,1.648309e-05,0.062804244,0.91897637,0.9817806,0.9817806,0.00041320163,0.020327361,0.00090469944
2011-10-10,2.4999437e-05,0.042423435,0.9378221,0.98024553,0.98024553,0.0004639895,0.021540416,0.0012655079
2011-10-11,3.483266e-05,0.03763701,0.9379533,0.9755903,0.9755903,0.00047282947,0.021744642,0.0014270002
2011-10-12,9.872554e-06,0.07998255,0.906664,0.9866466,0.98664653,0.0004951849,0.022252752,0.00073932845
2011-10-13,1.9993748e-05,0.057414435,0.9237683,0.9811827,0.9811827,0.0005599052,0.023662316,0.0010625191
2011-10-14,1.0494781e-05,0.08117696,0.9047226,0.9858995,0.9858995,0.0005457227,0.023360709,0.0007442848
2011-10-17,1.5496795e-05,0.0769563,0.90512407,0.9820804,0.98208034,0.00068945263,0.02625743,0.0008647958
2011-10-18,1.01869155e-05,0.068390556,0.91904193,0.9874325,0.9874325,0.0006406794,0.025311645,0.0008105748
2011-10-19,4.0213894e-05,0.037836082,0.935689,0.97352505,0.97352505,0.00069306034,0.02632604,0.0015189411
2011-10-20,9.494555e-06,0.074595526,0.91296,0.9875555,0.9875555,0.00069208245,0.02630746,0.00076295214
2011-10-21,1.2107282e-05,0.069257125,0.9163069,0.98556405,0.98556405,0.00065281044,0.025550155,0.0008386898
2011-10-24,5.4608354e-05,0.022069408,0.94938374,0.97145313,0.97145313,0.0006102823,0.024703892,0.0019129367
2011-10-25,0.00012878868,0.012395186,0.9323874,0.9447826,0.9447826,0.00063499314,0.02519907,0.0023323938
2011-10-26,7.1926166e-05,0.020225126,0.9442297,0.9644548,0.9644548,0.0007236664,0.026901048,0.0020235144
2011-10-27,2.3758375e-05,0.041338567,0.9397522,0.9810908,0.9810908,0.0007621992,0.027607955,0.0012564443
2011-10-28,9.83556e-05,0.02031098,0.93029946,0.95061046,0.95061046,0.00075395557,0.02745825,0.0019914256
2011-10-31,1.0464694e-05,0.11489734,0.8693943,0.9842916,0.9842917,0.0010343306,0.03216101,0.00066618517
2011-11-01,1.37454945e-05,0.06011727,0.92564166,0.9857589,0.9857589,0.0009107441,0.030178536,0.00096519897
2011-11-02,9.74885e-06,0.09110443,0.8951772,0.98628163,0.98628163,0.00095038663,0.030828342,0.0007106422
2011-11-03,1.3447082e-05,0.062412016,0.92338765,0.9857997,0.9857997,0.00086677936,0.029441116,0.00094695564
2011-11-04,1.0725767e-05,0.08247816,0.90317243,0.9856506,0.9856506,0.00081772706,0.028595928,0.00074747147
2011-11-07,2.8002798e-05,0.04051953,0.9386303,0.9791498,0.9791498,0.000749467,0.027376395,0.0013430482
2011-11-08,2.715712e-05,0.04717863,0.93062204,0.97780067,0.97780067,0.00075302226,0.027441252,0.0012233305
2011-11-09,4.0967443e-05,0.030582767,0.944334,0.97491676,0.97491676,0.0007363779,0.027136283,0.0016332594
2011-11-10,2.0853055e-05,0.044296227,0.9380063,0.9823025,0.9823025,0.00075537764,0.027484134,0.0011783042
2011-11-11,6.554008e-05,0.022115836,0.94379705,0.9659129,0.9659129,0.0007294188,0.027007755,0.0019227227
2011-11-14,0.00016149566,0.010418445,0.92215943,0.93257785,0.93257785,0.0007609451,0.027585233,0.0023952906
2011-11-15,8.18015e-05,0.021145146,0.93761396,0.9587591,0.9587591,0.00087639975,0.02960405,0.0019835057
2011-11-16,0.00011871139,0.019646514,0.9242598,0.9439063,0.9439063,0.000908628,0.030143457,0.0021163055
2011-11-17,0.00018921932,0.010721414,0.9114888,0.92221016,0.92221016,0.0009645898,0.031057846,0.0024324425
2011-11-18,1.5337722e-05,0.06526699,0.9179504,0.98321736,0.98321736,0.0010726145,0.032750793,0.00091390393
2011-11-21,6.489986e-05,0.027535446,0.9373224,0.9648578,0.9648578,0.0010501936,0.03240669,0.0018467794
2011-11-22,2.8676572e-05,0.047971807,0.9299582,0.97793,0.97793,0.0010663805,0.03265548,0.0012993468
2011-11-23,3.675813e-05,0.04402476,0.9286002,0.97262496,0.97262496,0.0010215188,0.03196121,0.0013427606
2011-11-25,1.4765473e-05,0.05769273,0.927278,0.9849707,0.9849707,0.0009931249,0.031513885,0.0009824451
2011-11-28,0.00017870008,0.008554169,0.9191849,0.9277391,0.9277391,0.0009678799,0.031110767,0.002472984
2011-11-29,3.110854e-05,0.05122279,0.9225001,0.9737229,0.9737229,0.0010909208,0.03302909,0.0011838638
2011-11-30,9.282517e-06,0.11727537,0.867392,0.98466736,0.98466736,0.0013422408,0.036636606,0.0006054089
2011-12-01,9.671357e-06,0.09135862,0.8948627,0.9862213,0.9862213,0.0012350592,0.03514341,0.000701907
2011-12-02,1.0068428e-05,0.08454616,0.90208095,0.9866271,0.9866271,0.001183656,0.034404304,0.000752898
2011-12-05,9.281533e-06,0.09702361,0.88893956,0.98596317,0.98596317,0.001103695,0.033221904,0.0006612269
2011-12-06,9.619171e-06,0.091065645,0.89524144,0.9863071,0.9863071,0.0011073322,0.033276603,0.00070249254
2011-12-07,9.52814e-06,0.09345315,0.89242226,0.9858754,0.9858754,0.0010063344,0.031722777,0.000674579
2011-12-08,1.0490002e-05,0.071805276,0.91513366,0.98693895,0.98693895,0.00094099576,0.030675653,0.0008031517
2011-12-09,9.9179115e-06,0.07753358,0.909424,0.9869576,0.9869576,0.0008798084,0.029661564,0.00076043664
2011-12-12,1.116895e-05,0.084604956,0.90056473,0.9851697,0.9851697,0.0009412266,0.030679416,0.0007531174
2011-12-13,1.0046994e-05,0.08078843,0.9056909,0.98647934,0.98647934,0.00088924955,0.029820288,0.0007430847
2011-12-14,1.5049994e-05,0.0796427,0.9013151,0.9809578,0.9809578,0.0008204227,0.028643021,0.0007903498
2011-12-15,9.269943e-06,0.09869108,0.88715136,0.98584247,0.98584247,0.0009114035,0.03018946,0.00065477105
2011-12-16,2.3575998e-05,0.052779984,0.92643946,0.97921944,0.97921944,0.00081852527,0.028609881,0.0011345216
2011-12-19,1.9585903e-05,0.05337872,0.92852956,0.98190826,0.98190826,0.00078189233,0.027962338,0.0010825882
2011-12-20,2.9063469e-05,0.040534686,0.93794906,0.97848374,0.97848374,0.0007506778,0.027398499,0.0013507674
2011-12-21,1.6317508e-05,0.07710032,0.90256023,0.9796606,0.9796606,0.0007376205,0.02715917,0.0008022599
2011-12-22,2.406736e-05,0.051377248,0.9272746,0.9786518,0.9786518,0.00068803603,0.026230441,0.001127373
2011-12-23,2.7003793e-05,0.04059705,0.9388747,0.9794718,0.9794718,0.0006631688,0.025752064,0.0013154488
2011-12-27,3.6255653e-05,0.037577342,0.93789774,0.9754751,0.9754751,0.00066178915,0.025725262,0.0014783185
2011-12-28,7.447098e-05,0.02171807,0.9402192,0.9619373,0.9619373,0.0006569533,0.0256311,0.0019565348
2011-12-29,2.1220154e-05,0.04465339,0.93731815,0.98197156,0.98197156,0.0006938453,0.026340943,0.0011770378
2011-12-30,6.915276e-05,0.023745492,0.94001514,0.9637606,0.9637606,0.00068677316,0.026206357,0.001908221
2012-01-03,4.022618e-05,0.03494734,0.9387085,0.9736558,0.9736558,0.000718397,0.02680293,0.0015269475
2012-01-04,0.00011241387,0.024191253,0.91793334,0.9421246,0.9421246,0.00071467477,0.026733402,0.0019423431
2012-01-05,1.26006635e-05,0.085225314,0.89846206,0.9836874,0.9836874,0.0007964698,0.028221797,0.00077244977
2012-01-06,1.1364443e-05,0.081425995,0.90419734,0.9856233,0.98562336,0.0008511448,0.029174386,0.00079047645
2012-01-09,9.959008e-06,0.09263356,0.89302516,0.9856587,0.9856587,0.00084188033,0.029015174,0.0006944288
2012-01-10,9.472506e-06,0.08570481,0.9009433,0.9866481,0.9866481,0.00078727485,0.028058419,0.0007094491
2012-01-11,1.2227284e-05,0.091082364,0.8920771,0.9831594,0.9831594,0.0007653568,0.027665082,0.0007260609
2012-01-12,1.0746984e-05,0.11631761,0.8672119,0.9835295,0.9835295,0.001004068,0.031687032,0.00065249926
2012-01-13,9.629647e-06,0.10947038,0.87534916,0.98481953,0.98481953,0.0009723166,0.031181991,0.0006343445
2012-01-17,1.0696895e-05,0.09899133,0.88538224,0.98437357,0.98437357,0.0008713792,0.029519133,0.00068453857
2012-01-18,1.1348836e-05,0.14362414,0.83562374,0.97924787,0.97924787,0.0012727245,0.035675265,0.00054687564
2012-01-19,9.713456e-06,0.14032975,0.841642,0.9819718,0.98197174,0.00108047,0.032870505,0.00053879234
2012-01-20,2.2899376e-05,0.12514153,0.842594,0.9677356,0.9677355,0.0014653626,0.038280055,0.000709741
2012-01-23,1.0044791e-05,0.13287637,0.849687,0.9825634,0.9825634,0.0012682185,0.035612054,0.00057607435
2012-01-24,3.0444058e-05,0.13336906,0.8255826,0.9589517,0.9589517,0.001835362,0.042841125,0.0007416645
2012-01-25,9.248291e-06,0.15588517,0.82557213,0.9814573,0.9814573,0.0015637126,0.039543808,0.00049875624
2012-01-26,9.119081e-06,0.15322444,0.82877946,0.9820039,0.9820039,0.0019891665,0.044600073,0.0005067262
2012-01-27,9.2428645e-06,0.14293058,0.8396488,0.98257935,0.98257935,0.0019861164,0.044565868,0.00053056946
2012-01-30,8.652002e-06,0.15523238,0.8269043,0.98213667,0.98213667,0.0017876922,0.04228111,0.00048434423
2012-01-31,9.183598e-06,0.10777,0.8776139,0.9853839,0.9853839,0.0015139126,0.03890903,0.0006283219
2012-02-01,9.643147e-06,0.16992953,0.80980945,0.979739,0.97973895,0.0020337466,0.04509708,0.0004759465
2012-02-02,9.266796e-06,0.15753546,0.82355237,0.98108786,0.9810878,0.002070332,0.0455009,0.00048999203
2012-02-03,9.149268e-06,0.16132574,0.81993103,0.9812568,0.9812568,0.0024845926,0.049845688,0.00048813756
2012-02-06,8.460009e-06,0.16297702,0.818626,0.981603,0.981603,0.0021213614,0.04605824,0.0004598587
2012-02-07,8.571471e-06,0.16320045,0.81836796,0.9815684,0.9815684,0.001812944,0.04257868,0.00046504205
2012-02-08,8.573471e-06,0.147835,0.8347614,0.9825964,0.9825964,0.001647647,0.040591218,0.0004926262
2012-02-09,8.678442e-06,0.14559759,0.8370127,0.9826103,0.9826103,0.0013974488,0.03738247,0.000499056
2012-02-10,8.730963e-06,0.13028044,0.8531917,0.9834721,0.9834721,0.001199267,0.034630433,0.0005282563
2012-02-13,9.135046e-06,0.10236384,0.883008,0.9853718,0.9853718,0.0010319412,0.03212384,0.00062448304
2012-02-14,8.812951e-06,0.11412867,0.87045777,0.9845864,0.9845864,0.00095553085,0.030911662,0.00057176524
2012-02-15,8.887371e-06,0.10793587,0.87742424,0.9853601,0.9853601,0.0010315978,0.032118496,0.00060706446
2012-02-16,8.93808e-06,0.11199244,0.8727148,0.98470724,0.98470724,0.0011133499,0.0333669,0.0005844647
2012-02-17,8.472594e-06,0.13016438,0.8540084,0.98417276,0.98417276,0.0013458749,0.036686167,0.0005353173
2012-02-21,8.993797e-06,0.09853275,0.8876402,0.9861729,0.9861729,0.0014188308,0.03766737,0.00065044774
2012-02-22,8.13239e-06,0.13151705,0.8527482,0.98426527,0.98426527,0.0013145488,0.03625671,0.0005168432
2012-02-23,8.491185e-06,0.11270286,0.8726819,0.98538476,0.98538476,0.001134943,0.033688914,0.00058098166
2012-02-24,8.742252e-06,0.099930175,0.8860064,0.9859366,0.9859366,0.0010064262,0.031724222,0.0006216307
2012-02-27,1.0571013e-05,0.09779702,0.8858768,0.9836738,0.9836738,0.0009746825,0.031219905,0.0006474881
2012-02-28,9.638586e-06,0.10282936,0.88211507,0.9849444,0.9849444,0.001041909,0.032278616,0.0006401995
2012-02-29,9.074476e-06,0.09417486,0.8921779,0.98635274,0.98635274,0.0010189023,0.03192025,0.0006649303
2012-03-01,8.822226e-06,0.10306723,0.88283104,0.98589826,0.98589826,0.0010540365,0.032465927,0.0006256124
2012-03-02,9.068335e-06,0.1912892,0.78671175,0.97800094,0.97800094,0.0013111458,0.036209747,0.00041221463
2012-03-05,8.795394e-06,0.10051226,0.8855287,0.98604095,0.98604095,0.0010550277,0.03248119,0.0006300854
2012-03-06,8.627384e-06,0.13342777,0.8503363,0.9837641,0.98376405,0.0012267077,0.035024386,0.0005313774
2012-03-07,8.488001e-06,0.121325046,0.86347926,0.9848043,0.9848043,0.0010517945,0.032431383,0.0005585781
2012-03-08,8.482777e-06,0.13877791,0.84449947,0.9832774,0.9832774,0.000980765,0.031317167,0.00050726364
2012-03-09,8.498893e-06,0.13217577,0.8516815,0.9838572,0.9838573,0.0008598744,0.029323615,0.0005264825
2012-03-12,8.6638875e-06,0.11362798,0.87152576,0.98515373,0.98515373,0.0008097611,0.028456302,0.00058357354
2012-03-13,8.660606e-06,0.10052555,0.8855384,0.98606396,0.98606396,0.0007784553,0.027900811,0.00062145374
2012-03-14,8.470576e-06,0.12160105,0.8631027,0.9847037,0.9847037,0.0007159046,0.026756393,0.0005537671
2012-03-15,8.647389e-06,0.1015272,0.884539,0.9860662,0.9860662,0.00063125754,0.025124839,0.00062060624
2012-03-16,9.14782e-06,0.08149449,0.90567064,0.98716515,0.98716515,0.00056741957,0.02382057,0.000712733
2012-03-19,8.489688e-06,0.111587085,0.873779,0.9853661,0.9853661,0.0005576909,0.023615481,0.0005801387
2012-03-20,9.449918e-06,0.07888594,0.90833783,0.9872238,0.98722374,0.00050903816,0.022561874,0.0007396504
2012-03-21,8.495288e-06,0.08955215,0.89745516,0.9870073,0.9870073,0.00047528863,0.021801116,0.00065385184
2012-03-22,1.0114174e-05,0.06839758,0.919021,0.9874186,0.9874186,0.00044559888,0.021109214,0.00080389844
2012-03-23,8.988581e-06,0.0910787,0.8956034,0.9866821,0.9866821,0.0005242831,0.022897229,0.0006749256
2012-03-26,8.730593e-06,0.09774106,0.88842714,0.9861682,0.9861682,0.0004792765,0.021892384,0.0006311975
2012-03-27,9.226669e-06,0.09685566,0.8891107,0.9859663,0.9859663,0.00047999897,0.02190888,0.00065746636
2012-03-28,8.803139e-06,0.09027337,0.8964471,0.9867205,0.9867205,0.00044206379,0.021025313,0.0006629121
2012-03-29,8.346468e-06,0.09232561,0.8945664,0.98689204,0.98689204,0.00041019905,0.020253371,0.0006367483
2012-03-30,8.970796e-06,0.0930674,0.89341617,0.9864836,0.9864836,0.00040915265,0.020227522,0.0006636959
2012-04-02,9.253008e-06,0.084616534,0.90213877,0.9867553,0.9867553,0.00038488148,0.019618396,0.0006986203
2012-04-03,1.0627745e-05,0.0897278,0.8949046,0.98463243,0.98463243,0.00036939926,0.019219762,0.00069156976
2012-04-04,8.438649e-06,0.09126812,0.89570767,0.9869758,0.9869758,0.00036515936,0.019109143,0.0006479202
2012-04-05,8.558532e-06,0.08438419,0.90297395,0.98735815,0.98735815,0.00037596235,0.019389749,0.0006770001
2012-04-09,8.656419e-06,0.085159704,0.9019655,0.9871252,0.9871252,0.00039820565,0.019955091,0.0006723546
2012-04-10,8.481206e-06,0.08105287,0.9065908,0.9876437,0.9876437,0.00037439758,0.019349355,0.00068638823
2012-04-11,8.699016e-06,0.09099305,0.895853,0.986846,0.986846,0.00045607233,0.02135585,0.00066132244
2012-04-12,8.442378e-06,0.102766596,0.88323593,0.9860025,0.9860025,0.0004662793,0.021593502,0.0006031349
2012-04-13,8.149487e-06,0.11465659,0.8707997,0.9854563,0.9854563,0.00042028615,0.020500882,0.0005603444
2012-04-16,8.44165e-06,0.089410804,0.89765024,0.987061,0.987061,0.0003742085,0.01934447,0.0006524202
2012-04-17,9.033644e-06,0.0741809,0.9136381,0.987819,0.987819,0.00037242376,0.019298283,0.0007416186
2012-04-18,8.931733e-06,0.084995545,0.9019785,0.98697406,0.98697406,0.00042797253,0.020687496,0.00068568817
2012-04-19,8.331981e-06,0.08424676,0.9032282,0.987475,0.987475,0.00039495734,0.019873533,0.00066522683
2012-04-20,8.6924165e-06,0.08057056,0.90693563,0.9875062,0.9875062,0.00040811644,0.020201892,0.000695739
2012-04-23,8.758994e-06,0.08045531,0.90703416,0.98748946,0.98748946,0.00038794766,0.019696387,0.0007001293
2012-04-24,8.432248e-06,0.097660676,0.88891244,0.9865731,0.9865731,0.0004951132,0.022251138,0.00062801153
2012-04-25,8.928853e-06,0.07674533,0.9109345,0.98767984,0.98767984,0.00047313055,0.021751564,0.00072473515
2012-04-26,8.975832e-06,0.08949591,0.8974616,0.9869575,0.9869575,0.0006038672,0.02457371,0.00068819826
2012-04-27,8.762756e-06,0.096296825,0.8901781,0.98647493,0.98647493,0.0005721176,0.02391898,0.0006478899
2012-04-30,9.429143e-06,0.099347554,0.8866743,0.9860218,0.9860218,0.0010074878,0.03174095,0.00067456136
2012-05-01,9.254067e-06,0.09412636,0.89238393,0.9865103,0.9865103,0.0010994638,0.033158164,0.00068600866
2012-05-02,9.625959e-06,0.07790342,0.9095819,0.9874853,0.9874853,0.0011203163,0.033471126,0.0007691716
2012-05-03,9.704294e-06,0.09057641,0.8958933,0.9864697,0.9864697,0.0012300275,0.03507175,0.00071722607
2012-05-04,9.553823e-06,0.091079,0.8954014,0.9864804,0.9864804,0.0012431196,0.035257902,0.0007066654
2012-05-07,9.185153e-06,0.08373555,0.9033805,0.98711604,0.98711604,0.0011852037,0.034426786,0.00071291375
2012-05-08,9.525869e-06,0.077654995,0.90975714,0.98741215,0.98741215,0.0011318307,0.03364269,0.0007567514
2012-05-09,9.007642e-06,0.093543045,0.89298916,0.9865322,0.9865322,0.0010851233,0.03294121,0.00066882855
2012-05-10,9.304438e-06,0.08085785,0.9064127,0.9872706,0.9872706,0.0010613601,0.032578524,0.0007309405
2012-05-11,9.796948e-06,0.068366304,0.9196194,0.9879857,0.9879857,0.0009780179,0.03127328,0.0008154386
2012-05-14,9.589579e-06,0.067000344,0.9211403,0.98814064,0.98814064,0.00091475504,0.030244919,0.00080860866
2012-05-15,9.510465e-06,0.06753493,0.9205669,0.98810184,0.98810184,0.00091816427,0.030301226,0.0007993223
2012-05-16,9.155602e-06,0.07523308,0.9125276,0.9877607,0.9877607,0.000908426,0.030140106,0.00074805086
2012-05-17,9.878637e-06,0.06912186,0.9187977,0.9879195,0.9879195,0.0009995769,0.031616084,0.00081773475
2012-05-18,9.851073e-06,0.065713525,0.9224587,0.98817223,0.98817223,0.0009338908,0.030559627,0.00083287683
2012-05-21,9.818217e-06,0.075755246,0.91174,0.98749524,0.98749524,0.0010751477,0.032789443,0.0007851586
2012-05-22,9.272434e-06,0.086462975,0.9004247,0.9868877,0.9868877,0.0011758021,0.03428997,0.00070715504
2012-05-23,9.22608e-06,0.08856702,0.8982433,0.9868103,0.9868103,0.0011868742,0.03445104,0.00069949264
2012-05-24,9.666966e-06,0.068764195,0.91921645,0.98798066,0.98798066,0.0010864922,0.03296198,0.00080428453
2012-05-25,9.3884555e-06,0.07791446,0.9095185,0.98743296,0.98743296,0.0010843176,0.032928977,0.00074706954
2012-05-29,9.354592e-06,0.07914589,0.9081514,0.9872973,0.9872973,0.0010661561,0.032652047,0.0007364253
2012-05-30,9.276074e-06,0.09285459,0.8934901,0.98634464,0.9863447,0.0012208635,0.034940857,0.0006792989
2012-05-31,8.9739815e-06,0.079319485,0.90813977,0.98745924,0.98745924,0.0011018488,0.033194106,0.00071558525
2012-06-01,9.006502e-06,0.07858707,0.9089872,0.9875743,0.9875743,0.0010098807,0.03177862,0.00072482735
2012-06-04,8.710938e-06,0.076308355,0.91122675,0.9875351,0.9875351,0.0010542123,0.032468636,0.0006988385
2012-06-05,9.122916e-06,0.08711289,0.8998346,0.9869475,0.9869475,0.0010781118,0.03283461,0.00069893885
2012-06-06,9.000456e-06,0.078967586,0.90856093,0.9875285,0.9875285,0.0009938787,0.031525843,0.0007216821
2012-06-07,8.8186935e-06,0.07934551,0.9082084,0.9875539,0.9875539,0.00092000334,0.030331558,0.00070855045
2012-06-08,9.566969e-06,0.098055735,0.8878133,0.98586905,0.98586905,0.0011536654,0.03396565,0.0006770224
2012-06-11,9.068797e-06,0.08556849,0.9014711,0.98703957,0.98703957,0.0010459749,0.032341536,0.0006997294
2012-06-12,9.505732e-06,0.08101882,0.90605706,0.98707587,0.98707587,0.0010608113,0.032570098,0.0007355024
2012-06-13,9.085653e-06,0.08259953,0.9046051,0.9872046,0.9872046,0.0009740825,0.031210294,0.00071007246
2012-06-14,8.914372e-06,0.08606268,0.9009826,0.9870453,0.9870453,0.00092693703,0.03044564,0.00068811816
2012-06-15,9.739108e-06,0.16201393,0.81894296,0.9809569,0.9809569,0.0023636604,0.04861749,0.0005114248
2012-06-18,8.831354e-06,0.1034368,0.88249826,0.98593503,0.9859351,0.0019653314,0.044332057,0.0006278972
2012-06-19,9.603876e-06,0.10353059,0.882154,0.9856846,0.9856846,0.0021949837,0.04685065,0.000670876
2012-06-20,8.738845e-06,0.10874082,0.87694347,0.9856843,0.9856843,0.002069477,0.045491505,0.00061043684
2012-06-21,9.657692e-06,0.10023108,0.8855641,0.9857952,0.98579514,0.0018363708,0.042852897,0.00067988934
2012-06-22,1.0124149e-05,0.07866932,0.90830207,0.9869714,0.9869714,0.0017020969,0.041256476,0.0007770699
2012-06-25,9.571087e-06,0.078907184,0.908359,0.9872662,0.9872662,0.0015781419,0.039725836,0.00075162743
2012-06-26,9.286448e-06,0.08207561,0.90500647,0.98708206,0.98708206,0.0014970582,0.038691837,0.0007188802
2012-06-27,1.1716748e-05,0.063730426,0.92297494,0.98670536,0.98670536,0.0014237129,0.03773212,0.00088131387
2012-06-28,1.6507884e-05,0.047965642,0.9372878,0.98525345,0.98525345,0.001326244,0.036417633,0.0011194407
2012-06-29,1.6764576e-05,0.0480966,0.9370109,0.9851075,0.9851075,0.0012763846,0.035726525,0.0011257045
2012-07-02,8.069365e-06,0.10718514,0.8787077,0.98589283,0.98589283,0.0012785718,0.03575712,0.00057200465
2012-07-03,1.9154495e-05,0.041820716,0.94200116,0.98382187,0.98382187,0.0011315647,0.033638738,0.0011839746
2012-07-05,8.605295e-06,0.08943074,0.8974426,0.9868733,0.9868733,0.0011142759,0.033380773,0.0006555581
2012-07-06,1.1521388e-05,0.05975955,0.9275504,0.98730993,0.98730993,0.0010313524,0.032114677,0.000907906
2012-07-09,1.5061791e-05,0.05944787,0.92565054,0.9850984,0.9850984,0.0011754128,0.034284294,0.0010107514
2012-07-10,9.603395e-06,0.0803032,0.90670604,0.9870092,0.9870092,0.0011890451,0.034482535,0.00073924736
2012-07-11,1.0232273e-05,0.085208565,0.9010861,0.9862946,0.9862946,0.0013028822,0.03609546,0.00074658846
2012-07-12,9.682688e-06,0.08814939,0.89808613,0.9862355,0.9862355,0.0013325138,0.036503613,0.0007034536
2012-07-13,9.290458e-06,0.087111026,0.89959645,0.98670745,0.98670745,0.001211406,0.034805257,0.00069892214
2012-07-16,1.679241e-05,0.05025917,0.93415016,0.98440933,0.98440933,0.0010990707,0.033152234,0.0010770808
2012-07-17,9.688581e-06,0.08117502,0.9055926,0.98676765,0.98676765,0.0010762275,0.03280591,0.0007321889
2012-07-18,1.4292847e-05,0.05452994,0.93119437,0.98572433,0.98572433,0.0009845151,0.031376984,0.0010012032
2012-07-19,9.426411e-06,0.09002023,0.8965805,0.98660076,0.98660076,0.0011379026,0.033732813,0.00070350326
2012-07-20,8.978093e-06,0.08686387,0.9000278,0.9868917,0.9868917,0.0010367996,0.03219937,0.000684916
2012-07-23,1.2040028e-05,0.06029115,0.92677814,0.9870693,0.9870693,0.0010063038,0.031722292,0.00093112024
2012-07-24,1.1582664e-05,0.058794532,0.92860454,0.9873991,0.9873991,0.0009530878,0.03087212,0.0009191935
2012-07-25,1.4339149e-05,0.051846974,0.93462974,0.9864767,0.9864767,0.00092616474,0.030432954,0.0010603307
2012-07-26,2.0232263e-05,0.041426357,0.94249755,0.9839239,0.9839239,0.00095169456,0.030849546,0.0012585315
2012-07-27,1.2255563e-05,0.058755368,0.9280367,0.986792,0.9867921,0.000922721,0.030376323,0.00092789135
2012-07-30,9.335157e-06,0.08006961,0.90710336,0.98717296,0.98717296,0.00092455716,0.030406531,0.00072777184
2012-07-31,9.640835e-06,0.08828974,0.8983517,0.98664147,0.98664147,0.0011944893,0.034561384,0.0007216986
2012-08-01,9.609223e-06,0.070868276,0.9169296,0.98779786,0.98779786,0.0010828734,0.032907043,0.00078750285
2012-08-02,1.6142507e-05,0.04796128,0.9375674,0.9855287,0.9855287,0.0010122397,0.031815715,0.0011154849
2012-08-03,9.638266e-06,0.11655503,0.86788243,0.98443747,0.98443747,0.0012897043,0.035912454,0.000619325
2012-08-06,1.04167975e-05,0.09978074,0.8837478,0.98352855,0.98352855,0.0011538954,0.033969037,0.0006324155
2012-08-07,1.823544e-05,0.060213517,0.92165035,0.98186386,0.98186386,0.0010420755,0.032281194,0.0010054751
2012-08-08,8.396627e-06,0.11884085,0.866151,0.98499185,0.98499185,0.0010010476,0.031639334,0.0005594711
2012-08-09,1.0362888e-05,0.081893526,0.90419424,0.98608774,0.98608774,0.00088808197,0.029800704,0.0007448745
2012-08-10,2.115401e-05,0.051071607,0.93036735,0.98143893,0.98143893,0.00081486796,0.028545892,0.0011396981
2012-08-13,1.922691e-05,0.063295335,0.91796064,0.98125595,0.981256,0.0009696636,0.031139422,0.0010257607
2012-08-14,2.6335814e-05,0.051589377,0.92641056,0.9779999,0.9779999,0.00092302857,0.030381385,0.0011970784
2012-08-15,1.0493472e-05,0.094660096,0.89017284,0.98483294,0.98483294,0.0009557773,0.030915648,0.0006918594
2012-08-16,8.879029e-06,0.1217071,0.86245775,0.98416483,0.98416483,0.00094999326,0.03082196,0.0005607159
2012-08-17,2.6402875e-05,0.059558563,0.9167135,0.97627205,0.97627205,0.0008371384,0.028933344,0.0011127329
2012-08-20,6.9786496e-05,0.020531401,0.9444681,0.9649995,0.9649995,0.00079397735,0.028177604,0.0019938713
2012-08-21,1.9435975e-05,0.055756047,0.92632717,0.9820832,0.9820832,0.0008286865,0.028786916,0.0010847906
2012-08-22,3.6932684e-05,0.04427016,0.92852885,0.972799,0.972799,0.0007870721,0.028054805,0.0013577695
2012-08-23,3.1895455e-05,0.04040867,0.93689066,0.97729933,0.97729933,0.00078276853,0.027978001,0.0014050448
2012-08-24,3.005045e-05,0.040925335,0.93710035,0.9780257,0.9780257,0.000768063,0.027713949,0.0013675255
2012-08-27,0.00012653423,0.013445258,0.93227136,0.9457166,0.9457166,0.00080324104,0.028341508,0.002330994
2012-08-28,3.7782767e-05,0.04245717,0.9310202,0.97347736,0.97347736,0.00087977527,0.029661005,0.001424548
2012-08-29,0.00015963597,0.014177929,0.91754496,0.9317229,0.9317229,0.00086592574,0.029426616,0.0023380595
2012-08-30,4.347958e-05,0.033794165,0.9389869,0.97278106,0.97278106,0.00095503055,0.030903568,0.0015974018
2012-08-31,1.417929e-05,0.06889952,0.9157687,0.9846682,0.9846682,0.0010014992,0.03164647,0.00092482846
2012-09-04,2.2111628e-05,0.047815323,0.93360376,0.9814191,0.9814191,0.00095514435,0.03090541,0.0011900184
2012-09-05,1.2047261e-05,0.058854993,0.92777026,0.98662525,0.98662525,0.00093232945,0.03053407,0.00090074696
2012-09-06,1.53902e-05,0.050162647,0.9354953,0.985658,0.985658,0.0009022131,0.030036863,0.0010730854
2012-09-07,1.3583094e-05,0.062806115,0.92235714,0.9851633,0.9851633,0.00086160144,0.029353049,0.00091550464
2012-09-10,2.4381938e-05,0.046709053,0.93370456,0.9804136,0.9804136,0.00088192953,0.029697299,0.0012448411
2012-09-11,1.3522972e-05,0.070125535,0.9149545,0.98508,0.98508,0.00095340516,0.03087726,0.00090636563
2012-09-12,9.269206e-06,0.09757633,0.8886139,0.9861902,0.9861902,0.0011576049,0.034023594,0.00067120494
2012-09-13,1.1424129e-05,0.06834166,0.9185708,0.9869125,0.9869125,0.00109255,0.033053745,0.0008729031
2012-09-14,1.3861671e-05,0.055357303,0.93103045,0.9863877,0.9863877,0.0010197379,0.031933334,0.0010183217
2012-09-17,1.0124522e-05,0.080539286,0.90608066,0.98661995,0.98661995,0.0010172755,0.03189476,0.0007566879
2012-09-18,9.920087e-06,0.07097064,0.91659826,0.9875689,0.9875689,0.000989081,0.031449657,0.00079800654
2012-09-19,1.5743832e-05,0.058155823,0.9260978,0.98425364,0.98425364,0.0009911619,0.031482723,0.0009998397
2012-09-20,1.3873811e-05,0.055562228,0.9300653,0.9856275,0.98562753,0.00093448267,0.03056931,0.0009653007
2012-09-21,8.870053e-06,0.09338236,0.8930468,0.98642915,0.98642915,0.00089210464,0.02986812,0.0006536109
2012-09-24,1.0563665e-05,0.074697286,0.9121599,0.98685724,0.9868572,0.0008963675,0.029939396,0.00080376276
2012-09-25,1.9258736e-05,0.0438714,0.9399137,0.9837851,0.9837851,0.00084870774,0.02913259,0.0011877179
2012-09-26,9.89528e-06,0.076893374,0.9102315,0.98712486,0.98712486,0.0008575455,0.029283877,0.0007685571
2012-09-27,9.06663e-06,0.08802248,0.8987143,0.9867368,0.9867368,0.00087677024,0.029610306,0.00068359164
2012-09-28,8.844009e-06,0.111871675,0.87350947,0.9853811,0.9853811,0.0014628039,0.03824662,0.000604972
2012-10-01,8.379784e-06,0.102482274,0.88342786,0.9859101,0.9859101,0.0012923488,0.035949253,0.0005947377
2012-10-02,1.0079329e-05,0.06858273,0.9185028,0.9870855,0.9870855,0.001379103,0.037136275,0.0007804673
2012-10-03,1.0106376e-05,0.06650081,0.92140985,0.9879106,0.9879106,0.0012917201,0.03594051,0.00083597196
2012-10-04,9.787588e-06,0.07296273,0.9146321,0.98759484,0.98759484,0.0013018278,0.036080852,0.0007889935
2012-10-05,8.281963e-06,0.10211239,0.88397765,0.98609006,0.98609006,0.0012013449,0.03466042,0.0005953991
2012-10-08,1.0197363e-05,0.06597598,0.92169017,0.98766613,0.98766613,0.0010710073,0.032726247,0.00082677725
2012-10-09,1.2799161e-05,0.054374516,0.93250376,0.9868783,0.9868783,0.0009976729,0.03158596,0.0009754176
2012-10-10,9.961389e-06,0.07679248,0.90992326,0.98671573,0.98671573,0.00096242933,0.031023046,0.0007498637
2012-10-11,1.0211549e-05,0.06271233,0.9251395,0.9878518,0.9878518,0.0008861823,0.029768813,0.00084058114
2012-10-12,1.1121143e-05,0.063226946,0.9240551,0.98728204,0.98728204,0.0009143177,0.030237686,0.0008744438
2012-10-15,1.5798332e-05,0.0470867,0.9383884,0.9854751,0.9854751,0.0008562923,0.029262472,0.001087674
2012-10-16,1.3718579e-05,0.052077435,0.93445605,0.98653346,0.98653346,0.00087709265,0.02961575,0.0010187161
2012-10-17,9.938363e-06,0.06484601,0.92316735,0.9880134,0.9880134,0.0008434574,0.029042339,0.00082912185
2012-10-18,1.1959373e-05,0.05640982,0.93085396,0.9872638,0.9872638,0.0007947698,0.028191661,0.0009390063
2012-10-19,1.0773891e-05,0.0616597,0.9261685,0.9878282,0.9878282,0.0008145805,0.028540857,0.00088515144
2012-10-22,1.0374462e-05,0.06179735,0.9261706,0.9879679,0.98796797,0.00076970423,0.027743544,0.00086223264
2012-10-23,1.050963e-05,0.062422656,0.9254711,0.98789376,0.98789376,0.0008567882,0.029270945,0.00086811674
2012-10-24,9.815015e-06,0.06616949,0.921937,0.9881065,0.9881065,0.00083929487,0.028970586,0.0008252412
2012-10-25,1.00442685e-05,0.064582564,0.9235541,0.9881367,0.9881367,0.00082212937,0.028672798,0.000846668
2012-10-26,9.131952e-06,0.075370006,0.9122534,0.9876234,0.9876234,0.0007705998,0.02775968,0.0007378397
2012-10-31,1.2013996e-05,0.06548149,0.92040133,0.9858828,0.9858828,0.0007192707,0.026819224,0.00085101946
2012-11-01,9.704245e-06,0.0921962,0.89411724,0.98631346,0.98631346,0.001120784,0.03347811,0.0007090358
2012-11-02,9.861542e-06,0.06560927,0.9224823,0.9880916,0.9880916,0.0010122232,0.031815454,0.0008281156
2012-11-05,9.628225e-06,0.07535909,0.91217536,0.98753446,0.98753446,0.0010474571,0.032364443,0.0007723875
2012-11-06,8.988527e-06,0.07911647,0.90832514,0.9874416,0.9874416,0.000965096,0.031065995,0.0007157382
2012-11-07,8.813253e-06,0.095551334,0.8907968,0.9863481,0.9863481,0.0009106129,0.030176362,0.00064556935
2012-11-08,8.923811e-06,0.07132564,0.91665816,0.9879838,0.9879838,0.0008307913,0.02882345,0.0007426498
2012-11-09,9.595647e-06,0.066930965,0.9211264,0.9880574,0.9880574,0.00077569636,0.027851326,0.0008034788
2012-11-12,9.12976e-06,0.07991763,0.90732354,0.98724115,0.98724115,0.0007816788,0.02795852,0.00071556284
2012-11-13,9.995334e-06,0.06648286,0.921509,0.98799187,0.98799187,0.0007476787,0.027343715,0.00083238055
2012-11-14,1.0149353e-05,0.06980078,0.9179312,0.987732,0.987732,0.00084248517,0.029025596,0.0008273026
2012-11-15,9.881806e-06,0.06822365,0.91955274,0.9877764,0.9877764,0.0007858464,0.028032951,0.0008084202
2012-11-16,9.783707e-06,0.06682075,0.9212372,0.9880579,0.9880579,0.00074800214,0.027349629,0.00081926264
2012-11-19,1.1872925e-05,0.059591707,0.92765486,0.9872466,0.9872466,0.0007355493,0.027121013,0.0009309596
2012-11-20,1.0573135e-05,0.07563251,0.91051865,0.98615116,0.98615116,0.0007150589,0.026740585,0.00076346716
2012-11-21,9.900403e-06,0.06698535,0.920992,0.9879774,0.9879774,0.0007303448,0.027024891,0.0008234817
2012-11-23,9.796373e-06,0.07024961,0.91738486,0.9876345,0.9876345,0.0007056285,0.026563669,0.000792233
2012-11-26,1.6003678e-05,0.04750902,0.93815035,0.98565936,0.98565936,0.00065713585,0.025634661,0.0011159668
2012-11-27,1.0135558e-05,0.06491947,0.92319465,0.9881141,0.9881141,0.00072707806,0.026964385,0.00085273926
2012-11-28,9.890814e-06,0.065975375,0.9221248,0.9881002,0.9881002,0.0006886748,0.026242614,0.0008311728
2012-11-29,9.461347e-06,0.06723874,0.92084974,0.9880885,0.9880885,0.00066964404,0.025877481,0.0007943028
2012-11-30,1.014557e-05,0.07232882,0.91461456,0.98694336,0.98694336,0.0006372333,0.02524348,0.00077704317
2012-12-03,1.288066e-05,0.057910018,0.9284729,0.9863829,0.9863829,0.0006343927,0.025187153,0.0009459181
2012-12-04,1.2974924e-05,0.056180324,0.930198,0.9863783,0.9863783,0.00060617545,0.02462063,0.00095251953
2012-12-05,9.85641e-06,0.06523324,0.9228123,0.9880455,0.9880455,0.0005884561,0.024258114,0.00082449464
2012-12-06,1.0229922e-05,0.06982183,0.91780376,0.9876256,0.9876256,0.00068320165,0.026138127,0.00082670036
2012-12-07,9.581538e-06,0.06762723,0.92042625,0.9880535,0.9880535,0.00064296287,0.025356712,0.00080203725
2012-12-10,1.0023859e-05,0.06898655,0.9187743,0.98776084,0.98776084,0.0006691928,0.02586876,0.0008189991
2012-12-11,9.682913e-06,0.072570235,0.9150543,0.9876246,0.9876245,0.00067061995,0.025896331,0.0007824314
2012-12-12,9.069708e-06,0.08373822,0.90328544,0.98702365,0.98702365,0.00063708477,0.025240539,0.0006989414
2012-12-13,1.0088223e-05,0.07736301,0.9090598,0.98642284,0.98642284,0.00059076893,0.024305739,0.00074302877
2012-12-14,9.745483e-06,0.07084286,0.91664046,0.9874833,0.9874833,0.00055517635,0.02356218,0.0007785999
2012-12-17,1.0938653e-05,0.07491709,0.910771,0.9856881,0.9856881,0.0005253116,0.022919677,0.0007643042
2012-12-18,1.263038e-05,0.0587497,0.92767936,0.98642904,0.98642904,0.00050282077,0.022423666,0.0009306914
2012-12-19,1.005354e-05,0.07709597,0.9095119,0.9866079,0.9866079,0.00049794454,0.022314671,0.0007507073
2012-12-20,2.1060743e-05,0.052649673,0.92796457,0.98061424,0.98061424,0.00052726356,0.02296222,0.001086403
2012-12-21,9.852534e-06,0.08528102,0.9013574,0.9866384,0.9866384,0.0006036049,0.024568371,0.0007373783
2012-12-24,9.730643e-06,0.0684807,0.91943073,0.98791146,0.98791146,0.00055467174,0.02355147,0.0008049479
2012-12-26,1.9988585e-05,0.050080817,0.9326271,0.9827079,0.9827079,0.00058422337,0.024170713,0.0011559386
2012-12-27,1.11054715e-05,0.082891986,0.9018106,0.9847026,0.9847026,0.00057447184,0.023968142,0.00072597055
2012-12-28,9.952887e-06,0.07453753,0.912462,0.9869995,0.9869995,0.00053930987,0.023223046,0.00076557795
2012-12-31,1.0835083e-05,0.06462081,0.9230115,0.9876323,0.9876323,0.00058780663,0.024244724,0.0008760773
2013-01-02,1.7956829e-05,0.054543015,0.9285595,0.9831025,0.9831025,0.0006298639,0.025097089,0.0010626914
2013-01-03,5.0215127e-05,0.040041663,0.927877,0.9679187,0.9679187,0.0006721129,0.02592514,0.0015652457
2013-01-04,1.2711331e-05,0.07912425,0.9053235,0.9844478,0.9844478,0.00067841954,0.026046488,0.00081733207
2013-01-07,1.0265453e-05,0.082089186,0.90448135,0.98657054,0.98657054,0.0006874177,0.02621865,0.0007643979
2013-01-08,2.11012e-05,0.060273968,0.919647,0.9799209,0.9799209,0.00063518074,0.025202792,0.0010509049
2013-01-09,1.2105185e-05,0.08577428,0.8979984,0.9837727,0.9837727,0.00061809114,0.024861438,0.00074597634
2013-01-10,1.8259754e-05,0.061540302,0.92022544,0.98176575,0.98176575,0.00066037226,0.02569771,0.0010013985
2013-01-11,9.896753e-06,0.08411899,0.9024267,0.98654574,0.9865457,0.0006662195,0.025811229,0.00073558517
2013-01-14,1.01761025e-05,0.07828025,0.9087727,0.987053,0.987053,0.0007547036,0.027471868,0.0007859801
2013-01-15,9.042128e-06,0.095638804,0.8905839,0.9862227,0.9862227,0.00071123656,0.026669018,0.0006563055
2013-01-16,9.793941e-06,0.076964,0.91031605,0.9872801,0.9872801,0.000698588,0.026430815,0.0007699682
2013-01-17,1.1758992e-05,0.060475726,0.92653567,0.9870114,0.9870114,0.00064814294,0.025458653,0.0009053298
2013-01-18,1.0751309e-05,0.07402504,0.9124518,0.98647684,0.98647684,0.00063025334,0.025104847,0.0007950292
2013-01-22,1.1077487e-05,0.070104964,0.9164801,0.9865851,0.9865851,0.00061725057,0.024844527,0.0008257588
2013-01-23,1.0177285e-05,0.071921684,0.91499054,0.98691225,0.98691225,0.0005770671,0.02402222,0.0007776192
2013-01-24,1.1537968e-05,0.06012833,0.9268044,0.98693275,0.98693275,0.000538249,0.023200193,0.00088296866
2013-01-25,1.3855754e-05,0.058437113,0.92683536,0.98527247,0.98527247,0.0005668883,0.023809416,0.00094080623
2013-01-28,1.3498783e-05,0.053757057,0.9324977,0.98625475,0.98625475,0.0005392761,0.02322232,0.0009820691
2013-01-29,1.0786725e-05,0.08356652,0.90165305,0.9852196,0.9852196,0.0006293521,0.02508689,0.00072979915
2013-01-30,9.232083e-06,0.10216527,0.8827614,0.9849267,0.9849267,0.00060884026,0.02467469,0.0006124793
2013-01-31,8.834599e-06,0.11069418,0.87446624,0.9851604,0.9851604,0.0006609082,0.025708135,0.0005953398
2013-02-01,8.85762e-06,0.08734408,0.8993746,0.98671865,0.98671865,0.0005869949,0.024227979,0.0006669219
2013-02-04,8.794659e-06,0.094286345,0.892032,0.98631835,0.98631835,0.00054782047,0.023405565,0.0006428069
2013-02-05,8.989009e-06,0.075764164,0.91183645,0.9876006,0.9876006,0.0004993253,0.022345588,0.0007249566
2013-02-06,8.698875e-06,0.09276177,0.89381427,0.986576,0.986576,0.0005125185,0.022638872,0.0006480102
2013-02-07,9.0534995e-06,0.07213991,0.9156471,0.987787,0.987787,0.00046989464,0.021677053,0.0007413007
2013-02-08,8.893368e-06,0.082611986,0.90457153,0.9871835,0.9871835,0.00055176986,0.023489783,0.0006939005
2013-02-11,8.2948345e-06,0.096913956,0.88954806,0.986462,0.986462,0.0005091761,0.02256493,0.0006127074
2013-02-12,9.895582e-06,0.06622986,0.9214441,0.987674,0.987674,0.00046176353,0.021488683,0.00080282165
2013-02-13,8.59908e-06,0.0833235,0.90384775,0.98717123,0.98717123,0.0004499907,0.021212984,0.00067029666
2013-02-14,8.971326e-06,0.07589918,0.9117826,0.9876818,0.9876818,0.00046119234,0.02147539,0.0007282988
2013-02-15,8.791623e-06,0.105046235,0.8804956,0.9855418,0.9855418,0.0005764994,0.024010401,0.0006080726
2013-02-19,8.655208e-06,0.08894721,0.89790213,0.9868493,0.9868493,0.0005173175,0.022744615,0.0006581561
2013-02-20,9.124482e-06,0.08694284,0.89993566,0.9868785,0.9868785,0.00059659575,0.02442531,0.0006953848
2013-02-21,8.49652e-06,0.08116385,0.90641356,0.9875774,0.98757744,0.0005464996,0.023377331,0.0006839555
2013-02-22,8.696423e-06,0.07842116,0.9092087,0.9876299,0.9876299,0.0005118205,0.02262345,0.0007030191
2013-02-25,9.098104e-06,0.07706287,0.91042733,0.9874902,0.9874902,0.0004893615,0.022121517,0.0007272768
2013-02-26,9.17639e-06,0.07543907,0.9122959,0.987735,0.987735,0.0005595514,0.023654839,0.0007481754
2013-02-27,8.970782e-06,0.069388546,0.9187455,0.9881341,0.9881341,0.0005208639,0.022822443,0.00075601274
2013-02-28,9.267836e-06,0.06699973,0.921213,0.9882127,0.9882127,0.0004878624,0.022087608,0.00078625634
2013-03-01,8.869142e-06,0.07255192,0.91536546,0.98791736,0.98791736,0.00047424444,0.021777155,0.00073404034
2013-03-04,8.1494645e-06,0.095187634,0.89127874,0.9864664,0.9864664,0.00044814064,0.021169333,0.00060216564
2013-03-05,9.20946e-06,0.068522125,0.9196156,0.9881378,0.9881377,0.0004499812,0.02121276,0.00077636907
2013-03-06,8.044301e-06,0.08036725,0.90739733,0.9877646,0.9877646,0.0004230221,0.020567501,0.000657461
2013-03-07,9.266551e-06,0.067352496,0.9208648,0.9882173,0.9882173,0.00041418354,0.0203515,0.0007864536
2013-03-08,9.080666e-06,0.0712749,0.9167302,0.9880051,0.9880051,0.00045952506,0.021436535,0.000757044
2013-03-11,8.76658e-06,0.075150974,0.9125947,0.98774564,0.98774564,0.00044283897,0.02104374,0.0007153847
2013-03-12,9.373693e-06,0.0667397,0.92149305,0.98823273,0.98823273,0.00041534248,0.020379953,0.00079659035
2013-03-13,8.991705e-06,0.068678685,0.9195302,0.9882089,0.9882089,0.00039216186,0.019803077,0.0007625834
2013-03-14,9.421218e-06,0.06640295,0.92183197,0.98823494,0.98823494,0.0003761418,0.019394375,0.00080077926
2013-03-15,8.905427e-06,0.07106216,0.91703326,0.9880954,0.9880954,0.0004395966,0.02096656,0.00074806623
2013-03-18,9.030516e-06,0.068893395,0.91927266,0.98816603,0.98816603,0.00042982222,0.020732155,0.0007631014
2013-03-19,9.379869e-06,0.06645557,0.92178845,0.988244,0.98824406,0.00040468882,0.020116879,0.00079787907
2013-03-20,8.956159e-06,0.068547234,0.9196801,0.98822737,0.98822737,0.0004156721,0.020388039,0.0007607609
2013-03-21,8.490751e-06,0.07247883,0.91563666,0.9881155,0.9881155,0.0003915336,0.019787207,0.0007144384
2013-03-22,9.006154e-06,0.06815758,0.92008877,0.9882464,0.9882463,0.00036971425,0.019227955,0.0007662452
2013-03-25,9.426895e-06,0.06593178,0.92230606,0.98823786,0.98823786,0.00034940412,0.018692354,0.00080146076
2013-03-26,9.522438e-06,0.06603332,0.9221929,0.9882262,0.9882262,0.00034795268,0.01865349,0.0008087803
2013-03-27,8.633287e-06,0.074596785,0.91333336,0.9879301,0.9879301,0.00038411524,0.019598858,0.0007152752
2013-03-28,8.852854e-06,0.07300681,0.9149779,0.9879847,0.9879847,0.00039919926,0.01997997,0.00073679944
2013-04-01,8.964385e-06,0.069477834,0.9186889,0.98816675,0.98816675,0.00038242145,0.019555598,0.00075755897
2013-04-02,7.906961e-06,0.09037842,0.89694166,0.98732007,0.98732007,0.00036057792,0.018988889,0.0006235806
2013-04-03,9.079811e-06,0.06851297,0.91969985,0.9882128,0.9882128,0.00034289967,0.01851755,0.0007703127
2013-04-04,8.62899e-06,0.06968302,0.9185786,0.98826164,0.98826164,0.00034502478,0.018574843,0.00073511037
2013-04-05,8.945557e-06,0.068507604,0.9197561,0.9882637,0.9882637,0.00033590794,0.018327791,0.0007622144
2013-04-08,9.162011e-06,0.06913909,0.9190341,0.9881732,0.98817325,0.00045244306,0.02127071,0.00077468134
2013-04-09,8.388335e-06,0.075246595,0.91276985,0.9880164,0.9880164,0.00043226915,0.020791084,0.0006999861
2013-04-10,8.859936e-06,0.0711455,0.9169548,0.9881003,0.9881003,0.00042184367,0.020538833,0.0007445506
2013-04-11,9.220823e-06,0.06830424,0.91990006,0.9882043,0.9882043,0.0004162141,0.020401327,0.00078171055
2013-04-12,9.2323335e-06,0.06759963,0.9206231,0.9882228,0.9882228,0.00040424857,0.020105934,0.00078391435
2013-04-15,8.9811765e-06,0.068776235,0.91944677,0.988223,0.988223,0.00040859744,0.020213794,0.0007626041
2013-04-16,8.875862e-06,0.069238536,0.9189969,0.9882354,0.9882354,0.0004125397,0.020311072,0.0007544559
2013-04-17,8.896185e-06,0.06988661,0.9183081,0.9881947,0.9881947,0.00039028787,0.019755704,0.00075357576
2013-04-18,8.81972e-06,0.06941444,0.91882306,0.9882375,0.9882375,0.0003793001,0.019475628,0.0007498168
2013-04-19,8.6984655e-06,0.0764347,0.91147983,0.98791456,0.98791456,0.0004894376,0.022123236,0.0007197477
2013-04-22,9.186396e-06,0.068270266,0.91991156,0.9881818,0.9881818,0.00045505734,0.021332072,0.00077731116
2013-04-23,9.202879e-06,0.0687689,0.9193965,0.98816544,0.98816544,0.00049904216,0.02233925,0.00077762734
2013-04-24,9.181205e-06,0.068408296,0.9197878,0.98819613,0.98819613,0.00047102844,0.02170319,0.00077781343
2013-04-25,9.013918e-06,0.07041413,0.9176853,0.9880994,0.9880994,0.00046203285,0.02149495,0.0007574337
2013-04-26,8.5871125e-06,0.07541763,0.9124138,0.9878314,0.9878314,0.00043302868,0.020809341,0.0007056787
2013-04-29,8.703753e-06,0.07071629,0.91745543,0.9881717,0.9881717,0.00040468824,0.020116864,0.0007358412
2013-04-30,9.578934e-06,0.07195262,0.91588855,0.9878412,0.9878412,0.00060686347,0.0246346,0.0007878183
2013-05-01,9.087894e-06,0.068988755,0.91918164,0.9881704,0.9881704,0.0005741257,0.02396092,0.00076823245
2013-05-02,8.876164e-06,0.0692122,0.9190203,0.9882325,0.9882325,0.00053776626,0.023189789,0.0007542944
2013-05-03,8.639391e-06,0.10126273,0.88482666,0.9860894,0.9860894,0.00086101785,0.029343106,0.0006210657
2013-05-06,8.906393e-06,0.08640751,0.9006425,0.98705006,0.98705006,0.00077225454,0.027789468,0.00068775535
2013-05-07,8.695861e-06,0.08154587,0.9059076,0.98745346,0.98745346,0.0007089678,0.02662645,0.0006930884
2013-05-08,8.695744e-06,0.078721814,0.90896374,0.98768556,0.98768556,0.000693134,0.026327437,0.00070614216
2013-05-09,9.280166e-06,0.07340136,0.914389,0.9877904,0.98779035,0.00065619126,0.02561623,0.00076007156
2013-05-10,8.670287e-06,0.07458836,0.91330564,0.987894,0.987894,0.00060945115,0.024687065,0.0007161974
2013-05-13,9.316165e-06,0.0679566,0.92019486,0.9881515,0.98815143,0.0005902422,0.024294902,0.0007862732
2013-05-14,9.1332695e-06,0.06866971,0.9195038,0.98817354,0.9881735,0.0005535604,0.023527864,0.00077227445
2013-05-15,8.932938e-06,0.071775205,0.9162905,0.9880657,0.9880657,0.0005614525,0.02369499,0.0007485108
2013-05-16,8.978438e-06,0.07095292,0.91712356,0.98807645,0.98807645,0.00053299905,0.023086771,0.0007530003
2013-05-17,9.081802e-06,0.071359664,0.9166056,0.9879652,0.9879652,0.0005812255,0.024108618,0.0007546301
2013-05-20,9.24204e-06,0.074704185,0.9130534,0.98775756,0.98775756,0.0006104506,0.024707299,0.0007549183
2013-05-21,9.480292e-06,0.068030365,0.92007184,0.9881022,0.9881022,0.0005724016,0.023924917,0.0007968103
2013-05-22,9.361254e-06,0.06861001,0.91950744,0.98811746,0.98811746,0.0005781039,0.024043791,0.0007878157
2013-05-23,9.364985e-06,0.06710455,0.9211036,0.9882082,0.9882082,0.00054103526,0.023260165,0.000794193
2013-05-24,9.414612e-06,0.06739462,0.9207927,0.9881873,0.9881873,0.0005293704,0.02300805,0.0007969916
2013-05-28,9.537017e-06,0.06614029,0.92203707,0.98817736,0.98817736,0.00049885124,0.022334978,0.000806674
2013-05-29,9.10882e-06,0.069445334,0.9186365,0.9880818,0.9880818,0.0004839342,0.021998504,0.00076427904
2013-05-30,9.0266e-06,0.068502985,0.9197213,0.98822427,0.98822427,0.000456204,0.021358933,0.0007665426
2013-05-31,9.375473e-06,0.06771528,0.9204397,0.988155,0.988155,0.000491883,0.022178436,0.00079151365
2013-06-03,9.11693e-06,0.06827763,0.91992724,0.9882049,0.98820484,0.00046828119,0.021639805,0.000772942
2013-06-04,9.066362e-06,0.06878012,0.9193515,0.98813164,0.98813164,0.00044016427,0.020980092,0.00076391036
2013-06-05,8.674085e-06,0.07141415,0.91674167,0.98815584,0.98815584,0.00041399585,0.020346887,0.0007323513
2013-06-06,9.057943e-06,0.06838143,0.9198127,0.9881941,0.9881941,0.0003882666,0.019704482,0.0007672392
2013-06-07,8.789792e-06,0.07187268,0.91616106,0.9880337,0.9880338,0.0005001286,0.022363555,0.0007345463
2013-06-10,8.7733015e-06,0.07118892,0.91689193,0.98808086,0.98808086,0.00046700385,0.021610271,0.0007360683
2013-06-11,8.898196e-06,0.06963506,0.9185401,0.98817515,0.98817515,0.00044058988,0.020990234,0.0007524999
2013-06-12,8.72247e-06,0.07077638,0.91738695,0.98816335,0.98816335,0.00044144242,0.021010531,0.0007369037
2013-06-13,8.751894e-06,0.07237567,0.91567355,0.9880492,0.9880492,0.0004282455,0.020694094,0.0007323276
2013-06-14,8.507799e-06,0.07426128,0.9137145,0.98797584,0.98797584,0.0004080568,0.020200416,0.0007075585
2013-06-17,9.199758e-06,0.07037493,0.9174564,0.9878313,0.9878313,0.00041492115,0.020369614,0.0007560178
2013-06-18,9.190604e-06,0.07284207,0.9151113,0.98795336,0.98795336,0.00048904505,0.022114363,0.0007629188
2013-06-19,8.775173e-06,0.07280673,0.91524094,0.98804766,0.98804766,0.00046128823,0.021477621,0.0007341803
2013-06-20,9.122985e-06,0.07084478,0.91722625,0.988071,0.988071,0.00044723664,0.02114797,0.0007647752
2013-06-21,8.489831e-06,0.07369121,0.9144213,0.9881125,0.9881125,0.0004528037,0.021279184,0.0007141819
2013-06-24,9.091763e-06,0.06920612,0.9189682,0.9881743,0.9881743,0.00047833484,0.021870868,0.00076881517
2013-06-25,1.0165488e-05,0.0637787,0.9238984,0.9876771,0.9876771,0.0004534522,0.021294417,0.0008249264
2013-06-26,9.01114e-06,0.07151647,0.916469,0.98798543,0.98798543,0.00046804285,0.021634297,0.0007500178
2013-06-27,9.169533e-06,0.06912205,0.9190125,0.98813456,0.98813456,0.000457485,0.0213889,0.00077279354
2013-06-28,1.0237294e-05,0.07288852,0.91384494,0.9867335,0.98673344,0.000509959,0.022582272,0.00077166484
2013-07-01,9.078073e-06,0.07119821,0.9168189,0.98801714,0.98801714,0.00047777052,0.021857962,0.0007575883
2013-07-02,1.1677877e-05,0.059589967,0.9270419,0.9866319,0.9866319,0.00044801272,0.021166312,0.0008735611
2013-07-03,9.043867e-06,0.07641937,0.91122437,0.9876437,0.9876437,0.00045456033,0.021320421,0.00073192467
2013-07-05,9.30769e-06,0.08109396,0.9057807,0.98687464,0.98687464,0.0004309076,0.020758314,0.0007091379
2013-07-08,2.1062155e-05,0.049977113,0.9310273,0.9810044,0.9810044,0.00043132878,0.020768456,0.0011087923
2013-07-09,9.296253e-06,0.07403805,0.9137355,0.98777354,0.98777354,0.00048012263,0.021911701,0.00076033873
2013-07-10,8.92274e-06,0.08106234,0.90625846,0.9873208,0.9873208,0.0004854956,0.022033965,0.0007037294
2013-07-11,1.3304714e-05,0.06665911,0.9179322,0.9845913,0.9845913,0.0004523065,0.021267498,0.000863455
2013-07-12,8.756591e-06,0.082455,0.9048448,0.9872998,0.9872998,0.00045049476,0.021224862,0.0006894845
2013-07-15,9.214462e-06,0.08549357,0.9010204,0.986514,0.986514,0.00042269682,0.020559592,0.0006832599
2013-07-16,1.1308727e-05,0.062539615,0.9242219,0.9867615,0.9867615,0.00039611256,0.019902578,0.0008542309
2013-07-17,9.497362e-06,0.0720255,0.9152221,0.9872476,0.9872476,0.00037746996,0.019428587,0.00074475014
2013-07-18,1.6510547e-05,0.049614068,0.93449384,0.9841079,0.9841079,0.00036701537,0.019157644,0.0010389161
2013-07-19,1.0322401e-05,0.0785431,0.9081248,0.9866679,0.9866679,0.0004805746,0.021922013,0.00077425
2013-07-22,9.970856e-06,0.066441305,0.9212216,0.9876629,0.9876629,0.00044942822,0.021199722,0.0008082017
2013-07-23,9.071771e-06,0.07323908,0.9145975,0.9878366,0.9878366,0.00048299204,0.02197708,0.00074582524
2013-07-24,9.008305e-06,0.07652746,0.9111424,0.9876699,0.9876699,0.00047453467,0.021783816,0.00073059375
2013-07-25,8.973261e-06,0.07237976,0.9155624,0.98794216,0.98794216,0.0004521945,0.021264866,0.00074418477
2013-07-26,1.0482333e-05,0.0621582,0.9254565,0.98761475,0.98761475,0.000438212,0.020933514,0.00084635627
2013-07-29,9.185405e-06,0.072600916,0.9151943,0.9877952,0.9877952,0.00045340258,0.021293253,0.0007526044
2013-07-30,9.048199e-06,0.07475855,0.9128355,0.987594,0.987594,0.00047772948,0.021857023,0.00072934106
2013-07-31,8.684741e-06,0.079407126,0.90810347,0.9875106,0.98751056,0.00044948925,0.021201162,0.0006953702
2013-08-01,1.4853829e-05,0.059237827,0.9248219,0.98405975,0.98405975,0.00041832007,0.020452874,0.00093184423
2013-08-02,5.251186e-05,0.03017183,0.93805236,0.96822417,0.96822417,0.00041897333,0.020468839,0.0016525723
2013-08-05,2.0926354e-05,0.043755013,0.9380753,0.9818303,0.9818303,0.00044964277,0.021204783,0.001151717
2013-08-06,2.5036858e-05,0.035962805,0.944854,0.98081684,0.98081684,0.00044566352,0.021110745,0.0013051478
2013-08-07,1.4816546e-05,0.050110135,0.9348257,0.9849359,0.9849359,0.00044612415,0.021121651,0.0009835653
2013-08-08,1.2673049e-05,0.054901887,0.9312143,0.9861162,0.9861162,0.0004548663,0.021327594,0.0009127921
2013-08-09,1.3138537e-05,0.0589316,0.926662,0.9855936,0.9855936,0.00044941992,0.021199526,0.00091199414
2013-08-12,3.6116595e-05,0.037091628,0.9377711,0.9748627,0.9748627,0.00045394336,0.021305947,0.0014367728
2013-08-13,9.829328e-06,0.0755419,0.9115232,0.98706514,0.98706514,0.0004843896,0.022008853,0.0007599096
2013-08-14,1.0069977e-05,0.07556791,0.91086775,0.98643565,0.98643565,0.000455471,0.021341767,0.00074238563
2013-08-15,9.777446e-06,0.07261012,0.9147339,0.987344,0.987344,0.00044784584,0.021162368,0.0007725559
2013-08-16,1.0540017e-05,0.069346376,0.9176558,0.9870022,0.9870022,0.00045779682,0.021396186,0.0008109074
2013-08-19,1.8470211e-05,0.045818027,0.9378107,0.98362875,0.98362875,0.0004458767,0.021115793,0.0011282102
2013-08-20,9.411717e-06,0.06980818,0.9181519,0.9879601,0.9879601,0.0004725965,0.021739285,0.00078171055
2013-08-21,8.755162e-06,0.073676415,0.9142364,0.98791283,0.98791283,0.0004452848,0.021101773,0.0007243353
2013-08-22,9.960233e-06,0.063932545,0.9239839,0.9879164,0.9879164,0.00041757742,0.020434711,0.00082427764
2013-08-23,9.809996e-06,0.066149354,0.9218176,0.98796695,0.98796695,0.0004340942,0.020834927,0.00081525464
2013-08-26,1.4152892e-05,0.05389155,0.9316547,0.98554623,0.98554623,0.00042877847,0.020706967,0.0009791835
2013-08-27,1.4600971e-05,0.04963473,0.9360035,0.98563826,0.98563826,0.00041725746,0.02042688,0.0010166576
2013-08-28,2.0856269e-05,0.0514385,0.9288179,0.98025644,0.98025644,0.0004070425,0.020175295,0.001056358
2013-08-29,1.1276556e-05,0.065747276,0.92057866,0.9863259,0.9863259,0.00040329754,0.020082269,0.00082466647
2013-08-30,9.436135e-06,0.06572796,0.9223546,0.9880825,0.9880825,0.00039671798,0.01991778,0.00079178996
2013-09-03,9.647132e-06,0.064115785,0.9239512,0.988067,0.988067,0.0003820202,0.019545337,0.0008084395
2013-09-04,1.5941934e-05,0.047389448,0.9374063,0.98479575,0.98479575,0.00039852218,0.01996302,0.0010485182
2013-09-05,9.524298e-06,0.06476307,0.92342836,0.9881914,0.9881914,0.00039062585,0.019764258,0.00080655783
2013-09-06,1.6009219e-05,0.04758241,0.9376234,0.98520577,0.98520577,0.00042681524,0.020659508,0.0010821258
2013-09-09,3.22039e-05,0.03202238,0.94632065,0.978343,0.978343,0.00042358995,0.020581301,0.001486998
2013-09-10,9.550375e-06,0.065883815,0.92229205,0.98817587,0.98817587,0.00044748865,0.021153927,0.000807702
2013-09-11,9.2554565e-06,0.06646378,0.92175364,0.9882174,0.9882174,0.00042435853,0.020599965,0.0007855199
2013-09-12,1.2621898e-05,0.054583088,0.93203145,0.9866145,0.9866145,0.0004017846,0.020044565,0.00094295485
2013-09-13,9.711123e-06,0.06902561,0.9185064,0.987532,0.987532,0.00040874636,0.020217476,0.00077888503
2013-09-16,1.0760294e-05,0.060432237,0.92716974,0.987602,0.987602,0.0003933019,0.01983184,0.00086790527
2013-09-17,9.442244e-06,0.065686025,0.92251945,0.9882055,0.9882055,0.0003921902,0.019803792,0.0008005628
2013-09-18,9.266535e-06,0.06621388,0.92201144,0.98822534,0.98822534,0.0003715287,0.01927508,0.00078698964
2013-09-19,1.6267079e-05,0.04888123,0.9353803,0.9842615,0.9842615,0.00035646494,0.01888028,0.0010335859
2013-09-20,9.159164e-06,0.06655706,0.9216482,0.98820525,0.98820525,0.00034991078,0.018705903,0.0007765461
2013-09-23,1.1681246e-05,0.05626253,0.93083805,0.9871006,0.9871006,0.00033669674,0.018349297,0.00090556516
2013-09-24,1.1172841e-05,0.058145087,0.9291216,0.9872667,0.9872667,0.00035516004,0.01884569,0.0008774519
2013-09-25,1.12408925e-05,0.06194264,0.92474115,0.9866838,0.9866838,0.00039634906,0.019908518,0.0008441508
2013-09-26,1.0848595e-05,0.06024581,0.9270478,0.9872936,0.9872936,0.0003777762,0.019436466,0.00085378985
2013-09-27,9.810274e-06,0.06589663,0.92135715,0.9872538,0.9872538,0.0003612265,0.01900596,0.00076966174
2013-09-30,9.913637e-06,0.06472334,0.9232019,0.9879253,0.9879253,0.00038679305,0.019667055,0.00082102494
2013-10-01,1.0049307e-05,0.06295057,0.9248974,0.9878479,0.9878479,0.0003710483,0.019262614,0.0008269622
2013-10-02,9.308258e-06,0.06668863,0.9214411,0.98812973,0.98812973,0.000365352,0.019114183,0.000784166
2013-10-03,2.53864e-05,0.037372738,0.94343793,0.9808107,0.98081064,0.00036886462,0.01920585,0.0013229457
2013-10-04,9.022984e-06,0.07017798,0.91782844,0.9880064,0.9880064,0.0003787764,0.01946218,0.00075231737
2013-10-07,1.937092e-05,0.04166531,0.9419122,0.9835775,0.9835775,0.00035701582,0.018894862,0.0011795347
2013-10-08,8.95214e-06,0.07375386,0.9141216,0.9878755,0.98787546,0.00040578065,0.020143999,0.00073835254
2013-10-09,9.333515e-06,0.06979597,0.91818637,0.98798233,0.98798233,0.00042200251,0.0205427,0.00077664945
2013-10-10,9.314931e-06,0.0664676,0.92176723,0.9882348,0.9882348,0.00040351486,0.02008768,0.0007917371
2013-10-11,8.93576e-06,0.07496386,0.9126729,0.98763674,0.98763674,0.00039098502,0.019773342,0.0007227676
2013-10-14,9.370139e-06,0.066471666,0.9217503,0.98822194,0.988222,0.0003811956,0.019524232,0.000795559
2013-10-15,1.0471338e-05,0.06138415,0.9264526,0.9878367,0.9878367,0.000369979,0.019234838,0.0008608975
2013-10-16,9.160194e-06,0.06713933,0.92108285,0.9882222,0.9882222,0.0003568584,0.018890696,0.0007777497
2013-10-17,1.2343063e-05,0.05559959,0.93100435,0.9866039,0.9866039,0.00033977823,0.018433074,0.00092139334
2013-10-18,9.22803e-06,0.065941274,0.9222809,0.9882222,0.9882222,0.0003291728,0.01814312,0.0007835093
2013-10-21,1.16361425e-05,0.057705853,0.92898816,0.98669404,0.98669404,0.00031309965,0.017694622,0.0008745059
2013-10-22,1.0794859e-05,0.059594184,0.9278755,0.98746973,0.9874697,0.00034040769,0.018450141,0.0008615027
2013-10-23,9.373994e-06,0.06578947,0.9221698,0.98795927,0.98795927,0.0003604028,0.018984279,0.00077852345
2013-10-24,9.342273e-06,0.06557715,0.9226482,0.98822534,0.98822534,0.00034934585,0.018690797,0.000793422
2013-10-25,1.0248097e-05,0.061990917,0.925639,0.9876299,0.9876299,0.00033224226,0.018227514,0.0008284565
2013-10-28,1.5772514e-05,0.04920802,0.9359641,0.98517215,0.98517215,0.0003463648,0.018610878,0.0010637089
2013-10-29,1.4306e-05,0.059469588,0.92506516,0.98453474,0.98453474,0.00041001316,0.020248782,0.00092504104
2013-10-30,9.815896e-06,0.06762134,0.9198805,0.98750186,0.98750186,0.00041779835,0.020440117,0.0007853885
2013-10-31,9.2090595e-06,0.07860172,0.908797,0.98739874,0.98739874,0.000475913,0.02181543,0.00073080487
2013-11-01,9.3808185e-06,0.06737135,0.92075604,0.9881274,0.9881274,0.0004505922,0.021227157,0.00079012406
2013-11-04,9.086016e-06,0.069079466,0.9190358,0.98811525,0.98811525,0.00044849966,0.02117781,0.00076451054
2013-11-05,1.042504e-05,0.06248982,0.9251323,0.9876221,0.9876221,0.00044711266,0.021145038,0.00084222894
2013-11-06,9.038427e-06,0.07087283,0.91709775,0.9879706,0.9879706,0.00042653055,0.020652616,0.00075136084
2013-11-07,1.1622137e-05,0.060958978,0.9257226,0.9866816,0.9866816,0.00040646584,0.020160997,0.0008726364
2013-11-08,9.432816e-06,0.066759124,0.9213165,0.9880756,0.9880756,0.00039023362,0.019754332,0.0007910526
2013-11-11,1.1152532e-05,0.06548005,0.9211643,0.9866443,0.9866443,0.00037780384,0.019437177,0.0008350409
2013-11-12,1.2611195e-05,0.05572868,0.93058527,0.98631394,0.98631394,0.00036044643,0.018985426,0.0009214628
2013-11-13,9.085302e-06,0.06804775,0.92008895,0.9881367,0.9881367,0.0003562853,0.01887552,0.00076583313
2013-11-14,2.096158e-05,0.04277378,0.93942237,0.98219615,0.98219615,0.00035022624,0.018714333,0.0011773623
2013-11-15,1.1708612e-05,0.061591383,0.9247968,0.9863882,0.9863882,0.00035522625,0.018847447,0.0008601814
2013-11-18,1.7240784e-05,0.044652395,0.94007564,0.98472804,0.98472804,0.00035472817,0.018834228,0.0011289174
2013-11-19,1.284342e-05,0.05344382,0.9331229,0.9865667,0.98656666,0.00035673313,0.01888738,0.0009560899
2013-11-20,1.7432663e-05,0.044525523,0.9400084,0.9845339,0.9845339,0.000360808,0.018994946,0.0011271536
2013-11-21,1.0576434e-05,0.06869819,0.91828936,0.98698753,0.98698753,0.00040464578,0.02011581,0.0008127923
2013-11-22,1.2001258e-05,0.06483587,0.92088497,0.9857208,0.9857208,0.00038633603,0.019655433,0.0008404721
2013-11-25,1.2764524e-05,0.05696075,0.9294697,0.98643047,0.98643047,0.0003884934,0.019710235,0.0009406752
2013-11-26,1.1809324e-05,0.05686663,0.93018454,0.9870512,0.9870512,0.00037574972,0.019384265,0.00091200066
2013-11-27,1.0804858e-05,0.05974546,0.92768145,0.98742694,0.9874269,0.0003648129,0.019100076,0.00085936557
2013-11-29,9.735569e-06,0.063643254,0.92448175,0.988125,0.988125,0.00037354833,0.019327398,0.0008198392
2013-12-02,1.2746629e-05,0.053756915,0.9330171,0.98677397,0.98677397,0.000369856,0.01923164,0.0009637531
2013-12-03,1.2937281e-05,0.053227443,0.93340516,0.9866326,0.9866326,0.00036196143,0.019025285,0.00096782227
2013-12-04,1.3160051e-05,0.0531413,0.93309104,0.98623234,0.98623234,0.0003512135,0.018740691,0.00095586694
2013-12-05,1.4923519e-05,0.04847996,0.93725187,0.98573184,0.98573184,0.00034165222,0.018483836,0.0010459316
2013-12-06,9.860611e-06,0.06592135,0.92198634,0.9879077,0.9879077,0.00042362823,0.02058223,0.0008154459
2013-12-09,1.1237848e-05,0.058052793,0.9293514,0.98740417,0.98740417,0.0004015807,0.020039478,0.0008921878
2013-12-10,9.687111e-06,0.064575896,0.9236286,0.98820454,0.98820454,0.00043155102,0.020773806,0.0008212575
2013-12-11,1.0576539e-05,0.06084565,0.9268844,0.9877301,0.9877301,0.0004084042,0.020209013,0.0008619897
2013-12-12,9.617457e-06,0.06588507,0.9221927,0.98807776,0.98807776,0.00042281763,0.02056253,0.00080668204
2013-12-13,9.982748e-06,0.06302225,0.9250502,0.98807245,0.98807245,0.00041784788,0.020441327,0.00083694916
2013-12-16,1.0142572e-05,0.062291015,0.92573535,0.9880264,0.9880264,0.00040722315,0.02017977,0.00084707653
2013-12-17,1.1130825e-05,0.058902577,0.9286319,0.98753446,0.98753446,0.00040404178,0.020100791,0.0008929279
2013-12-18,9.966381e-06,0.06315179,0.9249657,0.98811746,0.98811746,0.00038659028,0.0196619,0.00083874137
2013-12-19,9.7453185e-06,0.06684969,0.9207126,0.9875623,0.9875623,0.00037182344,0.019282725,0.00078353053
2013-12-20,9.558112e-06,0.0786018,0.9086034,0.9872052,0.9872052,0.0005073994,0.022525527,0.0007470314
2013-12-23,9.880372e-06,0.070220456,0.9171097,0.9873302,0.9873302,0.0004773164,0.021847572,0.0007798364
2013-12-24,1.1118209e-05,0.05879326,0.9287696,0.98756284,0.98756284,0.00045513958,0.021334,0.00089395046
2013-12-26,1.3990826e-05,0.05408355,0.93153685,0.9856204,0.9856204,0.00044017367,0.020980315,0.0009729621
2013-12-27,1.5645317e-05,0.048016805,0.9372391,0.9852559,0.9852559,0.0004249152,0.020613471,0.0010611237
2013-12-30,1.8175044e-05,0.04337962,0.94041246,0.98379207,0.98379207,0.0004154396,0.020382335,0.0011213671
2013-12-31,1.1895045e-05,0.055743665,0.93130624,0.98704994,0.98704994,0.0004098318,0.020244302,0.00091853185
2014-01-02,1.1618632e-05,0.06410685,0.922225,0.9863318,0.9863318,0.00050803635,0.022539662,0.0008500497
2014-01-03,9.140478e-06,0.06837071,0.9197529,0.9881236,0.9881236,0.0005097508,0.022577662,0.00076963345
2014-01-06,9.540378e-06,0.064994335,0.92323005,0.9882244,0.9882244,0.0004789396,0.02188469,0.0008101811
2014-01-07,1.0235943e-05,0.06202474,0.9258485,0.9878732,0.9878732,0.000451741,0.0212542,0.0008440759
2014-01-08,9.1810425e-06,0.07131906,0.9162641,0.98758316,0.98758316,0.00042860492,0.020702776,0.00073940255
2014-01-09,9.926071e-06,0.063287966,0.9246352,0.98792315,0.98792315,0.00042843315,0.020698627,0.0008219086
2014-01-10,9.675207e-06,0.073098734,0.9143473,0.987446,0.987446,0.00057156925,0.023907514,0.0007706878
2014-01-13,9.953335e-06,0.07527582,0.91149265,0.9867685,0.9867685,0.00054302544,0.023302907,0.00075224455
2014-01-14,9.546425e-06,0.087371215,0.8993524,0.9867236,0.9867236,0.00071875844,0.02680967,0.00071905233
2014-01-15,9.29899e-06,0.07971991,0.90758365,0.98730356,0.98730356,0.00069898466,0.026438318,0.00073240895
2014-01-16,9.2561895e-06,0.077995405,0.9093665,0.9873619,0.9873619,0.0006515247,0.025524981,0.000732404
2014-01-17,9.375072e-06,0.07008738,0.917837,0.9879244,0.9879244,0.00061552576,0.02480979,0.00077636476
2014-01-21,9.4036795e-06,0.073581904,0.91404915,0.9876311,0.9876311,0.0005855533,0.024198208,0.00076026696
2014-01-22,1.0202054e-05,0.067639045,0.92007166,0.9877107,0.9877107,0.00058767793,0.02424207,0.0008301584
2014-01-23,9.578304e-06,0.091065995,0.8952865,0.9863525,0.9863525,0.0007691281,0.027733158,0.00070183596
2014-01-24,1.1253374e-05,0.06915145,0.9176012,0.9867527,0.9867527,0.0007054009,0.026559385,0.00084948365
2014-01-27,9.45136e-06,0.11435456,0.87060773,0.9849623,0.9849623,0.0012371284,0.035172835,0.0006285104
2014-01-28,1.0988081e-05,0.08696983,0.89881456,0.9857844,0.9857844,0.0015941138,0.039926354,0.00077295996
2014-01-29,9.118733e-06,0.09943617,0.8866934,0.9861296,0.9861296,0.0015684764,0.039603997,0.0006574231
2014-01-30,8.916545e-06,0.15756156,0.8245719,0.98213345,0.98213345,0.0023793438,0.04877852,0.0004990636
2014-01-31,8.792152e-06,0.16773927,0.8135289,0.98126817,0.98126817,0.0036494737,0.060410872,0.00046936955
2014-02-03,8.136895e-06,0.13958697,0.8443591,0.9839461,0.9839461,0.003008121,0.05484634,0.00050684804
2014-02-04,1.0769362e-05,0.088878386,0.8967452,0.9856236,0.9856236,0.0025559466,0.05055637,0.00074909994
2014-02-05,8.82124e-06,0.15394251,0.8283798,0.98232234,0.98232234,0.0030503252,0.05522975,0.00049900485
2014-02-06,9.105303e-06,0.14949092,0.8323221,0.9818131,0.9818131,0.003208918,0.056647312,0.000500651
2014-02-07,8.864239e-06,0.12182025,0.8621325,0.98395276,0.98395276,0.0027378106,0.05232409,0.00055238407
2014-02-10,8.232973e-06,0.1570312,0.8252244,0.9822556,0.9822556,0.0024935107,0.049935065,0.0004639753
2014-02-11,8.624007e-06,0.12805167,0.8560157,0.9840673,0.9840673,0.0023390946,0.04836419,0.00054127787
2014-02-12,8.406956e-06,0.1575138,0.82462925,0.98214304,0.98214304,0.0023615705,0.04859599,0.00047079448
2014-02-13,8.37522e-06,0.11787757,0.8669547,0.9848322,0.9848323,0.001955834,0.044224814,0.0005521721
2014-02-14,8.471859e-06,0.13755302,0.84613943,0.98369247,0.98369247,0.0024600944,0.04959934,0.0005195058
2014-02-18,8.085353e-06,0.11846716,0.86662024,0.9850874,0.9850874,0.002090372,0.045720585,0.0005421825
2014-02-19,8.2086435e-06,0.11621144,0.86901945,0.98523086,0.98523086,0.0022874072,0.047826845,0.00055579713
2014-02-20,8.6420405e-06,0.13474351,0.8489422,0.98368573,0.98368573,0.0032173712,0.056721877,0.00052972283
2014-02-21,1.3149959e-05,0.08048119,0.9018825,0.9823637,0.9823637,0.0027653452,0.052586548,0.00074561895
2014-02-24,2.5676436e-05,0.039975196,0.9400624,0.9800376,0.98003757,0.002518461,0.050184272,0.0012862418
2014-02-25,8.3365405e-05,0.07391787,0.8593691,0.93328696,0.93328696,0.0029602875,0.054408524,0.001249612
2014-02-26,2.6216532e-05,0.115054026,0.84737927,0.9624333,0.9624333,0.0029496807,0.054310963,0.00069786585
2014-02-27,1.3577929e-05,0.13733537,0.83703375,0.9743691,0.9743691,0.0027934657,0.05285325,0.0005297486
2014-02-28,1.3075773e-05,0.15765485,0.8158356,0.9734904,0.9734905,0.0030893723,0.05558212,0.000493247
2014-03-03,9.505856e-06,0.19109584,0.7862865,0.9773823,0.9773823,0.0026077207,0.051065847,0.00042028396
2014-03-04,9.8276805e-06,0.20080182,0.77474904,0.9755509,0.9755509,0.0021842483,0.046735942,0.00040196476
2014-03-05,8.722995e-06,0.16541564,0.8154849,0.9809005,0.9809005,0.0019985428,0.044705063,0.00045671387
2014-03-06,8.9777905e-06,0.15139097,0.8301773,0.9815683,0.9815683,0.001798856,0.04241292,0.00048708363
2014-03-07,8.390218e-06,0.15124635,0.83118176,0.98242813,0.98242813,0.0016429494,0.04053331,0.00047748018
2014-03-10,8.416786e-06,0.15086722,0.83134586,0.9822131,0.9822131,0.001386996,0.037242394,0.00047320087
2014-03-11,8.580216e-06,0.11231209,0.8728816,0.98519367,0.98519367,0.0011695885,0.03419925,0.00057949644
2014-03-12,8.484387e-06,0.12014524,0.86448425,0.9846295,0.9846295,0.0010401332,0.032251097,0.00055199204
2014-03-13,8.734793e-06,0.1025595,0.8832088,0.9857683,0.9857683,0.0009832593,0.031356964,0.0006137569
2014-03-14,1.05357685e-05,0.08922674,0.8955886,0.9848153,0.9848153,0.0009358059,0.030590944,0.000693841
2014-03-17,8.873036e-06,0.10746284,0.87754345,0.9850063,0.9850063,0.0008571027,0.029276317,0.0005917832
2014-03-18,9.41694e-06,0.081627816,0.90523887,0.9868667,0.9868667,0.00082808133,0.028776402,0.0007170284
2014-03-19,9.437264e-06,0.10784524,0.87635076,0.984196,0.984196,0.00078427896,0.028004982,0.0005971443
2014-03-20,1.4193641e-05,0.069498725,0.91397566,0.9834744,0.9834744,0.0007012554,0.026481228,0.0008588867
2014-03-21,8.707607e-06,0.1136315,0.87136614,0.98499763,0.98499763,0.0007012969,0.02648201,0.0005804154
2014-03-24,9.923853e-06,0.10086256,0.88386464,0.9847272,0.9847272,0.00063810527,0.025260746,0.00064977317
2014-03-25,1.7159233e-05,0.073100716,0.90748787,0.98058856,0.98058856,0.00058105594,0.024105102,0.00088397507
2014-03-26,8.828252e-06,0.09699317,0.8892964,0.98628956,0.98628956,0.000616028,0.02481991,0.00064390735
2014-03-27,8.826508e-06,0.08683618,0.90012014,0.9869563,0.9869563,0.0005569868,0.023600567,0.00067668734
2014-03-28,8.625398e-06,0.09575965,0.8907999,0.9865595,0.9865595,0.0006541596,0.025576543,0.00064174726
2014-03-31,9.007828e-06,0.07863417,0.9089072,0.9875414,0.9875413,0.0006361419,0.025221854,0.0007230196
2014-04-01,8.831138e-06,0.08263919,0.9047339,0.9873731,0.9873731,0.0006384971,0.0252685,0.0006993916
2014-04-02,8.517838e-06,0.084735446,0.9026635,0.987399,0.987399,0.00062565843,0.025013166,0.0006759643
2014-04-03,8.861075e-06,0.08497956,0.9022229,0.9872024,0.9872024,0.0006091552,0.02468107,0.0006924016
2014-04-04,8.370737e-06,0.09671617,0.88990986,0.986626,0.986626,0.0006082443,0.02466261,0.00062589766
2014-04-07,8.835688e-06,0.082016885,0.90535885,0.98737574,0.98737574,0.0005540642,0.023538567,0.0006998973
2014-04-08,8.715699e-06,0.07861868,0.9090496,0.9876683,0.9876683,0.0005163976,0.022724383,0.00070677046
2014-04-09,8.274044e-06,0.09138058,0.89561486,0.98699546,0.98699546,0.00049159897,0.022172032,0.0006362427
2014-04-10,8.694212e-06,0.0811559,0.90634763,0.9875035,0.9875035,0.0004608741,0.021467978,0.00069573335
2014-04-11,8.957631e-06,0.07415305,0.91373086,0.9878839,0.9878839,0.00044500842,0.021095222,0.0007393179
2014-04-14,9.117146e-06,0.07140167,0.9166133,0.98801494,0.98801494,0.00041957197,0.020483457,0.000760709
2014-04-15,8.687955e-06,0.07786023,0.9099014,0.9877616,0.9877616,0.00040552186,0.020137573,0.00070989406
2014-04-16,8.690972e-06,0.07581501,0.9120741,0.9878891,0.9878891,0.00037790858,0.01943987,0.00071761635
2014-04-17,9.003914e-06,0.071286626,0.91676795,0.9880546,0.9880546,0.00035813742,0.01892452,0.00075375405
2014-04-21,8.898672e-06,0.08281845,0.9045786,0.9873971,0.9873971,0.00048642387,0.022055019,0.0007060799
2014-04-22,8.865614e-06,0.076280385,0.91151404,0.98779446,0.9877944,0.0004557928,0.021349303,0.0007263598
2014-04-23,8.298536e-06,0.080626346,0.9071311,0.98775744,0.98775744,0.0004306552,0.020752234,0.00067784346
2014-04-24,8.8322995e-06,0.07244093,0.9156284,0.9880693,0.9880693,0.00039919085,0.01997976,0.00074029993
2014-04-25,8.616426e-06,0.07526843,0.9127186,0.98798704,0.98798704,0.0003762221,0.019396445,0.000717261
2014-04-28,8.794546e-06,0.07061875,0.9175383,0.98815703,0.98815703,0.00036320047,0.01905782,0.0007425966
2014-04-29,9.243158e-06,0.06869762,0.919473,0.9881706,0.9881706,0.00041237433,0.020307003,0.00078137324
2014-04-30,8.3406485e-06,0.077943794,0.9099711,0.9879149,0.9879149,0.00039246824,0.01981081,0.0006901608
2014-05-01,8.849315e-06,0.070105754,0.91809654,0.9882023,0.9882023,0.00036622994,0.019137135,0.0007500865
2014-05-02,9.065841e-06,0.06891957,0.9192939,0.9882134,0.9882134,0.0003729389,0.019311626,0.0007691664
2014-05-05,8.787245e-06,0.0707758,0.9174156,0.9881914,0.9881914,0.0003579645,0.01891995,0.00074414106
2014-05-06,9.048777e-06,0.06872325,0.9194903,0.98821354,0.98821354,0.00033791285,0.018382406,0.0007677264
2014-05-07,8.899666e-06,0.07004435,0.91815275,0.9881971,0.9881971,0.00035805663,0.018922385,0.0007540229
2014-05-08,8.43248e-06,0.07484434,0.9132157,0.98806006,0.98806006,0.000348015,0.01865516,0.00070624123
2014-05-09,8.800832e-06,0.071665384,0.91647106,0.9881365,0.9881365,0.00042259955,0.020557227,0.00074183923
2014-05-12,8.913647e-06,0.0701425,0.9180352,0.9881777,0.9881777,0.00040165344,0.020041293,0.00075397006
2014-05-13,8.5993315e-06,0.07552984,0.9123914,0.98792124,0.98792124,0.00040987192,0.020245293,0.00071193813
2014-05-14,8.273986e-06,0.08322802,0.9042947,0.9875228,0.9875227,0.00040460445,0.020114781,0.0006631274
2014-05-15,8.436647e-06,0.08129328,0.9062954,0.9875887,0.9875887,0.0003745842,0.019354178,0.00067975547
2014-05-16,8.751523e-06,0.07446339,0.91350585,0.9879692,0.9879692,0.00039203255,0.019799812,0.0007274277
2014-05-19,8.986186e-06,0.0712582,0.91676134,0.9880195,0.9880195,0.00037833216,0.019450763,0.00075006933
2014-05-20,9.117665e-06,0.06967616,0.9184632,0.98813933,0.98813933,0.00036794267,0.019181833,0.0007687311
2014-05-21,8.508814e-06,0.07751958,0.9103606,0.9878802,0.9878802,0.000370609,0.019251207,0.0007020572
2014-05-22,8.988979e-06,0.074209414,0.9136024,0.9878118,0.9878118,0.00036910106,0.019212004,0.0007375151
2014-05-23,8.658489e-06,0.07807171,0.9096668,0.9877385,0.9877385,0.0003948747,0.019871455,0.00070615194
2014-05-27,9.182562e-06,0.07166014,0.91621375,0.9878739,0.9878739,0.00037680735,0.019411527,0.00075725676
2014-05-28,9.04238e-06,0.072203495,0.91579545,0.98799896,0.98799896,0.00039119372,0.019778619,0.0007534665
2014-05-29,8.538133e-06,0.07625781,0.91168165,0.9879395,0.9879395,0.00041313458,0.020325713,0.00070794055
2014-05-30,9.251072e-06,0.068612315,0.9195375,0.9881498,0.9881498,0.00039781426,0.019945282,0.00078066945
2014-06-02,9.15403e-06,0.068418995,0.9197657,0.9881847,0.9881847,0.0003759111,0.019388426,0.00077476003
2014-06-03,9.301583e-06,0.06800643,0.9201756,0.98818207,0.98818207,0.0003713423,0.019270243,0.0007870737
2014-06-04,9.0377425e-06,0.06931755,0.91884685,0.98816437,0.9881644,0.00035202832,0.018762417,0.00076360436
2014-06-05,9.16252e-06,0.0680741,0.92011875,0.98819286,0.98819286,0.00033295908,0.018247167,0.00077601493
2014-06-06,8.484998e-06,0.07278039,0.91535395,0.9881343,0.9881343,0.00032750636,0.018097136,0.00071508763
2014-06-09,9.225659e-06,0.067178264,0.9210309,0.9882091,0.9882091,0.00030859592,0.017566899,0.00078244077
2014-06-10,8.916663e-06,0.069627024,0.91849476,0.9881218,0.9881218,0.00030604328,0.017494092,0.0007506751
2014-06-11,8.885593e-06,0.070083,0.9180758,0.9881588,0.9881588,0.00033305827,0.018249884,0.00075039774
2014-06-12,8.703453e-06,0.070693694,0.9174551,0.98814875,0.98814875,0.00031618177,0.017781502,0.0007343911
2014-06-13,8.16276e-06,0.11037438,0.87547845,0.98585284,0.98585284,0.00051279174,0.022644905,0.00057698926
2014-06-16,9.327739e-06,0.067861356,0.9202738,0.98813516,0.98813516,0.0004594727,0.021435315,0.00078616635
2014-06-17,9.060216e-06,0.070654385,0.91738415,0.98803854,0.98803854,0.00043509708,0.02085898,0.0007574507
2014-06-18,8.591531e-06,0.074758306,0.913197,0.9879553,0.9879553,0.00040823952,0.020204937,0.0007133022
2014-06-19,8.752673e-06,0.07292408,0.91510534,0.9880294,0.9880294,0.00038958775,0.019737978,0.00073118205
2014-06-20,8.622058e-06,0.07105008,0.91702116,0.98807126,0.9880712,0.00038398826,0.019595617,0.00072279724
2014-06-23,1.146035e-05,0.05853445,0.9283128,0.9868472,0.9868472,0.00037001882,0.019235874,0.00087132544
2014-06-24,9.057204e-06,0.06809454,0.9200833,0.98817784,0.98817784,0.0003754922,0.01937762,0.0007661206
2014-06-25,8.762502e-06,0.07435613,0.91353434,0.9878905,0.9878905,0.00038185064,0.019541,0.0007236045
2014-06-26,9.934541e-06,0.06412086,0.9238124,0.9879333,0.9879333,0.0003588875,0.018944327,0.0008233007
2014-06-27,8.978203e-06,0.071345955,0.91653013,0.9878761,0.98787606,0.0004154973,0.020383751,0.00074053864
2014-06-30,9.100666e-06,0.06835413,0.91979134,0.9881455,0.9881455,0.000390155,0.019752342,0.00076769525
2014-07-01,9.227333e-06,0.067983896,0.9201937,0.9881776,0.98817754,0.00037769214,0.019434303,0.0007804956
2014-07-02,9.381703e-06,0.06704535,0.9208909,0.98793626,0.98793626,0.00035686558,0.018890886,0.00077767775
2014-07-03,9.134537e-06,0.06812209,0.9200697,0.9881918,0.9881918,0.00037057605,0.019250352,0.0007735747
2014-07-07,9.096674e-06,0.06848375,0.9196954,0.98817915,0.98817915,0.00035892733,0.018945377,0.0007695447
2014-07-08,9.132097e-06,0.06992941,0.9181451,0.98807454,0.98807454,0.00045852622,0.021413226,0.00076576485
2014-07-09,8.952766e-06,0.06953268,0.91861856,0.98815125,0.98815125,0.0004317213,0.020777903,0.0007555875
2014-07-10,8.876842e-06,0.06979454,0.9183703,0.98816484,0.98816484,0.0004098953,0.02024587,0.00075004
2014-07-11,8.5979555e-06,0.07424903,0.91369313,0.98794216,0.98794216,0.00039512463,0.019877743,0.0007130593
2014-07-14,8.927929e-06,0.06865595,0.919548,0.98820394,0.98820394,0.00037275464,0.019306855,0.00075685704
2014-07-15,8.693213e-06,0.070375785,0.91774565,0.98812145,0.98812145,0.00035170742,0.018753864,0.00073184125
2014-07-16,8.698475e-06,0.07006263,0.91812074,0.9881834,0.9881834,0.00034147745,0.018479109,0.000736122
2014-07-17,1.0394664e-05,0.062038224,0.9253204,0.9873586,0.9873586,0.00032438297,0.018010635,0.00082227355
2014-07-18,1.1195788e-05,0.062412474,0.9242725,0.986685,0.986685,0.00041320064,0.020327337,0.0008408389
2014-07-21,1.0272424e-05,0.06350176,0.9237474,0.9872492,0.9872492,0.00039312485,0.019827377,0.00080562953
2014-07-22,1.0785594e-05,0.06642965,0.91992897,0.98635864,0.98635864,0.00041618047,0.020400502,0.00079065404
2014-07-23,9.911493e-06,0.07247386,0.9143804,0.98685426,0.98685426,0.0004202191,0.020499246,0.0007539697
2014-07-24,9.276547e-06,0.071384445,0.9159901,0.98737454,0.98737454,0.00039458612,0.019864192,0.0007347494
2014-07-25,8.894525e-06,0.07016931,0.91796076,0.9881301,0.9881301,0.00040700907,0.020174466,0.000749334
2014-07-28,1.2790601e-05,0.06409033,0.92077714,0.98486745,0.98486745,0.00040302885,0.020075578,0.00084523787
2014-07-29,9.743846e-06,0.0651586,0.9226554,0.987814,0.987814,0.000388884,0.01972014,0.0007995941
2014-07-30,8.303238e-06,0.07870175,0.90909094,0.9877927,0.9877927,0.00038597803,0.019646324,0.0006801847
2014-07-31,9.195189e-06,0.06765304,0.92045826,0.9881113,0.9881113,0.00036164993,0.019017097,0.0007734405
2014-08-01,8.460501e-06,0.07182161,0.91637737,0.988199,0.988199,0.00035655661,0.018882707,0.00071693055
2014-08-04,9.531478e-06,0.064913005,0.92293584,0.9878489,0.9878489,0.00034397384,0.018546531,0.0007844113
2014-08-05,9.940382e-06,0.06383992,0.9239411,0.987781,0.987781,0.0003330297,0.018249102,0.0008135177
2014-08-06,8.975152e-06,0.06871297,0.91948295,0.9881959,0.9881959,0.00033502988,0.01830382,0.00076034165
2014-08-07,8.771396e-06,0.07020196,0.91797173,0.98817366,0.9881737,0.00032310284,0.017975062,0.0007416833
2014-08-08,8.733468e-06,0.07033471,0.917823,0.98815775,0.98815775,0.0003199132,0.017886117,0.00073748385
2014-08-11,9.312933e-06,0.067223325,0.9209702,0.9881935,0.9881935,0.00033686895,0.01835399,0.0007887979
2014-08-12,9.261711e-06,0.06712997,0.92107034,0.9882003,0.9882003,0.00031962153,0.017877962,0.00078491116
2014-08-13,9.052876e-06,0.067900635,0.92031026,0.9882109,0.9882109,0.00030406629,0.017437497,0.0007679033
2014-08-14,8.6817e-06,0.074961595,0.91284853,0.98781013,0.98781013,0.00037905766,0.019469403,0.0007122064
2014-08-15,8.784598e-06,0.06993192,0.9182876,0.9882195,0.9882195,0.0003834834,0.019582732,0.00074568973
2014-08-18,1.0081521e-05,0.06627505,0.9210681,0.98734313,0.98734313,0.00044008292,0.020978153,0.0007965258
2014-08-19,9.154824e-06,0.06794478,0.9202593,0.98820406,0.98820406,0.00041673105,0.020413991,0.0007760997
2014-08-20,8.419128e-06,0.081161,0.90645766,0.9876187,0.9876187,0.00042666867,0.02065596,0.00067998655
2014-08-21,9.477872e-06,0.06703573,0.92103815,0.9880739,0.9880739,0.0004106778,0.020265186,0.0007947158
2014-08-22,8.556636e-06,0.07618764,0.9116783,0.9878659,0.9878659,0.00040784344,0.020195134,0.00070517417
2014-08-25,9.576073e-06,0.065626256,0.92250043,0.9881267,0.9881267,0.00039223285,0.019804869,0.00080652133
2014-08-26,9.321043e-06,0.06829372,0.9198644,0.9881581,0.9881581,0.00041293007,0.02032068,0.0007871244
2014-08-27,9.391757e-06,0.067187026,0.9208975,0.9880845,0.9880845,0.00039197545,0.01979837,0.0007881963
2014-08-28,8.945006e-06,0.06939444,0.91879225,0.9881867,0.9881867,0.0003798739,0.019490354,0.000757199
2014-08-29,9.502166e-06,0.06681307,0.92137057,0.9881836,0.9881836,0.00039141744,0.019784274,0.0008041519
2014-09-02,9.875307e-06,0.06422579,0.92376703,0.9879928,0.9879928,0.00037208048,0.019289387,0.0008224504
2014-09-03,8.097988e-06,0.07614494,0.9118433,0.98798823,0.98798823,0.00047679612,0.021835662,0.0006741713
2014-09-04,8.702581e-06,0.08077278,0.90634614,0.9871189,0.9871189,0.000451924,0.021258503,0.0006756085
2014-09-05,9.143182e-06,0.068351164,0.91981673,0.9881679,0.9881679,0.00042237272,0.020551708,0.0007727426
2014-09-08,9.329695e-06,0.066704944,0.92140025,0.9881052,0.9881052,0.00040064895,0.020016218,0.0007843493
2014-09-09,9.315304e-06,0.06760718,0.9205571,0.98816425,0.98816425,0.0004103413,0.020256883,0.0007870478
2014-09-10,9.318368e-06,0.06879001,0.9192882,0.98807824,0.98807824,0.00043888987,0.020949699,0.0007816267
2014-09-11,9.496402e-06,0.065881744,0.92232174,0.98820347,0.98820347,0.00041650346,0.020408416,0.00080501626
2014-09-12,1.1950767e-05,0.05936485,0.92727166,0.9866365,0.9866365,0.00046752172,0.02162225,0.0008942855
2014-09-15,9.360525e-06,0.06812653,0.9199772,0.9881037,0.98810375,0.00045034362,0.0212213,0.00078684255
2014-09-16,9.411982e-06,0.06920918,0.91880375,0.9880129,0.9880129,0.00044880714,0.021185068,0.0007851766
2014-09-17,9.266761e-06,0.07060866,0.9173133,0.98792195,0.98792195,0.00044029183,0.020983132,0.00076724
2014-09-18,9.4400675e-06,0.06655358,0.92163855,0.98819214,0.98819214,0.00041471308,0.020364506,0.00079947326
2014-09-19,9.271332e-06,0.06725297,0.92094386,0.98819685,0.98819685,0.00043594147,0.02087921,0.0007854964
2014-09-22,9.146221e-06,0.07031661,0.9176885,0.9880051,0.9880051,0.00043411742,0.020835485,0.00076250924
2014-09-23,9.337456e-06,0.06678863,0.92141205,0.98820066,0.98820066,0.0004084362,0.020209804,0.00079135434
2014-09-24,9.179318e-06,0.07008943,0.9177444,0.9878338,0.98783386,0.00039068938,0.019765863,0.0007544933
2014-09-25,1.1381953e-05,0.062465813,0.92447555,0.98694134,0.98694134,0.00041082755,0.020268882,0.00087160175
2014-09-26,9.276057e-06,0.069024384,0.91897357,0.98799795,0.98799795,0.00040605583,0.020150827,0.0007728727
2014-09-29,1.4108429e-05,0.05119473,0.9347521,0.98594683,0.98594683,0.00038326386,0.019577125,0.0010039324
2014-09-30,9.713837e-06,0.06991477,0.9179625,0.98787725,0.98787725,0.0004626356,0.021508966,0.00080128986
2014-10-01,8.824836e-06,0.072005525,0.9160244,0.9880299,0.9880299,0.00043861676,0.02094318,0.0007372398
2014-10-02,1.2388806e-05,0.05526919,0.9313744,0.98664355,0.98664355,0.00045160786,0.021251068,0.00092755246
2014-10-03,9.663125e-06,0.06551142,0.92262757,0.988139,0.988139,0.0004614183,0.02148065,0.0008146955
2014-10-06,9.570618e-06,0.06833252,0.9196931,0.98802567,0.98802567,0.00048333293,0.021984834,0.000799261
2014-10-07,9.637307e-06,0.06794246,0.92001516,0.9879576,0.9879576,0.0005393698,0.023224337,0.000800281
2014-10-08,9.218086e-06,0.072312705,0.9155517,0.98786443,0.98786443,0.00052162225,0.02283905,0.0007595926
2014-10-09,9.294618e-06,0.06914992,0.9189111,0.988061,0.988061,0.0005353325,0.023137253,0.00077850965
2014-10-10,9.246278e-06,0.068502955,0.9195957,0.9880987,0.9880987,0.000501613,0.02239672,0.000776912
2014-10-13,1.0072478e-05,0.06469078,0.9229302,0.98762095,0.98762095,0.00047153785,0.021714922,0.00081367133
2014-10-14,9.457224e-06,0.06640587,0.9217294,0.9881353,0.9881353,0.0004595706,0.021437598,0.00079708773
2014-10-15,8.719704e-06,0.078554116,0.9090485,0.9876026,0.9876026,0.00047678748,0.021835463,0.00070334895
2014-10-16,1.395542e-05,0.051047035,0.9348814,0.9859284,0.9859284,0.0004433968,0.02105699,0.0009917448
2014-10-17,9.70507e-06,0.067783274,0.9197481,0.9875314,0.9875314,0.00042851546,0.020700615,0.0007783623
2014-10-20,1.2975495e-05,0.056461174,0.9294102,0.9858714,0.9858714,0.00040787994,0.020196037,0.0009183834
2014-10-21,1.6507103e-05,0.045912564,0.9387577,0.9846703,0.9846703,0.00042911113,0.020714998,0.001076804
2014-10-22,1.2443293e-05,0.058279358,0.9276609,0.9859402,0.9859402,0.00042521738,0.0206208,0.0008850274
2014-10-23,9.100192e-06,0.06757399,0.92048293,0.9880569,0.9880569,0.00041816986,0.020449203,0.0007619622
2014-10-24,1.7558841e-05,0.047933854,0.9353164,0.98325026,0.98325026,0.00040071845,0.020017954,0.0010483053
2014-10-27,1.3883942e-05,0.0525959,0.93302625,0.98562217,0.98562217,0.0003923685,0.019808294,0.0009656492
2014-10-28,3.794526e-05,0.028027922,0.9481391,0.976167,0.97616696,0.00039527263,0.019881465,0.0015921327
2014-10-29,2.101533e-05,0.044821195,0.93724644,0.98206764,0.98206764,0.00042970452,0.020729316,0.0011719224
2014-10-30,1.6152477e-05,0.052455593,0.93160284,0.98405844,0.98405844,0.00044471413,0.021088246,0.0010132306
2014-10-31,9.683881e-06,0.06742487,0.9205874,0.9880123,0.9880123,0.00046705134,0.02161137,0.0008078191
2014-11-03,9.774655e-06,0.0649534,0.92303675,0.98799014,0.98799014,0.00044960584,0.021203911,0.00081388594
2014-11-04,9.531444e-06,0.06993432,0.91798353,0.98791784,0.98791784,0.000549987,0.023451801,0.0007888858
2014-11-05,9.318437e-06,0.06908208,0.91894805,0.98803014,0.98803014,0.0005438365,0.023320302,0.00077849143
2014-11-06,1.0934977e-05,0.06054874,0.9271018,0.9876505,0.9876505,0.0005263775,0.02294292,0.00088546006
2014-11-07,1.2091303e-05,0.07026502,0.915967,0.986232,0.986232,0.0006447,0.025390944,0.0008782167
2014-11-10,1.2976977e-05,0.055198934,0.9315467,0.9867456,0.9867456,0.00060290226,0.024554068,0.000979069
2014-11-11,1.2387837e-05,0.060733955,0.92606467,0.98679864,0.98679864,0.0006462551,0.025421549,0.0009383761
2014-11-12,1.4478981e-05,0.05130214,0.9349117,0.98621386,0.98621386,0.0006110324,0.02471907,0.0010502565
2014-11-13,1.0108915e-05,0.06551329,0.9224601,0.9879734,0.9879734,0.0005965269,0.0244239,0.00084054586
2014-11-14,9.529054e-06,0.07395788,0.91359615,0.987554,0.987554,0.00072926696,0.027004944,0.0007656327
2014-11-17,1.0186316e-05,0.07497937,0.91149914,0.9864785,0.9864785,0.0006846687,0.026166175,0.0007533426
2014-11-18,1.07853875e-05,0.08641083,0.8998294,0.9862402,0.9862402,0.0010791476,0.03285038,0.0007838336
2014-11-19,9.9705885e-06,0.07955419,0.907402,0.9869562,0.9869562,0.0010251626,0.032018162,0.00076439173
2014-11-20,1.1351808e-05,0.071559,0.9152526,0.98681164,0.98681164,0.0010103395,0.03178584,0.00086074433
2014-11-21,1.2213979e-05,0.06629515,0.92014134,0.9864365,0.9864365,0.0009876338,0.031426642,0.00090050255
2014-11-24,1.0920576e-05,0.080786355,0.9051921,0.9859784,0.9859784,0.001091706,0.033040974,0.00077884085
2014-11-25,1.3549103e-05,0.06343604,0.92211276,0.9855488,0.9855488,0.0010585476,0.03253533,0.00093757594
2014-11-26,1.0489232e-05,0.07900465,0.9076928,0.98669744,0.98669744,0.0010517056,0.03243001,0.00078851206
2014-11-28,1.12643875e-05,0.06810921,0.9188198,0.986929,0.986929,0.0009882448,0.03143636,0.0008617846
2014-12-01,9.825684e-06,0.106158175,0.87878156,0.98493975,0.98493975,0.0011901476,0.034498516,0.0006524252
2014-12-02,2.0285077e-05,0.046232004,0.93627244,0.9825044,0.9825044,0.001097353,0.033126317,0.0011594406
2014-12-03,1.1279442e-05,0.08564604,0.8996874,0.98533344,0.98533344,0.0010997428,0.03316237,0.0007690586
2014-12-04,1.7836524e-05,0.06222701,0.92009777,0.9823248,0.9823248,0.0010277353,0.03205831,0.001009126
2014-12-05,2.8411261e-05,0.06278699,0.9122524,0.9750394,0.9750394,0.0010714355,0.03273279,0.0011382453
2014-12-08,1.1200719e-05,0.09177338,0.8932514,0.9850248,0.9850248,0.0011128231,0.033359002,0.00074795174
2014-12-09,1.2735892e-05,0.095605195,0.8876138,0.98321897,0.98321897,0.0012907477,0.035926975,0.00075894565
2014-12-10,9.716001e-06,0.107244335,0.8771176,0.9843619,0.9843619,0.0011827039,0.03439046,0.00062130264
2014-12-11,1.0444782e-05,0.08898024,0.8967778,0.98575807,0.98575807,0.0010708454,0.032723773,0.00073338224
2014-12-12,1.446818e-05,0.07653686,0.90651315,0.98305,0.98305,0.0010042891,0.031690523,0.0008535794
2014-12-15,1.16875e-05,0.083307385,0.9023842,0.9856916,0.9856916,0.0010700726,0.032711964,0.0008168283
2014-12-16,1.5550953e-05,0.06389493,0.92021567,0.9841106,0.9841106,0.0010107057,0.031791598,0.0009786994
2014-12-17,2.7723636e-05,0.045219135,0.93404335,0.9792625,0.9792625,0.000992374,0.031501967,0.0013368824
2014-12-18,1.0078487e-05,0.089866556,0.8957099,0.98557645,0.98557645,0.0009783191,0.031278092,0.00069875224
2014-12-19,1.0374268e-05,0.08366883,0.90276974,0.9864386,0.9864386,0.00090976193,0.03016226,0.0007649835
2014-12-22,5.9820046e-05,0.038483933,0.9235494,0.96203333,0.96203333,0.0010400407,0.032249663,0.0015755937
2014-12-23,1.2934953e-05,0.14080212,0.8377466,0.9785487,0.97854877,0.0013803723,0.037153363,0.0006029917
2014-12-24,1.2763529e-05,0.10961098,0.87042415,0.9800351,0.9800351,0.001180135,0.034353092,0.0006392993
2014-12-26,7.4152726e-05,0.050490644,0.9035038,0.9539944,0.9539944,0.0012646982,0.035562597,0.0016118194
2014-12-29,3.3264296e-05,0.07998918,0.88786006,0.96784925,0.96784925,0.0012195874,0.034922592,0.0010346352
2014-12-30,1.1658924e-05,0.12011463,0.86252713,0.98264176,0.98264176,0.0013942511,0.037339672,0.000671665
2014-12-31,1.9167215e-05,0.07786618,0.9001641,0.9780303,0.9780303,0.0013226051,0.036367636,0.0008724396
2015-01-02,1.533928e-05,0.119453184,0.85822666,0.97767985,0.97767985,0.0015734807,0.039667122,0.00068723905
2015-01-05,1.5165511e-05,0.109205835,0.8706344,0.9798402,0.9798402,0.0015465692,0.039326444,0.0007522657
2015-01-06,1.6078802e-05,0.12376701,0.85313505,0.97690207,0.97690207,0.0015445326,0.039300542,0.0006961144
2015-01-07,1.203071e-05,0.118575014,0.86314714,0.9817222,0.9817222,0.001380598,0.0371564,0.0006582135
2015-01-08,4.1802283e-05,0.05395227,0.91516894,0.9691212,0.9691212,0.001265669,0.035576243,0.0013537542
2015-01-09,1.388595e-05,0.08859203,0.89373153,0.9823236,0.9823236,0.0012206684,0.034938067,0.0007855638
2015-01-12,2.5464964e-05,0.05656292,0.92172104,0.97828394,0.97828394,0.0011087847,0.033298418,0.0011726329
2015-01-13,1.4807333e-05,0.0905664,0.89131147,0.98187786,0.98187786,0.0012028237,0.03468175,0.0008170854
2015-01-14,1.1239343e-05,0.102429144,0.88165283,0.984082,0.984082,0.0013299412,0.03646836,0.00070607685
2015-01-15,9.131106e-06,0.14927477,0.8330338,0.98230857,0.98230857,0.002092455,0.04574336,0.00051613146
2015-01-16,1.20439645e-05,0.103628606,0.8794606,0.98308915,0.9830892,0.0018330173,0.04281375,0.0007122033
2015-01-20,8.850697e-06,0.11388897,0.87068516,0.98457414,0.98457414,0.0016337782,0.04042002,0.00057375705
2015-01-21,1.0686328e-05,0.15932137,0.8205015,0.9798229,0.9798229,0.0025529573,0.050526798,0.00052962586
2015-01-22,8.593423e-06,0.13543582,0.84835285,0.98378867,0.98378867,0.002495514,0.04995512,0.00053008745
2015-01-23,1.0740947e-05,0.13588926,0.84509003,0.98097926,0.9809793,0.0024333072,0.049328566,0.0005646967
2015-01-26,8.7152275e-06,0.13718419,0.8463118,0.983496,0.983496,0.0024359468,0.049355313,0.00052806793
2015-01-27,1.0054179e-05,0.11208178,0.8713608,0.98344254,0.98344254,0.0022440618,0.04737153,0.00060722977
2015-01-28,8.295037e-06,0.11727537,0.8679171,0.9851925,0.9851925,0.0020975152,0.045798637,0.00056019076
2015-01-29,9.16886e-06,0.117220566,0.86728793,0.9845085,0.9845085,0.0020083813,0.044814967,0.00059186446
2015-01-30,1.1904067e-05,0.11650217,0.86434776,0.9808499,0.9808499,0.0020734519,0.045535173,0.00062161975
2015-02-02,9.587334e-06,0.13554704,0.8452646,0.98081166,0.98081166,0.0018160788,0.042615477,0.0004996436
2015-02-03,8.328889e-06,0.16380106,0.81762445,0.9814255,0.9814255,0.0015467056,0.039328177,0.00044840504
2015-02-04,8.523975e-06,0.12781002,0.8557551,0.9835651,0.9835651,0.0013963201,0.037367366,0.00051865063
2015-02-05,1.1038492e-05,0.10501583,0.8780169,0.9830327,0.9830327,0.0013491939,0.036731374,0.00065057457
2015-02-06,1.3347914e-05,0.08837009,0.8926404,0.9810105,0.9810105,0.0012529608,0.035397187,0.0007029101
2015-02-09,1.0243813e-05,0.10415356,0.8792412,0.9833948,0.9833948,0.0011373117,0.03372405,0.000616904
2015-02-10,1.3454988e-05,0.086099535,0.8956181,0.9817176,0.9817176,0.0010155564,0.031867795,0.0007359525
2015-02-11,1.0231188e-05,0.10905096,0.8753222,0.9843732,0.9843732,0.0010033412,0.031675562,0.0006547211
2015-02-12,1.060941e-05,0.082752734,0.9034579,0.9862106,0.9862106,0.0011001446,0.033168428,0.000769388
2015-02-13,1.3144081e-05,0.08839733,0.89278835,0.9811857,0.9811857,0.0010804496,0.032870192,0.0006986209
2015-02-17,9.28611e-06,0.09520287,0.8906784,0.98588127,0.98588127,0.0010751797,0.03278993,0.0006577156
2015-02-18,1.709195e-05,0.065469235,0.91677606,0.9822453,0.9822453,0.000991214,0.03148355,0.0009626733
2015-02-19,1.0241491e-05,0.088672996,0.89751965,0.98619264,0.98619264,0.00096996065,0.03114419,0.0007417416
2015-02-20,8.855438e-06,0.09365511,0.8928654,0.9865205,0.9865205,0.00088094216,0.02968067,0.0006569574
2015-02-23,8.786623e-06,0.101651266,0.8845049,0.98615617,0.98615617,0.0009502594,0.030826278,0.00063469575
2015-02-24,1.3233691e-05,0.07246095,0.91159964,0.9840606,0.9840606,0.00091028726,0.030170968,0.0008302495
2015-02-25,1.0114911e-05,0.079801336,0.9070187,0.98682004,0.98682004,0.00084787986,0.029118376,0.00076744636
2015-02-26,7.8418625e-06,0.10421392,0.88198364,0.98619753,0.9861976,0.0007796785,0.027922723,0.00056814926
2015-02-27,9.8890805e-06,0.12906341,0.8543054,0.9833688,0.9833688,0.0012104458,0.034791462,0.00059461064
2015-03-02,8.010059e-06,0.12741385,0.85719156,0.98460543,0.98460543,0.0010686712,0.032690536,0.00052031723
2015-03-03,1.0812741e-05,0.122643255,0.8598511,0.98249435,0.98249435,0.00094576145,0.030753234,0.00061767164
2015-03-04,9.051116e-06,0.10680187,0.87745297,0.98425484,0.98425484,0.00082757877,0.02876767,0.00057485054
2015-03-05,9.673226e-06,0.07891278,0.9082483,0.9871611,0.9871611,0.00078233896,0.027970323,0.000753431
2015-03-06,9.728276e-06,0.073207535,0.9144109,0.98761845,0.98761845,0.0007730683,0.027804105,0.00078570726
2015-03-09,9.231625e-06,0.07457307,0.91311634,0.9876894,0.9876894,0.00071664853,0.026770292,0.0007498909
2015-03-10,9.705918e-06,0.081468344,0.9054946,0.9869629,0.9869629,0.00091600034,0.030265497,0.0007444853
2015-03-11,9.147949e-06,0.08277239,0.9043775,0.9871499,0.9871499,0.0008722822,0.029534424,0.00071189675
2015-03-12,9.121867e-06,0.08829006,0.8985758,0.9868658,0.9868658,0.000889951,0.029832046,0.00069451355
2015-03-13,9.832277e-06,0.083822,0.90299326,0.9868153,0.9868153,0.0009002536,0.030004226,0.0007457324
2015-03-16,9.517189e-06,0.08383005,0.90308774,0.9869178,0.9869178,0.0008232211,0.02869183,0.0007274911
2015-03-17,9.520789e-06,0.071107194,0.91672856,0.98783576,0.98783576,0.0007541915,0.027462548,0.000782687
2015-03-18,9.255486e-06,0.08673866,0.90012586,0.9868645,0.9868645,0.00087951514,0.02965662,0.00070461654
2015-03-19,8.165178e-06,0.09636598,0.8903456,0.98671156,0.98671156,0.00084569555,0.029080845,0.0006144573
2015-03-20,9.743587e-06,0.080646954,0.90638727,0.9870342,0.9870342,0.00089395227,0.029899035,0.0007514838
2015-03-23,8.925315e-06,0.08259018,0.9046205,0.9872107,0.9872107,0.0008271951,0.028761,0.0006978731
2015-03-24,9.3039125e-06,0.07836327,0.9089792,0.9873424,0.9873425,0.0007870409,0.02805425,0.0007350466
2015-03-25,9.432734e-06,0.078849226,0.9084703,0.9873195,0.98731947,0.00075424,0.02746343,0.00074387883
2015-03-26,9.877608e-06,0.0774496,0.9091368,0.9865864,0.9865864,0.00073514815,0.027113615,0.0007363871
2015-03-27,1.2485889e-05,0.07137766,0.9130446,0.9844222,0.9844222,0.000705314,0.026557747,0.00080151844
2015-03-30,8.96184e-06,0.08537976,0.9016901,0.9870699,0.9870699,0.00072490086,0.026923982,0.0006930993
2015-03-31,9.360934e-06,0.07371476,0.91401947,0.9877342,0.9877342,0.00069968274,0.026451517,0.00076317345
2015-04-01,9.048247e-06,0.07732673,0.91028243,0.98760915,0.98760915,0.0006490107,0.025475688,0.00073023606
2015-04-02,9.725913e-06,0.076558486,0.9099548,0.98651326,0.98651326,0.00061318296,0.024762532,0.0007211461
2015-04-06,9.708585e-06,0.07690316,0.91049594,0.9873991,0.9873991,0.0006953145,0.026368817,0.0007704677
2015-04-07,8.301118e-06,0.09258684,0.8939344,0.98652124,0.98652124,0.00068450137,0.026162976,0.0006158668
2015-04-08,9.245339e-06,0.07630509,0.911207,0.9875121,0.9875121,0.0006323668,0.025146905,0.00074034446
2015-04-09,8.541222e-06,0.08721252,0.89992195,0.98713446,0.98713446,0.00062519236,0.025003847,0.0006638835
2015-04-10,8.828516e-06,0.08142026,0.90592045,0.9873407,0.9873407,0.00067896757,0.026057007,0.0006973931
2015-04-13,8.770393e-06,0.08579944,0.9012427,0.9870421,0.9870421,0.00062740315,0.025048018,0.00067683903
2015-04-14,9.258256e-06,0.07128861,0.9166262,0.9879148,0.9879148,0.00057421654,0.023962816,0.0007660822
2015-04-15,8.938965e-06,0.07617736,0.91145986,0.9876372,0.9876372,0.00053987565,0.023235224,0.0007230547
2015-04-16,8.425691e-06,0.09731148,0.8890457,0.9863572,0.9863572,0.00057582033,0.023996256,0.00061759306
2015-04-17,9.931865e-06,0.071665645,0.9160107,0.9876763,0.9876763,0.00059754524,0.024444738,0.0008059173
2015-04-20,9.748121e-06,0.070305906,0.9174665,0.9877724,0.9877724,0.00058207934,0.024126321,0.00079722307
2015-04-21,9.891049e-06,0.07009885,0.91754186,0.9876407,0.98764074,0.0006437621,0.025372468,0.0008002906
2015-04-22,9.518013e-06,0.07474477,0.91290706,0.9876518,0.9876518,0.00061734056,0.02484634,0.0007708032
2015-04-23,9.335852e-06,0.07117708,0.91668946,0.9878665,0.9878665,0.00058416824,0.024169574,0.00076942914
2015-04-24,8.731172e-06,0.08375009,0.9033894,0.98713946,0.98713946,0.0006046801,0.024590245,0.0006789119
2015-04-27,1.0524512e-05,0.065403014,0.9218154,0.9872184,0.9872184,0.0005549963,0.02355836,0.0008234098
2015-04-28,9.598519e-06,0.06665352,0.92146885,0.9881224,0.98812234,0.0005391359,0.0232193,0.00080811966
2015-04-29,9.507484e-06,0.067185216,0.9209411,0.98812634,0.98812634,0.00051444734,0.022681432,0.0008007204
2015-04-30,9.475031e-06,0.07130124,0.91652095,0.9878222,0.9878222,0.0005653726,0.023777565,0.0007780561
2015-05-01,9.7221355e-06,0.082327545,0.9047128,0.98704034,0.98704034,0.00073830044,0.027171684,0.0007501845
2015-05-04,1.0181756e-05,0.064332835,0.9237829,0.9881157,0.9881157,0.0006847201,0.026167158,0.0008567421
2015-05-05,1.0409637e-05,0.06292022,0.9251989,0.9881191,0.9881191,0.00065977866,0.025686156,0.00087616756
2015-05-06,9.534407e-06,0.068257995,0.91978383,0.9880418,0.9880418,0.00063394586,0.025178282,0.0007973124
2015-05-07,1.0070408e-05,0.06424641,0.9239213,0.9881677,0.9881677,0.00059273146,0.024346078,0.00085109496
2015-05-08,9.367673e-06,0.066587806,0.9215944,0.9881822,0.9881822,0.00057223893,0.023921516,0.00079267396
2015-05-11,1.0061775e-05,0.06760622,0.9203514,0.9879576,0.9879576,0.000718394,0.026802873,0.00083552883
2015-05-12,1.0539718e-05,0.062382713,0.92566496,0.98804766,0.98804766,0.00072144164,0.026859665,0.000881812
2015-05-13,9.089325e-06,0.08048608,0.9068915,0.9873776,0.9873776,0.000748564,0.027359897,0.00072009396
2015-05-14,1.0167205e-05,0.065598235,0.9224383,0.9880366,0.9880366,0.0007020598,0.026496412,0.0008498572
2015-05-15,1.0012594e-05,0.066955425,0.9210296,0.9879851,0.9879851,0.000698035,0.026420351,0.00083334633
2015-05-18,1.0213935e-05,0.06314575,0.92502296,0.9881687,0.9881687,0.000653472,0.025563098,0.00086329895
2015-05-19,9.930091e-06,0.064156935,0.9240465,0.98820347,0.98820347,0.0006148918,0.024797013,0.00084178045
2015-05-20,9.3026065e-06,0.06853732,0.9195473,0.9880846,0.9880846,0.0006053631,0.024604129,0.00078072224
2015-05-21,9.5199875e-06,0.0664324,0.92166543,0.98809785,0.98809785,0.0005743329,0.023965243,0.0007998542
2015-05-22,9.360021e-06,0.06759589,0.9204981,0.988094,0.988094,0.00054811646,0.023411887,0.0007861582
2015-05-26,1.0633768e-05,0.060554616,0.9270395,0.9875941,0.9875941,0.0005438297,0.023320157,0.00085715606
2015-05-27,9.3528015e-06,0.06664892,0.92152745,0.98817635,0.98817635,0.0005456214,0.02335854,0.0007910246
2015-05-28,9.535135e-06,0.06551376,0.9227092,0.988223,0.98822296,0.0005125036,0.022638543,0.00080964155
2015-05-29,9.177089e-06,0.07035937,0.91759324,0.9879526,0.9879526,0.0005835335,0.024156438,0.0007617479
2015-06-01,9.834418e-06,0.08573193,0.89948815,0.9852201,0.9852201,0.0005842415,0.024171088,0.0006653902
2015-06-02,1.0331781e-05,0.06435253,0.9230578,0.9874103,0.9874103,0.00053605007,0.023152756,0.0008206539
2015-06-03,1.0015481e-05,0.06965264,0.9175476,0.9872002,0.9872002,0.000527244,0.022961795,0.00078247173
2015-06-04,9.398216e-06,0.07626253,0.91128606,0.9875486,0.9875486,0.0005332446,0.02309209,0.0007547913
2015-06-05,9.331161e-06,0.069319814,0.9186969,0.98801666,0.9880167,0.0004959499,0.022269933,0.00077867816
2015-06-08,9.575338e-06,0.07010688,0.9172132,0.98732007,0.98732007,0.00047777614,0.02185809,0.0007551567
2015-06-09,9.550761e-06,0.07454027,0.91313237,0.9876726,0.9876726,0.00058137457,0.02411171,0.00077476044
2015-06-10,8.448958e-06,0.09469884,0.89202297,0.9867218,0.9867218,0.0007344436,0.02710062,0.0006363036
2015-06-11,9.159167e-06,0.07445774,0.9132285,0.9876863,0.9876863,0.00068751234,0.026220456,0.0007438178
2015-06-12,9.7058355e-06,0.06948864,0.918422,0.9879106,0.9879106,0.00067602075,0.0260004,0.00080284034
2015-06-15,9.778862e-06,0.06870205,0.91924214,0.9879442,0.9879442,0.00068012124,0.026079135,0.0008111324
2015-06-16,1.0148067e-05,0.07364271,0.9139068,0.98754954,0.98754954,0.0008034177,0.028344624,0.00081507594
2015-06-17,9.346829e-06,0.069948964,0.91802806,0.987977,0.987977,0.0007446728,0.027288694,0.0007774142
2015-06-18,9.75532e-06,0.06669824,0.9214069,0.9881052,0.9881052,0.0007054658,0.026560606,0.0008201317
2015-06-19,9.889216e-06,0.06627501,0.9217994,0.9880744,0.9880744,0.00071019726,0.026649527,0.00082924415
2015-06-22,9.859973e-06,0.06712977,0.9208842,0.988014,0.988014,0.0006778226,0.026035028,0.00082262297
2015-06-23,9.713018e-06,0.06603538,0.92208135,0.98811674,0.98811674,0.0006933164,0.026330901,0.0008173699
2015-06-24,8.7600265e-06,0.0769894,0.9106085,0.9875979,0.9875979,0.00064937444,0.025482826,0.00070633314
2015-06-25,1.10817355e-05,0.059772052,0.9275957,0.98736775,0.98736775,0.00061161834,0.024730919,0.0008772574
2015-06-26,9.913891e-06,0.06549842,0.9226532,0.9881516,0.9881516,0.00064216065,0.025340889,0.0008367289
2015-06-29,9.658601e-06,0.066401325,0.9217485,0.9881498,0.9881498,0.00065080385,0.025510857,0.0008150595
2015-06-30,9.599959e-06,0.06607109,0.9221091,0.9881802,0.9881802,0.00061859447,0.02487156,0.0008121944
2015-07-01,8.628123e-06,0.07513265,0.9127527,0.98788536,0.98788536,0.00058633846,0.024214426,0.0007122061
2015-07-02,8.929327e-06,0.070732936,0.9173447,0.98807764,0.98807764,0.0005661608,0.023794133,0.0007489564
2015-07-06,9.420775e-06,0.06707231,0.92110753,0.98817986,0.98817986,0.0005424011,0.023289505,0.0007970106
2015-07-07,8.253951e-06,0.08092772,0.9067245,0.98765224,0.98765224,0.0005459435,0.023365434,0.0006684575
2015-07-08,8.934666e-06,0.06957762,0.91856456,0.9881422,0.9881422,0.00052008836,0.022805447,0.0007534838
2015-07-09,8.92958e-06,0.0700665,0.9180714,0.9881379,0.9881379,0.00049551215,0.022260102,0.00075278245
2015-07-10,8.958517e-06,0.07057812,0.9174836,0.9880617,0.9880617,0.00048037735,0.021917513,0.0007504031
2015-07-13,9.333296e-06,0.06754025,0.9206263,0.9881665,0.9881665,0.00046826052,0.021639328,0.0007887188
2015-07-14,9.16412e-06,0.06872994,0.9194727,0.98820263,0.98820263,0.00051657663,0.022728322,0.0007767935
2015-07-15,9.390715e-06,0.06740251,0.9207604,0.9881629,0.9881629,0.00048877404,0.022108234,0.00079332734
2015-07-16,8.94708e-06,0.07102744,0.9170794,0.98810685,0.98810685,0.0005096706,0.022575885,0.00075228827
2015-07-17,9.106934e-06,0.0691445,0.9190266,0.9881711,0.9881711,0.0005106417,0.022597384,0.0007698886
2015-07-20,9.515514e-06,0.066945665,0.9212103,0.98815596,0.98815596,0.00048072345,0.021925407,0.0008034011
2015-07-21,9.1976135e-06,0.06817174,0.9200113,0.988183,0.988183,0.0004701624,0.02168323,0.0007783389
2015-07-22,9.394261e-06,0.067540765,0.9206029,0.9881437,0.9881437,0.00047150304,0.021714121,0.0007923422
2015-07-23,8.989278e-06,0.06877064,0.91942966,0.9882003,0.9882003,0.00044542886,0.021105185,0.00076182303
2015-07-24,9.230281e-06,0.06795791,0.92025185,0.9882098,0.9882097,0.00047303402,0.021749346,0.00078287633
2015-07-27,9.45699e-06,0.06579031,0.9222969,0.9880872,0.9880872,0.0004580521,0.021402152,0.0007938496
2015-07-28,9.242942e-06,0.06752415,0.92062914,0.9881533,0.9881533,0.00043348255,0.020820243,0.00078021095
2015-07-29,9.553701e-06,0.065833524,0.9221637,0.98799723,0.98799723,0.0004174282,0.02043106,0.0007959583
2015-07-30,9.342422e-06,0.06767601,0.92048234,0.98815835,0.98815835,0.0004292744,0.020718938,0.0007889457
2015-07-31,9.269577e-06,0.0687193,0.91941047,0.98812973,0.98812973,0.000521264,0.022831207,0.00078090734
2015-08-03,9.081254e-06,0.07104663,0.9169981,0.98804474,0.98804474,0.00051270676,0.02264303,0.0007596031
2015-08-04,8.548713e-06,0.0717508,0.9163201,0.9880709,0.9880709,0.00048932567,0.022120707,0.0007166271
2015-08-05,8.7618255e-06,0.07103005,0.9171244,0.9881545,0.9881544,0.0004956423,0.022263026,0.0007396736
2015-08-06,9.114987e-06,0.06859028,0.91959727,0.98818755,0.98818755,0.00046495383,0.021562789,0.0007716425
2015-08-07,9.207158e-06,0.067567214,0.9206159,0.98818314,0.98818314,0.00043880002,0.020947553,0.00077915436
2015-08-10,9.062479e-06,0.06805794,0.9201241,0.98818207,0.98818207,0.00041495895,0.020370541,0.00076684135
2015-08-11,8.564282e-06,0.072054215,0.9160491,0.98810333,0.98810333,0.00040788588,0.020196185,0.00071988907
2015-08-12,8.658922e-06,0.07338739,0.9146182,0.9880056,0.9880056,0.0003822674,0.019551659,0.0007219124
2015-08-13,8.7221615e-06,0.071441405,0.9166883,0.98812973,0.98812973,0.0004258336,0.020635735,0.0007347908
2015-08-14,9.096473e-06,0.07382142,0.9140089,0.98783034,0.98783034,0.00057891256,0.024060601,0.00074747147
2015-08-17,9.530771e-06,0.06618651,0.9219026,0.9880891,0.9880891,0.00054023677,0.023242993,0.0008001712
2015-08-18,9.115539e-06,0.06957892,0.918503,0.98808193,0.98808193,0.00055301574,0.023516286,0.0007648504
2015-08-19,9.732561e-06,0.06544722,0.9224089,0.9878561,0.9878561,0.0005222448,0.022852676,0.00080143556
2015-08-20,8.704296e-06,0.073356286,0.91455173,0.987908,0.987908,0.00049286126,0.022200478,0.0007198396
2015-08-21,9.586255e-06,0.06551763,0.9224428,0.9879604,0.9879604,0.00047479654,0.021789826,0.0007962269
2015-08-24,9.077836e-06,0.072694,0.9151938,0.9878878,0.9878878,0.0005022355,0.02241061,0.0007494787
2015-08-25,8.760644e-06,0.07468411,0.91313195,0.98781604,0.9878161,0.0004753609,0.021802772,0.0007190307
2015-08-26,2.2691187e-05,0.03769564,0.9442788,0.9819744,0.9819744,0.00045609256,0.021356324,0.0012588328
2015-08-27,1.345257e-05,0.052344367,0.9331247,0.9854691,0.9854691,0.00045375118,0.021301435,0.00092579075
2015-08-28,1.18619855e-05,0.07070056,0.91229886,0.98299944,0.98299944,0.0004587041,0.02141738,0.00069774105
2015-08-31,9.301027e-06,0.07438116,0.9127356,0.98711675,0.98711675,0.0004897017,0.022129204,0.00072194746
2015-09-01,9.06e-06,0.07721088,0.909265,0.9864759,0.9864759,0.00046286467,0.02151429,0.0006699144
2015-09-02,8.239248e-06,0.08345516,0.9034646,0.98691976,0.98691976,0.0004318793,0.020781705,0.00062990043
2015-09-03,1.3297672e-05,0.05256822,0.9328854,0.9854536,0.9854536,0.00043174735,0.020778531,0.0009141559
2015-09-04,9.478727e-06,0.06741286,0.92068285,0.9880957,0.9880957,0.0004598822,0.021444865,0.0007962441
2015-09-08,9.567493e-06,0.06794018,0.9198147,0.9877549,0.9877549,0.0004778187,0.021859065,0.0007813312
2015-09-09,9.408059e-06,0.06891187,0.91902226,0.9879341,0.9879341,0.0004782121,0.021868061,0.00077972375
2015-09-10,9.1930915e-06,0.075887926,0.9117147,0.9876026,0.9876026,0.0004816624,0.021946808,0.0007415333
2015-09-11,1.2424616e-05,0.056873597,0.9290907,0.9859643,0.9859643,0.00045963563,0.021439115,0.0008852152
2015-09-14,9.305382e-06,0.07180973,0.9158301,0.9876398,0.9876398,0.00044034453,0.020984387,0.00075284956
2015-09-15,9.325115e-06,0.06931905,0.9186159,0.98793495,0.98793495,0.00045414158,0.021310598,0.0007729029
2015-09-16,1.1225561e-05,0.059294373,0.92758584,0.98688024,0.9868802,0.00043448916,0.020844404,0.00085562264
2015-09-17,1.9009698e-05,0.043951172,0.93898356,0.9829347,0.9829347,0.00045141892,0.021246621,0.0011139396
2015-09-18,1.0620216e-05,0.06364033,0.92346025,0.9871006,0.9871006,0.0004432307,0.021053044,0.0008233109
2015-09-21,9.359489e-06,0.075534485,0.91187865,0.9874131,0.9874131,0.00043980853,0.020971613,0.0007435902
2015-09-22,4.7894406e-05,0.023290848,0.94896185,0.9722527,0.9722527,0.00042156968,0.020532163,0.0017260942
2015-09-23,1.1947049e-05,0.062436216,0.92341805,0.98585427,0.98585427,0.00044802006,0.021166485,0.0008445691
2015-09-24,1.3683783e-05,0.053298995,0.93210423,0.98540324,0.98540324,0.0004261831,0.020644203,0.0009374535
2015-09-25,5.39055e-05,0.0208542,0.94988984,0.970744,0.970744,0.00041499597,0.02037145,0.0018425459
2015-09-28,4.4183525e-05,0.024974857,0.9488489,0.9738238,0.9738238,0.00045030526,0.021220397,0.0016879265
2015-09-29,1.5555976e-05,0.051892012,0.9322382,0.98413026,0.98413026,0.00047145603,0.021713039,0.000980229
2015-09-30,5.671244e-05,0.021451285,0.9476034,0.9690547,0.9690547,0.00045940024,0.021433624,0.0018326673
2015-10-01,3.3787946e-05,0.033912025,0.94287574,0.97678775,0.97678775,0.0005044608,0.022460205,0.0014556082
2015-10-02,6.34351e-05,0.025343738,0.9405659,0.9659096,0.9659096,0.00055464526,0.023550907,0.0018607908
2015-10-05,8.19101e-05,0.017267695,0.9435864,0.9608541,0.9608541,0.00058657053,0.024219219,0.0020924318
2015-10-06,5.232675e-05,0.026011065,0.94374305,0.9697541,0.9697541,0.0006353908,0.025206959,0.0017300445
2015-10-07,7.190108e-05,0.021751007,0.94005495,0.96180594,0.96180594,0.00065377995,0.02556912,0.0018825199
2015-10-08,2.9967154e-05,0.039565746,0.93824303,0.9778088,0.9778088,0.0006865625,0.026202338,0.0013504055
2015-10-09,0.00010865257,0.012493673,0.93929785,0.9517915,0.9517915,0.0006779763,0.026037978,0.0022538065
2015-10-12,6.407336e-05,0.021366745,0.94507515,0.9664419,0.96644187,0.000745515,0.02730412,0.0019093279
2015-10-13,1.16305755e-05,0.06832292,0.9173864,0.9857093,0.9857093,0.0007724259,0.02779255,0.0008138568
2015-10-14,3.932674e-05,0.030663816,0.94402003,0.9746838,0.9746838,0.0007346031,0.027103562,0.0015534232
2015-10-15,4.2151685e-05,0.027994197,0.94614005,0.97413427,0.97413427,0.0007348588,0.02710828,0.0016296343
2015-10-16,5.1557974e-05,0.027604867,0.9427061,0.970311,0.970311,0.0007562781,0.02750051,0.0017366011
2015-10-19,9.069211e-05,0.016244194,0.9413861,0.9576303,0.9576303,0.0007668498,0.027692053,0.0021404934
2015-10-20,3.0075737e-05,0.04011128,0.93741995,0.97753125,0.97753125,0.0008130217,0.028513534,0.0013385587
2015-10-21,1.6369195e-05,0.05329537,0.9302484,0.98354375,0.98354375,0.0008001175,0.028286349,0.0009947101
2015-10-22,4.6157897e-05,0.03169393,0.94037944,0.9720734,0.9720734,0.0008064442,0.02839796,0.0016528277
2015-10-23,5.4439854e-05,0.025768967,0.9436834,0.9694524,0.9694524,0.0008062149,0.028393924,0.0017821308
2015-10-26,4.3644086e-05,0.040673766,0.9309982,0.971672,0.971672,0.000862035,0.029360432,0.0015406695
2015-10-27,8.9245164e-05,0.061534837,0.8837499,0.9452847,0.9452847,0.0012770446,0.03573576,0.0016310832
2015-10-28,0.00021055629,0.025839766,0.881374,0.90721375,0.90721375,0.0012310403,0.035086185,0.0022692617
2015-10-29,0.00015077664,0.029059507,0.8930078,0.92206734,0.92206734,0.0013164075,0.03628233,0.0019347043
2015-10-30,1.0638833e-05,0.15124728,0.8296877,0.980935,0.980935,0.0016450742,0.040559515,0.00055802887
2015-11-02,9.228224e-06,0.12600467,0.85800195,0.98400664,0.98400664,0.0014955393,0.038672205,0.0005770036
2015-11-03,1.2606354e-05,0.08195311,0.9027032,0.98465633,0.98465633,0.0013925992,0.037317544,0.00082159985
2015-11-04,9.047231e-06,0.11118066,0.8733815,0.98456216,0.98456216,0.0012698137,0.035634447,0.00058604253
2015-11-05,1.0449892e-05,0.08666827,0.89947397,0.9861422,0.9861422,0.0011200336,0.0334669,0.0007540812
2015-11-06,1.4888491e-05,0.06571087,0.91898847,0.9846993,0.98469937,0.0011880668,0.034468345,0.00097306
2015-11-09,1.4151098e-05,0.06257622,0.9224809,0.9850571,0.9850571,0.0011073655,0.0332771,0.0009470125
2015-11-10,3.2455035e-05,0.036650226,0.94187886,0.9785291,0.9785291,0.0010927342,0.03305653,0.001511582
2015-11-11,3.134369e-05,0.03622888,0.94257945,0.97880834,0.97880834,0.0010645579,0.032627564,0.0014790581
2015-11-12,1.4950462e-05,0.066572264,0.9178078,0.98438007,0.98438007,0.001056823,0.032508813,0.00095713994
2015-11-13,6.152254e-05,0.025192758,0.9419268,0.9671195,0.9671195,0.0009849945,0.03138462,0.001871096
2015-11-16,1.7245651e-05,0.060566116,0.92306966,0.9836358,0.9836358,0.0010379256,0.032216854,0.0010538636
2015-11-17,6.9104855e-05,0.01928538,0.9467288,0.9660142,0.9660142,0.0009817735,0.031333264,0.0020333454
2015-11-18,2.5876165e-05,0.047171306,0.93253744,0.97970873,0.97970873,0.0009992006,0.031610135,0.0012752364
2015-11-19,4.42976e-05,0.028483791,0.9453559,0.9738397,0.9738397,0.00096235506,0.031021848,0.0016933139
2015-11-20,4.065561e-05,0.036173742,0.93805474,0.9742285,0.9742285,0.0009805841,0.03131428,0.0015775416
2015-11-23,0.00012808054,0.021372022,0.92007715,0.94144917,0.94144917,0.0010867338,0.032965645,0.0021875103
2015-11-24,0.00015555468,0.016213827,0.91637623,0.93259007,0.93259007,0.00114727,0.033871375,0.002307593
2015-11-25,2.075868e-05,0.059869584,0.9193618,0.9792314,0.9792314,0.0012071895,0.03474463,0.0009995232
2015-11-27,4.2803887e-05,0.03367965,0.94013196,0.9738116,0.9738116,0.0011311165,0.033632077,0.0016344615
2015-11-30,2.1446114e-05,0.055574685,0.92604446,0.9816191,0.9816191,0.0011064903,0.033263948,0.0011667621
2015-12-01,5.75494e-05,0.024060948,0.94549614,0.9695571,0.9695571,0.001052291,0.032439034,0.0018904051
2015-12-02,4.2230902e-05,0.031794757,0.9411924,0.9729871,0.9729872,0.001052547,0.03244298,0.0015633615
2015-12-03,1.122211e-05,0.07667501,0.9091088,0.9857838,0.9857838,0.0010611598,0.032575447,0.0007893897
2015-12-04,5.820342e-05,0.024294186,0.94289994,0.96719414,0.96719414,0.0009803247,0.031310137,0.0017741775
2015-12-07,1.6470196e-05,0.05652777,0.92703795,0.98356575,0.98356575,0.0009827028,0.03134809,0.0010021871
2015-12-08,1.0838686e-05,0.09011232,0.89523834,0.98535067,0.98535067,0.0011032857,0.033215746,0.0007398758
2015-12-09,3.1011186e-05,0.044096705,0.9325407,0.9766374,0.9766374,0.0009987896,0.03160363,0.0013273873
2015-12-10,1.3223094e-05,0.071037866,0.9135287,0.98456657,0.98456657,0.0009630158,0.031032495,0.00085678254
2015-12-11,1.6016109e-05,0.073919974,0.9083704,0.9822903,0.9822903,0.00093005976,0.03049688,0.0009043707
2015-12-14,1.1564599e-05,0.090721846,0.89404196,0.9847638,0.9847638,0.00087199925,0.029529633,0.00075902126
2015-12-15,0.00012647266,0.017520772,0.9258608,0.9433816,0.9433816,0.0010111091,0.03179794,0.0022337735
2015-12-16,0.00021277383,0.016789135,0.8923041,0.90909326,0.90909326,0.0010886568,0.0329948,0.0023405727
2015-12-17,2.2511647e-05,0.08872545,0.8876699,0.97639537,0.97639537,0.0011893362,0.034486752,0.0009536962
2015-12-18,8.532065e-05,0.043619335,0.9069761,0.95059544,0.95059544,0.0011121285,0.03334859,0.0017269793
2015-12-21,0.00016171481,0.026688041,0.89910734,0.9257954,0.9257954,0.0010961443,0.03310807,0.002179309
2015-12-22,3.1864525e-05,0.06521617,0.909908,0.9751242,0.9751242,0.0013119322,0.036220606,0.0012809437
2015-12-23,6.669806e-05,0.028701995,0.93564236,0.9643444,0.9643444,0.0012348414,0.03514031,0.0018706187
2015-12-24,9.576051e-06,0.10912895,0.87574756,0.9848765,0.9848765,0.0012918245,0.03594196,0.0006331907
2015-12-28,1.350351e-05,0.07081942,0.9144049,0.98522437,0.98522437,0.0011993134,0.034631103,0.00091390393
2015-12-29,1.1428071e-05,0.10242711,0.88229257,0.9847197,0.9847197,0.0017328269,0.04162724,0.0007478954
2015-12-30,9.066337e-06,0.10032108,0.88569033,0.9860114,0.9860114,0.0019446977,0.044098727,0.00064812263
2015-12-31,1.1206361e-05,0.09581367,0.88922673,0.9850404,0.9850404,0.0022053176,0.04696081,0.0007491096
2016-01-04,9.070662e-06,0.104202196,0.881516,0.9857182,0.9857182,0.0022544607,0.04748116,0.0006351199
2016-01-05,9.314421e-06,0.09207438,0.8943312,0.9864056,0.9864056,0.001996535,0.044682603,0.00068516657
2016-01-06,1.1430346e-05,0.06876688,0.9179388,0.9867057,0.9867057,0.0017961097,0.042380534,0.00085979427
2016-01-07,1.308055e-05,0.06654933,0.9188069,0.9853562,0.9853562,0.0017033236,0.04127134,0.00089324906
2016-01-08,1.3217426e-05,0.063493915,0.92261606,0.98611,0.98611,0.001742417,0.04174227,0.0009515766
2016-01-11,1.5418953e-05,0.053110052,0.93241173,0.9855218,0.9855218,0.0017091049,0.04134132,0.0010649767
2016-01-12,1.4759003e-05,0.0643944,0.9203227,0.98471713,0.98471713,0.0016601157,0.040744517,0.00096572196
2016-01-13,1.2606623e-05,0.07732915,0.9075863,0.98491544,0.98491544,0.0017710191,0.042083476,0.00083573
2016-01-14,1.6831877e-05,0.052744303,0.9314702,0.98421454,0.98421454,0.001622306,0.04027786,0.0010662902
2016-01-15,1.5984633e-05,0.069408834,0.9124781,0.9818869,0.9818869,0.0017102895,0.041355647,0.00088249135
2016-01-19,2.076934e-05,0.06022495,0.9199104,0.9801353,0.9801353,0.0015995649,0.03999456,0.0010455411
2016-01-20,1.3917317e-05,0.07557167,0.90813714,0.9837088,0.9837088,0.0014932326,0.03864237,0.00085428427
2016-01-21,1.3240758e-05,0.071858086,0.9129092,0.9847673,0.9847673,0.0013828194,0.03718628,0.0008692335
2016-01-22,2.4709065e-05,0.044754505,0.9333566,0.9781111,0.9781111,0.0012822581,0.03580863,0.0011288393
2016-01-25,1.2032365e-05,0.082730435,0.8992675,0.9819979,0.9819979,0.0012215334,0.034950443,0.000668387
2016-01-26,2.310054e-05,0.046397608,0.9333111,0.97970873,0.97970873,0.0011172928,0.03342593,0.0011384473
2016-01-27,4.7274858e-05,0.027607793,0.94294095,0.97054875,0.97054875,0.0010708516,0.03272387,0.0016051901
2016-01-28,3.5347417e-05,0.029186675,0.94736475,0.9765514,0.9765514,0.0010575413,0.032519862,0.0015074434
2016-01-29,3.243119e-05,0.034313317,0.94321895,0.97753227,0.97753227,0.001037487,0.032210045,0.0014434564
2016-02-01,1.0387888e-05,0.070359536,0.9169608,0.9873203,0.9873203,0.0011038039,0.033223543,0.00081925374
2016-02-02,1.0825473e-05,0.0885182,0.8973157,0.9858339,0.9858339,0.0013237991,0.03638405,0.0007641807
2016-02-03,1.9965568e-05,0.07831222,0.90129983,0.97961205,0.97961205,0.0015239962,0.039038394,0.0009792829
2016-02-04,1.5736287e-05,0.067066066,0.91379875,0.9808648,0.9808648,0.0013969598,0.037375923,0.0008223748
2016-02-05,9.818013e-06,0.113654636,0.87087524,0.98452985,0.98452985,0.0013640539,0.0369331,0.0006346425
2016-02-08,1.2253698e-05,0.08475612,0.9003287,0.98508483,0.98508483,0.001431164,0.03783073,0.00082155946
2016-02-09,1.1063886e-05,0.08224712,0.90401816,0.9862653,0.9862653,0.0014158683,0.037628025,0.0008055427
2016-02-10,1.0107461e-05,0.09167574,0.8942676,0.9859434,0.9859434,0.0013226799,0.036368668,0.0007190533
2016-02-11,8.9670075e-06,0.10084446,0.8850628,0.98590726,0.98590726,0.0012497399,0.03535166,0.00063628546
2016-02-12,1.0203864e-05,0.089368425,0.8966758,0.9860442,0.9860442,0.001180835,0.034363277,0.00073115726
2016-02-16,7.712066e-06,0.12706609,0.85732096,0.98438704,0.98438704,0.0010863855,0.032960363,0.00049395283
2016-02-17,1.6001653e-05,0.06964654,0.9123271,0.98197365,0.98197365,0.0010721807,0.03274417,0.0008876812
2016-02-18,9.023102e-06,0.089039564,0.8968383,0.9858779,0.9858779,0.0010234297,0.031991087,0.0006389336
2016-02-19,2.1613097e-05,0.05872769,0.9215252,0.98025286,0.98025286,0.0011256286,0.03355039,0.0010944926
2016-02-22,1.198979e-05,0.09097305,0.89346623,0.98443925,0.98443925,0.0010987722,0.033147734,0.0007705151
2016-02-23,1.2779284e-05,0.07742405,0.9054191,0.98284316,0.98284316,0.0010020642,0.031655397,0.00074485067
2016-02-24,7.752426e-05,0.029656166,0.92860264,0.9582588,0.9582588,0.0009556687,0.030913891,0.0018572602
2016-02-25,1.4978445e-05,0.07969795,0.9008099,0.98050785,0.98050785,0.00096508424,0.031065805,0.0007684347
2016-02-26,1.7868755e-05,0.072685055,0.9070975,0.9797826,0.9797826,0.0010006656,0.0316333,0.0008838297
2016-02-29,1.9372588e-05,0.06281528,0.9190006,0.9818159,0.98181593,0.0010787182,0.032843847,0.0010653571
2016-03-01,9.399188e-06,0.10589362,0.8788248,0.9847184,0.9847184,0.0011407022,0.033774283,0.000615065
2016-03-02,8.625774e-06,0.17797183,0.8017927,0.9797645,0.9797645,0.0010468061,0.032354385,0.00042626983
2016-03-03,1.2897392e-05,0.09962358,0.8824805,0.98210406,0.98210406,0.0010945662,0.03308423,0.00072068826
2016-03-04,1.060786e-05,0.095564686,0.8893646,0.98492926,0.98492926,0.0010329628,0.032139737,0.00070387137
2016-03-07,1.2112212e-05,0.0859547,0.897351,0.98330575,0.98330575,0.0009554488,0.030910334,0.00072553207
2016-03-08,1.6807833e-05,0.0749863,0.90479493,0.9797812,0.9797812,0.0008875797,0.029792275,0.0008312977
2016-03-09,9.998999e-06,0.101147935,0.8842298,0.9853777,0.9853777,0.00083283207,0.02885883,0.0006838199
2016-03-10,9.527385e-06,0.08891947,0.8968425,0.98576194,0.98576194,0.0008013343,0.028307848,0.00066914916
2016-03-11,1.4834219e-05,0.060011342,0.9249485,0.98495984,0.98495984,0.0007657333,0.027671887,0.0009863073
2016-03-14,2.4862651e-05,0.03969356,0.9418005,0.981494,0.981494,0.0007448608,0.027292138,0.0013434921
2016-03-15,1.7560706e-05,0.05037167,0.9338,0.9841716,0.9841716,0.0007264554,0.026952837,0.0011094449
2016-03-16,1.2142399e-05,0.061075862,0.92579913,0.986875,0.986875,0.00071160804,0.026675982,0.000925135
2016-03-17,3.293727e-05,0.030303137,0.9475922,0.9778953,0.9778953,0.00067628606,0.0260055,0.0014900586
2016-03-18,3.0147292e-05,0.03311299,0.9467897,0.9799027,0.9799027,0.0007129699,0.026701497,0.0015000657
2016-03-21,1.727997e-05,0.046697762,0.9381167,0.98481447,0.98481447,0.0007125181,0.026693035,0.001137923
2016-03-22,1.2687246e-05,0.05887875,0.9276509,0.9865297,0.9865297,0.00076848385,0.027721541,0.0009418687
2016-03-23,9.853928e-06,0.07138216,0.9159904,0.9873726,0.9873726,0.00074721314,0.0273352,0.0007803594
2016-03-24,1.2417753e-05,0.07864463,0.90661705,0.9852617,0.9852617,0.0007948589,0.028193243,0.0008425487
2016-03-28,1.3006374e-05,0.05823927,0.92783314,0.9860724,0.9860724,0.0007367651,0.027143417,0.00093385746
2016-03-29,1.2994838e-05,0.05902375,0.9275123,0.986536,0.986536,0.0007279362,0.026980294,0.0009651562
2016-03-30,1.0174707e-05,0.07349925,0.9139632,0.98746246,0.98746246,0.0007396472,0.027196456,0.0008115394
2016-03-31,1.0439299e-05,0.06798144,0.9198063,0.9877877,0.9877877,0.0008549609,0.029239714,0.0008548201
2016-04-01,9.988096e-06,0.06688286,0.92106575,0.9879486,0.9879486,0.000820117,0.028637685,0.0008287911
2016-04-04,9.9324625e-06,0.07156488,0.9160402,0.98760504,0.9876051,0.0007654875,0.027667444,0.00080133043
2016-04-05,1.0273437e-05,0.06670019,0.9211837,0.9878839,0.9878839,0.0007440806,0.02727784,0.0008479179
2016-04-06,1.01191e-05,0.06531349,0.92270195,0.9880154,0.9880154,0.00072817376,0.026984695,0.0008443428
2016-04-07,9.484983e-06,0.07021738,0.91711897,0.98733634,0.98733634,0.0007137501,0.026716102,0.0007489921
2016-04-08,1.0417549e-05,0.075272135,0.91200817,0.9872803,0.9872803,0.00087406964,0.02956467,0.0008190096
2016-04-11,7.893019e-06,0.088883884,0.898397,0.9872809,0.9872809,0.00082184083,0.028667767,0.0006205645
2016-04-12,9.492218e-06,0.08287288,0.90403134,0.9869042,0.9869042,0.0008868783,0.029780501,0.0007248294
2016-04-13,8.838139e-06,0.096698776,0.8897075,0.98640627,0.98640627,0.0009958965,0.03155783,0.00065016275
2016-04-14,1.0128223e-05,0.072575316,0.9149557,0.987531,0.987531,0.00091979833,0.030328177,0.0008122727
2016-04-15,1.1705174e-05,0.0625855,0.9244598,0.9870453,0.9870453,0.0009295327,0.030488238,0.0009035457
2016-04-18,1.0731609e-05,0.07436243,0.9124826,0.986845,0.986845,0.0009473449,0.030778969,0.0008157828
2016-04-19,1.03503335e-05,0.067593426,0.9202124,0.98780584,0.98780584,0.0009048769,0.030081172,0.00084879453
2016-04-20,9.127654e-06,0.10022373,0.88585967,0.9860834,0.9860834,0.0012104221,0.034791123,0.00065588194
2016-04-21,8.889617e-06,0.08513809,0.90199006,0.98712814,0.98712814,0.0010893936,0.033005964,0.000690624
2016-04-22,1.07552205e-05,0.065844506,0.92163384,0.9874784,0.9874784,0.0009915184,0.031488385,0.00085893174
2016-04-25,1.1028787e-05,0.06548117,0.9219343,0.9874155,0.9874155,0.0010026254,0.03166426,0.00087637815
2016-04-26,1.811491e-05,0.048596784,0.9356753,0.9842721,0.9842721,0.0010223277,0.03197386,0.0011517708
2016-04-27,1.173508e-05,0.067407064,0.91813684,0.9855439,0.9855439,0.0009855209,0.031393006,0.00081177393
2016-04-28,1.45473405e-05,0.059895717,0.9245919,0.9844876,0.9844876,0.00093883363,0.030640392,0.00093778747
2016-04-29,9.782519e-06,0.07805663,0.9092474,0.98730403,0.98730403,0.0009831125,0.031354625,0.0007705217
2016-05-02,1.2144482e-05,0.06594991,0.9208237,0.9867736,0.9867736,0.0010776252,0.032827202,0.0009182008
2016-05-03,1.1206979e-05,0.08027211,0.90578175,0.9860539,0.9860538,0.0012768726,0.035733353,0.00080359145
2016-05-04,1.0639099e-05,0.07248388,0.91475314,0.98723704,0.98723704,0.0012049656,0.034712616,0.00083359156
2016-05-05,1.2208549e-05,0.061173905,0.9258828,0.98705673,0.98705673,0.0011627577,0.034099232,0.0009432355
2016-05-06,1.2335953e-05,0.06299817,0.92348045,0.9864786,0.9864786,0.0011461568,0.03385494,0.0009123299
2016-05-09,1.0130953e-05,0.071197174,0.9161761,0.98737323,0.98737323,0.00108013,0.03286533,0.00080233946
2016-05-10,1.3000447e-05,0.05544884,0.9309827,0.98643154,0.98643154,0.0009998267,0.031620037,0.0009581372
2016-05-11,8.807929e-06,0.08117001,0.9062039,0.98737395,0.98737395,0.0009885551,0.031441297,0.0006975996
2016-05-12,8.582084e-06,0.08156043,0.90575117,0.9873116,0.9873116,0.0009087703,0.030145817,0.0006763725
2016-05-13,1.4182514e-05,0.051178288,0.935007,0.98618525,0.98618525,0.0008370689,0.028932143,0.0010266213
2016-05-16,1.1105798e-05,0.060243268,0.9271913,0.98743457,0.98743457,0.00083570334,0.028908534,0.0008838372
2016-05-17,2.054596e-05,0.041933674,0.9407492,0.9826829,0.9826829,0.00084874243,0.029133184,0.0011864539
2016-05-18,1.0949071e-05,0.06445948,0.9222715,0.986731,0.986731,0.00082280557,0.028684588,0.0008251613
2016-05-19,1.6806887e-05,0.048668433,0.9356068,0.9842752,0.9842752,0.00080393,0.02835366,0.0010688156
2016-05-20,1.6595213e-05,0.047010016,0.93824494,0.98525494,0.98525494,0.0007865728,0.028045906,0.0011254764
2016-05-23,1.3958151e-05,0.051718455,0.9344611,0.9861796,0.9861796,0.00076072715,0.027581282,0.0010099665
2016-05-24,1.7050372e-05,0.045347963,0.93960047,0.98494846,0.98494846,0.0007253559,0.026932431,0.0011327988
2016-05-25,4.709639e-05,0.025943428,0.94712055,0.973064,0.97306395,0.0007605859,0.02757872,0.0017484556
2016-05-26,4.343022e-05,0.024796106,0.95005834,0.97485447,0.97485447,0.0007684758,0.027721396,0.0017271546
2016-05-27,1.5479056e-05,0.048866812,0.9365442,0.985411,0.985411,0.00077871117,0.027905397,0.0010610078
2016-05-31,1.0010058e-05,0.10041922,0.8852558,0.98567504,0.98567504,0.0012334277,0.03512019,0.0006987842
2016-06-01,9.973579e-06,0.083931826,0.902979,0.9869108,0.9869108,0.0013906029,0.03729079,0.0007619713
2016-06-02,1.0403442e-05,0.07093225,0.9166589,0.98759115,0.98759115,0.0014002755,0.037420254,0.0008383887
2016-06-03,1.1184625e-05,0.06287174,0.92462325,0.987495,0.987495,0.0013014094,0.036075052,0.0008944126
2016-06-06,1.0792349e-05,0.063697785,0.92411673,0.9878145,0.98781455,0.0012149594,0.034856267,0.00088567036
2016-06-07,1.2241785e-05,0.057279173,0.930063,0.9873422,0.9873422,0.0011840983,0.03441073,0.0009671321
2016-06-08,1.0194961e-05,0.06384952,0.9241341,0.9879836,0.9879836,0.0011142076,0.03337975,0.00084841944
2016-06-09,1.0446852e-05,0.06180325,0.92605424,0.9878575,0.98785746,0.0010401874,0.032251935,0.00086035574
2016-06-10,1.2029235e-05,0.061263103,0.9258543,0.9871174,0.9871174,0.0011875913,0.034461446,0.00093375903
2016-06-13,1.21848725e-05,0.05630339,0.9308251,0.9871285,0.9871285,0.0011450511,0.033838604,0.00094665494
2016-06-14,1.0802074e-05,0.060631312,0.9273112,0.9879425,0.9879425,0.0010854579,0.03294629,0.0008958813
2016-06-15,9.931274e-06,0.064245194,0.9239243,0.98816955,0.98816955,0.0010207965,0.031949908,0.00083946716
2016-06-16,1.0093869e-05,0.06281451,0.9253306,0.9881451,0.9881451,0.0009537512,0.030882863,0.0008514521
2016-06-17,9.323618e-06,0.06564933,0.92259264,0.988242,0.988242,0.00089459267,0.029909741,0.0007929575
2016-06-20,9.284811e-06,0.06685848,0.92116094,0.9880194,0.9880194,0.0008530547,0.0292071,0.0007749876
2016-06-21,9.112691e-06,0.07241493,0.91540927,0.9878242,0.9878242,0.00093900907,0.030643255,0.0007484266
2016-06-22,9.871081e-06,0.0640498,0.92411005,0.98815984,0.98815984,0.0008731205,0.029548613,0.00083369453
2016-06-23,1.11808795e-05,0.05929124,0.92851824,0.9878095,0.9878095,0.0008874232,0.029789649,0.0009171782
2016-06-24,1.0222367e-05,0.06293218,0.92514783,0.98808,0.98808,0.0008389831,0.028965205,0.0008575829
2016-06-27,1.2771607e-05,0.05303353,0.93335104,0.9863846,0.9863846,0.00079741597,0.028238555,0.00093802455
2016-06-28,1.0604998e-05,0.060383555,0.9274882,0.98787177,0.98787177,0.0007788706,0.027908253,0.00087440584
2016-06-29,9.168422e-06,0.084448166,0.9026885,0.98713666,0.98713666,0.0010425712,0.03228887,0.00071275607
2016-06-30,1.0159553e-05,0.06443665,0.923422,0.98785865,0.98785865,0.0009791243,0.031290963,0.0008367732
2016-07-01,9.8563105e-06,0.068910986,0.9189633,0.98787427,0.98787427,0.0009435074,0.030716566,0.0008128426
2016-07-05,1.0435243e-05,0.06306383,0.9249606,0.9880245,0.9880245,0.00090882735,0.030146763,0.00087138073
2016-07-06,9.706584e-06,0.090067916,0.8963955,0.9864634,0.9864634,0.0012287148,0.03505303,0.00071706367
2016-07-07,9.566704e-06,0.06706242,0.9209623,0.9880247,0.9880247,0.0011170801,0.03342275,0.0007988704
2016-07-08,9.560749e-06,0.06949017,0.91831553,0.9878057,0.9878057,0.0010389709,0.03223307,0.00078403583
2016-07-11,9.894959e-06,0.06488588,0.9232843,0.98817015,0.98817015,0.0009690591,0.031129714,0.00083643966
2016-07-12,1.0123506e-05,0.06812019,0.9196359,0.9877561,0.9877561,0.0009876715,0.03142724,0.00082681864
2016-07-13,8.818316e-06,0.07420017,0.91361946,0.9878196,0.9878196,0.0009281976,0.030466335,0.0007239766
2016-07-14,9.338724e-06,0.070316434,0.91735685,0.9876733,0.9876733,0.0008569636,0.02927394,0.00075760024
2016-07-15,9.209824e-06,0.06756663,0.92048746,0.9880541,0.9880541,0.00079631916,0.028219128,0.0007709609
2016-07-18,1.0441099e-05,0.061953608,0.9259392,0.9878928,0.9878928,0.0007500697,0.0273874,0.00086238806
2016-07-19,1.1943489e-05,0.055933975,0.93097275,0.9869067,0.9869067,0.0007141925,0.026724381,0.0009121838
2016-07-20,9.614421e-06,0.0644345,0.9235995,0.98803395,0.988034,0.00067716156,0.026022328,0.000803475
2016-07-21,1.6085416e-05,0.046493463,0.9385252,0.9850187,0.9850187,0.0006778932,0.026036382,0.0010736975
2016-07-22,9.541542e-06,0.06553241,0.9226223,0.9881547,0.9881547,0.00066006195,0.025691671,0.0008055135
2016-07-25,9.816605e-06,0.065375306,0.92277086,0.9881462,0.9881462,0.0006827015,0.026128557,0.0008281389
2016-07-26,9.76833e-06,0.063961744,0.9240248,0.98798656,0.98798656,0.0006472167,0.025440454,0.0008131171
2016-07-27,9.785692e-06,0.0649579,0.92306256,0.9880205,0.9880205,0.0006179947,0.0248595,0.00081686844
2016-07-28,9.241755e-06,0.06758343,0.9206206,0.98820406,0.98820406,0.0005941807,0.024375822,0.0007834693
2016-07-29,1.0871625e-05,0.07672987,0.9102575,0.9869874,0.9869874,0.00091380416,0.030229194,0.00083546987
2016-08-01,9.83694e-06,0.06563165,0.92250985,0.9881415,0.9881415,0.0008427886,0.029030822,0.0008295249
2016-08-02,9.621853e-06,0.07336082,0.9143301,0.9876909,0.9876909,0.00087710016,0.029615877,0.00078168773
2016-08-03,9.624975e-06,0.06951836,0.9184319,0.9879502,0.9879502,0.0008251543,0.0287255,0.00079876673
2016-08-04,9.1404445e-06,0.0750793,0.9126622,0.98774153,0.98774153,0.0008692251,0.029482624,0.00074564316
2016-08-05,9.478566e-06,0.0675971,0.92051023,0.9881073,0.9881073,0.0008026313,0.028330749,0.0007970087
2016-08-08,9.565587e-06,0.06742689,0.9206903,0.9881172,0.9881172,0.0007807708,0.027942276,0.0008049956
2016-08-09,9.969276e-06,0.06435039,0.9237283,0.98807865,0.98807865,0.0007332735,0.027079023,0.0008362542
2016-08-10,9.563795e-06,0.07454137,0.91311836,0.98765975,0.98765975,0.00084437325,0.0290581,0.00077500835
2016-08-11,9.541535e-06,0.0686537,0.9191716,0.9878253,0.9878253,0.00081239414,0.02850253,0.0007837167
2016-08-12,8.673707e-06,0.08443906,0.9021476,0.98658663,0.98658663,0.0007572142,0.027517525,0.0006466464
2016-08-15,1.68324e-05,0.048522737,0.9357986,0.9843213,0.9843213,0.00070794986,0.026607327,0.0010735837
2016-08-16,1.7614379e-05,0.047553223,0.9358831,0.98343635,0.98343635,0.00067947974,0.026066832,0.0010634356
2016-08-17,1.3133718e-05,0.05411651,0.9321061,0.98622257,0.98622257,0.0006588478,0.02566803,0.00095327746
2016-08-18,1.791805e-05,0.043786135,0.94028664,0.98407274,0.98407274,0.00062730064,0.02504597,0.001124993
2016-08-19,2.0753967e-05,0.04034587,0.9426308,0.9829767,0.9829767,0.0006270498,0.025040964,0.0012191489
2016-08-22,2.2347114e-05,0.03994895,0.94241637,0.9823653,0.9823653,0.0006585549,0.025662325,0.0012672247
2016-08-23,9.990151e-06,0.069607265,0.9181728,0.98778003,0.98778003,0.0006956521,0.026375217,0.00081752695
2016-08-24,1.2741161e-05,0.05543817,0.9312336,0.98667175,0.98667175,0.0007128586,0.02669941,0.0009559512
2016-08-25,9.973016e-06,0.06484758,0.92322814,0.98807573,0.98807573,0.00068566616,0.026185228,0.000836363
2016-08-26,1.8834839e-05,0.04283824,0.9416803,0.9845185,0.9845185,0.0006638484,0.025765257,0.0012166052
2016-08-29,1.8884315e-05,0.042648457,0.94167286,0.9843213,0.9843213,0.0006474008,0.025444072,0.0012044564
2016-08-30,1.047321e-05,0.06121695,0.92648333,0.9877003,0.9877003,0.00063010235,0.02510184,0.0008515001
2016-08-31,1.0827095e-05,0.059966445,0.92751604,0.9874825,0.9874825,0.000599155,0.024477644,0.00086495583
2016-09-01,9.524674e-06,0.06666453,0.9214173,0.9880818,0.9880818,0.0005935244,0.024362357,0.0007991714
2016-09-02,1.3407252e-05,0.052515112,0.93329316,0.98580825,0.98580825,0.0006301265,0.025102321,0.00094472175
2016-09-06,1.4397706e-05,0.049912754,0.9354498,0.9853625,0.9853625,0.00060150225,0.024525544,0.0009836198
2016-09-07,1.0087767e-05,0.064604364,0.92309326,0.9876976,0.9876976,0.00061352353,0.024769407,0.0008199837
2016-09-08,1.9692037e-05,0.042167112,0.9411115,0.98327863,0.98327863,0.0005909614,0.024309698,0.001177657
2016-09-09,8.99454e-06,0.08450729,0.9024168,0.9869241,0.9869241,0.0006715652,0.025914574,0.0006878722
2016-09-12,9.564334e-06,0.07000483,0.91753113,0.98753595,0.98753595,0.0006157902,0.02481512,0.0007673538
2016-09-13,9.465796e-06,0.07056501,0.9173387,0.9879037,0.9879037,0.0006953022,0.026368584,0.0007825374
2016-09-14,9.563688e-06,0.068932995,0.91897786,0.98791087,0.98791087,0.00064753613,0.025446732,0.0007910979
2016-09-15,9.6700105e-06,0.06692426,0.9211172,0.98804146,0.98804146,0.0006077229,0.024652036,0.00080862804
2016-09-16,9.022068e-06,0.06974841,0.9182391,0.9879875,0.9879875,0.0005812454,0.024109032,0.0007510578
2016-09-19,9.679381e-06,0.06541682,0.9227004,0.9881172,0.9881172,0.00054651743,0.023377713,0.000814572
2016-09-20,1.8892006e-05,0.0415875,0.942379,0.98396647,0.98396647,0.00051530806,0.022700397,0.0011782811
2016-09-21,9.700486e-06,0.067162134,0.92085725,0.9880194,0.9880194,0.0005645498,0.023760257,0.0008096833
2016-09-22,1.4654768e-05,0.049246132,0.9365654,0.98581153,0.98581153,0.00053038483,0.023030085,0.0010328647
2016-09-23,2.2762832e-05,0.037930712,0.9445462,0.98247695,0.98247695,0.0005351317,0.023132915,0.0012990222
2016-09-26,9.47798e-06,0.06939833,0.9183949,0.98779327,0.98779327,0.00053329597,0.023093201,0.00077645504
2016-09-27,5.9854134e-05,0.01940728,0.9494698,0.9688771,0.9688771,0.00051348365,0.022660177,0.0019231527
2016-09-28,1.135594e-05,0.060892854,0.92576605,0.98665893,0.98665893,0.00054739165,0.023396403,0.00085120165
2016-09-29,4.617984e-05,0.02908114,0.94054735,0.9696285,0.9696285,0.0005310732,0.023045026,0.0015204998
2016-09-30,6.0019698e-05,0.019822417,0.94910586,0.9689283,0.9689283,0.0005458721,0.023363905,0.0019316502
2016-10-03,6.130914e-05,0.020396002,0.94790757,0.96830356,0.96830356,0.00058443856,0.024175163,0.0019342595
2016-10-04,0.000104841565,0.012486113,0.94116396,0.95365006,0.95365006,0.0006160467,0.024820289,0.0022619567
2016-10-05,4.93285e-05,0.025731534,0.946216,0.9719475,0.97194755,0.0006871373,0.026213303,0.0017584346
2016-10-06,0.00010079952,0.013046808,0.9425416,0.9555884,0.9555884,0.0007167068,0.02677138,0.0022696666
2016-10-07,5.477052e-05,0.020925827,0.95006,0.97098583,0.97098583,0.00077643024,0.027864497,0.0018877162
2016-10-11,2.1873637e-05,0.046574052,0.9358557,0.98242974,0.98242974,0.00083738763,0.02893765,0.0012449241
2016-10-12,4.2093714e-05,0.025466591,0.9503337,0.97580034,0.9758003,0.0008145359,0.028540075,0.0017394337
2016-10-13,1.9174327e-05,0.043462645,0.94032294,0.98378557,0.98378557,0.0008178745,0.028598506,0.0011825471
2016-10-14,2.8644115e-05,0.036694944,0.94363576,0.9803307,0.9803307,0.0008584963,0.029300107,0.0014562858
2016-10-17,2.3372728e-05,0.038634058,0.9439333,0.98256737,0.98256737,0.00084898266,0.029137308,0.001340746
2016-10-18,2.1915565e-05,0.03918204,0.9438379,0.98301995,0.98301995,0.00083065167,0.028821029,0.0012906654
2016-10-19,2.9476627e-05,0.032412857,0.94777,0.9801829,0.9801829,0.0008073483,0.028413875,0.0014874329
2016-10-20,5.852636e-05,0.020038255,0.9502632,0.97030145,0.97030145,0.0008213727,0.0286596,0.0019706807
2016-10-21,2.3945136e-05,0.040603317,0.9409086,0.98151195,0.98151195,0.0008406641,0.028994208,0.0012951683
2016-10-24,8.9052555e-05,0.020552669,0.9368441,0.9573968,0.9573968,0.0009087132,0.03014487,0.0020902788
2016-10-25,0.0002598332,0.010983881,0.8851602,0.8961441,0.8961441,0.001003546,0.031678796,0.0025018626
2016-10-26,0.00021554677,0.013302824,0.89824414,0.91154695,0.91154695,0.0011525848,0.03394974,0.0024368493
2016-10-27,0.00031243247,0.0081460895,0.8697331,0.8778792,0.8778792,0.001254011,0.035412017,0.0025583887
2016-10-28,0.00019231388,0.013104726,0.90634364,0.9194484,0.9194484,0.0014043032,0.037474032,0.0023874613
2016-10-31,1.1031156e-05,0.12773795,0.85515445,0.9828924,0.9828924,0.0016430806,0.040534932,0.00064481003
2016-11-01,1.2290098e-05,0.078047,0.90770286,0.98574984,0.98574984,0.0014996114,0.038724817,0.0008624534
2016-11-02,9.332589e-06,0.111460686,0.8734332,0.98489386,0.98489386,0.001508787,0.038843106,0.000617801
2016-11-03,1.1152019e-05,0.09387095,0.8913981,0.985269,0.985269,0.0014918202,0.03862409,0.0007570448
2016-11-04,1.0636479e-05,0.08940176,0.89629656,0.98569834,0.98569834,0.0013470649,0.036702383,0.0007437235
2016-11-07,5.0602976e-05,0.02923146,0.9418631,0.9710946,0.9710946,0.00121803,0.034900285,0.0017506414
2016-11-08,3.352268e-05,0.035341594,0.94217014,0.97751176,0.97751176,0.0012070404,0.034742486,0.0014906762
2016-11-09,6.5338114e-05,0.03968292,0.92191577,0.9615987,0.9615987,0.0013293496,0.036460247,0.0017014556
2016-11-10,5.1057843e-05,0.03220518,0.93827385,0.970479,0.970479,0.001309441,0.0361862,0.0017295438
2016-11-14,4.0336028e-05,0.042352013,0.9306532,0.97300524,0.97300524,0.0012946855,0.035981737,0.0014942167
2016-11-15,2.7940834e-05,0.059468605,0.91821826,0.9776869,0.9776869,0.0013261158,0.03641587,0.0012522156
2016-11-16,5.9060407e-05,0.042398714,0.91577834,0.95817703,0.95817703,0.0012580245,0.03546864,0.0014121524
2016-11-17,5.6819234e-05,0.029226132,0.9395202,0.9687463,0.9687463,0.0012286132,0.03505158,0.0018180005
2016-11-18,5.338772e-05,0.03221483,0.93631846,0.9685333,0.9685333,0.0012254141,0.035005916,0.0016966406
2016-11-21,2.5832795e-05,0.04725588,0.93287855,0.9801344,0.9801344,0.0012835851,0.035827156,0.0013003801
2016-11-22,1.4938874e-05,0.074504994,0.9073388,0.98184377,0.98184377,0.0012884857,0.03589548,0.000822796
2016-11-23,3.6458994e-05,0.032134872,0.94500643,0.9771413,0.9771413,0.001193039,0.034540396,0.0015949737
2016-11-25,4.9911883e-05,0.024003515,0.94931126,0.97331476,0.97331476,0.0011709782,0.03421956,0.001870393
2016-11-28,2.9726427e-05,0.034036823,0.94583684,0.97987366,0.97987366,0.001170677,0.034215156,0.001476991
2016-11-29,1.8709943e-05,0.049317002,0.93354374,0.98286074,0.98286074,0.001211403,0.034805216,0.0010916427
2016-11-30,1.3315203e-05,0.058539107,0.9275871,0.9861262,0.9861262,0.0011818334,0.034377806,0.00095973624
2016-12-01,1.8408815e-05,0.058909047,0.92059207,0.9795011,0.9795011,0.0011170509,0.03342231,0.00089804037
2016-12-02,2.7564358e-05,0.0427492,0.9361805,0.9789297,0.9789297,0.0011651979,0.034134995,0.001308209
2016-12-05,5.1085277e-05,0.022729881,0.95046645,0.9731963,0.9731963,0.0011349509,0.033689033,0.0019059059
2016-12-06,2.1544576e-05,0.046056136,0.9369659,0.98302203,0.98302203,0.0012164057,0.034877006,0.0012689728
2016-12-07,2.1079773e-05,0.042522784,0.940903,0.9834258,0.9834258,0.0011624299,0.034094427,0.0012718423
2016-12-08,2.370174e-05,0.039057143,0.9434547,0.9825118,0.9825118,0.0011179851,0.033436283,0.0013553004
2016-12-09,3.807392e-05,0.027445925,0.95017886,0.9776248,0.9776248,0.0011037074,0.03322209,0.0017016104
2016-12-12,2.7007354e-05,0.03482257,0.9467268,0.9815494,0.9815494,0.0010921069,0.033047043,0.0014637642
2016-12-13,1.8760506e-05,0.05128594,0.93152094,0.98280686,0.98280686,0.0012113444,0.034804374,0.0010911623
2016-12-14,3.0913452e-05,0.03496508,0.9442795,0.9792446,0.9792446,0.0011515396,0.033934344,0.0014894166
2016-12-15,1.5477115e-05,0.054607477,0.9307046,0.98531204,0.98531204,0.0011309457,0.033629537,0.0010537284
2016-12-16,2.3132583e-05,0.04125182,0.9408148,0.98206663,0.98206663,0.0011178409,0.033434127,0.0012899184
2016-12-19,2.466197e-05,0.042704843,0.9374359,0.98014075,0.98014075,0.0010759911,0.032802302,0.0012418376
2016-12-20,4.2046286e-05,0.026644899,0.94874257,0.97538745,0.97538745,0.0010351677,0.03217402,0.0017083273
2016-12-21,3.158309e-05,0.04235281,0.9344648,0.9768176,0.9768176,0.0010637853,0.03261572,0.0013623742
2016-12-22,1.0469962e-05,0.095526665,0.8901534,0.9856801,0.9856801,0.0013121765,0.036223978,0.0007311479
2016-12-23,1.8802e-05,0.049904484,0.9330974,0.9830019,0.9830019,0.0011785899,0.034330595,0.0011061229
2016-12-27,1.4864336e-05,0.062235713,0.9223828,0.9846185,0.9846185,0.0011784709,0.034328863,0.00096637657
2016-12-28,1.0830888e-05,0.07699073,0.90909195,0.9860827,0.9860827,0.001146838,0.033864997,0.00077823043
2016-12-29,1.4045866e-05,0.063016154,0.9221211,0.9851373,0.9851373,0.0012035563,0.03469231,0.0009450403
2016-12-30,1.896641e-05,0.046997495,0.9368322,0.9838297,0.9838297,0.0011921054,0.034526877,0.0011729148
2017-01-03,2.7487364e-05,0.03540359,0.94564,0.98104364,0.98104364,0.0011555639,0.033993587,0.0014500336
2017-01-04,1.0267994e-05,0.14127567,0.84064806,0.9819237,0.9819237,0.0015684816,0.03960406,0.0005680363
2017-01-05,8.970449e-06,0.11334671,0.871243,0.9845897,0.9845897,0.0013745457,0.037074868,0.0005821072
2017-01-06,1.3051302e-05,0.08155992,0.90165144,0.98321134,0.98321134,0.0012070059,0.03474199,0.0007773879
2017-01-09,1.7844428e-05,0.0722811,0.9077879,0.98006904,0.98006904,0.0011025687,0.03320495,0.00089531206
2017-01-10,1.6230244e-05,0.09363601,0.8866949,0.98033094,0.98033094,0.0012518676,0.03538174,0.0008251664
2017-01-11,1.0140821e-05,0.102270864,0.8829362,0.985207,0.985207,0.0014102272,0.03755299,0.0006855159
2017-01-12,9.733224e-06,0.108494446,0.875205,0.98369944,0.98369944,0.0012828038,0.035816252,0.00059710984
2017-01-13,8.896984e-06,0.11801576,0.86680335,0.9848191,0.9848191,0.0013954224,0.037355352,0.0005860649
2017-01-17,9.553479e-06,0.09440643,0.89170176,0.9861082,0.9861082,0.0012300318,0.03507181,0.0006877055
2017-01-18,1.2542095e-05,0.06993119,0.91527504,0.98520625,0.98520625,0.0011066959,0.03326704,0.0008477967
2017-01-19,1.6522092e-05,0.05554671,0.9285923,0.984139,0.984139,0.0010996303,0.03316067,0.001041682
2017-01-20,1.6090875e-05,0.052286204,0.932375,0.9846612,0.9846612,0.0010598418,0.03255521,0.0010490323
2017-01-23,1.4203646e-05,0.07243551,0.9103529,0.9827884,0.9827884,0.0011334803,0.0336672,0.000825236
2017-01-24,1.8848496e-05,0.052068137,0.93070894,0.98277706,0.98277706,0.0010570382,0.032512125,0.0010943831
2017-01-25,1.0357807e-05,0.077811204,0.90845776,0.98626894,0.98626894,0.0010092283,0.03176835,0.000754334
2017-01-26,3.4941546e-05,0.030573597,0.94742954,0.97800314,0.97800314,0.0009477214,0.030785084,0.0015884792
2017-01-27,1.6877253e-05,0.053707752,0.9295286,0.9832364,0.9832364,0.0009398124,0.03065636,0.0010067781
2017-01-30,2.7092801e-05,0.03661932,0.94403416,0.98065346,0.98065346,0.0008909002,0.029847952,0.0014003955
2017-01-31,3.068742e-05,0.040992867,0.9373029,0.97829574,0.97829574,0.0009518642,0.030852295,0.0014138895
2017-02-01,1.0160928e-05,0.09190441,0.89342,0.9853244,0.9853244,0.0009760704,0.031242125,0.00069236796
2017-02-02,9.86909e-06,0.098581515,0.88593197,0.98451346,0.98451346,0.0009070274,0.030116895,0.00063726894
2017-02-03,1.4626085e-05,0.056583304,0.9287483,0.9853316,0.9853316,0.0008172055,0.028586807,0.0009971149
2017-02-06,1.17121535e-05,0.07669905,0.9085283,0.98522735,0.98522735,0.0008617955,0.029356353,0.00079282664
2017-02-07,1.727693e-05,0.050642263,0.93343854,0.9840808,0.9840808,0.0007959341,0.028212305,0.0010852882
2017-02-08,1.0234749e-05,0.07010628,0.9174619,0.98756814,0.98756814,0.0007947239,0.028190847,0.00082326774
2017-02-09,8.70527e-06,0.0825705,0.904655,0.9872255,0.9872255,0.00073944434,0.027192727,0.0006814554
2017-02-10,9.789512e-06,0.069955766,0.91767776,0.9876335,0.9876335,0.0006797058,0.026071168,0.0007916171
2017-02-13,1.013345e-05,0.072149955,0.9148598,0.9870097,0.9870097,0.0007165802,0.026769016,0.00078007847
2017-02-14,9.910837e-06,0.07568043,0.91157556,0.987256,0.987256,0.00073023525,0.027022865,0.00077768596
2017-02-15,1.2950431e-05,0.061932817,0.92346185,0.98539466,0.98539466,0.0006886221,0.02624161,0.00088669127
2017-02-16,1.1078437e-05,0.0675292,0.9192587,0.9867879,0.9867879,0.00065195985,0.025533505,0.00083850784
2017-02-17,2.921141e-05,0.03826452,0.94080055,0.97906506,0.97906506,0.0006504933,0.02550477,0.0013953424
2017-02-21,1.6436803e-05,0.051261835,0.9329402,0.984202,0.984202,0.00064297894,0.025357028,0.0010404375
2017-02-22,3.0870488e-05,0.0832475,0.88664615,0.96989363,0.96989363,0.0011280414,0.033586327,0.0010253807
2017-02-23,1.18805165e-05,0.10236156,0.8808844,0.98324597,0.98324597,0.0010412408,0.032268263,0.0007091139
2017-02-24,2.2008284e-05,0.0724183,0.9043039,0.97672224,0.97672224,0.0009389339,0.030642029,0.000945464
2017-02-27,1.0133652e-05,0.098555245,0.88687766,0.9854329,0.9854329,0.00087226013,0.029534051,0.0006956544
2017-02-28,9.542359e-06,0.10316874,0.8822933,0.985462,0.985462,0.000845414,0.029076004,0.00065637403
2017-03-01,1.0825908e-05,0.072288916,0.9147526,0.98704153,0.98704153,0.00084731256,0.029108634,0.0008354313
2017-03-02,8.295296e-06,0.11661852,0.8683054,0.9849239,0.9849239,0.00079199654,0.028142434,0.0005502282
2017-03-03,9.62319e-06,0.07519267,0.9122463,0.987439,0.987439,0.00069645233,0.026390383,0.0007661151
2017-03-06,9.419793e-06,0.072932236,0.91474247,0.9876747,0.9876747,0.0006502335,0.025499675,0.0007642656
2017-03-07,9.4476145e-06,0.07824638,0.90902925,0.9872756,0.9872756,0.00065369083,0.025567379,0.00074248016
2017-03-08,9.504939e-06,0.071110874,0.9166812,0.9877921,0.987792,0.0006594327,0.025679423,0.0007785876
2017-03-09,9.258388e-06,0.079799265,0.9074899,0.98728913,0.9872892,0.0006662471,0.025811763,0.00072838354
2017-03-10,9.590721e-06,0.06900876,0.918947,0.98795575,0.98795575,0.0006639786,0.02576778,0.00079629035
2017-03-13,9.420251e-06,0.06928339,0.9187114,0.9879948,0.9879948,0.00062899536,0.02507978,0.0007846803
2017-03-14,9.430218e-06,0.0676319,0.9204962,0.9881281,0.9881281,0.00059689087,0.02443135,0.00079433265
2017-03-15,9.097279e-06,0.076903924,0.9106885,0.98759246,0.98759246,0.00064128375,0.025323581,0.00073320564
2017-03-16,9.226417e-06,0.07004353,0.91797674,0.98802024,0.98802024,0.00060980616,0.024694253,0.0007701672
2017-03-17,9.044106e-06,0.07522695,0.9124663,0.98769325,0.98769325,0.00061877054,0.024875099,0.00073488994
2017-03-20,9.3908475e-06,0.07066462,0.91722816,0.9878928,0.9878928,0.00059274817,0.02434642,0.000775642
2017-03-21,9.457063e-06,0.07469814,0.9129177,0.9876158,0.9876158,0.0006221528,0.024942992,0.00076364086
2017-03-22,9.419464e-06,0.06996383,0.9179877,0.9879515,0.9879515,0.0005994303,0.024483265,0.0007817967
2017-03-23,9.33595e-06,0.06789604,0.9202615,0.9881575,0.9881575,0.0006094283,0.024686601,0.0007883436
2017-03-24,9.386953e-06,0.06741604,0.9207519,0.988168,0.988168,0.00058236666,0.024132274,0.00079335313
2017-03-27,9.131039e-06,0.06904957,0.91909385,0.98814344,0.98814344,0.0005503213,0.023458928,0.0007701258
2017-03-28,9.11622e-06,0.06890562,0.91922545,0.98813105,0.98813105,0.0005189445,0.022780353,0.0007680728
2017-03-29,8.981832e-06,0.07034132,0.9177369,0.98807824,0.98807824,0.0005006703,0.022375662,0.00075339794
2017-03-30,8.484971e-06,0.07524574,0.9127072,0.98795295,0.98795295,0.00051385653,0.022668405,0.0007043192
2017-03-31,9.323647e-06,0.0676251,0.9205283,0.9881534,0.9881534,0.0004795459,0.021898536,0.0007870313
2017-04-03,9.208507e-06,0.067900434,0.9202638,0.98816425,0.98816425,0.00045076,0.02123111,0.00077802455
2017-04-04,9.3652125e-06,0.06701552,0.92117023,0.98818576,0.98818576,0.00044963718,0.02120465,0.0007927057
2017-04-05,8.784603e-06,0.0829554,0.9044142,0.9873696,0.9873696,0.0006020679,0.024537072,0.00069551246
2017-04-06,9.59624e-06,0.065905504,0.922278,0.9881835,0.9881835,0.0005586484,0.023635743,0.00081210496
2017-04-07,9.373253e-06,0.067587435,0.920556,0.98814344,0.98814344,0.0005509577,0.023472488,0.00079055445
2017-04-10,9.28593e-06,0.06834764,0.91977185,0.9881195,0.9881195,0.0005464596,0.023376474,0.0007816099
2017-04-11,9.4047655e-06,0.067463234,0.92066973,0.98813295,0.98813295,0.00051513175,0.022696514,0.00079251104
2017-04-12,9.304814e-06,0.06812963,0.9199759,0.98810554,0.98810554,0.0005341251,0.023111146,0.00078228104
2017-04-13,9.4884645e-06,0.06637936,0.9218095,0.98818886,0.98818886,0.00051030825,0.022590004,0.00080334896
2017-04-17,9.515917e-06,0.06623905,0.92195004,0.9881891,0.9881891,0.00049056625,0.02214873,0.0008056895
2017-04-18,9.414338e-06,0.066614255,0.9215756,0.9881899,0.9881899,0.00048782985,0.02208687,0.00079714134
2017-04-19,9.2865575e-06,0.06756838,0.920609,0.98817736,0.98817736,0.0004610023,0.021470964,0.0007854893
2017-04-20,8.87416e-06,0.06938353,0.91883516,0.9882187,0.98821867,0.00044483677,0.021091154,0.0007532427
2017-04-21,9.133021e-06,0.06801964,0.9201606,0.9881802,0.9881802,0.0004220361,0.020543518,0.00077268964
2017-04-24,9.115352e-06,0.0678551,0.9203492,0.9882043,0.9882043,0.0004203149,0.020501582,0.0007727691
2017-04-25,9.280355e-06,0.06686868,0.9213039,0.9881726,0.9881726,0.00040437997,0.0201092,0.0007846482
2017-04-26,8.976929e-06,0.068995535,0.9191276,0.9881231,0.9881231,0.00038542398,0.019632218,0.0007558322
2017-04-27,9.238301e-06,0.06784069,0.9203434,0.9881841,0.9881841,0.0004348645,0.020853404,0.0007818529
2017-04-28,9.259943e-06,0.06821547,0.9199554,0.98817086,0.98817086,0.00047303265,0.021749314,0.00078280794
2017-05-01,9.375291e-06,0.067398824,0.9207791,0.98817796,0.98817796,0.00045355188,0.021296758,0.0007930346
2017-05-02,9.270644e-06,0.067726366,0.92046374,0.9881901,0.9881901,0.00045028815,0.021219995,0.0007849902
2017-05-03,8.9746445e-06,0.069511674,0.91867185,0.9881835,0.9881835,0.0004262106,0.02064487,0.00075950095
2017-05-04,9.256996e-06,0.068047196,0.92011917,0.9881664,0.98816633,0.00040815928,0.020202952,0.00078226323
2017-05-05,8.461241e-06,0.07425746,0.9138119,0.9880694,0.9880694,0.00039611917,0.019902743,0.00070920587
2017-05-08,8.687769e-06,0.07146948,0.9166505,0.98811996,0.98811996,0.0004168721,0.020417446,0.0007312912
2017-05-09,9.07647e-06,0.06916164,0.9189761,0.9881378,0.9881378,0.00045091,0.02123464,0.00076515786
2017-05-10,8.974943e-06,0.06954432,0.91862947,0.9881738,0.9881738,0.00044438336,0.021080403,0.0007589022
2017-05-11,8.287012e-06,0.07613856,0.91185546,0.987994,0.987994,0.00044543072,0.02110523,0.00069024006
2017-05-12,9.263048e-06,0.068619214,0.9194927,0.9881119,0.9881119,0.00046358583,0.021531044,0.0007791874
2017-05-15,9.455857e-06,0.067090504,0.9210693,0.98815984,0.98815984,0.00044960584,0.021203911,0.00079862546
2017-05-16,9.384212e-06,0.06760714,0.92055047,0.98815763,0.98815763,0.0004558738,0.021351201,0.0007924268
2017-05-17,9.155523e-06,0.07121875,0.91677654,0.98799527,0.98799527,0.0005165295,0.022727285,0.0007626594
2017-05-18,9.462786e-06,0.067407735,0.92074186,0.9881496,0.9881496,0.0004923279,0.022188464,0.00079851924
2017-05-19,9.3167355e-06,0.067866355,0.92029965,0.98816603,0.988166,0.00046334908,0.021525545,0.00078728766
2017-05-22,8.636286e-06,0.075718135,0.9121448,0.9878629,0.98786294,0.0004722512,0.021731341,0.0007115601
2017-05-23,9.524676e-06,0.06691133,0.92122054,0.9881319,0.9881319,0.0004783419,0.021871028,0.000802543
2017-05-24,9.676278e-06,0.06611244,0.92202544,0.9881379,0.9881379,0.00052615313,0.022938028,0.00081573066
2017-05-25,9.704007e-06,0.06486271,0.9232885,0.98815125,0.98815125,0.00049536093,0.022256706,0.0008189901
2017-05-26,9.038895e-06,0.069397725,0.91875285,0.9881506,0.9881506,0.00047082643,0.021698534,0.00076281436
2017-05-30,8.773342e-06,0.07076446,0.91730666,0.98807114,0.98807114,0.00046029038,0.021454379,0.0007354722
2017-05-31,9.0519525e-06,0.070029624,0.9180816,0.9881112,0.9881112,0.00048774783,0.022085015,0.0007613847
2017-06-01,8.9492805e-06,0.070363246,0.9177695,0.9881327,0.9881327,0.0004958631,0.022267984,0.0007541136
2017-06-02,9.423749e-06,0.06672466,0.92144126,0.9881659,0.9881659,0.0004936706,0.022218699,0.0007963226
2017-06-05,9.100032e-06,0.06845285,0.91973495,0.9881878,0.9881878,0.00046483174,0.021559957,0.000770392
2017-06-06,9.188121e-06,0.06724529,0.9209309,0.9881762,0.9881762,0.00043867668,0.02094461,0.00077708875
2017-06-07,8.897601e-06,0.07075994,0.91730505,0.988065,0.988065,0.00044041983,0.020986183,0.0007455052
2017-06-08,8.445339e-06,0.074172966,0.9139134,0.9880864,0.9880864,0.0004164162,0.020406278,0.0007088823
2017-06-09,8.90781e-06,0.06874002,0.9194272,0.9881672,0.9881672,0.00038961682,0.019738713,0.0007528083
2017-06-12,9.051825e-06,0.068504274,0.9196495,0.98815376,0.98815376,0.00036814163,0.019187016,0.00076410925
2017-06-13,8.990177e-06,0.06844395,0.91970944,0.9881534,0.9881534,0.00034915353,0.01868565,0.0007588823
2017-06-14,8.690526e-06,0.07044967,0.9176365,0.98808616,0.98808616,0.00035523647,0.018847717,0.00072944816
2017-06-15,8.402654e-06,0.07229703,0.91584,0.98813707,0.98813707,0.00034316565,0.01852473,0.0007083117
2017-06-16,9.030303e-06,0.069461286,0.9187017,0.988163,0.988163,0.00044592668,0.021116976,0.0007628874
2017-06-19,9.2464e-06,0.06784435,0.9203048,0.9881491,0.9881491,0.00042123016,0.020523893,0.00078022806
2017-06-20,8.997515e-06,0.07381791,0.91408277,0.9879007,0.9879007,0.0005533794,0.023524018,0.0007436377
2017-06-21,8.8464085e-06,0.0711382,0.9169599,0.9880981,0.9880981,0.00051645446,0.022725634,0.00074327603
2017-06-22,8.844041e-06,0.07079586,0.91734207,0.9881379,0.9881379,0.0004839339,0.021998497,0.00074557133
2017-06-23,8.708325e-06,0.07092848,0.917179,0.98810744,0.98810744,0.0004527985,0.021279063,0.00073225005
2017-06-26,9.142398e-06,0.06837107,0.91975135,0.9881224,0.9881224,0.00043461012,0.020847306,0.00076971785
2017-06-27,9.418654e-06,0.067391805,0.92072475,0.98811656,0.98811656,0.0004838607,0.021996833,0.00079258665
2017-06-28,9.063693e-06,0.06917544,0.91889524,0.98807067,0.98807067,0.0004557487,0.021348272,0.00075978204
2017-06-29,9.041376e-06,0.069247454,0.91888297,0.98813045,0.98813045,0.00043481606,0.020852244,0.0007617286
2017-06-30,9.103184e-06,0.06844755,0.91971177,0.9881593,0.9881593,0.00041299462,0.020322269,0.0007688045
2017-07-03,9.009716e-06,0.06894853,0.91917497,0.9881235,0.9881235,0.0003892404,0.019729177,0.0007586156
2017-07-05,9.7050515e-06,0.065172605,0.9226719,0.9878445,0.9878445,0.0004203113,0.020501494,0.00079841004
2017-07-06,8.95157e-06,0.080053605,0.9074092,0.9874628,0.9874628,0.0004922888,0.022187581,0.00071400177
2017-07-07,9.2873115e-06,0.06773262,0.92033094,0.9880636,0.9880636,0.0004787026,0.021879273,0.00077806466
2017-07-10,8.980676e-06,0.07183592,0.91615605,0.987992,0.987992,0.00045433888,0.021315226,0.0007478904
2017-07-11,9.372238e-06,0.06748309,0.92065233,0.9881354,0.9881354,0.00046207223,0.021495866,0.0007899328
2017-07-12,9.101585e-06,0.07545215,0.9122736,0.98772573,0.98772573,0.0005411528,0.02326269,0.00074151775
2017-07-13,9.5373e-06,0.06676138,0.9213869,0.9881483,0.9881483,0.0005340327,0.023109147,0.00080471806
2017-07-14,9.438097e-06,0.06717151,0.9209516,0.9881231,0.9881231,0.0005057195,0.022488208,0.00079466123
2017-07-17,9.181065e-06,0.06867463,0.919428,0.9881026,0.9881026,0.00047810932,0.02186571,0.00077168766
2017-07-18,9.408152e-06,0.06703405,0.9211162,0.98815024,0.98815024,0.00046135753,0.021479234,0.0007939529
2017-07-19,9.242597e-06,0.06831271,0.91979957,0.9881123,0.9881123,0.0004682262,0.021638535,0.00077749055
2017-07-20,9.3375675e-06,0.066565484,0.92155516,0.9881207,0.9881207,0.00044321068,0.02105257,0.0007860352
2017-07-21,9.210474e-06,0.066870384,0.92132306,0.98819345,0.98819345,0.00042135117,0.02052684,0.0007801158
2017-07-24,9.25286e-06,0.066782154,0.92141056,0.98819274,0.98819274,0.00043617227,0.020884737,0.0007836583
2017-07-25,1.0921721e-05,0.059903078,0.9275464,0.98744947,0.98744947,0.00044958142,0.021203335,0.00087021966
2017-07-26,1.9902596e-05,0.04623952,0.9352772,0.9815167,0.9815167,0.00044252496,0.021036277,0.0010767891
2017-07-27,3.699714e-05,0.027688844,0.94895065,0.9766395,0.9766395,0.00043580678,0.020875987,0.0015837484
2017-07-28,1.0161028e-05,0.06348375,0.9240524,0.9875362,0.9875362,0.00045719024,0.021382008,0.00081524265
2017-07-31,3.779337e-05,0.027808448,0.9484185,0.9762269,0.9762269,0.00043808357,0.020930447,0.0015897552
2017-08-01,1.8953657e-05,0.052350838,0.9299959,0.9823467,0.9823467,0.0005258067,0.022930475,0.0010736616
2017-08-02,1.36344515e-05,0.05903398,0.92616016,0.98519415,0.98519415,0.0005123003,0.022634052,0.0009208825
2017-08-03,3.933314e-05,0.026697403,0.94921017,0.97590756,0.97590756,0.0004885167,0.022102414,0.0016325929
2017-08-04,1.1028331e-05,0.060657877,0.9263664,0.98702425,0.98702425,0.00050340657,0.022436723,0.0008499184
2017-08-07,3.147577e-05,0.031314477,0.9472562,0.9785707,0.9785707,0.00048241584,0.021963967,0.0014688193
2017-08-08,1.330268e-05,0.05257405,0.9334423,0.98601633,0.98601633,0.00049151154,0.02217006,0.00095130125
2017-08-09,1.4186833e-05,0.05062826,0.9348289,0.9854571,0.9854571,0.00047519754,0.021799026,0.0009755176
2017-08-10,1.7670678e-05,0.04470802,0.93946254,0.98417056,0.98417056,0.00048201787,0.021954905,0.001116317
2017-08-11,9.460526e-06,0.069605224,0.9183197,0.98792493,0.98792493,0.0005251955,0.022917144,0.00078347605
2017-08-14,1.1693526e-05,0.056904998,0.93012464,0.9870296,0.9870296,0.0004917729,0.022175953,0.00090155564
2017-08-15,9.314574e-06,0.06560851,0.9224794,0.9880879,0.9880879,0.00047263,0.021740055,0.0007819417
2017-08-16,1.2345165e-05,0.05496084,0.93157876,0.9865396,0.9865396,0.00044944003,0.021200001,0.0009171471
2017-08-17,9.218946e-06,0.066761106,0.9213333,0.98809445,0.98809445,0.00044380716,0.02106673,0.0007743401
2017-08-18,1.3512465e-05,0.05196075,0.93409216,0.98605293,0.98605293,0.00043048052,0.020748025,0.000968839
2017-08-21,4.311012e-05,0.025118317,0.94923604,0.9743543,0.9743543,0.00042330544,0.020574387,0.0016809901
2017-08-22,9.19541e-06,0.07027806,0.91766614,0.9879442,0.9879442,0.0004591271,0.021427251,0.00076273654
2017-08-23,1.4196991e-05,0.050778754,0.9347989,0.98557764,0.98557764,0.00043456862,0.02084631,0.0009843739
2017-08-24,2.4699062e-05,0.03559404,0.9457218,0.98131585,0.98131585,0.00042106892,0.020519964,0.001321926
2017-08-25,1.0106726e-05,0.06358613,0.9239464,0.9875325,0.9875325,0.00042483734,0.020611582,0.0008106455
2017-08-28,5.897261e-05,0.019523473,0.94994855,0.96947205,0.96947205,0.00042634775,0.02064819,0.001931758
2017-08-29,1.6516113e-05,0.04914791,0.935056,0.9842039,0.9842039,0.0004665865,0.021600613,0.00104558
2017-08-30,1.0801112e-05,0.06269367,0.92396015,0.9866538,0.9866538,0.00046040473,0.021457044,0.00080930267
2017-08-31,9.493038e-06,0.066911474,0.9207089,0.98762035,0.98762035,0.00043949357,0.020964101,0.00076682627
2017-09-01,7.817619e-06,0.11764078,0.8674818,0.9851226,0.9851226,0.0004914619,0.02216894,0.0005254702
2017-09-05,2.406866e-05,0.038189266,0.94123966,0.97942895,0.97942895,0.00044597738,0.021118177,0.0011700257
2017-09-06,2.5186546e-05,0.03537764,0.9455318,0.9809094,0.9809094,0.00048352603,0.021989224,0.0013193171
2017-09-07,1.9600067e-05,0.041481253,0.9419525,0.9834338,0.9834338,0.0004856248,0.022036897,0.0011831347
2017-09-08,1.9214822e-05,0.0418917,0.94169843,0.9835901,0.9835901,0.00047860318,0.021877002,0.0011709305
2017-09-11,9.478015e-06,0.070672244,0.91706705,0.9877393,0.9877393,0.0005096451,0.02257532,0.00077304186
2017-09-12,1.9154939e-05,0.0420011,0.9419043,0.98390543,0.98390543,0.0005072993,0.022523306,0.0011901495
2017-09-13,9.9636845e-06,0.06582813,0.9218511,0.98767924,0.98767924,0.00050962035,0.022574773,0.00080869097
2017-09-14,2.2729504e-05,0.03829774,0.94413507,0.9824328,0.9824328,0.00050357584,0.022440495,0.0012938591
2017-09-15,1.5910296e-05,0.047525086,0.93751794,0.98504305,0.98504305,0.00049882394,0.022334367,0.0010637393
2017-09-18,1.9896583e-05,0.041390408,0.9418888,0.9832792,0.9832792,0.0004941051,0.022228476,0.0011899321
2017-09-19,1.0571783e-05,0.06412265,0.92350435,0.987627,0.987627,0.00055071234,0.023467261,0.0008544256
2017-09-20,1.1283434e-05,0.05847436,0.92868376,0.9871581,0.9871581,0.00052271783,0.022863023,0.0008786435
2017-09-21,3.5257206e-05,0.0280838,0.9497022,0.977786,0.977786,0.00050125434,0.02238871,0.0015871618
2017-09-22,2.15952e-05,0.046896152,0.93512636,0.9820225,0.9820225,0.00057820795,0.024045955,0.0012012365
2017-09-25,2.7269689e-05,0.035424672,0.94518125,0.9806059,0.9806059,0.0005632889,0.023733709,0.0014060817
2017-09-26,0.00013552318,0.012560137,0.9287884,0.94134855,0.94134855,0.00056604476,0.023791695,0.0023106537
2017-09-27,8.047629e-05,0.018449979,0.94250625,0.9609562,0.9609562,0.0006612593,0.025714962,0.0020611805
2017-09-28,3.628514e-05,0.029401645,0.9476366,0.97703826,0.97703826,0.0007105296,0.026655762,0.0015802437
2017-09-29,2.1685746e-05,0.04040403,0.9420856,0.98248965,0.98248965,0.00071584294,0.026755242,0.0012384527
2017-10-02,4.8186143e-05,0.022845287,0.9502966,0.97314185,0.97314185,0.00069646287,0.026390582,0.0017940976
2017-10-03,2.1695658e-05,0.044520576,0.937227,0.98174757,0.98174757,0.00073131785,0.02704289,0.0011886448
2017-10-04,3.7311765e-05,0.031190127,0.9446591,0.9758493,0.9758493,0.00070930156,0.026632717,0.001544954
2017-10-05,2.3873563e-05,0.04041469,0.94073796,0.98115265,0.98115265,0.0007149801,0.026739113,0.0012666803
2017-10-06,6.845161e-05,0.017825084,0.9483082,0.9661333,0.9661333,0.0006977468,0.026414897,0.0020212068
2017-10-09,1.4411456e-05,0.056808054,0.92800397,0.984812,0.984812,0.0007376468,0.027159654,0.00094887253
2017-10-10,5.1876195e-05,0.021848733,0.9497295,0.97157824,0.97157824,0.00070500997,0.026552023,0.0018252281
2017-10-11,4.0063154e-05,0.029909015,0.9447535,0.97466254,0.97466254,0.0007306021,0.027029652,0.0015811829
2017-10-12,5.585631e-05,0.022639047,0.9470877,0.96972674,0.96972674,0.00073030917,0.027024234,0.001845071
2017-10-13,1.2679477e-05,0.06230102,0.9237676,0.98606867,0.98606867,0.0007740562,0.027821865,0.00091014087
2017-10-16,4.792434e-05,0.02430797,0.9483869,0.9726949,0.9726949,0.00072866515,0.026993798,0.0017551407
2017-10-17,5.1580784e-05,0.023514053,0.94805557,0.9715696,0.9715696,0.00074681983,0.027328005,0.0018142826
2017-10-18,3.7012862e-05,0.031533662,0.9446315,0.9761652,0.9761652,0.0007603508,0.02757446,0.00155289
2017-10-19,4.9419046e-05,0.028592778,0.9430024,0.97159517,0.97159517,0.0007982871,0.028253974,0.0017398113
2017-10-20,3.3738655e-05,0.03603796,0.94122016,0.97725815,0.97725815,0.0008035439,0.02834685,0.001483549
2017-10-23,3.5322555e-05,0.032203924,0.9447982,0.9770021,0.9770021,0.00079785805,0.02824638,0.0015359025
2017-10-24,2.2920893e-05,0.040922806,0.9414149,0.9823377,0.9823377,0.0008108135,0.028474787,0.0012977307
2017-10-25,4.3344207e-05,0.028228892,0.9455565,0.9737854,0.9737854,0.000787468,0.02806186,0.0016534377
2017-10-26,5.053686e-05,0.02458342,0.947593,0.9721764,0.9721764,0.0007975601,0.028241107,0.001816329
2017-10-27,0.00013412663,0.010923213,0.9323418,0.943265,0.943265,0.0008086498,0.028436769,0.0023640906
2017-10-30,0.00015896212,0.013544991,0.9185413,0.9320863,0.9320863,0.00091399514,0.030232353,0.0023406486
2017-10-31,1.17430745e-05,0.09278974,0.8921586,0.98494834,0.9849484,0.0010748827,0.032785404,0.0007801845
2017-11-01,1.895094e-05,0.061499745,0.9199983,0.981498,0.981498,0.0010227304,0.031980157,0.0010242645
2017-11-02,2.4117531e-05,0.04344868,0.93807805,0.98152673,0.98152673,0.0009599035,0.03098231,0.0013055368
2017-11-03,1.5421185e-05,0.058767326,0.92584455,0.98461187,0.98461187,0.0009338682,0.030559259,0.001002148
2017-11-06,2.8097165e-05,0.040741615,0.9385734,0.97931504,0.97931504,0.00089655205,0.029942479,0.001358338
2017-11-07,1.6001364e-05,0.06432851,0.9187514,0.9830799,0.9830799,0.0009684045,0.0311192,0.0009457021
2017-11-08,1.9289962e-05,0.04679909,0.93679154,0.9835906,0.9835906,0.0009079888,0.030132852,0.0011755436
2017-11-09,2.260611e-05,0.040557794,0.9420321,0.9825899,0.9825899,0.00087250216,0.029538147,0.0012984481
2017-11-10,2.6451344e-05,0.035957426,0.9451902,0.98114765,0.98114765,0.0008471589,0.029105995,0.0014030791
2017-11-13,2.043539e-05,0.041292246,0.94226277,0.983555,0.983555,0.0008278303,0.02877204,0.0012426521
2017-11-14,5.6969642e-05,0.02027823,0.950046,0.9703242,0.9703242,0.000808812,0.02843962,0.0019197352
2017-11-15,2.3235632e-05,0.03876748,0.94317234,0.9819398,0.9819398,0.0008339265,0.028877785,0.0012865651
2017-11-16,5.1093666e-05,0.022145964,0.95011055,0.97225654,0.97225654,0.0008116239,0.028489014,0.0018416473
2017-11-17,4.078108e-05,0.025742747,0.95003235,0.9757751,0.9757751,0.00082386355,0.028703023,0.0016834381
2017-11-20,5.6305424e-05,0.022325234,0.9471697,0.96949494,0.96949494,0.0008289019,0.028790656,0.0018457732
2017-11-21,4.4975925e-05,0.027513854,0.9458979,0.97341174,0.97341174,0.00084718183,0.029106388,0.0016915707
2017-11-22,0.00010253324,0.01308665,0.9412559,0.9543426,0.9543426,0.00084890606,0.029135993,0.0022457093
2017-11-24,0.00015461238,0.009382988,0.9267306,0.93611354,0.93611354,0.0009049923,0.03008309,0.0024201118
2017-11-27,0.00034606413,0.0067849434,0.8587059,0.8654908,0.8654908,0.0010200834,0.031938747,0.0025727914
2017-11-28,3.824325e-05,0.043671314,0.93070316,0.9743745,0.9743745,0.001233021,0.0351144,0.0014923889
2017-11-29,1.0190182e-05,0.08864163,0.897313,0.98595464,0.98595464,0.0012901023,0.035917994,0.0007255196
2017-11-30,1.1147566e-05,0.07260897,0.9143161,0.98692507,0.98692507,0.001269042,0.035623617,0.00085259054
2017-12-01,1.1243638e-05,0.08203689,0.9039733,0.9860102,0.9860102,0.0013490004,0.03672874,0.0008037022
2017-12-04,1.1984441e-05,0.07476516,0.9104905,0.98525566,0.98525566,0.0012425894,0.03525038,0.00081281626
2017-12-05,1.2109753e-05,0.07243581,0.91361725,0.98605305,0.98605305,0.0011898394,0.03449405,0.00086827244
2017-12-06,1.439487e-05,0.07427173,0.90874106,0.9830128,0.9830128,0.0011404294,0.033770245,0.00084739487
2017-12-07,1.4415899e-05,0.06341381,0.9213913,0.9848051,0.9848051,0.0010513952,0.032425225,0.0009487332
2017-12-08,2.0751992e-05,0.06941525,0.9085978,0.9780131,0.9780131,0.0011802225,0.034354366,0.00094383425
2017-12-11,3.1527466e-05,0.046831854,0.9289614,0.97579324,0.97579324,0.0010939297,0.03307461,0.0013024242
2017-12-12,2.6192887e-05,0.049845293,0.928749,0.9785943,0.9785943,0.001066868,0.032662943,0.001223641
2017-12-13,2.6362246e-05,0.073184416,0.9021617,0.97534615,0.97534615,0.0011639786,0.03411713,0.0010692952
2017-12-14,4.149196e-05,0.042080045,0.9307187,0.97279876,0.97279876,0.0010906556,0.033025075,0.0015253704
2017-12-15,3.6896086e-05,0.042001773,0.9315421,0.9735439,0.9735439,0.0010619374,0.032587383,0.0013946146
2017-12-18,0.00013758728,0.018539356,0.9202868,0.93882614,0.93882614,0.0010567231,0.032507278,0.0022491189
2017-12-19,1.0415961e-05,0.10542129,0.8790511,0.9844724,0.9844724,0.0011561848,0.034002718,0.0006708027
2017-12-20,1.865634e-05,0.066153765,0.9143739,0.98052764,0.98052764,0.0010659918,0.032649532,0.0009580934
2017-12-21,4.2463136e-05,0.04487415,0.9252269,0.97010106,0.97010106,0.0010210003,0.031953096,0.0014202221
2017-12-22,5.3527696e-05,0.03463596,0.9330258,0.96766174,0.96766174,0.0009968091,0.031572282,0.0016552435
2017-12-26,4.283533e-05,0.039364617,0.9325685,0.9719331,0.9719331,0.0010077497,0.031745072,0.0015261882
2017-12-27,0.00016834843,0.016476348,0.9079873,0.9244636,0.9244636,0.0009857027,0.031395905,0.0022287068
2017-12-28,3.3224016e-05,0.043376625,0.9331849,0.97656155,0.97656155,0.0010841407,0.03292629,0.0014175003
2017-12-29,1.1420858e-05,0.08508355,0.9002245,0.98530805,0.98530805,0.001214395,0.034848172,0.0007773549
2018-01-02,2.1050102e-05,0.0498332,0.9320617,0.98189485,0.98189485,0.0011201578,0.033468757,0.0011626583
2018-01-03,1.4603556e-05,0.06086801,0.9244531,0.9853211,0.9853211,0.0011243902,0.033531927,0.0009948675
2018-01-04,2.1745673e-05,0.047286857,0.93414813,0.981435,0.981435,0.0010689108,0.032694202,0.0011713264
2018-01-05,1.911619e-05,0.061146397,0.9207503,0.9818967,0.9818967,0.0011088384,0.033299226,0.0010559505
2018-01-08,2.7832151e-05,0.045547627,0.9335437,0.9790913,0.9790913,0.0010942058,0.033078782,0.0013311269
2018-01-09,1.8842722e-05,0.05131852,0.93190813,0.98322666,0.98322666,0.0010587866,0.032539003,0.001123373
2018-01-10,9.939993e-06,0.088106066,0.8976685,0.9857745,0.9857745,0.0010541371,0.032467477,0.00069874554
2018-01-11,2.5717398e-05,0.04260897,0.9377661,0.98037505,0.98037505,0.00095899537,0.030967651,0.0013104441
2018-01-12,1.19069555e-05,0.07765074,0.907868,0.98551875,0.98551875,0.0010766691,0.032812636,0.0008222328
2018-01-16,1.352124e-05,0.062502794,0.92306167,0.9855645,0.9855645,0.001096429,0.03311237,0.00093666394
2018-01-17,1.2241527e-05,0.067941144,0.91817135,0.9861125,0.9861125,0.0010564837,0.032503594,0.0008814765
2018-01-18,1.2033364e-05,0.069450416,0.9164724,0.9859228,0.9859228,0.001054452,0.032472327,0.00085481314
2018-01-19,1.3351462e-05,0.06355173,0.9218448,0.9853965,0.9853965,0.0009904882,0.031472024,0.0009142648
2018-01-22,1.8980905e-05,0.044899963,0.93924344,0.9841434,0.9841434,0.0009264978,0.030438427,0.0011970332
2018-01-23,2.0604068e-05,0.041311216,0.94237316,0.98368436,0.98368436,0.0008960656,0.029934354,0.0012628416
2018-01-24,1.2699579e-05,0.076857574,0.9077449,0.98460245,0.98460245,0.0010461682,0.032344524,0.0008247793
2018-01-25,2.969052e-05,0.033937898,0.9461951,0.980133,0.980133,0.000989818,0.031461373,0.001494464
2018-01-26,4.296324e-05,0.02552999,0.95028037,0.97581035,0.97581035,0.0009767889,0.03125362,0.0017760999
2018-01-29,2.6399222e-05,0.03792165,0.9428945,0.9808162,0.9808162,0.0009784716,0.03128053,0.0013761196
2018-01-30,2.249198e-05,0.04819629,0.93343604,0.98163235,0.98163235,0.000996849,0.031572916,0.0012245433
2018-01-31,1.0022212e-05,0.13960166,0.84260947,0.9822111,0.9822111,0.0017391223,0.041702785,0.00056339736
2018-02-01,8.999921e-06,0.14133877,0.8415389,0.9828777,0.9828777,0.002055064,0.045332815,0.00052562484
2018-02-02,8.700794e-06,0.1461228,0.8365499,0.9826727,0.9826727,0.002054848,0.04533043,0.0005021434
2018-02-05,9.176733e-06,0.12681374,0.85695815,0.9837719,0.9837719,0.0017292764,0.04158457,0.00056548486
2018-02-06,9.557434e-06,0.13366294,0.8490837,0.98274666,0.98274666,0.001648213,0.04059819,0.00055394694
2018-02-07,1.1284649e-05,0.093616664,0.8903702,0.98398685,0.98398685,0.0014118137,0.03757411,0.0007047116
2018-02-08,1.1101925e-05,0.08991371,0.89470977,0.9846235,0.9846235,0.0013083194,0.0361707,0.0007220056
2018-02-09,9.590243e-06,0.096267454,0.8891572,0.98542464,0.98542464,0.0011819118,0.034378946,0.0006579763
2018-02-12,1.1967047e-05,0.08965072,0.8941332,0.98378396,0.98378396,0.00123516,0.035144843,0.00073797593
2018-02-13,1.8462311e-05,0.07367794,0.90559727,0.9792752,0.9792752,0.0011298293,0.033612933,0.000890833
2018-02-14,1.0037595e-05,0.10634433,0.87804776,0.9843921,0.9843921,0.0010617638,0.03258472,0.00064311014
2018-02-15,1.4047093e-05,0.08105554,0.9004867,0.9815422,0.9815422,0.00094297965,0.030707974,0.00076103956
2018-02-16,1.8867033e-05,0.06318193,0.9174837,0.9806656,0.9806656,0.00086369575,0.029388702,0.0009758284
2018-02-20,2.6060523e-05,0.048710637,0.9292893,0.9779999,0.9779999,0.000815707,0.028560584,0.0011845652
2018-02-21,1.9119097e-05,0.054045733,0.927974,0.9820197,0.9820197,0.0008090266,0.028443392,0.0010633372
2018-02-22,2.068374e-05,0.05017966,0.93172085,0.9819005,0.9819005,0.00078460603,0.02801082,0.0011427804
2018-02-23,5.087852e-05,0.028651694,0.9414306,0.97008234,0.97008234,0.00075600215,0.027495494,0.0017006184
2018-02-26,1.7510034e-05,0.059515074,0.922374,0.98188907,0.98188907,0.0007628986,0.02762062,0.00096682133
2018-02-27,1.9925215e-05,0.049389333,0.9325805,0.98196983,0.98196983,0.0007230047,0.026888747,0.0011051043
2018-02-28,1.4669685e-05,0.056032956,0.92917037,0.9852033,0.9852033,0.0007080282,0.026608799,0.0009914177
2018-03-01,1.2833638e-05,0.058225386,0.9278962,0.9861216,0.9861216,0.0006744174,0.025969548,0.0009247199
2018-03-02,8.381908e-06,0.0952138,0.8911972,0.98641104,0.986411,0.00064667885,0.02542988,0.0006168172
2018-03-05,9.675265e-06,0.06605225,0.92193353,0.9879858,0.9879858,0.0005847785,0.024182193,0.0008053184
2018-03-06,9.1776365e-06,0.06929935,0.9186788,0.98797816,0.98797816,0.0005496299,0.023444187,0.0007634137
2018-03-07,9.318662e-06,0.067585394,0.9205638,0.9881492,0.9881492,0.0005334636,0.023096832,0.0007863336
2018-03-08,9.167583e-06,0.067525476,0.9206805,0.98820597,0.988206,0.00050763186,0.022530688,0.000777307
2018-03-09,9.239071e-06,0.0669088,0.92131644,0.9882252,0.9882252,0.00048021687,0.02191385,0.0007846492
2018-03-12,8.795828e-06,0.07066214,0.917383,0.98804516,0.98804516,0.00045655092,0.021367053,0.0007357543
2018-03-13,9.3214085e-06,0.067254044,0.9209314,0.98818547,0.98818547,0.00044781767,0.021161703,0.00078897807
2018-03-14,8.986207e-06,0.068628386,0.919578,0.9882064,0.9882064,0.00042236943,0.020551628,0.00076195534
2018-03-15,8.932625e-06,0.06941525,0.91874236,0.98815763,0.98815763,0.00042411123,0.020593962,0.0007542937
2018-03-16,9.340704e-06,0.0671719,0.9210125,0.98818445,0.98818445,0.0004217568,0.020536719,0.00079054345
2018-03-19,9.043747e-06,0.06902593,0.91908187,0.9881078,0.9881078,0.00039831575,0.01995785,0.0007604772
2018-03-20,9.240299e-06,0.06746641,0.92073333,0.9881997,0.9881997,0.00038799798,0.019697664,0.000783057
2018-03-21,8.306665e-06,0.07742743,0.9103733,0.9878007,0.9878007,0.00037221628,0.019292908,0.0006809142
2018-03-22,8.5413885e-06,0.07828545,0.9092934,0.98757887,0.98757887,0.00036174207,0.019019518,0.0006876498
2018-03-23,9.073889e-06,0.06862808,0.9195157,0.9881438,0.9881438,0.00034221733,0.018499117,0.0007653287
2018-03-26,1.2780088e-05,0.055996098,0.9299861,0.98598224,0.98598224,0.00033031052,0.018174447,0.00091170677
2018-03-27,9.685379e-06,0.06515565,0.9228863,0.98804194,0.98804194,0.00032622373,0.018061664,0.0008099455
2018-03-28,8.879676e-06,0.071406685,0.916668,0.98807466,0.98807466,0.00036077574,0.018994097,0.0007446057
2018-03-29,9.314629e-06,0.06704869,0.9211482,0.98819685,0.98819685,0.00034015265,0.018443227,0.0007891647
2018-04-02,9.301015e-06,0.06740081,0.9207762,0.988177,0.988177,0.00033414343,0.018279592,0.0007866883
2018-04-03,8.934959e-06,0.07038882,0.917736,0.9881248,0.9881248,0.0003394414,0.018423935,0.00075240416
2018-04-04,9.133056e-06,0.06834205,0.9198199,0.9881619,0.9881619,0.00032251308,0.017958649,0.00077149813
2018-04-05,9.211919e-06,0.067715146,0.9204736,0.98818874,0.98818874,0.00031011974,0.017610217,0.0007799271
2018-04-06,9.248198e-06,0.06756907,0.92061394,0.988183,0.988183,0.00031144713,0.017647864,0.0007826195
2018-04-09,8.990299e-06,0.06863452,0.9195699,0.9882044,0.9882044,0.00030256482,0.01739439,0.0007621752
2018-04-10,8.640415e-06,0.07083659,0.91727924,0.98811585,0.98811585,0.0002877427,0.01696298,0.0007270535
2018-04-11,8.176406e-06,0.081116036,0.90645945,0.9875755,0.9875755,0.00028573794,0.016903784,0.0006580858
2018-04-12,9.102436e-06,0.06889534,0.91910744,0.9880028,0.9880028,0.00027154954,0.01647876,0.0007587119
2018-04-13,9.316773e-06,0.06646058,0.92172396,0.9881846,0.9881846,0.0002599653,0.01612344,0.000788526
2018-04-16,9.407035e-06,0.066458315,0.921679,0.9881373,0.98813736,0.00027115183,0.016466688,0.00079299306
2018-04-17,9.23805e-06,0.066557236,0.92166555,0.9882228,0.9882228,0.00026204632,0.016187845,0.0007843997
2018-04-18,9.353476e-06,0.06625371,0.9218641,0.9881178,0.9881178,0.0002523514,0.015885573,0.0007871848
2018-04-19,1.0880703e-05,0.060053643,0.9270862,0.9871398,0.9871398,0.0002420088,0.015556632,0.00084607705
2018-04-20,8.952346e-06,0.069418125,0.91870403,0.98812217,0.98812217,0.0002859606,0.016910369,0.0007537019
2018-04-23,9.3163335e-06,0.0677317,0.9204031,0.9881348,0.9881348,0.00033196525,0.018219914,0.0007851814
2018-04-24,9.291826e-06,0.06705248,0.9211138,0.9881663,0.9881663,0.00031488028,0.017744867,0.0007851986
2018-04-25,9.299349e-06,0.067087956,0.9210934,0.98818135,0.98818135,0.0003145374,0.017735202,0.00078683696
2018-04-26,9.599504e-06,0.06543666,0.92266285,0.9880995,0.9880995,0.00029928668,0.017299904,0.00080664817
2018-04-27,8.893896e-06,0.06926122,0.91890633,0.9881676,0.9881675,0.0002962789,0.017212754,0.0007516551
2018-04-30,9.25552e-06,0.0667798,0.9214162,0.988196,0.988196,0.0003027894,0.017400846,0.0007841013
2018-05-01,9.311604e-06,0.06660578,0.92149734,0.9881031,0.98810315,0.0002887321,0.016992118,0.0007826911
2018-05-02,8.772068e-06,0.0691575,0.91904706,0.98820454,0.98820454,0.00028885034,0.016995598,0.0007436817
2018-05-03,9.57909e-06,0.065358095,0.9226137,0.9879718,0.9879718,0.00029439776,0.017158024,0.0007963849
2018-05-04,9.333409e-06,0.06605595,0.9221091,0.9881651,0.9881651,0.0002877473,0.016963117,0.00078863313
2018-05-07,1.1224941e-05,0.05881354,0.9279968,0.9868103,0.9868103,0.0002765316,0.01662924,0.00085104007
2018-05-08,9.363878e-06,0.06641994,0.9215205,0.98794043,0.98794043,0.0002752378,0.016590292,0.0007764687
2018-05-09,8.803016e-06,0.06834271,0.9198633,0.98820597,0.98820597,0.00026363236,0.01623676,0.00074639585
2018-05-10,1.2063302e-05,0.056239035,0.929794,0.986033,0.986033,0.0002515916,0.01586164,0.0008637017
2018-05-11,9.044719e-06,0.06826912,0.9198884,0.9881575,0.9881575,0.0002899274,0.017027255,0.0007637515
2018-05-14,9.395075e-06,0.06498217,0.92320734,0.9881895,0.9881895,0.00027622172,0.016619919,0.00079548615
2018-05-15,9.432262e-06,0.065494664,0.9225991,0.98809373,0.98809373,0.00027530955,0.016592454,0.00079220993
2018-05-16,9.406785e-06,0.06537075,0.92272735,0.9880981,0.9880981,0.00026367087,0.016237944,0.0007903589
2018-05-17,9.393428e-06,0.06535279,0.9227294,0.9880822,0.9880822,0.0002561167,0.016003646,0.0007881828
2018-05-18,9.392308e-06,0.06537397,0.9227643,0.98813826,0.98813826,0.00026186078,0.016182113,0.0007918153
2018-05-21,9.4497e-06,0.06436614,0.9238178,0.988184,0.988184,0.00025207413,0.015876843,0.00079973595
2018-05-22,1.0090767e-05,0.061970346,0.92579716,0.9877675,0.9877675,0.00025299043,0.015905673,0.00082491577
2018-05-23,8.944595e-06,0.06988179,0.9182327,0.9881145,0.9881145,0.00031801374,0.01783294,0.00075256213
2018-05-24,9.417637e-06,0.065403104,0.9228219,0.988225,0.988225,0.0003013144,0.01735841,0.0007997982
2018-05-25,9.303941e-06,0.06571855,0.9225217,0.98824024,0.98824024,0.00029288,0.017113738,0.0007911677
2018-05-29,8.811989e-06,0.06800371,0.92026204,0.98826575,0.98826575,0.00027949328,0.016718052,0.0007509633
2018-05-30,8.841439e-06,0.06868958,0.91952854,0.9882181,0.9882181,0.0002983687,0.017273352,0.00075042737
2018-05-31,9.144937e-06,0.067100205,0.920963,0.9880632,0.9880632,0.0002841293,0.016856136,0.00076611404
2018-06-01,8.895049e-06,0.068547465,0.91966814,0.9882156,0.9882156,0.00030682154,0.017516322,0.0007548172
2018-06-04,9.176538e-06,0.06657276,0.9216742,0.988247,0.988247,0.00029195144,0.017086586,0.0007807811
2018-06-05,9.035021e-06,0.06758297,0.92066956,0.9882525,0.9882525,0.00028582028,0.01690622,0.00076910295
2018-06-06,9.102253e-06,0.06758234,0.9206226,0.9882049,0.98820496,0.00028457094,0.01686923,0.0007716976
2018-06-07,8.924612e-06,0.06803059,0.92021316,0.98824376,0.98824376,0.000271436,0.016475314,0.00075913826
2018-06-08,8.420373e-06,0.071688384,0.9164369,0.9881253,0.9881253,0.00026830187,0.016379923,0.0007091034
2018-06-11,9.046959e-06,0.06733777,0.9208955,0.98823327,0.98823327,0.00026744462,0.016353734,0.0007688592
2018-06-12,9.142958e-06,0.067614004,0.9206028,0.9882168,0.9882168,0.00028340163,0.016834537,0.00077593286
2018-06-13,9.041728e-06,0.06768119,0.9205303,0.9882115,0.9882115,0.00027073163,0.016453924,0.00076699647
2018-06-14,8.979746e-06,0.06825159,0.91994214,0.98819375,0.98819375,0.00026296487,0.016216192,0.0007605926
2018-06-15,9.105179e-06,0.06672143,0.92152005,0.9882415,0.9882415,0.00025094516,0.01584125,0.0007743483
2018-06-18,8.637989e-06,0.06955311,0.918712,0.98826516,0.98826516,0.00026507527,0.016281132,0.0007360975
2018-06-19,8.8938605e-06,0.06893992,0.91921055,0.9881505,0.9881505,0.0002908017,0.01705291,0.000750567
2018-06-20,8.890873e-06,0.06896489,0.9192416,0.9882065,0.9882065,0.00029666178,0.017223872,0.00075387943
2018-06-21,9.397838e-06,0.06672483,0.92148066,0.9882055,0.9882055,0.0003150799,0.01775049,0.0007967978
2018-06-22,9.031873e-06,0.068263434,0.9199445,0.98820794,0.98820794,0.00030075817,0.017342381,0.00076592807
2018-06-25,8.831078e-06,0.07016858,0.91766745,0.987836,0.987836,0.0002924427,0.017100956,0.00072600134
2018-06-26,9.144244e-06,0.06710519,0.92107,0.98817515,0.98817515,0.00028092758,0.016760895,0.0007733077
2018-06-27,1.45838485e-05,0.04999901,0.93525535,0.98525435,0.98525435,0.00027005165,0.016433248,0.000989027
2018-06-28,8.496632e-06,0.07219342,0.91585773,0.9880512,0.9880512,0.0002859974,0.016911458,0.0007110852
2018-06-29,9.390412e-06,0.06618799,0.92196065,0.9881486,0.9881486,0.0002955736,0.017192254,0.0007923482
2018-07-02,9.602016e-06,0.06530128,0.92247826,0.98777956,0.98777956,0.00028372265,0.01684407,0.0007857339
2018-07-03,9.0912035e-06,0.06723466,0.92093295,0.9881676,0.9881676,0.0003007506,0.017342163,0.0007683303
2018-07-05,9.230306e-06,0.06713766,0.9208231,0.98796076,0.98796076,0.00028666639,0.016931225,0.0007666849
2018-07-06,9.029439e-06,0.06755752,0.92056406,0.98812157,0.98812157,0.00028186166,0.016788736,0.00076015416
2018-07-09,1.4504464e-05,0.049312584,0.9363501,0.9856627,0.9856627,0.0002723838,0.016504053,0.0010116593
2018-07-10,9.734581e-06,0.06445625,0.9232005,0.9876567,0.9876567,0.00027482974,0.016577989,0.00078865385
2018-07-11,1.12530815e-05,0.05896891,0.92779607,0.98676497,0.98676497,0.00027616182,0.016618118,0.0008502496
2018-07-12,8.3757e-06,0.073843755,0.91424626,0.98809004,0.98809004,0.00028039987,0.016745145,0.0007032517
2018-07-13,9.7837665e-06,0.064081885,0.9235057,0.98758763,0.98758763,0.00027394344,0.016551238,0.00078822713
2018-07-16,9.80163e-06,0.06436899,0.92334616,0.9877151,0.9877151,0.00027920457,0.016709415,0.0007978616
2018-07-17,8.344349e-06,0.07255423,0.91560715,0.9881614,0.9881614,0.0002680896,0.016373442,0.0007048417
2018-07-18,8.960057e-06,0.06833976,0.91956395,0.9879037,0.9879037,0.00025707032,0.016033413,0.00074072793
2018-07-19,9.709514e-06,0.06450455,0.9232023,0.98770684,0.98770684,0.00024846866,0.015762888,0.00078983064
2018-07-20,9.179531e-06,0.067427516,0.92072064,0.98814815,0.98814815,0.00025928864,0.016102443,0.00077452324
2018-07-23,1.0356717e-05,0.06174573,0.9256229,0.9873686,0.9873686,0.000249066,0.015781825,0.00081991736
2018-07-24,8.407587e-06,0.07241121,0.91573036,0.9881416,0.98814154,0.00025123308,0.015850333,0.00070899824
2018-07-25,1.0604664e-05,0.060679257,0.9265843,0.98726356,0.98726356,0.00023977149,0.015484557,0.00083262386
2018-07-26,1.0675737e-05,0.06059365,0.9266991,0.98729277,0.98729277,0.00024796493,0.015746903,0.0008401307
2018-07-27,1.120195e-05,0.05828718,0.9286871,0.9869743,0.9869743,0.00024070848,0.015514783,0.0008599883
2018-07-30,8.8990055e-06,0.06830913,0.91989285,0.988202,0.988202,0.0002482132,0.015754784,0.0007542793
2018-07-31,1.3647054e-05,0.051201936,0.93478143,0.9859834,0.9859834,0.00024238991,0.015568877,0.0009736332
2018-08-01,8.621394e-06,0.06968131,0.91852504,0.9882063,0.9882063,0.00024159787,0.015543419,0.00073101855
2018-08-02,8.810213e-06,0.067976385,0.9202492,0.9882256,0.9882256,0.00023552033,0.015346671,0.0007482503
2018-08-03,9.542944e-06,0.06553736,0.92228186,0.98781925,0.9878192,0.0002555758,0.015986739,0.00078344496
2018-08-06,9.053906e-06,0.06755754,0.9206461,0.9882036,0.98820364,0.00025677856,0.016024312,0.00076751335
2018-08-07,1.0049523e-05,0.06235791,0.9254122,0.9877701,0.9877701,0.00024593284,0.015682247,0.00082171615
2018-08-08,8.849819e-06,0.06898798,0.91917866,0.98816663,0.98816663,0.00024827506,0.015756747,0.0007478697
2018-08-09,8.547741e-06,0.07003074,0.91822314,0.9882539,0.9882539,0.00025940206,0.016105963,0.00072770834
2018-08-10,9.03784e-06,0.06703227,0.9211991,0.98823136,0.98823136,0.00024708765,0.015719023,0.00076795963
2018-08-13,9.212946e-06,0.06618052,0.921931,0.98811156,0.98811156,0.00023748691,0.0154106105,0.0007749497
2018-08-14,8.959786e-06,0.067296706,0.9209337,0.9882304,0.9882304,0.00022953606,0.015150447,0.0007612656
2018-08-15,8.967686e-06,0.06769826,0.9204997,0.9881979,0.9881979,0.00022715118,0.0150715355,0.0007598396
2018-08-16,8.727094e-06,0.06822951,0.9200183,0.9882478,0.9882478,0.00022069272,0.01485573,0.0007425931
2018-08-17,9.763926e-06,0.06329056,0.9245379,0.98782843,0.98782843,0.00021963564,0.014820109,0.0008021914
2018-08-20,9.149556e-06,0.06667443,0.9214882,0.98816264,0.98816264,0.00022383448,0.014961098,0.00077293866
2018-08-21,9.331658e-06,0.06548086,0.9225725,0.9880534,0.9880533,0.00021555895,0.014681926,0.0007811129
2018-08-22,9.552449e-06,0.06481981,0.92307925,0.98789907,0.98789907,0.00021992253,0.014829786,0.0007893976
2018-08-23,1.0657694e-05,0.05991046,0.9272729,0.9871834,0.9871834,0.00021658358,0.014716779,0.00083155336
2018-08-24,1.06077205e-05,0.059590973,0.927763,0.987354,0.987354,0.00021199665,0.014560104,0.0008388189
2018-08-27,2.0980022e-05,0.038666353,0.9440669,0.98273325,0.98273325,0.00022212519,0.014903865,0.0012150533
2018-08-28,2.1827114e-05,0.037843943,0.94447684,0.9823208,0.9823208,0.00023820484,0.015433886,0.0012346201
2018-08-29,2.662932e-05,0.033536784,0.9466137,0.9801505,0.9801505,0.00024933452,0.01579033,0.0013415626
2018-08-30,1.829438e-05,0.043038193,0.9405834,0.9836216,0.9836216,0.00027037124,0.01644297,0.001116982
2018-08-31,2.1827609e-05,0.037795905,0.94464296,0.98243886,0.98243886,0.00027475494,0.016575733,0.0012429496
2018-09-04,1.291994e-05,0.05300076,0.933287,0.9862878,0.9862878,0.00028955578,0.017016338,0.0009422204
2018-09-05,2.0836604e-05,0.03986287,0.9420461,0.981909,0.981909,0.0003381345,0.018388433,0.0011517648
2018-09-06,1.0350551e-05,0.06170052,0.92548686,0.9871874,0.9871874,0.00034317365,0.018524947,0.00080784067
2018-09-07,1.093127e-05,0.05921213,0.9277945,0.98700666,0.98700666,0.00033195855,0.01821973,0.0008412982
2018-09-10,1.6351765e-05,0.046150483,0.938192,0.9843425,0.9843425,0.00031908142,0.01786285,0.0010443418
2018-09-11,1.2844017e-05,0.053710125,0.9323729,0.98608303,0.98608303,0.00032055244,0.017903978,0.0009229033
2018-09-12,2.3440776e-05,0.03751987,0.943443,0.9809629,0.9809629,0.0003158108,0.017771065,0.0012313189
2018-09-13,2.722832e-05,0.03312154,0.94701475,0.9801363,0.9801363,0.000321402,0.017927688,0.001370756
2018-09-14,1.0802096e-05,0.059038468,0.9279222,0.98696065,0.98696065,0.00033214266,0.018224781,0.00082842284
2018-09-17,2.8957593e-05,0.031641684,0.94790626,0.9795479,0.9795479,0.00033750653,0.018371351,0.001415875
2018-09-18,1.3031832e-05,0.05326765,0.9327726,0.98604023,0.98604023,0.00035807968,0.018922994,0.000933528
2018-09-19,1.1070855e-05,0.06622372,0.9203881,0.98661184,0.98661184,0.00043933213,0.02096025,0.00082691404
2018-09-20,2.580195e-05,0.034985196,0.9460356,0.9810208,0.9810208,0.0004200489,0.020495094,0.0013594863
2018-09-21,1.0054818e-05,0.06487731,0.92287236,0.9877497,0.9877497,0.00044220992,0.021028787,0.00082078105
2018-09-24,1.6749731e-05,0.045302972,0.939485,0.984788,0.984788,0.0004181772,0.020449381,0.0011010867
2018-09-25,3.9704224e-05,0.028150816,0.9475383,0.9756891,0.9756891,0.00042863982,0.02070362,0.0016331869
2018-09-26,2.4715771e-05,0.036144685,0.9452965,0.9814412,0.9814412,0.00045184547,0.021256657,0.0013317548
2018-09-27,1.2560034e-05,0.054922327,0.9315505,0.98647285,0.98647285,0.0004659922,0.021586852,0.0009285052
2018-09-28,3.0982967e-05,0.031042071,0.94840825,0.97945035,0.97945035,0.00045420582,0.021312105,0.0015077123
2018-10-01,5.147875e-05,0.022230657,0.95001906,0.97224975,0.97224975,0.0004693346,0.021664131,0.0018550731
2018-10-02,5.7432673e-05,0.024058431,0.9451752,0.96923363,0.96923363,0.0005152802,0.022699784,0.0018667355
2018-10-03,2.1349671e-05,0.04375952,0.9387395,0.982499,0.982499,0.0005574233,0.023609813,0.0012199117
2018-10-04,4.765232e-05,0.02356041,0.9503805,0.9739409,0.9739409,0.0005625146,0.02371739,0.0018286256
2018-10-05,1.2105274e-05,0.0582115,0.92841864,0.98663014,0.98663014,0.0005917957,0.024326852,0.00090541533
2018-10-08,3.3219054e-05,0.029539837,0.94924664,0.97878647,0.97878647,0.00056420686,0.02375304,0.001565937
2018-10-09,1.5649557e-05,0.05229125,0.9329306,0.98522186,0.98522186,0.0006134915,0.02476876,0.0010589669
2018-10-10,3.388104e-05,0.029957617,0.9483312,0.97828877,0.97828877,0.00058799505,0.02424861,0.0015605306
2018-10-11,1.3495031e-05,0.052115284,0.93406177,0.986177,0.986177,0.0005924691,0.02434069,0.00097627565
2018-10-12,1.0816781e-05,0.05906083,0.92832977,0.9873906,0.9873906,0.00058542314,0.024195518,0.0008578332
2018-10-15,3.1318537e-05,0.030680882,0.94875103,0.9794319,0.9794319,0.000575397,0.023987435,0.0015226773
2018-10-16,2.1331029e-05,0.03963652,0.9435743,0.9832108,0.9832108,0.0005971898,0.024437467,0.001270521
2018-10-17,2.551283e-05,0.03581744,0.94529164,0.9811091,0.9811091,0.00058484456,0.02418356,0.0013505343
2018-10-18,9.618312e-06,0.06609764,0.9219118,0.9880094,0.9880094,0.0006005796,0.024506725,0.0008021539
2018-10-19,1.2027288e-05,0.05614616,0.93086404,0.9870102,0.9870102,0.0006549313,0.025591625,0.0009259011
2018-10-22,1.5304524e-05,0.04887748,0.9367258,0.9856033,0.9856033,0.00063666166,0.025232155,0.0010630558
2018-10-23,2.2653141e-05,0.040583175,0.9414778,0.98206097,0.98206097,0.0006710901,0.025905406,0.001262785
2018-10-24,9.517501e-06,0.07475707,0.9127846,0.9875416,0.9875417,0.0006769086,0.026017467,0.0007639435
2018-10-25,2.7383812e-05,0.033924475,0.94667923,0.9806037,0.9806037,0.00064250315,0.025347646,0.0014118056
2018-10-26,2.656956e-05,0.034927364,0.94589883,0.9808262,0.9808262,0.0006401246,0.025300683,0.0013857221
2018-10-29,2.8886487e-05,0.032738905,0.9472318,0.97997075,0.97997075,0.00063297735,0.02515904,0.0014422153
2018-10-30,1.3183056e-05,0.052735113,0.9335892,0.9863243,0.9863243,0.00062846416,0.025069188,0.00096397736
2018-10-31,1.47858345e-05,0.049056727,0.9364191,0.98547584,0.98547584,0.00059994706,0.024493817,0.0010180164
2018-11-01,1.2148338e-05,0.055587742,0.9311974,0.9867852,0.9867852,0.00060290075,0.024554037,0.00091929606
2018-11-02,1.041419e-05,0.060348522,0.92721176,0.9875603,0.9875603,0.00057643437,0.024009047,0.00083717186
2018-11-05,1.35173295e-05,0.05181038,0.93435216,0.98616254,0.98616254,0.00055779226,0.023617625,0.0009768652
2018-11-06,1.0249455e-05,0.08344278,0.9032395,0.98668224,0.9866823,0.0008904855,0.029841004,0.00076960784
2018-11-07,9.59294e-06,0.06767868,0.9203312,0.98800987,0.98800987,0.0008154063,0.02855532,0.0008000697
2018-11-08,9.630421e-06,0.065432005,0.92271733,0.98814934,0.98814934,0.00076003966,0.027568817,0.00081264885
2018-11-09,9.473568e-06,0.067339994,0.92072845,0.98806846,0.98806846,0.0007115919,0.02667568,0.0007939938
2018-11-12,1.0967164e-05,0.07017381,0.9168822,0.987056,0.987056,0.0008242812,0.028710298,0.0008472789
2018-11-13,1.1086072e-05,0.059928246,0.9276459,0.98757416,0.98757416,0.00079098553,0.028124465,0.00089217885
2018-11-14,9.987921e-06,0.09041467,0.8958827,0.9862974,0.98629737,0.0011245424,0.0335342,0.0007289085
2018-11-15,1.1003217e-05,0.1745336,0.8036276,0.9781612,0.9781612,0.0034870452,0.05905121,0.00050383835
2018-11-16,1.3256026e-05,0.21048853,0.7590052,0.9694937,0.96949375,0.008489504,0.09213851,0.00043453387
2018-11-19,8.80643e-06,0.16858073,0.8127582,0.9813389,0.9813389,0.007129683,0.08443745,0.00047191422
2018-11-20,9.2357095e-06,0.18866979,0.79025406,0.97892386,0.97892386,0.007347022,0.08571477,0.00043820683
2018-11-21,9.538772e-06,0.15711792,0.8242504,0.9813683,0.9813683,0.0060902904,0.07804031,0.0005119648
2018-11-23,9.350067e-06,0.118365325,0.8653464,0.9837117,0.9837117,0.0050688875,0.07119612,0.00057403644
2018-11-26,1.9874213e-05,0.059829257,0.92039907,0.9802283,0.9802283,0.004520325,0.06723336,0.0010051851
2018-11-27,1.7221111e-05,0.066966385,0.91293776,0.9799042,0.9799042,0.0041918033,0.06474414,0.0008569497
2018-11-28,7.794467e-05,0.018184481,0.9418603,0.9600448,0.9600448,0.0038448952,0.06200722,0.0019508017
2018-11-29,1.6309892e-05,0.08501421,0.8951203,0.98013455,0.98013455,0.0038855947,0.062334538,0.0008210179
2018-11-30,1.51326885e-05,0.07208723,0.9089107,0.9809979,0.9809979,0.0035123485,0.05926507,0.0007963701
2018-12-03,6.286699e-05,0.019454315,0.94787085,0.96732515,0.96732515,0.0032112177,0.056667607,0.0019240177
2018-12-04,8.134465e-05,0.021428889,0.9356253,0.9570542,0.9570542,0.0031786298,0.056379337,0.0018941235
2018-12-06,2.6820944e-05,0.05523934,0.9199102,0.9751495,0.9751495,0.0030710169,0.055416755,0.0010792925
2018-12-07,0.00010607274,0.01789501,0.9323223,0.9502173,0.9502173,0.002899612,0.053848047,0.0021307152
2018-12-10,3.1683256e-05,0.050074875,0.92236954,0.9724444,0.9724444,0.0028335992,0.053231563,0.0011497943
2018-12-11,9.934578e-05,0.013830563,0.94116956,0.9550001,0.9550001,0.0026535473,0.051512595,0.002207689
2018-12-12,8.304093e-05,0.021369157,0.9352734,0.95664257,0.95664257,0.0026097572,0.05108578,0.0019152641
2018-12-13,0.00011356971,0.021543004,0.9218649,0.94340795,0.94340795,0.0026093903,0.05108219,0.002006814
2018-12-14,7.703221e-05,0.035670266,0.91396993,0.9496402,0.9496402,0.0025192322,0.050191954,0.0015296374
2018-12-17,0.00022902191,0.019069668,0.879126,0.8981957,0.8981957,0.002577707,0.050771125,0.0022496288
2018-12-18,0.00012619686,0.053592067,0.865883,0.9194751,0.9194751,0.0026207124,0.051192895,0.0015671777
2018-12-19,1.08929935e-05,0.14805019,0.8327128,0.980763,0.980763,0.0027774205,0.05270124,0.00056625274
2018-12-20,1.8778184e-05,0.10408042,0.86830413,0.9723846,0.9723846,0.0024517432,0.04951508,0.0006799889
2018-12-21,3.0975905e-05,0.09001899,0.8777609,0.9677799,0.9677799,0.002305366,0.048014227,0.00096138375
2018-12-24,9.466487e-06,0.1390974,0.84354025,0.98263764,0.98263764,0.0024141888,0.049134396,0.0005452306
2018-12-26,3.411265e-05,0.11127219,0.84986883,0.96114105,0.96114105,0.0033200416,0.057619803,0.00087785826
2018-12-27,2.1517388e-05,0.11754682,0.84719306,0.96473986,0.96473986,0.002909032,0.053935442,0.0006102468
2018-12-28,9.566551e-06,0.13606715,0.84664553,0.9827127,0.9827127,0.0025766464,0.05076068,0.00055338565
2018-12-31,1.10306455e-05,0.16549629,0.811477,0.9769733,0.9769733,0.0034844498,0.05902923,0.0004790371
2019-01-02,1.2990018e-05,0.20017329,0.7692343,0.96940756,0.96940756,0.0050737816,0.07123048,0.00042461528
2019-01-03,1.07089745e-05,0.15864949,0.818766,0.9774155,0.9774155,0.0039238865,0.062640935,0.0004741737
2019-01-04,1.3151369e-05,0.16026808,0.8122656,0.97253364,0.97253364,0.0032262504,0.05680009,0.00047881738
2019-01-07,1.1958786e-05,0.14580797,0.83076,0.976568,0.976568,0.0028111194,0.05301999,0.00051036093
2019-01-08,1.774852e-05,0.10914562,0.86372864,0.9728743,0.9728743,0.0025080126,0.05008006,0.00065430603
2019-01-09,2.0169138e-05,0.09694058,0.8743151,0.97125566,0.97125566,0.0021909554,0.046807643,0.0007016734
2019-01-10,1.6214264e-05,0.10038556,0.8749094,0.97529495,0.97529495,0.0019391512,0.044035796,0.00065631367
2019-01-11,3.4075936e-05,0.06285343,0.90476644,0.9676199,0.9676199,0.0017151411,0.04141426,0.0010523726
2019-01-14,3.7828155e-05,0.052701578,0.9175776,0.9702792,0.9702792,0.0017024202,0.041260395,0.0012727845
2019-01-15,9.846461e-06,0.15478812,0.82652813,0.98131627,0.98131627,0.0027474104,0.052415747,0.00052700716
2019-01-16,9.78258e-06,0.10175218,0.8824843,0.9842365,0.9842365,0.0023787685,0.048772622,0.0006205834
2019-01-17,1.0766549e-05,0.10315255,0.8799706,0.9831232,0.9831232,0.0022251452,0.047171444,0.00063794904
2019-01-18,8.7636045e-06,0.10677033,0.87883115,0.9856015,0.9856015,0.0019767073,0.044460177,0.0006086464
2019-01-22,1.0204732e-05,0.10028205,0.8837248,0.9840069,0.9840069,0.0017896136,0.042303827,0.00063807017
2019-01-23,1.2901936e-05,0.16150242,0.8136053,0.9751077,0.9751077,0.0034341125,0.0586013,0.00051831093
2019-01-24,2.1805392e-05,0.08537363,0.88768935,0.973063,0.973063,0.0028697709,0.05357024,0.0008094957
2019-01-25,1.00540965e-05,0.12335779,0.8586041,0.98196185,0.98196185,0.0027015468,0.051976405,0.00055737945
2019-01-28,1.1414511e-05,0.10435449,0.87729394,0.98164845,0.98164845,0.0024090647,0.049082223,0.0006219915
2019-01-29,1.35565815e-05,0.13080958,0.84598374,0.97679335,0.9767933,0.002924738,0.054080848,0.00058416795
2019-01-30,1.2420881e-05,0.12576291,0.8515309,0.97729385,0.97729385,0.0025117288,0.05011715,0.00054702716
2019-01-31,1.2968103e-05,0.11435264,0.86388224,0.9782349,0.9782349,0.0022871774,0.047824442,0.0005958206
2019-02-01,1.6618433e-05,0.08305719,0.8957106,0.97876775,0.97876775,0.0020109413,0.04484352,0.00078269775
2019-02-04,9.364872e-06,0.14987306,0.8304926,0.9803657,0.9803657,0.0018859444,0.04342746,0.00047696475
2019-02-05,2.7767397e-05,0.070627674,0.90016925,0.97079694,0.97079694,0.0016867835,0.04107047,0.00095083873
2019-02-06,3.9679657e-05,0.05385158,0.91382194,0.96767354,0.96767354,0.0015462227,0.039322037,0.0012274669
2019-02-07,1.7892444e-05,0.07659496,0.90171283,0.9783078,0.9783078,0.0014526541,0.0381137,0.0008248324
2019-02-08,5.2694224e-05,0.046537817,0.91648513,0.96302295,0.96302295,0.001465379,0.03828027,0.0014250521
2019-02-11,1.9742636e-05,0.08242773,0.8933712,0.97579896,0.97579896,0.0014031654,0.03745885,0.0008157765
2019-02-12,3.730548e-05,0.043887194,0.9288807,0.9727679,0.9727679,0.0013161047,0.03627816,0.0013699078
2019-02-13,2.0928524e-05,0.069752485,0.90743005,0.9771825,0.9771825,0.0012731999,0.035681926,0.000917214
2019-02-14,1.5599668e-05,0.10222399,0.87526655,0.97749054,0.97749054,0.0013036967,0.03610674,0.00069302734
2019-02-15,1.4441858e-05,0.097075194,0.88219786,0.979273,0.9792731,0.001156715,0.03401051,0.0006967662
2019-02-19,1.0675148e-05,0.113095134,0.8690884,0.9821835,0.9821836,0.0010745603,0.032780487,0.00059917255
2019-02-20,1.3228187e-05,0.08656812,0.8962046,0.9827727,0.9827727,0.0009673767,0.03110268,0.0007678622
2019-02-21,1.4691053e-05,0.08509123,0.89570016,0.9807914,0.9807914,0.00088818884,0.029802497,0.00076481607
2019-02-22,1.0148584e-05,0.08422903,0.9018401,0.98606914,0.98606914,0.00085558265,0.029250344,0.00072849676
2019-02-25,3.0813168e-05,0.03970504,0.9380407,0.9777457,0.9777457,0.00078660506,0.02804648,0.0013845946
2019-02-26,1.0000306e-05,0.07633997,0.91098213,0.9873221,0.9873221,0.0008423424,0.029023135,0.0007887978
2019-02-27,8.481339e-06,0.092522494,0.89421886,0.98674136,0.98674136,0.00078097614,0.02794595,0.00063968415
2019-02-28,9.071255e-06,0.08295912,0.90409666,0.9870558,0.9870558,0.0007424014,0.027247043,0.0007007957
2019-03-01,9.46259e-06,0.07202022,0.9157233,0.98774356,0.98774356,0.00068221707,0.026119286,0.00077205023
2019-03-04,8.703295e-06,0.096489765,0.88981706,0.98630685,0.98630685,0.000654468,0.025582572,0.0006355946
2019-03-05,9.951575e-06,0.06924078,0.91814625,0.98738706,0.98738706,0.00059108366,0.024312213,0.0007889973
2019-03-06,8.937921e-06,0.07539321,0.9123175,0.9877107,0.9877107,0.0005590501,0.02364424,0.0007272938
2019-03-07,9.130126e-06,0.07193746,0.9159382,0.98787564,0.98787564,0.0005355192,0.023141287,0.0007530399
2019-03-08,9.331069e-06,0.06948114,0.91850334,0.9879845,0.9879845,0.0005054172,0.022481484,0.0007765846
2019-03-11,9.248595e-06,0.06841778,0.91966045,0.98807824,0.98807824,0.00047355986,0.02176143,0.00077577407
2019-03-12,9.015887e-06,0.07310239,0.9147141,0.9878165,0.9878165,0.000518339,0.02276706,0.0007400088
2019-03-13,8.944816e-06,0.07326924,0.91457623,0.9878455,0.9878455,0.0004846451,0.022014657,0.0007359251
2019-03-14,8.894642e-06,0.07497494,0.9127529,0.9877279,0.9877279,0.00046467566,0.021556336,0.00072478445
2019-03-15,9.31134e-06,0.06896121,0.9190646,0.9880258,0.9880258,0.00044482056,0.02109077,0.0007776159
2019-03-18,9.145111e-06,0.0709602,0.9170009,0.9879611,0.9879611,0.0004486397,0.021181116,0.000759631
2019-03-19,9.155852e-06,0.0706985,0.9172935,0.987992,0.987992,0.00044806712,0.021167597,0.0007624786
2019-03-20,8.777742e-06,0.07312934,0.91488016,0.9880095,0.9880095,0.00042538389,0.020624837,0.0007320588
2019-03-21,9.075553e-06,0.07082072,0.9171808,0.98800147,0.98800147,0.00042369525,0.020583859,0.0007563885
2019-03-22,9.301486e-06,0.06801374,0.9200935,0.9881072,0.9881072,0.00039770294,0.01994249,0.00078211096
2019-03-25,9.26636e-06,0.07144209,0.9164719,0.98791397,0.98791397,0.00041503785,0.020372478,0.00076669984
2019-03-26,9.201058e-06,0.069205545,0.9187943,0.9879998,0.9879998,0.00038969898,0.019740796,0.0007667418
2019-03-27,9.981554e-06,0.06710185,0.92015535,0.9872572,0.9872572,0.00036916428,0.019213649,0.0007833083
2019-03-28,9.007928e-06,0.06815852,0.9200307,0.9881892,0.9881892,0.00035597952,0.01886742,0.000762687
2019-03-29,9.3232275e-06,0.06667852,0.9213696,0.98804814,0.98804814,0.00033652183,0.01834453,0.0007800647
2019-04-01,9.57474e-06,0.06596795,0.92188215,0.98785007,0.98785007,0.00034196526,0.018492302,0.000788049
2019-04-02,1.02600125e-05,0.06338485,0.92419696,0.9875818,0.9875818,0.00034465833,0.018564977,0.000826207
2019-04-03,8.943063e-06,0.072100066,0.91570836,0.9878084,0.9878084,0.00033358546,0.018264322,0.0007335434
2019-04-04,9.181971e-06,0.068132125,0.91996247,0.98809457,0.98809457,0.00031482722,0.017743371,0.0007712422
2019-04-05,9.525164e-06,0.06595254,0.92204845,0.988001,0.988001,0.00030958693,0.017595083,0.0007938291
2019-04-08,9.56234e-06,0.06638559,0.9213794,0.98776495,0.98776495,0.00029932807,0.0173011,0.0007815533
2019-04-09,9.469292e-06,0.06662081,0.9214046,0.9880254,0.9880254,0.00030362295,0.017424779,0.00079078326
2019-04-10,9.127772e-06,0.06797478,0.92018646,0.98816127,0.98816127,0.00028987863,0.017025823,0.0007710091
2019-04-11,8.445255e-06,0.0742988,0.91362363,0.98792243,0.98792243,0.00027589276,0.016610019,0.0006992512
2019-04-12,9.082874e-06,0.067794,0.9204139,0.98820794,0.98820794,0.00027348657,0.01653743,0.0007702532
2019-04-15,1.0096518e-05,0.06283009,0.92486995,0.98770005,0.98770005,0.00026091767,0.016152946,0.0008208581
2019-04-16,9.367528e-06,0.066687115,0.9212041,0.9878912,0.9878912,0.00029540836,0.017187448,0.00077361305
2019-04-17,1.03736975e-05,0.06327723,0.9237316,0.98700887,0.98700887,0.00028455356,0.016868716,0.00079852156
2019-04-18,9.183257e-06,0.070346735,0.91744787,0.9877946,0.9877946,0.0003022306,0.01738478,0.00075239164
2019-04-22,8.973842e-06,0.070124805,0.9177382,0.987863,0.987863,0.00029433687,0.017156249,0.0007393792
2019-04-23,9.1635275e-06,0.076320104,0.91074866,0.9870688,0.9870688,0.0002923912,0.01709945,0.00070863555
2019-04-24,1.1039213e-05,0.06558373,0.9207956,0.9863793,0.9863793,0.00033322655,0.018254494,0.00081047474
2019-04-25,1.1251266e-05,0.060174596,0.92662,0.9867946,0.9867946,0.00031848415,0.017846124,0.0008520195
2019-04-26,9.308569e-06,0.06867303,0.9193204,0.9879934,0.9879934,0.0003331735,0.018253041,0.0007752889
2019-04-29,8.798902e-06,0.07385974,0.9140942,0.98795396,0.98795396,0.00034496837,0.018573325,0.00073043944
2019-04-30,9.547629e-06,0.06604787,0.92208886,0.9881367,0.9881367,0.00033254648,0.018235857,0.0008048044
2019-05-01,8.872699e-06,0.0697376,0.91839015,0.98812777,0.98812777,0.00031920316,0.017866258,0.0007473489
2019-05-02,9.137134e-06,0.068193115,0.9199925,0.98818564,0.98818564,0.00032345802,0.017984938,0.0007733925
2019-05-03,8.96711e-06,0.06799818,0.9202347,0.98823285,0.98823285,0.00031604554,0.01777767,0.00076204614
2019-05-06,9.3710505e-06,0.06595247,0.92224085,0.98819333,0.98819333,0.000304519,0.017450472,0.0007937084
2019-05-07,9.386801e-06,0.06624758,0.9218714,0.988119,0.988119,0.0003085756,0.01756632,0.0007900687
2019-05-08,8.94596e-06,0.06822289,0.91998446,0.98820734,0.98820734,0.00029574533,0.017197248,0.0007586041
2019-05-09,9.032335e-06,0.06921553,0.91891223,0.98812777,0.98812777,0.00033672908,0.018350178,0.000760795
2019-05-10,9.246779e-06,0.0667901,0.9214181,0.9882082,0.9882082,0.00032059467,0.017905157,0.0007841686
2019-05-13,9.2535765e-06,0.067090265,0.92110395,0.9881942,0.9881942,0.00031056523,0.01762286,0.00078381796
2019-05-14,9.1496895e-06,0.06700959,0.9212147,0.98822427,0.98822427,0.0002953795,0.017186608,0.0007769954
2019-05-15,9.149804e-06,0.06793161,0.92022324,0.9881548,0.9881548,0.00029554171,0.017191326,0.0007724501
2019-05-16,8.958651e-06,0.06866182,0.91950166,0.9881635,0.9881635,0.0003135404,0.017707072,0.0007568647
2019-05-17,8.907904e-06,0.06934832,0.9187697,0.98811805,0.98811805,0.000312117,0.017666833,0.00074970064
2019-05-20,9.329019e-06,0.065729834,0.9224942,0.988224,0.988224,0.00029622694,0.017211245,0.00079220807
2019-05-21,9.256116e-06,0.06666572,0.9215588,0.9882245,0.9882245,0.00029951506,0.017306503,0.00078604906
2019-05-22,9.05996e-06,0.068329155,0.91985446,0.9881836,0.9881836,0.00031901582,0.017861014,0.0007667287
2019-05-23,8.833967e-06,0.06908202,0.9191477,0.9882297,0.9882297,0.00035212998,0.018765127,0.00075052975
2019-05-24,8.42575e-06,0.07318518,0.91495246,0.98813766,0.98813766,0.0003457937,0.01859553,0.00071029423
2019-05-28,9.078898e-06,0.06852509,0.9196205,0.9881456,0.9881456,0.00032941747,0.018149862,0.0007658667
2019-05-29,8.99489e-06,0.06925036,0.9188778,0.9881281,0.9881281,0.00031446156,0.017733064,0.00075766386
2019-05-30,8.848446e-06,0.06971977,0.9184917,0.9882115,0.9882115,0.00032500122,0.01802779,0.0007506006
2019-05-31,8.481474e-06,0.07381052,0.91429245,0.988103,0.988103,0.00038329177,0.019577838,0.00071290694
2019-06-03,8.42087e-06,0.080724746,0.90694857,0.9876733,0.9876733,0.00045991855,0.021445712,0.00068313966
2019-06-04,8.864491e-06,0.06943222,0.91875607,0.98818827,0.98818827,0.00046045234,0.021458153,0.0007504818
2019-06-05,8.551286e-06,0.07306334,0.9150061,0.9880694,0.9880694,0.00043408625,0.020834737,0.00071675325
2019-06-06,8.519839e-06,0.07633636,0.91155547,0.98789185,0.98789185,0.00042363175,0.020582316,0.0007036452
2019-06-07,8.638932e-06,0.07131459,0.91671795,0.9880325,0.9880325,0.0004342411,0.020838453,0.00072186725
2019-06-10,8.356891e-06,0.07535362,0.9125878,0.98794144,0.98794144,0.00040910157,0.020226259,0.0006930259
2019-06-11,8.596736e-06,0.07266298,0.9154407,0.9881037,0.9881036,0.00038743787,0.019683441,0.00072263874
2019-06-12,8.435801e-06,0.07529521,0.9126811,0.9879763,0.9879763,0.00038647273,0.01965891,0.0007015985
2019-06-13,8.342029e-06,0.07390289,0.9142161,0.988119,0.988119,0.00036321982,0.019058326,0.00070213224
2019-06-14,8.4222165e-06,0.07271926,0.91531086,0.98803014,0.98803014,0.0003891859,0.019727794,0.0007036184
2019-06-17,8.960874e-06,0.07007065,0.91804,0.9881106,0.9881106,0.00041580544,0.020391308,0.00075368606
2019-06-18,8.835071e-06,0.06951447,0.9186793,0.98819375,0.98819375,0.00039069008,0.019765882,0.00074833847
2019-06-19,8.8886445e-06,0.07096836,0.9167286,0.987697,0.987697,0.00040914924,0.020227438,0.00072247814
2019-06-20,8.727465e-06,0.07548514,0.9123504,0.9878355,0.9878355,0.0004195257,0.020482326,0.0007174552
2019-06-21,1.3971461e-05,0.06380067,0.91984516,0.98364586,0.98364586,0.00051589444,0.02271331,0.0008543071
2019-06-24,8.739422e-06,0.082286835,0.90493566,0.9872225,0.9872225,0.0004885426,0.022103,0.00068396924
2019-06-25,1.0239043e-05,0.07597755,0.9112454,0.98722297,0.98722297,0.00067630666,0.026005896,0.00080136326
2019-06-26,9.198286e-06,0.07282334,0.9150057,0.987829,0.987829,0.0006269489,0.025038948,0.00075575616
2019-06-27,8.1259095e-06,0.085839756,0.90148455,0.9873243,0.9873243,0.00058662164,0.024220273,0.00064106187
2019-06-28,9.48554e-06,0.067977,0.9200861,0.9880631,0.9880631,0.0005550226,0.023558918,0.00079464
2019-07-01,9.270118e-06,0.06792606,0.9202361,0.98816216,0.98816216,0.0005232078,0.022873737,0.00078309205
2019-07-02,1.1831349e-05,0.057740983,0.9290574,0.9867984,0.9867984,0.00051206874,0.022628935,0.00089620607
2019-07-03,8.71154e-06,0.07420702,0.91370195,0.98790896,0.98790896,0.00049557904,0.022261605,0.00072049553
2019-07-05,9.193499e-06,0.06882114,0.91918993,0.98801106,0.98801106,0.0004983658,0.022324108,0.0007668318
2019-07-08,9.780955e-06,0.07802329,0.909324,0.9873473,0.9873473,0.00067241536,0.025930973,0.00077303336
2019-07-09,9.722747e-06,0.06573356,0.9224427,0.9881762,0.9881762,0.0006240489,0.02498097,0.00082230486
2019-07-10,9.278502e-06,0.06829276,0.9198356,0.98812836,0.98812836,0.0005910813,0.024312163,0.000781569
2019-07-11,8.49845e-06,0.07764593,0.91007745,0.9877234,0.98772335,0.00055735843,0.02360844,0.00069224846
2019-07-12,9.528943e-06,0.06692439,0.9211911,0.9881155,0.9881155,0.0005256819,0.022927754,0.00080179516
2019-07-15,9.798345e-06,0.06433694,0.92384726,0.9881842,0.9881842,0.00050966366,0.022575732,0.0008292588
2019-07-16,9.558215e-06,0.065279864,0.92291003,0.9881899,0.9881899,0.00050221727,0.022410205,0.0008093239
2019-07-17,9.297783e-06,0.073909506,0.91382825,0.9877378,0.9877378,0.0005941895,0.024376003,0.000758246
2019-07-18,9.5680825e-06,0.06595887,0.9222119,0.98817074,0.98817074,0.0005523173,0.023501432,0.000808849
2019-07-19,9.251654e-06,0.06781978,0.920347,0.98816675,0.98816675,0.00052234076,0.022854775,0.00078183535
2019-07-22,1.3503859e-05,0.052691486,0.9331076,0.9857991,0.9857991,0.00050661893,0.022508197,0.000950914
2019-07-23,9.516339e-06,0.066948876,0.9211936,0.9881425,0.9881425,0.0005244881,0.022901705,0.000802558
2019-07-24,9.1070915e-06,0.06833927,0.9197418,0.9880811,0.9880811,0.0004943437,0.022233842,0.0007640881
2019-07-25,9.237382e-06,0.070863746,0.91709626,0.98796,0.98796,0.00054843083,0.0234186,0.0007672232
2019-07-26,1.000885e-05,0.06463943,0.9230478,0.98768723,0.98768723,0.0005207116,0.022819106,0.0008128837
2019-07-29,1.6746655e-05,0.047991212,0.93638027,0.9843715,0.9843715,0.00056444365,0.023758022,0.0010715447
2019-07-30,1.4700877e-05,0.051359344,0.9337887,0.9851481,0.9851481,0.0005531276,0.023518665,0.0009898295
2019-07-31,1.5770032e-05,0.05471154,0.9288477,0.9835592,0.9835592,0.0005313474,0.023050975,0.00095920055
2019-08-01,9.755717e-06,0.07541323,0.9120508,0.987464,0.987464,0.00061595096,0.024818359,0.00077821675
2019-08-02,8.742932e-06,0.08482187,0.90234286,0.98716474,0.98716474,0.00058584183,0.02420417,0.0006811649
2019-08-05,2.3926255e-05,0.04280184,0.937348,0.98014987,0.98014987,0.00065520953,0.02559706,0.0012053447
2019-08-06,9.997156e-06,0.08073743,0.9059578,0.98669523,0.98669523,0.00066301366,0.025749052,0.00075139635
2019-08-07,1.0049957e-05,0.07681197,0.91030395,0.9871159,0.9871159,0.00064237346,0.025345087,0.0007800291
2019-08-08,9.100855e-06,0.08285372,0.90435743,0.98721117,0.98721117,0.00060808077,0.024659293,0.0007116252
2019-08-09,1.0463864e-05,0.0677259,0.9191069,0.9868328,0.9868328,0.000597606,0.02444598,0.0007946915
2019-08-12,1.7384324e-05,0.048168108,0.9355584,0.9837265,0.9837265,0.00056082883,0.023681825,0.0010682597
2019-08-13,1.2603698e-05,0.057663493,0.9285744,0.9862379,0.9862379,0.00054405944,0.023325082,0.0009158256
2019-08-14,1.1745206e-05,0.071480244,0.9134928,0.9849731,0.9849731,0.0005407814,0.023254707,0.00078161067
2019-08-15,1.1600592e-05,0.062150992,0.92410207,0.9862531,0.9862531,0.0005059418,0.02249315,0.00084386865
2019-08-16,1.0027203e-05,0.06863548,0.9190898,0.98772526,0.98772526,0.00058309635,0.024147388,0.0008168972
2019-08-19,1.2629226e-05,0.05515373,0.9314358,0.98658955,0.98658955,0.0005598524,0.0236612,0.00094174524
2019-08-20,2.1725462e-05,0.039472386,0.94332707,0.9827995,0.9827995,0.0005353356,0.023137322,0.0012630693
2019-08-21,1.3499404e-05,0.053519662,0.9323837,0.9859034,0.9859034,0.00052729785,0.022962967,0.0009576343
2019-08-22,9.9296285e-06,0.06597385,0.92181957,0.9877934,0.98779345,0.0005302816,0.023027845,0.00081346295
2019-08-23,2.2974205e-05,0.037007876,0.945076,0.98208386,0.98208386,0.0005003222,0.022367883,0.0012823187
2019-08-26,1.3264685e-05,0.052773833,0.9331906,0.9859644,0.9859644,0.0004961591,0.022274628,0.0009450755
2019-08-27,1.0504066e-05,0.06283177,0.9248055,0.9876373,0.9876373,0.00054395053,0.023322748,0.00084965664
2019-08-28,1.6890257e-05,0.04631542,0.93796563,0.98428106,0.98428106,0.0005232597,0.02287487,0.0010745164
2019-08-29,9.57245e-06,0.06739831,0.92050266,0.987901,0.987901,0.00053054595,0.023033584,0.0007911751
2019-08-30,1.3342925e-05,0.053416397,0.932959,0.9863754,0.9863754,0.0005249007,0.02291071,0.0009793254
2019-09-03,9.23276e-06,0.067218736,0.92084265,0.98806137,0.98806137,0.00050418224,0.022454003,0.00077335164
2019-09-04,9.053651e-06,0.07078721,0.91718745,0.98797464,0.98797464,0.0005408559,0.02325631,0.0007528801
2019-09-05,8.6951395e-06,0.07461686,0.91318786,0.9878047,0.9878047,0.0005991025,0.024476571,0.0007129917
2019-09-06,9.694323e-06,0.0647837,0.92339885,0.98818254,0.98818254,0.0005569188,0.023599127,0.0008203393
2019-09-09,1.0243227e-05,0.06285677,0.92516804,0.98802483,0.98802483,0.00056427653,0.023754505,0.00085537223
2019-09-10,1.2301083e-05,0.056431565,0.93071735,0.98714894,0.98714894,0.0006103622,0.02470551,0.0009572038
2019-09-11,9.681766e-06,0.06480657,0.92335,0.98815656,0.98815656,0.0005805447,0.024094496,0.000817479
2019-09-12,9.555695e-06,0.064767085,0.92344844,0.9882155,0.9882155,0.00055315567,0.02351926,0.0008108702
2019-09-13,9.6691965e-06,0.064587414,0.9236287,0.9882161,0.9882161,0.0005253703,0.022920957,0.00082054315
2019-09-16,9.765338e-06,0.06426298,0.9239354,0.9881984,0.9881984,0.00051068794,0.022598406,0.0008274588
2019-09-17,1.9250978e-05,0.06695477,0.9084946,0.9754494,0.9754494,0.0005234417,0.022878848,0.0007841342
2019-09-18,9.553661e-06,0.07372141,0.9130764,0.9867978,0.9867978,0.0004962456,0.02227657,0.00072364206
2019-09-19,1.3062245e-05,0.05252204,0.9340476,0.98656964,0.98656964,0.0004723815,0.02173434,0.00097259105
2019-09-20,1.4634112e-05,0.050321043,0.93534976,0.9856708,0.9856708,0.00053036853,0.023029732,0.0010212794
2019-09-23,2.0067333e-05,0.040411614,0.94313544,0.98354703,0.98354703,0.00051080884,0.022601081,0.0012196786
2019-09-24,4.3473465e-05,0.0241048,0.9507167,0.97482145,0.97482145,0.0005020941,0.022407457,0.0017266071
2019-09-25,3.5687914e-05,0.028535554,0.9484625,0.97699803,0.97699803,0.00052292406,0.022867532,0.0015515157
2019-09-26,3.0166964e-05,0.03050608,0.94900066,0.97950673,0.97950673,0.00053166284,0.023057815,0.0014720425
2019-09-27,3.0830266e-05,0.03155739,0.94746,0.9790174,0.9790174,0.00056183606,0.023703082,0.0014693238
2019-09-30,4.0894152e-05,0.02631856,0.94913465,0.9754532,0.9754532,0.00056613376,0.023793565,0.0016659666
2019-10-01,1.5593534e-05,0.054325484,0.929823,0.98414844,0.98414844,0.00060362107,0.024568701,0.0009837225
2019-10-02,3.255743e-05,0.034327764,0.94312584,0.9774536,0.9774536,0.0005989595,0.024473649,0.0014440183
2019-10-03,2.9519726e-05,0.039154124,0.93902814,0.97818226,0.97818226,0.0006059005,0.024615046,0.0013530146
2019-10-04,1.8109922e-05,0.055614956,0.9274485,0.98306346,0.98306346,0.0006493594,0.025482532,0.001069281
2019-10-07,3.6616955e-05,0.03386673,0.9425021,0.9763688,0.9763688,0.0006259557,0.025019107,0.0015495163
2019-10-08,2.0356414e-05,0.04735319,0.9350144,0.98236763,0.98236763,0.00064130046,0.02532391,0.0011544914
2019-10-09,1.9576191e-05,0.050111987,0.9322316,0.9823436,0.9823436,0.0006218781,0.024937483,0.0011087315
2019-10-10,2.9855986e-05,0.040541094,0.9376893,0.9782304,0.9782304,0.0006274067,0.025048088,0.0013714542
2019-10-11,4.7530044e-05,0.028434947,0.94344324,0.9718782,0.9718782,0.00062014477,0.024902707,0.0016901477
2019-10-14,9.273015e-05,0.01738844,0.93873924,0.9561277,0.9561277,0.00063267414,0.025153015,0.002113638
2019-10-15,1.631862e-05,0.060051512,0.9237477,0.9837992,0.9837992,0.00070186134,0.026492666,0.0010072737
2019-10-16,1.2544626e-05,0.0632307,0.9228137,0.9860444,0.9860444,0.000704492,0.026542267,0.00089889596
2019-10-17,5.362278e-05,0.023380026,0.94761384,0.9709939,0.9709939,0.0006774705,0.026028264,0.0018486711
2019-10-18,4.8910148e-05,0.025044357,0.9475673,0.97261167,0.97261167,0.0006966522,0.02639417,0.0017858022
2019-10-21,2.8939683e-05,0.035374295,0.94408846,0.97946274,0.97946274,0.0007090636,0.026628248,0.0014091309
2019-10-22,3.6991503e-05,0.03461281,0.9413068,0.97591966,0.97591966,0.0007436413,0.027269786,0.0015361706
2019-10-23,4.857891e-05,0.026485564,0.9458888,0.9723744,0.9723744,0.0007450717,0.027296001,0.0017584731
2019-10-24,7.517939e-05,0.01843617,0.94474363,0.9631798,0.9631798,0.00075389375,0.027457125,0.002041799
2019-10-25,6.243195e-05,0.021604713,0.9464113,0.968016,0.968016,0.00079156127,0.028134698,0.0019519762
2019-10-28,8.532517e-05,0.015787203,0.9447695,0.9605567,0.9605567,0.000812552,0.028505297,0.0021632353
2019-10-29,1.2859488e-05,0.068070546,0.91801864,0.98608917,0.98608917,0.0009131991,0.030219184,0.0009244228
2019-10-30,1.1423256e-05,0.07865418,0.9073641,0.98601824,0.98601824,0.0010971371,0.03312306,0.00081701134
2019-10-31,1.3617468e-05,0.05987312,0.92634934,0.98622245,0.98622245,0.0011075186,0.0332794,0.0009883806
2019-11-01,1.2809619e-05,0.060188804,0.92643034,0.9866192,0.9866192,0.001067457,0.032671962,0.00095731154
2019-11-04,1.5779593e-05,0.05698471,0.9275145,0.9844992,0.9844992,0.0010577459,0.032523006,0.0010179868
2019-11-05,1.52999e-05,0.056191843,0.929311,0.98550284,0.98550284,0.0010829685,0.032908488,0.0010553722
2019-11-06,2.1937549e-05,0.04060599,0.9426897,0.9832957,0.9832957,0.0010337501,0.032151986,0.0013132859
2019-11-07,1.4460197e-05,0.051782504,0.93425393,0.9860364,0.9860364,0.0010020444,0.031655084,0.0010355652
2019-11-08,2.1192263e-05,0.040695556,0.9428694,0.983565,0.983565,0.00097091397,0.031159492,0.0012894572
2019-11-11,2.1512067e-05,0.040344164,0.94310534,0.9834495,0.9834495,0.00093826285,0.030631077,0.001299785
2019-11-12,1.545831e-05,0.052362125,0.9330882,0.9854503,0.9854503,0.0010321683,0.032127377,0.0010624507
2019-11-13,1.9671568e-05,0.04441318,0.93918383,0.98359704,0.98359704,0.0009803727,0.031310905,0.0011992694
2019-11-14,3.320295e-05,0.03408805,0.94369036,0.97777843,0.97777843,0.00094315055,0.030710757,0.0014941768
2019-11-15,1.4716847e-05,0.052844983,0.9328934,0.9857384,0.9857384,0.00093443925,0.0305686,0.0010319209
2019-11-18,3.1972373e-05,0.03454587,0.9437536,0.97829944,0.9782995,0.00089927064,0.029987842,0.0014733431
2019-11-19,2.3273506e-05,0.045976933,0.9354613,0.9814382,0.9814382,0.0009545361,0.030895567,0.0012538402
2019-11-20,1.0210813e-05,0.074171245,0.9129502,0.98712146,0.98712146,0.00093817455,0.030629635,0.00079285505
2019-11-21,1.6257514e-05,0.06016096,0.92256784,0.9827288,0.9827288,0.00089503644,0.02991716,0.00094130664
2019-11-22,2.6169646e-05,0.04687788,0.9311696,0.9780475,0.9780475,0.0008426554,0.029028527,0.0011921027
2019-11-25,2.031919e-05,0.04990232,0.93306583,0.98296815,0.98296815,0.00087735365,0.029620156,0.0011930114
2019-11-26,0.000116959054,0.015847722,0.93226844,0.9481162,0.9481162,0.00097070355,0.031156115,0.0022542493
2019-11-27,2.9757004e-05,0.042845473,0.9343548,0.97720027,0.97720027,0.001031189,0.032112133,0.0013051472
2019-11-29,3.516235e-05,0.037127983,0.940155,0.977283,0.977283,0.0010001406,0.031625,0.0015478431
2019-12-02,1.6521213e-05,0.11530581,0.8633665,0.97867227,0.97867227,0.0012888181,0.035900112,0.0007746352
2019-12-03,2.6504613e-05,0.057878807,0.91905963,0.9769384,0.9769384,0.0011802443,0.034354683,0.0011492977
2019-12-04,1.0350583e-05,0.10527931,0.87957484,0.98485416,0.98485416,0.0012400267,0.03521401,0.0006833945
2019-12-05,1.533125e-05,0.07954049,0.9015361,0.9810766,0.9810766,0.0011320111,0.033645373,0.0008101741
2019-12-06,9.9037225e-06,0.10638516,0.87856084,0.984946,0.984946,0.0010469742,0.03235698,0.00065788033
2019-12-09,2.0083604e-05,0.06988824,0.90910107,0.9789893,0.9789893,0.0010904388,0.033021793,0.0009558752
2019-12-10,1.5128678e-05,0.09930527,0.8809085,0.98021376,0.98021376,0.0011496712,0.033906803,0.00076460605
2019-12-11,3.242565e-05,0.06046728,0.9116256,0.9720929,0.9720929,0.0010485933,0.03238199,0.0011619151
2019-12-12,3.173029e-05,0.048947513,0.927307,0.9762545,0.9762545,0.0009933716,0.031517796,0.0013362668
2019-12-13,1.2339609e-05,0.08696122,0.896843,0.9838042,0.9838042,0.0010213614,0.031958748,0.000761903
2019-12-16,4.9597227e-05,0.037185825,0.93043214,0.967618,0.967618,0.00094450783,0.030732846,0.001531629
2019-12-17,7.579738e-05,0.022643566,0.93948585,0.9621294,0.9621294,0.000942706,0.030703519,0.0020014844
2019-12-18,0.00011443313,0.019969009,0.9253314,0.9453004,0.9453004,0.00096338795,0.031038491,0.0020920287
2019-12-19,8.5297885e-05,0.020589521,0.9382094,0.95879894,0.95879894,0.0010098713,0.03177847,0.002070284
2019-12-20,9.8376484e-05,0.0198426,0.93287253,0.95271516,0.95271516,0.0010333908,0.032146394,0.0020805078
2019-12-23,6.099538e-05,0.025938874,0.9418228,0.9677617,0.9677617,0.0010739375,0.032770988,0.0018920157
2019-12-24,0.00012000848,0.017180832,0.9290725,0.94625336,0.94625336,0.0011373083,0.033724003,0.0022328554
2019-12-26,0.0001717936,0.017176801,0.90699285,0.92416966,0.92416966,0.0011828177,0.03439212,0.0022654994
2019-12-27,1.627501e-05,0.07608151,0.9054787,0.98156023,0.98156023,0.0012962864,0.036003977,0.0008826037
2019-12-30,1.4184994e-05,0.09799342,0.882865,0.98085845,0.98085845,0.0014722907,0.03837044,0.00074105756
2019-12-31,2.4285857e-05,0.06009223,0.91819936,0.9782916,0.9782916,0.0013308295,0.036480535,0.0011187294
2020-01-02,1.3804366e-05,0.06853072,0.91608864,0.9846194,0.9846194,0.0012464022,0.03530442,0.00089751685
2020-01-03,1.1200498e-05,0.08437118,0.9007603,0.98513144,0.9851315,0.0012209672,0.03494234,0.0007533009
2020-01-06,2.3175893e-05,0.063360564,0.91300774,0.9763683,0.9763683,0.0011123284,0.03335159,0.0009807124
2020-01-07,2.5453444e-05,0.04559866,0.9342631,0.9798618,0.9798618,0.0010391525,0.032235887,0.0012639381
2020-01-08,2.9308563e-05,0.04260657,0.93557537,0.97818196,0.97818196,0.0010037348,0.031681772,0.0013433178
2020-01-09,9.549846e-06,0.07657483,0.9107207,0.9872955,0.9872955,0.0009722677,0.031181207,0.00075169053
2020-01-10,1.32558935e-05,0.054625377,0.9316816,0.98630697,0.98630697,0.00090570375,0.030094912,0.00096807565
2020-01-13,1.1589706e-05,0.062466104,0.92445767,0.98692375,0.98692375,0.0008722995,0.029534716,0.0008863176
2020-01-14,1.0472104e-05,0.0631455,0.92451954,0.98766506,0.98766506,0.00082296174,0.02868731,0.0008489787
2020-01-15,1.714249e-05,0.04747144,0.93675995,0.9842314,0.9842314,0.00077170937,0.027779657,0.0010871291
2020-01-16,1.1136534e-05,0.06769767,0.91921294,0.9869106,0.9869106,0.0007854006,0.028025,0.0008508044
2020-01-17,2.3600183e-05,0.045077212,0.9360277,0.9811049,0.9811049,0.0007609447,0.027585225,0.0012490115
2020-01-21,2.6485304e-05,0.046857275,0.9324878,0.9793451,0.9793451,0.0007945208,0.028187245,0.001282276
2020-01-22,3.1294367e-05,0.06542895,0.90901977,0.97444874,0.97444874,0.0009102519,0.030170381,0.0012247681
2020-01-23,1.3129446e-05,0.07656669,0.9079383,0.984505,0.984505,0.00086068845,0.029337492,0.0008473343
2020-01-24,1.2615598e-05,0.077500574,0.90744174,0.9849423,0.9849423,0.0008041335,0.028357247,0.000837818
2020-01-27,1.1160536e-05,0.080257736,0.90559095,0.98584867,0.98584867,0.0007649193,0.027657175,0.00078865606
2020-01-28,1.5037613e-05,0.06563179,0.91845405,0.98408586,0.98408586,0.00070583035,0.026567468,0.00094492134
2020-01-29,1.2414496e-05,0.069585845,0.91523314,0.984819,0.984819,0.0006820344,0.026115788,0.00081776513
2020-01-30,9.271142e-06,0.08809719,0.8985287,0.9866259,0.9866259,0.0006980557,0.026420744,0.0006932166
2020-01-31,9.831095e-06,0.08796371,0.8983728,0.9863365,0.9863365,0.00069467863,0.026356757,0.00071951665
2020-02-03,1.00765365e-05,0.08049737,0.90597075,0.98646814,0.98646814,0.00063791405,0.02525696,0.0007446525
2020-02-04,9.379747e-06,0.08498316,0.9018248,0.98680794,0.98680794,0.00059924676,0.024479518,0.0007110147
2020-02-05,1.02128515e-05,0.07294167,0.9140321,0.98697376,0.98697376,0.0006209043,0.02491795,0.00078402157
2020-02-06,8.505243e-06,0.08765625,0.89914274,0.986799,0.986799,0.0005800988,0.02408524,0.0006442879
2020-02-07,9.757757e-06,0.074606866,0.91246784,0.9870747,0.98707473,0.00053014525,0.023024883,0.00075493305
2020-02-10,9.012317e-06,0.08177072,0.905411,0.9871817,0.9871817,0.00049378036,0.022221169,0.00070308335
2020-02-11,9.563478e-06,0.08990133,0.8964442,0.9863455,0.9863455,0.0006652629,0.025792692,0.0007003917
2020-02-12,9.659435e-06,0.08234001,0.90407574,0.98641574,0.98641574,0.0006201769,0.024903351,0.0007110757
2020-02-13,8.341012e-06,0.10348443,0.88248116,0.9859656,0.9859656,0.0006497074,0.025489358,0.00059432664
2020-02-14,9.240532e-06,0.07880786,0.90847754,0.9872854,0.9872854,0.00059123925,0.024315411,0.00072676403
2020-02-18,9.233468e-06,0.0759928,0.9114782,0.98747104,0.98747104,0.0005494093,0.023439482,0.0007369702
2020-02-19,9.829365e-06,0.098300144,0.88742006,0.9857202,0.9857202,0.0009451845,0.030743852,0.00068834133
2020-02-20,8.558627e-06,0.08616969,0.90092707,0.9870967,0.9870968,0.0008652318,0.029414823,0.00066329114
2020-02-21,9.769507e-06,0.07487036,0.9125704,0.98744076,0.98744076,0.0008155528,0.028557885,0.0007778744
2020-02-24,9.8219825e-06,0.070257075,0.9175203,0.98777735,0.98777735,0.0007583857,0.027538804,0.0008035888
2020-02-25,9.7424145e-06,0.086557955,0.9000225,0.9865805,0.9865805,0.0008272443,0.028761854,0.0007259889
2020-02-26,9.364753e-06,0.07051845,0.91737133,0.98788977,0.98788977,0.0007649331,0.027657425,0.00077329256
2020-02-27,9.159776e-06,0.07288278,0.9149459,0.9878287,0.9878287,0.0007248566,0.026923161,0.00075256993
2020-02-28,9.785129e-06,0.08227755,0.90448475,0.9867623,0.9867623,0.00077995635,0.027927699,0.00073918566
2020-03-02,1.0143761e-05,0.09309179,0.8926798,0.9857716,0.9857716,0.00084283866,0.029031685,0.00071292336
2020-03-03,7.930144e-06,0.12683465,0.85780364,0.9846383,0.9846383,0.00092731114,0.030451784,0.00051622745
2020-03-04,9.52446e-06,0.09011264,0.89632803,0.98644066,0.98644066,0.0008823622,0.029704582,0.00070242793
2020-03-05,9.445298e-06,0.08628611,0.9004886,0.98677474,0.98677474,0.0008209425,0.028652094,0.00071418635
2020-03-06,9.951604e-06,0.08110325,0.9058542,0.9869575,0.9869575,0.0008282294,0.028778976,0.00076301297
2020-03-09,8.831218e-06,0.10415153,0.88160837,0.9857599,0.9857599,0.0008687291,0.02947421,0.0006201661
2020-03-10,1.0272549e-05,0.1507473,0.8300745,0.9808218,0.9808218,0.0009444673,0.030732187,0.00053563644
2020-03-11,1.1834679e-05,0.09779257,0.88350385,0.9812964,0.9812964,0.0018921534,0.04349889,0.0006327494
2020-03-12,1.04634255e-05,0.10078618,0.8843411,0.98512733,0.98512733,0.0017728127,0.04210478,0.00070353376
2020-03-13,1.4851707e-05,0.07359922,0.9091563,0.98275554,0.98275554,0.0016173188,0.040215902,0.0008612452
2020-03-16,1.1211783e-05,0.0861361,0.8994,0.9855361,0.9855361,0.0015024777,0.038761806,0.0007751562
2020-03-17,1.0304807e-05,0.100112215,0.8837926,0.9839048,0.9839048,0.0014355412,0.037888538,0.00064024015
2020-03-18,9.875681e-06,0.11961606,0.86446655,0.9840826,0.9840826,0.0015129272,0.038896367,0.00062043226
2020-03-19,1.3678178e-05,0.164655,0.81038666,0.9750416,0.9750416,0.0019876636,0.04458322,0.0005480397
2020-03-20,2.1526477e-05,0.07266204,0.89891684,0.9715789,0.9715789,0.0017816905,0.042210076,0.0007574117
2020-03-23,1.3225454e-05,0.12916644,0.84929425,0.97846067,0.97846067,0.001690668,0.041117735,0.00061401416
2020-03-24,0.0012536522,0.00074996846,0.5326568,0.53340673,0.53340673,0.0014492403,0.038068887,0.00268682
2020-03-25,8.436365e-06,0.16170707,0.8202174,0.9819244,0.9819244,0.002026346,0.045014955,0.00046672704
2020-03-26,8.220845e-06,0.12837109,0.85585463,0.9842257,0.98422575,0.0016728517,0.04090051,0.000521154
2020-03-27,1.5315878e-05,0.07867645,0.90331197,0.98198843,0.98198843,0.0014621158,0.038237624,0.0008503355
2020-03-30,9.775553e-06,0.090399615,0.8953246,0.9857242,0.9857242,0.0013362712,0.036555044,0.0006847644
2020-03-31,1.1586387e-05,0.083082125,0.90251994,0.9856021,0.9856021,0.0013100824,0.03619506,0.0008047265
2020-04-01,3.7968006e-05,0.03296562,0.9424499,0.9754155,0.9754155,0.0012678724,0.035607196,0.0015443898
2020-04-02,2.2503227e-05,0.06215399,0.91749716,0.97965115,0.97965115,0.0012680051,0.03560906,0.0011058723
2020-04-03,1.0747419e-05,0.10328999,0.8767992,0.9800892,0.9800892,0.0012162371,0.034874592,0.00053977803
2020-04-06,1.3813933e-05,0.08244542,0.89918417,0.9816296,0.9816296,0.0012744389,0.035699286,0.0007519673
2020-04-07,1.1098498e-05,0.1133161,0.8706091,0.9839252,0.9839252,0.0015174012,0.038953833,0.0006904294
2020-04-08,1.12404e-05,0.10071789,0.88427275,0.98499066,0.98499066,0.0018526418,0.043042324,0.00074889354
2020-04-09,1.0670103e-05,0.0831885,0.9024598,0.9856483,0.9856483,0.0017931075,0.0423451,0.0007434718
2020-04-13,1.0765527e-05,0.11420869,0.8697434,0.9839521,0.9839521,0.0016952073,0.041172896,0.0006708373
2020-04-14,9.096401e-06,0.0942081,0.8922687,0.98647684,0.98647684,0.0014880172,0.038574826,0.00067265343
2020-04-15,1.1063561e-05,0.124956965,0.85780025,0.9827572,0.9827572,0.0015164348,0.038941428,0.00064163405
2020-04-16,2.7304746e-05,0.053774063,0.923627,0.9774011,0.9774011,0.0014383532,0.037925627,0.0012082323
2020-04-17,1.3483877e-05,0.07983348,0.9038657,0.9836992,0.9836992,0.0015115219,0.038878296,0.0008271913
2020-04-20,1.0899367e-05,0.09238941,0.8930479,0.98543733,0.98543733,0.0015022205,0.03875849,0.00074844586
2020-04-21,1.27955245e-05,0.20292084,0.76806706,0.9709879,0.9709879,0.0021564143,0.046437208,0.0004410412
2020-04-22,0.0019626552,0.00011094251,0.2716436,0.27175456,0.27175456,0.0022787692,0.047736455,0.0026950464
2020-04-23,8.669646e-06,0.13152573,0.85047114,0.98199683,0.9819969,0.0025821086,0.050814454,0.00048156234
2020-04-24,1.38548885e-05,0.08722957,0.8940565,0.98128605,0.98128605,0.0027755378,0.052683372,0.0007403508
2020-04-27,1.3214825e-05,0.1149836,0.8657632,0.9807468,0.9807468,0.0026249879,0.051234636,0.00068637053
2020-04-28,3.0310755e-05,0.12763213,0.83321613,0.9608483,0.9608483,0.0024806831,0.049806457,0.0007741869
2020-04-29,0.000108532724,0.025194554,0.9194923,0.94468683,0.94468683,0.0021209777,0.046054073,0.0019621497
2020-04-30,1.2191386e-05,0.086759806,0.89473486,0.98149467,0.98149467,0.0021014423,0.045841493,0.00065880385
2020-05-01,7.9166704e-05,0.018431397,0.9416136,0.96004504,0.96004504,0.0020463374,0.04523646,0.0019813986
2020-05-04,1.4433743e-05,0.09193713,0.88685817,0.9787953,0.9787953,0.0020232094,0.0449801,0.0006806857
2020-05-05,1.164478e-05,0.07670828,0.9080437,0.98475194,0.98475194,0.0020696253,0.045493133,0.0007636893
2020-05-06,8.397939e-06,0.118983686,0.8651645,0.9841482,0.9841482,0.0022515533,0.047450535,0.0005297784
2020-05-07,1.5884536e-05,0.11098166,0.86693585,0.9779175,0.9779175,0.0029864358,0.05464829,0.00071932666
2020-05-08,8.307865e-06,0.13096862,0.85323393,0.98420256,0.98420256,0.002679097,0.051759996,0.0005258996
2020-05-11,1.2575932e-05,0.09307374,0.8882136,0.9812873,0.9812873,0.0024833384,0.049833104,0.0006720533
2020-05-12,2.3423672e-05,0.06316647,0.9144949,0.9776613,0.9776614,0.0022186295,0.04710233,0.0010485697
2020-05-13,0.00015438494,0.019350156,0.9094634,0.9288136,0.9288136,0.002276707,0.04771485,0.0021687413
2020-05-14,0.00024464575,0.016268605,0.8793903,0.8956589,0.8956589,0.0022997435,0.04795564,0.002344673
2020-05-15,1.1097097e-05,0.12727799,0.8517395,0.9790175,0.9790175,0.0022925823,0.047880918,0.0005288738
2020-05-18,2.1912476e-05,0.07685171,0.8964409,0.97329265,0.97329265,0.0020190296,0.044933613,0.0008204661
2020-05-19,8.721315e-06,0.15891275,0.8222997,0.98121244,0.9812125,0.002325615,0.048224628,0.00046420682
2020-05-20,1.2039538e-05,0.105278574,0.8764973,0.9817759,0.9817759,0.0020303635,0.045059554,0.00066063757
2020-05-21,8.698625e-05,0.02382738,0.93084157,0.95466894,0.95466894,0.0019032975,0.043626796,0.0019189105
2020-05-22,5.380154e-05,0.040991552,0.9230846,0.96407616,0.96407616,0.0018875852,0.043446347,0.0014976556
2020-05-26,5.0669805e-05,0.035230037,0.933174,0.96840405,0.96840405,0.0018025173,0.042456064,0.0016036807
2020-05-27,7.690809e-05,0.022911156,0.9368108,0.9597219,0.9597219,0.0017768734,0.042152975,0.0019094279
2020-05-28,4.7279624e-05,0.038886644,0.9309937,0.96988034,0.96988034,0.0017785234,0.042172544,0.0015697265
2020-05-29,2.0001196e-05,0.05132147,0.931194,0.98251545,0.98251545,0.0018402563,0.042898208,0.0011439357
2020-06-01,1.6822392e-05,0.061060555,0.9210693,0.9821299,0.9821299,0.001741245,0.04172823,0.00094136945
2020-06-02,1.6531136e-05,0.07436706,0.90585107,0.9802181,0.9802181,0.0017242865,0.04152453,0.0008356703
2020-06-03,1.6628404e-05,0.07369514,0.906182,0.9798771,0.9798771,0.0015787451,0.039733425,0.00082634296
2020-06-04,3.777532e-05,0.035303213,0.9402189,0.97552216,0.97552216,0.0014920932,0.03862762,0.0015432457
2020-06-05,4.4252676e-05,0.034061007,0.93745387,0.9715149,0.9715149,0.0014406897,0.037956417,0.0015535366
2020-06-08,2.4961006e-05,0.05414298,0.92244637,0.9765893,0.9765893,0.001411307,0.037567366,0.0010662231
2020-06-09,3.872969e-05,0.03191369,0.9435372,0.9754509,0.9754509,0.001327738,0.03643814,0.0015776402
2020-06-10,5.052077e-05,0.02908258,0.94089437,0.96997696,0.96997696,0.0012962248,0.03600312,0.0016827335
2020-06-11,0.00016105929,0.009305997,0.9247933,0.9340993,0.9340993,0.001271783,0.035662066,0.00244397
2020-06-12,2.87223e-05,0.046001147,0.9314501,0.97745126,0.97745126,0.0013404067,0.036611564,0.0012737876
2020-06-15,8.2945306e-05,0.018480578,0.9415769,0.9600575,0.9600575,0.0013749115,0.0370798,0.0020766177
2020-06-16,5.6794102e-05,0.029950537,0.9368889,0.96683943,0.96683943,0.0014018398,0.03744115,0.0017127
2020-06-17,7.4154574e-05,0.029483696,0.92888623,0.9583699,0.9583699,0.0014033802,0.037461717,0.0017812735
2020-06-18,3.9593775e-05,0.042256884,0.9311206,0.97337747,0.97337747,0.0013843394,0.037206713,0.0014872279
2020-06-19,4.785931e-05,0.035575908,0.93369406,0.96927,0.96927,0.0013285824,0.036449723,0.0015574128
2020-06-22,4.64559e-05,0.029492937,0.9431138,0.9726067,0.9726067,0.0013011306,0.03607119,0.0016958867
2020-06-23,4.1692445e-05,0.029076083,0.94569707,0.97477317,0.97477317,0.0012738004,0.03569034,0.0016527025
2020-06-24,4.9364127e-05,0.027734483,0.9439759,0.9717104,0.9717104,0.0012539083,0.035410568,0.0017449557
2020-06-25,0.00012952437,0.015529797,0.92701966,0.94254947,0.94254947,0.001249715,0.03535131,0.0022545373
2020-06-26,0.00053450855,0.005221734,0.7907726,0.79599434,0.79599434,0.0013742945,0.037071478,0.0026200672
2020-06-29,0.0003400669,0.0077982103,0.86024076,0.86803895,0.86803895,0.0016216803,0.040270094,0.002577025
2020-06-30,9.704614e-06,0.1668421,0.81367886,0.98052096,0.98052096,0.0018751025,0.043302454,0.0004982081
2020-07-01,9.055702e-06,0.10755592,0.878082,0.9856379,0.9856379,0.001635458,0.040440794,0.00063052785
2020-07-02,1.0378173e-05,0.102345295,0.88205546,0.98440075,0.98440075,0.0016782731,0.04096673,0.0006652995
2020-07-06,8.959062e-06,0.0976033,0.88857776,0.9861811,0.9861811,0.0016324491,0.04040358,0.00064831856
2020-07-07,9.577412e-06,0.09847504,0.8874816,0.9859566,0.9859566,0.00174509,0.041774273,0.00068198715
2020-07-08,1.4379947e-05,0.06329621,0.92117643,0.98447263,0.98447263,0.0016200168,0.040249433,0.0009261033
2020-07-09,2.3206841e-05,0.044474255,0.93668234,0.9811566,0.9811566,0.0015559855,0.03944598,0.0012315626
2020-07-10,4.5809058e-05,0.027779333,0.94585586,0.9736352,0.9736352,0.0015079681,0.038832564,0.0017375081
2020-07-13,2.527189e-05,0.040643804,0.9400182,0.980662,0.980662,0.0014781447,0.038446646,0.0013068505
2020-07-14,7.2816016e-05,0.019218678,0.9452367,0.96445537,0.96445537,0.0014705295,0.038347483,0.0020485797
2020-07-15,0.00011647543,0.013117781,0.9364153,0.9495331,0.9495331,0.0014631571,0.038251236,0.002307957
2020-07-16,6.597912e-05,0.021465683,0.94442713,0.9658928,0.9658928,0.0014910238,0.038613778,0.0019344626
2020-07-17,9.9057754e-05,0.014336521,0.9417624,0.9560989,0.9560989,0.0014950596,0.038666,0.002256385
2020-07-20,9.788742e-05,0.014711779,0.9413444,0.9560562,0.9560562,0.0015071532,0.03882207,0.0022275583
2020-07-21,0.00018226578,0.010585382,0.914306,0.92489135,0.92489135,0.0015472944,0.039335664,0.002426695
2020-07-22,4.7030586e-05,0.040162615,0.9271979,0.9673605,0.9673605,0.0016015079,0.040018845,0.0014409099
2020-07-23,0.00015105045,0.0115435505,0.92543447,0.93697804,0.93697804,0.0015325197,0.03914741,0.0023967908
2020-07-24,5.6984598e-05,0.026147546,0.94393456,0.9700821,0.9700821,0.0016111807,0.040139515,0.0019046994
2020-07-27,5.5339344e-05,0.022765992,0.9477786,0.9705446,0.9705446,0.0015822587,0.039777614,0.0018787489
2020-07-28,0.000119089935,0.011235623,0.9380901,0.9493257,0.9493257,0.0015943386,0.03992917,0.0023501043
2020-07-29,4.608453e-05,0.026714584,0.9474253,0.97413987,0.97413987,0.0016305753,0.04038038,0.0017820687
2020-07-30,2.079018e-05,0.04802968,0.9349802,0.9830099,0.9830099,0.0016146005,0.04018209,0.0012236625
2020-07-31,3.0259558e-05,0.0385708,0.9407524,0.9793232,0.9793232,0.0015389954,0.039230034,0.0014634551
2020-08-03,6.285807e-05,0.019149646,0.94996786,0.9691175,0.9691175,0.0014883617,0.038579293,0.002035396
2020-08-04,9.802828e-06,0.16492172,0.8158522,0.9807739,0.9807739,0.0019391335,0.044035595,0.0005098715
2020-08-05,1.0726403e-05,0.079835445,0.9064716,0.9863071,0.986307,0.0018976849,0.043562423,0.0007833542
2020-08-06,1.6727217e-05,0.05330489,0.9310783,0.9843832,0.9843832,0.0017309637,0.04160485,0.0010711058
2020-08-07,1.8660787e-05,0.05110576,0.93247116,0.9835769,0.9835769,0.0016357265,0.040444117,0.001136252
2020-08-10,1.5111826e-05,0.05902214,0.9263097,0.98533183,0.98533183,0.0016008319,0.040010396,0.0010302464
2020-08-11,5.0212442e-05,0.022680795,0.95030826,0.9729891,0.9729891,0.0015855284,0.039818693,0.0018589684
2020-08-12,6.263754e-05,0.018315844,0.95075,0.96906585,0.96906585,0.0015586041,0.03947916,0.0020248666
2020-08-13,3.100318e-05,0.032275073,0.94684815,0.97912323,0.97912323,0.00154583,0.039317045,0.0014850567
2020-08-14,4.668594e-05,0.023130171,0.95151997,0.97465014,0.97465014,0.0015010409,0.03874327,0.0018416649
2020-08-17,2.4594196e-05,0.043733843,0.93756163,0.98129547,0.98129547,0.0016118438,0.040147774,0.0013148788
2020-08-18,5.383282e-05,0.020775957,0.9513916,0.97216755,0.97216755,0.001537962,0.039216857,0.0019341748
2020-08-19,4.6135843e-05,0.02474251,0.94980013,0.9745426,0.9745426,0.0015396752,0.039238695,0.0018122776
2020-08-20,5.4074953e-05,0.020846646,0.9514588,0.9723055,0.9723055,0.0015089002,0.038844563,0.0019525504
2020-08-21,3.92943e-05,0.026710266,0.95054775,0.977258,0.977258,0.0015094711,0.038851913,0.0017278315
2020-08-24,6.699589e-05,0.017653627,0.9502664,0.96792006,0.96792006,0.0015173078,0.038952637,0.0020884047
2020-08-25,3.0501584e-05,0.037204355,0.9406773,0.97788167,0.97788167,0.0015211576,0.03900202,0.0013790184
2020-08-26,9.782549e-05,0.012449023,0.9445727,0.9570217,0.9570217,0.0014647004,0.038271405,0.0022761608
2020-08-27,0.0001540657,0.007998104,0.929589,0.9375871,0.9375871,0.0014828773,0.038508147,0.0024684905
2020-08-28,4.153744e-05,0.027295833,0.94891214,0.976208,0.976208,0.00155023,0.03937296,0.0017458554
2020-08-31,4.9296454e-05,0.022584165,0.95110494,0.9736891,0.9736891,0.0015371391,0.039206363,0.0018736119
2020-09-01,6.996102e-05,0.016730448,0.9500808,0.96681124,0.96681124,0.0015135389,0.038904227,0.0021079732
2020-09-02,9.103792e-05,0.015147738,0.94365627,0.958804,0.958804,0.0015343738,0.039171085,0.0022098734
2020-09-03,3.9017097e-05,0.033830732,0.94233537,0.97616607,0.9761661,0.0015429112,0.039279908,0.0016370399
2020-09-04,5.6485107e-05,0.020812672,0.9503437,0.9711564,0.9711564,0.0014929693,0.03863896,0.001958325
2020-09-08,2.9084418e-05,0.03760446,0.94249195,0.9800964,0.9800964,0.0015086433,0.03884126,0.0014612642
2020-09-09,2.3373095e-05,0.069148004,0.90943474,0.97858274,0.97858274,0.0016636832,0.040788274,0.0010913205
2020-09-10,3.8764512e-05,0.031753823,0.9430437,0.97479755,0.97479755,0.0015368896,0.039203182,0.0015381245
2020-09-11,3.3471202e-05,0.039993953,0.93720585,0.9771998,0.9771998,0.0015267953,0.039074227,0.0014680219
2020-09-14,4.4127297e-05,0.031924807,0.9412211,0.9731459,0.9731459,0.0014861315,0.038550377,0.0016432239
2020-09-15,3.0768417e-05,0.043112136,0.9344394,0.9775516,0.9775516,0.001453381,0.038123235,0.0013706272
2020-09-16,2.4398227e-05,0.044835813,0.9354205,0.9802563,0.9802563,0.0014106269,0.037558313,0.0012357486
2020-09-17,7.2054296e-05,0.02564435,0.9355143,0.96115863,0.96115863,0.001418729,0.03766602,0.0018550917
2020-09-18,0.00018858012,0.044109296,0.8550745,0.8991838,0.8991838,0.0016783827,0.04096807,0.001870534
2020-09-21,0.00012600188,0.028116204,0.9099828,0.938099,0.938099,0.0016241574,0.040300835,0.0020355396
2020-09-22,0.00019420384,0.06261291,0.82984596,0.89245886,0.89245886,0.0019417751,0.044065576,0.0018058561
2020-09-23,0.00041438467,0.015599016,0.81476426,0.8303633,0.8303633,0.0018055852,0.042492177,0.002442777
2020-09-24,3.3184147e-05,0.18554012,0.7552824,0.94082254,0.94082254,0.002224788,0.04716766,0.00056075654
2020-09-25,1.1917517e-05,0.12114649,0.8594622,0.9806087,0.9806087,0.0023052962,0.0480135,0.0006145807
2020-09-28,1.6229764e-05,0.1201767,0.8545128,0.9746895,0.9746895,0.002290029,0.04785425,0.0006412261
2020-09-29,1.1718133e-05,0.122239925,0.85792637,0.9801663,0.9801663,0.0020108195,0.04484216,0.00059081975
2020-09-30,1.3559598e-05,0.21709651,0.7502716,0.9673681,0.9673681,0.0065383688,0.08086018,0.00041553233
2020-10-01,1.4044064e-05,0.09267316,0.8870583,0.9797315,0.9797315,0.0049567046,0.07040387,0.000692901
2020-10-02,1.5144409e-05,0.07216478,0.9101431,0.98230785,0.98230785,0.004410934,0.06641486,0.00085599604
2020-10-05,1.3998298e-05,0.08144794,0.90111154,0.9825595,0.9825595,0.004121435,0.064198405,0.0008026318
2020-10-06,1.018823e-05,0.119443156,0.8626244,0.9820676,0.9820676,0.0041303034,0.064267434,0.000568146
2020-10-07,0.00011577789,0.018902814,0.9223981,0.9413009,0.9413009,0.0037348361,0.061113305,0.0019723973
2020-10-08,0.00012888567,0.01159623,0.93281066,0.94440687,0.94440687,0.0035823325,0.05985259,0.0023183739
2020-10-09,7.5129276e-05,0.024729405,0.93305105,0.9577805,0.9577805,0.0034713096,0.05891782,0.0017794914
2020-10-12,0.000117246156,0.011771054,0.93692297,0.94869405,0.94869405,0.0033590982,0.057957727,0.002285235
2020-10-13,8.959017e-05,0.013585671,0.94573104,0.95931673,0.95931673,0.0032939145,0.057392634,0.0022021378
2020-10-14,0.00021560048,0.0064704665,0.9073829,0.91385335,0.91385335,0.0032058137,0.056619905,0.0025027145
2020-10-15,0.00017424677,0.012955681,0.91073126,0.9236869,0.9236869,0.0031655023,0.0562628,0.0022833147
2020-10-16,0.00012948945,0.013158955,0.9297939,0.9429529,0.9429529,0.0030916561,0.055602662,0.0022698678
2020-10-19,0.00014753602,0.008958045,0.9296878,0.93864584,0.93864584,0.003004096,0.054809634,0.002404662
2020-10-20,0.00029932265,0.004198643,0.8804015,0.88460016,0.88460016,0.0029409963,0.054230954,0.0025937874
2020-10-21,5.9531416e-05,0.024049489,0.9429526,0.96700203,0.96700203,0.0028958311,0.05381293,0.0018040935
2020-10-22,0.000104655155,0.01138473,0.9431147,0.9544994,0.9544994,0.0028235728,0.053137302,0.002300084
2020-10-23,9.415818e-05,0.013176686,0.9440908,0.95726746,0.95726746,0.0027679044,0.052610878,0.0022034307
2020-10-26,0.00011603572,0.010563375,0.93995243,0.9505158,0.9505158,0.002709158,0.052049574,0.0023449047
2020-10-27,0.00012581616,0.009765439,0.93754435,0.9473098,0.9473098,0.0026658955,0.05163231,0.0023878473
2020-10-28,6.0438582e-05,0.022041576,0.9445135,0.96655506,0.96655506,0.0026252319,0.051237017,0.0018071069
2020-10-29,3.557166e-05,0.028495139,0.94892895,0.9774241,0.9774241,0.002541226,0.050410576,0.0015756463
2020-10-30,1.1842865e-05,0.07015364,0.91647846,0.9866321,0.9866321,0.0027159743,0.052115012,0.00088591874
2020-11-02,1.73924e-05,0.047215927,0.93768483,0.9849008,0.9849008,0.0025192366,0.050192,0.0011518735
2020-11-03,1.9346573e-05,0.04481969,0.93864983,0.98346955,0.98346955,0.0024314993,0.049310237,0.0011703594
2020-11-04,1.394228e-05,0.06913302,0.91481656,0.9839496,0.9839496,0.0024551253,0.049549222,0.0008686563
2020-11-05,1.2266356e-05,0.07149306,0.9130751,0.9845682,0.9845681,0.0022610673,0.047550682,0.00079487415
2020-11-06,5.8172227e-05,0.027269242,0.9408427,0.96811193,0.96811193,0.0021620512,0.046497863,0.0018242631
2020-11-09,5.680633e-05,0.027555516,0.9413347,0.96889025,0.96889025,0.0021014737,0.045841835,0.0018259976
2020-11-10,3.578262e-05,0.050418947,0.9175123,0.9679313,0.9679313,0.0020376898,0.045140777,0.0011158104
2020-11-11,4.0715506e-05,0.035723623,0.9367154,0.97243905,0.97243905,0.0019544684,0.044209372,0.0014772897
2020-11-12,6.987398e-05,0.0205664,0.9448406,0.965407,0.965407,0.0018987732,0.043574914,0.0020198887
2020-11-13,0.000103219376,0.014264541,0.9399619,0.95422643,0.95422643,0.0018706546,0.043251064,0.0022549997
2020-11-16,7.4566204e-05,0.019552732,0.94446224,0.96401495,0.96401495,0.0018621793,0.043152977,0.0020721438
2020-11-17,6.1017003e-05,0.050592087,0.9064998,0.95709187,0.95709187,0.002047246,0.045246504,0.0014220382
2020-11-18,6.951772e-05,0.033944167,0.92526144,0.9592056,0.9592056,0.0019169829,0.043783363,0.0017041008
2020-11-19,8.444494e-05,0.027104365,0.92761767,0.95472205,0.95472205,0.0018451929,0.042955708,0.0018650343
2020-11-20,0.00022437659,0.016201062,0.88852954,0.9047306,0.9047306,0.0018510881,0.043024275,0.0023551804
2020-11-23,0.00011867314,0.024397446,0.9171883,0.9415857,0.9415857,0.0018772057,0.04332673,0.0020315775
2020-11-24,0.00012702326,0.018960977,0.92143786,0.9403988,0.9403988,0.00185329,0.043049853,0.0021312202
2020-11-25,0.00010074511,0.025078451,0.92176634,0.9468448,0.9468448,0.001845221,0.042956036,0.0018953016
2020-11-27,6.150473e-05,0.035859413,0.92672694,0.96258634,0.96258634,0.0018477316,0.04298525,0.0016439112
2020-11-30,0.00015612901,0.01170246,0.92267686,0.93437934,0.93437934,0.00178581,0.042258844,0.002379266
2020-12-01,0.0001298047,0.013435606,0.93111306,0.94454867,0.94454867,0.0018060931,0.042498156,0.002340876
2020-12-02,0.0001634619,0.011531626,0.9208162,0.93234783,0.93234783,0.0018114848,0.042561542,0.002416211
2020-12-03,0.00024580222,0.0086759245,0.892997,0.90167296,0.90167296,0.0018457405,0.04296208,0.0024998435
2020-12-04,0.00012449101,0.050252274,0.8758514,0.92610365,0.92610365,0.0019863686,0.044568695,0.0016846707
2020-12-07,0.00010411087,0.029568229,0.91627836,0.9458466,0.9458466,0.0019008039,0.04359821,0.0019225184
2020-12-08,3.2845175e-05,0.084406056,0.88234097,0.96674705,0.96674705,0.0019812076,0.04451076,0.0009877371
2020-12-09,5.4606888e-05,0.063888416,0.89240634,0.9562948,0.9562948,0.0017815646,0.042208582,0.0012494362
2020-12-10,1.9630083e-05,0.09487589,0.8806278,0.9755037,0.9755037,0.0016651206,0.040805887,0.0008013483
2020-12-11,4.2070456e-05,0.05828663,0.90648,0.9647666,0.9647666,0.0016751946,0.040929142,0.0011940511
2020-12-14,4.3110562e-05,0.045795485,0.92335415,0.96914965,0.96914965,0.0015736818,0.03966966,0.0013974091
2020-12-15,4.8279737e-05,0.03451091,0.934691,0.9692019,0.9692019,0.0015513971,0.039387777,0.0015676217
2020-12-16,6.185437e-05,0.02883332,0.9353802,0.96421355,0.96421355,0.0014983581,0.03870863,0.0017284299
2020-12-17,2.6491232e-05,0.04491899,0.93362105,0.97854006,0.97854006,0.0014634683,0.038255304,0.0012344506
2020-12-18,4.9094167e-05,0.028678587,0.9421491,0.9708277,0.9708277,0.0014032327,0.037459746,0.0016829035
2020-12-21,5.7352965e-05,0.024133986,0.94483393,0.9689679,0.9689679,0.0013879373,0.03725503,0.0018481828
2020-12-22,7.414212e-05,0.01666593,0.9482158,0.9648817,0.9648817,0.0013688253,0.03699764,0.0021112114
2020-12-23,4.462643e-05,0.02541381,0.94983083,0.97524464,0.97524464,0.001384738,0.037212066,0.0018026978
2020-12-24,0.00012519078,0.018028943,0.92439604,0.94242495,0.94242495,0.0014628891,0.038247734,0.002174393
2020-12-28,0.00014320528,0.014820066,0.92297083,0.9377909,0.9377909,0.0014994551,0.0387228,0.0023019977
2020-12-29,4.811222e-05,0.065170385,0.89676285,0.96193326,0.96193326,0.0016423903,0.040526416,0.0012638911
2020-12-30,9.696028e-06,0.15059927,0.83085716,0.98145646,0.9814564,0.0018234317,0.042701658,0.000522879
2020-12-31,1.5952648e-05,0.104556814,0.8727313,0.9772881,0.9772881,0.0015746093,0.03968135,0.0007023924
2021-01-04,9.320526e-06,0.11986909,0.86452675,0.98439586,0.98439586,0.0016249066,0.04031013,0.0005973112
2021-01-05,9.595035e-06,0.09723617,0.8886323,0.98586845,0.98586845,0.0014471773,0.03804178,0.0006789799
2021-01-06,8.134932e-06,0.11884202,0.86632854,0.98517054,0.98517054,0.0015015455,0.03874978,0.0005485657
2021-01-07,1.7122573e-05,0.056250736,0.92682904,0.9830798,0.9830798,0.0013123989,0.036227047,0.0010119599
2021-01-08,1.5030231e-05,0.056656588,0.92812186,0.98477846,0.98477846,0.0012348876,0.03514097,0.000987432
2021-01-11,9.7032835e-06,0.08069928,0.9055798,0.9862791,0.9862791,0.0011673761,0.034166884,0.0007071885
2021-01-12,4.2242787e-05,0.026889166,0.9488583,0.97574747,0.97574747,0.001091467,0.033037357,0.0017417886
2021-01-13,5.0955838e-05,0.025268435,0.94607323,0.97134167,0.97134167,0.0010780437,0.032833576,0.0017780463
2021-01-14,7.337218e-05,0.018115653,0.9467912,0.9649068,0.9649068,0.0010730417,0.032757316,0.0020907812
2021-01-15,0.000109725224,0.013181506,0.9388954,0.9520769,0.9520769,0.001098422,0.03314245,0.002289611
2021-01-19,5.8578764e-05,0.024763508,0.9447565,0.96952003,0.96952003,0.0011502778,0.033915747,0.0019218775
2021-01-20,3.4710978e-05,0.05340675,0.91923237,0.97263914,0.97263914,0.0012741595,0.03569537,0.0012686364
2021-01-21,6.031229e-05,0.031392906,0.9336649,0.96505785,0.96505785,0.0012063062,0.034731917,0.0017260612
2021-01-22,5.9820424e-05,0.03612681,0.92770505,0.96383184,0.96383184,0.0011977883,0.03460908,0.0016539528
2021-01-25,6.12558e-05,0.03803379,0.925453,0.9634868,0.9634868,0.0011827511,0.03439115,0.001677634
2021-01-26,1.2213591e-05,0.094045214,0.8891169,0.9831621,0.9831621,0.0013021908,0.03608588,0.00072536326
2021-01-27,1.2047047e-05,0.073552586,0.9115607,0.9851133,0.9851133,0.0012104935,0.034792148,0.0008092502
2021-01-28,9.403324e-06,0.08374165,0.9032257,0.9869674,0.9869674,0.0012251639,0.035002343,0.00072152243
2021-01-29,9.726957e-06,0.081930935,0.9050447,0.9869756,0.9869756,0.0012197378,0.034924746,0.0007468263
2021-02-01,9.682072e-06,0.08562526,0.90114725,0.9867725,0.98677254,0.0012322904,0.035103995,0.00073196413
2021-02-02,8.7757335e-06,0.14031275,0.8430958,0.9834085,0.9834085,0.002081453,0.045622945,0.0005289298
2021-02-03,8.7286835e-06,0.09876169,0.88751304,0.9862747,0.9862747,0.0017639771,0.041999727,0.00063595665
2021-02-04,8.8472525e-06,0.09548783,0.8908911,0.9863789,0.9863789,0.0016125083,0.040156048,0.00064952596
2021-02-05,9.256711e-06,0.09655614,0.8897717,0.9863278,0.9863278,0.001696029,0.041182872,0.00067704753
2021-02-08,9.146365e-06,0.09037002,0.89628714,0.98665714,0.98665714,0.0015769164,0.039710406,0.00068548776
2021-02-09,1.13568485e-05,0.07141105,0.9143533,0.9857644,0.9857644,0.0014267203,0.03777195,0.00079777715
2021-02-10,1.1954996e-05,0.070446104,0.9151139,0.98556,0.98556006,0.001334709,0.03653367,0.0008279083
2021-02-11,1.800282e-05,0.053112943,0.93029463,0.98340756,0.98340756,0.0012834386,0.03582511,0.0010850012
2021-02-12,3.055629e-05,0.036892254,0.9418847,0.97877693,0.97877693,0.0012234182,0.034977395,0.0014397678
2021-02-16,1.5672176e-05,0.05623964,0.9276153,0.98385495,0.98385495,0.0011916601,0.03452043,0.0009707109
2021-02-17,8.592469e-06,0.11936581,0.86561817,0.984984,0.984984,0.0014132637,0.0375934,0.0005722202
2021-02-18,2.0647038e-05,0.048139814,0.9338529,0.9819927,0.9819927,0.0013293257,0.03645992,0.0011465941
2021-02-19,1.830313e-05,0.053497292,0.92956233,0.98305964,0.98305964,0.0013522402,0.036772817,0.0010804455
2021-02-22,2.1371245e-05,0.046959788,0.9351183,0.9820781,0.9820781,0.0012761595,0.035723377,0.0011924637
2021-02-23,3.0824584e-05,0.04284098,0.93286616,0.9757071,0.9757071,0.0012837031,0.035828803,0.0012688729
2021-02-24,2.4688145e-05,0.049596258,0.92882717,0.9784234,0.9784234,0.0012554944,0.035432957,0.0011442101
2021-02-25,1.678258e-05,0.06473491,0.9163568,0.98109174,0.98109174,0.0011944218,0.03456041,0.00088757917
2021-02-26,4.0676212e-05,0.034576047,0.938563,0.97313905,0.97313905,0.0011589967,0.034044042,0.001514325
2021-03-01,1.4797467e-05,0.0650752,0.91892755,0.98400277,0.98400277,0.0011286,0.03359464,0.00092500175
2021-03-02,1.0455315e-05,0.078792706,0.90729725,0.98608994,0.98608994,0.0010522642,0.03243862,0.00075163716
2021-03-03,1.2225045e-05,0.06509354,0.9209756,0.98606914,0.98606914,0.0010043079,0.031690817,0.0008775515
2021-03-04,3.3763186e-05,0.037977807,0.9374804,0.9754582,0.9754582,0.0009412599,0.03067996,0.0013757424
2021-03-05,3.611502e-05,0.044228822,0.9275557,0.97178453,0.9717845,0.00093984767,0.030656936,0.0012799724
2021-03-08,1.4345875e-05,0.075957604,0.90580547,0.98176306,0.98176306,0.0009196521,0.030325767,0.00078663847
2021-03-09,1.7438277e-05,0.05778208,0.92534345,0.9831255,0.9831255,0.0008613946,0.029349525,0.0010334104
2021-03-10,2.0217263e-05,0.049219716,0.9324827,0.98170245,0.98170245,0.0008145413,0.02854017,0.0011049162
2021-03-11,2.1728287e-05,0.045012135,0.93654484,0.98155695,0.98155695,0.00078617386,0.028038792,0.0011781289
2021-03-12,1.7580405e-05,0.054265022,0.9278192,0.9820842,0.9820842,0.000761461,0.027594583,0.0009812802
2021-03-15,2.2775745e-05,0.045741297,0.9353468,0.9810881,0.9810881,0.0007596741,0.027562186,0.0012043077
2021-03-16,2.544538e-05,0.044395834,0.9356003,0.9799961,0.9799961,0.00082776096,0.028770836,0.00127202
2021-03-17,9.827987e-06,0.08799133,0.89846754,0.98645884,0.9864589,0.0008429054,0.029032834,0.0007257861
2021-03-18,2.2820219e-05,0.047191896,0.9339465,0.9811384,0.9811384,0.00078237534,0.027970973,0.0012098777
2021-03-19,9.341974e-06,0.100795746,0.8850131,0.98580885,0.98580885,0.0007697747,0.027744815,0.00065829576
2021-03-22,1.7930712e-05,0.054910135,0.92744094,0.98235106,0.98235106,0.00073823286,0.02717044,0.0010159656
2021-03-23,9.550687e-06,0.07628818,0.91119456,0.9874827,0.9874827,0.00072154717,0.02686163,0.0007630006
2021-03-24,9.066612e-06,0.09196641,0.8946223,0.9865887,0.9865887,0.0007306168,0.027029924,0.00067604356
2021-03-25,8.226015e-06,0.096995495,0.8891035,0.98609895,0.98609895,0.0006643037,0.02577409,0.00059175474
2021-03-26,9.248218e-06,0.08033567,0.90691555,0.9872512,0.9872512,0.0006402099,0.02530237,0.00072541996
2021-03-29,9.239021e-06,0.07604166,0.91084915,0.9868908,0.9868908,0.00059176603,0.024326243,0.0007047734
2021-03-30,9.225164e-06,0.07001178,0.9179959,0.9880077,0.9880077,0.0005582765,0.023627875,0.0007692588
2021-03-31,9.552644e-06,0.06680739,0.9213371,0.9881445,0.9881445,0.0005362634,0.023157362,0.0008057575
2021-04-01,9.6045305e-06,0.06584388,0.9223439,0.9881878,0.9881878,0.0005056743,0.022487203,0.0008131019
2021-04-05,8.624605e-06,0.07509942,0.91260475,0.98770416,0.98770416,0.00048552707,0.022034679,0.0007014245
2021-04-06,9.140378e-06,0.08482015,0.90222394,0.9870441,0.9870441,0.0006358276,0.025215622,0.0007054991
2021-04-07,9.78046e-06,0.070059404,0.9173196,0.987379,0.987379,0.0006236322,0.024972629,0.0007749363
2021-04-08,9.714892e-06,0.067851886,0.9201805,0.9880324,0.9880324,0.0006289592,0.025079058,0.0008117662
2021-04-09,9.286089e-06,0.06999543,0.9180372,0.98803264,0.9880326,0.00058853865,0.024259815,0.0007759513
2021-04-12,9.362203e-06,0.06834742,0.9197562,0.98810357,0.98810357,0.0005498109,0.023448046,0.0007869757
2021-04-13,9.566855e-06,0.066873565,0.92127144,0.988145,0.988145,0.0005283869,0.022986667,0.00080698857
2021-04-14,9.617734e-06,0.066791244,0.9213494,0.98814064,0.98814064,0.0005305132,0.023032872,0.0008109827
2021-04-15,8.437499e-06,0.07685548,0.9108683,0.98772377,0.98772377,0.0004984078,0.022325048,0.0006873036
2021-04-16,9.727e-06,0.06581174,0.9223454,0.98815715,0.98815715,0.00048057584,0.02192204,0.0008213397
2021-04-19,9.659207e-06,0.065716885,0.9224788,0.98819566,0.98819566,0.00045768183,0.0213935,0.00081827573
2021-04-20,9.700269e-06,0.06567823,0.9225172,0.9881954,0.9881954,0.00047501823,0.021794913,0.00082173775
2021-04-21,9.348126e-06,0.06673532,0.92147064,0.98820597,0.98820597,0.00045193848,0.021258844,0.000792615
2021-04-22,9.39801e-06,0.06650143,0.92172414,0.9882256,0.9882256,0.00043657975,0.02089449,0.00079817174
2021-04-23,9.624832e-06,0.066016704,0.9221852,0.98820186,0.98820186,0.0004415767,0.021013727,0.0008157921
2021-04-26,9.618964e-06,0.06559094,0.92257255,0.9881635,0.9881635,0.00041983006,0.020489754,0.0008126508
2021-04-27,9.8060555e-06,0.06505567,0.92311704,0.9881727,0.9881727,0.000428533,0.02070104,0.00082910416
2021-04-28,9.297158e-06,0.068582796,0.91952795,0.9881107,0.9881107,0.00046208827,0.021496238,0.00078197825
2021-04-29,9.025301e-06,0.069499485,0.91862565,0.98812515,0.98812515,0.0004567774,0.021372352,0.0007600346
2021-04-30,9.707823e-06,0.065293066,0.9228874,0.98818046,0.98818046,0.0004300981,0.020738807,0.00082133664
2021-05-03,9.443356e-06,0.06609184,0.92211694,0.9882088,0.9882088,0.00040988793,0.02024569,0.00080087973
2021-05-04,9.583527e-06,0.06571004,0.9224627,0.9881727,0.98817277,0.00039704714,0.019926041,0.0008102893
2021-05-05,9.109798e-06,0.06789585,0.92024773,0.98814356,0.98814356,0.00037586407,0.019387214,0.000768342
2021-05-06,9.57626e-06,0.064571,0.9236567,0.9882277,0.9882277,0.00036127632,0.019007271,0.0008134587
2021-05-07,9.3496465e-06,0.0655582,0.92268807,0.98824626,0.98824626,0.0003439342,0.018545464,0.0007954615
2021-05-10,9.349126e-06,0.06592463,0.9222979,0.98822254,0.98822254,0.00033378412,0.01826976,0.0007938151
2021-05-11,9.4140105e-06,0.065273136,0.92295647,0.9882296,0.98822963,0.0003220989,0.017947113,0.00079980196
2021-05-12,9.316129e-06,0.06604226,0.92211574,0.988158,0.988158,0.00031089556,0.017632231,0.0007867015
2021-05-13,1.0235248e-05,0.06142548,0.9263233,0.9877488,0.9877488,0.00029760468,0.017251223,0.00083544874
2021-05-14,8.825617e-06,0.0678076,0.920452,0.9882596,0.9882596,0.00028606143,0.01691335,0.00075173145
2021-05-17,1.34012525e-05,0.051247127,0.9348601,0.98610723,0.98610723,0.0002731305,0.01652666,0.0009646206
2021-05-18,9.073715e-06,0.071494,0.91652757,0.98802155,0.98802155,0.0003916846,0.019791024,0.00075750344
2021-05-19,9.2120445e-06,0.06839535,0.91974497,0.9881403,0.98814034,0.00043896172,0.020951413,0.0007767509
2021-05-20,8.980648e-06,0.06874006,0.9194826,0.98822266,0.98822266,0.000430146,0.020739961,0.00076253613
2021-05-21,9.228844e-06,0.0675258,0.9207046,0.9882304,0.9882304,0.00041617965,0.020400481,0.000784126
2021-05-24,9.4567085e-06,0.066922,0.92112637,0.9880484,0.9880484,0.00039509675,0.01987704,0.00079124875
2021-05-25,1.2421166e-05,0.05627108,0.9296987,0.9859698,0.9859698,0.00037639492,0.0194009,0.00088531524
2021-05-26,9.340133e-06,0.066776134,0.9213452,0.98812133,0.98812133,0.00036745289,0.01916906,0.0007862946
2021-05-27,9.080951e-06,0.06880788,0.9193254,0.9881333,0.9881333,0.00038728016,0.019679435,0.0007652472
2021-05-28,9.704578e-06,0.06495796,0.92317307,0.98813105,0.98813105,0.00037014193,0.019239074,0.0008176439
2021-06-01,9.522321e-06,0.06579684,0.92240036,0.9881972,0.9881972,0.0003574304,0.01890583,0.0008067855
2021-06-02,9.032737e-06,0.07231572,0.9156525,0.98796827,0.9879682,0.00043910317,0.02095479,0.00075074274
2021-06-03,9.904723e-06,0.06430844,0.9237107,0.98801917,0.98801917,0.00041719378,0.020425322,0.00082671415
2021-06-04,9.688555e-06,0.06475853,0.9234271,0.98818564,0.98818564,0.00040292912,0.020073093,0.0008200663
2021-06-07,1.0129155e-05,0.063365705,0.92462397,0.98798966,0.98798966,0.0004038166,0.020095188,0.00084336987
2021-06-08,9.604625e-06,0.06511756,0.92309135,0.9882089,0.9882089,0.00038814018,0.019701274,0.000814565
2021-06-09,9.298856e-06,0.06722643,0.92090863,0.98813504,0.98813504,0.0003912091,0.019779006,0.0007837241
2021-06-10,9.762635e-06,0.06376304,0.92442864,0.98819166,0.98819166,0.00036958524,0.019224599,0.0008267579
2021-06-11,9.6964795e-06,0.06424942,0.92391115,0.98816055,0.98816055,0.00035417645,0.018819576,0.0008189975
2021-06-14,1.004586e-05,0.064273156,0.9238392,0.9881124,0.9881124,0.0004718771,0.021722732,0.0008450698
2021-06-15,1.0268939e-05,0.062164616,0.9259003,0.9880649,0.9880649,0.00046467668,0.02155636,0.0008603972
2021-06-16,1.0885065e-05,0.060931455,0.92673135,0.9876628,0.9876628,0.00051143934,0.022615025,0.0008822957
2021-06-17,1.0011996e-05,0.06368567,0.9244822,0.9881679,0.9881679,0.00048563955,0.02203723,0.00084617105
2021-06-18,9.529931e-06,0.06559285,0.92261964,0.98821247,0.98821247,0.00045902008,0.021424754,0.0008084754
2021-06-21,9.836967e-06,0.06407418,0.9239926,0.98806673,0.98806673,0.00044177248,0.021018384,0.0008243314
2021-06-22,1.2426827e-05,0.055123683,0.93158436,0.98670805,0.98670805,0.0004214338,0.020528853,0.0009349134
2021-06-23,9.308999e-06,0.066896,0.92122453,0.98812056,0.98812056,0.00042930318,0.020719633,0.00078362244
2021-06-24,9.951325e-06,0.06367138,0.92441833,0.9880897,0.9880897,0.000440075,0.020977965,0.0008355213
2021-06-25,1.1336569e-05,0.058572527,0.92903006,0.9876026,0.9876026,0.00045780683,0.02139642,0.00091443054
2021-06-28,1.2017197e-05,0.056106824,0.9311623,0.9872691,0.9872691,0.00046702093,0.021610668,0.0009439396
2021-06-29,9.3775125e-06,0.06666838,0.9215275,0.9881959,0.9881959,0.00051263534,0.022641452,0.00079442817
2021-06-30,1.1531541e-05,0.05761473,0.92986894,0.9874837,0.9874837,0.0004827446,0.02197145,0.0009213204
2021-07-01,1.3610143e-05,0.05193209,0.93464476,0.98657686,0.98657686,0.000462293,0.021501001,0.001013931
2021-07-02,1.8511724e-05,0.042703662,0.9418487,0.9845524,0.9845524,0.00044622674,0.02112408,0.0011983548
2021-07-06,1.4634549e-05,0.049413297,0.9366485,0.9860618,0.9860618,0.00044377308,0.021065922,0.0010499606
2021-07-07,1.0447985e-05,0.060474884,0.9272164,0.9876913,0.9876913,0.00044452003,0.021083644,0.0008488281
2021-07-08,1.411501e-05,0.050297763,0.93593556,0.9862333,0.9862333,0.00043010712,0.020739025,0.0010253005
2021-07-09,1.218007e-05,0.056112204,0.9309042,0.98701644,0.98701644,0.00044929222,0.021196514,0.0009381148
2021-07-12,1.75948e-05,0.043913294,0.94086176,0.98477507,0.98477507,0.00043115419,0.020764252,0.001155657
2021-07-13,1.1579645e-05,0.057322334,0.9301277,0.98745,0.98745,0.00044155167,0.021013131,0.0009226811
2021-07-14,1.6336899e-05,0.046468306,0.93838876,0.9848571,0.9848571,0.00043356558,0.020822238,0.0010788474
2021-07-15,9.495981e-06,0.0647537,0.92344964,0.98820335,0.98820335,0.00042745643,0.02067502,0.0008049725
2021-07-16,9.779505e-06,0.063314185,0.92483175,0.98814595,0.98814595,0.00041425443,0.02035324,0.0008249925
2021-07-19,1.0450268e-05,0.061107278,0.9267755,0.9878828,0.9878828,0.0004104933,0.020260634,0.00086243206
2021-07-20,8.447152e-06,0.074728966,0.9132668,0.98799574,0.98799574,0.0004401182,0.020978995,0.00070367975
2021-07-21,9.517107e-06,0.06650093,0.92152274,0.9880237,0.98802364,0.00045917675,0.02142841,0.00079466164
2021-07-22,8.787024e-06,0.07229127,0.9157013,0.9879926,0.9879926,0.0004630962,0.02151967,0.0007317998
2021-07-23,1.085344e-05,0.060055148,0.9276104,0.98766553,0.98766553,0.0004420081,0.021023989,0.00087992783
2021-07-26,1.0809022e-05,0.05970494,0.9280816,0.98778653,0.98778653,0.0004332228,0.020814005,0.00088500837
2021-07-27,1.4292064e-05,0.049875807,0.9363122,0.986188,0.986188,0.00041945482,0.020480596,0.0010347567
2021-07-28,1.2260252e-05,0.055657834,0.93141556,0.98707336,0.9870734,0.00045890908,0.021422163,0.00094844867
2021-07-29,1.2713245e-05,0.05473498,0.93218005,0.98691505,0.98691505,0.0004585848,0.021414593,0.0009715931
2021-07-30,1.5583099e-05,0.04760669,0.93803096,0.98563766,0.98563766,0.00044103293,0.021000784,0.0010849976
2021-08-02,1.49300195e-05,0.049851384,0.93604213,0.9858935,0.9858935,0.0004915705,0.02217139,0.0010583778
2021-08-03,9.3142235e-06,0.06612795,0.9220613,0.9881893,0.9881893,0.00047660017,0.021831173,0.0007886245
2021-08-04,9.784736e-06,0.06505559,0.923124,0.9881796,0.9881796,0.0004847209,0.022016378,0.0008277855
2021-08-05,9.5523465e-06,0.067153,0.9209486,0.9881016,0.9881016,0.0005247722,0.022907907,0.00080282625
2021-08-06,9.501186e-06,0.066398345,0.92174876,0.9881471,0.9881471,0.00049398735,0.022225827,0.0008015903
2021-08-09,9.434937e-06,0.06587441,0.92235434,0.98822874,0.98822874,0.00046483622,0.021560062,0.000801523
2021-08-10,9.4591205e-06,0.06612823,0.922084,0.9882122,0.9882122,0.0004627334,0.02151124,0.0008024519
2021-08-11,9.451358e-06,0.06650404,0.92151463,0.9880187,0.9880187,0.00043968495,0.020968666,0.00078884186
2021-08-12,1.0306202e-05,0.06172423,0.9261166,0.98784083,0.98784083,0.00041803476,0.020445898,0.00084760744
2021-08-13,9.779642e-06,0.06443541,0.92371494,0.98815036,0.98815036,0.00045803434,0.021401737,0.0008253112
2021-08-16,9.765206e-06,0.06401888,0.9242152,0.9882341,0.9882341,0.00045438146,0.021316225,0.0008299585
2021-08-17,9.61534e-06,0.06542165,0.92278534,0.988207,0.988207,0.00046064655,0.021462679,0.0008153418
2021-08-18,9.611896e-06,0.065728396,0.92243326,0.9881616,0.9881617,0.00048527413,0.022028938,0.00081192685
2021-08-19,9.457877e-06,0.06617479,0.9220372,0.988212,0.988212,0.00045835398,0.021409202,0.0008023302
2021-08-20,9.097971e-06,0.06782854,0.92039317,0.9882217,0.9882217,0.0004340949,0.020834943,0.00077243533
2021-08-23,9.1905185e-06,0.06729841,0.9209116,0.98821,0.98821,0.00041081972,0.020268688,0.0007795196
2021-08-24,8.937517e-06,0.08136055,0.9052148,0.9865753,0.98657537,0.0004273305,0.020671973,0.000665752
2021-08-25,1.3728173e-05,0.055584516,0.9296336,0.9852181,0.9852181,0.0004080575,0.020200433,0.00092871557
2021-08-26,1.1003079e-05,0.06613729,0.92010134,0.98623866,0.98623866,0.00039308405,0.019826347,0.0007995644
2021-08-27,1.020004e-05,0.0781464,0.9090934,0.9872398,0.9872398,0.00070858793,0.026619315,0.0007993623
2021-08-30,9.910177e-06,0.07082976,0.9168612,0.9876909,0.9876909,0.00080361683,0.028348137,0.0008051115
2021-08-31,1.4454159e-05,0.05286944,0.9332405,0.9861099,0.9861099,0.0007621876,0.027607745,0.0010406097
2021-09-01,1.0428789e-05,0.06510063,0.9227543,0.9878549,0.9878549,0.00074066693,0.027215196,0.00085868273
2021-09-02,1.1399994e-05,0.0660078,0.9210754,0.9870832,0.9870832,0.0008778165,0.02962797,0.00088257086
2021-09-03,1.21797875e-05,0.056462802,0.9305681,0.9870309,0.9870309,0.00082217413,0.028673578,0.0009391407
2021-09-07,1.5501888e-05,0.04880021,0.9370455,0.98584574,0.98584574,0.0007906398,0.028118318,0.0010952104
2021-09-08,1.049507e-05,0.0628956,0.9250626,0.9879582,0.9879582,0.0008027543,0.028332919,0.0008715527
2021-09-09,1.1419436e-05,0.07293193,0.9137072,0.98663914,0.98663914,0.0010902766,0.033019338,0.00085469335
2021-09-10,1.3847049e-05,0.054694824,0.93175447,0.9864493,0.9864493,0.0010487046,0.03238371,0.0010218697
2021-09-13,1.3013016e-05,0.05659157,0.9298921,0.9864837,0.9864837,0.0010096052,0.031774286,0.00096276414
2021-09-14,1.276051e-05,0.06624079,0.91999906,0.98623985,0.98623985,0.0011412149,0.03378187,0.0009273526
2021-09-15,2.023575e-05,0.04270834,0.94137776,0.9840861,0.9840861,0.0010648555,0.032632124,0.0012715767
2021-09-16,2.2362447e-05,0.041613795,0.94103634,0.98265016,0.98265016,0.0010828017,0.03290595,0.0012889138
2021-09-17,4.2623975e-05,0.02485313,0.9514762,0.9763293,0.9763293,0.0010632436,0.032607418,0.0018007081
2021-09-20,3.7362977e-05,0.027894992,0.94997525,0.9778702,0.9778702,0.0011020902,0.033197746,0.0016883578
2021-09-21,3.752379e-05,0.027126664,0.950565,0.97769165,0.97769165,0.0010998328,0.033163726,0.0016820513
2021-09-22,5.9486414e-05,0.021723745,0.9475529,0.96927667,0.96927667,0.0011192653,0.033455424,0.0019361966
2021-09-23,0.00012439585,0.012144246,0.9338459,0.94599015,0.94599015,0.0011200504,0.033467155,0.0023032066
2021-09-24,5.31913e-05,0.028020563,0.94156975,0.9695903,0.9695903,0.0011853765,0.034429297,0.001749156
2021-09-27,8.400317e-05,0.015824387,0.9454482,0.9612726,0.9612726,0.001199145,0.034628674,0.0021690887
2021-09-28,1.645302e-05,0.08594721,0.8949191,0.9808663,0.9808663,0.0013911056,0.03729753,0.000859898
2021-09-29,4.3545686e-05,0.03241745,0.94109464,0.9735121,0.9735121,0.0013092079,0.036182977,0.0016439849
2021-09-30,2.9034063e-05,0.056148976,0.9193125,0.9754615,0.9754615,0.0014089912,0.03753653,0.0011832037
2021-10-01,1.51505865e-05,0.08903364,0.8919505,0.98098415,0.98098415,0.0015915999,0.03989486,0.0007967347
2021-10-04,3.3540848e-05,0.049714956,0.9234345,0.9731495,0.9731495,0.0015992774,0.039990965,0.0012491693
2021-10-05,3.6828904e-05,0.045274995,0.92645216,0.97172713,0.97172713,0.001544056,0.039294478,0.0013026235
2021-10-06,1.0688552e-05,0.12219194,0.8597461,0.98193806,0.98193806,0.0018396131,0.042890713,0.0005917722
2021-10-07,2.4668152e-05,0.089898385,0.88295007,0.9728485,0.9728485,0.0029697984,0.054495856,0.00090853655
2021-10-08,2.7788294e-05,0.060490992,0.9129913,0.97348225,0.97348225,0.0026468798,0.051447835,0.001047913
2021-10-11,2.8267434e-05,0.061517224,0.9109387,0.9724559,0.9724559,0.0024678898,0.04967786,0.0010262616
2021-10-12,7.395236e-05,0.04751172,0.89975864,0.94727033,0.94727033,0.0023754295,0.04873838,0.0014024811
2021-10-13,4.3003878e-05,0.05827027,0.90530527,0.96357554,0.96357554,0.0022531787,0.04746766,0.0011806319
2021-10-14,0.00011518558,0.017850334,0.92710125,0.9449516,0.9449516,0.0020968695,0.04579159,0.0020924418
2021-10-15,0.00012748271,0.019046603,0.91922224,0.93826884,0.93826884,0.0020646062,0.04543794,0.0020651275
2021-10-18,0.00010575838,0.026784144,0.9162314,0.9430155,0.9430155,0.002072414,0.045523774,0.0018559154
2021-10-19,8.850954e-05,0.043608196,0.90024966,0.94385785,0.94385785,0.002179466,0.04668475,0.0015765256
2021-10-20,0.00010680929,0.036000956,0.90034133,0.9363423,0.9363423,0.002067765,0.045472685,0.0016778691
2021-10-21,0.00012542336,0.026489316,0.907136,0.93362534,0.93362534,0.0019779445,0.044474088,0.0018896272
2021-10-22,0.00017684417,0.014988296,0.9077356,0.9227239,0.9227239,0.0019226026,0.043847494,0.0022884714
2021-10-25,0.00014988428,0.015882703,0.9163314,0.93221414,0.93221414,0.0019373636,0.044015493,0.0022111437
2021-10-26,1.5446594e-05,0.09777134,0.88130015,0.9790715,0.9790715,0.0021204657,0.046048515,0.000738065
2021-10-27,0.00014376667,0.014421957,0.92129064,0.9357126,0.9357126,0.0018848295,0.043414623,0.0022363109
2021-10-28,1.8845763e-05,0.063374996,0.9181101,0.98148507,0.98148507,0.0019210309,0.043829568,0.0010178684
2021-10-29,2.3184926e-05,0.06991311,0.90582657,0.97573966,0.97573966,0.0020923577,0.045742296,0.0009556719
2021-11-01,1.2638826e-05,0.11581256,0.8638968,0.9797093,0.9797093,0.0021989988,0.046893485,0.00062288844
2021-11-02,9.7041986e-05,0.029646564,0.9168685,0.9465151,0.9465151,0.002147217,0.046338074,0.0018143804
2021-11-03,8.836033e-06,0.15243427,0.82964647,0.98208076,0.98208076,0.0021972521,0.046874855,0.00049310306
2021-11-04,2.911705e-05,0.05924929,0.9155533,0.97480255,0.97480255,0.0019126952,0.04373437,0.0011555556
2021-11-05,2.3047347e-05,0.05179115,0.928109,0.9799001,0.9799001,0.0017843595,0.042241678,0.0011466411
2021-11-08,2.6077514e-05,0.056626003,0.9183814,0.9750074,0.9750074,0.0017440678,0.04176204,0.00104341
2021-11-09,3.9342718e-05,0.04432305,0.9258266,0.97014964,0.97014964,0.0016424028,0.04052657,0.0013179979
2021-11-10,0.00010347087,0.04705456,0.8848828,0.9319374,0.93193734,0.0018873657,0.04344382,0.0015202309
2021-11-11,0.00011842554,0.031270385,0.90642774,0.9376981,0.9376981,0.0017921609,0.042333923,0.0019008343
2021-11-12,1.6891003e-05,0.097000256,0.8799784,0.97697866,0.97697866,0.0018336135,0.042820714,0.00073371065
2021-11-15,4.027566e-05,0.0755176,0.8866116,0.9621292,0.9621292,0.0021312905,0.046165902,0.001063501
2021-11-16,1.2171343e-05,0.116143994,0.86415285,0.98029685,0.98029685,0.0020917824,0.045736007,0.0006177359
2021-11-17,1.1661322e-05,0.1074772,0.8740626,0.9815398,0.9815398,0.0019357648,0.04399733,0.00063170027
2021-11-18,1.9082305e-05,0.096293665,0.8798825,0.9761762,0.9761762,0.0022619797,0.047560275,0.0008009766
2021-11-19,1.6019883e-05,0.09754673,0.8793887,0.97693545,0.9769354,0.0020402314,0.04516892,0.0006945672
2021-11-22,2.5810368e-05,0.056149118,0.92161477,0.9777639,0.9777639,0.0019158704,0.043770656,0.0011607412
2021-11-23,1.7330198e-05,0.106810644,0.8668178,0.9736284,0.9736284,0.0019664988,0.044345222,0.00065715384
2021-11-24,1.4327387e-05,0.10670451,0.87067926,0.9773838,0.9773838,0.001865792,0.043194816,0.00063350087
2021-11-26,4.4238397e-05,0.037311684,0.93269616,0.97000784,0.97000784,0.0016829626,0.04102393,0.0014749985
2021-11-29,1.0117772e-05,0.12983745,0.85302114,0.9828586,0.9828586,0.001809104,0.04253356,0.0005902535
2021-11-30,1.0150539e-05,0.1536378,0.8255769,0.97921467,0.97921467,0.00327209,0.057202186,0.0004883511
2021-12-01,1.365128e-05,0.13160522,0.8462587,0.9778639,0.9778639,0.0032783465,0.057256848,0.0006166978
2021-12-02,2.1208729e-05,0.1256444,0.8410951,0.9667395,0.9667395,0.0034301025,0.058567077,0.0006376547
2021-12-03,1.5901322e-05,0.1507367,0.8188193,0.969556,0.969556,0.0032005343,0.056573264,0.00052231335
2021-12-06,2.1352993e-05,0.12006268,0.8470924,0.96715504,0.9671551,0.0026896682,0.051862013,0.0006501147
2021-12-07,1.6633507e-05,0.1999459,0.76020634,0.96015227,0.96015227,0.004084197,0.06390772,0.0004174267
2021-12-08,1.1919284e-05,0.18445185,0.78776026,0.97221214,0.9722121,0.0031609666,0.056222472,0.00042893845
2021-12-09,9.847669e-06,0.1842074,0.79280925,0.9770166,0.9770166,0.0026534486,0.051511634,0.0004284693
2021-12-10,1.170281e-05,0.13916568,0.838628,0.9777937,0.9777937,0.002113527,0.04597311,0.0005270039
2021-12-13,1.226501e-05,0.1392335,0.8373954,0.9766289,0.9766289,0.001900349,0.043592993,0.00052479387
2021-12-14,8.762995e-05,0.041046612,0.90400785,0.9450545,0.9450545,0.0017621052,0.041977435,0.0015948514
2021-12-15,3.4320943e-05,0.06766786,0.8991967,0.9668645,0.9668645,0.0016867558,0.041070133,0.0010357765
2021-12-16,2.8232895e-05,0.06741972,0.90427065,0.97169036,0.97169036,0.0015658236,0.039570488,0.000997289
2021-12-17,4.2365424e-05,0.05996566,0.90234655,0.9623122,0.9623122,0.0014500021,0.038078893,0.0011241157
2021-12-20,9.7112425e-05,0.028122015,0.9209855,0.9491075,0.9491075,0.0013751921,0.03708358,0.0019081883
2021-12-21,4.7784146e-05,0.041449726,0.92805326,0.969503,0.969503,0.0014053028,0.03748737,0.0015668466
2021-12-22,6.6992965e-05,0.04297005,0.9104716,0.9534417,0.9534417,0.0013555599,0.03681793,0.0014389042
2021-12-23,7.767693e-05,0.028487403,0.9279482,0.95643556,0.95643556,0.0013336554,0.036519248,0.0017830352
2021-12-27,0.0001588906,0.030558253,0.8882894,0.9188476,0.9188476,0.0014297252,0.037811708,0.001957929
2021-12-28,1.4828818e-05,0.1068479,0.87137634,0.9782242,0.9782242,0.0016481939,0.040597953,0.00068097754
2021-12-29,1.744284e-05,0.08983844,0.8871655,0.97700393,0.97700393,0.0014511385,0.038093813,0.00075851404
2021-12-30,1.0545162e-05,0.1088215,0.87420803,0.98302954,0.98302954,0.0013098534,0.036191896,0.00062138354
2021-12-31,1.1681497e-05,0.19015755,0.783797,0.97395456,0.97395456,0.002776099,0.0526887,0.0004485045
2022-01-03,9.106841e-06,0.1366853,0.84656245,0.98324776,0.98324776,0.0026000368,0.050990555,0.0005436192
2022-01-04,8.041868e-06,0.13968767,0.8441775,0.98386514,0.98386514,0.0022808718,0.047758475,0.0004984158
2022-01-05,8.39137e-06,0.1601953,0.82166845,0.98186374,0.98186374,0.0020266122,0.04501791,0.00046268463
2022-01-06,8.09428e-06,0.1461549,0.8372714,0.9834263,0.9834263,0.001978673,0.04448228,0.0004883802
2022-01-07,8.122449e-06,0.11424691,0.87115717,0.9854041,0.9854041,0.0017120845,0.041377343,0.0005564874
2022-01-10,8.4595995e-06,0.102362275,0.88374424,0.9861065,0.9861065,0.0015836621,0.039795253,0.0006088897
2022-01-11,8.603189e-06,0.101418085,0.88475335,0.9861714,0.9861714,0.0015799754,0.039748903,0.0006221312
2022-01-12,7.881665e-06,0.12614793,0.8587778,0.98492575,0.98492575,0.0015772905,0.039715115,0.0005228561
2022-01-13,8.911324e-06,0.17204124,0.8089347,0.9809759,0.9809759,0.003625619,0.06021311,0.0004684235
2022-01-14,9.424344e-06,0.1871908,0.7913116,0.97850245,0.9785024,0.0057870597,0.07607272,0.00043839158
2022-01-18,7.78364e-06,0.1528398,0.8304786,0.9833184,0.9833184,0.0045893136,0.06774447,0.00046660003
2022-01-19,7.882917e-06,0.15813972,0.8246888,0.9828285,0.9828285,0.003823119,0.061831374,0.00045906974
2022-01-20,8.4433805e-06,0.17022963,0.8108628,0.9810924,0.9810924,0.0037383186,0.06114179,0.00044655998
2022-01-21,1.1357302e-05,0.151789,0.82521075,0.97699976,0.97699976,0.003617926,0.060149197,0.0004937906
2022-01-24,8.723332e-06,0.14010462,0.8423929,0.9824975,0.9824976,0.003387437,0.058201693,0.0004984053
2022-01-25,1.403656e-05,0.09077107,0.88932604,0.9800971,0.9800971,0.0028695057,0.053567767,0.0007052525
2022-01-26,9.4942825e-06,0.13700461,0.8437472,0.9807518,0.9807518,0.0025699667,0.05069484,0.0004932559
2022-01-27,7.9905e-06,0.15566513,0.8270006,0.9826658,0.9826658,0.0025774096,0.050768197,0.00046096675
2022-01-28,0.0026974864,5.403738e-11,1.3193605e-08,1.3247643e-08,1.3247643e-08,0.024846796,0.15762867,0.0026974864
2022-01-31,8.7880864e-05,0.18980373,0.56966823,0.75947195,0.75947195,0.0026974867,0.051937334,0.0003653664
2022-02-01,2.4335537e-05,0.23140945,0.70229673,0.93370616,0.93370616,0.0020919188,0.045737498,0.00036708597
2022-02-02,2.7081807e-05,0.23003903,0.69609356,0.92613256,0.92613256,0.0016422372,0.040524527,0.00036662712
2022-02-03,3.4293727e-05,0.22600082,0.6802647,0.90626556,0.9062655,0.006126332,0.07827089,0.00036586047
2022-02-04,1.944238e-05,0.23084961,0.71644443,0.94729406,0.94729406,0.0073454906,0.08570584,0.000368884
2022-02-07,4.1698182e-05,0.17190522,0.7306803,0.9025855,0.9025855,0.0063068387,0.079415604,0.00042804907
2022-02-08,2.144176e-05,0.22039454,0.72259355,0.9429881,0.9429881,0.0056710625,0.07530646,0.00037609268
2022-02-09,2.0420657e-05,0.21090136,0.73594755,0.9468489,0.9468489,0.004122806,0.06420908,0.0003842003
2022-02-10,4.9167425e-05,0.17793173,0.70275,0.88068175,0.88068175,0.0037567534,0.06129236,0.00041206964
2022-02-11,8.761509e-05,0.12462467,0.7179231,0.8425478,0.8425478,0.0027163394,0.052118514,0.00055645505
2022-02-14,0.00014841152,0.08157089,0.73475885,0.8163298,0.8163297,0.0020400973,0.045167435,0.0008080326
2022-02-15,5.4762702e-05,0.10659377,0.8059373,0.9125311,0.9125311,0.0019677111,0.04435889,0.00062608183
2022-02-16,0.00018572672,0.038591824,0.83967966,0.87827146,0.87827146,0.0017144684,0.04140614,0.001525745
2022-02-17,6.151577e-05,0.08610137,0.83589894,0.9220003,0.9220003,0.001947511,0.044130612,0.00078866666
2022-02-18,0.00030151312,0.026136091,0.812306,0.8384421,0.8384421,0.0019047392,0.043643318,0.0018662851
2022-02-22,0.00015353208,0.04406956,0.8410965,0.8851661,0.88516605,0.0018525898,0.04304172,0.0013369927
2022-02-23,0.0005053,0.015913965,0.74759275,0.7635067,0.7635067,0.001721939,0.04149625,0.0021366356
2022-02-24,0.00020305751,0.030954128,0.8440501,0.87500423,0.87500423,0.0018047467,0.04248231,0.001624515
2022-02-25,0.0017838186,0.00088124804,0.3300776,0.33095884,0.33095884,0.0017306367,0.04160092,0.0026662315
2022-02-28,0.0010826071,0.002829615,0.58299834,0.58582795,0.58582795,0.0023554696,0.04853318,0.0026139067
2022-03-01,0.00034519323,0.024149168,0.80025584,0.824405,0.824405,0.002456489,0.04956298,0.001965849
2022-03-02,9.107845e-06,0.18281236,0.79522324,0.97803557,0.97803557,0.0023464675,0.04844035,0.00041466334
2022-03-03,1.1050327e-05,0.19537027,0.77728194,0.9726522,0.9726522,0.0021779651,0.046668675,0.00040406635
2022-03-04,3.90781e-05,0.064505145,0.8981419,0.9626471,0.9626471,0.001717174,0.0414388,0.001046186
2022-03-07,9.536366e-06,0.18826535,0.78864336,0.9769087,0.9769087,0.0018182796,0.04264129,0.00041298493
2022-03-08,2.413304e-05,0.09273018,0.87465364,0.9673838,0.9673838,0.0017006791,0.04123929,0.00073990965
2022-03-09,1.2876858e-05,0.20926663,0.75803304,0.9672997,0.9672997,0.0019058613,0.04365617,0.00039378408
2022-03-10,1.0716651e-05,0.15045714,0.8280267,0.97848386,0.97848386,0.0014575828,0.038178302,0.00049807486
2022-03-11,3.0360028e-05,0.054300375,0.9197957,0.97409606,0.97409606,0.0012982,0.036030542,0.0011720236
2022-03-14,8.169013e-06,0.15215074,0.83014065,0.9822914,0.9822914,0.001246817,0.035310294,0.00046130206
2022-03-15,2.4636382e-05,0.056664646,0.92008823,0.9767529,0.9767529,0.0010733458,0.032761957,0.0010597605
2022-03-16,2.337915e-05,0.052595302,0.92647076,0.9790661,0.9790661,0.0010333265,0.032145396,0.0011168068
2022-03-17,1.44325195e-05,0.085497305,0.895038,0.9805353,0.9805353,0.0010601259,0.032559574,0.0007414725
2022-03-18,8.848265e-06,0.1843736,0.79424006,0.9786137,0.9786137,0.0011763315,0.03429769,0.0004137347
2022-03-21,1.6443595e-05,0.093511656,0.8827194,0.97623104,0.97623104,0.0010637267,0.032614823,0.0006918096
2022-03-22,1.0105556e-05,0.12991688,0.85034955,0.98026645,0.98026645,0.00096108427,0.03100136,0.0005121003
2022-03-23,9.481181e-06,0.112187125,0.8717559,0.98394305,0.98394305,0.0012513351,0.035374217,0.00059047196
2022-03-24,8.60474e-06,0.13764289,0.84489703,0.9825399,0.9825399,0.0011091152,0.03330338,0.00049282284
2022-03-25,1.5027777e-05,0.07808651,0.9033149,0.9814014,0.9814014,0.001086609,0.032963753,0.00080800516
2022-03-28,1.7891009e-05,0.062174186,0.91861427,0.98078847,0.98078847,0.0010725734,0.032750167,0.0009312641
2022-03-29,1.760589e-05,0.054886132,0.9273691,0.9822552,0.9822552,0.0010109254,0.031795055,0.0009921729
2022-03-30,1.0899352e-05,0.087340385,0.89734435,0.9846847,0.9846847,0.0010096341,0.03177474,0.00071166456
2022-03-31,8.114379e-06,0.12382196,0.8608215,0.98464346,0.98464346,0.0011299341,0.033614494,0.0005283989
2022-04-01,1.1371942e-05,0.07842005,0.90646195,0.984882,0.984882,0.0009864873,0.031408396,0.0007522119
2022-04-04,1.5587484e-05,0.060409453,0.92376983,0.98417926,0.98417926,0.00092081557,0.030344943,0.0009852562
2022-04-05,1.0454511e-05,0.093831316,0.8900239,0.9838552,0.9838552,0.0008662952,0.029432893,0.00064754614
2022-04-06,1.5276259e-05,0.06287015,0.9207835,0.98365366,0.98365366,0.0010623884,0.0325943,0.0009345372
2022-04-07,1.6523798e-05,0.053380605,0.9305787,0.9839593,0.9839593,0.0009935114,0.031520016,0.0010301181
2022-04-08,1.541578e-05,0.058696285,0.92568743,0.9843837,0.9843837,0.0010938306,0.03307311,0.0009871598
2022-04-11,8.315937e-06,0.098473564,0.88784504,0.9863186,0.9863186,0.0010372999,0.03220714,0.0006078274
2022-04-12,1.6631682e-05,0.05971549,0.9234682,0.9831837,0.9831837,0.0012460633,0.03529962,0.0009890205
2022-04-13,7.3628216e-06,0.12577093,0.8596515,0.98542243,0.98542243,0.0011693129,0.03419522,0.0005050789
2022-04-14,7.4942895e-06,0.13589813,0.8488968,0.9847949,0.9847949,0.0012853271,0.03585146,0.00049288047
2022-04-18,8.301771e-06,0.104643285,0.88130987,0.98595315,0.98595315,0.001345214,0.03667716,0.000591006
2022-04-19,1.4280095e-05,0.06848009,0.9153621,0.9838422,0.9838422,0.0016922932,0.04113749,0.0008837892
2022-04-20,1.32432915e-05,0.10157783,0.87975657,0.9813344,0.9813344,0.0020667198,0.04546119,0.00070950214
2022-04-21,8.628991e-06,0.12649281,0.85721624,0.98370904,0.98370904,0.0019465869,0.04412014,0.00052967964
2022-04-22,8.849031e-06,0.10846853,0.87641436,0.9848829,0.9848829,0.0016784787,0.04096924,0.0005853653
2022-04-25,1.9462357e-05,0.09249602,0.88169146,0.9741875,0.9741875,0.0019039088,0.043633804,0.00075398944
2022-04-26,4.012481e-05,0.063741654,0.8994142,0.96315587,0.96315587,0.0017375904,0.041684415,0.001089042
2022-04-27,1.0094312e-05,0.16084966,0.8168893,0.9777389,0.977739,0.0016493533,0.040612232,0.00045345107
2022-04-28,7.7068e-06,0.16714506,0.815314,0.98245907,0.98245907,0.0019230781,0.043852914,0.0004393609
2022-04-29,8.739471e-06,0.19550899,0.78292346,0.9784325,0.9784324,0.0020514722,0.045293182,0.0004052144
2022-05-02,1.371416e-05,0.07353892,0.9103811,0.98392,0.98392,0.0021154347,0.045993857,0.0008528695
2022-05-03,1.0338383e-05,0.08990859,0.8958122,0.9857208,0.9857208,0.0020129832,0.044866282,0.0007240176
2022-05-04,8.528132e-06,0.12479429,0.8599875,0.9847818,0.9847818,0.0021627436,0.046505306,0.00056039036
2022-05-05,7.7937975e-06,0.13976228,0.8444972,0.9842595,0.9842595,0.002267497,0.04761824,0.00049514254
2022-05-06,2.2614322e-05,0.045499742,0.93592036,0.9814201,0.9814201,0.0021812082,0.046703406,0.0012171391
2022-05-09,9.1612455e-06,0.122840315,0.86095667,0.983797,0.98379695,0.0024148803,0.049141433,0.00056540477
2022-05-10,1.192213e-05,0.19891737,0.7743334,0.9732508,0.9732508,0.004326323,0.06577479,0.00044570054
2022-05-11,9.949206e-06,0.17921203,0.79870206,0.9779141,0.9779141,0.0038600164,0.06212903,0.00045047764
2022-05-12,8.218398e-06,0.17869033,0.8019954,0.9806857,0.9806857,0.003301986,0.05746291,0.00042550868
2022-05-13,8.400953e-06,0.17053838,0.8105049,0.9810433,0.9810433,0.0026869716,0.051836006,0.0004431649
2022-05-16,8.03024e-06,0.16316077,0.8187556,0.9819164,0.9819164,0.0022021278,0.046926834,0.0004440627
2022-05-17,1.0353262e-05,0.1027581,0.8800522,0.9828103,0.9828103,0.0020432882,0.045202747,0.00060229516
2022-05-18,1.5989457e-05,0.07257323,0.908357,0.98093027,0.98093027,0.0019987037,0.044706862,0.00083847315
2022-05-19,3.9686904e-05,0.031179395,0.94306475,0.9742441,0.9742441,0.0018360366,0.042848997,0.0015408869
2022-05-20,8.711102e-06,0.122366734,0.86097765,0.9833444,0.9833444,0.0017727116,0.04210358,0.00052301266
2022-05-23,1.7176515e-05,0.062145278,0.9188574,0.9810027,0.9810027,0.0016258392,0.040321697,0.000904155
2022-05-24,2.1659183e-05,0.06345562,0.9153599,0.97881556,0.97881556,0.0018970832,0.04355552,0.0010224098
2022-05-25,2.2299175e-05,0.050490867,0.9291403,0.9796312,0.9796312,0.0017605616,0.041959047,0.0010947704
2022-05-26,1.8748784e-05,0.061390102,0.9188607,0.9802508,0.9802508,0.0016781151,0.040964805,0.0009493428
2022-05-27,1.04057e-05,0.09038645,0.8938849,0.98427135,0.98427135,0.001563576,0.03954208,0.00066157605
2022-05-31,1.0661237e-05,0.090625525,0.89338416,0.9840097,0.9840097,0.0014453909,0.038018297,0.0006667308
2022-06-01,1.0375598e-05,0.120901525,0.86067116,0.9815727,0.9815727,0.0017310628,0.041606043,0.00056305545
2022-06-02,8.711867e-06,0.1269711,0.8568852,0.98385626,0.9838563,0.0020215642,0.044961806,0.0005396437
2022-06-03,8.23885e-06,0.1437302,0.83925736,0.9829875,0.9829875,0.0018162893,0.042617947,0.0004842828
2022-06-06,8.299635e-06,0.13866171,0.8446064,0.9832681,0.98326814,0.0015357138,0.039188184,0.0004960361
2022-06-07,8.278669e-06,0.15563448,0.82701474,0.9826492,0.9826492,0.002423916,0.04923328,0.00047713492
2022-06-08,9.019085e-06,0.09886015,0.8867517,0.98561186,0.98561186,0.0020142107,0.044879958,0.00062684144
2022-06-09,1.0597844e-05,0.11579121,0.8664658,0.982257,0.982257,0.0022237683,0.047156848,0.0005972975
2022-06-10,8.242524e-06,0.14487907,0.83853805,0.9834171,0.98341715,0.0020423455,0.045192316,0.0004970494
2022-06-13,1.1136936e-05,0.093074545,0.8909199,0.9839945,0.9839945,0.0017433973,0.04175401,0.0006958186
2022-06-14,3.012437e-05,0.046446115,0.92960966,0.9760558,0.97605574,0.0016342577,0.040425953,0.0012581073
2022-06-15,0.00022793568,0.1338104,0.61578995,0.74960035,0.74960035,0.0030550375,0.055272393,0.00091028755
2022-06-16,9.856522e-06,0.19200474,0.78463256,0.9766373,0.9766373,0.0022447924,0.04737924,0.00042189148
2022-06-17,9.5024625e-06,0.17952342,0.7985775,0.9781009,0.9781009,0.0017783816,0.042170864,0.00043392016
2022-06-21,1.5201394e-05,0.18112856,0.78755814,0.9686867,0.9686867,0.0023605218,0.048585203,0.00048546123
2022-06-22,1.4748716e-05,0.18421562,0.7825847,0.96680033,0.96680033,0.0019436439,0.044086777,0.00044424288
2022-06-23,9.077075e-06,0.18077937,0.7982079,0.9789872,0.9789872,0.0015462418,0.039322283,0.00043197873
2022-06-24,6.3299645e-05,0.09613255,0.8376694,0.9338019,0.9338019,0.002853945,0.053422324,0.0009562153
2022-06-27,2.8519828e-05,0.13583799,0.81397253,0.9498105,0.9498105,0.0024547393,0.049545325,0.000568243
2022-06-28,4.0924442e-05,0.08220023,0.8738649,0.9560651,0.9560651,0.0022943013,0.047898866,0.0009314795
2022-06-29,8.943091e-06,0.1828104,0.7960472,0.97885764,0.97885764,0.002050922,0.045287106,0.00042299394
2022-06-30,5.371079e-05,0.04733664,0.91425925,0.9615959,0.9615959,0.0016530328,0.040657505,0.001398569
2022-07-01,0.00021472751,0.13024499,0.6613087,0.7915537,0.7915537,0.0031064805,0.055735808,0.0010301333
2022-07-05,1.1740773e-05,0.2025083,0.76870954,0.9712179,0.9712179,0.0026643237,0.051617086,0.00040791882
2022-07-06,4.091955e-05,0.1289911,0.81773126,0.9467223,0.9467224,0.0023309314,0.04827972,0.0007680431
2022-07-07,4.8643054e-05,0.09012852,0.8585729,0.94870144,0.94870144,0.0019475914,0.044131525,0.00094823434
2022-07-08,1.5691734e-05,0.23104069,0.72702515,0.95806587,0.95806587,0.0033322559,0.057725694,0.00037419956
2022-07-11,1.1507665e-05,0.15407449,0.8217873,0.9758618,0.9758618,0.002854802,0.053430345,0.00047674056
2022-07-12,8.854799e-06,0.1874379,0.7914318,0.9788697,0.9788697,0.0029719495,0.05451559,0.00041905645
2022-07-13,2.0122197e-05,0.13836999,0.8288247,0.9671947,0.9671947,0.0026850507,0.051817477,0.0006133821
2022-07-14,9.434906e-06,0.17101207,0.8081058,0.97911793,0.9791179,0.0031783823,0.056377143,0.00045181852
2022-07-15,1.5928965e-05,0.111487895,0.862344,0.9738319,0.9738319,0.0026076504,0.051065158,0.00060871674
2022-07-18,1.6449263e-05,0.09006759,0.88747406,0.9775416,0.9775416,0.0026839625,0.05180697,0.0007324334
2022-07-19,1.7115814e-05,0.07792521,0.90058976,0.97851497,0.97851497,0.0027686046,0.05261753,0.000796639
2022-07-20,1.5170884e-05,0.08601703,0.8929897,0.9790067,0.9790067,0.002575858,0.05075291,0.0007226539
2022-07-21,1.1899275e-05,0.110567816,0.8707164,0.9812842,0.9812842,0.0031346213,0.05598769,0.0006357877
2022-07-22,2.6188738e-05,0.05626281,0.91976917,0.97603196,0.97603196,0.0027506338,0.052446485,0.0010926524
2022-07-25,3.635127e-05,0.04103541,0.9324738,0.9735092,0.9735092,0.0026722865,0.051694162,0.0013722221
2022-07-26,1.14607665e-05,0.101125255,0.88054585,0.9816711,0.9816711,0.0026328089,0.051310904,0.00062528375
2022-07-27,6.7590925e-05,0.02697446,0.9345529,0.96152735,0.96152735,0.0024221884,0.049215734,0.0017568563
2022-07-28,2.2829467e-05,0.06376435,0.91130847,0.9750728,0.9750728,0.0023631984,0.04861274,0.0009158456
2022-07-29,3.988484e-05,0.047824975,0.9198199,0.9676449,0.9676449,0.0024505728,0.04950326,0.0012327207
2022-08-01,3.2903852e-05,0.048805982,0.92297924,0.9717852,0.9717852,0.0023006496,0.047965087,0.0011661907
2022-08-02,0.00013710785,0.011261662,0.9287266,0.93998826,0.93998826,0.0021585773,0.04646049,0.0022846838
2022-08-03,3.0352136e-05,0.064480916,0.90585405,0.97033495,0.97033495,0.0022002165,0.046906464,0.0010231613
2022-08-04,3.7593505e-05,0.05729092,0.91127026,0.9685612,0.9685612,0.002342619,0.04840061,0.0011957667
2022-08-05,9.4201336e-05,0.017587135,0.93753135,0.9551185,0.9551185,0.0021896346,0.04679353,0.002098889
2022-08-08,1.5828462e-05,0.07430558,0.90682435,0.98112994,0.98112994,0.0021479044,0.04634549,0.0008388137
2022-08-09,2.4788851e-05,0.07107784,0.90162265,0.9727005,0.9727005,0.002235612,0.047282256,0.00090803235
2022-08-10,8.908616e-06,0.14694478,0.83452785,0.9814726,0.9814726,0.0021125784,0.045962792,0.00048083495
2022-08-11,9.653884e-06,0.11355991,0.86955565,0.98311555,0.98311555,0.0020860806,0.04567363,0.000571762
2022-08-12,1.2676452e-05,0.094372295,0.8873739,0.9817462,0.9817462,0.002531513,0.050314143,0.00069445535
2022-08-15,2.1568945e-05,0.059592374,0.91880995,0.9784023,0.9784023,0.00227224,0.047668017,0.0009986694
2022-08-16,3.7957576e-05,0.032100942,0.94366586,0.9757668,0.9757668,0.0021104617,0.045939762,0.0015663445
2022-08-17,1.28580805e-05,0.08278204,0.90066993,0.98345196,0.98345196,0.0021727604,0.046612877,0.0007770154
2022-08-18,1.762481e-05,0.0668004,0.9131814,0.97998184,0.97998184,0.0019764248,0.044457,0.00088044105
2022-08-19,1.8908517e-05,0.058275472,0.9225151,0.98079056,0.98079056,0.0018247614,0.042717226,0.0009843344
2022-08-22,4.1052816e-05,0.032842115,0.9403767,0.9732188,0.9732188,0.0017175453,0.041443277,0.0015328967
2022-08-23,6.4787055e-05,0.022184728,0.9442467,0.96643144,0.96643144,0.0016996831,0.041227214,0.001929992
2022-08-24,0.00011037058,0.020487769,0.9247346,0.9452224,0.9452224,0.0017283495,0.041573424,0.0020148845
2022-08-25,0.00020204397,0.011316821,0.90336,0.91467685,0.91467685,0.0017132441,0.041391354,0.0023679852
2022-08-26,4.799684e-05,0.032565527,0.93755007,0.9701156,0.9701156,0.0017500052,0.04183306,0.0016060836
2022-08-29,5.9116308e-05,0.030100102,0.9347628,0.9648629,0.9648629,0.0016909343,0.041120972,0.0016824462
2022-08-30,7.219845e-05,0.019606767,0.9442454,0.96385217,0.96385217,0.0016409406,0.040508524,0.0019973104
2022-08-31,6.9973576e-05,0.022692898,0.9401109,0.96280384,0.96280384,0.0016437984,0.040543783,0.0018812043
2022-09-01,7.813371e-05,0.017027814,0.9460604,0.9630882,0.9630882,0.0016174016,0.04021693,0.0021167686
2022-09-02,6.939059e-05,0.017968452,0.9475708,0.9655393,0.9655393,0.0016120682,0.040150568,0.002013614
2022-09-06,3.244031e-05,0.053617988,0.9192319,0.9728499,0.9728499,0.0016465676,0.04057792,0.0011948508
2022-09-07,0.00091957505,0.0042625163,0.647692,0.65195453,0.65195453,0.0018520525,0.04303548,0.0026421119
2022-09-08,9.8246666e-05,0.04100888,0.90232164,0.9433305,0.9433305,0.0021251943,0.04609983,0.0017336789
2022-09-09,6.4100466e-05,0.042715203,0.91559815,0.95831335,0.95831335,0.0020195346,0.04493923,0.0015376735
2022-09-12,4.718902e-05,0.06227944,0.8967086,0.9589881,0.9589881,0.0019177918,0.043792598,0.0011506169
2022-09-13,4.8004822e-05,0.05392361,0.9097678,0.9636914,0.9636914,0.0018281247,0.042756576,0.0013221342
2022-09-14,2.1517717e-05,0.06359144,0.9152727,0.97886413,0.97886413,0.0017122369,0.041379184,0.0010180664
2022-09-15,1.4709129e-05,0.07632891,0.9072283,0.9835572,0.9835572,0.002170983,0.046593808,0.00089456484
2022-09-16,1.8618774e-05,0.10061129,0.87643075,0.977042,0.977042,0.0026089246,0.051077634,0.00081099354
2022-09-19,1.698671e-05,0.1135881,0.86093324,0.97452134,0.97452134,0.0027902892,0.05282319,0.00066670345
2022-09-20,1.0610729e-05,0.15069647,0.82765985,0.9783563,0.9783563,0.0024194436,0.04918784,0.00049024564
2022-09-21,1.0906945e-05,0.12773389,0.8528323,0.9805662,0.9805662,0.0020158982,0.044898756,0.00056123594
2022-09-22,1.9073495e-05,0.0842646,0.8930482,0.9773128,0.9773128,0.0017387359,0.041698154,0.0008407163
2022-09-23,3.7891274e-05,0.08863932,0.86972487,0.9583642,0.9583642,0.002295606,0.047912482,0.0009100645
2022-09-26,9.309262e-05,0.040117938,0.9065379,0.9466558,0.9466558,0.0021578027,0.046452153,0.0017451313
2022-09-27,0.00010813039,0.03596598,0.90485686,0.94082284,0.94082284,0.0020541926,0.0453232,0.0018272318
2022-09-28,5.064163e-05,0.09772276,0.84128255,0.9390053,0.9390053,0.0020160724,0.044900693,0.00083026296
2022-09-29,3.2552078e-05,0.120679796,0.8299862,0.950666,0.950666,0.0018487555,0.042997155,0.00065983064
2022-09-30,0.0002563198,0.011856722,0.88250834,0.8943651,0.8943651,0.0015671343,0.039587047,0.0024264683
2022-10-03,0.00013722492,0.021001685,0.91493964,0.93594134,0.93594134,0.0016422254,0.040524382,0.002142176
2022-10-04,0.00050343195,0.0077073113,0.7942579,0.8019652,0.8019652,0.0016814029,0.041004915,0.0025421386
2022-10-05,1.1649307e-05,0.15744515,0.81833655,0.9757817,0.9757817,0.0018625365,0.043157116,0.0004810122
2022-10-06,9.47185e-05,0.03838318,0.9031405,0.9415237,0.9415237,0.0015654544,0.039565824,0.0016197751
2022-10-07,4.2775406e-05,0.05617849,0.9071456,0.9633241,0.9633241,0.0015100422,0.038859263,0.0011663092
2022-10-10,0.00010414354,0.033449385,0.90457237,0.9380218,0.9380218,0.0014717595,0.038363516,0.0016803248
2022-10-11,0.00013586352,0.02190984,0.9141839,0.93609375,0.93609375,0.0015102556,0.03886201,0.0021259817
2022-10-12,4.2290038e-05,0.056384537,0.9092261,0.9656107,0.9656107,0.0015301185,0.03911673,0.0012297435
2022-10-13,0.000102287966,0.03339162,0.90990096,0.94329256,0.94329256,0.001467374,0.03830632,0.0018037838
2022-10-14,1.9595733e-05,0.11191259,0.8588417,0.9707543,0.9707543,0.0015101596,0.03886077,0.0006700387
2022-10-17,2.5093519e-05,0.076267436,0.8984443,0.9747117,0.9747117,0.0015279332,0.039088786,0.0009922982
2022-10-18,3.2073018e-05,0.08744837,0.8765076,0.96395594,0.96395594,0.0018014656,0.042443678,0.0008898281
2022-10-19,4.3814365e-05,0.08410579,0.8750035,0.9591093,0.9591093,0.0017731914,0.04210928,0.0010714997
2022-10-20,3.1839907e-05,0.10726165,0.8521761,0.9594377,0.9594377,0.0018082332,0.042523324,0.0007849636
2022-10-21,0.00017501888,0.039330523,0.86845875,0.9077893,0.9077893,0.0016115687,0.04014435,0.001898032
2022-10-24,0.00020961458,0.07097975,0.7857092,0.856689,0.856689,0.0018088855,0.042530995,0.0014626549
2022-10-25,2.7568609e-05,0.14399818,0.81147456,0.9554727,0.9554727,0.0017908061,0.042317916,0.0006191396
2022-10-26,1.0774127e-05,0.20208684,0.7721455,0.9742323,0.9742323,0.0023306527,0.048276834,0.00041812556
2022-10-27,6.828425e-05,0.06909439,0.8705926,0.93968695,0.939687,0.0018105964,0.042551104,0.0011321639
2022-10-28,4.9152626e-05,0.16086784,0.75326693,0.91413474,0.91413474,0.0020613836,0.045402464,0.00057243905
2022-10-31,9.984373e-06,0.19681159,0.7793615,0.9761731,0.97617304,0.0029605099,0.054410566,0.00041903788
2022-11-01,1.0391758e-05,0.1531152,0.827921,0.9810362,0.9810362,0.004776967,0.06911561,0.00054797827
2022-11-02,3.4702996e-05,0.10028467,0.86319757,0.96348226,0.96348226,0.00568953,0.07542898,0.00095030514
2022-11-03,1.01216665e-05,0.21011695,0.76446843,0.97458535,0.9745854,0.0058084857,0.07621342,0.00039826118
2022-11-04,9.070895e-06,0.20066603,0.7767855,0.9774515,0.9774515,0.0049279463,0.07019933,0.00040228383
2022-11-07,8.352248e-06,0.17361972,0.8073679,0.98098767,0.98098767,0.0047901836,0.069211155,0.00043930687
2022-11-08,9.157893e-06,0.1586133,0.82257235,0.9811856,0.9811857,0.0050371257,0.07097271,0.00048674954
2022-11-09,1.1107605e-05,0.20853177,0.7641078,0.9726396,0.97263956,0.0065589715,0.080987476,0.00040597407
2022-11-10,1.6160522e-05,0.14384115,0.82674575,0.9705869,0.9705869,0.005450615,0.07382828,0.0005494327
2022-11-11,9.264631e-06,0.16891417,0.81071496,0.9796291,0.97962916,0.0050757774,0.07124449,0.00045479735
2022-11-14,1.712886e-05,0.15804337,0.80718064,0.965224,0.965224,0.0047167996,0.06867896,0.0004925487
2022-11-15,1.9191079e-05,0.14315248,0.82182246,0.96497494,0.96497494,0.0038382527,0.061953634,0.0005479242
2022-11-16,2.7530337e-05,0.09088278,0.87199515,0.9628779,0.9628779,0.0032153449,0.05670401,0.0007416164
2022-11-17,3.2680673e-05,0.068991855,0.8969838,0.96597564,0.96597564,0.002899254,0.05384472,0.0009605081
2022-11-18,3.6776375e-05,0.052444663,0.9163888,0.96883345,0.96883345,0.00268393,0.051806662,0.0011799949
2022-11-21,0.000105319996,0.02337282,0.92063797,0.9440108,0.9440108,0.0025017676,0.050017674,0.0018810768
2022-11-22,2.9424833e-05,0.063041806,0.9078858,0.9709276,0.9709276,0.0025316237,0.050315242,0.0010121225
2022-11-23,4.4571e-05,0.041385107,0.9244542,0.9658393,0.9658393,0.0023278766,0.048248075,0.0013047459
2022-11-25,4.166521e-05,0.041046478,0.93008137,0.97112787,0.97112787,0.0024315312,0.049310558,0.0014430943
2022-11-28,0.00018936866,0.009637585,0.9120519,0.9216895,0.9216895,0.0023670055,0.04865188,0.0024181774
2022-11-29,2.117005e-05,0.06755462,0.9091933,0.9767479,0.9767479,0.0023679165,0.048661243,0.0009104564
2022-11-30,8.791436e-06,0.12904854,0.85427135,0.9833199,0.9833199,0.0025564888,0.050561734,0.00052706065
2022-12-01,9.411468e-06,0.13439944,0.8469924,0.98139185,0.9813918,0.0024298364,0.049293373,0.00050577126
2022-12-02,5.987544e-05,0.03207555,0.93100727,0.9630828,0.9630828,0.0021720119,0.04660485,0.0016218843
2022-12-05,2.9587656e-05,0.0807352,0.8872584,0.9679936,0.9679936,0.0022393297,0.047321558,0.00092442986
2022-12-06,1.2327583e-05,0.17329982,0.80128145,0.97458124,0.97458124,0.0031534526,0.05615561,0.00048497974
2022-12-07,2.7608256e-05,0.11327884,0.8478734,0.96115226,0.96115226,0.0026040128,0.05102953,0.00071067846
2022-12-08,1.5634172e-05,0.13029972,0.8439065,0.97420627,0.9742062,0.0024710642,0.0497098,0.00060612295
2022-12-09,9.676069e-06,0.16965625,0.8088192,0.9784754,0.97847545,0.002321287,0.04817974,0.00044953517
2022-12-12,9.66184e-06,0.13726214,0.84465003,0.98191214,0.98191214,0.0022552987,0.047489986,0.00053416146
2022-12-13,1.0022346e-05,0.13110447,0.8497979,0.9809024,0.9809024,0.002307815,0.048039723,0.0005247954
2022-12-14,9.6124495e-06,0.12491167,0.85710114,0.9820128,0.9820128,0.0023214784,0.048181724,0.00053440523
2022-12-15,8.835444e-06,0.1723181,0.80746484,0.97978294,0.97978294,0.0027095065,0.05205292,0.00043702908
2022-12-16,9.3184635e-06,0.13445571,0.8481406,0.9825963,0.9825963,0.0033229708,0.057645217,0.00053542934
2022-12-19,1.4862326e-05,0.10795082,0.87021595,0.97816676,0.97816676,0.0032246837,0.0567863,0.0006807201
2022-12-20,1.0155405e-05,0.18836746,0.7881167,0.9764841,0.9764842,0.004382036,0.06619695,0.00043185308
2022-12-21,1.3892461e-05,0.19881783,0.7680198,0.96683764,0.96683764,0.0051212627,0.071563,0.0004189226
2022-12-22,1.1001249e-05,0.18485247,0.7891517,0.9740042,0.9740042,0.0039474764,0.06282894,0.00042319347
2022-12-23,0.00018184283,0.073210604,0.7864253,0.8596359,0.8596359,0.003890012,0.06236996,0.001295508
2022-12-27,1.997247e-05,0.19279249,0.7599588,0.9527513,0.9527513,0.0032599822,0.057096254,0.00042270924
2022-12-28,1.9113197e-05,0.15444061,0.8077513,0.96219194,0.96219194,0.0027966544,0.052883405,0.0005055323
2022-12-29,2.8961653e-05,0.17956382,0.76041716,0.939981,0.939981,0.004307229,0.06562948,0.00048254128
2022-12-30,3.0019242e-05,0.15322436,0.79188645,0.9451108,0.9451108,0.0034900415,0.059076574,0.00054690614
2023-01-03,2.379663e-05,0.17884228,0.7687242,0.9475665,0.9475665,0.0028455604,0.053343795,0.0004538441
2023-01-04,4.592759e-05,0.1741238,0.7459053,0.92002904,0.92002904,0.0045768674,0.067652546,0.0005743034
2023-01-05,2.6565389e-05,0.16747272,0.7826579,0.95013064,0.95013064,0.0038173397,0.06178462,0.00053269963
2023-01-06,9.923852e-05,0.134762,0.72987545,0.86463743,0.86463743,0.0052085347,0.072170176,0.0007331312
2023-01-09,3.978738e-05,0.15447195,0.77296454,0.9274365,0.9274365,0.0039016528,0.062463213,0.000548311
2023-01-10,1.210187e-05,0.21347138,0.7558733,0.96934474,0.96934474,0.003484828,0.059032433,0.00039477297
2023-01-11,2.3830258e-05,0.19904794,0.744284,0.9433319,0.9433319,0.0037412508,0.061165765,0.0004205233
2023-01-12,2.4291765e-05,0.19589229,0.74676305,0.9426553,0.9426553,0.0028243675,0.05314478,0.00042360977
2023-01-13,4.9418933e-05,0.115427695,0.81634593,0.9317736,0.9317736,0.0021422775,0.046284743,0.0007243374
2023-01-17,5.806962e-05,0.1523608,0.74836046,0.90072125,0.90072125,0.0024902301,0.049902204,0.00058491493
2023-01-18,1.5195682e-05,0.19817416,0.7657669,0.9639411,0.9639411,0.002271169,0.047656786,0.00042141275
2023-01-19,7.8534635e-05,0.12805992,0.7684841,0.89654404,0.89654404,0.003009447,0.054858427,0.0007591117
2023-01-20,2.5641248e-05,0.18698397,0.75520957,0.94219357,0.9421935,0.0024059806,0.049050797,0.00044357084
2023-01-23,5.1294403e-05,0.14159268,0.7756668,0.91725945,0.91725945,0.0020237374,0.04498597,0.0006199428
2023-01-24,1.0647433e-05,0.20919542,0.76425886,0.9734543,0.9734543,0.0025898481,0.05089055,0.00040109816
2023-01-25,7.6712306e-05,0.10446099,0.81315726,0.9176183,0.9176183,0.0026503354,0.051481407,0.0009311811
2023-01-26,0.0001070837,0.0773084,0.83065546,0.9079639,0.9079639,0.0026105181,0.05109323,0.0011634964
2023-01-27,4.591095e-05,0.14302936,0.78103137,0.9240607,0.9240607,0.0024037405,0.049027957,0.00060457434
2023-01-30,1.3776833e-05,0.19348325,0.775467,0.9689502,0.9689502,0.0023518584,0.048495963,0.00044370134
2023-01-31,1.6127262e-05,0.21718983,0.742754,0.95994383,0.95994383,0.0061560837,0.078460716,0.0004026162
2023-02-01,1.3807501e-05,0.21898696,0.7452084,0.9641954,0.9641954,0.004590307,0.0677518,0.0003856345
2023-02-02,2.476725e-05,0.1896917,0.75886333,0.94855505,0.948555,0.004968482,0.07048746,0.00048143213
2023-02-03,1.3279363e-05,0.20449352,0.7630188,0.9675123,0.9675123,0.0037992995,0.06163846,0.0004087506
2023-02-06,3.6577305e-05,0.14046179,0.8030063,0.9434681,0.9434681,0.002983735,0.054623574,0.0006470205
2023-02-07,1.5193357e-05,0.17684129,0.7898346,0.96667594,0.9666759,0.0024860573,0.049860377,0.0004559275
2023-02-08,1.1066912e-05,0.21061093,0.7613163,0.9719272,0.9719272,0.0024316087,0.049311344,0.00039422224
2023-02-09,4.005616e-05,0.13461103,0.8041407,0.9387517,0.9387517,0.003057487,0.055294547,0.00065399625
2023-02-10,1.0836375e-05,0.17183301,0.80469024,0.9765232,0.9765233,0.0025262197,0.050261512,0.00046157843
2023-02-13,9.903015e-06,0.19298774,0.7832215,0.9762092,0.9762092,0.002244524,0.047376405,0.00041625436
2023-02-14,1.7978591e-05,0.16541927,0.7984373,0.9638566,0.9638566,0.0021435132,0.04629809,0.0004974236
2023-02-15,1.0583911e-05,0.18437013,0.7917762,0.97614634,0.97614634,0.0024368344,0.049364302,0.00044370175
2023-02-16,1.0977914e-05,0.14956051,0.82907844,0.97863895,0.97863895,0.0022049672,0.04695708,0.00051392196
2023-02-17,2.6280766e-05,0.10389205,0.8613595,0.9652515,0.9652515,0.0020073345,0.044803288,0.0007563138
2023-02-21,1.47874725e-05,0.1572906,0.8146558,0.97194636,0.97194636,0.002001603,0.044739276,0.0005271142
2023-02-22,2.7075712e-05,0.18294474,0.75973094,0.9426757,0.9426757,0.0029993022,0.054765884,0.00047232528
2023-02-23,0.0006211241,0.0346129,0.68793267,0.72254556,0.72254556,0.0027233537,0.052185763,0.0022386527
2023-02-24,2.6878575e-05,0.1565789,0.7959439,0.9525228,0.9525228,0.002630312,0.051286567,0.0005661367
2023-02-27,1.0866836e-05,0.19517043,0.7791859,0.97435635,0.9743563,0.0026421994,0.05140233,0.0004237633
2023-02-28,9.96907e-06,0.20735054,0.76797765,0.9753282,0.9753282,0.0043620523,0.066045836,0.00040406748
2023-03-01,8.117112e-06,0.16348177,0.8184193,0.98190105,0.98190105,0.0033675113,0.058030263,0.00044848523
2023-03-02,8.307072e-06,0.18990122,0.7897988,0.9797,0.9797,0.0028524261,0.05340811,0.00040921595
2023-03-03,7.817863e-06,0.14971662,0.8335463,0.9832629,0.9832629,0.0023115652,0.04807874,0.0004670977
2023-03-06,7.834428e-06,0.16539565,0.81708384,0.98247945,0.98247945,0.0030105514,0.054868493,0.0004471566
2023-03-07,1.1363472e-05,0.21398813,0.7573561,0.97134423,0.97134423,0.006529911,0.080807865,0.00039655098
2023-03-08,8.578293e-06,0.1679543,0.81310654,0.98106086,0.98106086,0.0053701256,0.07328114,0.00045294
2023-03-09,8.629443e-06,0.18031219,0.79948854,0.97980076,0.9798007,0.0048245736,0.06945915,0.00042721623
2023-03-10,8.537083e-06,0.16296576,0.8182464,0.9812122,0.9812122,0.003867374,0.062188216,0.000454395
2023-03-13,9.318173e-06,0.20063138,0.77599317,0.97662455,0.97662455,0.003506643,0.059216917,0.00039863074
2023-03-14,8.741328e-06,0.16257095,0.81846917,0.9810401,0.9810401,0.0037172318,0.060969107,0.00046104344
2023-03-15,8.720194e-06,0.15750907,0.82367533,0.9811844,0.9811844,0.003076737,0.055468343,0.00046345612
2023-03-16,1.2322886e-05,0.12925465,0.84896296,0.9782176,0.9782176,0.002990056,0.054681405,0.0005657268
2023-03-17,8.31697e-06,0.18146937,0.79864305,0.98011243,0.98011243,0.002670954,0.051681273,0.00041819946
2023-03-20,9.928164e-06,0.19143903,0.7847915,0.97623056,0.97623056,0.0030919698,0.055605482,0.0004176861
2023-03-21,1.8325298e-05,0.1399249,0.8265071,0.966432,0.966432,0.0029195328,0.054032702,0.0005459153
2023-03-22,1.1051227e-05,0.16809581,0.80787134,0.97596717,0.97596717,0.0028532639,0.05341595,0.00045983877
2023-03-23,1.0267572e-05,0.19086383,0.78450805,0.9753719,0.9753719,0.003343279,0.057821095,0.00041690472
2023-03-24,9.569564e-06,0.16907316,0.8097549,0.9788281,0.9788281,0.002644282,0.051422585,0.00045199305
2023-03-27,9.114953e-06,0.15430243,0.8263753,0.9806777,0.9806777,0.0022889231,0.047842693,0.0004717329
2023-03-28,1.1023695e-05,0.17809173,0.7963371,0.97442883,0.9744289,0.002443064,0.04942736,0.00043109863
2023-03-29,1.1546254e-05,0.17753427,0.7965283,0.97406256,0.97406256,0.0020958004,0.045779914,0.00044515787
2023-03-30,1.5709871e-05,0.121643595,0.85309654,0.97474015,0.97474015,0.001746307,0.04178884,0.00062193046
2023-03-31,9.295099e-06,0.15963647,0.8205857,0.98022217,0.9802222,0.0018789476,0.04334683,0.00046997555
2023-04-03,8.500657e-06,0.1729827,0.8076466,0.98062927,0.98062927,0.0019839443,0.04454149,0.0004388402
2023-04-04,1.1556783e-05,0.14323594,0.834061,0.97729695,0.97729695,0.0021339103,0.046194267,0.00050904095
2023-04-05,8.420898e-06,0.14945714,0.8330449,0.98250204,0.98250204,0.0017942543,0.04235864,0.00048125035
2023-04-06,8.181823e-06,0.16337879,0.81862766,0.98200643,0.98200643,0.0015836032,0.039794512,0.0004547082
2023-04-10,1.2004964e-05,0.1322028,0.84697413,0.97917694,0.97917694,0.0020813416,0.045621723,0.00057652255
2023-04-11,8.869923e-06,0.17632504,0.8039046,0.9802296,0.9802296,0.0025632111,0.050628167,0.00044864696
2023-04-12,7.9914735e-06,0.1454723,0.838005,0.9834773,0.9834773,0.0020772005,0.045576315,0.00048366617
2023-04-13,8.572989e-06,0.15292338,0.8291737,0.982097,0.982097,0.00202105,0.04495609,0.00047885848
2023-04-14,9.1645015e-06,0.15263766,0.82884717,0.98148483,0.98148483,0.0019509465,0.04416952,0.00049497257
2023-04-17,8.41222e-06,0.1467158,0.83641905,0.98313487,0.98313487,0.0020412686,0.045180403,0.00049879355
2023-04-18,8.573183e-06,0.14414117,0.8389914,0.9831326,0.9831326,0.0025106124,0.05010601,0.0005082694
2023-04-19,8.299037e-06,0.12413863,0.8605594,0.98469806,0.98469806,0.0023390176,0.04836339,0.00054235186
2023-04-20,1.0680317e-05,0.11367149,0.8688983,0.98256975,0.98256975,0.002507431,0.050074253,0.0006127462
2023-04-21,9.316797e-06,0.10714191,0.8776985,0.9848404,0.9848404,0.0022065358,0.046973776,0.0006145804
2023-04-24,8.399255e-06,0.108942434,0.876626,0.98556846,0.98556846,0.0019511408,0.04417172,0.00058200705
2023-04-25,8.586362e-06,0.1119297,0.8729431,0.9848728,0.9848728,0.0017539631,0.041880343,0.0005676115
2023-04-26,1.3185783e-05,0.076159395,0.90747964,0.98363906,0.98363906,0.0015650602,0.039560843,0.00080593076
2023-04-27,1.00537245e-05,0.112985246,0.87086725,0.9838525,0.9838525,0.0019933446,0.04464689,0.00062261824
2023-04-28,8.3728955e-06,0.13451725,0.8495788,0.98409605,0.98409605,0.0030334438,0.055076707,0.0005264664
2023-05-01,7.944826e-06,0.12636222,0.8586314,0.9849936,0.9849936,0.0026585008,0.05156065,0.0005294284
2023-05-02,8.454563e-06,0.12211435,0.86242086,0.9845352,0.9845352,0.0024800247,0.049799845,0.0005466978
2023-05-03,9.7616785e-06,0.12836944,0.85466576,0.9830352,0.9830352,0.0024022912,0.049013175,0.00057540805
2023-05-04,1.2972084e-05,0.080771096,0.90291804,0.9836891,0.9836891,0.002113588,0.045973774,0.00079530297
2023-05-05,1.233973e-05,0.09254492,0.88949907,0.982044,0.982044,0.0020046362,0.044773165,0.0006872197
2023-05-08,9.146985e-06,0.11802069,0.86516994,0.98319066,0.98319066,0.0018228262,0.04269457,0.0005441607
2023-05-09,7.770449e-06,0.1332751,0.8511684,0.9844435,0.9844435,0.0018401375,0.042896826,0.0004994981
2023-05-10,8.489773e-06,0.10405699,0.8816383,0.9856953,0.9856953,0.0015968417,0.039960504,0.00059349544
2023-05-11,9.215594e-06,0.09528979,0.89039046,0.9856802,0.9856802,0.0015358625,0.03919008,0.00064355705
2023-05-12,1.3356441e-05,0.06706682,0.91766465,0.9847315,0.98473144,0.0013767389,0.03710443,0.00087477075
2023-05-15,1.7773553e-05,0.05505195,0.92821395,0.9832659,0.9832659,0.0013557394,0.036820367,0.0010621144
2023-05-16,8.397774e-06,0.10353379,0.882483,0.9860168,0.9860168,0.0013987706,0.03740014,0.0006005621
2023-05-17,1.0332894e-05,0.07790013,0.908439,0.9863391,0.9863391,0.0012428297,0.03525379,0.00075638416
2023-05-18,8.306044e-06,0.097862884,0.8886907,0.9865536,0.9865536,0.0011408996,0.033777207,0.00061771553
2023-05-19,9.517173e-06,0.09993291,0.88613963,0.98607254,0.98607254,0.0018479655,0.04298797,0.00068333873
2023-05-22,1.2402169e-05,0.0651728,0.9209759,0.9861487,0.9861487,0.0016476964,0.040591825,0.0008953804
2023-05-23,8.91193e-06,0.10797555,0.8772894,0.98526496,0.98526496,0.0018872665,0.04344268,0.00060481194
2023-05-24,9.337328e-06,0.10034884,0.88468724,0.9850361,0.9850361,0.0017840693,0.042238247,0.00062398927
2023-05-25,8.035009e-06,0.121735565,0.863389,0.9851246,0.9851246,0.0016959228,0.041181583,0.0005401537
2023-05-26,1.5618756e-05,0.067849204,0.9150314,0.9828806,0.9828806,0.0016525413,0.040651463,0.0009123421
2023-05-30,8.558617e-06,0.13286623,0.8508215,0.98368776,0.98368776,0.0017402052,0.041715767,0.0005246745
2023-05-31,9.443849e-06,0.11887161,0.8656468,0.9845184,0.9845184,0.0020505637,0.04528315,0.00061000505
2023-06-01,9.392346e-06,0.102249876,0.88299173,0.9852416,0.9852416,0.0018670907,0.043209843,0.0006364065
2023-06-02,2.1471238e-05,0.06562637,0.911787,0.97741336,0.97741336,0.0018998093,0.0435868,0.0009506166
2023-06-05,7.977547e-06,0.1388368,0.8451052,0.983942,0.983942,0.0017566145,0.041911986,0.00049679494
2023-06-06,8.422179e-06,0.11385301,0.871503,0.98535603,0.985356,0.0016461156,0.04057235,0.00057512964
2023-06-07,8.617357e-06,0.102947675,0.8830193,0.985967,0.985967,0.001449855,0.038076963,0.00061407714
2023-06-08,8.259799e-06,0.10898283,0.8768579,0.98584074,0.9858407,0.0013778247,0.03711906,0.00058334955
2023-06-09,1.17125155e-05,0.06531657,0.9210342,0.9863508,0.9863508,0.0012273868,0.03503408,0.00085810845
2023-06-12,1.2617179e-05,0.06713282,0.9184117,0.9855445,0.9855445,0.0012593444,0.035487242,0.0008728291
2023-06-13,1.28839865e-05,0.06082596,0.9250585,0.9858844,0.9858844,0.0011712562,0.03422362,0.00091274985
2023-06-14,8.059847e-06,0.1121427,0.8736204,0.9857631,0.9857631,0.0011599837,0.034058534,0.00056612265
2023-06-15,1.097124e-05,0.0682066,0.91856575,0.98677236,0.98677236,0.0010215713,0.03196203,0.0008294177
2023-06-16,8.03623e-06,0.1273565,0.85758364,0.9849401,0.9849402,0.0013707844,0.037024107,0.00053361815
2023-06-20,9.730907e-06,0.08110138,0.90559936,0.9867007,0.9867007,0.0013728207,0.037051596,0.00073168636
2023-06-21,1.1273081e-05,0.08009766,0.9057738,0.9858715,0.9858715,0.0014934266,0.03864488,0.0007978962
2023-06-22,8.851888e-06,0.09984757,0.88614947,0.985997,0.985997,0.001501777,0.03875277,0.00063214323
2023-06-23,1.0240382e-05,0.07717828,0.9096829,0.9868612,0.9868612,0.0013416127,0.03662803,0.0007794018
2023-06-26,2.3577506e-05,0.04044603,0.9421464,0.98259246,0.98259246,0.001390866,0.037294317,0.0013544424
2023-06-27,1.8578601e-05,0.048700016,0.9347507,0.9834507,0.9834507,0.0013547644,0.036807124,0.0011226223
2023-06-28,1.1621573e-05,0.060929958,0.9263253,0.9872553,0.9872553,0.0012896964,0.035912342,0.00091187324
2023-06-29,1.1643993e-05,0.07365198,0.9119569,0.9856089,0.9856089,0.001421619,0.037704363,0.00080910936
2023-06-30,1.0792478e-05,0.07398171,0.9125252,0.9865069,0.9865069,0.0014098219,0.037547596,0.0007998504
2023-07-03,1.0875173e-05,0.07470926,0.91166294,0.9863722,0.9863722,0.0013904675,0.03728897,0.00079801225
2023-07-05,2.8551116e-05,0.03354076,0.9464796,0.9800204,0.9800204,0.0013555866,0.036818292,0.0014290137
2023-07-06,8.399336e-06,0.10696471,0.87872326,0.985688,0.985688,0.0013239195,0.036385704,0.0005868725
2023-07-07,1.6351461e-05,0.05156124,0.9330903,0.98465157,0.98465157,0.0012065099,0.034734853,0.0010653505
2023-07-10,1.42407835e-05,0.06763222,0.91569895,0.98333114,0.98333114,0.0011474951,0.033874698,0.0008543348
2023-07-11,2.0680262e-05,0.04569944,0.9371313,0.9828307,0.9828307,0.0011402029,0.03376689,0.0012044909
2023-07-12,1.1142292e-05,0.07508042,0.91066885,0.98574924,0.98574924,0.0011137337,0.033372648,0.0007818738
2023-07-13,1.5072729e-05,0.06268576,0.92114115,0.9838269,0.9838269,0.0011266081,0.033564985,0.0009319615
2023-07-14,2.436545e-05,0.045520205,0.93468523,0.9802054,0.9802054,0.0011227981,0.033508178,0.0012309151
2023-07-17,2.3045404e-05,0.043663852,0.9379444,0.9816083,0.9816083,0.0010740395,0.03277254,0.001253031
2023-07-18,3.1806136e-05,0.03559011,0.94281936,0.97840947,0.97840947,0.001035235,0.032175068,0.0014731521
2023-07-19,9.641343e-06,0.094397195,0.8912337,0.98563087,0.98563087,0.0010822739,0.03289793,0.0006709761
2023-07-20,1.4802722e-05,0.06420265,0.9195769,0.98377955,0.98377955,0.0009831425,0.031355105,0.00091259624
2023-07-21,1.02022805e-05,0.081208475,0.9054865,0.986695,0.986695,0.0011325127,0.033652827,0.0007668
2023-07-24,1.19485885e-05,0.07539315,0.90941125,0.9848044,0.9848044,0.0010561612,0.032498635,0.00078631856
2023-07-25,1.5514113e-05,0.06426154,0.9187494,0.98301095,0.98301095,0.0009802288,0.031308606,0.000913183
2023-07-26,5.639486e-05,0.025064336,0.944394,0.96945834,0.96945834,0.0009342941,0.030566225,0.0018464897
2023-07-27,1.6363116e-05,0.06818511,0.91383535,0.98202044,0.98202044,0.00095304346,0.030871402,0.00091009535
2023-07-28,2.8153814e-05,0.06416722,0.9094462,0.9736134,0.9736134,0.0011925707,0.034533616,0.0010669732
2023-07-31,9.444499e-06,0.103316404,0.88208354,0.98539996,0.98539996,0.0013222479,0.036362726,0.00064688176
2023-08-01,1.9823568e-05,0.05639164,0.9249075,0.98129916,0.98129916,0.0011759553,0.034292206,0.0010600364
2023-08-02,1.805604e-05,0.07115669,0.9094478,0.98060447,0.98060447,0.0011526061,0.033950053,0.00093093823
2023-08-03,1.8945342e-05,0.062281124,0.91929847,0.9815796,0.9815796,0.0011426253,0.03380274,0.0010284979
2023-08-04,1.7004184e-05,0.06736279,0.914425,0.9817878,0.9817878,0.0011461617,0.03385501,0.00093367
2023-08-07,3.8957784e-05,0.032724287,0.9425058,0.97523004,0.97523004,0.001066683,0.03266011,0.0015727833
2023-08-08,9.845105e-06,0.08920286,0.89717567,0.98637855,0.98637855,0.001147114,0.033869073,0.0007227648
2023-08-09,8.949023e-06,0.09801113,0.888044,0.98605514,0.98605514,0.0010715801,0.032734998,0.0006417433
2023-08-10,8.678912e-06,0.11454364,0.87063116,0.9851748,0.9851748,0.0013580865,0.036852226,0.0005854152
2023-08-11,1.24233375e-05,0.080072924,0.9048277,0.98490065,0.98490065,0.0017258481,0.041543327,0.0008227732
2023-08-14,9.815469e-06,0.08388947,0.9025078,0.98639727,0.98639727,0.001574618,0.039681457,0.0007215806
2023-08-15,1.9472845e-05,0.048680365,0.93448454,0.9831649,0.9831649,0.0014380068,0.03792106,0.0011566818
2023-08-16,1.4258785e-05,0.07600501,0.90770423,0.9837093,0.9837092,0.0014833969,0.03851489,0.00087527017
2023-08-17,1.385343e-05,0.07569759,0.90779245,0.98349005,0.98349005,0.0014094493,0.037542634,0.0008390958
2023-08-18,3.6225803e-05,0.037441745,0.93747765,0.9749194,0.9749194,0.0013030618,0.036097948,0.0014443742
2023-08-21,2.4941666e-05,0.05507794,0.92235374,0.9774317,0.97743165,0.0012848388,0.035844646,0.0011051644
2023-08-22,2.741886e-05,0.04306256,0.93636954,0.9794321,0.9794321,0.0012645456,0.03556045,0.0013330904
2023-08-23,1.576653e-05,0.07214673,0.9097592,0.98190594,0.98190594,0.0012441397,0.035272364,0.0008713649
2023-08-24,4.82987e-05,0.035705738,0.9341035,0.96980923,0.96980923,0.0011916901,0.034520864,0.0015997839
2023-08-25,7.448821e-05,0.02564552,0.93522596,0.96087146,0.96087146,0.0011643387,0.034122407,0.0019036797
2023-08-28,2.31086e-05,0.06795963,0.9070997,0.97505933,0.97505933,0.0011652643,0.034135967,0.00092654285
2023-08-29,5.8012316e-05,0.020458963,0.94975215,0.9702111,0.9702111,0.0010963285,0.033110853,0.0019474466
2023-08-30,4.1628835e-05,0.029770222,0.9445003,0.9742705,0.9742705,0.0011008198,0.033178605,0.0016179433
2023-08-31,1.0425512e-05,0.083117045,0.9036334,0.9867505,0.9867505,0.0013222368,0.036362574,0.00078685983
2023-09-01,2.7774762e-05,0.038288515,0.9416996,0.97998816,0.97998816,0.0012133215,0.034832764,0.0013879163
2023-09-05,5.878681e-05,0.019327004,0.95066166,0.96998864,0.96998864,0.0011703887,0.034210943,0.0019588189
2023-09-06,1.1986584e-05,0.09673492,0.8856092,0.98234415,0.98234415,0.0012615105,0.03551775,0.00067890156
2023-09-07,1.7237075e-05,0.06379676,0.91845375,0.9822505,0.9822505,0.0012054418,0.03471947,0.0009711308
2023-09-08,1.2105481e-05,0.07891495,0.90587616,0.9847911,0.9847911,0.0011720138,0.034234688,0.00079594715
2023-09-11,1.3559457e-05,0.07852517,0.90443325,0.98295844,0.98295844,0.0010820748,0.032894906,0.0007956698
2023-09-12,8.87468e-06,0.09797801,0.8882002,0.9861782,0.9861782,0.0009923686,0.03150188,0.00064207934
2023-09-13,1.0603524e-05,0.07381648,0.9131137,0.9869302,0.9869302,0.0011418958,0.033791948,0.00081129913
2023-09-14,1.0445768e-05,0.08596523,0.8995035,0.98546875,0.98546875,0.001092433,0.033051975,0.0007188483
2023-09-15,3.3359353e-05,0.035699163,0.9416202,0.97731936,0.97731936,0.0010027513,0.03166625,0.0014708294
2023-09-18,3.0485417e-05,0.034086786,0.94537896,0.9794657,0.9794657,0.0009976414,0.031585462,0.0014846112
2023-09-19,1.994115e-05,0.046154793,0.93763286,0.98378766,0.98378766,0.0010074181,0.03173985,0.001229998
2023-09-20,1.1889392e-05,0.07842322,0.90688103,0.98530424,0.98530424,0.0010508822,0.032417312,0.0008090353
2023-09-21,2.1981801e-05,0.04233532,0.9403446,0.9826799,0.9826799,0.0010968151,0.0331182,0.0012691501
2023-09-22,1.84885e-05,0.06449901,0.9166527,0.9811517,0.9811517,0.0011423398,0.033798516,0.0009809107
2023-09-25,4.0058356e-05,0.028180804,0.9480545,0.9762353,0.9762353,0.0010727253,0.032752484,0.0016856223
2023-09-26,3.865786e-05,0.03035057,0.94596875,0.9763193,0.9763193,0.0010570866,0.03251287,0.0016324637
2023-09-27,4.9960723e-05,0.028742034,0.9426823,0.97142434,0.97142434,0.0010399618,0.032248437,0.0017483664
2023-09-28,1.8385086e-05,0.062941715,0.91814464,0.9810864,0.9810864,0.0010764482,0.032809272,0.000972055
2023-09-29,1.0662594e-05,0.072673626,0.9141189,0.9867925,0.9867925,0.001261605,0.03551908,0.00080731383
2023-10-02,3.004442e-05,0.033427447,0.94640124,0.9798287,0.9798287,0.0011659162,0.034145515,0.0014894649
2023-10-03,1.2307622e-05,0.06477767,0.92164785,0.9864255,0.9864255,0.0011648735,0.03413024,0.00090667343
2023-10-04,1.6483518e-05,0.055859365,0.9287578,0.9846172,0.9846172,0.0011788015,0.03433368,0.0010715533
2023-10-05,9.233405e-06,0.073864214,0.9137541,0.9876183,0.9876183,0.001112489,0.033353996,0.00074573164
2023-10-06,1.2873863e-05,0.06624292,0.92006135,0.9863043,0.9863043,0.0013554761,0.03681679,0.0009399919
2023-10-09,1.111201e-05,0.07232358,0.91451055,0.9868341,0.9868341,0.0014468371,0.03803731,0.00084399985
2023-10-10,1.5317559e-05,0.05357462,0.9316101,0.9851847,0.9851847,0.0013438675,0.036658797,0.0010339033
2023-10-11,1.5496977e-05,0.053402014,0.9318539,0.9852559,0.9852559,0.0012674885,0.035601806,0.0010510627
2023-10-12,1.7477343e-05,0.04765281,0.9371667,0.98481953,0.98481953,0.0011966976,0.034593318,0.0011513046
2023-10-13,2.265566e-05,0.037929866,0.9451386,0.98306847,0.98306847,0.001143387,0.033814006,0.0013380749
2023-10-16,1.7125569e-05,0.060946018,0.9200132,0.98095924,0.9809592,0.0011436838,0.033818394,0.0008994161
2023-10-17,2.3774966e-05,0.0385977,0.9434296,0.9820273,0.9820273,0.0011660205,0.034147043,0.0013228372
2023-10-18,2.887696e-05,0.03806453,0.9410519,0.97911644,0.97911644,0.0011273095,0.03357543,0.0013827605
2023-10-19,2.3093271e-05,0.044268396,0.9371605,0.98142886,0.98142886,0.0010917577,0.033041757,0.0012435033
2023-10-20,7.0000424e-05,0.02426295,0.93904024,0.9633032,0.9633032,0.0010936552,0.03307046,0.0019075352
2023-10-23,3.7092614e-05,0.03461184,0.94092435,0.97553617,0.97553617,0.0011063108,0.03326125,0.0015162225
2023-10-24,1.7984568e-05,0.04724825,0.9364977,0.98374593,0.98374593,0.0010811556,0.032880932,0.0011064657
2023-10-25,3.0698582e-05,0.032498583,0.94691885,0.97941744,0.97941744,0.0010417892,0.03227676,0.0014914854
2023-10-26,4.359815e-05,0.027417257,0.946721,0.97413826,0.97413826,0.0010228918,0.03198268,0.0016858166
2023-10-27,1.0780459e-05,0.08669378,0.8993408,0.9860346,0.9860346,0.0011306341,0.033624902,0.00077193906
2023-10-30,3.105331e-05,0.03597629,0.9424964,0.9784727,0.9784727,0.001048362,0.03237842,0.001442509
2023-10-31,1.01907535e-05,0.07791665,0.90918887,0.98710555,0.9871055,0.001139847,0.03376162,0.0007903208
2023-11-01,9.6492695e-06,0.092201926,0.89420664,0.9864086,0.9864086,0.0013718269,0.03703818,0.0007099536
2023-11-02,1.4824477e-05,0.054571245,0.9312995,0.9858708,0.9858708,0.0012839067,0.035831645,0.0010492069
2023-11-03,9.456007e-06,0.080540754,0.90652114,0.9870619,0.9870619,0.0012125638,0.034821887,0.0007308662
2023-11-06,1.0944121e-05,0.06582991,0.9216111,0.987441,0.987441,0.0011212851,0.033485595,0.0008714168
2023-11-07,9.192027e-06,0.100494005,0.88536114,0.98585516,0.98585516,0.0014036503,0.03746532,0.0006498503
2023-11-08,1.084295e-05,0.08370565,0.90206355,0.9857692,0.9857692,0.0014010767,0.037430957,0.00076193607
2023-11-09,1.1027552e-05,0.07799931,0.90836275,0.98636204,0.98636204,0.0012842527,0.035836473,0.00080859254
2023-11-10,9.930914e-06,0.09339242,0.89231163,0.98570406,0.98570406,0.0012118071,0.03481102,0.00069466693
2023-11-13,1.0218437e-05,0.09106253,0.8941557,0.9852182,0.9852182,0.0010917912,0.033042263,0.0006912863
2023-11-14,8.761976e-06,0.10895247,0.8765438,0.9854963,0.9854963,0.0012409592,0.03522725,0.00060411927
2023-11-15,1.764006e-05,0.059083093,0.9237447,0.9828278,0.9828278,0.0011860797,0.034439508,0.0010272443
2023-11-16,1.0773158e-05,0.07902131,0.90722936,0.9862507,0.9862507,0.0011560002,0.034,0.0007835422
2023-11-17,1.0788978e-05,0.086967856,0.8987602,0.9857281,0.985728,0.0011907284,0.034506932,0.00075595867
2023-11-20,1.16059055e-05,0.09672062,0.8861568,0.98287743,0.98287743,0.0011795786,0.034344994,0.0006778134
2023-11-21,1.5442898e-05,0.08652963,0.89310575,0.97963536,0.97963536,0.0011248132,0.033538233,0.00075831916
2023-11-22,1.8853805e-05,0.06684028,0.91292894,0.97976923,0.97976923,0.0010332477,0.03214417,0.0009319371
2023-11-23,2.5905705e-05,0.047749043,0.9317517,0.9795008,0.9795008,0.0009837131,0.0313642,0.0012637405
2023-11-24,2.5688258e-05,0.04121464,0.9394407,0.9806554,0.9806554,0.00095042423,0.03082895,0.0013279272
2023-11-27,6.129084e-05,0.024558496,0.9431507,0.9677092,0.9677092,0.0009487989,0.03080258,0.001898089
2023-11-28,2.492152e-05,0.05145612,0.92738956,0.97884566,0.97884566,0.0009673892,0.03110288,0.0011780806
2023-11-29,2.4197738e-05,0.07236821,0.9017005,0.9740687,0.9740687,0.00097409164,0.031210441,0.0009331479
2023-11-30,9.9372155e-06,0.10193991,0.8831426,0.9850825,0.9850825,0.0009951903,0.031546637,0.0006661452
2023-12-01,1.4059507e-05,0.06754744,0.9168204,0.98436785,0.98436785,0.00088885846,0.02981373,0.0008993967
2023-12-04,1.0354022e-05,0.07810949,0.9085724,0.9866819,0.9866819,0.00083033845,0.028815594,0.00077743863
2023-12-05,1.2032737e-05,0.08221101,0.9023314,0.9845424,0.9845424,0.00091172295,0.03019475,0.0007784365
2023-12-06,1.5714337e-05,0.05926847,0.925071,0.9843395,0.9843395,0.0008377958,0.028944703,0.0010034362
2023-12-07,1.7116156e-05,0.07894286,0.9024343,0.9813771,0.9813771,0.0009586422,0.030961948,0.0009190931
2023-12-08,2.791015e-05,0.04842667,0.92986023,0.9782869,0.9782869,0.00088547624,0.029756952,0.0012854073
2023-12-11,1.0789612e-05,0.08996083,0.8944974,0.9844582,0.9844582,0.00085136655,0.029178185,0.0006942322
2023-12-12,2.5230778e-05,0.07742005,0.89720017,0.9746202,0.9746202,0.001092622,0.033054832,0.0009941292
2023-12-13,2.9137633e-05,0.08965432,0.8820879,0.9717422,0.9717422,0.0012023179,0.034674454,0.0010311364
2023-12-14,2.285133e-05,0.083278835,0.8906729,0.97395176,0.97395176,0.0010996428,0.03316086,0.00087726954
2023-12-15,9.3818835e-06,0.13188185,0.85101664,0.9828985,0.9828985,0.0010515457,0.032427546,0.0005485992
2023-12-18,9.506675e-06,0.13027711,0.85321116,0.98348826,0.98348826,0.0011233749,0.033516787,0.0005757525
2023-12-19,1.0514013e-05,0.09173868,0.89324564,0.98498434,0.98498434,0.00097125507,0.031164965,0.0007002031
2023-12-20,1.9501873e-05,0.06609879,0.9137982,0.979897,0.979897,0.00087970035,0.029659742,0.0009700987
2023-12-21,5.6873694e-05,0.03004167,0.93835664,0.96839833,0.96839833,0.0008448266,0.029065901,0.0017997054
2023-12-22,2.206464e-05,0.055981733,0.92527336,0.9812551,0.9812551,0.0009248078,0.030410653,0.0011771019
2023-12-26,2.8797771e-05,0.039937705,0.9396136,0.9795513,0.9795513,0.0008901471,0.029835334,0.0014082945
2023-12-27,3.4061693e-05,0.04113208,0.9343431,0.9754752,0.9754752,0.00088641257,0.029772682,0.0013888669
2023-12-28,1.0959931e-05,0.078060664,0.9084279,0.9864886,0.9864886,0.00089205033,0.029867211,0.00081116066
2023-12-29,1.5994869e-05,0.06274891,0.9214486,0.9841975,0.9841975,0.0008653613,0.029417025,0.0010121731
2024-01-02,1.5242506e-05,0.062105983,0.9220964,0.9842023,0.9842024,0.00083099323,0.028826954,0.0009648576
2024-01-03,1.372348e-05,0.07429734,0.91034365,0.984641,0.98464096,0.00081009575,0.02846218,0.00089351484
2024-01-04,1.040433e-05,0.09061626,0.8943316,0.98494786,0.98494786,0.00086078903,0.029339207,0.00069121935
2024-01-05,1.055739e-05,0.08016161,0.9066766,0.9868382,0.9868382,0.0010640869,0.032620344,0.00080212485
2024-01-08,2.4185378e-05,0.043059513,0.93827343,0.98133296,0.98133296,0.001027092,0.032048278,0.0012956192
2024-01-09,2.6665275e-05,0.05012164,0.9292064,0.97932804,0.97932804,0.0010262078,0.03203448,0.0012899246
2024-01-10,9.302649e-05,0.032659326,0.9162217,0.94888103,0.94888103,0.0012140612,0.03484338,0.0018198036
2024-01-11,1.1454007e-05,0.09144365,0.8932523,0.984696,0.984696,0.0012815234,0.03579837,0.00074843084
2024-01-12,1.1859889e-05,0.08770066,0.89605486,0.9837555,0.9837555,0.001189577,0.034490246,0.00073008775
2024-01-16,9.35565e-06,0.10005923,0.8859842,0.9860434,0.9860434,0.0014788688,0.038456064,0.00067033846
2024-01-17,1.0065347e-05,0.18229817,0.7959101,0.9782083,0.9782083,0.0030878894,0.05556878,0.00046188908
2024-01-18,8.25816e-06,0.12950532,0.85497236,0.9844777,0.9844777,0.0024866872,0.049866695,0.00053201907
2024-01-19,8.606163e-06,0.16622476,0.81509364,0.9813184,0.9813184,0.0026315781,0.05129891,0.00046067624
2024-01-22,9.509321e-06,0.17514618,0.8040934,0.9792396,0.9792396,0.0029238407,0.05407255,0.00045805058
2024-01-23,1.0046217e-05,0.18634787,0.7901387,0.9764866,0.97648656,0.0026450288,0.05142984,0.00042725538
2024-01-24,1.553704e-05,0.120737664,0.85370195,0.9744396,0.9744396,0.002131188,0.046164792,0.0006078564
2024-01-25,8.954017e-06,0.16520298,0.81567276,0.98087573,0.98087573,0.002519087,0.050190505,0.0004682018
2024-01-26,0.00014910001,0.051034085,0.8460695,0.8971036,0.8971036,0.0021810941,0.046702184,0.0014490306
2024-01-29,3.890716e-05,0.09141325,0.8645072,0.95592046,0.95592046,0.002141062,0.04627161,0.000882658
2024-01-30,3.7226135e-05,0.12674141,0.8220199,0.9487613,0.9487613,0.0025534055,0.05053123,0.0007265236
2024-01-31,1.8358165e-05,0.22838312,0.72326523,0.95164835,0.95164835,0.006295337,0.07934316,0.00037968025
2024-02-01,1.1533418e-05,0.20615539,0.76549625,0.9716517,0.9716517,0.0046003014,0.06782552,0.00040684652
2024-02-02,1.11805275e-05,0.2056672,0.767062,0.9727292,0.9727292,0.0036507212,0.0604212,0.00040998173
2024-02-05,1.0120308e-05,0.18851073,0.787893,0.9764037,0.9764037,0.0028532925,0.05341622,0.00042889407
2024-02-06,9.614855e-06,0.20118469,0.7748039,0.97598857,0.97598857,0.0022587215,0.04752601,0.0004004282
2024-02-07,1.803097e-05,0.12504545,0.84358466,0.9686301,0.9686301,0.0020130216,0.04486671,0.0005747853
2024-02-08,1.4354967e-05,0.16357028,0.80568796,0.96925825,0.96925825,0.0017709188,0.042082287,0.00046695344
2024-02-09,2.0421307e-05,0.1516161,0.80813396,0.95975006,0.95975006,0.0015478753,0.039343048,0.00050736236
2024-02-12,3.6390018e-05,0.12427375,0.819188,0.9434618,0.9434618,0.0014787932,0.03845508,0.0006436357
2024-02-13,5.870936e-05,0.104011685,0.8282052,0.93221694,0.9322169,0.0014830399,0.03851026,0.0008661362
2024-02-14,0.0005356174,0.028639179,0.7271973,0.7558365,0.7558365,0.0015023605,0.038760293,0.0021936833
2024-02-15,0.00051949,0.021047583,0.7601964,0.781244,0.781244,0.001694991,0.04117027,0.002374746
2024-02-16,0.0006086549,0.021504985,0.71456295,0.73606795,0.73606795,0.0018143512,0.0425952,0.0023061046
2024-02-20,8.205202e-05,0.08140456,0.8461033,0.9275079,0.9275079,0.0019119072,0.04372536,0.001131875
2024-02-21,0.0008608844,0.010154567,0.65509784,0.6652524,0.6652524,0.0017339895,0.041641198,0.0025717416
2024-02-22,1.0322187e-05,0.1885411,0.7883916,0.9769327,0.9769327,0.0021381832,0.046240494,0.00044748146
2024-02-23,1.0938206e-05,0.1575129,0.8197205,0.9772334,0.9772334,0.0017974424,0.042396255,0.0004804499
2024-02-26,1.648876e-05,0.15492825,0.8153636,0.97029185,0.97029185,0.0024229414,0.049223382,0.0005550249
2024-02-27,9.477944e-06,0.18973847,0.78795147,0.9776899,0.9776899,0.0021769428,0.04665772,0.00042482794
2024-02-28,1.7116561e-05,0.16168927,0.8054804,0.9671697,0.9671697,0.001859803,0.043125432,0.0005213648
2024-02-29,1.0797195e-05,0.19607545,0.77935505,0.9754305,0.9754305,0.0053896615,0.07341431,0.000439455
2024-03-01,8.070172e-06,0.16257156,0.81975216,0.9823237,0.9823237,0.0042451387,0.06515473,0.0004565534
2024-03-04,8.568035e-06,0.19095217,0.7880202,0.9789724,0.9789724,0.0035169013,0.059303466,0.00040746565
2024-03-05,8.294551e-06,0.14338244,0.8401379,0.9835203,0.9835203,0.0031396472,0.056032553,0.0005033202
2024-03-06,8.2297e-06,0.12107807,0.86403984,0.9851179,0.9851179,0.002711566,0.0520727,0.0005529937
2024-03-07,7.902528e-06,0.12433002,0.8604849,0.98481494,0.98481494,0.0023755617,0.048739735,0.00052041473
2024-03-08,8.7385115e-06,0.13529828,0.8477366,0.9830349,0.98303485,0.0024856925,0.04985672,0.0005150878
2024-03-11,8.705673e-06,0.10666322,0.8787838,0.98544705,0.98544705,0.0021225247,0.046070866,0.00059820677
2024-03-12,8.126947e-06,0.1370641,0.8467296,0.9837937,0.9837937,0.0019438985,0.044089664,0.0005014677
2024-03-13,9.689898e-06,0.11667577,0.86659557,0.98327136,0.98327136,0.0017446803,0.04176937,0.0005792401
2024-03-14,1.2509074e-05,0.13306636,0.8436549,0.9767212,0.9767212,0.0016487724,0.04060508,0.0005373597
2024-03-15,8.792239e-06,0.13014328,0.8533216,0.9834649,0.9834649,0.0017236966,0.041517425,0.0005317317
2024-03-18,1.0389973e-05,0.13328308,0.8474144,0.98069745,0.98069745,0.0018109359,0.042555094,0.0005382695
2024-03-19,8.396797e-06,0.14739484,0.8352231,0.9826179,0.9826179,0.0016555259,0.040688153,0.0004830719
2024-03-20,8.39924e-06,0.12860495,0.85549545,0.9841004,0.9841004,0.0014760011,0.03841876,0.0005282674
2024-03-21,9.583523e-06,0.1107097,0.87343216,0.9841419,0.9841418,0.0013576172,0.03684586,0.00060432934
2024-03-22,1.0864731e-05,0.102237836,0.88102394,0.98326176,0.98326176,0.0012048548,0.03471102,0.00064909656
2024-03-25,1.33024205e-05,0.08771486,0.89417714,0.981892,0.981892,0.0010928608,0.033058446,0.00073461526
2024-03-26,1.3878077e-05,0.08949088,0.89138705,0.98087794,0.98087794,0.0010529232,0.032448776,0.0007257625
2024-03-27,9.607058e-05,0.030021546,0.9197737,0.94979525,0.94979525,0.0010078079,0.03174599,0.0019135753
2024-03-28,8.559929e-06,0.12821674,0.85620326,0.98442,0.98442,0.0012508421,0.035367247,0.0005494178
2024-04-01,8.046331e-06,0.13024156,0.85436386,0.98460543,0.98460543,0.001166624,0.03415588,0.00052267336
2024-04-02,8.795797e-06,0.106439285,0.87939924,0.98583853,0.98583853,0.0012271663,0.03503093,0.00062110776
2024-04-03,7.832197e-06,0.12999785,0.8549254,0.98492324,0.98492324,0.0011080108,0.033286795,0.00051948824
2024-04-04,8.44612e-06,0.104507454,0.88159406,0.9861015,0.9861015,0.00097122055,0.031164411,0.00060770044
2024-04-05,8.511461e-06,0.11267915,0.8727182,0.98539734,0.98539734,0.0010067043,0.031728603,0.0005828705
2024-04-08,8.428606e-06,0.10903466,0.87670326,0.9857379,0.9857379,0.000891678,0.029860977,0.0005909801
2024-04-09,9.448463e-06,0.08542111,0.90131843,0.9867395,0.9867395,0.0009069318,0.030115308,0.0007125278
2024-04-10,8.808821e-06,0.09509073,0.8914192,0.9865099,0.9865099,0.0008468171,0.029100122,0.000652985
2024-04-11,8.6178925e-06,0.09492278,0.89169383,0.9866166,0.9866166,0.0007685072,0.027721962,0.0006439246
2024-04-12,9.3342105e-06,0.1069369,0.8784269,0.9853638,0.98536384,0.001109103,0.033303197,0.0006377474
2024-04-15,8.327316e-06,0.111057945,0.87460524,0.9856632,0.9856632,0.0009849872,0.031384505,0.00058083405
2024-04-16,1.0119858e-05,0.106484406,0.87784237,0.9843268,0.9843268,0.0010992498,0.033154935,0.0006456783
2024-04-17,8.552467e-06,0.12840626,0.8559972,0.9844035,0.9844035,0.0010372577,0.032206487,0.0005483578
2024-04-18,9.573812e-06,0.09952924,0.88600135,0.9855306,0.9855306,0.00091315474,0.03021845,0.0006616599
2024-04-19,9.330176e-06,0.08950328,0.89715344,0.9866567,0.9866567,0.0008866985,0.029777482,0.0006992418
2024-04-22,8.890145e-06,0.09261905,0.89402425,0.9866433,0.9866433,0.0008054604,0.028380634,0.0006655952
2024-04-23,9.624842e-06,0.079764135,0.9072734,0.98703754,0.98703754,0.0007747289,0.027833952,0.0007425166
2024-04-24,8.794768e-06,0.090504505,0.8962958,0.9868003,0.9868003,0.00072374125,0.02690244,0.0006662861
2024-04-25,1.2248549e-05,0.12040478,0.86041313,0.9808179,0.9808179,0.001417418,0.03764861,0.000638541
2024-04-26,8.5926695e-06,0.11098972,0.8744801,0.9854699,0.9854698,0.0012413719,0.035233106,0.0005913694
2024-04-29,1.0109954e-05,0.11541878,0.86826605,0.98368484,0.98368484,0.0011176588,0.033431403,0.0006196662
2024-04-30,1.5809723e-05,0.22721049,0.7322023,0.9594128,0.9594128,0.0070610624,0.08403013,0.00038952497
2024-05-01,8.247602e-06,0.14801353,0.8352255,0.98323905,0.98323905,0.005269631,0.07259222,0.0004920726
2024-05-02,8.666968e-06,0.12134077,0.86337227,0.984713,0.984713,0.004541685,0.06739202,0.0005669509
2024-05-03,8.255825e-06,0.14642969,0.8369081,0.9833378,0.98333776,0.004259784,0.06526702,0.0004954829
2024-05-06,8.279005e-06,0.14226629,0.8414249,0.98369116,0.98369116,0.0039609196,0.06293584,0.00050763896
2024-05-07,8.139839e-06,0.10396118,0.88223696,0.9861981,0.9861981,0.0034275262,0.05854508,0.0005897634
2024-05-08,9.442891e-06,0.080834396,0.90571517,0.98654956,0.98654956,0.0030353584,0.055094086,0.0007020505
2024-05-09,1.0512415e-05,0.0708656,0.91579795,0.9866635,0.9866636,0.0027650122,0.05258338,0.0007882452
2024-05-10,1.0181819e-05,0.07488791,0.91180044,0.9866884,0.9866884,0.0027271647,0.052222263,0.0007648817
2024-05-13,1.554223e-05,0.0513881,0.93366545,0.98505354,0.98505354,0.0025308484,0.05030754,0.0010398602
2024-05-14,1.1452497e-05,0.06929286,0.9170512,0.98634404,0.98634404,0.002539131,0.050389793,0.00083864457
2024-05-15,1.4182635e-05,0.05663552,0.9288544,0.9854899,0.9854899,0.002356518,0.048543982,0.0009774322
2024-05-16,1.0551495e-05,0.07158747,0.915334,0.9869214,0.9869214,0.002255593,0.04749308,0.0008067774
2024-05-17,1.1399522e-05,0.069016494,0.9172829,0.9862994,0.9862994,0.0021502362,0.04637064,0.0008320452
2024-05-20,1.1977015e-05,0.06843062,0.91741073,0.98584133,0.98584133,0.0021659648,0.04653993,0.00084591407
2024-05-21,1.818462e-05,0.04609147,0.93826455,0.98435605,0.98435605,0.0021483519,0.046350315,0.0011624056
2024-05-22,2.1101647e-05,0.042161882,0.9410669,0.9832288,0.9832288,0.002073491,0.0455356,0.0012582075
2024-05-23,1.9308856e-05,0.046993133,0.9367718,0.98376495,0.98376495,0.0021358337,0.04621508,0.0011893313
2024-05-24,2.0515457e-05,0.050625604,0.9312393,0.9818649,0.9818649,0.0022317073,0.04724095,0.0011312588
2024-05-28,2.9690278e-05,0.041390765,0.93592906,0.97731984,0.97731984,0.0022395458,0.047323838,0.0013090858
2024-05-29,1.0283523e-05,0.093433306,0.89113444,0.98456776,0.98456776,0.0021572874,0.04644661,0.00066636625
2024-05-30,1.2550299e-05,0.07605207,0.90871626,0.98476833,0.98476833,0.002067386,0.045468517,0.0008239609
2024-05-31,1.5520049e-05,0.05683019,0.9278934,0.98472357,0.98472357,0.0019662164,0.044342037,0.0010159472
2024-06-03,9.919864e-06,0.07825703,0.908482,0.98673904,0.98673904,0.0018420195,0.042918753,0.0007480502
2024-06-04,1.0704134e-05,0.07210897,0.9148034,0.98691237,0.98691237,0.0019987896,0.044707824,0.0008178818
2024-06-05,9.857669e-06,0.10032025,0.8846959,0.9850161,0.9850161,0.0021296178,0.046147782,0.0006578844
2024-06-06,8.9054365e-06,0.09651981,0.8897996,0.9863194,0.9863194,0.0023078811,0.048040412,0.0006509547
2024-06-07,8.160322e-06,0.10612227,0.88002443,0.9861467,0.9861467,0.0021142038,0.045980472,0.0005890521
2024-06-10,1.1730378e-05,0.069557086,0.91652673,0.9860838,0.9860838,0.0019914825,0.044626027,0.00084293
2024-06-11,9.7502e-06,0.08233271,0.9040159,0.9863486,0.9863486,0.0018380434,0.04287241,0.0007142286
2024-06-12,1.1753338e-05,0.069227576,0.9170161,0.98624367,0.98624367,0.0021239559,0.046086397,0.0008543946
2024-06-13,2.1228072e-05,0.041759834,0.94133997,0.9830998,0.9830998,0.0020099462,0.044832423,0.0012560855
2024-06-14,1.2417082e-05,0.06821262,0.9169539,0.98516655,0.98516655,0.0019470558,0.044125456,0.00083710003
2024-06-17,2.4362089e-05,0.03922851,0.9422882,0.9815167,0.9815167,0.0018457085,0.04296171,0.0013180608
2024-06-18,9.6731355e-06,0.09028342,0.89530814,0.9855916,0.98559153,0.0018052596,0.042488348,0.0006713535
2024-06-20,1.0318897e-05,0.08763032,0.89754134,0.9851717,0.9851717,0.0017904791,0.042314053,0.000695891
2024-06-21,2.331448e-05,0.05739761,0.9209047,0.9783023,0.9783023,0.0019252966,0.0438782,0.0010745139
2024-06-24,1.900323e-05,0.061581288,0.9193055,0.9808868,0.9808868,0.0018060516,0.042497665,0.0009942473
2024-06-25,3.1038624e-05,0.044952653,0.9308376,0.9757902,0.9757902,0.0017712816,0.042086598,0.0012820687
2024-06-26,1.3453178e-05,0.07108135,0.9131005,0.9841818,0.9841818,0.001697002,0.041194685,0.00085048843
2024-06-27,1.1886773e-05,0.09223449,0.89074343,0.9829779,0.9829779,0.0017223607,0.041501336,0.0006983152
2024-06-28,1.4825339e-05,0.0670915,0.9162848,0.9833763,0.9833763,0.0015893552,0.03986672,0.00089182076
2024-07-01,2.6288215e-05,0.0448538,0.9347194,0.9795732,0.9795732,0.0015380317,0.039217748,0.0012869467
2024-07-02,1.1999572e-05,0.11225536,0.8676761,0.9799314,0.9799314,0.0015682877,0.039601613,0.0005979281
2024-07-03,1.7732655e-05,0.072374776,0.9075271,0.97990185,0.97990185,0.0014063583,0.037501443,0.0008823028
2024-07-05,2.0870722e-05,0.06695734,0.9112765,0.9782339,0.9782339,0.0012973875,0.036019266,0.00095886254
2024-07-08,6.744498e-05,0.028197488,0.9353444,0.96354187,0.96354187,0.0013190156,0.036318254,0.0018499295
2024-07-09,2.4602487e-05,0.05334713,0.92590946,0.9792566,0.9792566,0.0013127652,0.036232103,0.0011860376
2024-07-10,2.581581e-05,0.05163039,0.92728406,0.97891444,0.97891444,0.0012445566,0.035278276,0.001224336
2024-07-11,5.7749196e-05,0.028693646,0.9388467,0.9675404,0.9675404,0.001181867,0.034378294,0.001779109
2024-07-12,3.46629e-05,0.04603329,0.92806304,0.9740963,0.9740963,0.0011872405,0.034456357,0.0013381446
2024-07-15,2.4668556e-05,0.050425526,0.9294988,0.9799243,0.9799243,0.0011694285,0.034196906,0.0012287782
2024-07-16,3.1209354e-05,0.06487998,0.9078808,0.9727608,0.9727608,0.0014033004,0.03746065,0.0011457513
2024-07-17,1.3286564e-05,0.08033367,0.9035275,0.98386115,0.98386115,0.0013179772,0.036303956,0.00082326576
2024-07-18,4.2557393e-05,0.069409534,0.8933036,0.9627131,0.9627131,0.0016238797,0.04029739,0.0011413504
2024-07-19,9.259664e-06,0.12601593,0.8578807,0.9838967,0.9838966,0.0016244062,0.040303923,0.00057501555
2024-07-22,1.5512394e-05,0.07876945,0.90355885,0.9823283,0.9823283,0.0014031358,0.037458453,0.00087780977
2024-07-23,8.919728e-06,0.110092446,0.87537926,0.9854717,0.9854717,0.0015338727,0.03916469,0.0006139565
2024-07-24,1.1805892e-05,0.09013024,0.8941189,0.9842491,0.9842491,0.0014419291,0.03797274,0.00074953836
2024-07-25,1.05735535e-05,0.0947355,0.8894,0.9841355,0.9841355,0.0013952379,0.037352882,0.0006664918
2024-07-26,2.9479677e-05,0.05466957,0.9200079,0.97467744,0.97467744,0.0013767031,0.03710395,0.0011641667
2024-07-29,1.5805554e-05,0.073494926,0.90893286,0.9824278,0.9824278,0.0013120268,0.03622191,0.0008994623
2024-07-30,9.627435e-05,0.02894522,0.9228036,0.9517488,0.9517488,0.0013950785,0.037350748,0.0019952732
2024-07-31,9.781221e-06,0.14363876,0.8386378,0.98227656,0.98227656,0.0017270322,0.041557577,0.00055188045
2024-08-01,8.088223e-06,0.14453265,0.83886325,0.9833959,0.98339593,0.0017243308,0.041525062,0.0004871213
2024-08-02,1.0858795e-05,0.10386641,0.8798956,0.983762,0.983762,0.0016193269,0.04024086,0.00066872843
2024-08-05,1.2189234e-05,0.089709036,0.8944456,0.98415464,0.98415464,0.001435707,0.037890725,0.00076926214
2024-08-06,9.133345e-06,0.10528386,0.88022715,0.985511,0.985511,0.0013105597,0.036201652,0.0006303643
2024-08-07,2.0490535e-05,0.061621618,0.91853595,0.98015755,0.98015755,0.0012889282,0.035901647,0.0010326618
2024-08-08,9.2153905e-06,0.09991202,0.8856151,0.98552716,0.98552716,0.0013566694,0.036832992,0.00063673675
2024-08-09,1.568128e-05,0.059468552,0.92442447,0.98389304,0.98389304,0.0012160022,0.034871224,0.0009735715
2024-08-12,2.1606787e-05,0.04296555,0.9397254,0.98269093,0.98269093,0.0011433094,0.03381286,0.0012482929
2024-08-13,1.336724e-05,0.06911053,0.9150228,0.9841333,0.9841333,0.0011157615,0.033403017,0.0008424715
2024-08-14,1.895233e-05,0.048972968,0.934033,0.98300594,0.98300594,0.0010584857,0.032534376,0.0011152327
2024-08-15,3.228444e-05,0.03156741,0.94781876,0.97938615,0.97938615,0.001060061,0.03255858,0.0015661529
2024-08-16,2.3731302e-05,0.03971721,0.9422881,0.9820053,0.9820053,0.0010400359,0.03224959,0.0013187939
2024-08-19,2.2337923e-05,0.042549204,0.9397247,0.9822739,0.9822739,0.0010498109,0.032400787,0.0012601697
2024-08-20,1.3404223e-05,0.06323546,0.92277265,0.9860081,0.9860081,0.001122236,0.033499792,0.0009579993
2024-08-21,1.953182e-05,0.04980028,0.93335027,0.98315054,0.98315054,0.0010661623,0.03265214,0.0011591958
2024-08-22,1.9149791e-05,0.047479026,0.93601906,0.9834981,0.9834981,0.0010190294,0.03192224,0.0011604595
2024-08-23,2.4684356e-05,0.059025336,0.91860515,0.9776305,0.9776305,0.0011351308,0.0336917,0.0011034824
2024-08-26,2.5355639e-05,0.05377607,0.9234585,0.9772346,0.9772346,0.0010807178,0.03287427,0.0011137797
2024-08-27,0.00021010001,0.011350138,0.9009997,0.9123499,0.9123499,0.0010818434,0.03289139,0.0023970306
2024-08-28,4.108861e-05,0.04298652,0.9291608,0.9721473,0.9721473,0.0011929554,0.034539185,0.0014752103
2024-08-29,5.4601307e-05,0.035691116,0.9328672,0.9685584,0.9685584,0.0011576856,0.03402478,0.0017365929
2024-08-30,8.809417e-06,0.12955742,0.85462034,0.98417777,0.98417777,0.0015065474,0.03881427,0.0005567746
2024-09-03,9.808813e-06,0.08077219,0.90614486,0.9869171,0.986917,0.0012989409,0.036040824,0.0007497418
2024-09-04,1.0022393e-05,0.079898335,0.906678,0.9865764,0.9865764,0.001287564,0.035882644,0.0007466237
2024-09-05,1.4160305e-05,0.06629477,0.91874295,0.98503774,0.98503774,0.0012334292,0.03512021,0.00094640173
2024-09-06,1.12655325e-05,0.07584635,0.91050273,0.9863491,0.9863491,0.0013115993,0.03621601,0.00082525966
2024-09-09,1.4145506e-05,0.057178065,0.9286923,0.98587036,0.98587036,0.0012122962,0.034818046,0.001001123
2024-09-10,1.3544617e-05,0.065564506,0.91939694,0.98496145,0.98496145,0.001266554,0.035588678,0.00090065977
2024-09-11,1.0124852e-05,0.081855595,0.9048861,0.9867417,0.9867417,0.0012308063,0.03508285,0.0007636627
2024-09-12,1.0154764e-05,0.0755795,0.9114021,0.98698163,0.98698163,0.0011477655,0.033878688,0.0007800335
2024-09-13,1.171424e-05,0.06795626,0.9184776,0.98643386,0.98643386,0.0011643125,0.034122024,0.00086349127
2024-09-16,1.8790215e-05,0.05032807,0.9333824,0.98371047,0.98371047,0.0011143085,0.03338126,0.0011535147
2024-09-17,1.583722e-05,0.05425895,0.9306036,0.98486257,0.98486257,0.0011020141,0.0331966,0.0010462289
2024-09-18,1.5927551e-05,0.058525544,0.9252713,0.98379683,0.98379683,0.0010645333,0.032627184,0.0009829901
2024-09-19,2.1951464e-05,0.044653933,0.93771416,0.9823681,0.9823681,0.0010181343,0.031908218,0.0012449865
2024-09-20,1.2557339e-05,0.06782359,0.9177472,0.9855708,0.9855708,0.0010112844,0.0318007,0.000870272
2024-09-23,2.4733961e-05,0.038640372,0.94351804,0.9821584,0.9821584,0.001029432,0.032084763,0.0013863102
2024-09-24,1.35437895e-05,0.06373662,0.922241,0.9859776,0.9859776,0.0011917361,0.03452153,0.0009658675
2024-09-25,1.9802654e-05,0.048242934,0.93440336,0.9826463,0.9826463,0.0011487372,0.033893026,0.001141119
2024-09-26,1.2536522e-05,0.060411,0.92636275,0.9867737,0.9867737,0.0011468836,0.03386567,0.0009478501
2024-09-27,1.359752e-05,0.058233224,0.92791384,0.98614705,0.98614705,0.0010984363,0.033142667,0.000981561
2024-09-30,9.496923e-06,0.10941013,0.87597847,0.9853886,0.9853886,0.0018148264,0.04260078,0.0006499656
2024-10-01,1.2975364e-05,0.05920471,0.92721105,0.98641574,0.98641574,0.0016052637,0.040065743,0.00095517666
2024-10-02,1.1056785e-05,0.06820388,0.9186208,0.9868247,0.9868247,0.0015062684,0.038810674,0.00083920505
2024-10-03,1.3347399e-05,0.057345152,0.9289392,0.9862844,0.9862844,0.001395468,0.037355963,0.0009731528
2024-10-04,8.278381e-06,0.103503406,0.88267666,0.98618007,0.98618007,0.0013575362,0.036844756,0.0005990174
2024-10-07,2.7499203e-05,0.034007765,0.946837,0.9808448,0.9808448,0.0013691357,0.037001833,0.0014355996
2024-10-08,1.4280291e-05,0.06988268,0.9129548,0.9828375,0.9828375,0.0013739162,0.037066374,0.0008320635
2024-10-09,1.42316385e-05,0.056227893,0.92887294,0.98510087,0.98510087,0.0012700437,0.035637673,0.000955199
2024-10-10,1.869206e-05,0.04825474,0.9354328,0.9836875,0.9836875,0.0012345304,0.035135884,0.0011458748
2024-10-11,9.761414e-06,0.09074679,0.8944484,0.98519516,0.98519516,0.0011751519,0.03428049,0.00065933936
2024-10-14,7.66359e-05,0.018945573,0.9438766,0.9628222,0.9628222,0.0010841034,0.032925725,0.002061335
2024-10-15,6.6354834e-05,0.02604047,0.9390933,0.9651338,0.9651338,0.0011544275,0.033976868,0.0019031271
2024-10-16,2.2599424e-05,0.049974583,0.9309013,0.98087585,0.98087585,0.0011505551,0.033919834,0.0011817218
2024-10-17,5.7317164e-05,0.033387013,0.93280536,0.96619236,0.96619236,0.0012375545,0.035178892,0.0016953911
2024-10-18,6.215003e-05,0.034097884,0.9285173,0.9626152,0.9626152,0.0012140033,0.03484255,0.0016624408
2024-10-21,8.029592e-05,0.029354576,0.9286213,0.95797586,0.95797586,0.0012397898,0.035210647,0.0019107095
2024-10-22,9.3887866e-05,0.025606787,0.92637587,0.9519827,0.9519827,0.001248274,0.03533092,0.0019552915
2024-10-23,2.6832675e-05,0.06713825,0.9060741,0.97321236,0.97321236,0.00125026,0.035359018,0.0010016812
2024-10-24,0.00010978504,0.01670856,0.9342374,0.950946,0.950946,0.001171953,0.0342338,0.0022380434
2024-10-25,1.3796251e-05,0.07794619,0.9064829,0.98442906,0.98442906,0.0012967903,0.036010973,0.0008860256
2024-10-28,3.0517376e-05,0.038551364,0.9392169,0.9777683,0.9777683,0.001207231,0.034745228,0.0013726966
2024-10-29,1.2204512e-05,0.13108616,0.85016364,0.9812498,0.9812498,0.0015732546,0.039664272,0.0006509007
2024-10-30,1.6208633e-05,0.08460877,0.8958855,0.9804943,0.9804943,0.0013837208,0.0371984,0.0008309699
2024-10-31,1.1759374e-05,0.21303973,0.7582965,0.97133625,0.97133625,0.0044093304,0.06640279,0.0004102524
2024-11-01,8.201026e-06,0.14143004,0.8422416,0.9836716,0.9836716,0.003877678,0.062271003,0.00050225545
2024-11-04,8.230019e-06,0.12671904,0.85797024,0.9846893,0.9846893,0.0033111754,0.057542812,0.00053753366
2024-11-05,8.108367e-06,0.13453306,0.8498328,0.9843658,0.9843658,0.0030896014,0.055584185,0.00051863084
2024-11-06,8.232305e-06,0.13941821,0.8443388,0.98375696,0.983757,0.0028547042,0.053429432,0.00050682045
2024-11-07,1.6238551e-05,0.06071564,0.9221331,0.9828487,0.9828487,0.0025329029,0.050327953,0.00094678276
2024-11-08,1.5327169e-05,0.067797095,0.9143903,0.9821874,0.9821874,0.0023753499,0.04873756,0.0008604673
2024-11-11,1.9671459e-05,0.053474523,0.92801785,0.9814924,0.9814924,0.00219251,0.046824247,0.0010628855
2024-11-12,9.647878e-06,0.09644953,0.88942516,0.9858747,0.9858747,0.00248833,0.049883164,0.00068302173
2024-11-13,1.1401379e-05,0.07301135,0.9125609,0.9855722,0.9855722,0.0022245783,0.047165435,0.00079023786
2024-11-14,2.146221e-05,0.04667921,0.9349593,0.9816385,0.9816385,0.002090873,0.045726065,0.0011688697
2024-11-15,1.5485715e-05,0.06883277,0.9136569,0.98248965,0.98248965,0.0021952176,0.04685315,0.0008843747
2024-11-18,1.6016898e-05,0.056409046,0.9277259,0.984135,0.984135,0.0020341908,0.045102004,0.0010095726
2024-11-19,8.715311e-06,0.108888455,0.87615067,0.9850391,0.9850391,0.0020555863,0.045338575,0.0005825398
2024-11-20,1.6342603e-05,0.055320416,0.9282981,0.98361856,0.98361856,0.0018177343,0.042634897,0.000997629
2024-11-21,1.51922395e-05,0.0671026,0.91625696,0.9833596,0.9833596,0.0019248561,0.043873183,0.00091297185
2024-11-22,4.0182364e-05,0.029931324,0.9446742,0.9746055,0.9746055,0.0019142337,0.043751955,0.0015823254
2024-11-25,0.0002444421,0.008086141,0.8935645,0.90165067,0.90165067,0.0019740057,0.044429783,0.0024854476
2024-11-26,1.2415268e-05,0.08415469,0.90001893,0.9841736,0.9841736,0.0020527532,0.04530732,0.0007844655
2024-11-27,1.5942522e-05,0.06136878,0.92174923,0.983118,0.983118,0.0018885531,0.043457486,0.00094435015
2024-11-29,1.9328674e-05,0.06458805,0.9154294,0.9800175,0.9800175,0.0020425385,0.04519445,0.00096727925
2024-12-02,1.0280245e-05,0.08918774,0.8964103,0.985598,0.985598,0.0020419303,0.045187723,0.0007138081
2024-12-03,1.1481661e-05,0.074422866,0.9110521,0.985475,0.98547494,0.0020246983,0.04499665,0.00079047604
2024-12-04,1.0903545e-05,0.10863776,0.8733051,0.98194283,0.98194283,0.002077011,0.045574237,0.00060383475
2024-12-05,1.4788442e-05,0.0721805,0.9104662,0.9826467,0.9826467,0.0018247989,0.042717665,0.0008521979
2024-12-06,1.1602263e-05,0.07617736,0.9089119,0.98508924,0.98508924,0.0016865431,0.041067544,0.0007781136
2024-12-09,1.959661e-05,0.053422585,0.92833257,0.98175514,0.98175514,0.0015445664,0.03930097,0.0010740892
2024-12-10,8.806053e-06,0.09602285,0.8900343,0.98605716,0.98605716,0.0015155368,0.038929895,0.0006315826
2024-12-11,2.7258038e-05,0.03871163,0.9407716,0.9794832,0.9794832,0.001360897,0.036890335,0.0013285708
2024-12-12,9.904665e-06,0.086573765,0.8993728,0.9859466,0.9859466,0.0014760201,0.03841901,0.00070478756
2024-12-13,2.5745338e-05,0.039121285,0.9414978,0.9806191,0.9806191,0.0013821832,0.037177723,0.0013283852
2024-12-16,2.6220072e-05,0.049432106,0.92797756,0.97740966,0.97740966,0.0014319301,0.03784085,0.0011606764
2024-12-17,2.180436e-05,0.046558477,0.9348826,0.9814411,0.9814411,0.0013750322,0.037081428,0.0011748723
2024-12-18,2.3413104e-05,0.047414474,0.9335802,0.9809947,0.9809947,0.0013465445,0.036695294,0.0012319251
2024-12-19,2.2446811e-05,0.04517427,0.9360012,0.9811754,0.9811754,0.0012994127,0.036047366,0.0011924205
2024-12-20,1.4640754e-05,0.06043289,0.92449266,0.98492557,0.98492557,0.0014045213,0.037476942,0.00097123085
2024-12-23,1.580171e-05,0.054545827,0.9300814,0.98462725,0.98462725,0.001435209,0.037884153,0.0010279038
2024-12-24,5.5678905e-05,0.022130474,0.9484036,0.9705341,0.9705341,0.0013837973,0.037199426,0.0018896039
2024-12-26,1.2791226e-05,0.07221251,0.9127419,0.9849544,0.9849544,0.0014977219,0.038700413,0.00085016486
2024-12-27,1.2868341e-05,0.07924332,0.9048104,0.98405373,0.98405373,0.0016408111,0.040506925,0.00080698135
2024-12-30,4.4706452e-05,0.061249793,0.9010099,0.9622597,0.9622597,0.0017408567,0.041723575,0.0011845815
2024-12-31,8.889612e-06,0.17710479,0.803555,0.9806598,0.9806598,0.0024038854,0.049029432,0.00045964387
2025-01-02,9.35372e-06,0.16412582,0.81619996,0.98032576,0.98032576,0.0030711896,0.055418316,0.00047542976
2025-01-03,8.411e-06,0.14839117,0.8342758,0.98266697,0.98266697,0.0025255645,0.050254993,0.00048525847
2025-01-06,9.578456e-06,0.17071272,0.8086075,0.9793202,0.9793202,0.0032412736,0.056932185,0.00046317998
2025-01-07,8.858051e-06,0.18488437,0.79469734,0.9795817,0.9795817,0.004037614,0.063542224,0.0004338293
2025-01-08,1.5313823e-05,0.13103114,0.8418572,0.97288835,0.97288835,0.003938499,0.06275746,0.0005648429
2025-01-09,8.629426e-06,0.14818276,0.8342364,0.98241913,0.98241913,0.0037585245,0.06130681,0.00049084186
2025-01-10,9.74366e-06,0.14090315,0.83963656,0.98053974,0.9805397,0.00317238,0.056323886,0.0005006952
2025-01-13,8.4897565e-06,0.16391377,0.81721604,0.9811298,0.9811298,0.0034690076,0.05889828,0.00044990343
2025-01-14,0.00015801634,0.020777568,0.9003717,0.92114925,0.92114925,0.002874084,0.053610485,0.002003993
2025-01-15,5.2608608e-05,0.041728564,0.9198584,0.96158695,0.96158695,0.0027473734,0.052415393,0.0013695505
2025-01-16,4.2496446e-05,0.049264923,0.91425383,0.96351874,0.96351874,0.0026143566,0.05113078,0.0011648842
2025-01-17,5.7921367e-05,0.02849927,0.936541,0.96504027,0.96504027,0.0025203049,0.050202638,0.0016568023
2025-01-21,8.3819694e-05,0.028549874,0.92353135,0.9520812,0.9520812,0.0025802462,0.050796125,0.0017492028
2025-01-22,2.9369174e-05,0.062777996,0.9087526,0.9715306,0.9715306,0.0025371327,0.05036996,0.0010316055
2025-01-23,4.2258762e-05,0.041246597,0.92869043,0.969937,0.969937,0.0025119744,0.0501196,0.0014056747
2025-01-24,2.0483503e-05,0.07102765,0.90529245,0.9763201,0.9763201,0.0023756367,0.048740502,0.000865016
2025-01-27,4.2061514e-05,0.045439437,0.9207087,0.96614814,0.96614814,0.002201796,0.0469233,0.001242517
2025-01-28,3.7472233e-05,0.0653792,0.89985335,0.96523255,0.96523255,0.002399849,0.048988253,0.0010777964
2025-01-29,4.8051614e-05,0.07257501,0.8803544,0.95292944,0.95292944,0.0024554287,0.049552284,0.0010208421
2025-01-30,1.6948281e-05,0.09416662,0.8820103,0.9761769,0.9761769,0.0022344752,0.047270235,0.00071142265
2025-01-31,1.2822067e-05,0.209343,0.75910676,0.9684498,0.9684498,0.004060166,0.06371943,0.00040640173
2025-02-03,1.2210113e-05,0.17465383,0.7981975,0.97285134,0.97285134,0.0030950485,0.05563316,0.00044975005
2025-02-04,1.0150607e-05,0.20566447,0.7692139,0.9748784,0.9748784,0.0041121524,0.06412607,0.00040405846
2025-02-05,8.580552e-06,0.15899274,0.82252026,0.981513,0.981513,0.003355589,0.057927445,0.00046414038
2025-02-06,8.54569e-06,0.15431924,0.82793295,0.9822522,0.9822522,0.0029372736,0.05419662,0.0004815065
2025-02-07,7.91258e-06,0.13651668,0.8475789,0.9840956,0.9840956,0.0024723695,0.04972293,0.00049750804
2025-02-10,8.011286e-06,0.15210968,0.8306996,0.9828093,0.9828093,0.0022204274,0.04712141,0.00046602456
2025-02-11,8.5274905e-06,0.117785096,0.86670566,0.98449075,0.98449075,0.0020982565,0.04580673,0.00054983265
2025-02-12,7.818191e-06,0.13754597,0.84654653,0.98409253,0.9840925,0.0018828145,0.04339141,0.00049147935
2025-02-13,1.1214073e-05,0.07476051,0.9106988,0.98545927,0.98545927,0.0016256496,0.040319346,0.0007712179
2025-02-14,8.706028e-06,0.09276239,0.89383054,0.98659295,0.98659295,0.0015151752,0.038925253,0.0006493619
2025-02-18,1.4716081e-05,0.05842209,0.9261124,0.9845345,0.9845345,0.001428608,0.03779693,0.00095154264
2025-02-19,2.2391587e-05,0.053734004,0.92657197,0.98030597,0.98030597,0.0016506535,0.040628236,0.0011369733
2025-02-20,1.5171531e-05,0.064828016,0.9188267,0.98365474,0.98365474,0.0017867315,0.042269748,0.00092819135
2025-02-21,2.5139132e-05,0.049385864,0.92877746,0.9781633,0.9781633,0.0017158253,0.04142252,0.0011512332
2025-02-24,1.7226144e-05,0.055515647,0.92788357,0.9833992,0.9833992,0.0016380481,0.040472806,0.0010376703
2025-02-25,1.5357942e-05,0.070177026,0.9119967,0.98217374,0.98217374,0.0017248527,0.041531347,0.0008615348
2025-02-26,1.1440918e-05,0.0808682,0.90425926,0.98512745,0.98512745,0.0017260624,0.041545905,0.00076926395
2025-02-27,1.5557216e-05,0.07393352,0.907894,0.98182756,0.98182756,0.0019261664,0.04388811,0.0008560883
2025-02-28,7.76162e-06,0.12292051,0.862288,0.9852085,0.9852085,0.001768305,0.04205122,0.00052473554
2025-03-03,1.2974055e-05,0.0756176,0.9079118,0.9835294,0.9835294,0.0016127424,0.040158965,0.0007877094
2025-03-04,8.680062e-06,0.1603755,0.8212476,0.98162305,0.98162305,0.0018761583,0.043314643,0.0004723343
2025-03-05,8.185667e-06,0.12974814,0.8549191,0.98466724,0.9846672,0.0020178761,0.044920776,0.00053386786
2025-03-06,1.1918459e-05,0.071985155,0.9135741,0.9855593,0.9855592,0.0018015514,0.042444687,0.00082533713
2025-03-07,1.0340242e-05,0.07942518,0.906724,0.98614913,0.98614913,0.0017391245,0.04170281,0.0007465411
2025-03-10,9.043295e-06,0.090801455,0.89570576,0.98650724,0.98650724,0.0016274669,0.040341876,0.000670233
2025-03-11,1.7294547e-05,0.054106496,0.92953503,0.9836415,0.9836415,0.0015064536,0.03881306,0.0010572212
2025-03-12,9.035066e-06,0.08500489,0.9017938,0.98679864,0.98679864,0.0014213156,0.03770034,0.0006844044
2025-03-13,8.746087e-06,0.11656477,0.86808103,0.9846458,0.9846458,0.0019237865,0.04386099,0.00056962116
2025-03-14,9.141858e-06,0.09337507,0.8928094,0.9861845,0.9861845,0.0016841313,0.04103817,0.0006617092
2025-03-17,8.425824e-06,0.100052394,0.88615626,0.9862087,0.9862087,0.0015129597,0.038896784,0.0006109511
2025-03-18,8.117369e-06,0.11902373,0.86605155,0.9850753,0.9850753,0.0013931493,0.037324913,0.0005438881
2025-03-19,8.514908e-06,0.1071102,0.8785873,0.9856975,0.9856975,0.0012235257,0.034978934,0.00059534435
2025-03-20,8.822328e-06,0.094673194,0.8915714,0.9862446,0.9862446,0.0013221977,0.036362037,0.0006413728
2025-03-21,8.778626e-06,0.1158755,0.8687126,0.9845881,0.9845881,0.0015998294,0.03999787,0.0005696
2025-03-24,8.490807e-06,0.10752933,0.87809396,0.9856233,0.9856233,0.0013988187,0.037400786,0.000590595
2025-03-25,9.182935e-06,0.10629048,0.8784113,0.98470175,0.98470175,0.0012661164,0.035582528,0.0006002606
2025-03-26,9.541832e-06,0.11399582,0.86951363,0.9835095,0.9835094,0.0011592477,0.034047727,0.0005786253
2025-03-27,9.365127e-06,0.10080395,0.8843709,0.9851749,0.9851749,0.0010211754,0.031955834,0.00063170725
2025-03-28,9.865818e-06,0.08658128,0.89959186,0.98617315,0.98617315,0.0009657669,0.03107679,0.0007135263
2025-03-31,1.0307697e-05,0.078061454,0.90854704,0.9866085,0.9866085,0.0009509964,0.03083823,0.0007697197
2025-04-01,8.359849e-06,0.09643404,0.8901283,0.9865624,0.9865624,0.000888355,0.029805286,0.0006221223
2025-04-02,9.003045e-06,0.101684876,0.8842008,0.9858857,0.9858857,0.0009646788,0.03105928,0.00063786603
2025-04-03,8.4798885e-06,0.104882,0.8811234,0.9860054,0.9860054,0.00093170936,0.030523915,0.00060594117
2025-04-04,9.063567e-06,0.08816082,0.89866304,0.98682386,0.98682386,0.00087336986,0.029552832,0.00068787707
2025-04-07,1.0660553e-05,0.108530045,0.8759536,0.98448366,0.98448366,0.001294018,0.03597246,0.0006870533
2025-04-08,1.1115874e-05,0.10401235,0.87970686,0.9837192,0.9837192,0.0013982794,0.037393574,0.00068276096
2025-04-09,1.0713192e-05,0.121385306,0.86127985,0.9826651,0.9826652,0.0015353223,0.03918319,0.00061801367
2025-04-10,8.888598e-06,0.17043874,0.8105209,0.98095965,0.98095965,0.0024680262,0.049679235,0.00046682966
2025-04-11,9.82338e-06,0.15166198,0.82971585,0.98137784,0.98137784,0.0028463171,0.05335089,0.00052751024
2025-04-14,8.162847e-06,0.14719918,0.83605933,0.9832585,0.9832585,0.0023818149,0.04880384,0.00048758116
2025-04-15,9.116045e-06,0.1713224,0.8088789,0.9802013,0.9802013,0.0025079479,0.050079416,0.00046043663
2025-04-16,8.598625e-06,0.14517759,0.8377958,0.9829734,0.9829734,0.0020380819,0.04514512,0.0005050112
2025-04-17,9.140347e-06,0.13861857,0.843329,0.9819476,0.9819476,0.0018049136,0.042484276,0.0005063231
2025-04-21,8.682987e-06,0.14053266,0.8420747,0.98260736,0.98260736,0.0015312997,0.039131824,0.00049923355
2025-04-22,1.2142014e-05,0.13023181,0.8495254,0.9797572,0.9797572,0.0020465953,0.04523931,0.0005998186
2025-04-23,9.00424e-06,0.13847545,0.8438364,0.9823119,0.98231184,0.001751785,0.041854333,0.0005090565
2025-04-24,9.456649e-06,0.112471715,0.87189955,0.98437124,0.98437124,0.0014909428,0.038612727,0.00060508016
2025-04-25,2.7415263e-05,0.07983989,0.89023334,0.9700732,0.9700732,0.0014154844,0.037622925,0.00091607805
2025-04-28,1.936855e-05,0.08687901,0.8891583,0.9760373,0.9760373,0.0012880631,0.035889596,0.0008082799
2025-04-29,9.365056e-06,0.12755515,0.856385,0.9839401,0.9839401,0.0016737495,0.040911485,0.0005831338
2025-04-30,9.890265e-06,0.09859917,0.88713115,0.98573035,0.98573035,0.0020004536,0.04472643,0.00069309794
2025-05-01,1.0370391e-05,0.09209466,0.8936812,0.9857759,0.9857759,0.0018153505,0.04260693,0.0007290712
2025-05-02,9.531521e-06,0.08444285,0.9024267,0.9868696,0.9868696,0.0018207065,0.04266974,0.000725911
2025-05-05,1.0550756e-05,0.08114495,0.9051745,0.9863194,0.9863194,0.0018065048,0.042502996,0.00077122153
2025-05-06,1.0205684e-05,0.08016965,0.90652454,0.98669416,0.9866942,0.0016853098,0.041052524,0.0007670077
2025-05-07,8.627276e-06,0.095738575,0.89073956,0.98647815,0.98647815,0.0015865206,0.03983115,0.0006380248
2025-05-08,1.1422853e-05,0.06876272,0.91790503,0.98666775,0.98666775,0.0016141352,0.040176302,0.00085678376
2025-05-09,8.425248e-06,0.09420984,0.89257216,0.986782,0.986782,0.0014972669,0.038694534,0.0006374079
2025-05-12,9.280151e-06,0.083213426,0.9039192,0.98713267,0.98713267,0.0016317108,0.04039444,0.000721218
2025-05-13,9.11414e-06,0.086208045,0.9006233,0.98683137,0.98683137,0.0016163448,0.04020379,0.0006921098
2025-05-14,8.473407e-06,0.09492088,0.8917748,0.98669565,0.98669565,0.0014648519,0.038273383,0.0006368899
2025-05-15,9.769296e-06,0.08466714,0.9015862,0.9862533,0.9862533,0.0014921353,0.03862817,0.00071066595
2025-05-16,1.1017377e-05,0.08047518,0.90534925,0.98582447,0.98582447,0.0014756026,0.038413573,0.0007772107
2025-05-19,1.4470792e-05,0.06764359,0.91619617,0.98383975,0.98383975,0.001352308,0.03677374,0.00089545595
2025-05-20,1.47605315e-05,0.08551149,0.8957779,0.9812894,0.9812894,0.0015697391,0.039619934,0.0007888855
2025-05-21,8.984485e-06,0.15038837,0.832127,0.98251534,0.98251534,0.0022139782,0.04705293,0.00051384943
2025-05-22,8.504151e-06,0.1104539,0.87508243,0.98553634,0.98553634,0.0018955803,0.04353826,0.00058796664
2025-05-23,9.685946e-06,0.096909195,0.8883941,0.98530334,0.9853033,0.001799031,0.042414986,0.00065905775
2025-05-27,1.0065205e-05,0.08948428,0.8960431,0.9855274,0.9855274,0.0016675433,0.040835563,0.00069546606
2025-05-28,1.4977837e-05,0.06320877,0.9210246,0.9842334,0.9842334,0.001537313,0.039208584,0.0009499713
2025-05-29,2.0038848e-05,0.07076205,0.90782416,0.9785862,0.9785862,0.0016477964,0.040593058,0.0009357912
2025-05-30,9.297214e-06,0.121171445,0.86324024,0.98441166,0.9844117,0.0021523596,0.04639353,0.00059642096
2025-06-02,1.1700875e-05,0.07344717,0.912156,0.98560315,0.98560315,0.0019223716,0.043844856,0.0008127387
2025-06-03,8.422835e-06,0.11956649,0.8656204,0.9851869,0.9851869,0.0021190702,0.04603336,0.0005686062
2025-06-04,8.159022e-06,0.11222798,0.873543,0.985771,0.985771,0.001849928,0.04301079,0.00057340803
2025-06-05,1.1838716e-05,0.06486136,0.9216565,0.98651785,0.98651785,0.001624373,0.04030351,0.0008781028
2025-06-06,9.001732e-06,0.0850789,0.9020053,0.9870842,0.9870842,0.0015158935,0.038934477,0.0006969556
2025-06-09,1.0894672e-05,0.0689609,0.91783834,0.98679924,0.98679924,0.0014473575,0.03804415,0.00082530646
2025-06-10,1.3175443e-05,0.065346666,0.9195042,0.9848509,0.9848509,0.0014494874,0.038072135,0.0008697169
2025-06-11,1.3091411e-05,0.07015591,0.91422474,0.98438066,0.98438066,0.0013981571,0.03739194,0.00083815405
2025-06-12,8.591402e-06,0.102219895,0.883503,0.9857229,0.9857229,0.0012949383,0.03598525,0.0006017609
2025-06-13,2.61844e-05,0.042081155,0.9379276,0.9800088,0.9800088,0.001154375,0.033976097,0.0013097951
2025-06-16,1.3730323e-05,0.094876125,0.8842141,0.9790902,0.9790902,0.001135997,0.033704557,0.0006566458
2025-06-17,9.316492e-06,0.0896043,0.89678514,0.98638946,0.98638946,0.0012170915,0.034886837,0.00068450556
2025-06-18,1.4335251e-05,0.071023196,0.9116696,0.9826928,0.98269284,0.0011676482,0.03417087,0.00082828145
2025-06-20,1.6183425e-05,0.05687871,0.9270436,0.9839223,0.9839223,0.0011679173,0.034174804,0.001006576
2025-06-23,2.0955158e-05,0.050656624,0.93126416,0.9819208,0.9819208,0.0011727763,0.034245823,0.0011590741
2025-06-24,1.0142896e-05,0.092878476,0.8925105,0.98538893,0.98538893,0.0011913402,0.034515794,0.0006941928
2025-06-25,2.120893e-05,0.05161161,0.9297252,0.98133683,0.98133683,0.0012557587,0.035436686,0.0011364057
2025-06-26,4.9229166e-05,0.033184804,0.9366906,0.96987545,0.96987545,0.0012614311,0.03551663,0.0016341879
2025-06-27,3.5600722e-05,0.055973157,0.91426593,0.9702391,0.9702391,0.0012930138,0.035958502,0.0011962247
2025-06-30,9.470309e-06,0.15335898,0.8283662,0.9817252,0.9817252,0.0022681719,0.04762533,0.0005182173
2025-07-01,8.687801e-06,0.15515333,0.82695997,0.9821133,0.9821133,0.002833391,0.053229608,0.00048571295
2025-07-02,8.321042e-06,0.1373925,0.84645194,0.98384446,0.98384446,0.0023731308,0.04871479,0.00051505805
2025-07-03,7.881844e-06,0.14374684,0.8400651,0.983812,0.983812,0.00207973,0.045604058,0.00048689346
2025-07-04,9.015407e-06,0.122053474,0.8621894,0.98424286,0.9842429,0.0018290844,0.042767797,0.0005721473
2025-07-07,1.334124e-05,0.09090129,0.8903047,0.981206,0.981206,0.0015908283,0.03988519,0.000709867
2025-07-08,1.9846535e-05,0.058195867,0.9220896,0.98028547,0.98028547,0.0014348585,0.037879527,0.0010066956
2025-07-09,1.48154895e-05,0.07561904,0.9061489,0.98176795,0.98176795,0.0013688775,0.036998343,0.000812607
2025-07-10,2.7324406e-05,0.048306733,0.92958844,0.9778952,0.97789514,0.001365849,0.036957394,0.00123613
2025-07-11,1.7281116e-05,0.057803396,0.9253108,0.9831142,0.9831142,0.0013658856,0.03695789,0.0010234101
2025-07-14,3.0522122e-05,0.05080559,0.9231539,0.97395945,0.97395945,0.0012837525,0.035829492,0.0011720996
2025-07-15,1.2548968e-05,0.067731045,0.9181449,0.9858759,0.9858759,0.0013187395,0.036314454,0.0008884794
2025-07-16,1.4015369e-05,0.06308828,0.92185295,0.98494124,0.98494124,0.0012418224,0.0352395,0.00093071227
2025-07-17,3.0821346e-05,0.032147292,0.9478418,0.9799891,0.9799891,0.0011629552,0.034102127,0.0015402287
2025-07-18,2.4292054e-05,0.044168215,0.9356323,0.9798005,0.9798005,0.0011332937,0.033664428,0.001202608
2025-07-21,3.24528e-05,0.03130996,0.94796187,0.9792718,0.9792718,0.0010866084,0.032963745,0.0015656374
2025-07-22,3.9074013e-05,0.03996876,0.93298244,0.9729512,0.9729512,0.0012137004,0.034838203,0.0014445734
2025-07-23,3.664862e-05,0.035513468,0.9404358,0.9759493,0.9759493,0.0011907684,0.034507513,0.001523806
2025-07-24,2.5899368e-05,0.060095683,0.9168161,0.9769118,0.9769118,0.0012643449,0.035557628,0.001121757
2025-07-25,7.285085e-05,0.022497058,0.94062954,0.9631266,0.9631266,0.0011870345,0.034453366,0.0019757021
2025-07-28,3.8364356e-05,0.036583595,0.9377345,0.9743181,0.9743181,0.0011900578,0.034497216,0.0014938278
2025-07-29,5.4298922e-05,0.038193733,0.92714894,0.9653427,0.96534264,0.0012123088,0.034818225,0.0015667384
2025-07-30,8.583905e-06,0.11550267,0.86945856,0.9849612,0.9849612,0.0012146537,0.034851883,0.0005707843
2025-07-31,1.3484792e-05,0.072255164,0.9122716,0.98452675,0.98452675,0.0010800761,0.03286451,0.0008714908
2025-08-01,1.48721365e-05,0.06182679,0.92286396,0.9846907,0.9846907,0.0010278277,0.03205975,0.0009714462
2025-08-04,1.3537985e-05,0.06095176,0.92427385,0.9852256,0.9852256,0.00096664607,0.031090932,0.0009163148
2025-08-05,2.5791489e-05,0.052351527,0.9263432,0.97869474,0.97869474,0.0010594383,0.032549016,0.0012105689
2025-08-06,1.1046141e-05,0.07599297,0.9104934,0.9864864,0.9864863,0.0010438517,0.032308694,0.0008174077
2025-08-07,1.1808887e-05,0.06438272,0.9223953,0.986778,0.986778,0.0009989896,0.031606797,0.00089312554
2025-08-08,1.09142275e-05,0.06292367,0.9246158,0.98753947,0.98753947,0.00093387073,0.0305593,0.000875904
2025-08-11,1.3426945e-05,0.06274546,0.9227901,0.98553556,0.98553556,0.00091440976,0.03023921,0.00092827284
2025-08-12,1.7135533e-05,0.047955275,0.936786,0.9847413,0.9847413,0.00086613133,0.02943011,0.0011229987
2025-08-13,2.0118161e-05,0.07027736,0.9102763,0.9805537,0.9805536,0.00095072424,0.030833816,0.0010345489
2025-08-14,2.0105785e-05,0.05336204,0.9286895,0.98205155,0.9820515,0.0008892883,0.029820938,0.0011201962
2025-08-15,1.7297492e-05,0.0607624,0.9219449,0.9827073,0.9827073,0.00084720406,0.02910677,0.0010002784
2025-08-18,1.6479247e-05,0.057317756,0.9268568,0.98417455,0.98417455,0.00084028253,0.028987627,0.001041313
2025-08-19,1.635148e-05,0.05509744,0.92904794,0.9841454,0.9841454,0.00079968944,0.028278781,0.00103134
2025-08-20,2.0696438e-05,0.06026819,0.92072237,0.9809905,0.9809905,0.00086427137,0.029398493,0.0010887434
2025-08-21,1.4040345e-05,0.06720877,0.91683584,0.9840446,0.9840446,0.00081787875,0.028598579,0.00087997515
2025-08-22,9.786483e-06,0.0824957,0.90419257,0.98668826,0.98668826,0.0008119583,0.028494881,0.00073517667
2025-08-25,4.283569e-05,0.036638815,0.9366926,0.9733314,0.9733314,0.0009196201,0.03032524,0.0016062214
2025-08-26,6.515429e-05,0.026214778,0.938554,0.96476877,0.96476877,0.0009042475,0.030070709,0.0018493332
2025-08-27,9.448106e-06,0.07493908,0.9126775,0.9876166,0.9876166,0.00091550255,0.030257273,0.0007629653
2025-08-28,1.27126505e-05,0.0749702,0.91011184,0.98508203,0.98508203,0.0010630754,0.032604836,0.0008521703
2025-08-29,9.514427e-06,0.08091901,0.90622747,0.9871465,0.9871465,0.0010337117,0.032151386,0.00074022054
2025-09-02,1.0144029e-05,0.06879277,0.9189862,0.98777896,0.98777896,0.00097265193,0.031187369,0.0008300464
2025-09-03,0.0001125029,0.013339217,0.9371766,0.9505158,0.9505158,0.0009052124,0.030086748,0.0022735118
2025-09-04,1.1569658e-05,0.06265722,0.9244233,0.9870805,0.9870805,0.0009653235,0.031069655,0.00089552003
2025-09-05,1.2630671e-05,0.055050243,0.9320083,0.9870586,0.9870586,0.0009046892,0.030078052,0.00097598805
2025-09-08,1.2182169e-05,0.05631499,0.9305284,0.9868434,0.9868434,0.0008595899,0.029318763,0.00092593645
2025-09-09,1.87463e-05,0.042790424,0.94153416,0.9843246,0.9843246,0.00082292216,0.02868662,0.0011959036
2025-09-10,1.1100204e-05,0.059934698,0.92761624,0.9875509,0.9875509,0.0007969496,0.028230296,0.0008916481
2025-09-11,1.6107255e-05,0.047291677,0.9382229,0.9855146,0.9855146,0.00079881505,0.028263316,0.0011119633
2025-09-12,9.879098e-06,0.06829177,0.9194429,0.9877347,0.9877347,0.0008129764,0.02851274,0.0008054494
2025-09-15,1.7120328e-05,0.045853272,0.9388829,0.98473614,0.98473614,0.00075782224,0.027528571,0.0011216254
2025-09-16,1.045996e-05,0.068683214,0.91858715,0.98727036,0.98727036,0.00078257336,0.027974512,0.0008217009
2025-09-17,6.407708e-05,0.028273968,0.9369443,0.96521825,0.96521825,0.00075606245,0.02749659,0.0018422614
2025-09-18,1.5997974e-05,0.049110908,0.9360437,0.98515457,0.98515457,0.00077248184,0.027793558,0.0010776361
2025-09-19,1.8515426e-05,0.052362997,0.9311722,0.9835352,0.9835352,0.0008776876,0.029625792,0.0011245441
2025-09-22,1.3863817e-05,0.05670557,0.92909455,0.98580015,0.98580015,0.00085146376,0.029179852,0.00097633526
2025-09-23,3.0294763e-05,0.041071583,0.93727773,0.9783493,0.9783493,0.0008513313,0.029177582,0.0013992528
2025-09-24,2.95414e-05,0.045222014,0.93189144,0.9771134,0.9771135,0.00083984423,0.028980067,0.0012907742
2025-09-25,6.2488456e-05,0.024694456,0.94145113,0.9661456,0.9661456,0.0008123583,0.0285019,0.0018457988
2025-09-26,5.764046e-05,0.022750804,0.94685555,0.96960634,0.96960634,0.00083374337,0.028874615,0.0018964632
2025-09-29,4.9203787e-05,0.027407479,0.9446827,0.9720902,0.9720902,0.00086000655,0.029325869,0.0017629564
2025-09-30,1.12783455e-05,0.13446744,0.8477827,0.9822501,0.9822501,0.0014145633,0.03761068,0.00063540315
2025-10-01,1.0001512e-05,0.07735143,0.90988296,0.9872344,0.9872344,0.001227283,0.0350326,0.0007834746
2025-10-02,1.0132725e-05,0.079842865,0.90725064,0.9870935,0.9870935,0.0013299102,0.036467936,0.00078508747
2025-10-03,1.0335612e-05,0.07532031,0.9119106,0.9872309,0.9872309,0.0012240891,0.034986984,0.0008094235
2025-10-06,9.918522e-06,0.078528106,0.9086239,0.987152,0.987152,0.0012171719,0.03488799,0.00077198836
2025-10-07,1.2320854e-05,0.062026452,0.92449725,0.9865237,0.9865237,0.0011238568,0.033523973,0.00091426005
2025-10-08,1.0061246e-05,0.07544921,0.9118569,0.9873061,0.9873061,0.0011573756,0.034020223,0.0007926059
2025-10-09,1.6714168e-05,0.05513272,0.9287733,0.98390603,0.98390603,0.0012400732,0.035214674,0.0010385361
2025-10-10,1.6711125e-05,0.051710382,0.9327597,0.98447007,0.98447007,0.0011887483,0.03447823,0.0010760592
2025-10-13,1.1131554e-05,0.07755155,0.90847063,0.9860222,0.9860222,0.0012597227,0.035492573,0.00079637236
2025-10-14,1.151241e-05,0.07726679,0.9077575,0.98502433,0.98502433,0.0011568323,0.03401224,0.00076874107
2025-10-15,2.295666e-05,0.055996727,0.92396605,0.97996277,0.97996277,0.0011269912,0.033570692,0.0011457
2025-10-16,2.2137037e-05,0.050540943,0.93039256,0.9809335,0.9809335,0.001065052,0.032635134,0.0011610428
2025-10-17,4.011931e-05,0.037709203,0.93598,0.9736892,0.9736892,0.0010472097,0.03236062,0.0015248228
2025-10-20,1.6109536e-05,0.061690886,0.9216143,0.98330516,0.98330516,0.0010415612,0.03227323,0.0009649408
2025-10-21,9.657925e-06,0.12987547,0.85374475,0.9836202,0.9836202,0.0018915776,0.043492272,0.0005896251
2025-10-22,1.0032529e-05,0.07910944,0.9077612,0.98687065,0.98687065,0.0016910349,0.041122194,0.0007641297
2025-10-23,9.274668e-06,0.08541622,0.90142566,0.98684186,0.98684186,0.0015486677,0.039353114,0.0007048615
2025-10-24,1.1304542e-05,0.09803351,0.884543,0.9825765,0.9825765,0.001487371,0.03856645,0.00064880966
2025-10-27,2.222825e-05,0.045524318,0.9361015,0.9816258,0.9816258,0.001340663,0.036615066,0.0012097531
2025-10-28,5.453008e-05,0.023536973,0.9471153,0.9706523,0.9706523,0.0013542181,0.036799703,0.0018580689
2025-10-29,3.0967632e-05,0.03790547,0.94095033,0.9788558,0.9788558,0.001356088,0.036825098,0.0014645915
2025-10-30,1.9179259e-05,0.054067474,0.92779166,0.98185915,0.98185915,0.0013103505,0.036198765,0.0010572413
2025-10-31,9.8455575e-06,0.17205487,0.80765826,0.97971314,0.97971314,0.0025974605,0.050965287,0.00048531702
2025-11-03,9.6153035e-06,0.08207901,0.90491563,0.9869946,0.9869946,0.0024082721,0.04907415,0.000739333
2025-11-04,1.08149225e-05,0.070828594,0.91628295,0.98711157,0.98711157,0.0022841115,0.04779238,0.0008391186
2025-11-05,9.123026e-06,0.09040046,0.89621055,0.986611,0.986611,0.0021268982,0.046118308,0.0006813826
2025-11-06,1.0720121e-05,0.071271904,0.9155991,0.986871,0.986871,0.0019749089,0.044439945,0.0008165226
2025-11-07,1.1547171e-05,0.07161588,0.9140832,0.98569906,0.98569906,0.0018801942,0.043361206,0.00080744125
2025-11-10,2.8961402e-05,0.032370318,0.94835365,0.980724,0.980724,0.0017366377,0.041672986,0.0015024573
2025-11-11,2.3317907e-05,0.039523195,0.9424068,0.98192996,0.98192996,0.0016768951,0.04094991,0.001290418
2025-11-12,1.533037e-05,0.059360683,0.92471266,0.98407334,0.98407334,0.0017072881,0.041319344,0.0009625603
2025-11-13,1.7538154e-05,0.045193214,0.9392347,0.98442787,0.98442787,0.0015968492,0.039960597,0.0011262527
2025-11-14,2.4191078e-05,0.036730044,0.94575834,0.9824884,0.9824884,0.0015452142,0.03930921,0.0013814311
2025-11-17,2.0916113e-05,0.044548936,0.93744963,0.98199856,0.98199856,0.0014964099,0.03868346,0.0011619135
2025-11-18,3.3021166e-05,0.02986519,0.94896346,0.97882867,0.97882867,0.0015168877,0.038947243,0.0015597114
2025-11-19,1.9618843e-05,0.059406236,0.919788,0.9791942,0.9791942,0.0014726783,0.03837549,0.00094295177
2025-11-20,2.8488494e-05,0.033447027,0.9472223,0.9806693,0.9806693,0.0014708507,0.03835167,0.001473745
2025-11-21,3.361342e-05,0.029255878,0.9498944,0.9791503,0.9791503,0.0014309703,0.037828166,0.0016121774
2025-11-24,2.3532597e-05,0.037549116,0.9452297,0.98277885,0.98277885,0.001409209,0.037539434,0.0013664938
2025-11-25,2.062115e-05,0.040548965,0.9432601,0.98380905,0.98380905,0.0013571873,0.03684002,0.0012736223
2025-11-26,1.5701029e-05,0.04938445,0.9360668,0.9854513,0.9854513,0.0013318183,0.036494087,0.0010792036
2025-11-28,1.3304741e-05,0.056121863,0.9302669,0.9863888,0.9863888,0.0013069536,0.03615181,0.000977485
2025-12-01,1.2930191e-05,0.0638411,0.9221571,0.9859982,0.9859982,0.001446951,0.03803881,0.0009234672
2025-12-02,1.22038155e-05,0.058065124,0.9291766,0.98724174,0.98724174,0.0013611153,0.036893297,0.0009565427
2025-12-03,1.1379923e-05,0.06103571,0.92656034,0.98759604,0.98759604,0.0012925203,0.03595164,0.0009174424
2025-12-04,1.21285175e-05,0.05919986,0.92810565,0.9873055,0.9873055,0.0012704232,0.035642996,0.0009554168
2025-12-05,1.2895553e-05,0.05598939,0.93098783,0.9869772,0.9869772,0.001202372,0.034675237,0.0009902304
2025-12-08,1.4513758e-05,0.057157625,0.9282658,0.98542345,0.98542345,0.0012400746,0.035214692,0.000995692
2025-12-09,1.2155029e-05,0.07345983,0.9124691,0.9859289,0.9859289,0.0014764486,0.038424585,0.00086382893
2025-12-10,9.74217e-06,0.10036491,0.8852865,0.98565143,0.98565143,0.0017305892,0.04160035,0.00067896466
2025-12-11,9.879632e-06,0.08090582,0.9057534,0.98665917,0.98665917,0.0015441091,0.03929515,0.000740556
2025-12-12,1.0814645e-05,0.11986784,0.8629557,0.98282355,0.98282355,0.0019567842,0.044235554,0.0006296205
2025-12-15,1.6289183e-05,0.0886514,0.8907679,0.9794193,0.9794193,0.0017939445,0.042354982,0.0007914782
2025-12-16,2.0007961e-05,0.077563725,0.900179,0.97774273,0.97774273,0.0016681735,0.04084328,0.00089894055
2025-12-17,2.4665911e-05,0.06690473,0.9097141,0.9766188,0.9766188,0.0015996231,0.03999529,0.0010549475
2025-12-18,9.626434e-06,0.11126712,0.8727691,0.9840362,0.9840362,0.0015623032,0.039525982,0.0006030167
2025-12-19,3.047969e-05,0.05619146,0.9179007,0.9740921,0.9740921,0.0014670208,0.038301706,0.0011764644
2025-12-22,1.4524211e-05,0.08011303,0.9019148,0.9820278,0.9820278,0.0013983528,0.037394557,0.00080815004
2025-12-23,4.118171e-05,0.046552632,0.9220458,0.9685985,0.9685985,0.0012773956,0.035740674,0.0013114561
2025-12-24,9.391644e-06,0.13192606,0.85177046,0.9836965,0.9836965,0.0017432619,0.041752387,0.00057605153
2025-12-26,2.7580192e-05,0.060696557,0.91465586,0.9753524,0.9753524,0.0016865626,0.04106778,0.0011189812
2025-12-29,1.4545337e-05,0.06392466,0.9207383,0.98466295,0.98466295,0.0016213153,0.04026556,0.00094837905
2025-12-30,8.635254e-06,0.11591952,0.8694272,0.98534673,0.98534673,0.0018309725,0.042789865,0.00058930577
2025-12-31,1.1576567e-05,0.2069006,0.7652738,0.9721744,0.9721744,0.0047685765,0.06905488,0.00041604025
2026-01-02,9.454957e-06,0.17120947,0.80836624,0.9795757,0.9795757,0.0048098653,0.06935319,0.0004629267
2026-01-05,8.766671e-06,0.1657502,0.81509924,0.98084944,0.98084944,0.0039556436,0.062893905,0.00045777636
2026-01-06,8.8770785e-06,0.17968097,0.79975224,0.9794332,0.9794332,0.0033485515,0.05786667,0.00043162133
2026-01-07,1.140423e-05,0.17010193,0.80574375,0.9758457,0.9758457,0.0031387282,0.056024354,0.00047214064
2026-01-08,9.030594e-06,0.15279856,0.8287486,0.9815472,0.9815471,0.0029850418,0.054635536,0.0004893882
2026-01-09,1.0102425e-05,0.16038933,0.8177594,0.9781487,0.9781487,0.0026578798,0.05155463,0.00046232602
2026-01-12,1.562703e-05,0.15008737,0.8202618,0.97034913,0.97034913,0.003019926,0.05495385,0.0005270345
2026-01-13,9.442581e-06,0.1849784,0.79333806,0.9783164,0.9783164,0.0032971576,0.05742088,0.00043547165
2026-01-14,9.147479e-06,0.17204073,0.8071258,0.9791665,0.9791665,0.0026270214,0.051254477,0.00043907567
2026-01-15,2.817634e-05,0.1356983,0.81951743,0.95521575,0.95521575,0.0035638479,0.05969797,0.0006291574
2026-01-16,1.150318e-05,0.13671458,0.84304744,0.979762,0.979762,0.0029498506,0.054312527,0.0005683956
2026-01-20,1.87459e-05,0.09388904,0.8802683,0.97415733,0.97415733,0.0025067243,0.050067198,0.0007253857
2026-01-21,1.9342682e-05,0.23123538,0.71735495,0.94859034,0.94859034,0.007218295,0.08496055,0.00037624605
2026-01-22,2.5994537e-05,0.22937575,0.7011665,0.93054223,0.93054223,0.01654812,0.12863949,0.00037424953
2026-01-23,1.6569364e-05,0.13955164,0.8306916,0.9702432,0.9702432,0.011901737,0.10909508,0.0005568264
2026-01-26,2.1096328e-05,0.12856048,0.8349332,0.9634937,0.9634937,0.010183166,0.10091168,0.00057788193
2026-01-27,2.719462e-05,0.22908944,0.6979511,0.9270405,0.9270405,0.016827367,0.12972035,0.0003727359
2026-01-28,0.001777298,0.0021224846,0.324462,0.3265845,0.3265845,0.011888888,0.10903618,0.0026392294
2026-01-29,0.0026503569,5.970565e-06,0.01730789,0.01731386,0.01731386,0.005645323,0.075135365,0.0026970531
2026-01-30,0.00036390862,0.0007919876,0.0023759627,0.0031679503,0.0031679503,0.00275054,0.05244559,0.00036506512
2026-02-02,4.8000376e-05,0.21699421,0.65156573,0.86855996,0.86855996,0.00037929558,0.019475512,0.00036518837
2026-02-03,0.00014906294,0.1479271,0.44382364,0.59175074,0.59175074,0.019338397,0.13906257,0.00036512726
2026-02-04,6.246004e-05,0.20714447,0.6217905,0.828935,0.828935,0.008808862,0.09385554,0.00036512467
2026-02-05,5.8464073e-05,0.20985785,0.63002276,0.8398806,0.8398806,0.0059717475,0.07727708,0.00036512795
2026-02-06,2.2799564e-05,0.2295437,0.708442,0.93798566,0.93798566,0.003855316,0.06209119,0.00036764986
2026-02-09,2.6011414e-05,0.22860217,0.7004699,0.9290721,0.9290721,0.0028963857,0.05381808,0.00036673027
2026-02-10,5.0026636e-05,0.20036215,0.66731954,0.8676817,0.8676817,0.0037626706,0.06134061,0.00037807794
2026-02-11,5.850997e-05,0.1814051,0.67107415,0.8524792,0.8524792,0.0025711746,0.05070675,0.00039662188
2026-02-12,5.575458e-05,0.18988357,0.665834,0.8557176,0.8557176,0.0018207043,0.042669713,0.00038642675
2026-02-13,0.0003727158,0.03597783,0.7106727,0.7466505,0.7466505,0.0013323269,0.036501054,0.0014711528
2026-02-17,0.00044126596,0.03370372,0.6697961,0.70349985,0.70349985,0.0013220161,0.03635954,0.0014882487
2026-02-18,0.0011618058,0.007936442,0.50616956,0.514106,0.514106,0.0014798562,0.038468897,0.0023910683
2026-02-19,0.0014119438,0.006217114,0.40015292,0.40637004,0.40637004,0.0019111906,0.043717165,0.0023784915
2026-02-20,0.00142762,0.00655746,0.40002295,0.40658042,0.40658042,0.0021768548,0.046656776,0.0024057515
2026-02-23,0.0016165818,0.0028633769,0.37598902,0.3788524,0.3788524,0.002300326,0.047961716,0.0026025726
2026-02-24,0.002250375,0.0005495696,0.15692554,0.15747511,0.15747511,0.0024826652,0.04982635,0.0026709894
2026-02-25,0.0018329396,0.0015992483,0.3049402,0.30653945,0.30653945,0.0026402727,0.051383585,0.0026431778
2026-02-26,0.00088581396,0.01252767,0.6121262,0.6246538,0.6246538,0.002638616,0.051367458,0.002359992
2026-02-27,0.0007016331,0.022070779,0.6504744,0.6725452,0.6725452,0.0025308176,0.050307233,0.0021426869
2026-03-02,0.00078442326,0.019368479,0.61801887,0.63738734,0.63738734,0.0023507648,0.048484687,0.002163254
2026-03-03,1.1062609e-05,0.21750483,0.75353694,0.97104174,0.9710418,0.0022608628,0.047548532,0.0003820191
2026-03-04,1.9204132e-05,0.16222364,0.7972871,0.95951074,0.95951074,0.0019300999,0.043932904,0.00047430192
2026-03-05,1.3042011e-05,0.15069629,0.8233434,0.9740397,0.9740397,0.0018967085,0.043551218,0.0005023824
2026-03-06,1.0243519e-05,0.18675818,0.78866094,0.9754191,0.9754191,0.0017037214,0.04127616,0.00041672683
2026-03-09,2.3289222e-05,0.09325181,0.8757314,0.96898323,0.96898323,0.0020119757,0.04485505,0.0007508591
2026-03-10,6.531088e-05,0.06851374,0.87599486,0.9445086,0.9445086,0.0018253023,0.042723555,0.0011769553
2026-03-11,1.1603871e-05,0.1700178,0.8063302,0.976348,0.976348,0.0017360565,0.041666012,0.0004906081
2026-03-12,9.444982e-06,0.19919878,0.7773707,0.9765695,0.9765695,0.0020421804,0.04519049,0.00040310586
2026-03-13,8.205672e-06,0.17691986,0.80368024,0.9806001,0.9806001,0.0016086556,0.040108047,0.00042297537
2026-03-16,1.088293e-05,0.15270485,0.82457185,0.9772767,0.9772767,0.0014805447,0.038477845,0.00047893228
2026-03-17,1.19549595e-05,0.13332249,0.8453547,0.97867715,0.97867715,0.0014176593,0.03765182,0.00056066434
2026-03-18,8.752015e-06,0.1829606,0.79609716,0.9790577,0.9790578,0.0012120211,0.034814093,0.00041791145
2026-03-19,2.2518216e-05,0.098763674,0.8704829,0.96924657,0.9692466,0.0009945912,0.031537138,0.0007322179
2026-03-20,8.821898e-06,0.15223366,0.82913303,0.9813667,0.9813667,0.0009934313,0.031518746,0.00047344778
2026-03-23,8.8519355e-06,0.185951,0.7927053,0.9786563,0.9786563,0.0009094056,0.030156352,0.00041473279
2026-03-24,1.7163926e-05,0.12407794,0.8487567,0.9728346,0.9728346,0.0015890594,0.03986301,0.00063183013
2026-03-25,9.611138e-06,0.18562883,0.791183,0.9768118,0.9768118,0.0014062377,0.037499838,0.00041448447
2026-03-26,4.693632e-05,0.04935937,0.9147522,0.96411157,0.96411157,0.0011241746,0.03352871,0.0013078398
2026-03-27,9.8664395e-06,0.17742595,0.79948676,0.97691274,0.97691274,0.0010879168,0.032983582,0.00042735424
2026-03-30,8.171858e-06,0.17537338,0.805423,0.9807964,0.9807964,0.0010581041,0.032528512,0.00042553776
2026-03-31,9.706561e-06,0.14029978,0.8404343,0.9807341,0.9807341,0.0017041772,0.04128168,0.00050382107
2026-04-01,1.131973e-05,0.12086602,0.8595694,0.9804354,0.9804354,0.001442053,0.037974373,0.0005785814
2026-04-02,4.649718e-05,0.049772035,0.91413605,0.9639081,0.9639081,0.0013125432,0.036229037,0.0012882988
2026-04-06,1.077219e-05,0.18239294,0.79176813,0.9741611,0.9741611,0.0012484799,0.035333835,0.00041689796
2026-04-07,1.1996121e-05,0.12813395,0.84998846,0.9781224,0.9781224,0.0010023853,0.031660467,0.00054832926
2026-04-08,1.15116045e-05,0.12813942,0.85085833,0.97899777,0.97899777,0.0009203991,0.03033808,0.00054811337
2026-04-09,8.62652e-06,0.17328717,0.80723196,0.9805191,0.9805191,0.0011411909,0.033781517,0.00044281973
2026-04-10,2.0311085e-05,0.0973344,0.8739652,0.9712996,0.9712996,0.0009978834,0.031589292,0.00070769317
2026-04-13,9.5351215e-06,0.13104348,0.85136265,0.98240614,0.98240614,0.00089876197,0.02997936,0.0005419573
2026-04-14,1.0156766e-05,0.14279906,0.8369178,0.9797169,0.9797169,0.0007825906,0.02797482,0.0005007501
2026-04-15,8.896686e-06,0.13904457,0.843804,0.9828486,0.9828486,0.00068089366,0.02609394,0.0005187144
2026-04-16,1.3672721e-05,0.1056168,0.8729159,0.97853273,0.97853273,0.0005861656,0.024210857,0.00063691015
2026-04-17,9.915355e-06,0.11654466,0.86595666,0.9825013,0.9825013,0.00054689165,0.023385715,0.0005666347
2026-04-20,7.896454e-06,0.12728012,0.85746163,0.98474175,0.98474175,0.0004959954,0.022270953,0.0005175202
2026-04-21,1.2212625e-05,0.10609036,0.87368536,0.9797757,0.9797757,0.00043747498,0.020915903,0.0006038598
2026-04-22,8.690428e-06,0.13394363,0.84882385,0.98276746,0.98276746,0.00039549873,0.01988715,0.0005043035
2026-04-23,7.771835e-06,0.1391353,0.84495485,0.98409015,0.98409015,0.0003563173,0.018876368,0.000488492
2026-04-24,8.951133e-06,0.12225262,0.86155427,0.9838069,0.9838069,0.0005345787,0.023120958,0.0005527748
2026-04-27,9.350623e-06,0.1122646,0.87184787,0.98411244,0.9841125,0.00062122755,0.024924437,0.00058855006
2026-04-28,8.702099e-06,0.13007668,0.85340726,0.98348397,0.9834839,0.00056418433,0.023752565,0.00052688806
2026-04-29,7.972925e-06,0.13143837,0.85296464,0.984403,0.984403,0.0004919901,0.02218085,0.0005111837
2026-04-30,8.044615e-06,0.16921389,0.8123384,0.9815523,0.9815523,0.0005797126,0.024077222,0.00043607692
2026-05-01,8.457115e-06,0.112654716,0.8729615,0.98561627,0.9856162,0.00081469765,0.02854291,0.0005879638
2026-05-04,8.350203e-06,0.08267205,0.90485936,0.9875314,0.9875314,0.0007223542,0.026876649,0.00066969974
2026-05-05,7.954779e-06,0.11486065,0.8708122,0.98567283,0.98567283,0.0007415364,0.027231166,0.0005552234
2026-05-06,8.071021e-06,0.09624353,0.89063954,0.98688304,0.98688304,0.00074205216,0.027240634,0.000615312
2026-05-07,8.140317e-06,0.09830147,0.88837427,0.98667574,0.98667574,0.00071067846,0.026658554,0.00061093946
2026-05-08,8.360697e-06,0.086338274,0.9010311,0.98736936,0.98736936,0.0006598462,0.025687471,0.0006619377
2026-05-11,8.278136e-06,0.09255872,0.89444226,0.987001,0.987001,0.00060438033,0.024584148,0.0006368288
2026-05-12,8.651999e-06,0.103926346,0.8821417,0.98606807,0.98606807,0.0008209264,0.028651813,0.00062101946
2026-05-13,8.046955e-06,0.12297525,0.86208075,0.985056,0.985056,0.00078822044,0.028075263,0.00053847337
2026-05-14,8.880596e-06,0.07715171,0.9105467,0.98769844,0.98769844,0.00069459534,0.026355177,0.0007219079
2026-05-15,8.965894e-06,0.07562739,0.91220355,0.98783094,0.98783094,0.0006500541,0.025496159,0.00073677767
2026-05-18,8.053684e-06,0.11227951,0.8735327,0.98581225,0.98581225,0.00064110896,0.02532013,0.0005676504
2026-05-19,8.706735e-06,0.09110611,0.895738,0.9868441,0.9868441,0.0006204548,0.02490893,0.0006618133
2026-05-20,8.589096e-06,0.08454904,0.9028797,0.9874287,0.9874288,0.00064393796,0.025375932,0.00068323186
2026-05-21,7.868024e-06,0.0952778,0.89170176,0.98697954,0.98697954,0.00069809105,0.026421413,0.0006042818
2026-05-22,9.208889e-06,0.068711445,0.919479,0.9881905,0.9881905,0.0006326034,0.025151609,0.00077978475
2026-05-26,8.476535e-06,0.093522616,0.8932889,0.9868115,0.9868115,0.0006863011,0.02619735,0.0006427226
2026-05-27,8.330828e-06,0.07504722,0.91292596,0.98797315,0.98797315,0.00062325166,0.024965009,0.00069268595
2026-05-28,8.738782e-06,0.08912718,0.8979481,0.98707527,0.98707527,0.00076063286,0.027579574,0.0006761287
2026-05-29,8.97244e-06,0.1007487,0.88545066,0.9861994,0.9861994,0.0012300448,0.035071995,0.00065014756
2026-06-01,9.414237e-06,0.072457336,0.9153799,0.9878372,0.9878372,0.0010984169,0.033142373,0.0007740186
2026-06-02,9.587999e-06,0.08305258,0.90373534,0.9867879,0.9867879,0.0010992105,0.033154342,0.0007256991
2026-06-03,8.551231e-06,0.098760016,0.8876536,0.9864136,0.9864136,0.0010040452,0.031686675,0.0006293963
2026-06-04,8.677723e-06,0.09870555,0.8876756,0.9863811,0.9863811,0.0009218319,0.030361684,0.00063718297
2026-06-05,9.076454e-06,0.07604006,0.9116583,0.9876983,0.9876983,0.0009654907,0.031072346,0.00073782215
2026-06-08,9.19695e-06,0.07677693,0.9108501,0.987627,0.987627,0.0009690679,0.031129856,0.00074330973
2026-06-09,8.989206e-06,0.0786493,0.90890133,0.9875506,0.9875506,0.00094186276,0.030689783,0.00072206033
2026-06-10,8.766741e-06,0.07717406,0.9105371,0.9877112,0.9877112,0.0008653707,0.029417183,0.0007133923
2026-06-11,8.413436e-06,0.09118831,0.8957922,0.9869805,0.9869805,0.0008128006,0.028509658,0.00064621796
2026-06-12,8.822373e-06,0.07884353,0.90876085,0.9876044,0.9876044,0.0008244091,0.028712524,0.0007117331
2026-06-15,8.95188e-06,0.07291293,0.91505826,0.9879712,0.9879712,0.0007672764,0.027699754,0.00074420305
2026-06-16,8.879152e-06,0.07229912,0.9157426,0.9880417,0.9880417,0.00071673,0.026771814,0.0007425095
2026-06-17,8.915344e-06,0.07664706,0.91109955,0.9877466,0.9877466,0.00072611123,0.026946452,0.000727581
2026-06-18,8.9440755e-06,0.0752806,0.9125449,0.9878255,0.9878255,0.0007360278,0.027129833,0.0007346573
2026-06-22,9.141377e-06,0.07645175,0.91118073,0.9876325,0.9876325,0.00073879346,0.027180756,0.00073914585
2026-06-23,9.174096e-06,0.06944983,0.9186674,0.9881172,0.9881172,0.00068542105,0.026180547,0.0007720495
2026-06-24,9.04798e-06,0.07276397,0.91517514,0.9879391,0.9879391,0.00071412174,0.026723057,0.0007501923
2026-06-25,9.33551e-06,0.06777216,0.92035353,0.9881257,0.9881257,0.00070260157,0.026506633,0.00078619336
2026-06-26,7.920661e-06,0.09970105,0.8869909,0.98669195,0.98669195,0.000750687,0.027398668,0.0005951783
2026-06-29,9.17915e-06,0.076666944,0.91095024,0.9876172,0.9876172,0.0007881539,0.028074078,0.00074128195
2026-06-30,7.906653e-06,0.09819831,0.88856995,0.98676825,0.98676825,0.0007453069,0.02730031,0.0005975514
2026-07-01,9.142345e-06,0.07831652,0.909261,0.9875775,0.9875775,0.00075462926,0.027470516,0.0007359504
2026-07-02,9.317119e-06,0.06928117,0.91879153,0.9880727,0.9880727,0.00071721885,0.026780942,0.0007811587
2026-07-06,9.543211e-06,0.06716637,0.9210112,0.9881776,0.9881776,0.0006719588,0.025922168,0.0008072142
2026-07-07,7.960221e-06,0.09005998,0.89722264,0.98728263,0.98728263,0.000644398,0.025384996,0.0006259332
2026-07-08,9.6590475e-06,0.06647298,0.9216745,0.98814744,0.9881475,0.00058976066,0.024284989,0.0008149333
2026-07-09,7.5401554e-06,0.13114764,0.85360587,0.9847535,0.9847535,0.00057058554,0.023886932,0.0004945496
2026-07-10,9.262709e-06,0.08655825,0.90033257,0.9868908,0.9868908,0.0010331769,0.032143068,0.0007065804
2026-07-13,1.01792075e-05,0.069711365,0.9175851,0.98729646,0.98729646,0.0009892762,0.03145276,0.00080128916
2026-07-14,8.891461e-06,0.1313612,0.8509414,0.9823026,0.9823026,0.0009326374,0.030539112,0.0005024164
2026-07-15,8.244965e-06,0.12137654,0.8635751,0.9849516,0.9849516,0.0008034126,0.028344534,0.000547897
2026-07-16,8.905035e-06,0.08306856,0.90416646,0.987235,0.987235,0.00070811814,0.02661049,0.000697614
2026-07-17,9.97556e-06,0.0795624,0.9066921,0.9862545,0.9862545,0.0006916816,0.02629984,0.00072573347
2026-07-20,8.684722e-06,0.08702148,0.8999332,0.9869547,0.9869547,0.0006645858,0.025779562,0.00066573516
2026-07-21,8.678399e-06,0.08363811,0.90358424,0.9872224,0.9872224,0.0006333237,0.025165923,0.0006791871
2026-07-22,8.806093e-06,0.0800832,0.90731215,0.98739535,0.98739535,0.0005812586,0.024109306,0.00069863827
2026-07-23,8.949105e-06,0.08094578,0.90639347,0.98733926,0.98733926,0.0005712779,0.023901422,0.0007068389
2026-07-24,1.2972968e-05,0.07734254,0.9052774,0.9826199,0.9826199,0.00052742107,0.02296565,0.00074642577
2026-07-27,8.567922e-06,0.07210711,0.91593444,0.9880416,0.9880415,0.00050865026,0.022553276,0.00071647606
2026-07-28,8.265874e-06,0.08541331,0.9020215,0.9874348,0.98743486,0.0005715294,0.02390668,0.0006578389
2026-07-29,9.1746e-06,0.093925,0.8922124,0.9861374,0.9861374,0.0006502698,0.025500389,0.00066182343
2026-07-30,2.0523607e-05,0.076594345,0.89895874,0.9755531,0.9755531,0.00064165134,0.025330838,0.00083951757
2026-07-31,8.673258e-06,0.0775594,0.91019475,0.98775417,0.98775417,0.0006088232,0.024674343,0.0007082619
2026-08-03,1.0436918e-05,0.06348389,0.924039,0.9875229,0.9875229,0.0005639352,0.02374732,0.00083648594
2026-08-04,8.152135e-06,0.080338344,0.9073928,0.98773116,0.98773116,0.0005414658,0.023269419,0.00066445844
2026-08-05,8.543164e-06,0.08365615,0.90377915,0.9874353,0.9874353,0.00060383446,0.024573043,0.00067993277
2026-08-06,1.1670179e-05,0.060899336,0.92567366,0.986573,0.986573,0.0005547745,0.02355365,0.0008691564
2026-08-07,9.123369e-06,0.0890578,0.8970563,0.9861141,0.9861141,0.00054453255,0.023335222,0.0006570232
2026-08-10,8.813525e-06,0.07722813,0.9104642,0.98769236,0.98769236,0.0005040414,0.022450866,0.0007161017
2026-08-11,8.022215e-06,0.14182393,0.84186876,0.9836927,0.9836927,0.0006501542,0.025498122,0.0004919403
2026-08-12,8.714551e-06,0.078987375,0.9086634,0.98765075,0.98765075,0.0005681785,0.023836495,0.00070567464
2026-08-13,8.760211e-06,0.07702521,0.9107703,0.98779553,0.98779553,0.0005393701,0.023224343,0.0007177872
2026-08-14,8.862851e-06,0.07387977,0.9140755,0.9879553,0.9879553,0.0005588423,0.023639847,0.00073582825
2026-08-17,8.723048e-06,0.07751826,0.9101994,0.9877177,0.9877177,0.00052011386,0.022806006,0.0007102122
2026-08-18,8.539179e-06,0.10043734,0.88553274,0.9859701,0.9859701,0.00050112285,0.022385774,0.0006086406
2026-08-19,8.63342e-06,0.085473634,0.9017893,0.98726296,0.98726296,0.00055307476,0.023517542,0.00067782024
2026-08-20,9.232976e-06,0.07149,0.91644555,0.98793554,0.98793554,0.0005236724,0.022883888,0.00076530385
2026-08-21,9.296922e-06,0.074788205,0.9127273,0.9875155,0.9875155,0.0005492773,0.023436666,0.00074467773
2026-08-24,8.589152e-06,0.088620484,0.8983627,0.9869832,0.9869832,0.00052687724,0.022953806,0.00065985025
2026-08-25,9.125932e-06,0.07035437,0.91764975,0.98800415,0.9880041,0.0004829686,0.021976547,0.00076075725
2026-08-26,9.300937e-06,0.06953532,0.91831106,0.9878464,0.9878464,0.0004535143,0.021295875,0.00076528086
2026-08-27,9.056914e-06,0.07650328,0.9111205,0.98762375,0.98762375,0.00047229344,0.021732314,0.00073179795
2026-08-28,8.771787e-06,0.07597646,0.91178656,0.98776305,0.98776305,0.00047921116,0.021890892,0.00071682775
