Date,omega,alpha,beta,rho,persistence,sigma2,sigma,sigma_bar2
2021-06-24,1.1718895e-06,0.07790591,0.91392386,0.99182975,0.99182975,0.00013289324,0.011527933,0.00014343379
2021-06-25,1.291058e-06,0.10144186,0.88997334,0.9914152,0.9914152,0.00012516885,0.011187889,0.00015038886
2021-06-28,1.3278304e-06,0.08264192,0.9087065,0.9913484,0.9913484,0.000113833485,0.010669278,0.00015347777
2021-06-29,1.3214654e-06,0.09622112,0.8951578,0.99137896,0.9913789,0.000105045365,0.010249164,0.00015328382
2021-06-30,1.343669e-06,0.11538641,0.8759043,0.99129075,0.99129075,9.53656e-05,0.009765531,0.00015428066
2021-07-01,1.6638884e-06,0.083239935,0.9069625,0.9902024,0.9902024,8.4924446e-05,0.009215446,0.00016982658
2021-07-02,1.5050266e-06,0.11676418,0.8738152,0.99057937,0.99057937,8.1057195e-05,0.009003177,0.00015975854
2021-07-06,1.4418241e-06,0.10602933,0.8847293,0.99075866,0.99075866,7.8778394e-05,0.008875719,0.0001560189
2021-07-07,1.4790309e-06,0.08773422,0.9030132,0.99074745,0.99074745,7.156712e-05,0.008459735,0.00015985119
2021-07-08,1.4248374e-06,0.106169686,0.8847281,0.9908978,0.9908978,6.708524e-05,0.008190558,0.00015653725
2021-07-09,1.2663471e-06,0.06554346,0.92577535,0.9913188,0.9913188,6.820921e-05,0.008258887,0.00014587272
2021-07-12,1.110766e-06,0.11002914,0.88174295,0.9917721,0.9917721,7.1546725e-05,0.00845853,0.00013500018
2021-07-13,1.3286893e-06,0.11737742,0.87380123,0.99117863,0.99117863,6.546114e-05,0.008090806,0.00015062168
2021-07-14,1.3812324e-06,0.09088441,0.900152,0.9910364,0.9910364,6.0050086e-05,0.007749199,0.00015409375
2021-07-15,1.4554266e-06,0.08844544,0.9024259,0.9908713,0.9908713,5.5590386e-05,0.007455896,0.00015943433
2021-07-16,1.4276181e-06,0.09979133,0.8911005,0.9908919,0.9908919,5.27722e-05,0.007264448,0.00015674115
2021-07-19,1.408851e-06,0.067781486,0.9231841,0.9909656,0.9909656,5.4935623e-05,0.007411857,0.00015594302
2021-07-20,1.2057818e-06,0.061883394,0.92987657,0.99175996,0.99175996,6.7504676e-05,0.008216123,0.00014633196
2021-07-21,1.136238e-06,0.0998763,0.89232326,0.99219954,0.99219954,7.61811e-05,0.008728178,0.00014566295
2021-07-22,1.147001e-06,0.105073966,0.8868203,0.9918943,0.9918943,7.531349e-05,0.008678335,0.00014150556
2021-07-23,1.2731547e-06,0.10749404,0.8839917,0.9914858,0.9914858,6.831846e-05,0.008265498,0.00014953264
2021-07-26,1.0688495e-06,0.09162524,0.90033793,0.9919632,0.99196315,7.252336e-05,0.008516065,0.00013299455
2021-07-27,1.512264e-06,0.13393137,0.856789,0.9907204,0.9907204,6.683504e-05,0.00817527,0.00016296636
2021-07-28,1.5947453e-06,0.07645578,0.9139547,0.99041045,0.99041045,6.180192e-05,0.00786142,0.00016630028
2021-07-29,1.7881139e-06,0.110907465,0.8791468,0.99005425,0.99005425,5.8106016e-05,0.00762273,0.00017978673
2021-07-30,1.7621364e-06,0.11120903,0.8788465,0.99005556,0.99005556,5.460528e-05,0.0073895385,0.00017719818
2021-08-02,1.7080129e-06,0.0738638,0.91629285,0.99015665,0.99015665,5.2592008e-05,0.0072520347,0.00017351948
2021-08-03,1.9071124e-06,0.09354587,0.89628845,0.9898343,0.9898343,5.028357e-05,0.0070910905,0.00018760283
2021-08-04,1.6501557e-06,0.102344505,0.88807285,0.99041736,0.99041736,5.283927e-05,0.0072690626,0.00017220264
2021-08-05,1.7552501e-06,0.09844675,0.8916896,0.9901363,0.9901363,5.1254465e-05,0.0071592224,0.00017795093
2021-08-06,1.7155115e-06,0.115932904,0.87422574,0.9901586,0.9901586,5.1154624e-05,0.0071522463,0.00017431611
2021-08-09,1.845863e-06,0.09581528,0.89407563,0.98989093,0.98989093,4.6685247e-05,0.00683266,0.0001825948
2021-08-10,1.8618449e-06,0.1109564,0.8788744,0.9898308,0.98983085,4.368168e-05,0.0066092117,0.00018308652
2021-08-11,1.9948432e-06,0.10107905,0.88841355,0.9894926,0.9894926,4.0376708e-05,0.006354267,0.00018985117
2021-08-12,2.0244022e-06,0.10682871,0.8825654,0.98939407,0.98939407,3.8399092e-05,0.0061967,0.00019087453
2021-08-13,2.1098012e-06,0.11531367,0.87387353,0.9891872,0.9891872,3.6755882e-05,0.006062663,0.00019512037
2021-08-16,2.1651188e-06,0.10855935,0.8805058,0.9890652,0.9890652,3.4537217e-05,0.0058768373,0.00019800206
2021-08-17,1.93058e-06,0.08021456,0.9094628,0.98967737,0.98967737,3.308488e-05,0.005751946,0.00018702404
2021-08-18,1.5782897e-06,0.07144603,0.9190481,0.9904941,0.99049413,3.568806e-05,0.005973948,0.00016603216
2021-08-19,1.4964711e-06,0.06991292,0.92077553,0.99068844,0.99068844,4.332469e-05,0.0065821493,0.00016071116
2021-08-20,1.8247104e-06,0.07951324,0.9106956,0.99020886,0.99020886,4.1518426e-05,0.006443479,0.0001863635
2021-08-23,1.6904216e-06,0.09941283,0.8911216,0.9905344,0.9905344,4.4399043e-05,0.0066632605,0.00017858626
2021-08-24,1.61291e-06,0.10973281,0.88092244,0.99065524,0.99065524,4.8561265e-05,0.0069685914,0.00017260053
2021-08-25,1.7800672e-06,0.11821288,0.8719158,0.9901287,0.9901287,4.460693e-05,0.006678842,0.00018032746
2021-08-26,2.0150078e-06,0.107946165,0.8815646,0.9895108,0.9895108,4.1105155e-05,0.0064113303,0.00019210263
2021-08-27,1.74566e-06,0.07643663,0.91366005,0.9900967,0.9900967,4.2276526e-05,0.00650204,0.00017627033
2021-08-30,1.6228848e-06,0.089956515,0.90055984,0.99051636,0.99051636,4.617859e-05,0.006795483,0.00017112476
2021-08-31,1.7559436e-06,0.1256895,0.8644118,0.9901013,0.9901013,4.4798224e-05,0.0066931476,0.00017739093
2021-09-01,1.88347e-06,0.08565364,0.9041527,0.98980635,0.98980635,4.0829782e-05,0.0063898186,0.00018476901
2021-09-02,1.9572392e-06,0.10938199,0.880283,0.989665,0.989665,3.8810078e-05,0.0062297736,0.00018937918
2021-09-03,2.0013322e-06,0.11511171,0.87439114,0.98950285,0.98950285,3.7032445e-05,0.006085429,0.00019065477
2021-09-07,2.2998138e-06,0.0973451,0.89153403,0.98887914,0.98887914,3.4403278e-05,0.005865431,0.00020680187
2021-09-08,2.159784e-06,0.08589476,0.9032951,0.98918986,0.98918986,3.43531e-05,0.0058611515,0.00019979247
2021-09-09,2.2517813e-06,0.08907224,0.8999758,0.989048,0.989048,3.3360182e-05,0.0057758274,0.00020560465
2021-09-10,2.0769282e-06,0.083318055,0.90609777,0.9894158,0.9894158,3.4058703e-05,0.0058359834,0.00019622956
2021-09-13,1.581212e-06,0.07109908,0.91939354,0.99049264,0.99049264,3.840556e-05,0.006197222,0.00016631455
2021-09-14,1.9422162e-06,0.08294567,0.9070007,0.98994637,0.98994637,3.729058e-05,0.0061066016,0.00019318548
2021-09-15,1.7040413e-06,0.075632036,0.9147796,0.99041164,0.99041164,3.8362745e-05,0.006193767,0.00017771978
2021-09-16,1.6947461e-06,0.0859568,0.90458244,0.99053925,0.99053925,4.1799678e-05,0.006465267,0.00017913448
2021-09-17,1.7944192e-06,0.08059165,0.90971637,0.99030805,0.99030805,3.977587e-05,0.0063068112,0.00018514525
2021-09-20,1.3272162e-06,0.06654746,0.9246488,0.9911963,0.9911963,5.1963616e-05,0.007208579,0.0001507562
2021-09-21,1.2253471e-06,0.06381106,0.927869,0.9916801,0.9916801,6.860789e-05,0.008282988,0.00014727881
2021-09-22,1.5299765e-06,0.09030852,0.90082276,0.9911313,0.9911313,6.496603e-05,0.008060151,0.0001725143
2021-09-23,1.3954275e-06,0.07509347,0.9163196,0.99141306,0.99141306,6.824124e-05,0.008260826,0.00016250573
2021-09-24,1.3014286e-06,0.09854105,0.89311934,0.99166036,0.99166036,7.454484e-05,0.008633936,0.00015605327
2021-09-27,1.4737296e-06,0.09855012,0.8925084,0.9910585,0.9910585,6.808905e-05,0.008251609,0.00016481959
2021-09-28,1.5908548e-06,0.0914336,0.89916253,0.9905961,0.9905961,6.316079e-05,0.007947376,0.00016916997
2021-09-29,1.2185416e-06,0.064092286,0.9276911,0.9917834,0.9917834,9.696924e-05,0.009847296,0.00014830206
2021-09-30,1.4364651e-06,0.09738999,0.8938006,0.9911906,0.9911906,9.131955e-05,0.009556126,0.00016306073
2021-10-01,1.2515252e-06,0.06500375,0.9265466,0.9915503,0.9915503,9.823387e-05,0.0099113,0.00014811521
2021-10-04,1.2477489e-06,0.07787683,0.9142048,0.9920816,0.9920816,0.00010106005,0.010052863,0.00015757553
2021-10-05,1.1847534e-06,0.06525307,0.9266906,0.99194366,0.99194366,0.00010713537,0.010350621,0.00014705847
2021-10-06,1.1828358e-06,0.09333867,0.8988132,0.99215186,0.99215186,0.000107209606,0.010354207,0.00015071536
2021-10-07,1.2327929e-06,0.07432408,0.91760254,0.9919266,0.9919266,9.9009456e-05,0.009950349,0.00015269831
2021-10-08,1.1058169e-06,0.11154525,0.880469,0.9920143,0.9920143,9.735735e-05,0.009866983,0.00013847444
2021-10-11,1.3182663e-06,0.08356106,0.90783113,0.9913922,0.9913922,8.7276974e-05,0.009342215,0.00015314779
2021-10-12,1.2758364e-06,0.08374663,0.90769005,0.99143666,0.99143666,8.519067e-05,0.00922988,0.00014898818
2021-10-13,1.4655753e-06,0.08025408,0.9107093,0.9909634,0.9909634,7.919066e-05,0.008898913,0.00016218216
2021-10-14,1.4672538e-06,0.088464074,0.90247804,0.9909421,0.9909421,7.451613e-05,0.0086322725,0.00016198646
2021-10-15,1.0749137e-06,0.11258417,0.8792708,0.99185497,0.99185497,9.278719e-05,0.009632611,0.00013197167
2021-10-18,1.1745208e-06,0.10676174,0.8848764,0.9916381,0.9916381,8.8827685e-05,0.009424844,0.0001404614
2021-10-19,1.2672269e-06,0.11094686,0.8804589,0.9914057,0.9914057,8.059566e-05,0.008977508,0.00014745013
2021-10-20,1.1685385e-06,0.1347189,0.85681474,0.99153364,0.99153364,7.8468925e-05,0.008858269,0.0001380213
2021-10-21,1.3764646e-06,0.1180505,0.87295806,0.9910086,0.9910086,7.028086e-05,0.008383368,0.00015308645
2021-10-22,1.6185043e-06,0.12753595,0.8628297,0.9903656,0.9903656,6.341974e-05,0.007963651,0.00016799265
2021-10-25,1.7631769e-06,0.08927594,0.9007699,0.99004585,0.99004585,5.6529425e-05,0.0075186053,0.00017712975
2021-10-26,1.609388e-06,0.12621647,0.86418086,0.99039733,0.99039733,5.5063043e-05,0.0074204477,0.00016759805
2021-10-27,1.7982525e-06,0.09370059,0.8962559,0.9899565,0.9899565,4.92582e-05,0.0070184185,0.00017904636
2021-10-28,1.7045669e-06,0.076875255,0.9133042,0.9901795,0.9901795,4.795089e-05,0.006924658,0.00017357194
2021-10-29,1.5427131e-06,0.12689717,0.8636545,0.99055165,0.99055165,5.2315914e-05,0.0072329743,0.00016327859
2021-11-01,1.7000411e-06,0.08871843,0.90148866,0.9902071,0.9902071,4.7155998e-05,0.0068670227,0.00017359894
2021-11-02,1.7838511e-06,0.1232891,0.8667295,0.9900186,0.9900186,4.4419226e-05,0.006664775,0.00017871763
2021-11-03,1.7713908e-06,0.10644792,0.8835392,0.98998713,0.98998713,4.2110325e-05,0.006489247,0.00017691148
2021-11-04,1.8099225e-06,0.11014182,0.87980795,0.98994976,0.98994976,4.268457e-05,0.006533343,0.00018008755
2021-11-05,1.9408749e-06,0.1090179,0.88060683,0.98962474,0.98962474,4.161046e-05,0.0064506168,0.00018706756
2021-11-08,1.9229137e-06,0.09542387,0.8942978,0.98972166,0.98972166,3.9754905e-05,0.0063051493,0.000187084
2021-11-09,1.8928196e-06,0.118808225,0.87093794,0.98974615,0.98974615,3.7518214e-05,0.0061252113,0.00018459605
2021-11-10,1.9999889e-06,0.09487659,0.8946131,0.9894897,0.9894897,3.602113e-05,0.0060017607,0.000190288
2021-11-11,1.6871396e-06,0.07338039,0.91682494,0.99020535,0.99020535,4.070255e-05,0.006379855,0.0001722511
2021-11-12,2.094763e-06,0.1359667,0.8533683,0.989335,0.989335,3.9005652e-05,0.0062454506,0.00019641472
2021-11-15,1.9942704e-06,0.08491109,0.90465426,0.9895654,0.9895654,4.2692496e-05,0.0065339496,0.00019112042
2021-11-16,2.1406593e-06,0.103282556,0.8860396,0.9893222,0.9893222,4.061831e-05,0.0063732495,0.00020047728
2021-11-17,2.022684e-06,0.09849758,0.89104927,0.98954684,0.98954684,3.9593848e-05,0.006292364,0.00019349967
2021-11-18,2.138831e-06,0.09820738,0.8909893,0.98919666,0.98919666,3.797763e-05,0.006162599,0.00019797865
2021-11-19,2.1032597e-06,0.10127322,0.88809484,0.9893681,0.9893681,3.6985442e-05,0.0060815657,0.00019782504
2021-11-22,2.188717e-06,0.08688832,0.9022844,0.9891727,0.9891727,3.534497e-05,0.0059451633,0.00020214794
2021-11-23,1.8687109e-06,0.077649646,0.9122878,0.9899374,0.9899374,3.4864293e-05,0.0059045996,0.00018570901
2021-11-24,2.1415642e-06,0.08719872,0.9022185,0.98941725,0.98941725,3.3775847e-05,0.005811699,0.00020236378
2021-11-26,2.1288065e-06,0.10029444,0.8891487,0.9894431,0.9894432,3.3151457e-05,0.00575773,0.00020165117
2021-11-29,1.3186173e-06,0.064875886,0.9264701,0.991346,0.991346,8.347317e-05,0.009136365,0.00015237086
2021-11-30,1.3554186e-06,0.10112495,0.8903464,0.99147135,0.99147135,8.8006396e-05,0.009381172,0.00015892534
2021-12-01,1.2094116e-06,0.06302377,0.92892665,0.9919504,0.9919504,0.00011949612,0.0109314285,0.0001502448
2021-12-02,1.3432613e-06,0.07508622,0.9169091,0.99199533,0.99199533,0.00012033821,0.010969877,0.00016780979
2021-12-03,1.2302203e-06,0.08145019,0.9110294,0.99247956,0.99247956,0.0001286102,0.011340644,0.00016358361
2021-12-06,1.3074819e-06,0.072946906,0.9190529,0.9919998,0.9919998,0.00012488556,0.011175221,0.00016343125
2021-12-07,1.2915808e-06,0.085699394,0.9065539,0.9922533,0.9922533,0.00012587992,0.011219622,0.00016672666
2021-12-08,1.1950823e-06,0.10788788,0.88469183,0.9925797,0.9925797,0.00015068403,0.012275343,0.00016105577
2021-12-09,1.131198e-06,0.10797179,0.8839939,0.9919657,0.9919657,0.00013515641,0.011625679,0.00014079628
2021-12-10,1.150066e-06,0.08642061,0.9054143,0.9918349,0.9918349,0.00012583872,0.011217786,0.00014085107
2021-12-13,1.0451034e-06,0.09882441,0.8932327,0.9920571,0.9920571,0.00012237558,0.01106235,0.00013157682
2021-12-14,1.1108363e-06,0.07177528,0.920056,0.99183124,0.99183124,0.00011850847,0.01088616,0.00013598596
2021-12-15,1.2476922e-06,0.066962644,0.9245066,0.99146926,0.99146926,0.00011375247,0.01066548,0.00014625845
2021-12-16,1.1310249e-06,0.087853305,0.90432215,0.99217546,0.99217546,0.00012212651,0.011051087,0.00014454841
2021-12-17,1.1493415e-06,0.06603899,0.9259021,0.9919411,0.9919411,0.00011875705,0.010897571,0.00014261757
2021-12-20,1.1456344e-06,0.060740214,0.9312998,0.99204004,0.99204004,0.0001247862,0.011170774,0.00014392461
2021-12-21,1.1435403e-06,0.06366298,0.92835903,0.99202204,0.99202204,0.00012454344,0.011159903,0.00014333738
2021-12-22,9.85692e-07,0.11151669,0.8811346,0.99265134,0.99265134,0.00013607851,0.01166527,0.00013413228
2021-12-23,1.0395399e-06,0.09834702,0.89394915,0.99229616,0.99229616,0.00013151996,0.011468215,0.00013493789
2021-12-27,1.0252398e-06,0.10238261,0.88971055,0.99209315,0.99209315,0.00012217276,0.011053178,0.0001296647
2021-12-28,9.16159e-07,0.124231175,0.86807644,0.9923076,0.9923076,0.00012941273,0.011375971,0.0001190993
2021-12-29,1.0141836e-06,0.12720026,0.86480296,0.9920032,0.9920032,0.000113381255,0.010648063,0.00012682371
2021-12-30,1.250786e-06,0.11156196,0.87978184,0.9913438,0.9913438,9.921858e-05,0.009960853,0.0001444959
2021-12-31,1.3100696e-06,0.10230777,0.88886154,0.99116933,0.99116933,8.951483e-05,0.009461228,0.00014835455
2022-01-03,1.4255884e-06,0.09034328,0.90048814,0.99083143,0.99083143,8.162703e-05,0.009034768,0.00015548653
2022-01-04,1.5278545e-06,0.096684106,0.8939473,0.9906314,0.9906314,7.7750665e-05,0.008817634,0.0001630825
2022-01-05,1.5820448e-06,0.096242405,0.8942873,0.9905297,0.9905297,7.105903e-05,0.008429652,0.00016705357
2022-01-06,1.2269635e-06,0.06265081,0.9289853,0.9916361,0.9916361,0.00010200479,0.010099743,0.0001466975
2022-01-07,1.4073803e-06,0.08737218,0.9038568,0.991229,0.991229,9.606724e-05,0.00980139,0.00016045832
2022-01-10,1.410967e-06,0.07420884,0.91692924,0.9911381,0.9911381,8.974082e-05,0.009473163,0.00015921722
2022-01-11,1.3670469e-06,0.06929331,0.92197084,0.99126416,0.99126416,8.384881e-05,0.0091568995,0.00015648725
2022-01-12,1.2886235e-06,0.10293994,0.8887684,0.99170834,0.99170834,8.413931e-05,0.009172749,0.00015541197
2022-01-13,1.5388075e-06,0.09565767,0.8951659,0.99082357,0.99082357,7.6719836e-05,0.008758986,0.00016769125
2022-01-14,1.2337385e-06,0.064100094,0.9274787,0.99157876,0.99157876,8.912518e-05,0.009440613,0.00014650315
2022-01-18,1.4444742e-06,0.07937883,0.9117871,0.99116594,0.99116594,8.3898645e-05,0.00915962,0.00016351185
2022-01-19,1.1545969e-06,0.061109696,0.9308194,0.9919291,0.9919291,0.0001038146,0.010188945,0.00014305703
2022-01-20,1.2214999e-06,0.065020695,0.9266184,0.9916391,0.9916391,0.00010468366,0.010231503,0.00014609631
2022-01-21,1.3774434e-06,0.07024627,0.92147267,0.99171895,0.99171895,0.00010654811,0.010322214,0.00016633676
2022-01-24,1.2292106e-06,0.060689513,0.93136626,0.9920558,0.9920558,0.00012768882,0.011299948,0.00015473006
2022-01-25,1.7496334e-06,0.08949925,0.90259176,0.992091,0.992091,0.000121150886,0.011006856,0.00022122056
2022-01-26,1.5188616e-06,0.07469559,0.9173528,0.9920484,0.9920484,0.00012501555,0.011181035,0.00019101292
2022-01-27,1.6517673e-06,0.08146214,0.9105221,0.99198425,0.99198425,0.00011674568,0.010804892,0.00020606518
2022-01-28,1.5902359e-06,0.07944777,0.9124117,0.99185944,0.99185944,0.0001100998,0.010492845,0.00019534714
2022-01-31,1.5527173e-06,0.09004686,0.9027551,0.99280196,0.99280196,0.0001491399,0.012212285,0.00021571404
2022-02-01,1.3255152e-06,0.076209605,0.9166048,0.9928144,0.9928144,0.0001642901,0.01281757,0.00018446882
2022-02-02,1.2509978e-06,0.07689163,0.9156085,0.9925001,0.9925002,0.000155183,0.012457247,0.00016680252
2022-02-03,1.0486069e-06,0.08150732,0.9111593,0.9926666,0.9926666,0.0001502508,0.012257683,0.0001429906
2022-02-04,1.1094515e-06,0.059871625,0.93264085,0.99251246,0.99251246,0.00018478592,0.013593598,0.00014817313
2022-02-07,1.1258412e-06,0.07102914,0.9212885,0.9923176,0.9923176,0.00017466387,0.013216046,0.00014654844
2022-02-08,1.1508189e-06,0.07610184,0.9159578,0.99205965,0.99205965,0.00016286268,0.012761766,0.00014493299
2022-02-09,1.1124375e-06,0.07343434,0.91884226,0.9922766,0.9922766,0.0001552074,0.012458226,0.00014403486
2022-02-10,9.724656e-07,0.070893764,0.921673,0.99256676,0.99256676,0.00015883404,0.012602937,0.0001308267
2022-02-11,1.1461451e-06,0.05862392,0.9336678,0.9922917,0.9922917,0.00017114445,0.013082218,0.00014868952
2022-02-14,1.1556659e-06,0.057484586,0.93497515,0.9924597,0.9924597,0.0001846255,0.0135876965,0.00015326554
2022-02-15,1.1719522e-06,0.06516834,0.9270896,0.9922579,0.9922579,0.00017446413,0.013208487,0.00015137381
2022-02-16,9.956685e-07,0.07562949,0.917284,0.9929135,0.9929135,0.00017921085,0.013386966,0.00014050186
2022-02-17,1.2270997e-06,0.0698117,0.92219007,0.9920018,0.9920018,0.000165449,0.012862698,0.00015342144
2022-02-18,1.1474278e-06,0.057447355,0.93502176,0.99246913,0.99246913,0.00018691373,0.013671639,0.0001523633
2022-02-22,1.1527427e-06,0.060050763,0.9320348,0.9920856,0.9920856,0.00017848043,0.013359657,0.00014565086
2022-02-23,1.1623436e-06,0.059563365,0.93262994,0.9921933,0.9921933,0.00017473592,0.013218772,0.00014889016
2022-02-24,1.1807492e-06,0.058187444,0.9341544,0.9923418,0.9923418,0.00018360378,0.013550048,0.00015418137
2022-02-25,1.6528311e-06,0.082345165,0.910022,0.9923672,0.9923672,0.0001853572,0.013614595,0.00021654344
2022-02-28,1.146682e-06,0.09188847,0.9013584,0.9932469,0.9932469,0.00020888878,0.0144529855,0.00016980116
2022-03-01,1.2807573e-06,0.067394726,0.92473006,0.9921248,0.9921248,0.00019012384,0.01378854,0.00016263162
2022-03-02,1.2532624e-06,0.062073775,0.93033385,0.9924076,0.9924076,0.00019335425,0.013905188,0.00016506846
2022-03-03,1.0759666e-06,0.0904061,0.9026951,0.99310124,0.99310124,0.00020134685,0.014189674,0.0001559652
2022-03-04,1.1530637e-06,0.07011133,0.9221014,0.9922127,0.9922127,0.00018525313,0.013610773,0.00014807002
2022-03-07,1.1579951e-06,0.061600782,0.93049973,0.99210054,0.99210054,0.00017685561,0.013298707,0.00014659163
2022-03-08,1.1615416e-06,0.05520514,0.93759066,0.9927958,0.9927958,0.00022156205,0.014884961,0.00016123173
2022-03-09,1.2720002e-06,0.06389083,0.928338,0.9922288,0.9922288,0.00021225128,0.014568847,0.00016368144
2022-03-10,9.965336e-07,0.085808724,0.90748906,0.99329776,0.9932978,0.00024241257,0.015569604,0.00014868655
2022-03-11,1.1935452e-06,0.06566779,0.9266527,0.99232054,0.99232054,0.00022288783,0.014929429,0.00015542042
2022-03-14,1.1769858e-06,0.059140023,0.9332184,0.99235845,0.99235845,0.00021880027,0.014791898,0.00015402441
2022-03-15,1.1870252e-06,0.062407885,0.92980736,0.9922153,0.9922153,0.00020871032,0.01444681,0.00015248134
2022-03-16,9.3725333e-07,0.08782113,0.9052952,0.9931163,0.9931163,0.00022427485,0.014975809,0.00013615584
2022-03-17,1.0646479e-06,0.08386563,0.90917134,0.993037,0.993037,0.00024550385,0.015668562,0.00015290042
2022-03-18,9.892774e-07,0.098716184,0.8942269,0.9929431,0.9929431,0.00023685052,0.015389949,0.00014018599
2022-03-21,9.929008e-07,0.09284419,0.8998508,0.992695,0.992695,0.00021849826,0.0147816865,0.00013592023
2022-03-22,9.915133e-07,0.103182,0.8893579,0.99253994,0.99253994,0.00019762992,0.014058091,0.0001329096
2022-03-23,9.324772e-07,0.112504505,0.8800432,0.9925477,0.9925477,0.0001902781,0.0137941325,0.00012512594
2022-03-24,1.0612038e-06,0.065395504,0.926888,0.9922835,0.99228346,0.00018783247,0.013705199,0.00013752439
2022-03-25,9.1745886e-07,0.117358916,0.8751243,0.9924832,0.9924832,0.00018943961,0.013763706,0.00012205442
2022-03-28,1.0444475e-06,0.09636479,0.89557874,0.99194354,0.99194354,0.00016927805,0.01301069,0.00012964096
2022-03-29,9.999656e-07,0.11560705,0.87650824,0.9921153,0.99211526,0.00015723747,0.012539437,0.00012682384
2022-03-30,9.93627e-07,0.100805275,0.8913227,0.99212795,0.99212795,0.00015577264,0.01248089,0.00012622222
2022-03-31,1.0180711e-06,0.096759826,0.8952838,0.9920437,0.9920436,0.00014393966,0.0119974855,0.00012795744
2022-04-01,1.1634729e-06,0.06121263,0.9307096,0.99192226,0.99192226,0.00015372428,0.01239856,0.00014403445
2022-04-04,1.0797067e-06,0.101205796,0.8908303,0.99203604,0.9920361,0.00014466429,0.012027646,0.00013557418
2022-04-05,1.0077233e-06,0.119541995,0.8726193,0.9921613,0.9921613,0.0001369984,0.011704631,0.00012855703
2022-04-06,1.1632887e-06,0.061141122,0.93077374,0.99191487,0.99191487,0.00014043943,0.011850715,0.00014388
2022-04-07,1.1545493e-06,0.06173365,0.93011665,0.9918503,0.9918503,0.00013828558,0.011759489,0.00014166799
2022-04-08,1.1676954e-06,0.10703892,0.8848222,0.9918611,0.9918611,0.00013122297,0.011455259,0.000143471
2022-04-11,1.3033161e-06,0.078941844,0.9124436,0.9913854,0.9913854,0.000118154014,0.010869867,0.00015129155
2022-04-12,1.1498263e-06,0.06061642,0.9313661,0.9919825,0.9919825,0.00013308256,0.011536142,0.00014341492
2022-04-13,1.3176483e-06,0.07262294,0.9188626,0.99148554,0.99148554,0.00012601921,0.011225828,0.00015475412
2022-04-14,1.1526639e-06,0.1020267,0.88989735,0.99192405,0.99192405,0.00012622682,0.011235071,0.00014272792
2022-04-18,1.1626114e-06,0.062084433,0.9297705,0.99185497,0.99185497,0.00012997721,0.011400755,0.00014273867
2022-04-19,1.3758987e-06,0.09521069,0.89617264,0.9913833,0.9913833,0.00012201476,0.01104603,0.00015967841
2022-04-20,1.1393668e-06,0.099051856,0.8930401,0.99209195,0.99209195,0.00013457602,0.011600691,0.0001440769
2022-04-21,1.2288897e-06,0.1012891,0.8903153,0.9916044,0.9916044,0.00012140631,0.011018453,0.00014637285
2022-04-22,1.2821943e-06,0.06652122,0.9252679,0.9917891,0.9917891,0.00013288064,0.0115273865,0.00015615762
2022-04-25,1.2194349e-06,0.059244674,0.9330995,0.9923442,0.9923442,0.00017641489,0.013282127,0.00015928251
2022-04-26,1.3307279e-06,0.07563536,0.9164141,0.99204946,0.99204946,0.00016768697,0.012949401,0.00016737569
2022-04-27,1.1937937e-06,0.05744097,0.9351641,0.9926051,0.9926051,0.00022115312,0.014871218,0.00016143451
2022-04-28,1.3556601e-06,0.07114594,0.9208948,0.99204075,0.99204075,0.00020840329,0.01443618,0.00017032518
2022-04-29,1.2222183e-06,0.09082543,0.90231854,0.993144,0.993144,0.00023689079,0.015391257,0.00017826926
2022-05-02,1.3041005e-06,0.05791471,0.9350737,0.9929884,0.9929884,0.00034503132,0.018575018,0.00018599206
2022-05-03,1.3449853e-06,0.06920931,0.9232755,0.9924848,0.9924848,0.00032589282,0.018052502,0.00017896885
2022-05-04,1.229582e-06,0.07868963,0.9138706,0.9925602,0.9925602,0.0003035665,0.01742316,0.00016527102
2022-05-05,1.2977556e-06,0.11018747,0.88341224,0.9935997,0.9935997,0.00034859084,0.018670587,0.00020276521
2022-05-06,1.340882e-06,0.05772123,0.9354669,0.99318814,0.99318814,0.00045504258,0.021331728,0.00019684529
2022-05-09,1.2669564e-06,0.06283553,0.9296083,0.9924438,0.9924438,0.0004292171,0.020717556,0.0001676711
2022-05-10,1.1837133e-06,0.05340655,0.9397857,0.99319226,0.99319226,0.00046756875,0.021623338,0.00017387744
2022-05-11,1.3893155e-06,0.06726521,0.92530817,0.9925734,0.9925734,0.00044083875,0.02099616,0.0001870724
2022-05-12,1.2372926e-06,0.05662728,0.9360326,0.99265987,0.99265987,0.00042695206,0.020662818,0.00016856541
2022-05-13,1.3462018e-06,0.06407346,0.92811006,0.9921835,0.9921835,0.000400964,0.020024085,0.00017222579
2022-05-16,1.1272128e-06,0.068399996,0.92479813,0.9931981,0.99319816,0.00040869243,0.020216143,0.00016572021
2022-05-17,1.1695519e-06,0.06904782,0.9235541,0.99260193,0.99260193,0.0003803214,0.019501831,0.0001580888
2022-05-18,9.466019e-07,0.0793996,0.91383564,0.99323523,0.99323523,0.00038052513,0.019507054,0.00013993114
2022-05-19,1.1995653e-06,0.05456301,0.9386457,0.9932087,0.9932087,0.00048432508,0.022007387,0.00017663282
2022-05-20,1.1800264e-06,0.060256284,0.93233234,0.99258864,0.99258864,0.0004579947,0.021400811,0.00015921859
2022-05-23,1.4500332e-06,0.06717175,0.92513365,0.9923054,0.9923054,0.0004281871,0.020692682,0.00018844812
2022-05-24,1.0702091e-06,0.07457303,0.91888493,0.993458,0.993458,0.000420203,0.020498853,0.00016358984
2022-05-25,1.222033e-06,0.057875123,0.93454206,0.99241716,0.99241716,0.00039178197,0.019793482,0.00016115763
2022-05-26,1.1465778e-06,0.06817117,0.92456067,0.99273187,0.9927318,0.00037164986,0.019278223,0.00015775416
2022-05-27,9.751354e-07,0.08956951,0.9037075,0.993277,0.993277,0.00037094532,0.01925994,0.00014504498
2022-05-31,7.801199e-07,0.11552381,0.877872,0.9933958,0.9933958,0.00038808282,0.019699818,0.00011812491
2022-06-01,1.0970585e-06,0.06930469,0.9232368,0.9925415,0.9925415,0.0003453697,0.018584125,0.0001470882
2022-06-02,1.1052599e-06,0.07127485,0.9212072,0.992482,0.99248207,0.0003247373,0.01802047,0.00014701528
2022-06-03,9.091935e-07,0.103739224,0.8894864,0.9932256,0.9932256,0.00032512384,0.018031191,0.00013420968
2022-06-06,1.1112974e-06,0.058833174,0.93376195,0.99259514,0.99259514,0.00031914897,0.017864741,0.00015007668
2022-06-07,1.1070592e-06,0.08029957,0.9122013,0.99250084,0.99250084,0.00029959992,0.017308954,0.00014762447
2022-06-08,1.1554281e-06,0.080636255,0.9117649,0.9924012,0.9924012,0.0002814392,0.01677615,0.00015205368
2022-06-09,1.1415182e-06,0.06212553,0.9300877,0.9922132,0.9922132,0.0002677276,0.016362384,0.00014659637
2022-06-10,1.1549856e-06,0.057012737,0.9355181,0.9925308,0.9925308,0.00028670242,0.01693229,0.00015463358
2022-06-13,1.1594543e-06,0.055090014,0.9377231,0.9928131,0.9928131,0.0003193554,0.017870517,0.00016132908
2022-06-14,1.1800907e-06,0.05234825,0.94091696,0.9932652,0.9932652,0.0003839597,0.01959489,0.00017522313
2022-06-15,1.2734326e-06,0.06286564,0.9295801,0.9924457,0.9924457,0.00036299144,0.019052334,0.00016857072
2022-06-16,1.2826392e-06,0.06303529,0.929586,0.9926213,0.9926213,0.00035097243,0.018734258,0.00017383003
2022-06-17,1.1809439e-06,0.053088527,0.94010735,0.9931959,0.9931959,0.0003997327,0.019993316,0.00017356334
2022-06-21,1.2354069e-06,0.062397517,0.9300553,0.99245286,0.99245286,0.00037726387,0.019423282,0.00016369206
2022-06-22,8.794274e-07,0.1020011,0.89143634,0.99343747,0.9934374,0.00039010766,0.019751143,0.00013400735
2022-06-23,1.2463785e-06,0.0682064,0.9239129,0.9921193,0.9921193,0.00034904358,0.018682707,0.00015815605
2022-06-24,1.0651188e-06,0.085275166,0.90740705,0.9926822,0.9926822,0.00032997818,0.018165302,0.00014555214
2022-06-27,7.804568e-07,0.14365871,0.84963435,0.99329305,0.99329305,0.0003830403,0.019571414,0.00011636533
2022-06-28,8.9660426e-07,0.11549827,0.87728685,0.9927851,0.9927851,0.00032853746,0.018125603,0.00012427113
2022-06-29,1.2574849e-06,0.061106775,0.9312701,0.9923769,0.9923769,0.00033923105,0.018418226,0.00016495766
2022-06-30,1.0531791e-06,0.0919286,0.90065724,0.99258584,0.99258584,0.00031723434,0.017811073,0.00014204964
2022-07-01,1.1861401e-06,0.060546763,0.93167067,0.9922174,0.9922174,0.00029317115,0.01712224,0.00015240966
2022-07-05,1.1367599e-06,0.08158493,0.91108024,0.9926652,0.9926652,0.00028079294,0.016756877,0.00015498111
2022-07-06,1.3153629e-06,0.06943249,0.9226154,0.9920479,0.9920479,0.00025719783,0.016037388,0.00016541088
2022-07-07,1.1200433e-06,0.08317776,0.90928245,0.9924602,0.9924602,0.00023931493,0.015469807,0.00014855062
2022-07-08,9.841738e-07,0.09689962,0.8958796,0.99277925,0.99277925,0.00023665163,0.015383486,0.00013629808
2022-07-11,1.0818076e-06,0.0844039,0.90805244,0.9924563,0.9924563,0.00021309407,0.014597742,0.00014340575
2022-07-12,1.0347009e-06,0.07282676,0.9197445,0.99257123,0.99257123,0.00020608658,0.014355716,0.00013928302
2022-07-13,1.1803987e-06,0.06506094,0.9271599,0.9922208,0.9922209,0.00019657768,0.014020616,0.00015173818
2022-07-14,1.2055226e-06,0.063880146,0.92810446,0.9919846,0.9919846,0.00018537247,0.013615156,0.00015040091
2022-07-15,1.3438859e-06,0.06862019,0.92299736,0.99161756,0.99161756,0.00017368798,0.013179073,0.00016032156
2022-07-18,1.0242462e-06,0.095403925,0.89703697,0.9924409,0.9924409,0.00018575464,0.013629183,0.00013549806
2022-07-19,1.2291216e-06,0.072889365,0.9190651,0.9919545,0.9919545,0.00017450808,0.01321015,0.00015277142
2022-07-20,9.4981294e-07,0.120139904,0.8726329,0.9927728,0.9927728,0.00021270424,0.014584383,0.0001314223
2022-07-21,1.0660327e-06,0.112234406,0.87988114,0.99211556,0.99211556,0.00019113248,0.013825067,0.00013520711
2022-07-22,1.0271741e-06,0.12502779,0.8672398,0.99226755,0.99226755,0.00018034312,0.013429189,0.0001328394
2022-07-25,1.195603e-06,0.07433503,0.91750443,0.99183947,0.99183947,0.00016872783,0.012989528,0.00014651043
2022-07-26,1.0856777e-06,0.12110231,0.87082064,0.991923,0.991923,0.00015608281,0.0124933105,0.00013441553
2022-07-27,1.2262166e-06,0.06825527,0.92341536,0.9916706,0.9916706,0.00015469817,0.012437772,0.00014721563
2022-07-28,1.0338317e-06,0.109016724,0.88351214,0.99252886,0.99252886,0.0001882845,0.013721679,0.00013837662
2022-07-29,1.0850041e-06,0.103630014,0.88862157,0.9922516,0.9922516,0.0001838223,0.013558108,0.00014002899
2022-08-01,1.0160298e-06,0.11044125,0.8818303,0.99227154,0.99227154,0.00018558945,0.013623122,0.00013146606
2022-08-02,1.1041765e-06,0.10668788,0.88526547,0.9919534,0.9919534,0.000165771,0.012875209,0.00013722228
2022-08-03,1.1412155e-06,0.0977749,0.89405316,0.9918281,0.9918281,0.00015279543,0.012361045,0.00013965092
2022-08-04,1.029818e-06,0.117450714,0.8746737,0.99212444,0.99212444,0.00016079469,0.012680485,0.00013076121
2022-08-05,1.2022113e-06,0.12849148,0.8630735,0.991565,0.991565,0.00014175983,0.011906293,0.00014252635
2022-08-08,1.4418272e-06,0.08974759,0.90115166,0.99089926,0.99089926,0.00012400406,0.011135711,0.00015842974
2022-08-09,1.4292547e-06,0.10166479,0.8893449,0.99100965,0.99100965,0.00011335113,0.010646649,0.00015897657
2022-08-10,1.37712e-06,0.10621213,0.8847844,0.99099654,0.99099654,0.000104000515,0.010198064,0.00015295453
2022-08-11,1.0706236e-06,0.11106428,0.8805873,0.99165154,0.99165154,0.00013847186,0.011767407,0.00012824197
2022-08-12,1.3253011e-06,0.11564726,0.8756019,0.99124914,0.99124914,0.000123011,0.011091033,0.00015144817
2022-08-15,1.0440878e-06,0.13394274,0.85804236,0.9919851,0.9919851,0.00014090909,0.011870514,0.00013026806
2022-08-16,1.1370939e-06,0.13267355,0.8590562,0.99172974,0.99172974,0.00012401553,0.011136225,0.00013749186
2022-08-17,1.180311e-06,0.119476765,0.87209666,0.99157345,0.99157345,0.00010808972,0.01039662,0.00014007054
2022-08-18,1.3338214e-06,0.09075791,0.90037364,0.99113154,0.99113154,0.000101827136,0.010090943,0.00015040064
2022-08-19,1.3861888e-06,0.123985946,0.86708087,0.9910668,0.9910668,9.3686176e-05,0.009679162,0.00015517294
2022-08-22,1.322548e-06,0.06603082,0.9251276,0.9911584,0.9911584,0.00010594001,0.010292716,0.00014958286
2022-08-23,1.2005307e-06,0.06173875,0.9300583,0.99179703,0.99179703,0.00012908518,0.011361565,0.00014635318
2022-08-24,1.4707906e-06,0.09762722,0.89342964,0.99105686,0.99105686,0.00012167707,0.011030733,0.00016446019
2022-08-25,1.5132605e-06,0.09197073,0.898914,0.9908847,0.9908847,0.0001110656,0.010538766,0.00016601363
2022-08-26,1.1836916e-06,0.10424565,0.8874699,0.99171555,0.99171555,0.00011895148,0.010906488,0.00014288114
2022-08-29,1.3989076e-06,0.0633487,0.92875004,0.99209875,0.99209875,0.00023169682,0.01522159,0.00017704886
2022-08-30,1.2091284e-06,0.08241921,0.90961355,0.99203277,0.99203277,0.00021953345,0.014816661,0.00015176264
2022-08-31,1.2222101e-06,0.065637685,0.9264004,0.99203813,0.99203813,0.00021128266,0.014535566,0.00015350794
2022-09-01,1.2207986e-06,0.068218745,0.92380327,0.99202204,0.99202204,0.0002009721,0.014176463,0.00015302135
2022-09-02,1.3799147e-06,0.07351543,0.9181345,0.9916499,0.9916499,0.00018747218,0.013692048,0.00016525778
2022-09-06,1.3302614e-06,0.067386575,0.9242879,0.9916745,0.9916745,0.00018205692,0.013492847,0.00015978124
2022-09-07,1.419135e-06,0.07445415,0.91703224,0.9914864,0.9914864,0.00017066303,0.013063806,0.00016668977
2022-09-08,1.1510168e-06,0.09795113,0.8944381,0.9923892,0.9923892,0.00018103828,0.013455046,0.00015123471
2022-09-09,1.2010082e-06,0.08120321,0.91087884,0.99208206,0.99208206,0.00016700287,0.012922959,0.00015168189
2022-09-12,1.0180004e-06,0.10164011,0.89086354,0.99250364,0.99250364,0.00017215672,0.013120851,0.00013579935
2022-09-13,9.598415e-07,0.112356804,0.8799653,0.9923221,0.9923221,0.00016560245,0.012868661,0.00012501334
2022-09-14,1.1810646e-06,0.072075926,0.92058647,0.9926624,0.9926624,0.0003705967,0.019250888,0.00016095996
2022-09-15,1.1185545e-06,0.08736618,0.9050403,0.9924065,0.9924065,0.00034329353,0.018528182,0.00014730396
2022-09-16,1.1468989e-06,0.062070355,0.93020815,0.9922785,0.9922785,0.0003235764,0.01798823,0.00014853348
2022-09-19,1.1406343e-06,0.059678677,0.9326118,0.9922905,0.9922905,0.00031099364,0.017635012,0.00014795172
2022-09-20,1.2090544e-06,0.07252773,0.91993517,0.9924629,0.9924629,0.00029456947,0.017163027,0.00016041317
2022-09-21,1.1780738e-06,0.06114327,0.930975,0.9921183,0.9921183,0.00028217374,0.016798029,0.00014946949
2022-09-22,1.1920376e-06,0.058692865,0.93357444,0.9922673,0.9922673,0.00028321068,0.016828865,0.00015415564
2022-09-23,1.215416e-06,0.06341924,0.9286393,0.9920585,0.9920585,0.00026995214,0.01643022,0.00015304645
2022-09-26,1.1542742e-06,0.05799795,0.9343849,0.9923828,0.9923828,0.00027040933,0.016444128,0.00015153571
2022-09-27,1.2711454e-06,0.06178215,0.93024254,0.99202466,0.99202466,0.00025976912,0.016117355,0.00015938448
2022-09-28,1.3818453e-06,0.06718947,0.9247053,0.9918948,0.9918948,0.00024338375,0.015600761,0.00017048835
2022-09-29,1.2274573e-06,0.07551765,0.9171221,0.9926398,0.9926398,0.0002514672,0.015857717,0.00016676911
2022-09-30,1.1531401e-06,0.057324834,0.9351741,0.99249893,0.99249893,0.00026610112,0.016312607,0.00015373017
2022-10-03,1.1831474e-06,0.058690853,0.9336909,0.99238175,0.99238175,0.0002642598,0.01625607,0.0001553044
2022-10-04,1.0104045e-06,0.110278204,0.8831996,0.99347776,0.99347776,0.00028720952,0.016947256,0.00015491684
2022-10-05,1.0446197e-06,0.11776559,0.8758878,0.9936534,0.9936534,0.0003561254,0.018871285,0.00016459559
2022-10-06,1.2739808e-06,0.07734291,0.9149578,0.99230075,0.99230075,0.00031371624,0.017712036,0.00016546815
2022-10-07,1.1688841e-06,0.06541302,0.9269714,0.9923844,0.9923844,0.00029692738,0.017231582,0.00015348496
2022-10-10,1.2412684e-06,0.058940243,0.93382424,0.9927645,0.9927645,0.00032945332,0.01815085,0.00017155189
2022-10-11,1.2389891e-06,0.064509876,0.9279851,0.99249494,0.99249494,0.00031252482,0.01767837,0.00016508719
2022-10-12,1.2526248e-06,0.06058208,0.93153054,0.99211264,0.99211264,0.00029401528,0.017146874,0.00015881413
2022-10-13,1.2885148e-06,0.0665449,0.9255466,0.9920915,0.9920915,0.00027587445,0.01660947,0.00016292736
2022-10-14,1.8848867e-06,0.104246095,0.88845146,0.99269754,0.99269754,0.00030113626,0.017353278,0.00025811658
2022-10-17,1.3121256e-06,0.060234237,0.93254393,0.9927782,0.9927782,0.0003257223,0.018047778,0.0001816891
2022-10-18,1.2694109e-06,0.08811914,0.90529305,0.9934122,0.9934122,0.000343274,0.018527655,0.00019269106
2022-10-19,1.3611898e-06,0.06842357,0.92426854,0.9926921,0.9926921,0.0003236781,0.017991057,0.00018626312
2022-10-20,1.316231e-06,0.06475432,0.9277935,0.9925478,0.9925478,0.00030417007,0.017440472,0.00017662338
2022-10-21,1.200993e-06,0.059263594,0.933077,0.99234056,0.99234056,0.00028831925,0.016979966,0.00015679916
2022-10-24,1.1018661e-06,0.08860613,0.9046272,0.9932333,0.9932333,0.00030386628,0.01743176,0.00016283711
2022-10-25,9.718108e-07,0.09555228,0.8975036,0.9930559,0.9930559,0.0002886976,0.016991103,0.0001399473
2022-10-26,9.769199e-07,0.09235517,0.9005823,0.9929375,0.9929375,0.00028350292,0.016837545,0.00013832503
2022-10-27,1.1452444e-06,0.06487995,0.92736787,0.9922478,0.9922478,0.0002618389,0.016181437,0.00014773192
2022-10-28,1.0520237e-06,0.08431054,0.9081554,0.9924659,0.9924659,0.00024595726,0.015683025,0.0001396352
2022-10-31,9.1495343e-07,0.10192947,0.89111894,0.9930484,0.9930484,0.00027029566,0.016440671,0.00013161823
2022-11-01,1.0654658e-06,0.0689966,0.9233065,0.99230313,0.99230313,0.00024741495,0.01572943,0.0001384285
2022-11-02,1.2189636e-06,0.0720994,0.919829,0.9919284,0.9919284,0.00023094684,0.015196935,0.0001510188
2022-11-03,1.2127709e-06,0.05702564,0.93550575,0.9925314,0.9925314,0.0002609086,0.016152665,0.00016238305
2022-11-04,1.1881102e-06,0.05985056,0.9325191,0.99236965,0.99236965,0.0002516241,0.015862664,0.00015570852
2022-11-07,1.2192636e-06,0.06028787,0.93206936,0.99235725,0.99235725,0.00024773992,0.015739756,0.00015953214
2022-11-08,1.1387704e-06,0.08074928,0.9118928,0.99264205,0.99264205,0.00023738337,0.01540725,0.00015476724
2022-11-09,1.3091742e-06,0.068213955,0.92360514,0.9918191,0.9918191,0.00021978664,0.0148252025,0.00016002782
2022-11-10,1.1452885e-06,0.05786028,0.9345476,0.99240786,0.99240786,0.00023439524,0.015309972,0.00015085183
2022-11-11,6.6666e-07,0.20696098,0.78687,0.993831,0.993831,0.000384647,0.019612418,0.00010806577
2022-11-14,8.9334e-07,0.12966038,0.8632264,0.9928868,0.9928868,0.00032180254,0.017938856,0.00012558872
2022-11-15,1.0013947e-06,0.09921796,0.893242,0.99245995,0.99245995,0.0002885602,0.01698706,0.00013281014
2022-11-16,1.0846188e-06,0.10970501,0.8826255,0.99233055,0.99233055,0.00026560292,0.01629733,0.00014142069
2022-11-17,9.194999e-07,0.11400449,0.87848854,0.99249303,0.99249303,0.00024226145,0.01556475,0.0001224862
2022-11-18,1.1514745e-06,0.08251095,0.9094404,0.99195135,0.99195135,0.00021494755,0.0146610895,0.00014306424
2022-11-21,1.1567142e-06,0.083411306,0.9084904,0.9919017,0.99190176,0.000198191,0.014078032,0.00014283413
2022-11-22,1.0871623e-06,0.11755783,0.8744155,0.99197334,0.99197334,0.0001824337,0.013506802,0.00013544393
2022-11-23,1.077353e-06,0.105803095,0.8860277,0.99183077,0.99183077,0.00018103704,0.013455001,0.00013187932
2022-11-25,1.075893e-06,0.10581149,0.88602203,0.9918335,0.9918335,0.00016541356,0.01286132,0.00013174482
2022-11-28,1.1622942e-06,0.16054569,0.83098656,0.99153227,0.99153227,0.00014765366,0.012151282,0.00013726154
2022-11-29,1.1977748e-06,0.061482046,0.9303467,0.9918288,0.9918288,0.0001663647,0.012898244,0.00014658492
2022-11-30,1.1091819e-06,0.1080787,0.8838065,0.99188524,0.99188524,0.00015619761,0.012497904,0.00013668704
2022-12-01,1.2365266e-06,0.11584445,0.8769352,0.9927796,0.9927796,0.00024188017,0.0155524975,0.00017125488
2022-12-02,1.0727284e-06,0.11756345,0.8747544,0.99231786,0.99231786,0.00021344815,0.014609865,0.00013963919
2022-12-05,1.2022607e-06,0.08798958,0.90387166,0.9918612,0.9918612,0.00018799846,0.013711253,0.00014772009
2022-12-06,1.1384733e-06,0.069620326,0.92261344,0.99223375,0.99223375,0.00020071944,0.014167549,0.00014659247
2022-12-07,1.2417788e-06,0.067144506,0.9249553,0.9920998,0.9920998,0.00020137962,0.014190828,0.00015718365
2022-12-08,1.3672018e-06,0.08562435,0.9058623,0.9914866,0.9914866,0.00018774827,0.013702126,0.00016059427
2022-12-09,1.2173643e-06,0.091224305,0.90067303,0.99189734,0.99189734,0.00017641041,0.013281958,0.00015024265
2022-12-12,1.1842707e-06,0.06271408,0.92916214,0.99187624,0.99187624,0.00016549119,0.012864338,0.00014577871
2022-12-13,1.0679076e-06,0.1091354,0.8829707,0.9921061,0.9921061,0.00016747178,0.0129410885,0.0001352823
2022-12-14,1.3494775e-06,0.08072321,0.91111743,0.99184066,0.99184066,0.00015484588,0.012443708,0.00016539053
2022-12-15,1.2439865e-06,0.073985554,0.9178712,0.99185675,0.99185675,0.00014594798,0.012080893,0.00015276298
2022-12-16,1.1487568e-06,0.058510732,0.9337965,0.99230725,0.99230725,0.00018126612,0.013463511,0.00014932972
2022-12-19,1.1588794e-06,0.06040356,0.93180275,0.99220634,0.99220634,0.0001866219,0.013660963,0.00014869505
2022-12-20,1.2514187e-06,0.068106234,0.9238759,0.99198216,0.99198216,0.00017962689,0.0134024955,0.00015607932
2022-12-21,1.3841818e-06,0.07316504,0.9183126,0.99147767,0.99147767,0.00016729954,0.012934432,0.0001624182
2022-12-22,1.1047035e-06,0.072443575,0.9199492,0.9923927,0.9923928,0.00017073397,0.013066521,0.0001452166
2022-12-23,1.2335704e-06,0.063531265,0.9284974,0.99202865,0.99202865,0.00017351678,0.013172576,0.00015475057
2022-12-27,1.1281606e-06,0.10187395,0.89034414,0.9922181,0.9922181,0.00016430064,0.012817981,0.00014497197
2022-12-28,1.1860297e-06,0.08237237,0.90962636,0.99199873,0.99199873,0.00014915557,0.0122129265,0.00014823023
2022-12-29,1.1551264e-06,0.061377604,0.93065774,0.9920353,0.9920353,0.00015012918,0.012252722,0.00014503128
2022-12-30,1.0426645e-06,0.089501165,0.9030648,0.99256593,0.99256593,0.00016000499,0.012649308,0.00014025487
2023-01-03,1.1292374e-06,0.0732966,0.9187167,0.99201334,0.99201334,0.00014625078,0.012093419,0.00014139035
2023-01-04,1.2467948e-06,0.07276737,0.91914,0.99190736,0.99190736,0.000136914,0.011701025,0.00015406524
2023-01-05,1.1275054e-06,0.0755129,0.91668665,0.99219954,0.99219954,0.0001311887,0.011453764,0.00014454345
2023-01-06,1.0812048e-06,0.0674439,0.92473465,0.99217856,0.99217856,0.00013166064,0.011474347,0.00013823602
2023-01-09,1.1017484e-06,0.09817664,0.8944397,0.99261636,0.99261636,0.00015693856,0.012527512,0.0001492147
2023-01-10,1.1645677e-06,0.09655465,0.8954481,0.9920027,0.9920027,0.00014152941,0.011896613,0.00014562058
2023-01-11,1.0533756e-06,0.10105032,0.89111704,0.99216735,0.99216735,0.0001323654,0.011505016,0.00013448528
2023-01-12,9.722116e-07,0.10323884,0.88909256,0.9923314,0.9923314,0.00013450174,0.011597488,0.000126778
2023-01-13,1.0887322e-06,0.09481629,0.8972477,0.99206394,0.99206394,0.00012178464,0.011035608,0.00013718799
2023-01-17,1.1718971e-06,0.1167949,0.87491876,0.99171364,0.99171364,0.00011164836,0.010566379,0.00014142488
2023-01-18,1.2405573e-06,0.096257254,0.8952202,0.9914775,0.9914775,9.933123e-05,0.009966506,0.00014556242
2023-01-19,1.1800494e-06,0.061394148,0.9304759,0.99187005,0.99187005,0.00011511277,0.010729062,0.00014514834
2023-01-20,1.2603723e-06,0.06919681,0.92235315,0.99154997,0.99154997,0.00011173562,0.0105705075,0.00014915594
2023-01-23,1.1107348e-06,0.097034566,0.8951632,0.99219775,0.99219775,0.00012742318,0.0112881875,0.00014236088
2023-01-24,1.1285492e-06,0.098098665,0.89399195,0.99209064,0.9920906,0.00012855337,0.011338138,0.00014268533
2023-01-25,1.1806069e-06,0.102916926,0.8888198,0.99173677,0.99173677,0.00011620978,0.010780064,0.00014287473
2023-01-26,1.2643646e-06,0.08199946,0.9095464,0.99154586,0.99154586,0.00010447385,0.010221245,0.0001495556
2023-01-27,1.060084e-06,0.120186396,0.8718575,0.9920439,0.9920439,0.00010575546,0.010283748,0.00013324186
2023-01-30,1.3748563e-06,0.105488345,0.8856842,0.99117255,0.99117255,9.379869e-05,0.009684972,0.00015574788
2023-01-31,1.2825403e-06,0.065560415,0.9257142,0.9912746,0.9912746,0.00010176542,0.010087885,0.0001469892
2023-02-01,1.1250834e-06,0.10171203,0.89020634,0.9919184,0.9919184,0.00010910344,0.0104452595,0.00013921516
2023-02-02,1.2809033e-06,0.09806276,0.89393324,0.991996,0.991996,0.000109221866,0.010450927,0.00016003271
2023-02-03,1.065223e-06,0.10714381,0.88501155,0.9921554,0.9921554,0.00011887741,0.010903092,0.00013579015
2023-02-06,1.1691496e-06,0.07747307,0.91433805,0.9918111,0.9918111,0.0001189361,0.010905783,0.00014277243
2023-02-07,1.0957988e-06,0.10608376,0.88585734,0.9919411,0.9919411,0.000113007016,0.010630475,0.00013597365
2023-02-08,1.2687244e-06,0.092628404,0.89926237,0.9918908,0.9918908,0.00011860761,0.010890712,0.00015645471
2023-02-09,1.1507111e-06,0.07433372,0.91741127,0.991745,0.991745,0.000119506745,0.010931914,0.00013939558
2023-02-10,1.230265e-06,0.06686877,0.9247512,0.99162,0.99162,0.000116665426,0.0108011775,0.00014680973
2023-02-13,1.3634551e-06,0.08849885,0.9027929,0.9912917,0.9912917,0.00010942458,0.010460621,0.00015656964
2023-02-14,1.1235837e-06,0.10258195,0.88933814,0.99192005,0.9919201,0.00011182512,0.010574739,0.00013905832
2023-02-15,1.3615547e-06,0.07225862,0.91895795,0.99121654,0.99121654,0.00010061669,0.010030787,0.00015501349
2023-02-16,1.3438821e-06,0.111645386,0.87964994,0.99129534,0.99129534,9.449922e-05,0.0097210705,0.00015438648
2023-02-17,1.2287159e-06,0.063575506,0.9279146,0.9914901,0.9914901,0.00010650881,0.0103203105,0.00014438707
2023-02-21,1.3558151e-06,0.07631453,0.9148478,0.9911623,0.9911623,0.00010051873,0.010025903,0.00015341266
2023-02-22,1.1914005e-06,0.061438803,0.9304026,0.9918414,0.9918414,0.00012523094,0.011190663,0.00014602959
2023-02-23,1.4168002e-06,0.07407074,0.91702896,0.9910997,0.9910997,0.000117856966,0.010856194,0.00015918593
2023-02-24,1.3218757e-06,0.07113172,0.9202253,0.991357,0.991357,0.000111436704,0.010556359,0.00015294227
2023-02-27,1.1643833e-06,0.06260567,0.9291263,0.991732,0.991732,0.000112359085,0.010599957,0.00014083013
2023-02-28,1.3352283e-06,0.08833437,0.90310097,0.99143535,0.99143535,0.00010620713,0.010305684,0.0001558999
2023-03-01,1.3596771e-06,0.07168729,0.91953385,0.99122113,0.99122113,9.858645e-05,0.009929071,0.00015488065
2023-03-02,1.3607353e-06,0.07290384,0.91833127,0.9912351,0.99123514,9.3176764e-05,0.009652811,0.00015524784
2023-03-03,1.312841e-06,0.09231336,0.8991284,0.9914417,0.9914417,9.109658e-05,0.009544453,0.00015340022
2023-03-06,1.0378002e-06,0.10505342,0.8870309,0.9920843,0.9920843,0.00010604772,0.010297948,0.00013110696
2023-03-07,1.301034e-06,0.103894085,0.88750184,0.9913959,0.99139595,9.513242e-05,0.009753585,0.00015121077
2023-03-08,1.1791042e-06,0.06328236,0.9286261,0.9919085,0.9919085,0.000111121415,0.010541414,0.00014572116
2023-03-09,1.2644749e-06,0.101705045,0.88984275,0.99154776,0.9915478,0.00010450156,0.010222601,0.0001496024
2023-03-10,1.2311386e-06,0.063312694,0.9286578,0.99197054,0.99197054,0.00013023002,0.011411837,0.00015332768
2023-03-13,1.2292714e-06,0.06297815,0.9290047,0.9919829,0.9919829,0.00013588868,0.01165713,0.00015333075
2023-03-14,1.402931e-06,0.07470811,0.9169986,0.9917067,0.9917067,0.00012763408,0.011297525,0.00016916498
2023-03-15,1.2330363e-06,0.07416659,0.91832155,0.99248815,0.99248815,0.00013807269,0.011750434,0.0001641454
2023-03-16,1.265356e-06,0.06888633,0.9230256,0.99191195,0.99191195,0.00013112265,0.01145088,0.00015644755
2023-03-17,1.2107957e-06,0.09096784,0.90173185,0.9926997,0.9926997,0.00014269237,0.011945391,0.00016585522
2023-03-20,1.1354105e-06,0.063437395,0.92882085,0.99225825,0.99225825,0.00015246464,0.012347657,0.0001466607
2023-03-21,1.0277447e-06,0.09696203,0.8955912,0.99255323,0.99255323,0.00014833435,0.012179259,0.00013801223
2023-03-22,1.0184789e-06,0.09146516,0.9009752,0.9924404,0.9924404,0.0001499094,0.01224375,0.00013472661
2023-03-23,1.1998138e-06,0.065258645,0.9269442,0.9922028,0.9922028,0.00016370788,0.012794838,0.00015387789
2023-03-24,1.27521e-06,0.07432214,0.91747826,0.9918004,0.9918004,0.00015336045,0.012383879,0.00015552153
2023-03-27,1.1527259e-06,0.08512494,0.9070239,0.9921488,0.9921489,0.00014498184,0.01204084,0.00014682193
2023-03-28,1.1994459e-06,0.097950384,0.89390296,0.99185336,0.99185336,0.00013289574,0.011528041,0.00014723191
2023-03-29,1.368736e-06,0.08331586,0.90805596,0.9913718,0.9913718,0.00012057496,0.010980663,0.00015863536
2023-03-30,1.059693e-06,0.0988846,0.89293003,0.9918146,0.9918146,0.00012776369,0.01130326,0.00012946156
2023-03-31,1.1529373e-06,0.1098174,0.8818198,0.9916372,0.9916372,0.000118303484,0.01087674,0.0001378645
2023-04-03,9.932753e-07,0.095035955,0.89697176,0.99200773,0.99200773,0.00012642174,0.011243742,0.00012427954
2023-04-04,1.0431346e-06,0.1324417,0.85952,0.9919617,0.9919617,0.00011563396,0.010753323,0.00012977084
2023-04-05,1.0907636e-06,0.092890866,0.89892435,0.9918152,0.9918152,0.000104810104,0.010237681,0.00013326714
2023-04-06,1.261624e-06,0.09409121,0.89725316,0.9913444,0.99134433,9.6039075e-05,0.009799953,0.000145758
2023-04-10,1.320131e-06,0.10205596,0.8891758,0.99123174,0.99123174,8.872659e-05,0.009419479,0.00015055791
2023-04-11,1.581785e-06,0.09479657,0.89575696,0.99055356,0.9905535,8.0285754e-05,0.008960232,0.0001674477
2023-04-12,1.6937531e-06,0.09772692,0.89251417,0.9902411,0.9902411,7.3498966e-05,0.008573154,0.00017356002
2023-04-13,1.6132664e-06,0.072191454,0.91819584,0.9903873,0.9903873,6.907423e-05,0.008311091,0.00016782692
2023-04-14,1.236305e-06,0.10862644,0.88282466,0.9914511,0.9914511,7.725585e-05,0.008789531,0.00014461542
2023-04-17,1.50058e-06,0.09181096,0.8989946,0.99080557,0.99080557,7.0191694e-05,0.008378048,0.00016320526
2023-04-18,1.4965855e-06,0.106850214,0.8839487,0.9907989,0.9907989,6.566165e-05,0.008103187,0.00016265272
2023-04-19,1.567392e-06,0.0990409,0.8915599,0.9906008,0.9906008,5.956138e-05,0.007717602,0.00016675846
2023-04-20,1.7318965e-06,0.10784615,0.88235205,0.9901982,0.9901982,5.4682365e-05,0.0073947525,0.0001766916
2023-04-21,1.6825776e-06,0.07315506,0.91703624,0.9901913,0.9901913,5.3432806e-05,0.007309775,0.00017153897
2023-04-24,1.9453496e-06,0.09008158,0.89963436,0.98971593,0.98971593,5.070797e-05,0.007120953,0.00018916152
2023-04-25,2.118022e-06,0.096957125,0.89236236,0.9893195,0.9893195,4.7630176e-05,0.0069014616,0.00019830743
2023-04-26,1.3716294e-06,0.067100935,0.9239407,0.99104166,0.99104166,7.002463e-05,0.008368072,0.000153112
2023-04-27,1.729234e-06,0.077851355,0.9125022,0.9903536,0.9903536,6.7387096e-05,0.008208964,0.00017926181
2023-04-28,1.1686376e-06,0.10714439,0.8847876,0.99193203,0.99193203,9.2905364e-05,0.009638743,0.00014484911
2023-05-01,1.2089428e-06,0.098461226,0.89326113,0.99172235,0.99172235,9.077546e-05,0.009527615,0.00014604894
2023-05-02,1.3904347e-06,0.106010884,0.885151,0.99116194,0.99116194,8.243589e-05,0.009079421,0.00015732356
2023-05-03,1.2317496e-06,0.06937764,0.9222245,0.9916022,0.9916022,8.834998e-05,0.009399467,0.00014667497
2023-05-04,1.2522306e-06,0.07671736,0.91489536,0.99161273,0.99161273,8.6181106e-05,0.009283378,0.00014930138
2023-05-05,1.3888964e-06,0.069028564,0.92207545,0.991104,0.991104,8.417997e-05,0.009174964,0.00015612606
2023-05-08,1.181832e-06,0.10377295,0.88814884,0.9919218,0.9919218,0.000101768564,0.0100880405,0.00014629861
2023-05-09,1.4877656e-06,0.11509907,0.87588966,0.99098873,0.99098873,9.156815e-05,0.009569125,0.00016510057
2023-05-10,1.5052026e-06,0.08833365,0.90244937,0.99078304,0.99078304,8.410611e-05,0.009170938,0.00016330785
2023-05-11,1.3809598e-06,0.07553685,0.915658,0.99119484,0.99119484,7.9176505e-05,0.0088981185,0.00015683536
2023-05-12,1.3908223e-06,0.10676074,0.8843496,0.9911103,0.9911103,7.416119e-05,0.008611689,0.00015645367
2023-05-15,1.82883e-06,0.08686856,0.90318066,0.99004924,0.99004924,6.721434e-05,0.008198435,0.00018378803
2023-05-16,1.7830066e-06,0.10837395,0.8817571,0.990131,0.990131,6.3458014e-05,0.007966054,0.00018066778
2023-05-17,1.7058959e-06,0.077899165,0.9123673,0.99026644,0.99026644,6.288304e-05,0.007929883,0.00017525924
2023-05-18,1.4151223e-06,0.08430167,0.9067907,0.9910923,0.9910923,7.0073474e-05,0.00837099,0.00015886548
2023-05-19,1.2477869e-06,0.0945374,0.89703834,0.9915757,0.9915757,7.240871e-05,0.00850933,0.00014811789
2023-05-22,1.3326938e-06,0.08680583,0.9044749,0.99128073,0.99128073,6.645593e-05,0.008152051,0.00015284473
2023-05-23,1.422043e-06,0.12313417,0.8679241,0.9910583,0.9910583,6.144464e-05,0.007838663,0.0001590348
2023-05-24,1.2564927e-06,0.06793122,0.92347074,0.991402,0.991402,7.095573e-05,0.008423522,0.00014613729
2023-05-25,1.3948013e-06,0.07019859,0.92088103,0.9910796,0.9910796,7.0559036e-05,0.008399943,0.00015636135
2023-05-26,1.4294534e-06,0.08613268,0.904934,0.9910667,0.9910667,7.1368486e-05,0.008447987,0.00016001394
2023-05-30,1.1716285e-06,0.09869651,0.8931282,0.99182475,0.99182475,7.98665e-05,0.008936806,0.00014331401
2023-05-31,1.3929002e-06,0.099866144,0.8912845,0.9911507,0.9911507,7.2506424e-05,0.00851507,0.0001574019
2023-06-01,1.3020797e-06,0.06948776,0.92180485,0.9912926,0.9912926,6.931403e-05,0.008325505,0.00014953707
2023-06-02,1.1860552e-06,0.11223468,0.87955153,0.9917862,0.99178624,7.116837e-05,0.008436135,0.00014439755
2023-06-05,1.090966e-06,0.11381844,0.87819636,0.99201477,0.99201477,8.632477e-05,0.009291112,0.00013662291
2023-06-06,1.4221615e-06,0.11080902,0.88022584,0.99103487,0.99103487,7.740468e-05,0.008797993,0.00015863248
2023-06-07,1.4522673e-06,0.10403687,0.886847,0.9908839,0.9908839,6.9994436e-05,0.008366268,0.00015930773
2023-06-08,1.4935526e-06,0.079288304,0.91147107,0.9907594,0.9907594,6.491198e-05,0.008056797,0.00016162892
2023-06-09,1.4660553e-06,0.11876137,0.87210715,0.9908685,0.9908685,6.336771e-05,0.007960384,0.00016054939
2023-06-12,1.8014819e-06,0.081828706,0.90819716,0.9900259,0.9900259,5.7036297e-05,0.0075522377,0.00018061558
2023-06-13,1.5037236e-06,0.109782495,0.8809841,0.99076664,0.99076664,6.000429e-05,0.007746244,0.00016285776
2023-06-14,1.4173016e-06,0.09201532,0.8989213,0.99093664,0.99093664,5.8843456e-05,0.0076709487,0.000156377
2023-06-15,1.5352337e-06,0.096549265,0.8942086,0.9907579,0.9907579,5.4405828e-05,0.0073760306,0.00016611276
2023-06-16,1.2466455e-06,0.10515181,0.88647807,0.9916299,0.9916299,6.440553e-05,0.008025305,0.00014894031
2023-06-20,1.2667077e-06,0.07975566,0.9116199,0.99137557,0.99137557,6.39522e-05,0.007997012,0.0001468743
2023-06-21,1.3726722e-06,0.09669955,0.8944486,0.9911481,0.9911481,6.1881365e-05,0.007866471,0.00015507116
2023-06-22,1.5684471e-06,0.07628815,0.9143725,0.99066067,0.99066067,5.946156e-05,0.007711132,0.00016793996
2023-06-23,1.556278e-06,0.09432536,0.89640385,0.9907292,0.9907292,5.682962e-05,0.007538542,0.00016786902
2023-06-26,1.433067e-06,0.0683673,0.9224553,0.9908226,0.9908226,5.8199308e-05,0.007628847,0.00015615197
2023-06-27,1.7614115e-06,0.08369524,0.9064999,0.99019516,0.99019516,5.6371427e-05,0.0075080907,0.00017964705
2023-06-28,1.4362003e-06,0.09890379,0.89209074,0.9909945,0.9909945,6.247709e-05,0.0079042455,0.00015948058
2023-06-29,1.674445e-06,0.091523945,0.89883727,0.9903612,0.9903612,5.7181493e-05,0.0075618443,0.00017371948
2023-06-30,1.6433997e-06,0.09903381,0.89142007,0.9904539,0.9904539,5.4357133e-05,0.007372729,0.00017215403
2023-07-03,1.2959431e-06,0.0917244,0.8995612,0.9912856,0.9912856,6.3301195e-05,0.007956205,0.00014871321
2023-07-05,1.5124882e-06,0.17203388,0.81861293,0.99064684,0.99064684,5.8324567e-05,0.0076370523,0.00016170878
2023-07-06,1.8008869e-06,0.081072524,0.9087743,0.9898468,0.9898468,4.9739647e-05,0.007052634,0.00017737181
2023-07-07,1.520338e-06,0.07155632,0.91904414,0.99060047,0.99060047,5.2252628e-05,0.007228598,0.00016174611
2023-07-10,1.6677676e-06,0.0797557,0.9106299,0.99038565,0.99038565,5.0069608e-05,0.007075988,0.00017346653
2023-07-11,1.8817302e-06,0.105136804,0.8847636,0.9899004,0.9899004,4.7700298e-05,0.00690654,0.00018631748
2023-07-12,1.751967e-06,0.093095236,0.8970889,0.9901841,0.9901841,4.8078506e-05,0.0069338665,0.00017848308
2023-07-13,1.5456293e-06,0.08303143,0.9076295,0.9906609,0.9906609,5.058779e-05,0.0071125096,0.00016550098
2023-07-14,1.4720385e-06,0.1171424,0.8737059,0.9908483,0.9908483,5.240934e-05,0.0072394297,0.0001608487
2023-07-17,1.6750064e-06,0.10199979,0.88833964,0.9903394,0.9903394,4.733895e-05,0.0068803304,0.00017338531
2023-07-18,1.6547541e-06,0.122088484,0.8682632,0.9903517,0.9903517,4.4825963e-05,0.0066952193,0.00017150691
2023-07-19,1.5200145e-06,0.09053183,0.90019935,0.9907312,0.9907312,4.6935747e-05,0.0068509667,0.00016399223
2023-07-20,1.7067487e-06,0.11062808,0.8796692,0.99029726,0.99029726,4.4146786e-05,0.006644305,0.00017590374
2023-07-21,1.7239711e-06,0.077526525,0.91264766,0.9901742,0.9901742,4.572013e-05,0.0067616664,0.00017545305
2023-07-24,1.857625e-06,0.09301527,0.8969393,0.98995453,0.98995453,4.345301e-05,0.0065918895,0.00018492168
2023-07-25,1.801381e-06,0.11460046,0.87544245,0.9900429,0.9900429,4.252982e-05,0.006521489,0.00018091468
2023-07-26,1.9552112e-06,0.097471245,0.89219874,0.98967,0.98967,3.9773695e-05,0.006306639,0.00018927465
2023-07-27,2.0425196e-06,0.08354447,0.90597355,0.98951805,0.98951805,3.744135e-05,0.0061189337,0.00019486058
2023-07-28,1.668229e-06,0.07364794,0.9167102,0.9903581,0.9903581,3.9869155e-05,0.0063142027,0.00017301895
2023-07-31,1.617506e-06,0.10459543,0.88606983,0.99066526,0.99066526,4.494386e-05,0.006704018,0.00017327804
2023-08-01,1.8174228e-06,0.10649452,0.88361377,0.9901083,0.9901083,4.17492e-05,0.0064613624,0.0001837323
2023-08-02,1.8542843e-06,0.09276681,0.8971968,0.98996365,0.98996365,3.969895e-05,0.00630071,0.00018475685
2023-08-03,1.3531645e-06,0.066953234,0.9241521,0.9911053,0.9911053,5.61614e-05,0.007494091,0.00015213186
2023-08-04,1.6746181e-06,0.09594056,0.8945296,0.9904702,0.9904702,5.3879867e-05,0.0073402906,0.00017572384
2023-08-07,1.5067292e-06,0.07024806,0.9204808,0.99072886,0.99072886,5.2007723e-05,0.007211638,0.00016251813
2023-08-08,1.6088476e-06,0.11414483,0.8764844,0.9906292,0.9906292,5.4460543e-05,0.0073797386,0.00017168725
2023-08-09,1.5697092e-06,0.07250529,0.91813356,0.99063885,0.99063885,5.1699055e-05,0.0071902056,0.0001676834
2023-08-10,1.5584042e-06,0.071685135,0.9189026,0.9905877,0.9905877,5.2481402e-05,0.007244405,0.00016557123
2023-08-11,1.7142503e-06,0.07707977,0.91343254,0.9905123,0.9905123,4.9785856e-05,0.0070559094,0.00018068156
2023-08-14,1.8086237e-06,0.09705919,0.89318883,0.990248,0.990248,4.7235815e-05,0.006872832,0.00018546228
2023-08-15,1.9091563e-06,0.11190605,0.8780156,0.9899216,0.9899216,4.6745547e-05,0.0068370714,0.00018943104
2023-08-16,1.4381717e-06,0.06875902,0.92214626,0.9909053,0.9909053,5.880651e-05,0.0076685403,0.00015813268
2023-08-17,1.5090903e-06,0.07115761,0.9196186,0.99077624,0.99077624,5.958645e-05,0.007719226,0.00016360903
2023-08-18,1.4082135e-06,0.06899806,0.9220331,0.9910311,0.9910311,6.0673465e-05,0.0077893175,0.0001570109
2023-08-21,1.6149162e-06,0.07599494,0.9147645,0.9907595,0.9907595,5.7357192e-05,0.0075734532,0.00017476486
2023-08-22,1.6257765e-06,0.09569466,0.89503264,0.9907273,0.9907273,5.7099307e-05,0.007556408,0.00017532945
2023-08-23,1.7471109e-06,0.07995205,0.9104395,0.99039155,0.99039155,5.3535026e-05,0.0073167635,0.00018183072
2023-08-24,1.4756005e-06,0.09596421,0.8950099,0.99097407,0.99097407,5.9970564e-05,0.0077440664,0.00016348457
2023-08-25,1.2818657e-06,0.0664371,0.9250228,0.9914599,0.9914599,7.434069e-05,0.008622105,0.00015009972
2023-08-28,1.2735238e-06,0.08006332,0.9116149,0.99167824,0.99167824,7.31567e-05,0.008553169,0.00015303536
2023-08-29,1.3272489e-06,0.112814575,0.8785379,0.99135244,0.99135244,7.0978625e-05,0.008424881,0.00015348246
2023-08-30,1.1364349e-06,0.0940841,0.89799047,0.99207455,0.99207455,8.632346e-05,0.009291042,0.00014339057
2023-08-31,1.2829873e-06,0.09987046,0.89160323,0.9914737,0.9914737,8.010348e-05,0.008950055,0.00015047366
2023-09-01,1.4172938e-06,0.09902207,0.8920123,0.9910344,0.9910344,7.297535e-05,0.008542561,0.00015808111
2023-09-05,1.5333812e-06,0.107282475,0.8834377,0.99072015,0.99072015,6.679104e-05,0.008172579,0.00016523777
2023-09-06,1.534656e-06,0.09212789,0.8985139,0.9906418,0.99064183,6.2727726e-05,0.007920084,0.00016399003
2023-09-07,1.5880369e-06,0.07179755,0.9186798,0.9904773,0.9904773,6.232151e-05,0.007894398,0.00016676371
2023-09-08,1.8193613e-06,0.078257486,0.9117847,0.9900422,0.9900422,5.9604743e-05,0.007720411,0.00018270733
2023-09-11,1.8779876e-06,0.09387583,0.89607394,0.98994976,0.98994976,5.6302317e-05,0.007503487,0.00018686004
2023-09-12,1.7408087e-06,0.09484089,0.89535016,0.99019104,0.99019104,5.613787e-05,0.007492521,0.00017747132
2023-09-13,1.6315291e-06,0.073964305,0.91647804,0.99044234,0.99044234,5.507024e-05,0.0074209324,0.00017070374
2023-09-14,1.782738e-06,0.09951535,0.89058924,0.99010456,0.99010456,5.2173218e-05,0.007223103,0.00018015745
2023-09-15,1.4927919e-06,0.08735597,0.9034274,0.9907834,0.9907834,5.5269476e-05,0.0074343444,0.00016196762
2023-09-18,1.2290466e-06,0.06517846,0.9262205,0.99139893,0.99139893,7.330967e-05,0.008562107,0.00014289463
2023-09-19,1.5648752e-06,0.1207853,0.8699404,0.9907257,0.9907257,6.9140435e-05,0.008315072,0.00016873237
2023-09-20,1.6611075e-06,0.078334466,0.9120658,0.99040025,0.99040025,6.233061e-05,0.007894974,0.00017303662
2023-09-21,1.3387901e-06,0.06701069,0.92413026,0.99114096,0.99114096,6.5463675e-05,0.008090963,0.00015112138
2023-09-22,1.2310118e-06,0.06350214,0.92800635,0.9915085,0.9915085,8.086583e-05,0.008992543,0.00014496961
2023-09-25,1.508763e-06,0.07303126,0.91784495,0.9908762,0.9908762,7.665199e-05,0.008755112,0.0001653656
2023-09-26,1.5583544e-06,0.093074545,0.8977901,0.99086463,0.99086463,7.3038325e-05,0.008546246,0.00017058478
2023-09-27,1.2298843e-06,0.064021215,0.92754954,0.9915708,0.9915708,8.803316e-05,0.009382599,0.00014590709
2023-09-28,1.475176e-06,0.073337846,0.91772383,0.9910617,0.9910617,8.288792e-05,0.009104281,0.00016503964
2023-09-29,1.4737888e-06,0.08697569,0.9041466,0.9911223,0.9911223,7.9839425e-05,0.008935291,0.0001660103
2023-10-02,1.4306642e-06,0.07140891,0.9197779,0.99118686,0.99118686,7.425521e-05,0.008617146,0.00016233303
2023-10-03,1.6290575e-06,0.08926946,0.9015345,0.99080396,0.99080396,6.975325e-05,0.008351841,0.00017714765
2023-10-04,1.3155433e-06,0.06717334,0.92418784,0.9913612,0.9913612,8.1175865e-05,0.009009765,0.00015228312
2023-10-05,1.4271344e-06,0.08851748,0.9027578,0.9912753,0.9912753,7.969512e-05,0.008927212,0.00016357424
2023-10-06,1.623114e-06,0.089960955,0.9008206,0.99078155,0.99078155,7.3400515e-05,0.0085674105,0.00017607225
2023-10-09,1.2952102e-06,0.07925882,0.91265124,0.99191004,0.99191004,7.9885474e-05,0.008937867,0.00016010094
2023-10-10,1.308227e-06,0.099648006,0.89199156,0.99163955,0.99163955,7.724595e-05,0.0087889675,0.00015647814
2023-10-11,1.3316056e-06,0.09608302,0.8953623,0.99144536,0.99144536,7.270809e-05,0.008526904,0.00015565893
2023-10-12,1.4304278e-06,0.10867704,0.88244164,0.99111867,0.99111867,6.789501e-05,0.008239843,0.00016106007
2023-10-13,1.3869815e-06,0.07123418,0.92002445,0.9912586,0.9912586,6.565789e-05,0.008102956,0.0001586685
2023-10-16,1.4242424e-06,0.07082343,0.9203115,0.99113494,0.99113494,6.370428e-05,0.007981496,0.00016065799
2023-10-17,1.2962009e-06,0.10363823,0.8877734,0.9914116,0.9914116,6.753813e-05,0.008218159,0.00015092507
2023-10-18,1.5923e-06,0.08430671,0.90645134,0.99075806,0.99075806,6.12603e-05,0.007826896,0.00017229069
2023-10-19,1.2315766e-06,0.06425005,0.92721754,0.9914676,0.9914676,7.271525e-05,0.008527324,0.00014434109
2023-10-20,1.2368179e-06,0.066086054,0.92548704,0.9915731,0.9915731,7.3870986e-05,0.008594823,0.00014677012
2023-10-23,1.170108e-06,0.063221596,0.928549,0.99177057,0.99177057,8.001144e-05,0.008944912,0.00014218572
2023-10-24,1.5575712e-06,0.0769994,0.9139462,0.99094564,0.99094564,7.569774e-05,0.008700444,0.00017202439
2023-10-25,1.4429708e-06,0.07986241,0.9113878,0.9912502,0.9912502,7.48735e-05,0.008652947,0.00016491504
2023-10-26,1.1854527e-06,0.06274009,0.9289172,0.9916573,0.9916573,8.680232e-05,0.009316776,0.0001420949
2023-10-27,1.1894783e-06,0.06327897,0.92837167,0.99165064,0.99165064,9.1205344e-05,0.009550149,0.00014246342
2023-10-30,1.3173023e-06,0.06927157,0.9221325,0.99140406,0.99140406,8.7276756e-05,0.009342203,0.00015324698
2023-10-31,1.1737468e-06,0.08947572,0.90239286,0.9918686,0.9918686,9.127979e-05,0.009554046,0.00014434771
2023-11-01,1.2783122e-06,0.0812919,0.9102646,0.9915565,0.9915565,8.684639e-05,0.0093191415,0.00015139647
2023-11-02,1.1066223e-06,0.08604465,0.90592057,0.99196523,0.99196523,8.916275e-05,0.009442603,0.00013772926
2023-11-03,9.208745e-07,0.124776326,0.86758584,0.99236214,0.99236214,0.000112284964,0.01059646,0.000120567114
2023-11-06,9.872788e-07,0.11397255,0.87821466,0.9921872,0.9921872,0.00010821377,0.010402584,0.00012636687
2023-11-07,1.1082545e-06,0.13072449,0.86112696,0.99185145,0.99185145,9.65308e-05,0.009825009,0.00013600633
2023-11-08,1.1793328e-06,0.11763898,0.8739896,0.9916286,0.9916286,8.515612e-05,0.009228007,0.0001408762
2023-11-09,1.3159375e-06,0.113125466,0.8781189,0.9912443,0.9912443,7.5640055e-05,0.008697129,0.00015029524
2023-11-10,1.403226e-06,0.069446445,0.9215366,0.99098307,0.99098307,7.500358e-05,0.008660461,0.00015562124
2023-11-13,1.1124016e-06,0.10679285,0.8851254,0.99191827,0.99191827,8.677617e-05,0.009315372,0.00013764392
2023-11-14,1.3571217e-06,0.12395046,0.86724037,0.99119085,0.99119085,7.805875e-05,0.008835087,0.0001540582
2023-11-15,1.0304858e-06,0.10207058,0.8900418,0.9921124,0.9921124,0.000113938186,0.010674183,0.00013064628
2023-11-16,1.1372001e-06,0.11499696,0.8767986,0.9917956,0.9917956,0.00010282021,0.01014003,0.00013860855
2023-11-17,1.1711979e-06,0.1210585,0.8706089,0.99166745,0.99166745,9.141349e-05,0.00956104,0.00014055695
2023-11-20,1.3629272e-06,0.09907667,0.89198524,0.9910619,0.9910619,8.0892016e-05,0.008993999,0.00015248555
2023-11-21,1.1738913e-06,0.123780884,0.86780894,0.99158984,0.99158984,7.906484e-05,0.008891841,0.00013958021
2023-11-22,1.7050793e-06,0.12161497,0.86857146,0.99018645,0.99018645,7.048068e-05,0.008395277,0.0001737475
2023-11-24,1.7240092e-06,0.101964764,0.8881677,0.99013245,0.99013245,6.455882e-05,0.0080348505,0.00017471504
2023-11-27,1.7803765e-06,0.1542692,0.83567387,0.9899431,0.9899431,5.9081904e-05,0.0076864753,0.00017703012
2023-11-28,1.951881e-06,0.08528959,0.9042071,0.9894967,0.9894967,5.176326e-05,0.007194669,0.00018583516
2023-11-29,2.005892e-06,0.0927616,0.8966513,0.9894129,0.9894129,4.881175e-05,0.0069865407,0.00018946573
2023-11-30,2.0321565e-06,0.09905523,0.8903723,0.9894275,0.9894275,4.5846336e-05,0.006770992,0.00019221166
2023-12-01,1.9609952e-06,0.08898839,0.9006102,0.9895986,0.98959863,4.424122e-05,0.0066514076,0.00018853134
2023-12-04,1.7709191e-06,0.09411421,0.8959973,0.9901115,0.9901115,4.4709588e-05,0.006686523,0.00017908821
2023-12-05,1.7688465e-06,0.09225435,0.89785224,0.9901066,0.9901066,4.4624612e-05,0.0066801654,0.00017879024
2023-12-06,1.9170905e-06,0.09358434,0.89623076,0.9898151,0.9898151,4.1848652e-05,0.006469053,0.000188229
2023-12-07,1.9053073e-06,0.08236571,0.9074917,0.9898574,0.9898574,4.1092346e-05,0.006410331,0.0001878515
2023-12-08,1.7703644e-06,0.099483766,0.89068526,0.99016905,0.99016905,4.372619e-05,0.0066125784,0.00018008068
2023-12-11,1.8219328e-06,0.08345176,0.9066084,0.99006015,0.99006015,4.239267e-05,0.006510965,0.00018329581
2023-12-12,1.7789466e-06,0.11133819,0.8787776,0.9901158,0.9901158,4.1395855e-05,0.006433961,0.00017997921
2023-12-13,1.7536299e-06,0.09940308,0.89076746,0.99017054,0.99017054,4.028431e-05,0.006346992,0.00017840549
2023-12-14,1.4319161e-06,0.10319191,0.8878933,0.99108523,0.99108523,5.5781995e-05,0.0074687344,0.0001606229
2023-12-15,1.5420292e-06,0.09050405,0.9002454,0.9907495,0.9907495,5.1900806e-05,0.0072042216,0.00016669645
2023-12-18,1.424235e-06,0.07582699,0.9151243,0.9909513,0.9909513,5.1394054e-05,0.0071689645,0.00015739664
2023-12-19,1.487352e-06,0.13044144,0.8604686,0.99091005,0.99091005,5.0686922e-05,0.007119475,0.00016362604
2023-12-20,1.5764349e-06,0.115686476,0.8749061,0.9905926,0.9905926,4.9607304e-05,0.0070432452,0.0001675739
2023-12-21,1.336225e-06,0.06691431,0.92428464,0.99119896,0.99119896,6.810709e-05,0.008252702,0.00015182575
2023-12-22,1.4019575e-06,0.09889536,0.89233875,0.9912341,0.9912341,7.0014205e-05,0.008367449,0.00015993354
2023-12-26,1.5694447e-06,0.10489148,0.88582796,0.99071944,0.99071944,6.4206746e-05,0.008012911,0.00016911095
2023-12-27,1.5725107e-06,0.10549833,0.88513535,0.99063367,0.99063367,6.014762e-05,0.0077554896,0.00016788967
2023-12-28,1.7395431e-06,0.08552515,0.9046999,0.9902251,0.9902251,5.5088527e-05,0.0074221645,0.00017795977
2023-12-29,1.8318887e-06,0.093591,0.8963329,0.9899239,0.9899239,5.158129e-05,0.0071820114,0.00018180523
2024-01-02,1.6439398e-06,0.073404364,0.91692466,0.990329,0.990329,4.895637e-05,0.006996883,0.000169987
2024-01-03,1.5516977e-06,0.07160849,0.9189497,0.9905582,0.9905582,4.9000413e-05,0.0070000296,0.00016434354
2024-01-04,1.5775302e-06,0.07202173,0.91849583,0.99051756,0.99051756,5.1616018e-05,0.0071844286,0.00016636326
2024-01-05,1.8280977e-06,0.0802786,0.9097906,0.99006915,0.99006915,4.9824925e-05,0.0070586773,0.00018408272
2024-01-08,1.8741868e-06,0.07962555,0.9103718,0.9899973,0.9899973,4.7270754e-05,0.006875373,0.0001873686
2024-01-09,1.3893282e-06,0.109145805,0.8820932,0.991239,0.991239,6.0491555e-05,0.0077776317,0.00015858121
2024-01-10,1.598244e-06,0.094196506,0.89635295,0.99054945,0.99054945,5.506529e-05,0.007420599,0.00016911642
2024-01-11,1.5767978e-06,0.10150754,0.8891272,0.99063474,0.99063474,5.375826e-05,0.0073320023,0.00016836668
2024-01-12,1.6625577e-06,0.0910599,0.8994275,0.9904874,0.9904874,4.9414524e-05,0.0070295464,0.0001747742
2024-01-16,1.6511044e-06,0.11442212,0.8760238,0.990446,0.990446,4.6130754e-05,0.0067919623,0.00017281761
2024-01-17,1.6732859e-06,0.07340692,0.9168969,0.9903038,0.9903038,4.3770575e-05,0.0066159335,0.00017257156
2024-01-18,1.8200324e-06,0.0854643,0.9045812,0.9900455,0.9900455,4.42415e-05,0.0066514285,0.00018283492
2024-01-19,1.6529468e-06,0.08080826,0.9097072,0.9905155,0.9905155,4.8261503e-05,0.00694705,0.0001742782
2024-01-22,1.3200923e-06,0.091030076,0.90039355,0.9914236,0.9914236,5.759159e-05,0.0075889123,0.00015392162
2024-01-23,1.4748521e-06,0.11000143,0.8809287,0.99093014,0.99093014,5.351311e-05,0.0073152655,0.00016261023
2024-01-24,1.5113965e-06,0.1231584,0.8675438,0.9907022,0.9907022,4.943402e-05,0.007030933,0.00016255441
2024-01-25,1.7254151e-06,0.08498795,0.90525824,0.9902462,0.9902462,4.4498927e-05,0.0066707516,0.00017689628
2024-01-26,1.6629009e-06,0.10782016,0.88261104,0.9904312,0.9904312,4.4340894e-05,0.006658896,0.00017378345
2024-01-29,1.9622607e-06,0.08768183,0.90199286,0.9896747,0.9896747,4.1027422e-05,0.006405265,0.0001900437
2024-01-30,1.7463909e-06,0.116029836,0.8741599,0.99018973,0.99018973,4.4171127e-05,0.0066461363,0.00017801662
2024-01-31,1.8869218e-06,0.09799845,0.89180744,0.9898059,0.9898059,4.0465762e-05,0.0063612703,0.000185099
2024-02-01,1.2832896e-06,0.066004865,0.9253008,0.99130565,0.99130565,6.510057e-05,0.008068493,0.0001476004
2024-02-02,1.2318228e-06,0.11135559,0.8803454,0.991701,0.991701,7.236531e-05,0.0085067805,0.0001484304
2024-02-05,1.1796461e-06,0.09667081,0.89517665,0.99184746,0.99184746,7.67221e-05,0.008759115,0.00014469668
2024-02-06,1.3991614e-06,0.09325503,0.8978867,0.99114174,0.99114174,7.1279916e-05,0.008442744,0.00015794985
2024-02-07,1.4097755e-06,0.110037915,0.88102,0.99105793,0.99105793,6.6087196e-05,0.008129403,0.00015765654
2024-02-08,1.3801018e-06,0.10286185,0.88819885,0.99106073,0.99106073,6.688996e-05,0.008178628,0.00015438648
2024-02-09,1.6979487e-06,0.11931613,0.87096536,0.99028146,0.99028146,6.0798437e-05,0.0077973353,0.00017471238
2024-02-12,1.7452409e-06,0.09665066,0.89346,0.99011064,0.99011064,5.8362886e-05,0.0076395604,0.00017647655
2024-02-13,1.8414312e-06,0.10959546,0.88031185,0.9899073,0.9899073,5.392783e-05,0.007343557,0.00018245223
2024-02-14,1.3074822e-06,0.066991426,0.92422324,0.9912147,0.9912147,7.096202e-05,0.008423896,0.000148826
2024-02-15,1.3848654e-06,0.12220397,0.8689345,0.99113846,0.99113846,7.2152456e-05,0.00849426,0.00015627815
2024-02-16,1.4445125e-06,0.10737231,0.8835726,0.99094486,0.99094486,6.955105e-05,0.008339727,0.00015952408
2024-02-20,1.5254714e-06,0.07459755,0.9160765,0.990674,0.990674,6.577654e-05,0.008110274,0.00016357221
2024-02-21,1.4734295e-06,0.07845684,0.9124211,0.9908779,0.9908779,6.4210595e-05,0.008013152,0.00016152352
2024-02-22,1.6761895e-06,0.105943054,0.8844639,0.99040693,0.990407,6.0101207e-05,0.0077524967,0.00017472921
2024-02-23,1.1276093e-06,0.11817433,0.8736461,0.9918204,0.9918204,9.848671e-05,0.009924047,0.0001378562
2024-02-26,1.46163e-06,0.11279126,0.8781274,0.99091864,0.99091864,8.720016e-05,0.009338102,0.00016094829
2024-02-27,1.4802943e-06,0.107442155,0.8833542,0.9907963,0.9907963,7.971037e-05,0.008928066,0.00016083734
2024-02-28,1.4989142e-06,0.11263122,0.8780702,0.9907014,0.9907014,7.2192655e-05,0.008496626,0.00016119744
2024-02-29,1.5549673e-06,0.099982716,0.8905992,0.9905819,0.9905819,6.5145236e-05,0.00807126,0.00016510466
2024-03-01,1.8080293e-06,0.08156772,0.90845364,0.99002135,0.99002135,6.073117e-05,0.0077930205,0.00018118974
2024-03-04,1.4836812e-06,0.10875306,0.8820589,0.990812,0.990812,6.382209e-05,0.007988873,0.00016148039
2024-03-05,1.7508152e-06,0.124915406,0.8651958,0.99011123,0.99011123,5.7950736e-05,0.007612538,0.00017705088
2024-03-06,1.4539321e-06,0.06916248,0.92166615,0.99082863,0.99082863,6.4961816e-05,0.008059889,0.0001585295
2024-03-07,1.5875925e-06,0.09995645,0.8906783,0.99063474,0.99063474,6.296672e-05,0.007935157,0.0001695193
2024-03-08,1.4307316e-06,0.115544066,0.87547076,0.99101484,0.99101484,6.706025e-05,0.008189033,0.0001592327
2024-03-11,1.459028e-06,0.06968945,0.9211725,0.99086195,0.99086195,6.4589694e-05,0.008036772,0.00015966517
2024-03-12,1.6118944e-06,0.10206776,0.8885665,0.99063426,0.99063426,6.103347e-05,0.007812392,0.00017210544
2024-03-13,1.3536479e-06,0.10032989,0.89093816,0.99126804,0.99126804,6.712833e-05,0.008193187,0.00015502221
2024-03-14,1.5742025e-06,0.108517565,0.8821316,0.99064916,0.99064916,6.146955e-05,0.0078402525,0.00016834885
2024-03-15,1.5064551e-06,0.070821956,0.9199595,0.9907814,0.9907814,5.6306675e-05,0.0075037773,0.0001634152
2024-03-18,1.4043087e-06,0.06858948,0.9223746,0.99096406,0.99096406,6.0642764e-05,0.0077873464,0.0001554136
2024-03-19,1.4577995e-06,0.098211356,0.89278764,0.990999,0.990999,5.9599646e-05,0.0077200807,0.00016195943
2024-03-20,1.5788927e-06,0.111509964,0.87911147,0.99062145,0.99062145,5.7485373e-05,0.007581911,0.00016835143
2024-03-21,1.4963827e-06,0.09670764,0.8941482,0.9908558,0.9908558,6.119024e-05,0.0078224195,0.00016364305
2024-03-22,1.5655675e-06,0.10882146,0.88180983,0.9906313,0.9906313,5.7147216e-05,0.007559578,0.00016710584
2024-03-25,1.6485724e-06,0.087510765,0.90282035,0.9903311,0.9903311,5.243071e-05,0.0072409054,0.00017050281
2024-03-26,1.732967e-06,0.1186846,0.8714724,0.990157,0.990157,4.9746697e-05,0.007053134,0.000176061
2024-03-27,1.821448e-06,0.080017194,0.90993416,0.9899514,0.9899514,4.557691e-05,0.0067510675,0.00018126336
2024-03-28,1.6918134e-06,0.08775056,0.902544,0.9902946,0.9902946,4.865191e-05,0.006975092,0.00017431627
2024-04-01,1.799806e-06,0.08225943,0.9077775,0.9900369,0.9900369,4.5614743e-05,0.006753869,0.00018064727
2024-04-02,1.8020461e-06,0.10931105,0.88073057,0.9900416,0.9900416,4.3513202e-05,0.006596454,0.00018095764
2024-04-03,1.6371158e-06,0.07292311,0.9174204,0.9903435,0.9903435,4.483495e-05,0.0066958903,0.00016953531
2024-04-04,1.8576405e-06,0.104623534,0.88533264,0.9899562,0.9899562,4.2830336e-05,0.006544489,0.00018495395
2024-04-05,1.4137503e-06,0.06828547,0.92270124,0.9909867,0.9909867,5.60369e-05,0.00748578,0.00015685166
2024-04-08,1.5073814e-06,0.101430275,0.8896088,0.9910391,0.9910391,6.0233666e-05,0.007761035,0.00016821758
2024-04-09,1.7234493e-06,0.11106877,0.8793183,0.9903871,0.9903871,5.5105953e-05,0.0074233385,0.00017928472
2024-04-10,1.7363984e-06,0.07788753,0.91255563,0.99044317,0.99044317,5.028378e-05,0.0070911054,0.00018169188
2024-04-11,1.3836224e-06,0.068174675,0.92288303,0.9910577,0.9910577,5.580458e-05,0.0074702464,0.00015472769
2024-04-12,1.5185253e-06,0.10378584,0.88715374,0.99093956,0.9909396,5.6550824e-05,0.0075200284,0.00016759947
2024-04-15,1.3223304e-06,0.06650819,0.92469054,0.9911987,0.9911987,7.2276474e-05,0.008501558,0.00015024294
2024-04-16,1.2920701e-06,0.06790022,0.9236536,0.99155384,0.99155384,7.903991e-05,0.00889044,0.00015297729
2024-04-17,1.5377375e-06,0.07845893,0.9125796,0.9910385,0.9910385,7.457213e-05,0.008635516,0.00017159378
2024-04-18,1.4251112e-06,0.070758075,0.9203764,0.99113446,0.9911345,7.253054e-05,0.008516487,0.00016074734
2024-04-19,1.6222315e-06,0.07539928,0.9153308,0.9907301,0.9907301,6.853722e-05,0.008278721,0.00017500002
2024-04-22,1.3868863e-06,0.06838589,0.9227055,0.9910914,0.9910914,7.039891e-05,0.008390406,0.00015567898
2024-04-23,1.4983634e-06,0.10382865,0.8871906,0.99101925,0.99101925,7.186098e-05,0.008477085,0.00016684167
2024-04-24,1.312538e-06,0.09682589,0.89465976,0.99148566,0.99148566,7.925135e-05,0.0089023225,0.00015415608
2024-04-25,1.5254177e-06,0.09741719,0.8934494,0.9908666,0.9908666,7.225773e-05,0.008500455,0.00016701534
2024-04-26,1.4985235e-06,0.07398614,0.91696215,0.99094826,0.9909483,6.7636145e-05,0.008224119,0.00016555087
2024-04-29,1.2880643e-06,0.10778299,0.8836031,0.9913861,0.99138606,6.9840426e-05,0.008357058,0.0001495335
2024-04-30,1.481102e-06,0.11852478,0.8722932,0.99081796,0.99081796,6.420875e-05,0.008013036,0.00016130431
2024-05-01,1.2438056e-06,0.06398337,0.92758125,0.99156463,0.99156463,8.841712e-05,0.009403038,0.00014745125
2024-05-02,1.4073291e-06,0.07343196,0.91779375,0.9912257,0.9912257,8.401407e-05,0.009165919,0.00016039253
2024-05-03,1.2570001e-06,0.1031137,0.8884336,0.9915473,0.9915473,8.46287e-05,0.0091993855,0.00014870966
2024-05-06,1.1482422e-06,0.09089591,0.90091133,0.9918072,0.9918072,9.162515e-05,0.009572103,0.00014015297
2024-05-07,1.15916e-06,0.12507865,0.86662114,0.99169976,0.9916998,9.2945505e-05,0.009640825,0.00013965371
2024-05-08,1.3937482e-06,0.10178669,0.8892212,0.99100786,0.99100786,8.181298e-05,0.009045052,0.00015499635
2024-05-09,1.4589577e-06,0.12494186,0.8658749,0.9908168,0.9908168,7.414438e-05,0.008610713,0.00015887199
2024-05-10,1.4590495e-06,0.11648901,0.874262,0.99075097,0.99075097,6.9521026e-05,0.008337927,0.0001577516
2024-05-13,1.7206793e-06,0.099524945,0.8906243,0.9901492,0.99014926,6.238007e-05,0.007898105,0.00017467406
2024-05-14,1.911218e-06,0.12710616,0.8625696,0.9896757,0.98967576,5.7278146e-05,0.0075682327,0.00018511844
2024-05-15,1.8324776e-06,0.08610769,0.90372324,0.9898309,0.9898309,5.3769734e-05,0.007332785,0.00018020076
2024-05-16,1.4710133e-06,0.117478535,0.87327,0.9907485,0.9907485,6.30775e-05,0.0079421345,0.0001590031
2024-05-17,1.713915e-06,0.11021753,0.87995374,0.99017125,0.99017125,5.7146808e-05,0.007559551,0.00017437778
2024-05-20,1.7680387e-06,0.09895571,0.8910799,0.9900356,0.9900356,5.217298e-05,0.007223087,0.00017743543
2024-05-21,1.7543406e-06,0.13617232,0.85387146,0.99004376,0.99004376,4.8350685e-05,0.0069534658,0.00017620513
2024-05-22,1.8765564e-06,0.12287402,0.86678624,0.98966026,0.98966026,4.373767e-05,0.006613446,0.00018148977
2024-05-23,2.0979312e-06,0.08268159,0.90656525,0.98924685,0.98924685,4.0945008e-05,0.0063988287,0.00019509914
2024-05-24,1.8123546e-06,0.07666802,0.9133273,0.9899953,0.9899953,4.388848e-05,0.0066248383,0.00018115033
2024-05-28,1.819889e-06,0.12110727,0.8688254,0.98993266,0.98993266,4.5046305e-05,0.0067116544,0.00018077152
2024-05-29,1.9926006e-06,0.11056927,0.8789735,0.9895427,0.9895427,4.0989158e-05,0.0064022774,0.00019054678
2024-05-30,1.8443528e-06,0.077277385,0.9126508,0.9899282,0.9899282,4.3772947e-05,0.006616113,0.00018312022
2024-05-31,1.8705546e-06,0.08027434,0.9096525,0.9899268,0.9899268,4.5410507e-05,0.0067387316,0.00018569644
2024-06-03,1.5956739e-06,0.07869586,0.91201484,0.9907107,0.99071074,4.951049e-05,0.0070363693,0.00017177503
2024-06-04,1.8135929e-06,0.1256721,0.86447406,0.99014616,0.99014616,4.6781173e-05,0.0068396763,0.00018404936
2024-06-05,1.9770864e-06,0.11575951,0.87392926,0.98968875,0.98968875,4.2363838e-05,0.006508751,0.0001917408
2024-06-06,1.7261649e-06,0.10048504,0.8898253,0.9903103,0.9903103,5.465636e-05,0.007392994,0.00017814452
2024-06-07,1.9320676e-06,0.1335686,0.8561441,0.98971266,0.98971266,5.036496e-05,0.0070968275,0.00018781013
2024-06-10,2.1608566e-06,0.08858083,0.90067,0.98925084,0.98925084,4.53142e-05,0.0067315823,0.0002010256
2024-06-11,2.0123239e-06,0.12080366,0.86866987,0.9894735,0.9894735,4.3718755e-05,0.006612016,0.00019116781
2024-06-12,2.0291322e-06,0.10929672,0.88016593,0.9894627,0.9894627,4.0584873e-05,0.006370626,0.00019256613
2024-06-13,1.9177155e-06,0.084462166,0.90525454,0.9897167,0.9897167,4.473517e-05,0.0066884356,0.0001864885
2024-06-14,1.9511174e-06,0.12193621,0.86771333,0.98964953,0.98964953,4.2696076e-05,0.0065342234,0.00018850528
2024-06-17,2.1030867e-06,0.11377848,0.8754875,0.989266,0.989266,3.902087e-05,0.0062466688,0.00019592719
2024-06-18,1.9149722e-06,0.0948825,0.8949687,0.9898512,0.9898512,4.3085132e-05,0.0065639266,0.0001886891
2024-06-20,1.882931e-06,0.122118235,0.86763436,0.9897526,0.9897526,4.099973e-05,0.006403103,0.00018374702
2024-06-21,1.8254466e-06,0.07663602,0.9133198,0.98995584,0.98995584,3.848671e-05,0.0062037655,0.00018174213
2024-06-24,1.8960529e-06,0.08591824,0.9039022,0.9898204,0.9898204,3.8703674e-05,0.006221228,0.00018626044
2024-06-25,1.9458146e-06,0.10512464,0.88460404,0.9897287,0.9897287,3.7897913e-05,0.006156128,0.0001894417
2024-06-26,2.0852083e-06,0.110499606,0.8788359,0.98933554,0.98933554,3.6877198e-05,0.00607266,0.00019552867
2024-06-27,2.3228329e-06,0.10088106,0.8879871,0.9888681,0.9888681,3.461882e-05,0.005883776,0.00020866487
2024-06-28,2.3083867e-06,0.11002402,0.87882173,0.98884577,0.98884577,3.3258766e-05,0.0057670414,0.0002069516
2024-07-01,1.748279e-06,0.07452008,0.9156414,0.99016154,0.99016154,3.3412005e-05,0.0057803118,0.00017769841
2024-07-02,2.023619e-06,0.1312488,0.8582436,0.98949236,0.9894924,3.2602446e-05,0.0057098554,0.00019258542
2024-07-03,2.1576923e-06,0.108241394,0.880973,0.98921436,0.98921436,3.5586934e-05,0.0059654787,0.00020005232
2024-07-05,2.1608223e-06,0.121430166,0.86772794,0.9891581,0.9891581,3.5479858e-05,0.005956497,0.00019930281
2024-07-08,2.10982e-06,0.09935195,0.8899743,0.98932624,0.98932624,3.670766e-05,0.0060586846,0.00019766414
2024-07-09,2.1597505e-06,0.118762836,0.8703531,0.98911595,0.98911595,3.4871766e-05,0.005905232,0.00019843268
2024-07-10,2.2120464e-06,0.12913713,0.8598057,0.98894286,0.98894286,3.258398e-05,0.0057082376,0.00020005596
2024-07-11,2.045829e-06,0.10561777,0.88375777,0.98937553,0.98937553,4.228158e-05,0.0065024286,0.00019255825
2024-07-12,1.7476217e-06,0.0762519,0.913834,0.9900859,0.9900859,4.767609e-05,0.0069047874,0.00017627639
2024-07-15,1.8418983e-06,0.10263676,0.887403,0.99003977,0.99003977,4.815514e-05,0.00693939,0.0001849252
2024-07-16,1.8770623e-06,0.11719886,0.87269425,0.98989314,0.98989314,4.5248053e-05,0.0067266673,0.00018572158
2024-07-17,1.7830527e-06,0.114760906,0.8752706,0.9900315,0.9900315,4.520905e-05,0.0067237676,0.00017886836
2024-07-18,1.4548883e-06,0.06894443,0.9218727,0.9908171,0.9908171,6.483959e-05,0.008052303,0.00015843502
2024-07-19,1.6372032e-06,0.07666847,0.91390085,0.99056935,0.99056935,6.553153e-05,0.008095155,0.00017360455
2024-07-22,1.5466455e-06,0.07169304,0.9189521,0.9906452,0.9906452,6.5122025e-05,0.008069822,0.00016533124
2024-07-23,1.510653e-06,0.116131924,0.874705,0.9908369,0.9908369,6.866318e-05,0.008286325,0.00016486298
2024-07-24,1.8167847e-06,0.09907391,0.89104134,0.9901152,0.9901152,6.192844e-05,0.0078694625,0.00018379626
2024-07-25,1.2453643e-06,0.06311823,0.928529,0.99164724,0.99164724,0.00010990403,0.010483513,0.0001490962
2024-07-26,1.4604803e-06,0.077791005,0.9133866,0.9911776,0.99117756,0.00010514138,0.010253847,0.00016554265
2024-07-29,1.2916606e-06,0.10090095,0.89060515,0.9915061,0.9915061,0.00010682603,0.010335668,0.0001520692
2024-07-30,1.5879541e-06,0.105919175,0.88486457,0.99078375,0.99078375,9.6447795e-05,0.0098207835,0.00017229939
2024-07-31,1.4650207e-06,0.07290101,0.91812754,0.99102855,0.99102855,8.9867004e-05,0.009479821,0.00016329804
2024-08-01,1.1852268e-06,0.101322435,0.8904044,0.9917268,0.9917268,0.000102493905,0.010123927,0.00014326126
2024-08-02,1.3214933e-06,0.07172299,0.91997886,0.99170184,0.99170184,0.00011359548,0.010658118,0.00015925139
2024-08-05,1.1509803e-06,0.06143926,0.9305761,0.99201536,0.99201536,0.00013166259,0.0114744315,0.00014414934
2024-08-06,1.1832909e-06,0.057601,0.9349281,0.9925291,0.9925291,0.00017801994,0.013342411,0.00015838654
2024-08-07,1.3003145e-06,0.08331031,0.9091515,0.9924618,0.9924618,0.00017227646,0.013125413,0.00017249669
2024-08-08,1.3418177e-06,0.071228705,0.9207484,0.9919771,0.9919771,0.00016188272,0.012723315,0.00016724836
2024-08-09,1.0888429e-06,0.090021975,0.9029299,0.99295187,0.99295187,0.00018699771,0.013674711,0.00015448677
2024-08-12,1.13235e-06,0.098232865,0.89409506,0.9923279,0.9923279,0.00017153367,0.013097086,0.00014759378
2024-08-13,1.1474807e-06,0.10726537,0.8846522,0.99191755,0.99191755,0.0001545111,0.01243025,0.0001419719
2024-08-14,9.52174e-07,0.10984657,0.8824869,0.9923335,0.9923335,0.00016573179,0.012873686,0.00012419885
2024-08-15,1.0096418e-06,0.12898788,0.863106,0.9920939,0.9920939,0.00014817363,0.012172659,0.00012770448
2024-08-16,8.9679367e-07,0.113975406,0.87823117,0.9922066,0.9922066,0.0001653464,0.012858709,0.00011507052
2024-08-19,1.0596425e-06,0.13515548,0.85672665,0.99188215,0.99188215,0.00014659006,0.012107438,0.00013053234
2024-08-20,9.749127e-07,0.14061311,0.8514776,0.99209076,0.9920907,0.0001384139,0.011764944,0.00012326254
2024-08-21,1.2135839e-06,0.12630844,0.8650582,0.9913666,0.9913666,0.00011929334,0.010922149,0.00014056888
2024-08-22,1.264516e-06,0.112276606,0.879064,0.99134064,0.99134064,0.000105739484,0.010282971,0.00014602876
2024-08-23,1.3581237e-06,0.07215345,0.91910356,0.991257,0.991257,0.00010151898,0.010075662,0.00015533861
2024-08-26,1.1639469e-06,0.11948956,0.8721212,0.99161077,0.99161077,0.00010244456,0.01012149,0.00013874292
2024-08-27,1.4538098e-06,0.12120354,0.8696626,0.9908661,0.9908661,9.129851e-05,0.009555026,0.00015916681
2024-08-28,1.5148967e-06,0.115888916,0.8747774,0.9906663,0.9906663,8.102341e-05,0.009001301,0.00016230346
2024-08-29,1.5544385e-06,0.08128097,0.9093968,0.9906778,0.9906778,7.65749e-05,0.008750709,0.00016674542
2024-08-30,1.5885591e-06,0.11215251,0.8783854,0.99053794,0.99053794,7.119215e-05,0.008437544,0.00016788726
2024-09-03,1.4454839e-06,0.08524436,0.9056239,0.9908683,0.9908683,7.385481e-05,0.008593882,0.00015829246
2024-09-04,1.2811296e-06,0.06427644,0.92725813,0.9915346,0.9915346,0.00010584815,0.010288253,0.000151337
2024-09-05,1.4470792e-06,0.09807681,0.8930216,0.9910984,0.9910984,9.975056e-05,0.00998752,0.00016256401
2024-09-06,1.6435681e-06,0.09143847,0.8991355,0.99057394,0.99057394,9.120001e-05,0.009549869,0.00017436432
2024-09-09,1.2162051e-06,0.06347587,0.9282668,0.9917427,0.9917427,0.00011056629,0.010515051,0.00014728794
2024-09-10,1.3315664e-06,0.11710314,0.87432647,0.9914296,0.9914296,0.0001114602,0.010557471,0.00015536854
2024-09-11,1.5329639e-06,0.10547392,0.8852899,0.99076384,0.99076384,0.00010081155,0.010040496,0.00016597421
2024-09-12,1.4140162e-06,0.080759406,0.9108642,0.9916236,0.9916236,0.000101372745,0.010068404,0.00016880914
2024-09-13,1.1820814e-06,0.1182976,0.87353235,0.99182993,0.99182993,9.918455e-05,0.0099591445,0.0001446844
2024-09-16,1.4017795e-06,0.13061164,0.8604451,0.99105674,0.99105674,9.080861e-05,0.009529355,0.00015674146
2024-09-17,1.6287773e-06,0.11730121,0.87317795,0.9904792,0.9904792,7.9755075e-05,0.0089305695,0.00017107517
2024-09-18,1.6921639e-06,0.090607926,0.8997755,0.99038345,0.99038345,7.127499e-05,0.008442451,0.00017596365
2024-09-19,1.7482074e-06,0.08273173,0.90744925,0.99018097,0.99018097,6.6725945e-05,0.008168595,0.00017804277
2024-09-20,1.206824e-06,0.10607802,0.88537025,0.9914483,0.9914483,8.546861e-05,0.0092449235,0.00014112066
2024-09-23,1.4298822e-06,0.08260144,0.9083251,0.9909265,0.9909265,7.9506935e-05,0.008916666,0.0001575889
2024-09-24,1.4554446e-06,0.13153525,0.8593288,0.99086404,0.99086404,7.408893e-05,0.008607493,0.0001593094
2024-09-25,1.5294098e-06,0.102276616,0.888338,0.99061465,0.99061465,6.6061184e-05,0.008127803,0.00016295719
2024-09-26,1.6111219e-06,0.114282034,0.87612844,0.99041045,0.99041045,6.079992e-05,0.0077974303,0.00016800803
2024-09-27,1.9022823e-06,0.09238044,0.89733684,0.9897173,0.9897173,5.6505163e-05,0.007516992,0.00018499841
2024-09-30,1.9187862e-06,0.10845057,0.88122827,0.98967886,0.98967886,5.2853935e-05,0.007270071,0.00018590836
2024-10-01,1.8446151e-06,0.08292822,0.90698326,0.9899115,0.9899115,5.007265e-05,0.007076203,0.00018284329
2024-10-02,1.4598744e-06,0.06931475,0.9215034,0.9908182,0.99081814,5.4254684e-05,0.007365778,0.00015899658
2024-10-03,1.7652288e-06,0.13116103,0.8590067,0.99016774,0.99016774,5.1459632e-05,0.007173537,0.00017953434
2024-10-04,2.1065118e-06,0.09113221,0.8982208,0.989353,0.989353,4.650207e-05,0.0068192426,0.00019785028
2024-10-07,1.7549681e-06,0.104638234,0.88547164,0.99010986,0.99010986,5.1030936e-05,0.007143594,0.00017744626
2024-10-08,1.633039e-06,0.07319296,0.9172256,0.99041855,0.99041855,5.592737e-05,0.00747846,0.00017043762
2024-10-09,1.5824011e-06,0.12591922,0.8644917,0.9904109,0.9904109,5.9163478e-05,0.00769178,0.00016502122
2024-10-10,1.6718216e-06,0.11219064,0.87806475,0.9902554,0.9902554,5.8410267e-05,0.007642661,0.00017156417
2024-10-11,1.7640033e-06,0.09488037,0.8951801,0.9900605,0.99006045,5.3380732e-05,0.007306212,0.0001774742
2024-10-14,1.7098844e-06,0.11097565,0.87923,0.9902057,0.99020565,5.272466e-05,0.0072611747,0.00017457963
2024-10-15,1.6649493e-06,0.13000496,0.86022985,0.9902348,0.9902348,5.5097986e-05,0.0074228016,0.0001704981
2024-10-16,1.597694e-06,0.07332613,0.9171343,0.9904604,0.9904604,5.7351885e-05,0.0075731026,0.00016748012
2024-10-17,1.7377904e-06,0.13983448,0.85026354,0.990098,0.990098,5.54609e-05,0.0074472073,0.00017549892
2024-10-18,1.965549e-06,0.10545965,0.8841438,0.98960346,0.98960346,4.8895556e-05,0.0069925357,0.00018905799
2024-10-21,1.907956e-06,0.10681016,0.8828839,0.98969406,0.98969406,4.6604164e-05,0.0068267244,0.00018513166
2024-10-22,2.1365508e-06,0.10136519,0.88789004,0.98925525,0.98925525,4.3411314e-05,0.0065887263,0.00019884601
2024-10-23,2.1992057e-06,0.109774485,0.87926465,0.9890391,0.9890391,4.0733088e-05,0.006382248,0.0002006414
2024-10-24,1.7229163e-06,0.073767915,0.9163417,0.9901096,0.9901096,4.764149e-05,0.0069022817,0.00017420127
2024-10-25,2.047265e-06,0.119096585,0.8703836,0.9894802,0.9894802,4.5666522e-05,0.006757701,0.00019461059
2024-10-28,2.1435446e-06,0.08394575,0.9054289,0.98937464,0.98937464,4.1828207e-05,0.006467473,0.0002017385
2024-10-29,2.074476e-06,0.12812278,0.8612627,0.9893854,0.9893855,4.0722593e-05,0.0063814255,0.00019543657
2024-10-30,2.1078615e-06,0.08566711,0.90374076,0.9894079,0.9894079,3.7409936e-05,0.0061163665,0.00019900312
2024-10-31,2.162256e-06,0.09808518,0.8910935,0.98917866,0.98917866,3.6802357e-05,0.0060664946,0.00019981402
2024-11-01,1.4162608e-06,0.067785405,0.9230783,0.9908637,0.9908637,7.4124735e-05,0.008609572,0.00015501438
2024-11-04,1.7092011e-06,0.10673516,0.8836308,0.990366,0.990366,7.093804e-05,0.0084224725,0.00017741311
2024-11-05,1.8793298e-06,0.09778949,0.8921933,0.9899828,0.9899828,6.49775e-05,0.008060862,0.00018760999
2024-11-06,1.5052261e-06,0.10343257,0.88736445,0.99079704,0.99079704,7.354628e-05,0.008575913,0.00016355896
2024-11-07,1.0658629e-06,0.12003706,0.8721257,0.99216276,0.99216276,0.00012822633,0.011323706,0.00013599984
2024-11-08,1.1632035e-06,0.1414477,0.8501948,0.9916425,0.9916425,0.00011967809,0.010939748,0.00013918038
2024-11-11,1.2691925e-06,0.12429081,0.86706454,0.99135536,0.99135536,0.000105333704,0.010263221,0.00014681842
2024-11-12,1.3451539e-06,0.13743585,0.85369897,0.9911348,0.9911348,9.2673436e-05,0.009626704,0.00015173457
2024-11-13,1.416166e-06,0.104366265,0.88650733,0.9908736,0.9908736,8.195399e-05,0.009052845,0.00015517205
2024-11-14,1.9426298e-06,0.10210263,0.88757765,0.9896803,0.9896803,7.4078394e-05,0.008606881,0.00018824461
2024-11-15,1.9666227e-06,0.100788385,0.8888116,0.9896,0.98959994,7.218963e-05,0.008496448,0.00018909838
2024-11-18,1.4397325e-06,0.06851872,0.92232585,0.99084455,0.99084455,8.336448e-05,0.0091304155,0.00015725411
2024-11-19,1.7320293e-06,0.1321755,0.8580942,0.9902697,0.9902697,7.9373036e-05,0.008909155,0.00017800406
2024-11-20,1.8083765e-06,0.0825556,0.90758115,0.99013674,0.99013674,7.142704e-05,0.0084514525,0.00018334476
2024-11-21,1.8348298e-06,0.092677064,0.89743304,0.9901101,0.9901101,6.663615e-05,0.008163097,0.00018552561
2024-11-22,1.6748841e-06,0.105361834,0.8850737,0.99043554,0.99043554,6.411208e-05,0.008007002,0.00017511539
2024-11-25,1.8768575e-06,0.12332264,0.86647993,0.9898026,0.9898026,5.9310536e-05,0.0077013336,0.00018405254
2024-11-26,1.8839431e-06,0.105968066,0.88384485,0.9898129,0.9898129,5.4531818e-05,0.007384566,0.00018493438
2024-11-27,1.8272195e-06,0.11026295,0.8796478,0.9899107,0.9899107,5.2754716e-05,0.007263244,0.00018110508
2024-11-29,1.8332977e-06,0.12165601,0.8682109,0.9898669,0.9898669,4.937608e-05,0.0070268116,0.00018092192
2024-12-02,1.8137157e-06,0.12935156,0.8604894,0.989841,0.989841,4.9092654e-05,0.007006615,0.00017853262
2024-12-03,1.9571712e-06,0.11732726,0.87220854,0.9895358,0.9895358,4.439081e-05,0.006662643,0.00018703511
2024-12-04,2.0791006e-06,0.12743041,0.86175025,0.9891806,0.9891807,4.0684303e-05,0.006378425,0.00019216456
2024-12-05,2.0104724e-06,0.09488495,0.89448947,0.9893744,0.9893744,4.173386e-05,0.006460175,0.00018921023
2024-12-06,2.020791e-06,0.1351182,0.85422254,0.9893407,0.9893407,3.9659568e-05,0.006297584,0.00018958049
2024-12-09,2.2468653e-06,0.11393071,0.87490165,0.98883235,0.98883235,3.629328e-05,0.0060243905,0.00020119418
2024-12-10,2.232716e-06,0.09213447,0.89679927,0.98893374,0.98893374,3.725888e-05,0.006104005,0.0002017589
2024-12-11,2.1841608e-06,0.09204048,0.89707476,0.98911524,0.98911524,3.664939e-05,0.0060538743,0.00020066225
2024-12-12,2.0698014e-06,0.12632401,0.86297774,0.98930174,0.98930174,4.0260136e-05,0.0063450877,0.00019347087
2024-12-13,2.1709127e-06,0.09123924,0.8978738,0.98911303,0.98911303,4.0430903e-05,0.00635853,0.00019940472
2024-12-16,2.2631127e-06,0.09540657,0.8936227,0.9890293,0.9890293,3.8486214e-05,0.006203726,0.00020628677
2024-12-17,2.0735217e-06,0.09534836,0.89404947,0.9893978,0.9893978,3.8239923e-05,0.0061838436,0.0001955751
2024-12-18,1.8668854e-06,0.07880455,0.91104054,0.9898451,0.9898451,3.8036353e-05,0.006167362,0.00018384079
2024-12-19,1.483133e-06,0.06798623,0.92350775,0.991494,0.991494,0.00010954909,0.01046657,0.00017436316
2024-12-20,1.575766e-06,0.0827357,0.9083382,0.9910739,0.9910739,0.00010266906,0.0101325745,0.00017653478
2024-12-23,1.3378723e-06,0.07711771,0.91483223,0.9919499,0.9919499,0.000100663565,0.010033123,0.00016619358
2024-12-24,1.4715703e-06,0.11011855,0.88134974,0.9914683,0.9914683,9.600902e-05,0.009798419,0.00017248286
2024-12-26,1.3230546e-06,0.12321277,0.8684662,0.99167895,0.99167895,9.909629e-05,0.009954711,0.00015900098
2024-12-27,1.8175506e-06,0.097176835,0.892933,0.99010986,0.99010986,8.7386565e-05,0.009348078,0.00018377401
2024-12-30,1.3847273e-06,0.068941355,0.9221943,0.99113566,0.99113566,9.1114925e-05,0.009545414,0.00015621318
2024-12-31,1.4146561e-06,0.07387477,0.91718996,0.9910647,0.9910647,9.478761e-05,0.0097358925,0.00015832265
2025-01-02,1.5650805e-06,0.07749479,0.9132641,0.9907589,0.9907589,8.943659e-05,0.009457092,0.00016936078
2025-01-03,1.8563876e-06,0.083465986,0.9067034,0.9901694,0.9901694,8.378663e-05,0.009153504,0.00018883779
2025-01-06,1.4551085e-06,0.112808615,0.8781756,0.99098426,0.9909842,9.0331705e-05,0.0095043,0.00016139649
2025-01-07,1.5153437e-06,0.08606407,0.90477586,0.9908399,0.99083996,8.426784e-05,0.009179751,0.0001654287
2025-01-08,1.3216641e-06,0.06735033,0.9239799,0.9913302,0.9913302,8.9247624e-05,0.009447096,0.0001524447
2025-01-10,1.4698844e-06,0.10590531,0.88510996,0.99101526,0.99101526,8.389408e-05,0.009159371,0.0001635978
2025-01-13,1.1781584e-06,0.062478185,0.9292898,0.991768,0.991768,0.00010140137,0.010069825,0.00014311938
2025-01-14,1.5117566e-06,0.104281686,0.8866864,0.99096805,0.99096805,9.552564e-05,0.009773722,0.00016737873
2025-01-15,1.6428488e-06,0.08422676,0.9064071,0.99063385,0.99063385,8.6360626e-05,0.009293042,0.0001754027
2025-01-16,1.0780365e-06,0.10604427,0.88577306,0.99181736,0.99181736,0.00010673061,0.0103310505,0.0001317467
2025-01-17,1.3623396e-06,0.10849328,0.88270134,0.9911946,0.9911946,9.608944e-05,0.009802522,0.00015471649
2025-01-21,1.207885e-06,0.10230614,0.88912725,0.9914334,0.9914334,9.6609736e-05,0.009829025,0.00014099905
2025-01-22,1.0836461e-06,0.13577142,0.8559654,0.99173677,0.99173677,9.5258234e-05,0.009760032,0.00013114074
2025-01-23,1.2010483e-06,0.11594707,0.8755121,0.9914592,0.9914592,8.661033e-05,0.009306467,0.00014062466
2025-01-24,1.4981597e-06,0.12757316,0.86307955,0.9906527,0.9906527,8.0234786e-05,0.008957387,0.00016027693
2025-01-27,1.573069e-06,0.12149008,0.86895764,0.9904477,0.9904477,7.198022e-05,0.008484116,0.0001646796
2025-01-28,1.3025686e-06,0.066697344,0.92455834,0.9912557,0.9912557,8.942437e-05,0.009456446,0.00014896203
2025-01-29,1.2779485e-06,0.12767416,0.86365956,0.9913337,0.9913337,8.8653556e-05,0.009415601,0.00014746223
2025-01-30,1.5881193e-06,0.10019809,0.89039993,0.990598,0.990598,8.06389e-05,0.008979917,0.00016891334
2025-01-31,1.5789619e-06,0.1002528,0.89035225,0.99060506,0.99060506,7.606445e-05,0.008721493,0.00016806507
2025-02-03,1.3949887e-06,0.06857005,0.92247796,0.99104804,0.991048,7.2359544e-05,0.0085064415,0.0001558305
2025-02-04,1.5255923e-06,0.07543259,0.9154284,0.990861,0.990861,7.144547e-05,0.008452542,0.00016693206
2025-02-05,1.506068e-06,0.13673979,0.8539927,0.9907325,0.9907325,7.011631e-05,0.008373548,0.00016251055
2025-02-06,1.7239138e-06,0.11628267,0.87393486,0.99021757,0.99021757,6.342325e-05,0.007963872,0.00017622545
2025-02-07,1.8104415e-06,0.10050402,0.8895211,0.99002516,0.99002516,5.840592e-05,0.0076423767,0.00018150086
2025-02-10,1.492156e-06,0.07031508,0.92046624,0.9907813,0.9907813,6.260862e-05,0.00791256,0.000161862
2025-02-11,1.5560669e-06,0.15239342,0.83810204,0.99049544,0.99049544,6.2168314e-05,0.007884689,0.00016371798
2025-02-12,1.8615018e-06,0.1066479,0.8831539,0.9898018,0.9898018,5.370982e-05,0.0073286984,0.00018253282
2025-02-13,1.8760429e-06,0.079239145,0.9106075,0.98984665,0.98984665,5.0537186e-05,0.007108951,0.00018477078
2025-02-14,1.5451706e-06,0.11859906,0.8720094,0.99060845,0.99060845,5.6329507e-05,0.0075052986,0.00016452781
2025-02-18,1.8186964e-06,0.14053077,0.8493336,0.98986435,0.98986435,5.0671555e-05,0.0071183955,0.00017943559
2025-02-19,1.9486906e-06,0.11910479,0.8704018,0.9895066,0.9895066,4.591553e-05,0.0067761,0.00018570635
2025-02-20,1.9978283e-06,0.11006556,0.8793841,0.9894497,0.9894497,4.2472824e-05,0.006517118,0.00018936188
2025-02-21,1.9413108e-06,0.09452647,0.8950811,0.9896076,0.9896076,4.1434687e-05,0.006436978,0.0001868005
2025-02-24,1.3513851e-06,0.06658276,0.92461586,0.9911986,0.9911986,6.777092e-05,0.0082323095,0.00015354205
2025-02-25,1.6711979e-06,0.09351397,0.8970111,0.99052507,0.99052507,6.5513326e-05,0.00809403,0.00017638097
2025-02-26,1.553944e-06,0.0727333,0.9180279,0.99076116,0.99076116,6.2937856e-05,0.007933338,0.00016819689
2025-02-27,1.898024e-06,0.09647924,0.89363,0.99010926,0.99010926,5.9340065e-05,0.0077032503,0.00019189919
2025-02-28,1.3251099e-06,0.06641761,0.9249783,0.99139595,0.99139595,8.048443e-05,0.008971311,0.00015401002
2025-03-03,1.2732174e-06,0.08551394,0.90641665,0.9919306,0.9919306,9.1318354e-05,0.009556063,0.00015778349
2025-03-04,1.3436568e-06,0.070923634,0.9209668,0.99189043,0.99189043,0.00011132468,0.010551051,0.0001656878
2025-03-05,1.301474e-06,0.069395825,0.9225895,0.9919853,0.9919853,0.00011424178,0.010688394,0.00016238629
2025-03-06,1.3187545e-06,0.088830106,0.90339506,0.99222517,0.99222517,0.00011435809,0.010693834,0.00016961843
2025-03-07,1.1980653e-06,0.063777514,0.9283774,0.9921549,0.9921549,0.00013371796,0.0115636485,0.00015271505
2025-03-10,1.3498645e-06,0.07543782,0.916425,0.99186283,0.99186283,0.00012720117,0.01127835,0.00016588876
2025-03-11,1.1795111e-06,0.058634464,0.9337688,0.99240327,0.99240327,0.00017365883,0.013177968,0.0001552656
2025-03-12,1.2476327e-06,0.0675692,0.9244858,0.992055,0.992055,0.00016760603,0.012946275,0.00015703366
2025-03-13,1.3398576e-06,0.07737523,0.91451764,0.9918929,0.9918929,0.00015795942,0.012568191,0.00016526913
2025-03-14,1.1714891e-06,0.062015787,0.93003565,0.9920514,0.9920514,0.00016011951,0.012653834,0.00014738349
2025-03-17,1.1279601e-06,0.08706949,0.90573597,0.9928055,0.9928055,0.0001755437,0.01324929,0.00015678047
2025-03-18,1.0606811e-06,0.09774773,0.8946277,0.99237543,0.99237543,0.00016501712,0.012845899,0.00013911363
2025-03-19,1.1460818e-06,0.06354927,0.92846704,0.9920163,0.9920163,0.00016063057,0.012674012,0.00014355298
2025-03-20,1.0143893e-06,0.08464427,0.9079125,0.99255675,0.99255675,0.00015748956,0.012549484,0.00013628314
2025-03-21,1.0604424e-06,0.08374136,0.90856636,0.9923077,0.9923077,0.00014480481,0.012033487,0.00013785805
2025-03-24,1.1959024e-06,0.072067015,0.91982514,0.99189216,0.99189216,0.00013330983,0.011545988,0.0001474995
2025-03-25,8.8682776e-07,0.1142912,0.87833554,0.9926267,0.9926267,0.0001460515,0.012085177,0.00012027599
2025-03-26,1.082011e-06,0.12515229,0.8667768,0.9919291,0.9919291,0.00012973009,0.011389912,0.00013406346
2025-03-27,1.1834841e-06,0.062566414,0.9292653,0.9918317,0.9918317,0.00013214296,0.011495345,0.00014488779
2025-03-28,1.1779938e-06,0.09881022,0.8930096,0.9918198,0.9918198,0.00012448564,0.011157313,0.00014400548
2025-03-31,1.1390197e-06,0.059061702,0.9331665,0.9922282,0.9922282,0.0001539885,0.01240921,0.00014655822
2025-04-01,1.2574145e-06,0.068657316,0.9232672,0.9919245,0.9919245,0.00014733511,0.012138167,0.00015570779
2025-04-02,1.2680782e-06,0.0931614,0.8988024,0.9919638,0.9919638,0.00013776381,0.011737283,0.00015779583
2025-04-03,1.2915199e-06,0.07178483,0.92000484,0.9917897,0.9917897,0.00012858334,0.01133946,0.0001573048
2025-04-04,1.2374794e-06,0.06340498,0.929329,0.99273396,0.99273396,0.00030427074,0.017443359,0.00017030991
2025-04-07,1.4365746e-06,0.076006226,0.9174148,0.993421,0.993421,0.000516175,0.022719486,0.0002183582
2025-04-08,2.318419e-06,0.14088775,0.8521044,0.99299216,0.99299216,0.0004752776,0.021800863,0.00033083232
2025-04-09,2.1868848e-06,0.11121118,0.8820487,0.9932599,0.9932599,0.0004432463,0.021053415,0.00032445914
2025-04-10,1.1081607e-06,0.24898139,0.7479427,0.9969241,0.99692404,0.0014980999,0.038705297,0.0003602723
2025-04-11,1.7253391e-06,0.08103224,0.91380715,0.9948394,0.9948394,0.0016256415,0.040319245,0.00033432723
2025-04-14,1.848571e-06,0.095693156,0.89860463,0.9942978,0.9942978,0.0015120646,0.038885273,0.0003241857
2025-04-15,1.7346215e-06,0.078008115,0.91586876,0.9938769,0.9938769,0.0013691775,0.0370024,0.0002832902
2025-04-16,1.5657386e-06,0.06693063,0.9265742,0.9935048,0.9935048,0.001256419,0.035446,0.0002410617
2025-04-17,1.1862714e-06,0.050226714,0.94327015,0.99349684,0.99349684,0.0012001111,0.03464262,0.00018241449
2025-04-21,1.1604502e-06,0.059208583,0.93401957,0.99322814,0.99322814,0.0011332926,0.033664413,0.00017136353
2025-04-22,1.2078449e-06,0.050777216,0.9426371,0.9934143,0.9934143,0.0010945707,0.033084296,0.0001834037
2025-04-23,1.0616801e-06,0.05739626,0.93646765,0.9938639,0.9938639,0.0010660078,0.032649774,0.00017302143
2025-04-24,1.1493202e-06,0.053989664,0.93952465,0.9935143,0.9935143,0.001012589,0.031821202,0.00017720833
2025-04-25,8.359999e-07,0.07397189,0.91998965,0.9939615,0.9939615,0.000975513,0.031233205,0.00013844526
2025-04-28,9.4441214e-07,0.06710163,0.92659223,0.9936938,0.9936938,0.00090193696,0.030032266,0.00014975999
2025-04-29,8.8390186e-07,0.08089935,0.9127735,0.99367285,0.99367285,0.00083667476,0.028925331,0.0001396998
2025-04-30,9.096139e-07,0.07240253,0.9213225,0.99372506,0.99372506,0.000767583,0.02770529,0.0001449598
2025-05-01,1.234186e-06,0.056204483,0.93677884,0.99298334,0.99298334,0.0007081044,0.026610231,0.00017589369
2025-05-02,9.066236e-07,0.07469909,0.91902477,0.99372387,0.99372387,0.0006672292,0.02583078,0.00014445581
2025-05-05,8.702503e-07,0.071265705,0.92259204,0.99385774,0.99385774,0.0006299201,0.025098208,0.00014168245
2025-05-06,9.035426e-07,0.07568339,0.91795695,0.99364036,0.99364036,0.00058454083,0.02417728,0.00014207457
2025-05-07,1.1257624e-06,0.058029547,0.93518835,0.9932179,0.9932179,0.0005430569,0.023303581,0.00016598988
2025-05-08,1.0544003e-06,0.06948371,0.92344296,0.99292666,0.99292666,0.00050992,0.022581408,0.00014906676
2025-05-09,1.062232e-06,0.07173876,0.9209757,0.99271446,0.99271446,0.00047511002,0.021797018,0.00014580012
2025-05-12,1.082841e-06,0.11240076,0.8799306,0.9923314,0.9923314,0.00043878,0.020947076,0.00014120426
2025-05-13,8.062773e-07,0.1287751,0.86382574,0.99260086,0.99260086,0.0005046464,0.022464337,0.00010896903
2025-05-14,1.0074717e-06,0.13205098,0.8599968,0.9920478,0.9920478,0.00044200226,0.021023849,0.00012669073
2025-05-15,1.0501706e-06,0.12569702,0.8662257,0.99192274,0.99192274,0.0003812854,0.01952653,0.00013001563
2025-05-16,1.0320188e-06,0.12211929,0.86986446,0.9919838,0.9919838,0.0003340908,0.01827815,0.00012874119
2025-05-19,1.002802e-06,0.12622717,0.8658389,0.9920661,0.992066,0.00029623258,0.01721141,0.00012639436
2025-05-20,1.4839462e-06,0.116647035,0.87414634,0.9907934,0.99079335,0.00025759655,0.016049815,0.000161183
2025-05-21,1.484959e-06,0.10643421,0.88423884,0.99067307,0.99067307,0.00022813377,0.015104097,0.0001592119
2025-05-22,1.3150078e-06,0.0667198,0.92451847,0.99123824,0.99123824,0.00023462318,0.015317414,0.00015008483
2025-05-23,1.536573e-06,0.10377994,0.8870125,0.99079245,0.9907924,0.00021823138,0.014772656,0.00016688192
2025-05-27,1.5201016e-06,0.07147042,0.9192305,0.99070096,0.99070096,0.0002002461,0.014150834,0.00016346866
2025-05-28,1.2056761e-06,0.116840325,0.87517256,0.99201286,0.99201286,0.00021531229,0.014673524,0.00015095214
2025-05-29,1.2965302e-06,0.080032565,0.91142815,0.99146074,0.99146074,0.00019382998,0.013922283,0.00015183169
2025-05-30,1.3234646e-06,0.099560894,0.89178276,0.9913437,0.9913437,0.00017908664,0.013382326,0.00015288993
2025-06-02,1.3331586e-06,0.08057276,0.91075796,0.99133074,0.99133074,0.00016119928,0.012696427,0.00015378003
2025-06-03,1.2205334e-06,0.12422959,0.86742735,0.99165696,0.99165696,0.0001505239,0.012268818,0.00014629359
2025-06-04,1.5073642e-06,0.10068988,0.8900764,0.9907663,0.9907663,0.00013554844,0.011642527,0.00016324573
2025-06-05,1.7021902e-06,0.107792355,0.8825055,0.99029785,0.99029785,0.00012217657,0.011053351,0.0001754447
2025-06-06,1.5168182e-06,0.070492074,0.920202,0.9906941,0.9906941,0.00011225082,0.010594849,0.00016299542
2025-06-09,1.346833e-06,0.12536146,0.86577904,0.9911405,0.9911405,0.00011190355,0.010578448,0.00015202106
2025-06-10,1.641897e-06,0.11781004,0.87259424,0.99040425,0.99040425,9.829475e-05,0.009914371,0.00017110666
2025-06-11,1.5547805e-06,0.09581382,0.89474005,0.99055386,0.99055386,9.0936155e-05,0.009536045,0.0001645942
2025-06-12,1.6001848e-06,0.08837061,0.90214205,0.99051267,0.99051267,8.3805375e-05,0.009154527,0.00016866543
2025-06-13,1.6378772e-06,0.10788699,0.88252264,0.9904096,0.9904096,7.846793e-05,0.008858212,0.00017078321
2025-06-16,1.3979638e-06,0.067685604,0.92326665,0.99095225,0.99095225,8.497876e-05,0.009218393,0.00015450962
2025-06-17,1.3363189e-06,0.100140326,0.8911149,0.9912552,0.9912552,8.568984e-05,0.009256881,0.00015281339
2025-06-18,1.4049488e-06,0.06904027,0.92195153,0.99099183,0.99099183,8.539301e-05,0.009240834,0.00015596385
2025-06-20,1.5839817e-06,0.087174326,0.9035101,0.99068445,0.9906844,8.014096e-05,0.008952148,0.00017003629
2025-06-23,1.387751e-06,0.06849735,0.9225462,0.99104357,0.99104357,7.661828e-05,0.008753187,0.00015494462
2025-06-24,1.3209689e-06,0.0974832,0.8939478,0.991431,0.991431,7.844188e-05,0.008856742,0.00015415667
2025-06-25,1.3048342e-06,0.11230654,0.87903786,0.9913444,0.9913444,8.281704e-05,0.009100387,0.00015075016
2025-06-26,1.5983845e-06,0.1048092,0.88574785,0.9905571,0.9905571,7.411991e-05,0.008609292,0.00016926794
2025-06-27,1.3842051e-06,0.09626934,0.8947754,0.9910447,0.99104476,7.331644e-05,0.008562502,0.00015456826
2025-06-30,1.4466776e-06,0.100498885,0.8904706,0.9909695,0.99096954,6.917695e-05,0.008317268,0.00016019869
2025-07-01,1.4957407e-06,0.09925481,0.89152384,0.9907786,0.9907786,6.5158885e-05,0.008072105,0.00016220365
2025-07-02,1.676962e-06,0.10888802,0.88142294,0.99031097,0.99031097,5.9612164e-05,0.0077208914,0.00017307837
2025-07-03,1.7025183e-06,0.107179254,0.88307655,0.9902558,0.99025583,5.626924e-05,0.0075012827,0.00017472071
2025-07-07,1.6601252e-06,0.12640686,0.86388165,0.9902885,0.9902885,5.7689762e-05,0.0075953775,0.0001709442
2025-07-08,1.5658471e-06,0.0725983,0.91789603,0.9904943,0.9904943,5.892452e-05,0.0076762307,0.00016472736
2025-07-09,1.7108143e-06,0.1045558,0.8856699,0.9902257,0.9902257,5.5691467e-05,0.0074626715,0.00017503141
2025-07-10,1.643707e-06,0.09719362,0.89320314,0.99039674,0.99039674,5.4544278e-05,0.00738541,0.00017116133
2025-07-11,1.7399223e-06,0.10665205,0.8835335,0.99018556,0.9901855,5.1035564e-05,0.007143918,0.00017728185
2025-07-14,1.8474879e-06,0.08172426,0.90816975,0.989894,0.98989403,4.8297148e-05,0.0069496147,0.0001828105
2025-07-15,1.9088866e-06,0.11145331,0.878289,0.9897423,0.9897423,4.595155e-05,0.006778757,0.00018609266
2025-07-16,1.678856e-06,0.07386916,0.91638786,0.990257,0.990257,4.4492397e-05,0.006670262,0.00017231451
2025-07-17,1.8299265e-06,0.082835004,0.9072504,0.9900854,0.9900854,4.3185166e-05,0.006571542,0.0001845693
2025-07-18,1.7503712e-06,0.107948296,0.8822607,0.990209,0.990209,4.3908443e-05,0.0066263448,0.00017877319
2025-07-21,1.9396673e-06,0.09432504,0.8954183,0.98974335,0.98974335,4.0580042e-05,0.0063702464,0.00018911318
2025-07-22,1.9906138e-06,0.097199224,0.89243966,0.98963886,0.98963886,3.8551265e-05,0.0062089665,0.00019212315
2025-07-23,2.0085592e-06,0.10044022,0.8891205,0.9895607,0.9895607,3.6395468e-05,0.0060328655,0.00019240407
2025-07-24,1.7925935e-06,0.09915177,0.8908663,0.99001807,0.99001807,4.1264746e-05,0.006423764,0.00017958385
2025-07-25,2.0303783e-06,0.09583401,0.8936615,0.9894955,0.9894955,3.8556067e-05,0.006209353,0.00019328682
2025-07-28,1.9695256e-06,0.11426685,0.87536335,0.9896302,0.9896302,3.80429e-05,0.006167893,0.00018992939
2025-07-29,2.1075937e-06,0.101962864,0.8873385,0.9893014,0.9893014,3.5292658e-05,0.0059407623,0.00019699684
2025-07-30,1.998419e-06,0.08701171,0.9025445,0.9895562,0.9895562,3.423871e-05,0.005851385,0.00019134968
2025-07-31,1.990059e-06,0.08002125,0.9095779,0.98959917,0.98959917,3.3082186e-05,0.005751712,0.00019133653
2025-08-01,1.7463159e-06,0.075027175,0.9151605,0.99018764,0.99018764,3.332542e-05,0.0057728174,0.00017797113
2025-08-04,1.3615065e-06,0.06693414,0.92411554,0.99104965,0.99104965,5.319785e-05,0.007293686,0.00015211765
2025-08-05,1.3356263e-06,0.12477195,0.8666966,0.99146855,0.99146855,6.5382585e-05,0.00808595,0.00015655323
2025-08-06,1.5311816e-06,0.07750514,0.9133576,0.9908627,0.9908627,6.1465485e-05,0.007839993,0.00016757534
2025-08-07,1.4798231e-06,0.09358848,0.8974448,0.99103326,0.99103326,6.1967236e-05,0.007871927,0.00016503461
2025-08-08,1.5588716e-06,0.081577696,0.90923077,0.9908085,0.9908085,5.719001e-05,0.0075624078,0.00016959902
2025-08-11,1.4509756e-06,0.11225261,0.87870514,0.99095774,0.99095774,5.8247293e-05,0.0076319915,0.00016046598
2025-08-12,1.824534e-06,0.09441456,0.89564013,0.9900547,0.9900547,5.3159245e-05,0.0072910385,0.0001834574
2025-08-13,1.4943513e-06,0.10597153,0.88484937,0.9908209,0.9908209,5.9656526e-05,0.0077237636,0.00016279906
2025-08-14,1.7037004e-06,0.10643678,0.88386214,0.9902989,0.9902989,5.5388275e-05,0.00744233,0.00017561979
2025-08-15,1.7933397e-06,0.10352726,0.88652575,0.990053,0.990053,5.066021e-05,0.0071175983,0.00018028947
2025-08-18,1.843225e-06,0.08513415,0.90477103,0.9899052,0.9899052,4.7367284e-05,0.0068823895,0.00018259115
2025-08-19,1.8805653e-06,0.12549116,0.8643112,0.98980236,0.98980236,4.47136e-05,0.006686823,0.00018441182
2025-08-20,1.7003372e-06,0.07339534,0.91679275,0.9901881,0.9901881,4.4498076e-05,0.006670688,0.00017329375
2025-08-21,1.7899404e-06,0.075713955,0.9143116,0.9900255,0.9900255,4.3090327e-05,0.0065643224,0.000179452
2025-08-22,1.9778938e-06,0.10212453,0.8875423,0.9896668,0.9896668,4.25269e-05,0.006521265,0.0001914119
2025-08-25,1.4596859e-06,0.08767623,0.9033874,0.99106365,0.99106365,6.286815e-05,0.007928944,0.0001633426
2025-08-26,1.5785942e-06,0.1073981,0.88325775,0.99065584,0.99065584,6.01061e-05,0.0077528125,0.0001689391
2025-08-27,1.5963834e-06,0.09943629,0.89110726,0.99054354,0.99054354,5.6379988e-05,0.0075086607,0.00016881413
2025-08-28,1.6505423e-06,0.106967546,0.8834256,0.99039316,0.99039316,5.227158e-05,0.007229909,0.00017180911
2025-08-29,1.6066447e-06,0.09507516,0.89543223,0.9905074,0.99050736,4.9028862e-05,0.0070020612,0.00016925276
2025-09-02,1.6677772e-06,0.073908955,0.91638875,0.99029773,0.9902977,4.9124552e-05,0.007008891,0.00017189565
2025-09-03,1.5241343e-06,0.07099765,0.9196777,0.99067533,0.99067533,5.0980067e-05,0.0071400325,0.00016345183
2025-09-04,1.6956944e-06,0.0991634,0.8911802,0.99034363,0.99034363,5.0343577e-05,0.0070953206,0.00017560372
2025-09-05,1.6125302e-06,0.102127634,0.88844293,0.99057055,0.99057055,5.3127053e-05,0.007288831,0.00017100992
2025-09-08,1.628308e-06,0.07383703,0.91669303,0.9905301,0.9905301,4.9785383e-05,0.007055876,0.00017194517
2025-09-09,1.7166267e-06,0.10667529,0.88365257,0.99032784,0.99032784,4.76461e-05,0.0069026155,0.00017748112
2025-09-10,1.7724512e-06,0.09618619,0.8939686,0.9901548,0.99015474,4.430038e-05,0.0066558532,0.00018003208
2025-09-11,1.8335401e-06,0.08846023,0.9015865,0.9900467,0.9900467,4.2077463e-05,0.0064867144,0.00018421392
2025-09-12,1.7067679e-06,0.107100196,0.8832169,0.9903171,0.9903171,4.5560202e-05,0.0067498297,0.0001762663
2025-09-15,1.9043285e-06,0.09359519,0.8962171,0.9898123,0.9898123,4.1975272e-05,0.0064788326,0.00018692455
2025-09-16,1.7861267e-06,0.10941165,0.8806546,0.99006623,0.99006623,4.198105e-05,0.0064792787,0.00017980352
2025-09-17,1.833889e-06,0.09660992,0.8933073,0.9899173,0.9899173,3.9024286e-05,0.006246942,0.00018188432
2025-09-18,1.7121167e-06,0.07624936,0.9140293,0.99027866,0.99027866,3.6891743e-05,0.006073857,0.00017611944
2025-09-19,1.7854563e-06,0.09589398,0.89426905,0.990163,0.990163,3.6960024e-05,0.0060794754,0.00018150467
2025-09-22,1.8292326e-06,0.087365165,0.9026773,0.99004245,0.99004245,3.5216122e-05,0.005934317,0.00018370304
2025-09-23,1.8289169e-06,0.11283833,0.8772088,0.99004716,0.99004716,3.541442e-05,0.005951002,0.00018375824
2025-09-24,1.6921265e-06,0.074556276,0.9156915,0.9902478,0.9902478,3.6489015e-05,0.0060406136,0.00017351203
2025-09-25,1.8978674e-06,0.09047803,0.8994088,0.9898868,0.9898869,3.595256e-05,0.005996045,0.00018766278
2025-09-26,1.6752397e-06,0.07342835,0.9168503,0.99027866,0.99027866,3.6326855e-05,0.0060271765,0.00017232602
2025-09-29,1.8148176e-06,0.10128855,0.88884515,0.9901337,0.9901337,3.722487e-05,0.0061012185,0.0001839411
2025-09-30,1.9504446e-06,0.08442614,0.9053775,0.9898037,0.9898037,3.5597815e-05,0.0059663905,0.00019128891
2025-10-01,1.8044815e-06,0.0829516,0.90717006,0.99012166,0.99012166,3.5258563e-05,0.005937892,0.00018267057
2025-10-02,1.8574152e-06,0.10186178,0.88817173,0.9900335,0.9900335,3.464811e-05,0.0058862646,0.00018636599
2025-10-03,2.0347202e-06,0.11192013,0.87761736,0.9895375,0.9895375,3.27259e-05,0.0057206554,0.00019447702
2025-10-06,2.148502e-06,0.08630734,0.90299135,0.9892987,0.9892987,3.0760028e-05,0.005546172,0.00020077021
2025-10-07,2.11865e-06,0.11198781,0.8773556,0.9893434,0.9893434,3.0919e-05,0.0055604856,0.00019881115
2025-10-08,1.8848616e-06,0.07770358,0.91211575,0.98981935,0.98981935,3.0948748e-05,0.00556316,0.00018514154
2025-10-09,2.0039938e-06,0.10617312,0.8834333,0.9896064,0.9896064,3.2691663e-05,0.0057176626,0.00019281001
2025-10-10,2.0164923e-06,0.08239948,0.9071882,0.98958766,0.98958766,3.1896434e-05,0.005647693,0.00019366379
2025-10-13,1.4089596e-06,0.06685708,0.9247919,0.991649,0.991649,9.3653565e-05,0.009677477,0.00016871691
2025-10-14,1.2131248e-06,0.11631447,0.87564665,0.9919611,0.9919611,0.00010314642,0.0101561025,0.00015090723
2025-10-15,1.3616859e-06,0.07748286,0.9140949,0.9915778,0.9915778,9.176346e-05,0.009579325,0.00016167825
2025-10-16,1.3913531e-06,0.0837438,0.90784323,0.99158704,0.99158704,8.6638e-05,0.0093079535,0.00016538217
2025-10-17,1.2370027e-06,0.07005055,0.9218407,0.99189126,0.99189126,8.4170744e-05,0.0091744615,0.00015255187
2025-10-20,1.3748318e-06,0.09387503,0.8975386,0.99141365,0.99141365,8.092873e-05,0.00899604,0.00016011835
2025-10-21,1.3994683e-06,0.12090778,0.8702868,0.9911946,0.9911946,8.3704406e-05,0.009149011,0.00015893306
2025-10-22,1.6092673e-06,0.09848117,0.892091,0.99057215,0.99057215,7.425116e-05,0.008616911,0.000170693
2025-10-23,1.4778599e-06,0.070430614,0.92043304,0.9908637,0.9908637,7.071752e-05,0.008409371,0.0001617566
2025-10-24,1.4969349e-06,0.108882375,0.88191617,0.99079853,0.99079853,6.887866e-05,0.008299317,0.00016268437
2025-10-27,1.4327051e-06,0.09756604,0.8933387,0.9909047,0.9909047,6.91306e-05,0.008314481,0.00015752128
2025-10-28,1.3324538e-06,0.11968148,0.87142795,0.99110943,0.99110943,7.619009e-05,0.008728693,0.00014987272
2025-10-29,1.4689153e-06,0.10491881,0.8858837,0.9908025,0.9908025,6.8455076e-05,0.008273758,0.00015970856
2025-10-30,1.546299e-06,0.09045555,0.9001658,0.9906213,0.9906213,6.2121275e-05,0.007881705,0.00016487399
2025-10-31,1.3264598e-06,0.07768527,0.9134387,0.9911239,0.9911239,6.8902715e-05,0.008300766,0.00014944198
2025-11-03,1.4705472e-06,0.086822376,0.90404797,0.99087036,0.99087036,6.500634e-05,0.00806265,0.0001610739
2025-11-04,1.667723e-06,0.113380484,0.87702537,0.99040586,0.99040586,6.048724e-05,0.007777354,0.00017382721
2025-11-05,1.3247569e-06,0.066313125,0.92484444,0.9911576,0.9911576,7.1343515e-05,0.008446509,0.00014981856
2025-11-06,1.5505697e-06,0.08604865,0.90471905,0.9907677,0.9907677,6.801726e-05,0.008247258,0.00016795084
2025-11-07,1.3023674e-06,0.06601314,0.92520046,0.9912136,0.9912136,7.344747e-05,0.00857015,0.0001482257
2025-11-10,1.5128606e-06,0.07366372,0.91720617,0.9908699,0.9908699,6.929811e-05,0.008324549,0.00016569997
2025-11-11,1.1199703e-06,0.111918725,0.87998563,0.9919044,0.9919044,8.231392e-05,0.009072701,0.00013834272
2025-11-12,1.4803004e-06,0.11017404,0.880723,0.99089706,0.99089706,7.404919e-05,0.008605184,0.00016261783
2025-11-13,1.5919333e-06,0.09284595,0.897727,0.990573,0.9905729,6.671227e-05,0.008167759,0.00016886936
2025-11-14,1.2420431e-06,0.0651451,0.9263286,0.9914737,0.9914737,8.8057626e-05,0.009383903,0.00014567157
2025-11-17,1.4154459e-06,0.086367205,0.9049664,0.9913336,0.9913336,8.2820276e-05,0.009100565,0.00016332578
2025-11-18,1.3665549e-06,0.06840593,0.92275774,0.9911637,0.9911637,8.423454e-05,0.009177938,0.00015465188
2025-11-19,1.2861252e-06,0.0669214,0.92452407,0.9914455,0.9914455,8.4175554e-05,0.009174723,0.00015034455
2025-11-20,1.5185914e-06,0.07864708,0.9124842,0.9911313,0.9911313,8.000996e-05,0.008944829,0.00017123055
2025-11-21,1.4699824e-06,0.07160821,0.92008144,0.9916896,0.9916896,9.353127e-05,0.009671156,0.00017688515
2025-11-24,1.3501511e-06,0.08159352,0.9104251,0.99201864,0.99201864,9.4300914e-05,0.009710866,0.00016916305
2025-11-25,1.1940923e-06,0.1048478,0.88739896,0.99224675,0.99224675,0.00010418414,0.0102070635,0.00015401178
2025-11-26,1.2436712e-06,0.08923793,0.9028081,0.99204606,0.99204606,0.0001024762,0.010123053,0.0001563591
2025-11-28,1.199583e-06,0.09333782,0.89860475,0.9919426,0.9919426,9.775915e-05,0.009887323,0.00014887938
2025-12-01,1.1941755e-06,0.1301939,0.8614197,0.99161357,0.99161357,9.1627124e-05,0.009572206,0.00014239374
2025-12-02,1.3043037e-06,0.08607114,0.90518785,0.991259,0.991259,8.3075094e-05,0.009114554,0.0001492164
2025-12-03,1.4524144e-06,0.09636966,0.8944872,0.9908569,0.9908569,7.674151e-05,0.008760223,0.00015885336
2025-12-04,1.5624286e-06,0.10532295,0.8852322,0.99055517,0.99055517,7.1128066e-05,0.008433745,0.00016542681
2025-12-05,1.7189706e-06,0.09278506,0.89740795,0.990193,0.990193,6.455862e-05,0.008034837,0.00017528013
2025-12-08,1.7569549e-06,0.081874214,0.9081799,0.9900541,0.9900541,5.9926424e-05,0.007741216,0.00017665066
2025-12-09,1.7495512e-06,0.10722068,0.8828839,0.99010456,0.99010456,5.7016277e-05,0.0075509124,0.0001768037
2025-12-10,1.8808838e-06,0.09024241,0.8995193,0.9897617,0.9897617,5.2206255e-05,0.0072253896,0.00018371074
2025-12-11,1.6653041e-06,0.080053434,0.91026396,0.9903174,0.9903174,5.2566527e-05,0.007250278,0.00017198944
2025-12-12,1.7125434e-06,0.08687866,0.90342075,0.9902994,0.9902994,4.9880957e-05,0.007062645,0.00017654001
2025-12-15,1.3058842e-06,0.06585714,0.92534053,0.99119765,0.9911977,5.7280024e-05,0.0075683566,0.00014835624
2025-12-16,1.5607308e-06,0.08464246,0.9061086,0.9907511,0.9907511,5.4499153e-05,0.0073823542,0.00016874749
2025-12-17,1.4227702e-06,0.06944234,0.9215794,0.99102175,0.99102175,5.166531e-05,0.007187858,0.00015846858
2025-12-18,1.3071573e-06,0.06597112,0.92519623,0.99116737,0.99116737,5.7825124e-05,0.0076042833,0.0001479918
2025-12-19,1.4564649e-06,0.07581651,0.915239,0.9910555,0.9910555,5.8358593e-05,0.0076392796,0.00016283337
2025-12-22,1.4580094e-06,0.08458296,0.9063681,0.99095106,0.99095106,5.749577e-05,0.0075825965,0.0001611249
2025-12-23,1.4110684e-06,0.110804096,0.8802327,0.9910368,0.9910368,5.6640907e-05,0.0075260154,0.00015742861
2025-12-24,1.5464045e-06,0.10227067,0.8884036,0.99067426,0.99067426,5.3388794e-05,0.0073067634,0.00016582105
2025-12-26,1.6729812e-06,0.13815244,0.85205257,0.990205,0.990205,5.010858e-05,0.0070787417,0.00017079934
2025-12-29,2.038183e-06,0.10658857,0.88279307,0.9893816,0.9893817,4.437949e-05,0.006661793,0.00019194843
2025-12-30,1.8116265e-06,0.077561714,0.91235554,0.9899173,0.9899173,4.271932e-05,0.006536002,0.00017967634
2025-12-31,2.0674026e-06,0.10929051,0.88011074,0.9894012,0.9894012,4.0940442e-05,0.006398472,0.00019506046
2026-01-02,1.6296899e-06,0.071977764,0.91837,0.9903478,0.99034774,4.4448636e-05,0.006666981,0.00016884133
2026-01-05,1.8827307e-06,0.07874434,0.9112068,0.98995113,0.98995113,4.264499e-05,0.0065303133,0.00018735752
2026-01-06,1.782513e-06,0.09910486,0.89107096,0.99017584,0.99017584,4.4019773e-05,0.0066347397,0.00018144184
2026-01-07,1.707251e-06,0.095276795,0.895054,0.99033076,0.99033076,4.427732e-05,0.0066541205,0.0001765651
2026-01-08,1.757926e-06,0.07892058,0.9112777,0.9901983,0.9901983,4.2448333e-05,0.0065152384,0.00017934936
2026-01-09,1.8627912e-06,0.10152084,0.8884342,0.989955,0.989955,4.0446645e-05,0.0063597676,0.00018544478
2026-01-12,1.6853666e-06,0.08949481,0.9008863,0.9903811,0.9903811,4.1963354e-05,0.006477913,0.00017521446
2026-01-13,1.8333601e-06,0.106175184,0.88385737,0.99003255,0.99003255,3.9660943e-05,0.0062976936,0.00018393478
2026-01-14,1.8373692e-06,0.078475945,0.9115327,0.99000865,0.99000865,3.7395752e-05,0.0061152065,0.00018389603
2026-01-15,1.6528302e-06,0.07346468,0.9169212,0.9903859,0.9903859,3.7976188e-05,0.0061624823,0.00017191713
2026-01-16,1.8456619e-06,0.09711429,0.8929572,0.9900715,0.9900715,3.6945778e-05,0.006078304,0.00018589488
2026-01-20,2.0170448e-06,0.083463505,0.9061868,0.9896503,0.9896503,3.493842e-05,0.005910873,0.00019488938
2026-01-21,1.3106987e-06,0.06485514,0.9264948,0.99134994,0.99134994,6.962169e-05,0.008343961,0.00015152474
2026-01-22,1.2763015e-06,0.082093924,0.90964484,0.9917388,0.9917388,7.408094e-05,0.008607029,0.0001544934
2026-01-23,1.4288588e-06,0.10771531,0.88343984,0.99115515,0.99115515,7.0735885e-05,0.008410463,0.00016154694
2026-01-26,1.6063425e-06,0.09765567,0.8930282,0.99068385,0.99068385,6.392315e-05,0.007995196,0.00017242564
2026-01-27,1.5249126e-06,0.09508815,0.8957588,0.99084693,0.99084693,6.101702e-05,0.007811339,0.00016660125
2026-01-28,1.6626547e-06,0.10966057,0.88071376,0.9903743,0.9903743,5.754798e-05,0.007586038,0.00017273126
2026-01-29,1.9890128e-06,0.09503262,0.8945997,0.9896323,0.9896323,5.2354928e-05,0.0072356705,0.00019184723
2026-01-30,1.7310322e-06,0.07598789,0.9143698,0.9903577,0.9903577,4.927395e-05,0.0070195403,0.00017952477
2026-02-02,1.7467472e-06,0.07712006,0.913184,0.99030405,0.99030405,4.7550395e-05,0.0068956795,0.0001801523
2026-02-03,1.78163e-06,0.10123332,0.88905686,0.99029016,0.99029016,4.6926365e-05,0.006850282,0.00018348715
2026-02-04,1.4468105e-06,0.06953444,0.9214536,0.990988,0.990988,5.1123214e-05,0.00715005,0.00016054296
2026-02-05,1.5496203e-06,0.07292449,0.91787887,0.99080336,0.99080336,5.0321523e-05,0.0070937667,0.00016849855
2026-02-06,1.3250459e-06,0.06678886,0.92441154,0.9912004,0.9912004,5.9599617e-05,0.007720079,0.00015058003
2026-02-09,1.1636478e-06,0.11032388,0.8817965,0.9921204,0.9921204,8.006992e-05,0.00894818,0.00014767825
2026-02-10,1.3732754e-06,0.091348626,0.9000565,0.9914051,0.9914051,7.4128715e-05,0.008609803,0.00015977849
2026-02-11,1.3799627e-06,0.08819856,0.9029941,0.99119264,0.99119264,6.882283e-05,0.008295952,0.00015668287
2026-02-12,1.4620675e-06,0.0828781,0.90816605,0.99104416,0.99104416,6.354188e-05,0.007971316,0.00016325305
2026-02-13,1.2355879e-06,0.06499506,0.92678666,0.9917817,0.9917817,7.9740246e-05,0.00892974,0.00015034614
2026-02-17,1.5532456e-06,0.08484458,0.9061181,0.9909627,0.9909627,7.515529e-05,0.008669215,0.00017187024
2026-02-18,1.625177e-06,0.08496501,0.90580904,0.99077404,0.99077404,6.9825524e-05,0.008356167,0.00017615253
2026-02-19,1.5780897e-06,0.088946685,0.9018715,0.9908182,0.9908182,6.686385e-05,0.008177032,0.00017187155
2026-02-20,1.6380659e-06,0.08975253,0.9008765,0.9906291,0.9906291,6.259117e-05,0.007911459,0.00017480305
2026-02-23,1.6067197e-06,0.0766075,0.9139722,0.9905797,0.9905797,6.244848e-05,0.007902435,0.00017055974
2026-02-24,1.3986635e-06,0.06890901,0.9221503,0.9910593,0.9910593,6.704733e-05,0.008188243,0.00015643786
2026-02-25,1.4102595e-06,0.0984729,0.8926865,0.9911594,0.9911594,6.665797e-05,0.008164434,0.00015952042
2026-02-26,1.3955428e-06,0.11138532,0.879661,0.99104637,0.99104637,6.7564506e-05,0.008219763,0.00015586334
2026-02-27,1.4317469e-06,0.070948005,0.9200602,0.9910082,0.9910082,6.4518856e-05,0.008032363,0.00015922845
2026-03-02,1.4398398e-06,0.07078345,0.920213,0.9909964,0.9909964,6.256592e-05,0.007909862,0.00015991859
2026-03-03,1.5941699e-06,0.082144186,0.9086466,0.9907908,0.9907908,5.9024198e-05,0.0076827207,0.00017310595
2026-03-04,1.3147757e-06,0.06755872,0.9238137,0.9913724,0.9913724,6.19375e-05,0.007870038,0.00015239193
2026-03-05,1.4966605e-06,0.09316316,0.89784265,0.9910058,0.9910058,6.169908e-05,0.007854876,0.00016640245
2026-03-06,1.3565821e-06,0.0681866,0.92302555,0.9912121,0.9912121,6.0001486e-05,0.0077460627,0.00015436983
2026-03-09,1.2243378e-06,0.064275034,0.92719847,0.9914735,0.9914735,6.894499e-05,0.008303312,0.000143592
2026-03-10,1.3407806e-06,0.07968453,0.9121441,0.9918287,0.9918287,6.983377e-05,0.00835666,0.00016408373
2026-03-11,1.4508322e-06,0.082670465,0.9085386,0.99120903,0.99120903,6.529564e-05,0.008080572,0.00016503665
2026-03-12,1.657932e-06,0.08247259,0.90824723,0.9907198,0.9907198,6.0946182e-05,0.0078068036,0.00017865252
2026-03-13,1.1983356e-06,0.062918015,0.9287359,0.9916539,0.9916539,7.679242e-05,0.008763129,0.00014358063
2026-03-16,1.3577785e-06,0.07100822,0.92038214,0.99139035,0.99139035,7.468002e-05,0.00864176,0.00015770421
2026-03-17,1.3583445e-06,0.08842141,0.9029013,0.9913227,0.9913227,7.7107885e-05,0.00878111,0.00015653993
2026-03-18,1.4668273e-06,0.07804001,0.9129889,0.9910289,0.9910289,7.1506336e-05,0.008456142,0.00016350593
2026-03-19,1.2012476e-06,0.06393242,0.9276837,0.99161613,0.99161613,8.257017e-05,0.009086813,0.0001432808
2026-03-20,1.3266842e-06,0.068516396,0.92285216,0.99136853,0.99136853,7.825017e-05,0.008845912,0.00015370321
2026-03-23,1.1517635e-06,0.06104663,0.93092537,0.991972,0.99197197,9.417019e-05,0.009704133,0.00014346882
2026-03-24,1.201296e-06,0.074564874,0.9174904,0.9920553,0.9920553,9.524326e-05,0.009759265,0.00015120716
2026-03-25,1.2982454e-06,0.07484571,0.91679347,0.9916392,0.9916392,8.952466e-05,0.0094617475,0.0001552776
2026-03-26,1.3212681e-06,0.080610484,0.91087997,0.9914905,0.9914905,8.553371e-05,0.009248444,0.00015526946
2026-03-27,1.1350127e-06,0.060974102,0.9310498,0.99202394,0.99202394,0.00010594987,0.010293195,0.00014230251
2026-03-30,1.1271131e-06,0.06087733,0.93118554,0.99206287,0.99206287,0.00011820692,0.010872301,0.00014200507
2026-03-31,1.3225737e-06,0.071609594,0.9198729,0.9914825,0.9914825,0.00011196019,0.010581125,0.00015527714
2026-04-01,1.0734561e-06,0.09979418,0.8931241,0.9929183,0.99291825,0.00016234635,0.012741521,0.00015158197
2026-04-02,1.0862541e-06,0.090876184,0.9015353,0.99241143,0.99241143,0.0001514173,0.012305174,0.00014314354
2026-04-06,1.1516131e-06,0.10320814,0.8888218,0.9920299,0.9920299,0.0001376407,0.011732037,0.00014449177
2026-04-07,1.0715595e-06,0.13600804,0.8559704,0.9919784,0.9919784,0.00012560784,0.01120749,0.00013358437
2026-04-08,1.1316956e-06,0.08578545,0.9060732,0.99185866,0.99185866,0.00010859697,0.010420987,0.00013900608
2026-04-09,8.7189943e-07,0.12605122,0.8663242,0.99237543,0.9923754,0.0001529953,0.012369127,0.00011435397
2026-04-10,1.060818e-06,0.13572316,0.8562785,0.99200165,0.99200165,0.00013732212,0.011718452,0.00013262965
2026-04-13,1.1623398e-06,0.13312571,0.858511,0.9916367,0.9916367,0.000118744254,0.010896984,0.00013898089
2026-04-14,1.0464071e-06,0.115345456,0.876658,0.9920035,0.9920035,0.00011522045,0.0107340785,0.00013085814
2026-04-15,9.832488e-07,0.12372027,0.86841536,0.99213564,0.99213564,0.00011846044,0.010883953,0.00012502598
2026-04-16,1.1639352e-06,0.12662216,0.86503285,0.991655,0.991655,0.00011114323,0.010542449,0.00013947682
2026-04-17,1.2963028e-06,0.12722343,0.86406183,0.99128526,0.99128526,9.795832e-05,0.009897389,0.00014874838
2026-04-20,1.0856795e-06,0.11406421,0.8777693,0.9918335,0.9918335,0.000103736624,0.010185118,0.0001329432
2026-04-21,1.2596074e-06,0.1411504,0.8501941,0.9913445,0.9913445,9.26881e-05,0.009627466,0.00014552701
2026-04-22,1.3723625e-06,0.08259482,0.90842503,0.99101985,0.99101985,8.650102e-05,0.009300592,0.0001528217
2026-04-23,1.2709213e-06,0.14128493,0.8499629,0.99124783,0.99124783,8.803143e-05,0.009382507,0.00014521218
2026-04-24,1.4681121e-06,0.087989286,0.902863,0.9908523,0.9908523,7.843896e-05,0.008856578,0.0001604897
2026-04-27,1.3998366e-06,0.12637651,0.86460763,0.99098414,0.99098414,7.7282166e-05,0.008791028,0.00015526383
2026-04-28,1.5463993e-06,0.1346752,0.85592055,0.99059576,0.99059576,6.851672e-05,0.008277482,0.00016443635
2026-04-29,1.6271823e-06,0.092244856,0.8980284,0.99027324,0.99027324,6.364383e-05,0.007977708,0.0001672892
2026-04-30,1.9108602e-06,0.111913696,0.87780154,0.9897152,0.9897152,5.8791808e-05,0.0076675816,0.00018579492
2026-05-01,1.5189503e-06,0.09587214,0.89471084,0.990583,0.990583,6.4081076e-05,0.008005066,0.00016129878
2026-05-04,1.7605041e-06,0.13325776,0.85679924,0.990057,0.990057,5.9491093e-05,0.007713047,0.0001770595
2026-05-05,1.8724261e-06,0.087673396,0.90210295,0.9897764,0.9897764,5.471329e-05,0.0073968433,0.00018314694
2026-05-06,1.5844826e-06,0.13780494,0.8525785,0.99038345,0.99038345,5.657004e-05,0.0075213057,0.00016476616
2026-05-07,1.3439442e-06,0.11405396,0.8769827,0.99103665,0.99103665,7.537205e-05,0.008681708,0.00014993777
2026-05-08,1.5860564e-06,0.107798666,0.8826951,0.9904937,0.9904938,6.865324e-05,0.008285725,0.00016684293
2026-05-11,1.4812874e-06,0.12269038,0.86803645,0.9907268,0.9907268,6.9148635e-05,0.008315566,0.00015973904
2026-05-12,1.6183178e-06,0.12175109,0.86866134,0.9904124,0.9904124,6.204054e-05,0.0078765815,0.00016879305
2026-05-13,1.6610745e-06,0.09678505,0.89348125,0.9902663,0.9902663,5.5863016e-05,0.0074741566,0.00017065232
2026-05-14,1.7807607e-06,0.12166292,0.8683794,0.9900423,0.9900423,5.4389468e-05,0.0073749213,0.00017883306
2026-05-15,1.7204637e-06,0.11701762,0.87312186,0.9901395,0.9901395,5.6183435e-05,0.007495561,0.0001744801
2026-05-18,1.5164554e-06,0.07138791,0.91921085,0.99059874,0.99059874,6.8443616e-05,0.008273066,0.0001613034
2026-05-19,1.7535324e-06,0.1069094,0.8833145,0.9902239,0.9902239,6.4487e-05,0.00803038,0.00017936903
2026-05-20,1.631453e-06,0.075864896,0.91457343,0.99043834,0.99043834,6.375948e-05,0.007984953,0.00017062448
2026-05-21,1.5114155e-06,0.11405553,0.87670374,0.99075925,0.99075925,6.754808e-05,0.008218763,0.00016355989
2026-05-22,1.8188623e-06,0.10068126,0.8893858,0.99006706,0.99006706,6.109886e-05,0.0078165755,0.00018311429
2026-05-26,1.8283353e-06,0.109111786,0.88081735,0.98992914,0.98992914,5.756644e-05,0.0075872554,0.00018154708
2026-05-27,1.6562358e-06,0.11385545,0.8764113,0.99026674,0.9902668,5.704686e-05,0.007552937,0.0001701625
2026-05-28,1.8971017e-06,0.110926814,0.87881714,0.98974395,0.98974395,5.166739e-05,0.007188003,0.00018497388
2026-05-29,1.8929474e-06,0.11626488,0.87345105,0.98971593,0.98971593,5.0438062e-05,0.007101976,0.00018406604
2026-06-01,1.9395866e-06,0.09589434,0.8937125,0.98960686,0.98960686,4.6564717e-05,0.0068238345,0.00018662176
2026-06-02,1.8949787e-06,0.12358964,0.8661369,0.98972654,0.98972654,4.417083e-05,0.006646114,0.00018445386
2026-06-03,2.0539273e-06,0.12972124,0.8595328,0.989254,0.989254,4.0322608e-05,0.0063500083,0.0001911341
2026-06-04,1.7694639e-06,0.07518294,0.91481566,0.9899986,0.9899986,4.348834e-05,0.006594569,0.00017692125
2026-06-05,1.9514018e-06,0.104896225,0.88477933,0.9896756,0.9896756,4.252018e-05,0.00652075,0.0001890084
2026-06-08,1.2943941e-06,0.06366223,0.9279131,0.99157536,0.99157536,0.00011231413,0.010597836,0.00015364385
2026-06-09,1.5899985e-06,0.11199279,0.87883914,0.9908319,0.9908319,0.00010578659,0.010285261,0.00017342748
2026-06-10,1.5088439e-06,0.07500305,0.9164392,0.9914422,0.9914422,9.5653224e-05,0.009780247,0.0001763122
2026-06-11,1.2760017e-06,0.070082046,0.92165697,0.99173903,0.99173903,0.00010855412,0.010418931,0.00015446158
2026-06-12,1.2782265e-06,0.077891596,0.91443354,0.9923251,0.9923251,0.00012079745,0.010990789,0.00016654693
2026-06-15,1.3417978e-06,0.104542434,0.8870857,0.9916281,0.9916281,0.000113852366,0.010670163,0.00016027418
2026-06-16,1.1043825e-06,0.1082069,0.88398373,0.9921906,0.9921906,0.00013360876,0.011558926,0.00014141705
2026-06-17,1.1555794e-06,0.077592194,0.9141582,0.9917504,0.9917504,0.00012332479,0.01110517,0.00014007735
2026-06-18,1.1599863e-06,0.07048981,0.92134506,0.9918349,0.9918349,0.00012651121,0.011247721,0.00014206603
2026-06-22,1.1374284e-06,0.098267876,0.893547,0.99181485,0.99181485,0.00012177588,0.011035211,0.00013896247
2026-06-23,1.2921923e-06,0.11576297,0.8756182,0.99138117,0.99138117,0.0001110444,0.01053776,0.00014992662
2026-06-24,1.2244349e-06,0.06339614,0.92817295,0.9915691,0.9915691,0.00012392881,0.011132332,0.00014523184
2026-06-25,1.5361314e-06,0.08734828,0.9035781,0.9909264,0.9909264,0.000116278505,0.010783251,0.00016929652
2026-06-26,1.5726673e-06,0.09382006,0.89691734,0.9907374,0.9907374,0.00010674134,0.01033157,0.00016978642
2026-06-29,1.4125412e-06,0.06945622,0.92177963,0.99123585,0.99123585,0.00010250835,0.010124641,0.00016117269
2026-06-30,1.119374e-06,0.107851595,0.88414884,0.99200046,0.99200046,0.00011403012,0.010678489,0.0001399298
2026-07-01,1.2058244e-06,0.10054094,0.8910793,0.99162024,0.99162024,0.00010812143,0.010398146,0.0001438973
2026-07-02,1.3265178e-06,0.10383516,0.8875418,0.99137694,0.99137694,9.778867e-05,0.009888815,0.00015383371
2026-07-06,1.3723404e-06,0.082733646,0.90855736,0.991291,0.991291,8.835178e-05,0.009399563,0.00015757703
2026-07-07,1.1495814e-06,0.11883263,0.8727975,0.99163014,0.99163014,8.7628345e-05,0.009361002,0.0001373477
2026-07-08,1.4285774e-06,0.09831085,0.8925984,0.9909092,0.9909092,8.054145e-05,0.008974489,0.00015714573
2026-07-09,1.6362981e-06,0.0931138,0.897335,0.9904488,0.9904488,7.437716e-05,0.008624219,0.0001713181
2026-07-10,1.503922e-06,0.11225924,0.8783952,0.99065447,0.99065447,7.4706215e-05,0.008643276,0.00016092419
2026-07-13,1.5380734e-06,0.108644314,0.88195115,0.99059546,0.99059546,6.902687e-05,0.008308241,0.00016354585
2026-07-14,1.5951996e-06,0.08459198,0.90590346,0.99049544,0.99049544,6.914726e-05,0.008315483,0.00016783524
2026-07-15,1.5956681e-06,0.12045941,0.8699527,0.9904121,0.9904121,6.519036e-05,0.0080740545,0.00016642547
2026-07-16,1.6885947e-06,0.09885256,0.8913843,0.9902369,0.9902369,6.002064e-05,0.007747299,0.00017295644
2026-07-17,1.7344096e-06,0.08634732,0.90383375,0.9901811,0.9901811,5.8310856e-05,0.0076361545,0.0001766397
2026-07-20,1.4363418e-06,0.06876715,0.9220985,0.99086565,0.99086565,6.330167e-05,0.007956235,0.00015724616
2026-07-21,1.7575568e-06,0.09708292,0.8931503,0.99023324,0.99023324,6.0029786e-05,0.007747889,0.00017995294
2026-07-22,1.5956792e-06,0.1236714,0.86675274,0.99042416,0.99042416,6.177636e-05,0.0078597935,0.00016663589
2026-07-23,1.9642462e-06,0.10121557,0.88846207,0.9896776,0.98967767,5.53655e-05,0.0074408,0.00019028982
2026-07-24,1.4118864e-06,0.068209656,0.9227287,0.99093837,0.99093837,6.72529e-05,0.008200786,0.00015580923
2026-07-27,1.8189268e-06,0.10560953,0.884447,0.9900565,0.9900565,6.351507e-05,0.007969635,0.00018292648
2026-07-28,1.9009076e-06,0.101580545,0.88832194,0.9899025,0.9899025,5.7994745e-05,0.007615428,0.0001882552
2026-07-29,1.9497043e-06,0.088844255,0.90092987,0.9897741,0.9897741,5.391348e-05,0.0073425802,0.00019066349
2026-07-30,1.3477996e-06,0.066942364,0.9242126,0.9911549,0.9911549,7.240023e-05,0.008508832,0.00015237827
2026-07-31,1.238986e-06,0.11087712,0.8807779,0.991655,0.991655,8.635686e-05,0.009292839,0.00014847032
2026-08-03,1.3480984e-06,0.09910653,0.89231765,0.9914242,0.9914242,8.271552e-05,0.009094807,0.00015719802
2026-08-04,1.0907186e-06,0.11519524,0.8768592,0.9920544,0.9920544,9.4462725e-05,0.009719194,0.00013727332
2026-08-05,1.0636187e-06,0.12138871,0.87091357,0.9923023,0.9923023,0.0001199415,0.010951781,0.00013817355
2026-08-06,1.1584925e-06,0.1340417,0.85772014,0.9917618,0.9917618,0.000106101295,0.010300549,0.00014062453
2026-08-07,1.38087e-06,0.11988342,0.87121344,0.99109685,0.99109685,9.2590555e-05,0.009622399,0.00015509911
2026-08-10,1.3459628e-06,0.11467077,0.8764636,0.99113435,0.99113435,8.6236185e-05,0.009286344,0.00015181764
2026-08-11,1.6009302e-06,0.11687798,0.8736039,0.99048185,0.99048185,7.695557e-05,0.008772433,0.00016819769
2026-08-12,1.8978066e-06,0.10298833,0.8867153,0.9897036,0.98970366,7.016944e-05,0.00837672,0.00018431741
2026-08-13,1.973922e-06,0.11887498,0.87062985,0.9895048,0.9895048,6.46706e-05,0.008041804,0.0001880788
2026-08-14,1.7931098e-06,0.116112046,0.87377125,0.9898833,0.9898833,6.3722975e-05,0.007982668,0.00017724263
2026-08-17,1.970104e-06,0.11619191,0.87332904,0.98952097,0.98952097,5.8017697e-05,0.007616935,0.00018800437
2026-08-18,1.9563233e-06,0.096540615,0.8930274,0.98956805,0.98956805,5.5455774e-05,0.007446863,0.00018753197
2026-08-19,1.7925992e-06,0.07885119,0.9110974,0.9899486,0.98994863,5.616191e-05,0.007494125,0.00017834271
2026-08-20,1.8815787e-06,0.10904157,0.88075805,0.9897996,0.9897996,5.32493e-05,0.007297212,0.0001844616
2026-08-21,1.8150124e-06,0.07679681,0.9131861,0.9899829,0.9899829,5.6885037e-05,0.007542217,0.00018119146
2026-08-24,1.8482968e-06,0.10876873,0.88113225,0.989901,0.98990095,5.4928227e-05,0.007411358,0.00018301792
2026-08-25,1.9923716e-06,0.10801774,0.8815292,0.98954695,0.98954695,5.1311654e-05,0.0071632154,0.00019060202
2026-08-26,1.9295214e-06,0.12240097,0.8671764,0.9895774,0.9895774,4.8200785e-05,0.0069426787,0.00018512883
2026-08-27,2.1235112e-06,0.11152848,0.877679,0.98920745,0.98920745,4.372827e-05,0.0066127353,0.00019675707
2026-08-28,1.9145843e-06,0.11185204,0.87773544,0.9895875,0.9895875,4.4994355e-05,0.0067077833,0.0001838734
