Date,omega,alpha,beta,rho,persistence,sigma2,sigma,sigma_bar2
2005-01-04,7.830403e-06,0.06332577,0.924898,0.9882238,0.9882238,0.0007232377,0.02689308,0.0006649341
2005-01-05,7.454178e-06,0.065657526,0.92257,0.9882275,0.9882275,0.00078519067,0.028021254,0.0006331849
2005-01-06,7.700778e-06,0.064185105,0.9240192,0.9882043,0.9882043,0.0007415422,0.027231272,0.00065284624
2005-01-07,7.3232927e-06,0.06637191,0.9218883,0.9882602,0.9882602,0.0008442715,0.02905635,0.00062380097
2005-01-10,7.747167e-06,0.063938245,0.9242561,0.98819435,0.98819435,0.0007862834,0.028040746,0.00065622514
2005-01-11,7.5876383e-06,0.06482178,0.9233988,0.9882206,0.9882206,0.00073485565,0.02710822,0.0006441432
2005-01-12,7.692747e-06,0.06422255,0.92398393,0.9882065,0.9882065,0.00068975333,0.026263155,0.0006522874
2005-01-13,7.649076e-06,0.06452271,0.923676,0.98819876,0.98819876,0.00065899343,0.025670867,0.0006481585
2005-01-14,7.164539e-06,0.067094535,0.92124975,0.98834425,0.9883443,0.0006960335,0.026382446,0.0006146786
2005-01-18,7.754099e-06,0.06364274,0.9246142,0.98825693,0.98825693,0.00065150065,0.02552451,0.0006603128
2005-01-19,7.3498277e-06,0.0658211,0.92249525,0.98831636,0.98831636,0.00061014446,0.024701102,0.00062906987
2005-01-20,7.40204e-06,0.0657088,0.92258745,0.9882963,0.9882963,0.0005904621,0.024299426,0.0006324514
2005-01-21,7.6166025e-06,0.06465915,0.92355716,0.98821634,0.9882163,0.0005646489,0.023762342,0.0006463699
2005-01-24,7.540678e-06,0.064882115,0.923397,0.9882791,0.9882791,0.00060259167,0.024547743,0.0006433534
2005-01-25,7.443799e-06,0.06538742,0.922921,0.9883084,0.9883084,0.00056594535,0.023789605,0.00063668087
2005-01-26,7.5270527e-06,0.06489006,0.92340994,0.9883,0.98829997,0.0005478358,0.023405893,0.00064333924
2005-01-27,7.6169995e-06,0.06453914,0.9237062,0.9882453,0.9882453,0.0005337675,0.023103409,0.00064799655
2005-01-28,7.6073034e-06,0.06446945,0.9237938,0.98826325,0.98826325,0.0005007247,0.022376878,0.00064816093
2005-01-31,7.520956e-06,0.065448545,0.9227356,0.9881841,0.9881841,0.00054832874,0.02341642,0.0006365112
2005-02-01,7.6069455e-06,0.064599864,0.92364675,0.9882466,0.9882466,0.00054276193,0.023297252,0.0006472134
2005-02-02,7.5908392e-06,0.06474787,0.92348826,0.9882361,0.9882361,0.0005428033,0.02329814,0.00064526714
2005-02-03,7.6214155e-06,0.06450521,0.92374295,0.98824817,0.98824817,0.0005145915,0.02268461,0.0006485301
2005-02-04,7.3928354e-06,0.06556886,0.92273754,0.9883064,0.9883064,0.00048484694,0.022019241,0.00063221226
2005-02-07,7.526269e-06,0.06469541,0.9236349,0.9883303,0.9883303,0.0004547902,0.02132581,0.00064494135
2005-02-08,7.430514e-06,0.06619174,0.9220505,0.9882422,0.9882422,0.0004726592,0.021740727,0.0006319651
2005-02-09,7.5987496e-06,0.06453604,0.9237356,0.98827165,0.98827165,0.0004436301,0.021062529,0.0006478961
2005-02-10,7.643556e-06,0.064063475,0.92425734,0.9883208,0.9883208,0.00041747128,0.020432115,0.00065446045
2005-02-11,7.2083235e-06,0.066723734,0.9216378,0.9883615,0.9883615,0.00047288038,0.021745812,0.0006193504
2005-02-14,7.4959544e-06,0.06511165,0.92319095,0.9883026,0.9883026,0.0004431042,0.02105004,0.00064082164
2005-02-15,7.5575354e-06,0.064525366,0.9238127,0.98833805,0.98833805,0.00041866745,0.020461366,0.0006480509
2005-02-16,7.5409203e-06,0.06474564,0.92356783,0.9883135,0.9883135,0.00039538083,0.019884186,0.0006452674
2005-02-17,7.3408028e-06,0.06579701,0.92257357,0.9883706,0.9883706,0.00040446775,0.020111384,0.00063122786
2005-02-18,7.2191424e-06,0.06721193,0.9210792,0.98829114,0.98829114,0.0003988846,0.019972095,0.00061655405
2005-02-22,7.1873087e-06,0.06648055,0.9219347,0.9884153,0.98841524,0.0003932706,0.019831052,0.0006204139
2005-02-23,6.740031e-06,0.0703005,0.9180267,0.9883272,0.9883272,0.00057867286,0.02405562,0.00057741365
2005-02-24,7.3166075e-06,0.066169225,0.9221521,0.9883213,0.9883213,0.0005379788,0.023194369,0.00062649185
2005-02-25,7.3856168e-06,0.06620396,0.9220061,0.98821,0.98821,0.0005045012,0.022461105,0.0006264318
2005-02-28,7.1967916e-06,0.06663964,0.92176086,0.9884005,0.9884005,0.00047273145,0.021742389,0.0006204408
2005-03-01,7.438729e-06,0.06565386,0.9225977,0.98825157,0.98825157,0.00044447658,0.021082614,0.00063316774
2005-03-02,6.3600946e-06,0.071453184,0.91724944,0.9887026,0.98870265,0.00041767818,0.020437177,0.00056296954
2005-03-03,6.9689777e-06,0.06812332,0.92030025,0.9884236,0.9884236,0.00043750202,0.02091655,0.00060199795
2005-03-04,7.26015e-06,0.06612081,0.92230326,0.98842406,0.98842406,0.0004157712,0.020390468,0.000627176
2005-03-07,7.288882e-06,0.06609347,0.9222926,0.98838603,0.98838603,0.00039161992,0.019789388,0.00062759634
2005-03-08,7.3674573e-06,0.06550651,0.9228947,0.98840123,0.98840123,0.00036869236,0.019201364,0.0006351932
2005-03-09,7.2056678e-06,0.06654369,0.92186576,0.98840946,0.98840946,0.00035814333,0.018924676,0.00062168523
2005-03-10,7.42843e-06,0.06506618,0.923345,0.9884112,0.9884112,0.00033798625,0.018384403,0.0006410001
2005-03-11,7.394658e-06,0.06569074,0.9226214,0.9883122,0.9883122,0.00035378223,0.0188091,0.00063268095
2005-03-14,7.265453e-06,0.06626567,0.9221139,0.9883796,0.9883796,0.00035114432,0.018738845,0.00062523247
2005-03-15,7.2928865e-06,0.06606993,0.9223131,0.988383,0.98838305,0.00033675486,0.018350882,0.00062777684
2005-03-16,7.4311356e-06,0.065231085,0.923136,0.9883671,0.9883671,0.00031805123,0.017833991,0.0006388023
2005-03-17,7.229843e-06,0.06655389,0.92181516,0.98836905,0.98836905,0.00034197592,0.01849259,0.0006216037
2005-03-18,7.350332e-06,0.06548936,0.92294353,0.9884329,0.9884329,0.00032258115,0.017960545,0.0006354507
2005-03-21,7.3263363e-06,0.06559709,0.92284775,0.9884448,0.9884448,0.00030699797,0.017521357,0.0006340297
2005-03-22,7.3915426e-06,0.06526974,0.9231492,0.98841894,0.98841894,0.00029090187,0.017055845,0.00063824386
2005-03-23,7.3815163e-06,0.06536336,0.9230497,0.98841304,0.98841304,0.00028342867,0.01683534,0.0006370535
2005-03-24,7.518807e-06,0.06496659,0.923329,0.98829556,0.98829556,0.0003770939,0.019418906,0.000642389
2005-03-28,7.380399e-06,0.06549533,0.9228826,0.9883779,0.9883779,0.00037847285,0.019454379,0.000635033
2005-03-29,7.371765e-06,0.06563592,0.92272806,0.988364,0.988364,0.00037091298,0.0192591,0.00063352985
2005-03-30,7.42097e-06,0.065433264,0.9229003,0.9883336,0.9883336,0.00035024885,0.018714936,0.00063609675
2005-03-31,7.469305e-06,0.06517569,0.9231428,0.9883185,0.9883185,0.000332095,0.018223474,0.0006394133
2005-04-01,7.3163055e-06,0.06604532,0.92230684,0.9883522,0.9883522,0.0003565623,0.018882858,0.00062812655
2005-04-04,7.314717e-06,0.06628554,0.9220134,0.98829895,0.98829895,0.0004079212,0.02019706,0.0006251335
2005-04-05,7.4191444e-06,0.0651338,0.9232771,0.9884109,0.9884109,0.00038494347,0.019619977,0.0006401824
2005-04-06,7.461072e-06,0.06521751,0.9231077,0.9883252,0.9883252,0.00038254666,0.0195588,0.0006390738
2005-04-07,7.500383e-06,0.0647909,0.9235764,0.9883673,0.9883673,0.00036145432,0.019011952,0.00064476824
2005-04-08,7.315727e-06,0.06703574,0.9211609,0.9881966,0.9881966,0.0004072163,0.020179601,0.0006197989
2005-04-11,7.451245e-06,0.0649621,0.9234007,0.9883628,0.9883628,0.00039740166,0.019934935,0.00064029475
2005-04-12,7.4489267e-06,0.06491231,0.9234803,0.9883926,0.9883926,0.0003776405,0.019432975,0.000641739
2005-04-13,7.485775e-06,0.065155424,0.9231481,0.98830354,0.98830354,0.00043703156,0.0209053,0.0006400036
2005-04-14,7.503637e-06,0.06540442,0.9228309,0.9882353,0.9882353,0.0004792128,0.021890929,0.00063780916
2005-04-15,7.4905174e-06,0.06511486,0.9231814,0.9882963,0.9882963,0.00047027244,0.021685766,0.00064001116
2005-04-18,7.6147116e-06,0.064601004,0.9236542,0.9882552,0.9882552,0.00045236305,0.021268828,0.00064834766
2005-04-19,7.446567e-06,0.06497549,0.9233827,0.9883582,0.9883582,0.00042588444,0.020636968,0.0006396405
2005-04-20,7.198099e-06,0.06682036,0.9215366,0.988357,0.988357,0.00049047737,0.022146724,0.00061823445
2005-04-21,7.6066835e-06,0.064240016,0.9240934,0.98833346,0.98833346,0.0004596518,0.021439493,0.00065200875
2005-04-22,7.4572727e-06,0.06516086,0.923184,0.98834485,0.98834485,0.00050136633,0.022391211,0.0006398263
2005-04-25,7.5190087e-06,0.064957514,0.92333925,0.98829675,0.98829675,0.00050037494,0.022369063,0.0006424717
2005-04-26,7.5367248e-06,0.06460295,0.92375463,0.9883576,0.9883576,0.00048445002,0.022010226,0.00064735167
2005-04-27,7.5511225e-06,0.064659275,0.9236608,0.9883201,0.9883201,0.00045825297,0.021406844,0.00064650644
2005-04-28,7.1953195e-06,0.06816747,0.9200146,0.98818207,0.98818207,0.0005873618,0.024235548,0.0006088476
2005-04-29,7.511512e-06,0.06498793,0.9233099,0.9882979,0.9882978,0.0005481333,0.023412246,0.00064189325
2005-05-02,7.366725e-06,0.06717227,0.92096823,0.9881405,0.9881405,0.0006209525,0.02491892,0.0006211678
2005-05-03,7.426205e-06,0.06573999,0.9225111,0.9882511,0.9882511,0.00061668886,0.024833221,0.00063207606
2005-05-04,7.4288946e-06,0.066594005,0.921572,0.98816603,0.98816603,0.00062980567,0.025095928,0.00062776037
2005-05-05,7.552655e-06,0.0650452,0.9231831,0.98822826,0.98822826,0.00059809414,0.024455963,0.00064159214
2005-05-06,7.6466695e-06,0.06453632,0.9236929,0.9882292,0.9882292,0.0005717849,0.023912024,0.00064963126
2005-05-09,7.635281e-06,0.06421211,0.9241084,0.98832047,0.98832047,0.0005361465,0.023154838,0.00065373187
2005-05-10,7.6078136e-06,0.06433835,0.9239719,0.9883102,0.9883102,0.0005301865,0.023025779,0.00065080886
2005-05-11,7.610896e-06,0.06401714,0.9243653,0.9883824,0.9883824,0.0004975033,0.022304783,0.0006551177
2005-05-12,7.6476745e-06,0.06492286,0.9232629,0.98818576,0.98818576,0.0005324035,0.02307387,0.000647327
2005-05-13,7.5374655e-06,0.065563366,0.92263514,0.9881985,0.9881985,0.0005970988,0.024435604,0.0006386881
2005-05-16,7.595163e-06,0.064485565,0.9238028,0.98828834,0.98828834,0.0005588309,0.023639604,0.0006485131
2005-05-17,7.491804e-06,0.06468131,0.9236841,0.9883654,0.9883654,0.00052398443,0.022890706,0.00064392516
2005-05-18,7.492024e-06,0.06479397,0.9235723,0.98836625,0.98836625,0.00049478567,0.022243777,0.00064399024
2005-05-19,7.6287515e-06,0.06485192,0.9233793,0.98823124,0.98823124,0.00054840493,0.023418047,0.0006482206
2005-05-20,7.4612753e-06,0.06473753,0.9236597,0.9883972,0.98839724,0.00051742035,0.022746876,0.0006430571
2005-05-23,7.638869e-06,0.064379655,0.92391044,0.9882901,0.9882901,0.0004858888,0.022042885,0.0006523412
2005-05-24,7.5091502e-06,0.06562856,0.92258275,0.9882113,0.9882113,0.00061087264,0.024715837,0.00063697726
2005-05-25,7.471491e-06,0.065092094,0.92327034,0.98836243,0.98836243,0.0005777614,0.024036668,0.0006420148
2005-05-26,7.4877944e-06,0.06523914,0.9230782,0.9883173,0.9883173,0.0005842094,0.024170425,0.0006409307
2005-05-27,7.2992957e-06,0.065745056,0.92271584,0.9884609,0.9884609,0.00054676674,0.023383044,0.00063257053
2005-05-31,7.448625e-06,0.06552635,0.9227584,0.98828477,0.98828477,0.0005288408,0.02299654,0.0006358068
2005-06-01,7.5964085e-06,0.0642149,0.9241349,0.9883498,0.9883498,0.00049572263,0.022264829,0.00065204076
2005-06-02,6.7323977e-06,0.070091136,0.9182771,0.9883682,0.9883682,0.0006207036,0.024913924,0.00057879306
2005-06-03,7.5436915e-06,0.06547892,0.9227142,0.9881931,0.9881931,0.0005998342,0.024491513,0.000638922
2005-06-06,7.1230456e-06,0.06723942,0.9211401,0.9883795,0.9883795,0.00060370244,0.024570357,0.00061297126
2005-06-07,7.272717e-06,0.06651069,0.9218216,0.9883323,0.9883323,0.00057007594,0.023876263,0.000623319
2005-06-08,7.640194e-06,0.06447166,0.9237571,0.98822874,0.98822874,0.0005453115,0.023351906,0.0006490548
2005-06-09,7.6186493e-06,0.06466765,0.923563,0.98823065,0.98823065,0.00054605614,0.023367845,0.00064732943
2005-06-10,7.000342e-06,0.0679792,0.92042685,0.98840606,0.98840606,0.00057958177,0.024074504,0.0006037933
2005-06-13,7.5656344e-06,0.06511676,0.9231088,0.9882256,0.9882256,0.00055372034,0.023531264,0.0006425483
2005-06-14,7.053828e-06,0.06797095,0.9203698,0.98834074,0.98834074,0.0006121234,0.024741128,0.0006049977
2005-06-15,7.5927587e-06,0.06492052,0.92328835,0.9882089,0.9882089,0.0005793416,0.024069516,0.00064393925
2005-06-16,7.4922386e-06,0.06502526,0.9232951,0.98832035,0.98832035,0.00054907805,0.023432415,0.00064147805
2005-06-17,7.440444e-06,0.065399826,0.922912,0.9883118,0.9883118,0.00053499546,0.023129968,0.0006365789
2005-06-20,7.2144776e-06,0.06685507,0.92146814,0.9883232,0.9883232,0.0005707837,0.02389108,0.0006178478
2005-06-21,7.4142486e-06,0.065403454,0.9229497,0.98835313,0.98835313,0.00054829003,0.023415593,0.0006365874
2005-06-22,7.3609704e-06,0.065689094,0.9226741,0.9883632,0.9883632,0.00051784125,0.022756126,0.00063256
2005-06-23,7.5796947e-06,0.06451867,0.9237918,0.9883105,0.9883105,0.0004981931,0.022320239,0.00064841995
2005-06-24,7.196784e-06,0.066768974,0.92160165,0.9883706,0.98837066,0.00050017657,0.022364628,0.0006188438
2005-06-27,7.420002e-06,0.06520296,0.9231832,0.98838615,0.98838615,0.0004712525,0.02170835,0.00063889276
2005-06-28,7.2355588e-06,0.06608331,0.9223788,0.9884621,0.9884621,0.0004509339,0.021235205,0.00062711176
2005-06-29,7.5114413e-06,0.06586624,0.92230076,0.988167,0.988167,0.0005270962,0.022958577,0.0006347869
2005-06-30,7.685621e-06,0.06414537,0.92409647,0.98824185,0.98824185,0.0005116312,0.022619266,0.0006536421
2005-07-01,7.725762e-06,0.06373819,0.92453575,0.9882739,0.9882739,0.0004923463,0.022188878,0.0006588528
2005-07-05,6.9127977e-06,0.06872035,0.91965747,0.9883778,0.9883778,0.00055893225,0.023641748,0.000594793
2005-07-06,7.2949883e-06,0.0663411,0.92197645,0.98831755,0.98831755,0.0005343282,0.02311554,0.0006244399
2005-07-07,6.911632e-06,0.06888492,0.9194567,0.9883416,0.9883416,0.00055093697,0.023472046,0.0005928472
2005-07-08,7.3395304e-06,0.06575422,0.92262983,0.98838407,0.98838407,0.00051937334,0.022789763,0.00063185033
2005-07-11,7.5153375e-06,0.06528298,0.9229688,0.9882518,0.9882518,0.0005090752,0.022562694,0.0006397015
2005-07-12,7.71461e-06,0.06384754,0.92442226,0.9882698,0.9882698,0.00048711887,0.02207077,0.0006576711
2005-07-13,6.993812e-06,0.06828912,0.9200541,0.9883432,0.9883432,0.00050881406,0.022556907,0.00059997593
2005-07-14,7.674129e-06,0.064195625,0.9240512,0.98824686,0.98824686,0.00048244826,0.021964705,0.00065294275
2005-07-15,7.616147e-06,0.06506757,0.9230916,0.9881592,0.9881592,0.00054501556,0.02334557,0.00064321107
2005-07-18,7.643125e-06,0.06433626,0.92391545,0.9882517,0.9882517,0.0005121938,0.0226317,0.00065057207
2005-07-19,7.553993e-06,0.06469158,0.9236096,0.9883012,0.9883012,0.00049273536,0.022197643,0.0006457076
2005-07-20,7.5332746e-06,0.06448617,0.9238581,0.98834425,0.98834425,0.00046296255,0.021516565,0.0006463141
2005-07-21,7.778736e-06,0.06336805,0.9249203,0.98828834,0.9882884,0.0004464817,0.021130113,0.0006641875
2005-07-22,7.514173e-06,0.06416469,0.9242706,0.98843527,0.98843527,0.0004238121,0.020586697,0.000649749
2005-07-25,7.4931468e-06,0.06500157,0.92330223,0.9883038,0.9883038,0.00044267322,0.0210398,0.0006406469
2005-07-26,7.655412e-06,0.0638321,0.92452854,0.98836064,0.98836064,0.00041833485,0.020453235,0.0006577178
2005-07-27,7.685855e-06,0.06372892,0.9246103,0.98833925,0.98833925,0.00039504963,0.019875856,0.0006591216
2005-07-28,7.675384e-06,0.06387663,0.92444223,0.98831886,0.98831886,0.00037315013,0.019317094,0.00065707497
2005-07-29,7.6227366e-06,0.06408208,0.9242675,0.98834956,0.98834956,0.00036463005,0.019095289,0.0006542873
2005-08-01,7.606807e-06,0.06409033,0.9242811,0.98837143,0.98837143,0.00035132834,0.018743755,0.00065414817
2005-08-02,7.2925172e-06,0.06613314,0.92223483,0.988368,0.988368,0.0003490218,0.018682126,0.00062693446
2005-08-03,7.4247887e-06,0.065012164,0.9234075,0.98841965,0.98841965,0.00033079015,0.018187637,0.0006411542
2005-08-04,7.70039e-06,0.06357692,0.9247795,0.9883564,0.9883564,0.00033171318,0.018212995,0.0006613416
2005-08-05,7.422445e-06,0.06519513,0.92316633,0.9883615,0.9883615,0.0003188098,0.017855246,0.00063774805
2005-08-08,7.4571835e-06,0.06502542,0.92334974,0.9883752,0.9883752,0.00031601655,0.017776854,0.00064148847
2005-08-09,7.305721e-06,0.065877095,0.9225319,0.988409,0.988409,0.0003418159,0.018488264,0.0006302916
2005-08-10,7.6034544e-06,0.06432703,0.92399347,0.98832047,0.98832047,0.00033543987,0.018315017,0.0006510069
2005-08-11,6.947854e-06,0.068503544,0.9198622,0.98836577,0.98836577,0.00036930054,0.019217193,0.0005971907
2005-08-12,7.245485e-06,0.06642662,0.92194796,0.9883746,0.9883746,0.0003592012,0.018952604,0.0006232456
2005-08-15,7.233018e-06,0.06657026,0.92179036,0.98836064,0.98836064,0.0003548731,0.018838076,0.00062142767
2005-08-16,7.560227e-06,0.06463315,0.92367965,0.9883128,0.9883128,0.0003398666,0.01843547,0.0006468799
2005-08-17,7.430815e-06,0.06532235,0.92302215,0.9883445,0.9883445,0.00032211296,0.017947506,0.0006375367
2005-08-18,7.3162128e-06,0.06708917,0.9210967,0.9881859,0.9881859,0.00043126557,0.020766934,0.0006192771
2005-08-19,7.0396322e-06,0.06678753,0.92173076,0.9885183,0.9885183,0.0004045539,0.020113526,0.0006131175
2005-08-22,7.1279155e-06,0.067455806,0.9208622,0.988318,0.988318,0.00044878176,0.02118447,0.0006101636
2005-08-23,7.405063e-06,0.065591566,0.9227283,0.9883199,0.9883199,0.00042050646,0.020506253,0.0006339883
2005-08-24,7.63923e-06,0.06436191,0.9238934,0.9882553,0.9882553,0.00039632907,0.019908015,0.0006504418
2005-08-25,7.204844e-06,0.06680218,0.92154074,0.98834294,0.98834294,0.00041077874,0.020267677,0.00061806705
2005-08-26,7.4315294e-06,0.064736314,0.92373633,0.98847264,0.98847264,0.0003861026,0.019649493,0.00064468617
2005-08-29,7.698494e-06,0.063794084,0.9245127,0.98830676,0.98830676,0.0003915472,0.019787552,0.0006583714
2005-08-30,6.470776e-06,0.07164982,0.91678965,0.9884395,0.98843944,0.00038563958,0.019637708,0.0005597315
2005-08-31,5.70199e-06,0.07849964,0.91006416,0.9885638,0.9885638,0.00046275393,0.021511717,0.0004985903
2005-09-01,7.031963e-06,0.0672065,0.92133075,0.98853725,0.98853725,0.00043965672,0.020967992,0.00061346224
2005-09-02,6.548525e-06,0.07123039,0.9172104,0.9884408,0.9884408,0.00041580157,0.020391213,0.0005665212
2005-09-06,7.1099016e-06,0.06898591,0.91910934,0.9880953,0.9880953,0.0004436478,0.021062948,0.000597234
2005-09-07,7.50764e-06,0.06538624,0.92283094,0.9882172,0.9882172,0.00045578697,0.021349167,0.00063716806
2005-09-08,7.338867e-06,0.065577716,0.922783,0.98836076,0.98836076,0.00046781666,0.021629069,0.00063052814
2005-09-09,7.624307e-06,0.0641961,0.924102,0.9882981,0.9882981,0.00043920512,0.02095722,0.00065154536
2005-09-12,7.646454e-06,0.06416249,0.92412984,0.98829234,0.98829234,0.00041630463,0.020403545,0.0006531153
2005-09-13,7.449352e-06,0.065152325,0.9231782,0.98833054,0.98833054,0.00040162294,0.020040533,0.0006383632
2005-09-14,7.429096e-06,0.06475197,0.9236763,0.9884283,0.9884283,0.0003791196,0.019470993,0.0006420053
2005-09-15,7.3215765e-06,0.06583734,0.9225457,0.988383,0.988383,0.00041845575,0.020456191,0.0006302465
2005-09-16,7.704476e-06,0.06375194,0.92455554,0.9883075,0.9883075,0.0003953399,0.019883156,0.00065892324
2005-09-19,7.4419754e-06,0.06578305,0.9224887,0.9882718,0.9882717,0.0004219129,0.020540519,0.0006345354
2005-09-20,5.7386187e-06,0.07775055,0.91078955,0.9885401,0.9885401,0.000693043,0.02632571,0.000500757
2005-09-21,7.201895e-06,0.06788271,0.920334,0.9882167,0.9882167,0.00066104246,0.025710747,0.000611195
2005-09-22,7.3819565e-06,0.065757036,0.922552,0.988309,0.988309,0.0006202935,0.024905693,0.00063142355
2005-09-23,7.4853983e-06,0.065048575,0.9232796,0.98832816,0.98832816,0.000581112,0.024106264,0.0006413211
2005-09-26,7.422509e-06,0.066150844,0.9220952,0.988246,0.988246,0.0006264204,0.025028393,0.0006314892
2005-09-27,7.1933096e-06,0.06680914,0.921555,0.9883641,0.9883641,0.00062585203,0.025017034,0.0006181997
2005-09-28,7.5033377e-06,0.06497135,0.9233483,0.98831964,0.98831964,0.00059309334,0.024353508,0.000642389
2005-09-29,6.6562657e-06,0.07061053,0.9178242,0.98843473,0.98843473,0.00057919073,0.024066381,0.00057553925
2005-09-30,7.4750137e-06,0.06578177,0.92242825,0.98821,0.98821,0.0005411179,0.023261942,0.00063401426
2005-10-03,7.4374525e-06,0.06578359,0.9224535,0.98823714,0.98823714,0.00051137817,0.022613673,0.0006322828
2005-10-04,7.5166013e-06,0.064937375,0.9233678,0.98830515,0.98830515,0.00048852374,0.022102574,0.00064272754
2005-10-05,7.5286516e-06,0.06489793,0.9234023,0.98830026,0.98830026,0.00049761706,0.022307333,0.000643489
2005-10-06,7.503428e-06,0.06501215,0.92329615,0.9883083,0.9883083,0.00048750345,0.02207948,0.0006417745
2005-10-07,7.221984e-06,0.065910995,0.9225461,0.9884571,0.9884571,0.000492835,0.022199888,0.0006256637
2005-10-10,7.4967907e-06,0.06456967,0.92379916,0.9883688,0.9883688,0.00046564607,0.021578833,0.000644542
2005-10-11,7.5639355e-06,0.06411664,0.9242718,0.9883885,0.9883885,0.00043771084,0.02092154,0.0006514164
2005-10-12,7.284279e-06,0.06619462,0.9221759,0.9883705,0.98837054,0.00046016078,0.021451358,0.000626361
2005-10-13,7.684093e-06,0.06371431,0.9246237,0.98833805,0.98833805,0.00043700228,0.020904599,0.00065890315
2005-10-14,7.4452228e-06,0.06500806,0.9233571,0.9883652,0.9883652,0.00042928447,0.020719182,0.00063990836
2005-10-17,7.5050793e-06,0.064651534,0.923696,0.98834753,0.98834753,0.00040738564,0.020183796,0.00064407627
2005-10-18,7.268762e-06,0.06617042,0.9222192,0.9883896,0.9883896,0.0004309703,0.020759825,0.00062605675
2005-10-19,7.2576627e-06,0.06653377,0.9218073,0.98834103,0.98834103,0.0004271845,0.020668443,0.00062249624
2005-10-20,7.4742184e-06,0.06503825,0.92329746,0.9883357,0.9883357,0.00041196938,0.020297028,0.00064077886
2005-10-21,7.325925e-06,0.065511264,0.92290354,0.9884148,0.9884148,0.00042105824,0.020519704,0.00063235336
2005-10-24,7.473312e-06,0.064557664,0.9238347,0.98839235,0.98839235,0.00039896375,0.019974077,0.0006438266
2005-10-25,7.4573995e-06,0.06510433,0.923252,0.9883563,0.9883563,0.0003779076,0.019439846,0.00064046605
2005-10-26,6.6056186e-06,0.07041891,0.9181146,0.9885335,0.9885335,0.00043297428,0.020808034,0.0005760796
2005-10-27,7.3947604e-06,0.066147774,0.9221109,0.98825866,0.9882587,0.00046400249,0.021540716,0.0006298055
2005-10-28,7.3980095e-06,0.0650695,0.92332745,0.98839694,0.98839694,0.00043833812,0.020936526,0.0006375914
2005-10-31,7.1446393e-06,0.06598667,0.92259175,0.98857844,0.98857844,0.00041235946,0.020306636,0.00062553963
2005-11-01,7.005057e-06,0.06828545,0.92011124,0.9883967,0.9883967,0.0004267916,0.020658934,0.0006037127
2005-11-02,7.0460437e-06,0.06663748,0.9219293,0.98856676,0.98856676,0.00039981035,0.019995257,0.00061627687
2005-11-03,7.4332065e-06,0.06489202,0.92353034,0.98842233,0.98842233,0.00037588613,0.019387783,0.0006420298
2005-11-04,7.3469846e-06,0.06541398,0.9230145,0.98842853,0.9884285,0.00042598246,0.020639343,0.0006349225
2005-11-07,7.499886e-06,0.06476939,0.923601,0.98837036,0.98837036,0.00042631757,0.020647459,0.000644894
2005-11-08,7.3820893e-06,0.06567919,0.9226688,0.988348,0.988348,0.00042397174,0.020590574,0.0006335474
2005-11-09,7.5995977e-06,0.06419753,0.92413145,0.988329,0.988329,0.00039951064,0.019987762,0.0006511519
2005-11-10,7.6062233e-06,0.06416383,0.9241777,0.9883415,0.9883415,0.00038830563,0.019705473,0.0006524193
2005-11-11,7.460675e-06,0.06493639,0.9234397,0.9883761,0.9883761,0.00039111826,0.01977671,0.0006418382
2005-11-14,7.5026983e-06,0.064758055,0.9236028,0.9883609,0.9883609,0.00037020698,0.019240763,0.00064461055
2005-11-15,7.542484e-06,0.06416148,0.92423654,0.988398,0.988398,0.00034984437,0.018704128,0.0006501029
2005-11-16,7.4441396e-06,0.06509239,0.92328906,0.98838145,0.98838145,0.00034110292,0.018468972,0.00064071134
2005-11-17,7.207264e-06,0.066321105,0.92211366,0.9884348,0.9884348,0.000337885,0.018381648,0.00062318495
2005-11-18,7.4704535e-06,0.06480851,0.9235898,0.9883983,0.9883983,0.00036850467,0.019196475,0.000643911
2005-11-21,7.3028973e-06,0.06535642,0.9231482,0.98850465,0.98850465,0.00034866546,0.018672585,0.00063529133
2005-11-22,7.3760243e-06,0.06544467,0.92294234,0.988387,0.988387,0.00037742083,0.019427322,0.00063515175
2005-11-23,7.5038297e-06,0.064884484,0.92345333,0.9883378,0.9883378,0.00038015808,0.019497642,0.00064343255
2005-11-28,7.510508e-06,0.064990684,0.9233334,0.9883241,0.9883241,0.00035895157,0.018946018,0.0006432491
2005-11-29,7.4098107e-06,0.065573536,0.922772,0.9883455,0.9883455,0.0003748369,0.019360704,0.0006357899
2005-11-30,7.25673e-06,0.06634319,0.92205596,0.98839915,0.98839915,0.00036873895,0.019202577,0.0006255342
2005-12-01,7.1632107e-06,0.067026265,0.9213689,0.98839515,0.98839515,0.00036057702,0.018988866,0.00061726035
2005-12-02,6.89215e-06,0.06834952,0.92019993,0.9885495,0.9885495,0.0003652048,0.019110331,0.0006019067
2005-12-05,7.0498063e-06,0.06772091,0.920702,0.9884229,0.9884229,0.0003567248,0.01888716,0.00060894253
2005-12-06,7.451929e-06,0.064971946,0.9234161,0.988388,0.988388,0.00034180473,0.018487962,0.0006417439
2005-12-07,7.2985563e-06,0.06561524,0.92283785,0.9884531,0.9884531,0.0003230844,0.017974548,0.00063207874
2005-12-08,7.4384984e-06,0.065187246,0.92318213,0.9883694,0.98836935,0.00031569207,0.017767726,0.000639563
2005-12-09,6.6659663e-06,0.06972839,0.91881895,0.9885473,0.9885473,0.00033628952,0.018338198,0.0005820445
2005-12-12,7.195156e-06,0.066417225,0.92203987,0.9884571,0.9884571,0.0003475787,0.018643463,0.0006233395
2005-12-13,7.0672927e-06,0.0673981,0.9210373,0.9884354,0.9884354,0.00039322695,0.019829951,0.0006111137
2005-12-14,7.1437116e-06,0.066924036,0.92149943,0.98842347,0.98842347,0.00036929894,0.019217152,0.00061708555
2005-12-15,7.101958e-06,0.066536,0.92200804,0.98854405,0.98854405,0.00035257346,0.01877694,0.00061993604
2005-12-16,6.970528e-06,0.06709004,0.9215222,0.98861223,0.98861223,0.00034611297,0.01860411,0.00061210676
2005-12-19,7.380419e-06,0.06599878,0.92231184,0.98831064,0.98831064,0.00039871325,0.019967806,0.00063137896
2005-12-20,7.383207e-06,0.065608546,0.9227469,0.98835546,0.98835546,0.00038608618,0.019649075,0.0006340487
2005-12-21,7.4901636e-06,0.064954944,0.92338765,0.9883426,0.9883426,0.0003716334,0.019277796,0.00064252346
2005-12-22,7.406348e-06,0.06527323,0.92312455,0.9883978,0.9883978,0.00035678307,0.018888703,0.0006383559
2005-12-23,6.67715e-06,0.068417914,0.9203537,0.9887716,0.9887716,0.0003384138,0.018396027,0.0005946671
2005-12-27,6.881007e-06,0.06728986,0.9213929,0.98868275,0.98868275,0.0003185097,0.01784684,0.00060801033
2005-12-28,6.5751087e-06,0.069385126,0.9194074,0.98879254,0.98879254,0.00030194942,0.017376691,0.00058667245
2005-12-29,6.9936837e-06,0.06778494,0.9206731,0.98845804,0.98845804,0.00033821512,0.018390626,0.0006059354
2005-12-30,7.3432166e-06,0.06507479,0.92346364,0.98853844,0.98853844,0.0003228106,0.017966932,0.00064068235
2006-01-03,7.3206047e-06,0.06533274,0.92318213,0.9885149,0.9885149,0.00031424503,0.017726958,0.0006374002
2006-01-04,6.8654076e-06,0.06787253,0.9208096,0.98868215,0.98868215,0.00037112623,0.019264637,0.0006066
2006-01-05,7.06763e-06,0.06663009,0.9220016,0.98863167,0.98863167,0.0003497916,0.018702716,0.00062169443
2006-01-06,7.0217243e-06,0.06704953,0.92155945,0.98860896,0.98860896,0.0003365377,0.018344963,0.000616425
2006-01-09,7.266135e-06,0.06589079,0.92257553,0.9884663,0.9884663,0.0003499826,0.018707823,0.0006299929
2006-01-10,7.4281843e-06,0.06543653,0.9229166,0.98835313,0.98835313,0.00033865066,0.018402463,0.0006377839
2006-01-11,7.3794804e-06,0.0651782,0.92327005,0.98844826,0.98844826,0.00032031693,0.017897401,0.00063881994
2006-01-12,7.493528e-06,0.06461479,0.9238026,0.9884174,0.9884174,0.0003080704,0.017551934,0.0006469635
2006-01-13,7.2918883e-06,0.06513456,0.9234292,0.9885638,0.9885638,0.00029209343,0.017090742,0.0006376133
2006-01-17,7.3349047e-06,0.065195106,0.92331904,0.9885141,0.9885141,0.00027703927,0.016644496,0.0006386022
2006-01-18,6.8623463e-06,0.06833004,0.9202214,0.98855144,0.98855144,0.00034984478,0.018704139,0.00059940683
2006-01-19,7.2192706e-06,0.06641186,0.9220383,0.98845017,0.98845017,0.00033436058,0.01828553,0.00062505424
2006-01-20,7.1540753e-06,0.06677388,0.92166245,0.98843634,0.98843634,0.00033328412,0.01825607,0.00061866886
2006-01-23,7.0339916e-06,0.06732167,0.9211799,0.98850155,0.98850155,0.0003473903,0.01863841,0.0006117338
2006-01-24,7.051274e-06,0.06677949,0.92179406,0.98857355,0.98857355,0.00032806827,0.018112656,0.0006171011
2006-01-25,7.254073e-06,0.066312395,0.9220728,0.9883852,0.9883852,0.00032577195,0.018049154,0.0006245543
2006-01-26,7.496329e-06,0.06530029,0.92296755,0.98826784,0.98826784,0.00033020397,0.018171515,0.0006389555
2006-01-27,7.3953524e-06,0.06463548,0.9238882,0.98852366,0.98852366,0.0003145903,0.017736694,0.0006444
2006-01-30,7.3359697e-06,0.065561794,0.922873,0.9884348,0.9884348,0.00032974582,0.018158905,0.0006343137
2006-01-31,6.7338647e-06,0.06950801,0.9189865,0.9884945,0.9884945,0.00031630998,0.017785106,0.0005852743
2006-02-01,7.5562148e-06,0.064837724,0.9234344,0.98827213,0.9882721,0.00030039987,0.017332047,0.0006442956
2006-02-02,7.24073e-06,0.06566378,0.92285866,0.9885224,0.9885224,0.00031211087,0.01766666,0.00063085806
2006-02-03,7.340142e-06,0.06626685,0.92207366,0.9883405,0.9883405,0.0003500799,0.018710423,0.0006295416
2006-02-06,7.446751e-06,0.065089524,0.9232737,0.9883632,0.9883632,0.00033727012,0.018364916,0.00063993153
2006-02-07,7.212314e-06,0.065893985,0.92259693,0.98849094,0.98849094,0.00032000046,0.017888557,0.00062666397
2006-02-08,7.3955516e-06,0.06620932,0.9220704,0.9882797,0.9882797,0.00036888625,0.019206412,0.00063100364
2006-02-09,7.607256e-06,0.06418473,0.92414767,0.9883324,0.9883324,0.00035270193,0.01878036,0.00065199786
2006-02-10,7.4505238e-06,0.06452885,0.92393255,0.9884614,0.9884614,0.00033360565,0.018264875,0.00064570294
2006-02-13,7.3890096e-06,0.065917805,0.922391,0.9883088,0.9883088,0.00032620673,0.018061195,0.00063201395
2006-02-14,7.4762606e-06,0.06462075,0.92377067,0.9883914,0.9883914,0.0003148552,0.01774416,0.0006440277
2006-02-15,7.5937483e-06,0.06455191,0.9237642,0.9883161,0.9883161,0.00034858394,0.018670402,0.0006499337
2006-02-16,7.647038e-06,0.06417136,0.9241199,0.98829126,0.98829126,0.0003962555,0.019906167,0.0006531053
2006-02-17,7.3816013e-06,0.06518355,0.92322016,0.9884037,0.9884037,0.00038442633,0.019606793,0.00063654676
2006-02-21,7.5788557e-06,0.064425625,0.92390734,0.988333,0.988333,0.0003990952,0.019977367,0.0006495969
2006-02-22,7.242972e-06,0.06670644,0.9216171,0.9883235,0.9883235,0.00040189864,0.02004741,0.00062030385
2006-02-23,7.3987235e-06,0.06562209,0.9227199,0.988342,0.988342,0.0003778352,0.019437984,0.00063464703
2006-02-24,7.46094e-06,0.06502735,0.9233405,0.98836786,0.98836786,0.00036020493,0.018979065,0.0006414071
2006-02-27,7.2674325e-06,0.06582265,0.9226613,0.98848397,0.98848397,0.00043475738,0.020850837,0.00063107075
2006-02-28,7.2163143e-06,0.06825219,0.91992444,0.98817664,0.98817664,0.0004719408,0.021724198,0.000610344
2006-03-01,7.221059e-06,0.066300616,0.92214775,0.9884484,0.9884484,0.00044421497,0.021076407,0.0006251123
2006-03-02,6.4117326e-06,0.07155415,0.9171215,0.98867565,0.98867565,0.0004220334,0.02054345,0.0005661901
2006-03-03,7.1640966e-06,0.06662083,0.92187524,0.98849607,0.98849607,0.0004279241,0.020686327,0.00062275183
2006-03-06,7.467353e-06,0.064810015,0.9236014,0.9884114,0.9884114,0.0004030926,0.020077165,0.0006443721
2006-03-07,7.3958513e-06,0.065978885,0.9223383,0.9883172,0.9883172,0.00040627792,0.020156337,0.00063305424
2006-03-08,7.4658014e-06,0.06496565,0.92341006,0.9883757,0.9883757,0.00039437276,0.01985882,0.00064225943
2006-03-09,7.699888e-06,0.06401414,0.9242495,0.9882636,0.9882636,0.00041520502,0.02037658,0.0006560694
2006-03-10,7.55047e-06,0.064358145,0.9240289,0.988387,0.988387,0.0003948003,0.019869583,0.0006501733
2006-03-13,7.5368516e-06,0.06468918,0.923645,0.9883342,0.9883342,0.00037723756,0.019422604,0.00064606266
2006-03-14,7.2418143e-06,0.06647226,0.9218936,0.9883659,0.9883659,0.0004122735,0.02030452,0.0006224639
2006-03-15,7.174408e-06,0.066387266,0.9221084,0.9884957,0.9884957,0.00041680926,0.020415908,0.0006236288
2006-03-16,7.477119e-06,0.0655404,0.9227413,0.9882817,0.9882817,0.00040662754,0.020165008,0.0006380735
2006-03-17,7.4370582e-06,0.065123655,0.92325777,0.98838145,0.98838145,0.00041495575,0.020370463,0.00064010185
2006-03-20,7.440175e-06,0.06496142,0.92346066,0.9884221,0.9884221,0.00040165585,0.020041354,0.00064261846
2006-03-21,7.440254e-06,0.06572863,0.92255324,0.98828185,0.98828185,0.0004741199,0.021774294,0.000634934
2006-03-22,7.412102e-06,0.06523285,0.923161,0.98839384,0.98839384,0.0004451713,0.021099083,0.00063863536
2006-03-23,7.5163707e-06,0.06527003,0.9229631,0.9882331,0.9882331,0.00044287695,0.021044642,0.0006387718
2006-03-24,7.146981e-06,0.06716012,0.92119724,0.98835737,0.98835737,0.0004909299,0.022156937,0.0006138628
2006-03-27,7.5594367e-06,0.064320736,0.9240698,0.98839056,0.98839056,0.00046122255,0.021476092,0.00065114594
2006-03-28,7.3579936e-06,0.064945094,0.923578,0.9885231,0.9885231,0.00043396867,0.020831915,0.0006411148
2006-03-29,7.1081886e-06,0.06700756,0.9214522,0.98845977,0.98845977,0.0004631449,0.021520803,0.0006159484
2006-03-30,7.4846653e-06,0.064544596,0.92390364,0.98844826,0.98844826,0.00043589866,0.020878186,0.0006479255
2006-03-31,7.3704155e-06,0.065493144,0.922904,0.9883972,0.9883972,0.00041698228,0.020420143,0.00063522626
2006-04-03,7.4705727e-06,0.06466609,0.9237752,0.9884413,0.9884413,0.0003964095,0.019910036,0.00064631534
2006-04-04,7.3519864e-06,0.065432124,0.9230099,0.988442,0.988442,0.00037379266,0.019333718,0.00063609524
2006-04-05,7.3432125e-06,0.0650923,0.9234318,0.98852414,0.98852414,0.00035645935,0.01888013,0.00063988334
2006-04-06,7.336736e-06,0.06530482,0.9231915,0.9884963,0.9884963,0.0003464613,0.01861347,0.000637772
2006-04-07,7.316769e-06,0.06531792,0.92320645,0.9885244,0.9885244,0.00033763697,0.018374901,0.00063759234
2006-04-10,7.332078e-06,0.065206274,0.92330664,0.98851293,0.98851293,0.00032359766,0.01798882,0.00063828984
2006-04-11,7.1512304e-06,0.06670008,0.9217587,0.9884588,0.9884588,0.0003311523,0.01819759,0.0006196269
2006-04-12,7.2696107e-06,0.06569188,0.9228172,0.98850906,0.98850906,0.00031309703,0.017694548,0.0006326384
2006-04-13,7.331539e-06,0.06533514,0.92316157,0.9884967,0.9884967,0.00029816706,0.017267514,0.0006373434
2006-04-17,7.219795e-06,0.06643967,0.92196906,0.98840874,0.98840874,0.00028900584,0.017000172,0.0006228656
2006-04-18,7.164015e-06,0.06669897,0.92173916,0.9884381,0.9884381,0.0002890681,0.017002003,0.0006196242
2006-04-19,7.1588274e-06,0.06667543,0.92177707,0.9884525,0.9884525,0.00028517089,0.016887004,0.00061994576
2006-04-20,7.2986873e-06,0.065681174,0.922786,0.98846716,0.98846716,0.00027836996,0.016684422,0.00063286105
2006-04-21,7.430604e-06,0.06480144,0.92367,0.98847145,0.98847145,0.0002648861,0.016275322,0.00064453925
2006-04-24,7.1275267e-06,0.06670035,0.9218005,0.98850083,0.98850083,0.0003749585,0.019363845,0.00061982987
2006-04-25,7.274107e-06,0.06632076,0.92208153,0.9884023,0.9884023,0.00039452093,0.019862551,0.0006272029
2006-04-26,7.1301893e-06,0.06678722,0.92168456,0.9884718,0.9884718,0.00037376586,0.019333025,0.0006185001
2006-04-27,7.3982337e-06,0.06509068,0.92334247,0.9884331,0.9884331,0.00036354348,0.019066816,0.0006396051
2006-04-28,7.261084e-06,0.06656074,0.9217982,0.988359,0.988359,0.0003552446,0.018847933,0.0006237495
2006-05-01,7.1611908e-06,0.06606683,0.9225147,0.98858154,0.98858154,0.00034512923,0.018577654,0.00062715897
2006-05-02,7.147905e-06,0.06657511,0.92189974,0.98847485,0.98847485,0.00036607197,0.019133007,0.00062020036
2006-05-03,7.3507604e-06,0.06531609,0.9231591,0.9884752,0.9884752,0.00035427004,0.018822063,0.0006378213
2006-05-04,7.5027237e-06,0.065733165,0.92251277,0.9882459,0.98824596,0.00040113728,0.020028412,0.0006383072
2006-05-05,7.424132e-06,0.06686878,0.92126685,0.98813564,0.98813564,0.0004497836,0.021208102,0.0006257505
2006-05-08,7.1883464e-06,0.06579259,0.92275834,0.98855096,0.9885509,0.0004225363,0.020555688,0.0006278559
2006-05-09,7.5517974e-06,0.06455833,0.92378426,0.9883426,0.9883426,0.00039964909,0.019991225,0.0006478105
2006-05-10,7.120749e-06,0.06653919,0.9220026,0.9885418,0.9885418,0.00038742102,0.019683013,0.00062145345
2006-05-11,7.085783e-06,0.06719551,0.9212506,0.9884461,0.9884461,0.0003907473,0.01976733,0.0006132815
2006-05-12,7.3427486e-06,0.06504784,0.9235002,0.98854804,0.98854804,0.0003845342,0.019609544,0.00064117834
2006-05-15,7.149172e-06,0.06686483,0.92158616,0.988451,0.988451,0.00038318618,0.019575141,0.00061902974
2006-05-16,7.1638015e-06,0.069063686,0.9190602,0.98812383,0.98812383,0.00045396006,0.021306338,0.00060320826
2006-05-17,7.4199966e-06,0.06531977,0.9230404,0.98836017,0.98836017,0.00042453356,0.020604212,0.00063746586
2006-05-18,7.57182e-06,0.06484486,0.9234149,0.98825973,0.98825973,0.00040907948,0.020225713,0.00064494443
2006-05-19,7.2890025e-06,0.06528638,0.92321587,0.98850226,0.98850226,0.0003926349,0.019815017,0.0006339511
2006-05-22,7.5850453e-06,0.064217694,0.924134,0.9883517,0.9883517,0.00038180442,0.019539816,0.000651172
2006-05-23,7.450171e-06,0.06522552,0.92310804,0.9883336,0.9883336,0.0003667487,0.019150684,0.00063859974
2006-05-24,7.2980706e-06,0.06575842,0.92268425,0.98844266,0.98844266,0.00042891712,0.020710314,0.0006314663
2006-05-25,7.278509e-06,0.06753237,0.92070776,0.9882401,0.9882401,0.0004512479,0.021242596,0.0006189273
2006-05-26,7.0973315e-06,0.06683635,0.92163485,0.9884712,0.9884712,0.00045097517,0.021236176,0.0006156181
2006-05-30,7.4599225e-06,0.06460619,0.92385226,0.98845845,0.98845845,0.0004227461,0.02056079,0.0006463539
2006-05-31,7.2937332e-06,0.065956846,0.9224567,0.9884135,0.9884135,0.0004032094,0.020080075,0.0006295034
2006-06-01,7.5370326e-06,0.065166205,0.92308676,0.988253,0.988253,0.00038659878,0.019662116,0.00064161327
2006-06-02,7.728788e-06,0.06347654,0.924861,0.9883376,0.9883376,0.00037654984,0.019404892,0.00066270854
2006-06-05,7.3181654e-06,0.06572989,0.9226687,0.98839855,0.98839855,0.00040455005,0.020113429,0.0006307976
2006-06-06,7.375275e-06,0.065149896,0.9233242,0.98847413,0.98847413,0.00038138338,0.019529039,0.0006398888
2006-06-07,7.374829e-06,0.06499717,0.9234841,0.9884812,0.9884813,0.00035968606,0.018965391,0.0006402441
2006-06-08,7.276109e-06,0.0665378,0.92183256,0.98837036,0.98837036,0.0003759962,0.019390622,0.0006256521
2006-06-09,7.3323336e-06,0.06569998,0.9226913,0.9883913,0.9883913,0.0003570467,0.01889568,0.0006316229
2006-06-12,7.3853066e-06,0.065113,0.9233323,0.9884453,0.9884453,0.00035757606,0.018909682,0.0006391594
2006-06-13,7.5987905e-06,0.064630926,0.9236271,0.988258,0.988258,0.00035894278,0.018945785,0.00064714643
2006-06-14,7.6119213e-06,0.06504591,0.9231525,0.9881984,0.9881984,0.00038333744,0.019579004,0.0006449906
2006-06-15,7.325782e-06,0.06582901,0.9225358,0.9883648,0.9883648,0.00036584956,0.019127194,0.0006296232
2006-06-16,7.312824e-06,0.06608426,0.9222589,0.9883432,0.9883432,0.00034645136,0.018613204,0.0006273429
2006-06-19,7.6915085e-06,0.0634529,0.9249228,0.9883757,0.9883757,0.00032862753,0.018128086,0.0006616763
2006-06-20,7.45688e-06,0.064546056,0.92392313,0.9884692,0.9884692,0.00032270438,0.017963974,0.0006466914
2006-06-21,7.179313e-06,0.0654474,0.92321074,0.98865813,0.98865813,0.00030565416,0.017482968,0.000632992
2006-06-22,7.288078e-06,0.065524414,0.9229543,0.9884787,0.9884787,0.00031482297,0.017743252,0.00063257536
2006-06-23,7.324459e-06,0.06505019,0.9235014,0.98855156,0.98855156,0.00030105413,0.017350912,0.00063977775
2006-06-26,7.2859357e-06,0.0649314,0.9236793,0.9886107,0.9886107,0.00028535057,0.016892323,0.00063971675
2006-06-27,7.148686e-06,0.0658451,0.9227979,0.988643,0.98864305,0.00028149507,0.016777815,0.0006294515
2006-06-28,7.255655e-06,0.065735236,0.9227614,0.9884966,0.9884966,0.0002670467,0.016341563,0.00063074013
2006-06-29,7.3708684e-06,0.064531125,0.92405176,0.9885829,0.9885829,0.00025448544,0.0159526,0.0006455995
2006-06-30,7.015339e-06,0.06730403,0.92119545,0.98849946,0.98849946,0.00026347762,0.016231993,0.000610001
2006-07-05,5.881211e-06,0.07331379,0.9155947,0.98890847,0.98890847,0.00025215198,0.015879294,0.00053024344
2006-07-06,6.08325e-06,0.07387577,0.91499865,0.98887444,0.98887444,0.00025548384,0.015983863,0.00054678123
2006-07-07,7.111153e-06,0.06635217,0.92222816,0.98858035,0.98858035,0.00023991092,0.015489059,0.0006227118
2006-07-10,7.463604e-06,0.06434028,0.92415136,0.98849165,0.98849165,0.00024195253,0.015554823,0.0006485384
2006-07-11,7.4156123e-06,0.06528695,0.9230884,0.9883753,0.9883753,0.00023398534,0.015296579,0.00063791894
2006-07-12,7.1867566e-06,0.06589305,0.9226385,0.98853153,0.98853153,0.00022679471,0.015059705,0.0006266535
2006-07-13,7.2835605e-06,0.06555113,0.9229442,0.98849535,0.98849535,0.00022350579,0.01495011,0.0006330971
2006-07-14,7.092001e-06,0.06716077,0.921281,0.98844177,0.98844177,0.0002477694,0.015740693,0.0006135886
2006-07-17,7.3068554e-06,0.06552888,0.9229438,0.98847264,0.98847264,0.00023646158,0.015377307,0.0006338707
2006-07-18,7.199878e-06,0.06567202,0.9229207,0.98859274,0.98859274,0.00026007087,0.016126713,0.0006311665
2006-07-19,7.227419e-06,0.065543726,0.9230047,0.9885484,0.9885484,0.00028470243,0.016873127,0.00063112733
2006-07-20,7.3685746e-06,0.065674454,0.9226787,0.98835313,0.98835313,0.0002798876,0.016729841,0.0006326658
2006-07-21,7.5845724e-06,0.06406578,0.92430955,0.9883753,0.9883753,0.00026762,0.016359095,0.0006524535
2006-07-24,7.3152246e-06,0.06539082,0.9230721,0.9884629,0.9884629,0.00027585833,0.016608983,0.00063406234
2006-07-25,7.2202292e-06,0.06655733,0.92182165,0.988379,0.988379,0.0002661975,0.016315559,0.00062130886
2006-07-26,7.5488683e-06,0.064085886,0.92437106,0.98845696,0.98845696,0.0002734865,0.016537428,0.000653976
2006-07-27,7.208247e-06,0.06647703,0.92192173,0.9883988,0.9883988,0.00026070123,0.016146244,0.0006213358
2006-07-28,7.611178e-06,0.06407752,0.92428756,0.98836505,0.98836505,0.00025164426,0.0158633,0.0006541653
2006-07-31,7.640128e-06,0.06375874,0.9246218,0.98838055,0.98838055,0.00026057925,0.016142467,0.00065752934
2006-08-01,6.744424e-06,0.069432154,0.91903174,0.9884639,0.9884639,0.00026384808,0.016243402,0.0005846353
2006-08-02,6.86417e-06,0.06744498,0.9212911,0.9887361,0.9887361,0.00025224747,0.0158823,0.0006093951
2006-08-03,7.019078e-06,0.067443766,0.9210462,0.98849,0.98849,0.00024849715,0.015763793,0.00060982356
2006-08-04,7.294502e-06,0.06537605,0.9231299,0.98850596,0.98850596,0.00023749318,0.0154108135,0.0006346334
2006-08-07,7.378569e-06,0.06507922,0.92336535,0.98844457,0.98844457,0.00023250392,0.01524808,0.00063853676
2006-08-08,7.302049e-06,0.065568574,0.92290723,0.9884758,0.9884758,0.00027688855,0.016639968,0.0006336274
2006-08-09,7.28543e-06,0.06612063,0.92225933,0.98837996,0.98837996,0.00026813193,0.016374735,0.0006269709
2006-08-10,7.304216e-06,0.06600329,0.92237437,0.9883777,0.9883777,0.00025457802,0.0159555,0.0006284651
2006-08-11,7.4418135e-06,0.0664258,0.92173696,0.98816276,0.98816276,0.00030761704,0.017539015,0.0006286779
2006-08-14,7.2807493e-06,0.06504941,0.9234763,0.9885257,0.9885257,0.00029231719,0.017097285,0.000634526
2006-08-15,7.2700477e-06,0.06615863,0.9222395,0.98839813,0.98839813,0.00028557674,0.016899016,0.0006266275
2006-08-16,7.3724414e-06,0.06476447,0.9237124,0.9884769,0.9884769,0.00027368814,0.016543522,0.00063979515
2006-08-17,7.5853745e-06,0.06404427,0.9243443,0.9883886,0.98838854,0.00027727344,0.01665153,0.00065326947
2006-08-18,7.5893695e-06,0.06428632,0.9240514,0.9883377,0.98833776,0.00030725347,0.017528648,0.0006507607
2006-08-21,7.363752e-06,0.06480797,0.92365825,0.9884662,0.9884662,0.00030608682,0.017495338,0.00063845
2006-08-22,7.488232e-06,0.0645673,0.9238477,0.98841494,0.988415,0.0003111013,0.017638063,0.0006463699
2006-08-23,7.315907e-06,0.06563608,0.9227637,0.9883998,0.9883998,0.00029522332,0.017182063,0.000630671
2006-08-24,7.52695e-06,0.06504543,0.92322993,0.98827535,0.98827535,0.00028964964,0.017019097,0.0006419765
2006-08-25,7.3144242e-06,0.06537253,0.9230656,0.9884381,0.9884381,0.00027919534,0.01670914,0.0006326333
2006-08-28,7.4576633e-06,0.06432862,0.924137,0.9884656,0.9884656,0.00026524958,0.016286485,0.0006465588
2006-08-29,7.0948754e-06,0.06737424,0.9210559,0.98843014,0.98843014,0.00029875687,0.017284585,0.0006132206
2006-08-30,7.2909975e-06,0.065549225,0.92288506,0.98843426,0.9884343,0.0002937693,0.0171397,0.00063039584
2006-08-31,7.331633e-06,0.06474156,0.9238216,0.9885632,0.9885632,0.00027964188,0.016722497,0.0006410552
2006-09-01,7.3831657e-06,0.064724855,0.92378104,0.9885059,0.9885059,0.00026626946,0.016317764,0.00064234395
2006-09-04,7.5502408e-06,0.06408636,0.9243322,0.9884186,0.9884186,0.0002690781,0.0164036,0.00065192697
2006-09-05,7.4767404e-06,0.064355865,0.92407596,0.9884318,0.9884318,0.00027543245,0.016596157,0.000646319
2006-09-06,7.438622e-06,0.06502905,0.92337245,0.9884015,0.9884015,0.00026638017,0.016321158,0.00064134196
2006-09-07,7.739733e-06,0.063065656,0.9253124,0.98837805,0.98837805,0.0002709037,0.016459152,0.00066595804
2006-09-08,7.4880622e-06,0.06402572,0.9244786,0.9885043,0.9885043,0.00025894376,0.01609173,0.0006513789
2006-09-11,7.5980947e-06,0.06406795,0.92432475,0.9883927,0.9883927,0.00026380393,0.016242042,0.00065459684
2006-09-12,7.653245e-06,0.063577525,0.9248154,0.98839295,0.98839295,0.00025777586,0.0160554,0.0006593617
2006-09-13,7.689158e-06,0.063466154,0.924925,0.98839116,0.98839116,0.00029893,0.017289592,0.00066235376
2006-09-14,7.5964954e-06,0.06373709,0.92469376,0.98843086,0.98843086,0.0002847674,0.016875053,0.000656617
2006-09-15,7.1796217e-06,0.06589815,0.9227165,0.9886146,0.9886147,0.00028014593,0.01673756,0.0006306
2006-09-18,7.2848597e-06,0.06530926,0.92317677,0.988486,0.98848605,0.0002658232,0.016304085,0.0006326954
2006-09-19,7.542489e-06,0.06407815,0.92433524,0.9884134,0.9884134,0.00025603082,0.016000964,0.0006509662
2006-09-20,7.4387244e-06,0.06564944,0.92266774,0.9883172,0.9883172,0.00031983448,0.017883917,0.000636724
2006-09-21,7.682976e-06,0.06405045,0.92426103,0.98831147,0.98831147,0.00032851583,0.018125005,0.00065730896
2006-09-22,7.3150236e-06,0.0650853,0.92338854,0.98847383,0.98847383,0.00033271872,0.018240578,0.00063464494
2006-09-25,7.673616e-06,0.06411427,0.92423093,0.9883452,0.9883452,0.00033395176,0.018274346,0.0006584085
2006-09-26,7.6277724e-06,0.063893825,0.92445767,0.9883515,0.98835146,0.00032983223,0.018161284,0.0006548301
2006-09-27,7.611822e-06,0.06386978,0.9245092,0.988379,0.988379,0.0003160656,0.017778233,0.00065500586
2006-09-28,7.2149455e-06,0.06588546,0.92264175,0.98852724,0.98852724,0.00036208483,0.019028526,0.0006288761
2006-09-29,6.0243856e-06,0.07468503,0.91391194,0.988597,0.988597,0.0003420601,0.018494867,0.00052831473
2006-10-02,7.739501e-06,0.06372691,0.92453426,0.98826116,0.98826116,0.0003189821,0.01786007,0.0006593073
2006-10-03,7.7718405e-06,0.06343724,0.9248165,0.9882537,0.9882537,0.00036223436,0.019032456,0.0006616423
2006-10-04,7.619093e-06,0.065015234,0.9232067,0.98822194,0.98822194,0.00044177423,0.021018427,0.0006468888
2006-10-05,7.5546277e-06,0.064519145,0.9237715,0.98829067,0.98829067,0.00042502684,0.02061618,0.00064518006
2006-10-06,7.687443e-06,0.06378316,0.9245229,0.98830605,0.98830605,0.00040682085,0.0201698,0.0006573861
2006-10-09,7.847373e-06,0.06295487,0.92532015,0.988275,0.98827505,0.0003852394,0.019627517,0.0006692851
2006-10-10,7.776769e-06,0.06327704,0.9250034,0.9882805,0.9882805,0.00036492327,0.019102965,0.00066357374
2006-10-11,7.6759325e-06,0.06409774,0.9241991,0.98829687,0.98829687,0.00038346095,0.01958216,0.00065588695
2006-10-12,7.730833e-06,0.063284025,0.92505497,0.988339,0.988339,0.00037901243,0.019468242,0.00066296523
2006-10-13,7.4794575e-06,0.06432238,0.9241388,0.98846114,0.98846114,0.00035958522,0.018962732,0.0006481971
2006-10-16,7.4815484e-06,0.06446811,0.9239548,0.9884229,0.9884229,0.0003489839,0.01868111,0.0006462352
2006-10-17,6.811671e-06,0.0688257,0.91965324,0.98847896,0.98847896,0.00036368496,0.019070527,0.00059123745
2006-10-18,7.810045e-06,0.063312836,0.9249432,0.98825604,0.98825604,0.00036171288,0.01901875,0.00066502637
2006-10-19,7.6048673e-06,0.06422827,0.9241054,0.9883337,0.9883337,0.00037357217,0.019328015,0.0006518664
2006-10-20,7.583598e-06,0.0643823,0.92391217,0.9882945,0.9882945,0.00036614004,0.019134786,0.00064786524
2006-10-23,7.710573e-06,0.06415502,0.9240941,0.9882491,0.9882491,0.00040142587,0.020035615,0.00065617
2006-10-24,7.630161e-06,0.06423731,0.9240441,0.98828137,0.98828137,0.00045363972,0.02129882,0.0006511137
2006-10-25,7.4319382e-06,0.06524803,0.9230852,0.9883332,0.9883332,0.00043190367,0.020782292,0.00063701737
2006-10-26,7.0370756e-06,0.067859225,0.9204954,0.9883546,0.9883546,0.00048030322,0.021915821,0.0006042806
2006-10-27,7.643375e-06,0.06523271,0.9229051,0.9881378,0.9881378,0.00046951397,0.02166827,0.0006443462
2006-10-30,7.542201e-06,0.06423223,0.92414486,0.9883771,0.9883771,0.00044346953,0.021058716,0.0006489084
2006-10-31,7.225247e-06,0.06874502,0.91935897,0.988104,0.988104,0.0005220777,0.02284902,0.000607367
2006-11-01,7.625212e-06,0.064378954,0.9238774,0.9882564,0.9882564,0.00048974477,0.022130178,0.0006493076
2006-11-02,7.3382707e-06,0.06565058,0.9227074,0.98835796,0.98835796,0.0004601109,0.021450195,0.00063032523
2006-11-03,7.713985e-06,0.06378235,0.92450327,0.9882856,0.9882856,0.0004456441,0.021110285,0.00065850455
2006-11-06,7.4397876e-06,0.06520873,0.92312425,0.988333,0.988333,0.0004486436,0.021181209,0.00063767715
2006-11-07,7.44042e-06,0.06471839,0.923742,0.98846036,0.98846036,0.0004353645,0.02086539,0.0006447707
2006-11-08,7.5040457e-06,0.06489425,0.9234405,0.9883348,0.9883348,0.00043191257,0.020782506,0.0006432834
2006-11-09,7.666856e-06,0.06394661,0.92434615,0.98829275,0.98829275,0.00042079296,0.020513238,0.00065488124
2006-11-10,7.610441e-06,0.064357884,0.9239441,0.988302,0.988302,0.0004268701,0.020660834,0.00065057585
2006-11-13,7.68367e-06,0.06469015,0.92350346,0.98819363,0.98819363,0.00044634036,0.02112677,0.0006508072
2006-11-14,7.712015e-06,0.06382118,0.92445624,0.98827744,0.98827744,0.00043931478,0.020959837,0.00065787777
2006-11-15,7.8057565e-06,0.06321615,0.9250614,0.98827755,0.98827755,0.0004156815,0.02038827,0.0006658812
2006-11-16,7.618455e-06,0.06423083,0.9240793,0.9883101,0.9883101,0.0003963463,0.019908449,0.00065171253
2006-11-17,7.500842e-06,0.06601497,0.9221705,0.98818547,0.98818547,0.0004966235,0.022285052,0.00063488254
2006-11-20,7.452892e-06,0.06518664,0.9231467,0.98833334,0.98833334,0.00046998617,0.021679165,0.00063881994
2006-11-21,7.4657714e-06,0.06581073,0.9223723,0.988183,0.988183,0.0006172484,0.024844484,0.00063178345
2006-11-22,7.164641e-06,0.06724059,0.92109597,0.98833656,0.98833656,0.000610991,0.024718232,0.00061428215
2006-11-27,7.1521754e-06,0.06805386,0.92018,0.98823386,0.98823386,0.00058676396,0.02422321,0.00060786103
2006-11-28,7.1105355e-06,0.067448035,0.92089856,0.9883466,0.9883466,0.0005687118,0.023847679,0.0006101671
2006-11-29,7.4486034e-06,0.06538454,0.92291856,0.98830307,0.98830307,0.00053871516,0.023210239,0.0006367996
2006-11-30,7.0153687e-06,0.068119235,0.92022985,0.9883491,0.9883491,0.000540988,0.023259148,0.00060213
2006-12-01,7.546284e-06,0.06478445,0.9235139,0.98829836,0.98829836,0.0005122612,0.022633187,0.00064489094
2006-12-04,7.3153287e-06,0.06575134,0.9226717,0.988423,0.988423,0.00048194,0.021953132,0.0006318841
2006-12-05,7.1753902e-06,0.0668673,0.9215034,0.9883707,0.9883707,0.00046875514,0.021650754,0.0006170105
2006-12-06,7.3544766e-06,0.06586405,0.9224657,0.9883297,0.9883297,0.00043914546,0.020955797,0.0006301879
2006-12-07,7.716093e-06,0.0638019,0.9244739,0.98827577,0.98827577,0.00041355286,0.020335998,0.00065813196
2006-12-08,7.726669e-06,0.06352872,0.9247986,0.9883273,0.9883273,0.0003913698,0.019783068,0.00066194497
2006-12-11,7.689302e-06,0.06376147,0.9245467,0.9883082,0.9883082,0.00037336018,0.01932253,0.0006576657
2006-12-12,7.6820625e-06,0.06380604,0.9244929,0.98829895,0.98829895,0.0003642972,0.019086571,0.00065652776
2006-12-13,7.710264e-06,0.06358571,0.92474824,0.98833394,0.98833394,0.00034525857,0.018581135,0.0006609142
2006-12-14,7.602415e-06,0.06426425,0.92407125,0.9883355,0.9883355,0.00032889785,0.01813554,0.00065175607
2006-12-15,7.4029804e-06,0.06512118,0.92331505,0.9884362,0.9884362,0.00033273763,0.018241098,0.000640187
2006-12-18,7.4230484e-06,0.06502715,0.9234015,0.98842865,0.9884286,0.00032807604,0.01811287,0.0006415025
2006-12-19,7.4867e-06,0.065006785,0.923353,0.9883598,0.9883598,0.00033550154,0.018316701,0.0006431767
2006-12-20,7.318971e-06,0.06560718,0.92284405,0.98845124,0.98845124,0.00033143314,0.018205306,0.0006337453
2006-12-21,7.499352e-06,0.06467482,0.92371744,0.98839223,0.98839223,0.00031820012,0.017838165,0.0006460633
2006-12-22,7.478875e-06,0.065079175,0.9232477,0.98832685,0.98832685,0.000320147,0.017892651,0.00064069027
2006-12-26,7.4388267e-06,0.0646305,0.9238018,0.9884323,0.9884323,0.0003042216,0.017441949,0.0006430681
2006-12-27,7.1335153e-06,0.067579344,0.92078936,0.9883687,0.9883687,0.00031822128,0.017838757,0.0006133028
2006-12-28,7.200763e-06,0.06565782,0.922906,0.9885638,0.9885638,0.0003111425,0.017639233,0.00062964513
2006-12-29,7.287191e-06,0.066079676,0.9223065,0.98838615,0.98838615,0.00029491037,0.017172955,0.00062745716
2007-01-02,7.651898e-06,0.06389923,0.92445046,0.9883497,0.9883497,0.00028385458,0.016847985,0.000656797
2007-01-03,7.0788888e-06,0.06660927,0.921922,0.9885313,0.9885313,0.00027006504,0.016433656,0.000617235
2007-01-04,7.2905027e-06,0.0678959,0.92027247,0.98816836,0.98816836,0.00039691938,0.019922836,0.00061618694
2007-01-05,7.521708e-06,0.06636652,0.92176056,0.98812705,0.9881271,0.000530172,0.023025464,0.0006335165
2007-01-08,7.647309e-06,0.06425597,0.9239914,0.98824733,0.98824733,0.00050680095,0.02251224,0.0006506872
2007-01-09,7.6188685e-06,0.06507273,0.92312294,0.98819566,0.98819566,0.00047703518,0.021841135,0.0006454293
2007-01-10,7.696298e-06,0.06431064,0.9238994,0.98821,0.9882101,0.00045245676,0.021271031,0.0006527831
2007-01-11,7.640427e-06,0.06553347,0.9225833,0.98811674,0.98811674,0.00048277853,0.021972222,0.00064295717
2007-01-12,7.409707e-06,0.06710669,0.9210493,0.98815596,0.98815596,0.0005613819,0.0236935,0.00062560645
2007-01-16,7.336356e-06,0.066308,0.921954,0.988262,0.988262,0.00055387174,0.02353448,0.0006250089
2007-01-17,7.484924e-06,0.06729408,0.92073125,0.9880253,0.9880253,0.0005964773,0.024422884,0.0006250619
2007-01-18,7.330918e-06,0.066214964,0.9221033,0.98831826,0.98831826,0.0005827313,0.024139829,0.00062755385
2007-01-19,7.564901e-06,0.06625241,0.92186403,0.98811644,0.98811644,0.0006235254,0.02497049,0.0006365856
2007-01-22,7.222799e-06,0.06712503,0.9211341,0.98825914,0.98825914,0.0006389993,0.025278434,0.00061518466
2007-01-23,7.4211785e-06,0.06703265,0.9210618,0.98809445,0.98809445,0.0006150398,0.024799995,0.0006233377
2007-01-24,6.9547627e-06,0.06982197,0.91829586,0.9881178,0.9881178,0.0009355507,0.030586774,0.00058531004
2007-01-25,7.5437033e-06,0.06593455,0.92218244,0.988117,0.988117,0.00086836715,0.02946807,0.00063483045
2007-01-26,7.331539e-06,0.06766202,0.9204853,0.9881473,0.9881473,0.00083752995,0.02894011,0.0006185553
2007-01-29,7.1541176e-06,0.06771727,0.9205427,0.98826,0.98826,0.00080944935,0.028450824,0.0006093782
2007-01-30,7.380299e-06,0.06824517,0.91973597,0.98798114,0.98798114,0.00079809735,0.028250616,0.00061405986
2007-01-31,6.382896e-06,0.073280066,0.9150728,0.9883529,0.9883529,0.0009339701,0.030560924,0.00054802425
2007-02-01,7.4706863e-06,0.06713328,0.9208299,0.9879632,0.9879632,0.0008906123,0.02984313,0.00062065385
2007-02-02,7.424339e-06,0.066225685,0.9219484,0.9881741,0.9881741,0.0008422612,0.029021736,0.0006278023
2007-02-05,7.285302e-06,0.06692212,0.9212934,0.9882155,0.9882155,0.00084094546,0.02899906,0.0006182109
2007-02-06,7.4231657e-06,0.066834845,0.9212439,0.9880788,0.9880788,0.0007837116,0.02799485,0.0006226847
2007-02-07,7.5651737e-06,0.06479072,0.92347467,0.9882654,0.9882654,0.00072971947,0.02701332,0.00064468925
2007-02-08,7.6182473e-06,0.06553794,0.92255557,0.9880935,0.9880935,0.0007081666,0.0266114,0.0006398391
2007-02-09,7.2021394e-06,0.06724443,0.9210034,0.9882478,0.9882478,0.000735951,0.027128417,0.0006128339
2007-02-12,7.479594e-06,0.065272555,0.92301023,0.9882828,0.9882828,0.0006855321,0.026182668,0.0006383431
2007-02-13,7.179103e-06,0.06885126,0.91927576,0.98812705,0.988127,0.0007228914,0.02688664,0.00060466054
2007-02-14,7.022109e-06,0.06785027,0.9205471,0.9883974,0.9883974,0.0007025256,0.0265052,0.00060521957
2007-02-15,7.5576545e-06,0.06552303,0.9226927,0.98821574,0.98821574,0.0006765746,0.026011048,0.0006413349
2007-02-16,7.6951255e-06,0.06430882,0.92388237,0.9881912,0.9881912,0.00063183915,0.025136411,0.0006516426
2007-02-20,7.340596e-06,0.06607534,0.9222302,0.9883055,0.9883055,0.00062730926,0.025046142,0.0006276969
2007-02-21,7.658642e-06,0.06456542,0.92365295,0.98821837,0.98821837,0.0006199569,0.024898933,0.0006500493
2007-02-22,7.31536e-06,0.06634508,0.92193687,0.98828197,0.98828197,0.00065327575,0.02555926,0.00062428217
2007-02-23,7.370835e-06,0.06571225,0.9226326,0.98834485,0.98834485,0.00062317087,0.02496339,0.00063241005
2007-02-26,7.5913945e-06,0.06437121,0.9239549,0.98832613,0.98832613,0.00058287143,0.024142731,0.0006502896
2007-02-27,7.498262e-06,0.064604856,0.923809,0.9884139,0.9884139,0.00054708874,0.023389928,0.00064717577
2007-02-28,7.216771e-06,0.06609587,0.9224006,0.9884965,0.9884965,0.00051295623,0.022648538,0.0006273534
2007-03-01,7.3735923e-06,0.06498321,0.92353207,0.98851526,0.98851526,0.00048209837,0.021956738,0.00064203376
2007-03-02,7.2530183e-06,0.06569304,0.92284274,0.98853576,0.98853576,0.00045325357,0.021289753,0.00063266465
2007-03-05,7.5424477e-06,0.06441516,0.9239766,0.98839176,0.98839176,0.00042794857,0.020686917,0.0006497493
2007-03-06,7.5245043e-06,0.06526427,0.9229963,0.98826057,0.98826057,0.00044663128,0.021133652,0.00064095977
2007-03-07,7.4364775e-06,0.06509201,0.92329854,0.98839056,0.98839056,0.00042632935,0.020647744,0.00064055464
2007-03-08,7.489349e-06,0.064518936,0.923929,0.9884479,0.9884479,0.00042265,0.020558452,0.0006483109
2007-03-09,7.419883e-06,0.06481179,0.9236723,0.9884841,0.9884841,0.0003986298,0.019965716,0.0006443155
2007-03-12,7.5223434e-06,0.0649696,0.92337525,0.98834485,0.98834485,0.00042069767,0.020510916,0.0006454093
2007-03-13,7.487262e-06,0.064606585,0.9238334,0.98844,0.98844,0.00042044852,0.020504842,0.0006476857
2007-03-14,7.473801e-06,0.06477431,0.92363405,0.9884084,0.9884084,0.00041461305,0.02036205,0.00064475933
2007-03-15,7.6249066e-06,0.06424502,0.92405874,0.9883038,0.9883038,0.00039132294,0.019781884,0.00065191207
2007-03-16,7.5694657e-06,0.06451142,0.92382264,0.98833406,0.98833406,0.0003766988,0.019408729,0.00064885174
2007-03-19,7.4889813e-06,0.06462758,0.92377764,0.9884052,0.9884052,0.00035961188,0.018963436,0.0006458929
2007-03-20,7.4181717e-06,0.06490306,0.9235554,0.98845845,0.98845845,0.00034538293,0.01858448,0.00064273644
2007-03-21,7.4835616e-06,0.064803116,0.9236061,0.9884092,0.9884092,0.00032672193,0.018075451,0.0006456479
2007-03-22,7.4578493e-06,0.06543787,0.9228441,0.98828197,0.98828197,0.00046663394,0.021601712,0.000636442
2007-03-23,7.408555e-06,0.065560795,0.9227612,0.988322,0.988322,0.00051400263,0.022671627,0.0006344038
2007-03-26,7.4828695e-06,0.06478354,0.92362547,0.988409,0.98840904,0.00048735656,0.022076154,0.0006455749
2007-03-27,7.0924616e-06,0.06693248,0.9215717,0.9885042,0.9885042,0.0004638734,0.021537721,0.0006169596
2007-03-28,7.3477595e-06,0.06569949,0.92269194,0.9883914,0.9883914,0.0004345855,0.020846715,0.00063295825
2007-03-29,7.5336097e-06,0.064726114,0.92360264,0.98832875,0.98832875,0.0004293191,0.020720016,0.00064548466
2007-03-30,7.1387885e-06,0.06693288,0.9214913,0.9884242,0.9884242,0.0004612966,0.021477817,0.0006166984
2007-04-02,7.4317722e-06,0.06545353,0.92285913,0.98831266,0.98831266,0.0004326947,0.020801315,0.0006358824
2007-04-03,7.4681825e-06,0.065595,0.92263234,0.98822737,0.98822737,0.00040679245,0.020169096,0.0006343681
2007-04-04,7.374504e-06,0.065646484,0.9227033,0.9883498,0.9883498,0.0004094214,0.020234164,0.0006329935
2007-04-05,7.0610654e-06,0.06701085,0.9215206,0.9885314,0.9885315,0.00038634514,0.019655664,0.00061568734
2007-04-09,7.5679554e-06,0.064249225,0.92414314,0.98839235,0.98839235,0.00036330143,0.019060468,0.00065198017
2007-04-10,7.595964e-06,0.0652143,0.92296135,0.98817563,0.98817563,0.0004693251,0.021663914,0.00064239907
2007-04-11,7.3424535e-06,0.06582052,0.9225406,0.9883611,0.9883611,0.0004430509,0.021048775,0.0006308557
2007-04-12,7.617614e-06,0.06402896,0.9243414,0.98837036,0.98837036,0.00041626484,0.02040257,0.0006550171
2007-04-13,7.4943473e-06,0.06504887,0.9232644,0.98831326,0.98831326,0.00044624676,0.021124553,0.00064126914
2007-04-16,7.646942e-06,0.064028636,0.9242988,0.98832744,0.98832744,0.00042038367,0.02050326,0.00065512146
2007-04-17,7.3737647e-06,0.06566808,0.9227077,0.9883757,0.9883758,0.00039622665,0.019905442,0.0006343418
2007-04-18,7.346178e-06,0.06589035,0.92246675,0.9883571,0.9883571,0.00037748614,0.019429002,0.00063095917
2007-04-19,7.359429e-06,0.065101266,0.92335653,0.9884578,0.9884578,0.0003555683,0.01885652,0.00063761056
2007-04-20,7.578241e-06,0.06416414,0.9242199,0.98838407,0.98838407,0.00036451034,0.019092154,0.0006524006
2007-04-23,7.421358e-06,0.06496702,0.9234774,0.98844445,0.98844445,0.00038304785,0.019571608,0.00064223306
2007-04-24,7.181467e-06,0.066750795,0.921648,0.9883988,0.9883988,0.000457956,0.021399906,0.0006190274
2007-04-25,7.5895036e-06,0.06460014,0.9236932,0.9882933,0.9882933,0.0004568176,0.021373292,0.0006483037
2007-04-26,7.2359217e-06,0.06624497,0.9221853,0.98843026,0.98843026,0.00045307726,0.021285612,0.0006254179
2007-04-27,7.567811e-06,0.06421706,0.9241879,0.988405,0.988405,0.0004348458,0.020852957,0.0006526782
2007-04-30,7.226327e-06,0.06654921,0.92182386,0.98837304,0.98837304,0.00043790753,0.02092624,0.0006215148
2007-05-01,7.48086e-06,0.06470375,0.92371327,0.988417,0.988417,0.00041983533,0.020489883,0.00064584985
2007-05-02,7.052081e-06,0.06994882,0.9181179,0.98806673,0.9880667,0.0004221513,0.02054632,0.0005909598
2007-05-03,7.514898e-06,0.06484284,0.92348915,0.988332,0.988332,0.00040385747,0.020096205,0.00064405904
2007-05-04,7.670193e-06,0.064035244,0.9242545,0.9882897,0.9882897,0.00038458427,0.01961082,0.0006549962
2007-05-07,7.733405e-06,0.06379593,0.92446196,0.9882579,0.9882579,0.00038971944,0.019741314,0.00065860414
2007-05-08,7.5903026e-06,0.06421418,0.92415583,0.98837,0.98837,0.00037179046,0.019281868,0.0006526486
2007-05-09,7.49967e-06,0.064363286,0.9241061,0.9884694,0.9884694,0.00036126692,0.019007023,0.0006504158
2007-05-10,7.65849e-06,0.063783444,0.92458487,0.98836833,0.98836833,0.00035017068,0.018712848,0.00065841724
2007-05-11,7.269471e-06,0.06570929,0.92279583,0.9885051,0.9885051,0.0003324299,0.01823266,0.00063240976
2007-05-14,7.5392145e-06,0.06441123,0.9239851,0.98839635,0.98839635,0.0003191009,0.017863395,0.00064972765
2007-05-15,7.6274787e-06,0.0640627,0.9242834,0.9883461,0.9883461,0.000302477,0.017391866,0.0006545001
2007-05-16,7.4685518e-06,0.064513125,0.92396057,0.9884737,0.9884737,0.0002950453,0.017176883,0.0006479582
2007-05-17,7.5375087e-06,0.06404784,0.9244399,0.9884877,0.9884877,0.0002866617,0.016931087,0.0006547364
2007-05-18,7.13343e-06,0.06690485,0.921535,0.98843986,0.98843986,0.00035566793,0.018859161,0.0006170711
2007-05-21,7.389535e-06,0.06524251,0.9231883,0.98843086,0.98843086,0.00033496003,0.018301914,0.000638728
2007-05-22,7.3105393e-06,0.065577224,0.92289627,0.9884735,0.9884735,0.0003428097,0.018515121,0.0006342362
2007-05-23,7.4003187e-06,0.066092774,0.9221668,0.9882596,0.9882596,0.00035005016,0.018709628,0.00063033006
2007-05-24,7.510232e-06,0.06449409,0.9239273,0.9884214,0.9884214,0.00033972212,0.018431552,0.0006486293
2007-05-25,7.5305547e-06,0.06433511,0.92409587,0.988431,0.988431,0.00036076896,0.01899392,0.000650924
2007-05-29,7.4599143e-06,0.064740874,0.9236965,0.9884374,0.9884374,0.00035643115,0.018879384,0.000645177
2007-05-30,7.423995e-06,0.06702142,0.9210977,0.9881191,0.9881191,0.00040375665,0.020093696,0.0006248694
2007-05-31,7.4884815e-06,0.065052666,0.9232651,0.9883178,0.9883178,0.000381088,0.019521475,0.0006410157
2007-06-01,7.759065e-06,0.06356997,0.9247019,0.9882719,0.9882719,0.0003634129,0.01906339,0.00066157855
2007-06-04,7.5884377e-06,0.06413798,0.9242513,0.9883893,0.9883893,0.00036077996,0.018994208,0.00065357354
2007-06-05,7.3673773e-06,0.06570245,0.9226487,0.98835117,0.98835117,0.00035952323,0.018961098,0.0006324562
2007-06-06,7.639737e-06,0.06396562,0.92438835,0.98835397,0.98835397,0.0003448146,0.018569184,0.00065599487
2007-06-07,7.643162e-06,0.063926905,0.9244298,0.98835665,0.9883567,0.00032803442,0.01811172,0.0006564401
2007-06-08,7.5375588e-06,0.06407296,0.92439765,0.9884706,0.9884706,0.00032407136,0.018001981,0.0006537693
2007-06-11,7.4966265e-06,0.06603476,0.9221634,0.98819816,0.98819816,0.00037772098,0.019435044,0.00063520833
2007-06-12,7.5133976e-06,0.06439937,0.9240106,0.98840994,0.98840994,0.00037786798,0.019438827,0.000648262
2007-06-13,7.657472e-06,0.064085476,0.9242103,0.9882958,0.9882958,0.00036270294,0.01904476,0.0006542496
2007-06-14,7.5086673e-06,0.064628996,0.9237618,0.9883908,0.9883908,0.00035470843,0.018833704,0.0006467861
2007-06-15,7.2526723e-06,0.06614041,0.9222827,0.9884231,0.9884231,0.00036239528,0.019036682,0.0006264784
2007-06-18,7.5571143e-06,0.06425445,0.9241532,0.9884077,0.9884077,0.00034308594,0.01852258,0.0006519065
2007-06-19,7.4183895e-06,0.0647295,0.9237612,0.9884907,0.9884907,0.0003403866,0.01844957,0.00064455613
2007-06-20,7.3252245e-06,0.06538855,0.92307496,0.9884635,0.9884635,0.0003218549,0.017940314,0.0006349619
2007-06-21,7.5358175e-06,0.064453974,0.9239542,0.98840815,0.98840815,0.00031632965,0.017785659,0.0006500961
2007-06-22,7.5415346e-06,0.0642571,0.9241604,0.9884175,0.9884175,0.00030252052,0.017393118,0.0006511149
2007-06-25,7.126374e-06,0.06623003,0.9223561,0.9885861,0.9885862,0.00029015532,0.017033946,0.00062436075
2007-06-26,7.132115e-06,0.06641429,0.92215776,0.98857206,0.98857206,0.0002747606,0.016575905,0.0006240946
2007-06-27,7.4426616e-06,0.06578355,0.92251223,0.9882958,0.9882958,0.0002893225,0.017009482,0.0006358963
2007-06-28,7.3661045e-06,0.06545236,0.9229683,0.98842067,0.98842067,0.00029406606,0.017148355,0.0006361423
2007-06-29,7.240663e-06,0.06556581,0.9230028,0.9885686,0.9885686,0.00028342401,0.016835202,0.00063340145
2007-07-02,7.275166e-06,0.06596947,0.9224508,0.98842025,0.98842025,0.00028477944,0.016875409,0.00062826613
2007-07-03,7.40231e-06,0.06532053,0.9230771,0.98839766,0.98839766,0.00027199907,0.016492395,0.00063800137
2007-07-05,7.3995643e-06,0.06500326,0.92345834,0.9884616,0.9884616,0.00025966,0.016113969,0.00064129976
2007-07-06,7.2541866e-06,0.06560513,0.92293966,0.98854476,0.98854476,0.0002490436,0.015781116,0.0006332637
2007-07-09,7.228955e-06,0.06568724,0.92287284,0.9885601,0.9885601,0.00024922524,0.01578687,0.0006319061
2007-07-10,7.3171555e-06,0.06536721,0.9231353,0.9885025,0.9885025,0.00024230737,0.015566225,0.0006364129
2007-07-11,7.0452393e-06,0.06739885,0.9210745,0.98847336,0.98847336,0.00023551741,0.015346576,0.0006112134
2007-07-12,7.464309e-06,0.06508991,0.92326975,0.9883597,0.9883597,0.00022488594,0.014996197,0.00064124656
2007-07-13,7.4297104e-06,0.06484618,0.923589,0.98843515,0.98843515,0.00021516858,0.014668626,0.00064243894
2007-07-16,7.369473e-06,0.065611005,0.92275524,0.98836625,0.98836625,0.00023029633,0.015175518,0.00063345616
2007-07-17,7.241013e-06,0.06654746,0.92182815,0.9883756,0.9883756,0.00022036674,0.014844755,0.0006229152
2007-07-18,7.405322e-06,0.06491289,0.92352563,0.98843855,0.98843855,0.00021064562,0.014513636,0.00064051826
2007-07-19,6.8244017e-06,0.06828619,0.9202777,0.9885639,0.9885639,0.00021391486,0.014625829,0.0005967418
2007-07-20,7.3100873e-06,0.065649845,0.922788,0.9884379,0.9884379,0.00021238533,0.0145734465,0.00063224515
2007-07-23,7.4275354e-06,0.06455679,0.9239382,0.988495,0.988495,0.00020484671,0.014312468,0.0006455915
2007-07-24,7.142533e-06,0.066369,0.92214817,0.98851717,0.98851717,0.00020224947,0.014221444,0.00062201824
2007-07-25,7.4658496e-06,0.06505296,0.92332315,0.9883761,0.98837614,0.0002155274,0.014680851,0.00064228335
2007-07-26,7.2454504e-06,0.065740384,0.9227189,0.9884593,0.9884593,0.00026823324,0.016377827,0.00062781665
2007-07-27,7.668668e-06,0.06411858,0.9241923,0.9883109,0.9883109,0.00026513688,0.016283024,0.00065605144
2007-07-30,7.2543253e-06,0.06590721,0.9225106,0.98841786,0.98841786,0.00029946817,0.017305149,0.0006263374
2007-07-31,7.2513917e-06,0.066448495,0.92192465,0.98837316,0.98837316,0.00028400027,0.016852308,0.0006236769
2007-08-01,7.0947053e-06,0.06633571,0.9222554,0.98859113,0.9885911,0.00028957732,0.017016971,0.000621859
2007-08-02,7.303305e-06,0.06737939,0.92080957,0.988189,0.988189,0.00030612823,0.01749652,0.0006183468
2007-08-03,7.4610866e-06,0.06414707,0.9243401,0.9884872,0.9884872,0.00029030227,0.01703826,0.0006480679
2007-08-06,7.712486e-06,0.06360287,0.92471504,0.9883179,0.9883179,0.00029741318,0.01724567,0.0006601973
2007-08-07,7.507002e-06,0.06710091,0.92093575,0.98803663,0.98803663,0.00042089348,0.02051569,0.0006274991
2007-08-08,7.5997664e-06,0.0638244,0.9245509,0.9883753,0.9883753,0.00039663372,0.019915665,0.00065376057
2007-08-09,7.7349305e-06,0.06343122,0.9248913,0.9883225,0.9883225,0.0003753155,0.019373061,0.0006623788
2007-08-10,7.415386e-06,0.0654071,0.92293525,0.98834234,0.98834234,0.00035895125,0.018946009,0.0006360958
2007-08-13,7.691872e-06,0.06360416,0.9247122,0.98831636,0.98831636,0.0003389442,0.018410437,0.00065834535
2007-08-14,7.785918e-06,0.06291911,0.9254408,0.9883599,0.9883599,0.00032133737,0.017925885,0.00066888914
2007-08-15,7.5819194e-06,0.06380946,0.924605,0.98841447,0.98841447,0.0003118622,0.017659621,0.0006544299
2007-08-16,7.535218e-06,0.064009555,0.92445725,0.9884668,0.9884668,0.00030638845,0.017503954,0.00065335014
2007-08-17,7.727771e-06,0.063944586,0.9243228,0.98826736,0.98826736,0.00035850567,0.018934246,0.0006586559
2007-08-20,7.419711e-06,0.0647343,0.9236783,0.98841256,0.98841256,0.0003507053,0.018727127,0.0006403235
2007-08-21,6.6456937e-06,0.07014677,0.91841614,0.98856294,0.98856294,0.00034108537,0.018468497,0.0005810667
2007-08-22,7.4601026e-06,0.06536876,0.92296,0.98832875,0.98832875,0.00035934412,0.018956374,0.00063918653
2007-08-23,7.4546956e-06,0.06415383,0.9243604,0.98851424,0.98851424,0.0003398175,0.018434139,0.00064903835
2007-08-24,7.481315e-06,0.064345375,0.9240904,0.98843575,0.98843575,0.0003256313,0.018045256,0.0006469345
2007-08-27,7.3707306e-06,0.06484245,0.92366296,0.9885054,0.9885054,0.00032842692,0.018122552,0.0006412355
2007-08-28,7.414423e-06,0.06463145,0.9238832,0.98851466,0.98851466,0.0003201645,0.017893141,0.0006455555
2007-08-29,7.498692e-06,0.064733036,0.92364335,0.9883764,0.9883764,0.0003040367,0.017436648,0.0006451253
2007-08-30,7.1661866e-06,0.066062726,0.9224861,0.9885489,0.9885489,0.000326463,0.018068288,0.00062580634
2007-08-31,7.4593777e-06,0.06495672,0.92342263,0.98837936,0.98837936,0.00030866746,0.017568935,0.0006419076
2007-09-04,7.655124e-06,0.06356873,0.92482835,0.98839706,0.98839706,0.00029773786,0.017255083,0.0006597574
2007-09-05,7.303998e-06,0.06586361,0.9225463,0.98840994,0.98840994,0.00029496104,0.01717443,0.0006301948
2007-09-06,7.458708e-06,0.0647625,0.92363846,0.988401,0.98840094,0.0002840466,0.016853683,0.0006430473
2007-09-07,7.4131476e-06,0.06495494,0.9234907,0.98844564,0.98844564,0.00027322883,0.016529635,0.00064158876
2007-09-10,7.335351e-06,0.06485151,0.92368233,0.98853385,0.98853385,0.0002613551,0.01616648,0.0006397399
2007-09-11,7.0191213e-06,0.067520544,0.9209385,0.98845905,0.98845905,0.0002552412,0.01597627,0.0006081927
2007-09-12,7.529706e-06,0.064394936,0.9240058,0.98840076,0.98840076,0.00024787796,0.01574414,0.000649155
2007-09-13,6.871105e-06,0.068475984,0.9199926,0.9884686,0.9884686,0.00026499442,0.016278649,0.0005958598
2007-09-14,7.2653374e-06,0.06530805,0.92325157,0.9885596,0.9885596,0.0002509411,0.01584112,0.00063505996
2007-09-17,7.2270313e-06,0.066341616,0.9220638,0.98840547,0.98840547,0.00024944142,0.015793715,0.00062331365
2007-09-18,7.198482e-06,0.06649382,0.92191863,0.98841244,0.98841244,0.00025914327,0.016097927,0.000621225
2007-09-19,7.4666686e-06,0.06475672,0.9236491,0.9884058,0.9884058,0.00025469018,0.015959015,0.00064400164
2007-09-20,7.1264735e-06,0.06598662,0.9226382,0.9886248,0.9886248,0.00024426662,0.01562903,0.0006264928
2007-09-21,7.054807e-06,0.06688869,0.92167014,0.9885588,0.9885588,0.0002506469,0.015831832,0.0006166158
2007-09-24,7.3900756e-06,0.06548035,0.922887,0.9883674,0.9883674,0.00026715355,0.016344832,0.00063528895
2007-09-25,7.4263185e-06,0.065319926,0.923028,0.9883479,0.9883479,0.0002586524,0.016082674,0.0006373367
2007-09-26,7.762456e-06,0.06359095,0.92466736,0.9882583,0.9882583,0.0002671822,0.016345708,0.0006611017
2007-09-27,7.682531e-06,0.06362113,0.9247235,0.9883446,0.98834467,0.00026043257,0.016137924,0.0006591397
2007-09-28,6.8455934e-06,0.06884437,0.91957504,0.9884194,0.9884194,0.000311182,0.017640352,0.0005911267
2007-10-01,7.682742e-06,0.0639943,0.92428803,0.9882823,0.9882823,0.00030863084,0.017567892,0.000655654
2007-10-02,7.5230014e-06,0.06526155,0.9229864,0.98824793,0.98824793,0.000313178,0.017696835,0.0006401427
2007-10-03,7.4707527e-06,0.06479101,0.9235848,0.98837584,0.98837584,0.00029702624,0.01723445,0.000642692
2007-10-04,7.677559e-06,0.06332628,0.9250923,0.9884186,0.9884186,0.00028196833,0.016791912,0.00066292024
2007-10-05,7.279121e-06,0.065939106,0.92247194,0.98841107,0.98841107,0.0002898522,0.017025046,0.0006281098
2007-10-08,7.527441e-06,0.06413193,0.9243321,0.988464,0.988464,0.00027523088,0.016590083,0.0006525173
2007-10-09,7.56432e-06,0.06466775,0.9236402,0.98830795,0.98830795,0.00031113584,0.017639043,0.00064696284
2007-10-10,7.491392e-06,0.064651474,0.92374307,0.98839456,0.98839456,0.00031014375,0.017610898,0.00064550684
2007-10-11,7.5526796e-06,0.064551555,0.92378676,0.9883383,0.9883383,0.00030430802,0.017444426,0.0006476478
2007-10-12,7.525725e-06,0.06443725,0.9239735,0.9884108,0.9884108,0.00031828496,0.017840542,0.00064937235
2007-10-15,7.5625358e-06,0.06444337,0.9239031,0.98834646,0.98834646,0.0003048401,0.01745967,0.0006489474
2007-10-16,6.9746307e-06,0.068302035,0.9200683,0.98837036,0.98837036,0.0003415493,0.018481053,0.0005997288
2007-10-17,7.3479205e-06,0.06534435,0.92312425,0.9884686,0.9884686,0.00034049898,0.018452615,0.00063720904
2007-10-18,7.54589e-06,0.06464255,0.9236863,0.9883289,0.9883289,0.00032212556,0.017947856,0.00064654346
2007-10-19,7.2462863e-06,0.066281736,0.9221235,0.9884052,0.9884052,0.0003397917,0.01843344,0.0006249615
2007-10-22,7.367662e-06,0.06534818,0.92307734,0.98842555,0.9884255,0.00032721736,0.018089151,0.0006365455
2007-10-23,7.5231865e-06,0.06468847,0.9236636,0.98835206,0.98835206,0.00031889678,0.017857682,0.0006458813
2007-10-24,7.573558e-06,0.06439665,0.9239298,0.9883265,0.98832643,0.00034833,0.018663602,0.00064878154
2007-10-25,7.2011194e-06,0.06672159,0.92164993,0.98837155,0.9883715,0.00035779408,0.018915446,0.0006192674
2007-10-26,6.907895e-06,0.06866893,0.91972816,0.98839706,0.9883971,0.0004313538,0.02076906,0.0005953574
2007-10-29,7.2859516e-06,0.065907404,0.92252403,0.98843145,0.98843145,0.00041933422,0.020477653,0.000629807
2007-10-30,7.159419e-06,0.06682457,0.92159146,0.988416,0.988416,0.00041496308,0.020370644,0.00061804464
2007-10-31,6.966427e-06,0.068955,0.9193437,0.9882987,0.9882987,0.00046911224,0.021659,0.0005953557
2007-11-01,6.8530203e-06,0.069488004,0.9188129,0.98830086,0.98830086,0.0005757491,0.023994772,0.0005857713
2007-11-02,7.3499186e-06,0.066138625,0.92213833,0.98827696,0.98827696,0.0005447332,0.02333952,0.00062696345
2007-11-05,6.799364e-06,0.069139674,0.9193325,0.98847216,0.98847216,0.0005527639,0.023510931,0.0005898214
2007-11-06,7.266586e-06,0.06719331,0.9210168,0.98821014,0.98821014,0.0005448138,0.023341248,0.0006163421
2007-11-07,6.735856e-06,0.06962318,0.9188452,0.98846835,0.98846835,0.00056283746,0.023724196,0.00058411894
2007-11-08,7.190108e-06,0.06649622,0.9219465,0.9884428,0.9884428,0.0005248273,0.022909109,0.0006221312
2007-11-09,7.462594e-06,0.06533995,0.9229486,0.9882886,0.9882885,0.0004973429,0.022301186,0.00063720666
2007-11-12,7.42201e-06,0.06550388,0.92280805,0.98831195,0.98831195,0.0004714648,0.02171324,0.0006350082
2007-11-13,7.6513215e-06,0.0646099,0.92357135,0.98818123,0.98818123,0.0004638238,0.021536568,0.00064738747
2007-11-14,7.5179387e-06,0.06631169,0.92176056,0.9880722,0.9880723,0.0005263089,0.022941424,0.000630288
2007-11-15,7.0658803e-06,0.06749365,0.92090774,0.98840135,0.9884014,0.0005575622,0.023612756,0.0006091987
2007-11-16,7.576483e-06,0.06484333,0.9233918,0.9882352,0.9882351,0.0005241038,0.022893313,0.00064399454
2007-11-19,7.3163715e-06,0.06617704,0.9221395,0.9883166,0.98831654,0.0005113385,0.022612795,0.00062621915
2007-11-20,7.443447e-06,0.06500099,0.9233988,0.9883998,0.9883998,0.00048055433,0.021921549,0.0006416656
2007-11-21,6.7845262e-06,0.068865344,0.9196945,0.98855984,0.98855984,0.0005306087,0.023034945,0.0005930448
2007-11-23,7.4632153e-06,0.06529446,0.9230022,0.9882966,0.9882966,0.0004989889,0.022338059,0.00063769787
2007-11-26,7.231759e-06,0.06626549,0.9221269,0.98839235,0.98839235,0.000473166,0.02175238,0.0006230168
2007-11-27,7.4701065e-06,0.065091856,0.9232445,0.9883363,0.9883363,0.00044530106,0.021102158,0.00064045907
2007-11-28,7.5332177e-06,0.06564962,0.92249274,0.9881424,0.9881424,0.0004955602,0.022261182,0.0006353056
2007-11-29,7.3972965e-06,0.066952504,0.9211772,0.98812973,0.98812973,0.0005767495,0.02401561,0.0006231787
2007-11-30,7.557836e-06,0.06462094,0.92368984,0.98831075,0.9883108,0.00053978735,0.023233324,0.0006465632
2007-12-03,7.65736e-06,0.0641698,0.92407775,0.9882476,0.9882476,0.00054928515,0.023436833,0.0006515556
2007-12-04,7.718083e-06,0.06351958,0.92479914,0.98831874,0.98831874,0.0005179529,0.022758579,0.0006607236
2007-12-05,7.744516e-06,0.06343075,0.92488015,0.9883109,0.9883109,0.00049495394,0.02224756,0.00066254014
2007-12-06,7.757945e-06,0.06340691,0.9249012,0.9883081,0.9883081,0.00047146162,0.021713167,0.00066353
2007-12-07,7.3165565e-06,0.06600882,0.92234784,0.98835665,0.98835665,0.0005031823,0.022431726,0.0006283893
2007-12-10,7.6824945e-06,0.06436403,0.92388546,0.9882495,0.9882495,0.0005036262,0.022441618,0.00065380044
2007-12-11,7.669189e-06,0.06382411,0.9245104,0.98833454,0.98833454,0.00047458912,0.021785066,0.00065742683
2007-12-12,7.423881e-06,0.06520816,0.92317206,0.9883802,0.9883802,0.00048334457,0.021985099,0.00063889887
2007-12-13,6.7673095e-06,0.0698946,0.9184871,0.9883817,0.9883817,0.0005986924,0.024468191,0.00058246905
2007-12-14,7.483819e-06,0.06617373,0.9219934,0.9881671,0.9881671,0.00059418485,0.024375908,0.00063245895
2007-12-17,7.526217e-06,0.06478208,0.92354417,0.98832625,0.98832625,0.000563207,0.023731982,0.00064471294
2007-12-18,7.679695e-06,0.06386131,0.9244553,0.9883166,0.9883166,0.0005311015,0.023045639,0.00065731653
2007-12-19,7.492764e-06,0.06521045,0.92307186,0.9882823,0.9882823,0.0004988626,0.022335231,0.0006394411
2007-12-20,7.560435e-06,0.064347535,0.92403007,0.9883776,0.9883776,0.00047216876,0.021729445,0.00065050385
2007-12-21,7.650098e-06,0.06375081,0.9246158,0.9883666,0.9883666,0.00044417373,0.02107543,0.000657598
2007-12-24,7.4306804e-06,0.06508054,0.92332035,0.9884009,0.9884009,0.0004555839,0.021344412,0.0006406243
2007-12-26,7.217754e-06,0.06581701,0.9226629,0.9884799,0.9884799,0.00043279512,0.02080373,0.0006265364
2007-12-27,7.001681e-06,0.06747844,0.9210417,0.98852015,0.98852015,0.00043060438,0.020751009,0.00060991023
2007-12-28,7.3693736e-06,0.06527247,0.9231777,0.98845017,0.98845017,0.0004064677,0.020161044,0.0006380504
2007-12-31,7.53411e-06,0.06471909,0.9236085,0.98832756,0.98832756,0.00038552028,0.01963467,0.0006454616
2008-01-02,7.509754e-06,0.064337164,0.92409766,0.9884348,0.9884348,0.0003636168,0.019068738,0.00064934016
2008-01-03,6.716085e-06,0.06960147,0.9189034,0.9885049,0.9885049,0.0004315327,0.020773366,0.0005842557
2008-01-04,7.322653e-06,0.06574795,0.92266345,0.9884114,0.9884114,0.00040476752,0.020118834,0.0006318856
2008-01-07,7.473633e-06,0.065163516,0.923153,0.9883165,0.9883165,0.0003921145,0.019801881,0.00063967286
2008-01-08,7.487492e-06,0.06623007,0.9219018,0.9881319,0.9881319,0.00042602245,0.020640312,0.0006308912
2008-01-09,7.2825314e-06,0.06588843,0.9225523,0.9884407,0.9884407,0.00041095057,0.020271916,0.0006300145
2008-01-10,7.585491e-06,0.06466461,0.9236009,0.9882655,0.9882655,0.0003897398,0.01974183,0.0006464272
2008-01-11,7.5708786e-06,0.06511042,0.92309856,0.988209,0.988209,0.00039589874,0.019897204,0.0006420901
2008-01-14,7.695514e-06,0.063805744,0.92449754,0.9883033,0.9883033,0.00038116644,0.019523485,0.000657922
2008-01-15,7.440004e-06,0.06498586,0.92342395,0.9884098,0.9884098,0.0003762569,0.019397343,0.00064192293
2008-01-16,7.4439045e-06,0.06590025,0.92235774,0.988258,0.988258,0.00039536232,0.01988372,0.00063395564
2008-01-17,7.634465e-06,0.06406529,0.92427117,0.98833644,0.98833644,0.00038134705,0.01952811,0.00065455725
2008-01-18,7.5678417e-06,0.0640262,0.92438173,0.9884079,0.9884079,0.0003642902,0.019086387,0.0006528453
2008-01-22,7.483083e-06,0.06426575,0.9242234,0.98848915,0.98848915,0.00034568462,0.018592596,0.0006500896
2008-01-23,7.259243e-06,0.065828495,0.9227001,0.9885286,0.9885286,0.0003313149,0.018202057,0.0006328128
2008-01-24,7.4793948e-06,0.065051675,0.92331976,0.98837143,0.98837143,0.0003828663,0.01956697,0.0006431914
2008-01-25,7.5169796e-06,0.06475166,0.92359406,0.98834574,0.98834574,0.00040911944,0.020226702,0.00064499857
2008-01-28,7.5864796e-06,0.06431853,0.92402864,0.9883472,0.9883472,0.0003984279,0.019960659,0.000651042
2008-01-29,7.659624e-06,0.063876204,0.9244685,0.9883447,0.9883447,0.00037626538,0.01939756,0.00065718114
2008-01-30,7.5420576e-06,0.0642464,0.9241876,0.988434,0.988434,0.00035852866,0.018934853,0.0006520896
2008-01-31,7.571972e-06,0.06411928,0.9242988,0.9884181,0.9884181,0.00034227892,0.01850078,0.00065377646
2008-02-01,7.597933e-06,0.0640942,0.9242922,0.9883864,0.9883864,0.00032668238,0.018074356,0.00065422675
2008-02-04,7.184608e-06,0.0669956,0.921438,0.9884336,0.9884336,0.00037161587,0.019277342,0.00062116195
2008-02-05,7.449521e-06,0.06490058,0.9235089,0.98840946,0.98840946,0.00035863102,0.018937556,0.0006427242
2008-02-06,7.456048e-06,0.06559396,0.9226959,0.98828983,0.98828983,0.00036034727,0.018982815,0.0006367158
2008-02-07,7.579932e-06,0.06448067,0.923848,0.98832864,0.98832864,0.00035413538,0.018818485,0.00064944697
2008-02-08,7.554375e-06,0.064384006,0.92399687,0.98838085,0.98838085,0.00034231253,0.01850169,0.00065016584
2008-02-11,7.1992326e-06,0.06661259,0.9218083,0.9884209,0.9884209,0.00042925333,0.02071843,0.0006217439
2008-02-12,7.458372e-06,0.065079175,0.92328405,0.9883632,0.9883632,0.00042795844,0.020687157,0.00064093014
2008-02-13,7.4595814e-06,0.06525379,0.9230907,0.9883445,0.9883445,0.00040777607,0.020193465,0.00064000476
2008-02-14,7.4867903e-06,0.06451949,0.9239323,0.9884518,0.9884518,0.0003855243,0.019634772,0.0006483068
2008-02-15,7.1239715e-06,0.067046866,0.9213757,0.9884226,0.9884226,0.0003977287,0.019943137,0.00061533286
2008-02-19,7.3897704e-06,0.06493183,0.9235732,0.988505,0.988505,0.00037358372,0.019328315,0.0006428686
2008-02-20,6.6558096e-06,0.07021483,0.91826475,0.98847955,0.98847955,0.0004892548,0.022119105,0.0005777389
2008-02-21,7.210371e-06,0.06648222,0.9219375,0.9884198,0.9884198,0.00045939573,0.02143352,0.00062264496
2008-02-22,7.3786814e-06,0.066238746,0.9220015,0.98824024,0.98824024,0.0004738711,0.021768581,0.0006274518
2008-02-25,7.2168564e-06,0.06639927,0.9220283,0.9884276,0.9884276,0.00044640218,0.021128232,0.00062362547
2008-02-26,7.4030827e-06,0.06519749,0.9232237,0.98842114,0.98842114,0.0004198765,0.020490889,0.0006393621
2008-02-27,7.2511084e-06,0.066068076,0.9223833,0.98845136,0.98845136,0.0004122656,0.020304324,0.0006278756
2008-02-28,7.249814e-06,0.0667594,0.92157733,0.98833674,0.98833674,0.00039801732,0.019950371,0.00062159426
2008-02-29,6.9649986e-06,0.068147756,0.92027557,0.98842335,0.98842335,0.00042996035,0.020735485,0.00060164183
2008-03-03,7.4376358e-06,0.06495604,0.92346966,0.9884257,0.98842573,0.00040655813,0.020163286,0.0006425976
2008-03-04,6.759425e-06,0.06849279,0.9201996,0.98869234,0.98869234,0.00038501716,0.019621855,0.00059777417
2008-03-05,7.207592e-06,0.06855896,0.9195539,0.9881128,0.9881128,0.0004196699,0.020485846,0.00060633256
2008-03-06,6.6075636e-06,0.07059565,0.9178808,0.9884764,0.9884764,0.00055626244,0.023585217,0.00057339383
2008-03-07,7.252378e-06,0.06642352,0.92194396,0.9883675,0.9883675,0.0005226694,0.022861965,0.0006234581
2008-03-10,7.261223e-06,0.065973684,0.922485,0.9884587,0.9884587,0.00048983755,0.022132274,0.00062915083
2008-03-11,7.1611043e-06,0.06721988,0.9211273,0.9883472,0.9883472,0.0005022937,0.022411909,0.0006145379
2008-03-12,7.2200232e-06,0.06628294,0.9221782,0.98846114,0.98846114,0.00047372893,0.021765314,0.00062571355
2008-03-13,7.2873563e-06,0.06578706,0.92267454,0.9884616,0.9884616,0.00045133865,0.021244733,0.000631575
2008-03-14,7.2253424e-06,0.06645513,0.9219397,0.9883948,0.9883948,0.00042452494,0.020604003,0.0006225951
2008-03-17,7.040878e-06,0.06675622,0.9218669,0.98862314,0.98862314,0.00039872868,0.019968191,0.0006188772
2008-03-18,6.6440793e-06,0.072266646,0.91599154,0.9882582,0.9882582,0.00049355533,0.022216106,0.0005658476
2008-03-19,6.5175964e-06,0.07087876,0.91769236,0.9885711,0.9885711,0.00054495037,0.023344172,0.00057027367
2008-03-20,7.1080663e-06,0.06965885,0.91846085,0.9881197,0.9881197,0.0006594518,0.025679793,0.00059830805
2008-03-24,7.4072177e-06,0.06545086,0.9229019,0.9883528,0.9883528,0.00065926806,0.025676215,0.0006359642
2008-03-25,7.48342e-06,0.065179475,0.9231213,0.98830074,0.98830074,0.00062227185,0.024945376,0.00063964905
2008-03-26,7.40844e-06,0.06536911,0.9230095,0.98837864,0.98837864,0.0005826363,0.02413786,0.000637485
2008-03-27,7.039128e-06,0.06762471,0.92083335,0.98845804,0.98845804,0.0006773283,0.026025532,0.0006098727
2008-03-28,7.2057646e-06,0.06664918,0.9217557,0.98840487,0.98840487,0.0006469951,0.025436098,0.0006214475
2008-03-31,7.390482e-06,0.06581151,0.9225127,0.9883242,0.9883242,0.0006266978,0.025033932,0.0006329757
2008-04-01,7.355898e-06,0.06762064,0.920468,0.9880886,0.9880886,0.0006868588,0.026207991,0.0006175515
2008-04-02,6.9533125e-06,0.06783638,0.920712,0.9885484,0.9885484,0.00064215536,0.025340784,0.00060719124
2008-04-03,7.035466e-06,0.067678295,0.9207793,0.98845756,0.98845756,0.0006919635,0.026305199,0.00060953025
2008-04-04,7.173079e-06,0.067139186,0.9212688,0.988408,0.988408,0.0006507119,0.025509056,0.0006187972
2008-04-07,7.1699205e-06,0.06639038,0.92213434,0.98852473,0.98852473,0.0006409863,0.025317708,0.00062481523
2008-04-08,7.0568435e-06,0.06778116,0.9206197,0.9884009,0.9884009,0.00064426614,0.025382398,0.00060839456
2008-04-09,7.2919343e-06,0.066077396,0.9223277,0.9884051,0.9884051,0.00060235336,0.024542889,0.000628892
2008-04-10,7.103575e-06,0.067175075,0.9212718,0.9884469,0.9884469,0.000593035,0.02435231,0.00061486266
2008-04-11,7.42285e-06,0.06502386,0.9234112,0.98843503,0.98843503,0.00055685226,0.023597717,0.0006418391
2008-04-14,7.3293127e-06,0.06524076,0.9232833,0.988524,0.988524,0.00052162656,0.022839146,0.0006386655
2008-04-15,7.3577735e-06,0.06550761,0.9229131,0.98842067,0.98842067,0.0005023977,0.02241423,0.0006354228
2008-04-16,7.1306417e-06,0.06682681,0.9216764,0.9885032,0.9885032,0.00049169565,0.022174211,0.00062022934
2008-04-17,7.2516827e-06,0.065984644,0.9224902,0.98847485,0.98847485,0.00046664206,0.021601899,0.00062920485
2008-04-18,7.349882e-06,0.065141976,0.9233741,0.9885161,0.9885161,0.00043777179,0.020922996,0.00064001576
2008-04-21,7.277603e-06,0.06586765,0.92259336,0.988461,0.988461,0.00042736626,0.02067284,0.0006306971
2008-04-22,7.3091433e-06,0.06568509,0.9227652,0.9884503,0.9884503,0.00040435352,0.020108543,0.0006328421
2008-04-23,7.1152135e-06,0.06648335,0.92209506,0.98857844,0.98857844,0.00039666772,0.01991652,0.0006229633
2008-04-24,7.2449325e-06,0.065951146,0.92253655,0.9884877,0.9884877,0.00037855966,0.01945661,0.00062932214
2008-04-25,7.42636e-06,0.065467,0.9228911,0.9883581,0.9883581,0.00038118582,0.01952398,0.0006378982
2008-04-28,7.2669845e-06,0.06603591,0.92242223,0.98845816,0.98845816,0.00038736942,0.019681703,0.0006296208
2008-04-29,7.2885728e-06,0.06614409,0.9222407,0.9883848,0.9883848,0.00036477612,0.019099113,0.0006275021
2008-04-30,7.1490895e-06,0.0670986,0.92131853,0.98841715,0.98841715,0.00039143185,0.019784637,0.00061721326
2008-05-01,7.3775154e-06,0.06551717,0.92288464,0.98840183,0.98840183,0.00039247476,0.019810976,0.0006360931
2008-05-02,7.3189535e-06,0.06581705,0.9226162,0.98843324,0.98843324,0.00037438446,0.019349016,0.00063275755
2008-05-05,7.014616e-06,0.06753551,0.9209856,0.9885211,0.9885211,0.00042430186,0.020598589,0.0006110878
2008-05-06,7.0696706e-06,0.06758458,0.92084605,0.9884306,0.9884306,0.00046126998,0.021477196,0.00061106734
2008-05-07,7.157789e-06,0.06668585,0.92180485,0.9884907,0.9884907,0.00044750213,0.021154245,0.0006219135
2008-05-08,7.1274926e-06,0.06698427,0.92149043,0.9884747,0.9884747,0.00043188783,0.020781912,0.00061842287
2008-05-09,7.1826003e-06,0.06627514,0.9222675,0.9885426,0.9885426,0.0004051827,0.020129152,0.0006268971
2008-05-12,6.951621e-06,0.06794544,0.9205866,0.988532,0.988532,0.00040221796,0.020055372,0.00060617586
2008-05-13,7.279094e-06,0.066232555,0.92218566,0.9884182,0.9884182,0.00039067492,0.019765498,0.00062849536
2008-05-14,6.820295e-06,0.06879033,0.9197905,0.9885808,0.9885808,0.0003776075,0.019432126,0.0005972668
2008-05-15,7.239587e-06,0.066777386,0.92157817,0.9883556,0.9883556,0.00036554743,0.019119294,0.0006217214
2008-05-16,7.255129e-06,0.06579191,0.92273235,0.98852426,0.98852426,0.00034419284,0.018552436,0.00063221436
2008-05-19,6.8549816e-06,0.06789217,0.92078286,0.98867506,0.98867506,0.00034407715,0.018549317,0.0006052995
2008-05-20,7.136113e-06,0.0662481,0.92234474,0.98859286,0.98859286,0.0003259291,0.018053507,0.00062558317
2008-05-21,6.835548e-06,0.06876854,0.919783,0.98855156,0.98855156,0.0003237452,0.017992921,0.0005970723
2008-05-22,6.8917493e-06,0.06837171,0.9201645,0.98853624,0.98853624,0.0003708395,0.019257193,0.000601177
2008-05-23,7.1702093e-06,0.06712181,0.9212834,0.9884052,0.9884052,0.0003705711,0.019250223,0.00061840017
2008-05-27,7.173821e-06,0.06651168,0.9219855,0.9884972,0.9884972,0.00035563172,0.0188582,0.00062365853
2008-05-28,7.3207525e-06,0.06609095,0.92231685,0.9884078,0.9884078,0.00037943546,0.019479103,0.0006315235
2008-05-29,7.136923e-06,0.06683673,0.92166543,0.98850214,0.98850214,0.00037535903,0.019374184,0.00062071776
2008-05-30,7.1450427e-06,0.06736593,0.9210477,0.98841363,0.98841363,0.0004325251,0.020797238,0.00061667664
2008-06-02,7.2703024e-06,0.066404745,0.9219911,0.98839587,0.98839587,0.00040756684,0.020188285,0.0006265271
2008-06-03,7.239728e-06,0.06655463,0.9218655,0.9884201,0.9884201,0.00038363144,0.019586511,0.00062519935
2008-06-04,7.2891858e-06,0.0668761,0.921403,0.9882791,0.9882791,0.00041164397,0.020289011,0.00062189664
2008-06-05,7.1887303e-06,0.06829877,0.9198816,0.98818034,0.98818034,0.0004048737,0.020121474,0.0006082011
2008-06-06,6.8933214e-06,0.06846174,0.92008513,0.98854685,0.98854685,0.0005098929,0.022580808,0.0006018711
2008-06-09,6.1046953e-06,0.07471659,0.91389865,0.9886152,0.9886152,0.0009200458,0.030332256,0.00053621526
2008-06-10,6.922895e-06,0.07116434,0.9169208,0.9880851,0.98808515,0.0009184994,0.030306755,0.00058102794
2008-06-11,7.0647966e-06,0.06846634,0.9198374,0.9883038,0.9883038,0.00088717265,0.029785443,0.0006040239
2008-06-12,6.556422e-06,0.07136389,0.91714907,0.98851293,0.98851293,0.00092015124,0.030333994,0.0005707655
2008-06-13,6.97024e-06,0.06839809,0.9200326,0.98843074,0.98843074,0.0008508826,0.029169893,0.00060247927
2008-06-16,7.1741633e-06,0.0678772,0.9203992,0.98827636,0.98827636,0.0008033743,0.028343858,0.00061194005
2008-06-17,7.2517296e-06,0.06711149,0.9211938,0.9883053,0.9883053,0.0007468967,0.027329411,0.0006200853
2008-06-18,7.194258e-06,0.06692895,0.9214734,0.9884023,0.98840237,0.00069677434,0.026396483,0.00062031805
2008-06-19,7.192796e-06,0.06696575,0.9214494,0.9884152,0.9884152,0.00067467627,0.02597453,0.0006208812
2008-06-20,6.9749426e-06,0.06963351,0.91861033,0.9882439,0.9882438,0.0007137864,0.026716782,0.000593303
2008-06-23,7.1513264e-06,0.06691488,0.92157066,0.9884855,0.9884855,0.0006903705,0.026274903,0.0006210722
2008-06-24,7.340876e-06,0.06617858,0.92218614,0.9883647,0.9883647,0.00065921963,0.025675273,0.000630914
2008-06-25,7.198957e-06,0.06619629,0.92232955,0.9885258,0.98852587,0.0006154467,0.024808198,0.00062740425
2008-06-26,7.2155267e-06,0.06679718,0.9216107,0.9884079,0.9884079,0.0005969716,0.024433002,0.0006224526
2008-06-27,6.9267735e-06,0.06847738,0.9200216,0.988499,0.988499,0.0006483108,0.025461948,0.000602275
2008-06-30,7.312222e-06,0.06618508,0.9222151,0.98840016,0.98840016,0.00060439407,0.024584427,0.0006303727
2008-07-01,7.3525393e-06,0.06588729,0.92250717,0.98839444,0.98839444,0.00056489324,0.023767482,0.0006335359
2008-07-02,7.221963e-06,0.06655427,0.9218953,0.9884496,0.9884496,0.00053139875,0.023052087,0.0006252551
2008-07-03,6.970314e-06,0.06767627,0.9209117,0.988588,0.988588,0.0005187693,0.022776509,0.00061078684
2008-07-07,7.170619e-06,0.066697486,0.9217877,0.98848516,0.98848516,0.0004939289,0.022224512,0.0006227284
2008-07-08,6.9187363e-06,0.06870692,0.919775,0.98848194,0.98848194,0.0005132367,0.022654727,0.00060068583
2008-07-09,6.8627473e-06,0.069438934,0.91900223,0.98844117,0.98844117,0.0005817225,0.024118923,0.0005937233
2008-07-10,7.0276574e-06,0.066943504,0.92168355,0.9886271,0.9886271,0.00054146885,0.023269484,0.0006179288
2008-07-11,6.6263656e-06,0.07041348,0.9181592,0.98857266,0.98857266,0.00061372813,0.024773536,0.0005798693
2008-07-14,6.845378e-06,0.06811914,0.9205302,0.9886493,0.98864937,0.00060963666,0.024690822,0.00060308026
2008-07-15,7.1355207e-06,0.067017436,0.9214615,0.98847896,0.98847896,0.00056804816,0.023833761,0.00061934686
2008-07-16,6.9021676e-06,0.07053614,0.9176927,0.98822886,0.98822886,0.0006699896,0.025884157,0.0005863634
2008-07-17,7.2107705e-06,0.067638695,0.9206487,0.9882874,0.9882874,0.0006875029,0.026220277,0.0006156416
2008-07-18,6.885475e-06,0.069045044,0.91943765,0.9884827,0.9884827,0.00075103703,0.027405055,0.0005978383
2008-07-21,7.2468297e-06,0.06629654,0.9221353,0.9884318,0.9884318,0.00069822214,0.026423894,0.00062644464
2008-07-22,7.2365306e-06,0.06602184,0.92247254,0.9884944,0.9884944,0.00066889526,0.025863009,0.00062895706
2008-07-23,7.009745e-06,0.0681905,0.92025584,0.98844635,0.98844635,0.00066262425,0.02574149,0.0006067128
2008-07-24,7.124614e-06,0.068525285,0.91975594,0.98828125,0.98828125,0.0006704617,0.025893275,0.0006079671
2008-07-25,6.994808e-06,0.067105606,0.92154443,0.98865,0.98865,0.0006283531,0.025066972,0.0006162839
2008-07-28,7.2493935e-06,0.06626829,0.9222211,0.9884894,0.9884894,0.00060820085,0.02466173,0.00062980095
2008-07-29,7.362691e-06,0.06560155,0.9228269,0.9884284,0.9884284,0.0005770886,0.024022669,0.0006362733
2008-07-30,7.3616498e-06,0.06655507,0.9217297,0.98828477,0.98828477,0.0005683314,0.023839703,0.00062838267
2008-07-31,7.178117e-06,0.066742554,0.92173797,0.9884805,0.9884805,0.0006201641,0.024903094,0.0006231279
2008-08-01,7.2629464e-06,0.06757874,0.92068475,0.9882635,0.9882635,0.0006101951,0.024702128,0.00061883347
2008-08-04,7.3939664e-06,0.06584012,0.9225159,0.98835605,0.98835605,0.00057333,0.023944309,0.0006350052
2008-08-05,7.0040833e-06,0.068355866,0.9201047,0.98846054,0.98846054,0.00059626286,0.024418494,0.00060696807
2008-08-06,7.2519506e-06,0.06691352,0.9214614,0.98837495,0.98837495,0.00057994376,0.024082022,0.00062382093
2008-08-07,7.477828e-06,0.06521732,0.92316,0.98837733,0.98837733,0.0005434581,0.023312187,0.00064338313
2008-08-08,7.249627e-06,0.0657098,0.92286134,0.9885711,0.98857117,0.0005183072,0.022766361,0.0006343245
2008-08-11,7.1045406e-06,0.06879508,0.9194899,0.988285,0.988285,0.0005972594,0.024438892,0.00060644845
2008-08-12,7.4336913e-06,0.06549656,0.9228779,0.9883745,0.9883745,0.00055943156,0.023652306,0.00063942827
2008-08-13,7.3995325e-06,0.06570262,0.92267674,0.98837936,0.98837936,0.0005346199,0.023121849,0.0006367577
2008-08-14,7.3436336e-06,0.06571717,0.9227188,0.988436,0.988436,0.0005446719,0.023338206,0.0006350418
2008-08-15,7.292518e-06,0.06579361,0.92271256,0.9885062,0.9885062,0.0005150226,0.022694109,0.000634474
2008-08-18,7.369017e-06,0.06555134,0.92288417,0.9884355,0.9884355,0.0004905854,0.022149162,0.00063721056
2008-08-19,7.3530873e-06,0.06545568,0.9230093,0.98846495,0.98846495,0.0004645091,0.021552473,0.00063745613
2008-08-20,7.3378824e-06,0.06565747,0.9227773,0.98843473,0.9884348,0.00044960028,0.02120378,0.0006344758
2008-08-21,7.349e-06,0.06550652,0.92297566,0.9884822,0.9884822,0.0004231095,0.020569626,0.0006380546
2008-08-22,6.9194984e-06,0.068522766,0.9199637,0.98848647,0.98848647,0.000576915,0.024019055,0.0006009884
2008-08-25,6.8214613e-06,0.072403334,0.91570586,0.9881092,0.9881092,0.00075373723,0.027454276,0.00057367416
2008-08-26,7.2357516e-06,0.066196926,0.9222648,0.98846173,0.98846173,0.0006983552,0.02642641,0.000627109
2008-08-27,7.0929127e-06,0.067901544,0.92049766,0.9883992,0.9883992,0.0006576469,0.025644628,0.00061141624
2008-08-28,7.31251e-06,0.06612021,0.92229897,0.9884192,0.9884192,0.00062941003,0.025088046,0.0006314326
2008-08-29,7.2622574e-06,0.066676855,0.921717,0.98839384,0.98839384,0.0006202388,0.024904594,0.00062572455
2008-09-02,7.330466e-06,0.06544039,0.9230404,0.98848075,0.9884808,0.0005790708,0.02406389,0.0006363664
2008-09-03,6.6338907e-06,0.073902525,0.91417974,0.9880823,0.9880823,0.00071420195,0.026724556,0.0005566414
2008-09-04,7.243699e-06,0.06597027,0.92248726,0.98845756,0.98845756,0.00066046114,0.025699439,0.0006275709
2008-09-05,7.5908565e-06,0.06486862,0.9234195,0.9882881,0.9882881,0.0006288561,0.025077004,0.0006481322
2008-09-08,7.616009e-06,0.064658515,0.9236367,0.9882952,0.9882952,0.00060436776,0.024583893,0.0006506739
2008-09-09,7.47667e-06,0.06476021,0.92366236,0.9884226,0.9884226,0.0005658733,0.02378809,0.0006457972
2008-09-10,7.448854e-06,0.06645765,0.9217636,0.9882212,0.9882212,0.00058700645,0.024228215,0.0006323965
2008-09-11,7.510966e-06,0.06444043,0.923997,0.9884374,0.9884374,0.0005516442,0.023487106,0.00064959226
2008-09-12,7.4044187e-06,0.06481147,0.9237141,0.98852557,0.98852557,0.00053595856,0.02315078,0.0006452973
2008-09-15,7.5221587e-06,0.06443024,0.9239833,0.9884135,0.9884135,0.00050299603,0.022427574,0.0006492182
2008-09-16,7.078367e-06,0.07103011,0.9169799,0.98801,0.98801005,0.00067301386,0.02594251,0.00059035537
2008-09-17,7.3227884e-06,0.067560345,0.92062557,0.9881859,0.9881859,0.00079514144,0.028198253,0.0006198337
2008-09-18,7.0505816e-06,0.0682712,0.9201017,0.9883729,0.9883729,0.0010127528,0.031823777,0.00060639327
2008-09-19,7.481918e-06,0.065643236,0.9226343,0.98827755,0.98827755,0.00094237126,0.030698067,0.00063825573
2008-09-22,6.922379e-06,0.06958521,0.9187253,0.9883105,0.9883105,0.0011601651,0.034061197,0.00059218856
2008-09-23,5.824065e-06,0.0831263,0.9045758,0.98770213,0.98770213,0.0025403774,0.050402157,0.00047358326
2008-09-24,6.331801e-06,0.08011998,0.9073972,0.9875172,0.9875172,0.0036274858,0.060228612,0.0005072412
2008-09-25,6.6437515e-06,0.07351135,0.9145052,0.98801655,0.98801655,0.0033037276,0.057478063,0.0005544104
2008-09-26,6.4970664e-06,0.07492433,0.9131007,0.98802507,0.98802507,0.0030609258,0.055325635,0.00054255564
2008-09-29,6.7185338e-06,0.07337387,0.91461354,0.9879874,0.9879874,0.002810096,0.053010337,0.0005592905
2008-09-30,6.2942345e-06,0.08111307,0.90633583,0.9874489,0.98744893,0.003368096,0.0580353,0.0005014875
2008-10-01,6.339931e-06,0.07503379,0.91311723,0.988151,0.988151,0.0032097124,0.056654323,0.00053506106
2008-10-02,6.8470968e-06,0.07335998,0.91446155,0.9878215,0.9878215,0.0029716329,0.054512687,0.00056222914
2008-10-03,6.885325e-06,0.073495105,0.91423595,0.98773104,0.98773104,0.0028906728,0.053764977,0.00056119874
2008-10-06,6.965933e-06,0.070706286,0.91734755,0.98805386,0.98805386,0.0026497475,0.0514757,0.00058311154
2008-10-07,6.8619797e-06,0.07370468,0.914152,0.9878567,0.9878567,0.0027558664,0.052496348,0.00056508294
2008-10-08,6.9714547e-06,0.06916259,0.9191176,0.98828024,0.98828024,0.002572439,0.050719216,0.00059484603
2008-10-09,7.2770817e-06,0.068098575,0.920058,0.98815656,0.98815656,0.0023823956,0.04880979,0.0006144397
2008-10-10,7.2769935e-06,0.068583645,0.91949975,0.9880834,0.9880834,0.002249336,0.047427166,0.00061066134
2008-10-13,6.6341167e-06,0.07772751,0.9098426,0.9875701,0.9875701,0.002883927,0.053702205,0.00053372275
2008-10-14,6.632185e-06,0.07235561,0.9158495,0.98820513,0.98820513,0.0027789802,0.05271603,0.00056229427
2008-10-15,7.1099767e-06,0.0708148,0.91715145,0.98796624,0.98796624,0.0026271406,0.05125564,0.0005908358
2008-10-16,7.1058507e-06,0.071103826,0.9168081,0.98791194,0.98791194,0.0026204663,0.05119049,0.00058784045
2008-10-17,6.8745467e-06,0.07412338,0.91364247,0.98776585,0.98776585,0.0027120593,0.052077435,0.00056191446
2008-10-20,6.973347e-06,0.070251614,0.9178629,0.98811454,0.9881145,0.002542808,0.050426263,0.0005867122
2008-10-21,7.0266165e-06,0.069823645,0.9182927,0.9881163,0.9881163,0.0024156698,0.049149465,0.0005912831
2008-10-22,6.9864996e-06,0.07127669,0.916756,0.98803264,0.98803264,0.0023765978,0.048750363,0.0005837962
2008-10-23,6.9375074e-06,0.073398784,0.91441196,0.98781073,0.98781073,0.00244589,0.04945594,0.00056914875
2008-10-24,6.8431755e-06,0.07102519,0.91714936,0.98817456,0.98817456,0.0022621835,0.047562417,0.0005786824
2008-10-27,6.8810014e-06,0.0731515,0.9147599,0.98791134,0.98791134,0.0023056613,0.0480173,0.00056921144
2008-10-28,6.9482944e-06,0.07031615,0.91785866,0.9881748,0.9881748,0.0021321208,0.046174895,0.00058758346
2008-10-29,7.1210316e-06,0.068897285,0.9193142,0.9882115,0.9882115,0.0019684557,0.044367284,0.0006040666
2008-10-30,6.7131405e-06,0.07303618,0.91499054,0.98802674,0.98802674,0.0021844027,0.046737593,0.00056067767
2008-10-31,7.040585e-06,0.071434945,0.91651213,0.9879471,0.9879471,0.0020451308,0.045223124,0.00058414065
2008-11-03,7.005089e-06,0.070737526,0.9173204,0.9880579,0.9880579,0.001935148,0.043990318,0.0005865883
2008-11-04,7.068083e-06,0.07153294,0.9163381,0.98787105,0.98787105,0.002032349,0.045081582,0.0005827449
2008-11-05,6.0489037e-06,0.07985131,0.9079813,0.9878326,0.9878326,0.00256094,0.050605733,0.00049714046
2008-11-06,6.5881654e-06,0.0780927,0.9094383,0.987531,0.987531,0.0028082754,0.052993163,0.00052836386
2008-11-07,6.649368e-06,0.07579566,0.91192824,0.9877239,0.9877239,0.0029668831,0.0544691,0.0005416509
2008-11-10,6.5024187e-06,0.074041165,0.91404706,0.98808825,0.98808825,0.0027135676,0.052091915,0.00054588274
2008-11-11,6.5079753e-06,0.075426586,0.9125382,0.98796475,0.98796475,0.0025225298,0.050224792,0.0005407428
2008-11-12,6.6898956e-06,0.07452169,0.9133313,0.987853,0.98785293,0.0025034347,0.050034333,0.00055074424
2008-11-13,6.686287e-06,0.07382525,0.9141772,0.9880024,0.9880024,0.002519803,0.05019764,0.00055730296
2008-11-14,6.5209283e-06,0.0739161,0.9141773,0.9880934,0.9880934,0.0024065992,0.0490571,0.00054767233
2008-11-17,6.935918e-06,0.07260943,0.9152942,0.9879036,0.9879036,0.0022393563,0.047321837,0.00057338673
2008-11-18,6.8581116e-06,0.07268897,0.9152596,0.9879486,0.98794854,0.0021590798,0.0464659,0.0005690716
2008-11-19,6.937906e-06,0.07065217,0.9174984,0.9881506,0.9881506,0.0019909625,0.044620205,0.0005855068
2008-11-20,7.036227e-06,0.0697266,0.91844565,0.98817223,0.98817223,0.0018484902,0.04299407,0.00059489056
2008-11-21,6.707228e-06,0.074195005,0.9137541,0.98794913,0.98794913,0.0021264534,0.046113484,0.00055657636
2008-11-24,6.7333845e-06,0.07153401,0.91669333,0.98822737,0.98822737,0.0019524248,0.04418625,0.0005719523
2008-11-25,6.4458077e-06,0.07572223,0.9122345,0.9879567,0.9879567,0.0023421946,0.048396226,0.0005352195
2008-11-26,6.6477714e-06,0.075613104,0.9122241,0.9878372,0.9878372,0.002526227,0.050261583,0.0005465657
2008-11-28,6.1080623e-06,0.07916049,0.9087371,0.98789763,0.98789763,0.0026769442,0.051739193,0.0005046999
2008-12-01,6.741941e-06,0.07438442,0.91348827,0.9878727,0.9878727,0.0024387606,0.049383808,0.0005559318
2008-12-02,6.444821e-06,0.07789218,0.9098002,0.98769236,0.98769236,0.0029729516,0.05452478,0.00052364374
2008-12-03,6.5340323e-06,0.075537294,0.91235816,0.9878955,0.9878955,0.0028941594,0.053797394,0.00053980143
2008-12-04,6.5287436e-06,0.074628256,0.9133882,0.9880164,0.9880164,0.0026481724,0.051460396,0.00054480776
2008-12-05,6.5248346e-06,0.07646831,0.91135675,0.98782504,0.98782504,0.0027831858,0.052755907,0.0005359223
2008-12-08,6.505415e-06,0.07648215,0.9113693,0.98785144,0.9878515,0.0028963024,0.053817306,0.0005354886
2008-12-09,6.1278065e-06,0.07785732,0.9101208,0.9879781,0.9879781,0.003004053,0.054809242,0.00050972035
2008-12-10,6.6476555e-06,0.07529973,0.912603,0.98790276,0.98790276,0.0028554646,0.053436548,0.0005495184
2008-12-11,6.418576e-06,0.07670691,0.91116935,0.98787624,0.98787624,0.002697804,0.05194039,0.0005294211
2008-12-12,6.0753277e-06,0.08055018,0.90715885,0.98770905,0.98770905,0.0031911605,0.056490358,0.0004942926
2008-12-15,6.516098e-06,0.07736351,0.91039944,0.9877629,0.9877629,0.003007179,0.054837752,0.00053248834
2008-12-16,6.533249e-06,0.07709135,0.910642,0.98773336,0.98773336,0.002863338,0.053510167,0.0005326031
2008-12-17,6.387287e-06,0.07707733,0.91077614,0.98785347,0.98785347,0.0026476672,0.051455487,0.0005258527
2008-12-18,6.482703e-06,0.0777816,0.9098431,0.9876247,0.9876247,0.0029736161,0.054530874,0.0005238423
2008-12-19,6.5175736e-06,0.07749117,0.91012776,0.9876189,0.9876189,0.0035055373,0.059207577,0.00052641414
2008-12-22,6.25052e-06,0.07807934,0.9097757,0.987855,0.987855,0.003548194,0.059566718,0.00051465863
2008-12-23,5.717908e-06,0.08846766,0.89859664,0.9870643,0.9870643,0.0053307246,0.07301181,0.00044202548
2008-12-24,5.962838e-06,0.08282149,0.9047868,0.9876083,0.9876083,0.00484607,0.06961372,0.00048119662
2008-12-26,6.29765e-06,0.08269853,0.9045019,0.98720044,0.98720044,0.005185855,0.07201288,0.0004920208
2008-12-29,5.769377e-06,0.08377604,0.90388167,0.9876577,0.9876577,0.005039774,0.07099137,0.00046744844
2008-12-30,5.801888e-06,0.08515597,0.9023707,0.98752666,0.98752666,0.00485489,0.06967704,0.00046514292
2008-12-31,6.2166605e-06,0.07963359,0.90804225,0.98767585,0.98767585,0.004441164,0.06664206,0.000504429
2009-01-02,5.3932836e-06,0.09067254,0.8964882,0.98716074,0.98716074,0.0054511176,0.073831685,0.00042006196
2009-01-05,5.7720267e-06,0.086343914,0.90102005,0.98736393,0.98736393,0.0050234175,0.07087607,0.00045678986
2009-01-06,5.6807344e-06,0.086728506,0.9006699,0.9873984,0.9873984,0.0047626835,0.069012195,0.00045079418
2009-01-07,5.6949057e-06,0.085985176,0.9015353,0.98752046,0.98752046,0.0042974213,0.06555472,0.00045633924
2009-01-08,5.7309153e-06,0.08921769,0.89778864,0.9870063,0.9870063,0.0053531304,0.07316509,0.0004410536
2009-01-09,5.7493958e-06,0.08375314,0.9039091,0.9876622,0.9876622,0.0048560593,0.06968543,0.0004659983
2009-01-12,5.938979e-06,0.08228622,0.9053609,0.9876471,0.9876471,0.0044332626,0.06658275,0.0004807767
2009-01-13,6.135261e-06,0.08102053,0.9065227,0.9875432,0.9875432,0.004585383,0.06771546,0.00049252406
2009-01-14,5.8260002e-06,0.08077961,0.9071967,0.9879763,0.9879763,0.0041647586,0.06453494,0.00048454356
2009-01-15,6.195523e-06,0.07972263,0.9079989,0.98772156,0.98772156,0.003798937,0.061635517,0.0005045856
2009-01-16,6.422845e-06,0.0768346,0.9109543,0.9877889,0.9877889,0.003671058,0.060589258,0.00052598485
2009-01-20,6.4169512e-06,0.07699842,0.9108056,0.987804,0.987804,0.0034227034,0.058503874,0.0005261519
2009-01-21,5.9610816e-06,0.082923345,0.90475065,0.987674,0.987674,0.0033923048,0.058243494,0.0004836184
2009-01-22,5.7831357e-06,0.08592956,0.90139484,0.9873244,0.9873244,0.004206387,0.06485666,0.00045624218
2009-01-23,6.025997e-06,0.083307795,0.90417266,0.98748046,0.98748046,0.0037979414,0.06162744,0.0004813274
2009-01-26,5.7417965e-06,0.084346995,0.9032676,0.98761463,0.98761463,0.0037593,0.06131313,0.00046359512
2009-01-27,6.033962e-06,0.083094336,0.90439737,0.9874917,0.9874917,0.0034237804,0.05851308,0.0004823977
2009-01-28,5.9455306e-06,0.08492138,0.9023635,0.98728484,0.98728484,0.003858326,0.062115423,0.0004675938
2009-01-29,5.846137e-06,0.081462316,0.9064059,0.98786825,0.98786825,0.0035032982,0.059188664,0.00048188734
2009-01-30,6.1266005e-06,0.08023316,0.9074725,0.98770565,0.98770565,0.0032061005,0.056622438,0.00049832644
2009-02-02,6.0825837e-06,0.078896515,0.90902096,0.9879175,0.9879175,0.002918034,0.054018833,0.00050342025
2009-02-03,6.186762e-06,0.080978714,0.906638,0.9876167,0.9876167,0.0027810014,0.052735202,0.000499606
2009-02-04,6.1240935e-06,0.077166036,0.910956,0.98812205,0.98812205,0.002551161,0.05050902,0.0005155849
2009-02-05,6.564878e-06,0.073961094,0.9141076,0.9880687,0.9880687,0.0023404716,0.04837842,0.00055022317
2009-02-06,6.551317e-06,0.07400137,0.91406566,0.98806703,0.98806703,0.0021774669,0.046663336,0.00054900977
2009-02-09,6.636542e-06,0.07429421,0.91371566,0.98800987,0.98800987,0.0020425143,0.045194183,0.00055350043
2009-02-10,6.7613296e-06,0.072656065,0.9153602,0.9880163,0.98801625,0.0018908555,0.04348397,0.0005642109
2009-02-11,6.5832487e-06,0.074535035,0.91344625,0.98798126,0.98798126,0.0019369451,0.04401074,0.00054774864
2009-02-12,6.6819107e-06,0.07290286,0.9151404,0.98804325,0.98804325,0.0019205771,0.04382439,0.00055884
2009-02-13,6.767632e-06,0.07313619,0.91479343,0.98792964,0.98792964,0.0019954985,0.044671003,0.000560682
2009-02-17,6.2927134e-06,0.0790873,0.90854496,0.9876323,0.9876323,0.002543223,0.05043038,0.0005088012
2009-02-18,6.2655495e-06,0.080244526,0.9073681,0.98761266,0.98761266,0.0027212359,0.052165467,0.00050580286
2009-02-19,6.454172e-06,0.076094426,0.9118081,0.9879025,0.9879025,0.0024821507,0.049821187,0.00053351384
2009-02-20,5.727168e-06,0.0851068,0.90235966,0.98746645,0.98746645,0.0035780375,0.0598167,0.00045694716
2009-02-23,5.958527e-06,0.08265013,0.9050304,0.98768055,0.98768055,0.0032511097,0.057018504,0.0004836684
2009-02-24,6.153915e-06,0.08056773,0.90711,0.9876777,0.9876777,0.0029626293,0.05443004,0.0004994126
2009-02-25,6.001466e-06,0.08108433,0.9066805,0.98776484,0.98776484,0.0028132678,0.053040247,0.0004905096
2009-02-26,5.9054264e-06,0.08268125,0.9049397,0.98762095,0.98762095,0.002862291,0.053500384,0.00047705005
2009-02-27,5.8842747e-06,0.081528425,0.9062899,0.9878183,0.9878183,0.0029118569,0.053961623,0.00048304218
2009-03-02,6.2924064e-06,0.07976706,0.9078263,0.98759335,0.98759335,0.0026537958,0.051515006,0.00050718023
2009-03-03,6.1648075e-06,0.0819091,0.90552145,0.9874306,0.9874306,0.0033619842,0.05798262,0.0004904605
2009-03-04,5.868012e-06,0.08183624,0.90602577,0.987862,0.987862,0.0031592825,0.056207497,0.00048344108
2009-03-05,5.6769263e-06,0.0849874,0.9025815,0.9875689,0.9875689,0.0034669484,0.0588808,0.0004566718
2009-03-06,6.108256e-06,0.08164029,0.9058979,0.9875382,0.9875382,0.0032710184,0.057192817,0.00049015915
2009-03-09,5.654859e-06,0.08326479,0.90461636,0.9878811,0.9878811,0.0031176629,0.055836037,0.00046661578
2009-03-10,6.0790594e-06,0.081729695,0.9058001,0.9875298,0.9875298,0.0029179747,0.05401828,0.00048748747
2009-03-11,6.128205e-06,0.08089527,0.90670806,0.9876033,0.9876033,0.0027205814,0.052159194,0.0004943419
2009-03-12,6.2466243e-06,0.08022225,0.90729433,0.9875166,0.9875166,0.0029532674,0.054343972,0.00050039374
2009-03-13,5.4929787e-06,0.086350106,0.9012982,0.9876483,0.9876483,0.0035710447,0.05975822,0.00044471468
2009-03-16,6.175734e-06,0.080790915,0.90674245,0.9875334,0.9875334,0.0032489144,0.056999248,0.000495382
2009-03-17,5.95985e-06,0.08128647,0.90643835,0.98772484,0.98772484,0.002995841,0.054734275,0.0004855212
2009-03-18,5.804216e-06,0.082021266,0.9058399,0.98786116,0.98786116,0.0028344481,0.053239536,0.0004781523
2009-03-19,6.337279e-06,0.078531176,0.90915835,0.9876895,0.9876895,0.0026102418,0.051090524,0.0005147863
2009-03-20,5.7289526e-06,0.0817386,0.90622765,0.98796624,0.98796624,0.0027573004,0.052510004,0.00047607333
2009-03-23,6.3560433e-06,0.077025734,0.9107804,0.9878061,0.9878061,0.0025142757,0.050142553,0.000521247
2009-03-24,6.061206e-06,0.07897135,0.90890884,0.9878802,0.9878802,0.0025048573,0.05004855,0.00050010654
2009-03-25,6.1988e-06,0.07779892,0.9100911,0.98789,0.98789,0.002283508,0.047786064,0.0005118747
2009-03-26,6.3385764e-06,0.0772272,0.9105569,0.9877841,0.9877841,0.0021252297,0.046100214,0.0005188787
2009-03-27,6.2009717e-06,0.075799555,0.9123527,0.9881522,0.98815227,0.002006786,0.044797163,0.0005233862
2009-03-30,6.4234077e-06,0.0759688,0.91193676,0.98790556,0.98790556,0.0019407212,0.044053618,0.0005311043
2009-03-31,6.50504e-06,0.076616466,0.9110988,0.98771524,0.98771524,0.0022510407,0.047445133,0.0005295213
2009-04-01,6.41352e-06,0.07452602,0.91352326,0.98804927,0.98804927,0.002106293,0.04589437,0.0005366634
2009-04-02,6.68858e-06,0.07380491,0.91404444,0.98784935,0.98784935,0.0019815038,0.044514086,0.0005504712
2009-04-03,6.0128177e-06,0.07884282,0.9091025,0.9879453,0.9879453,0.0023379552,0.048352405,0.00049879524
2009-04-06,6.631019e-06,0.07446445,0.91340697,0.9878714,0.9878714,0.002132033,0.04617394,0.0005467262
2009-04-07,6.73013e-06,0.073869206,0.9139929,0.9878621,0.9878621,0.0020142584,0.04488049,0.0005544728
2009-04-08,6.570259e-06,0.07468923,0.91323394,0.98792315,0.98792315,0.0019553541,0.044219386,0.00054403726
2009-04-09,6.6216376e-06,0.074051246,0.9139118,0.9879631,0.9879631,0.001793732,0.042352475,0.00055011065
2009-04-13,6.539651e-06,0.0740125,0.913961,0.9879735,0.9879735,0.0018786967,0.043343935,0.0005437706
2009-04-14,6.8637387e-06,0.07311352,0.9146708,0.9877843,0.9877843,0.0018608538,0.043137614,0.00056187966
2009-04-15,6.734485e-06,0.07263262,0.9153622,0.9879948,0.9879948,0.0017214945,0.041490898,0.0005609635
2009-04-16,6.89627e-06,0.071305715,0.91669285,0.98799855,0.98799855,0.0015834059,0.039792035,0.0005746195
2009-04-17,6.710041e-06,0.071897626,0.9162098,0.98810744,0.98810744,0.0014733342,0.038384035,0.0005642219
2009-04-20,7.1000773e-06,0.0688638,0.9192541,0.98811793,0.98811793,0.0013598596,0.036876272,0.00059754564
2009-04-21,6.8009226e-06,0.07369287,0.91411626,0.9878091,0.9878091,0.0018503321,0.043015487,0.0005578698
2009-04-22,6.4977107e-06,0.07365821,0.9145084,0.98816663,0.98816663,0.0017114514,0.04136969,0.00054910063
2009-04-23,6.8341496e-06,0.07265565,0.91522646,0.9878821,0.98788214,0.001747398,0.041801892,0.0005639704
2009-04-24,6.774276e-06,0.07235652,0.91562927,0.9879858,0.9879858,0.0016233331,0.04029061,0.0005638553
2009-04-27,6.579491e-06,0.07337302,0.9147094,0.9880824,0.9880824,0.0015971889,0.039964847,0.0005520823
2009-04-28,6.9974953e-06,0.07202063,0.91585606,0.9878767,0.9878767,0.0015249499,0.03905061,0.00057719456
2009-04-29,6.9787466e-06,0.07036465,0.91773003,0.9880947,0.9880947,0.0014051797,0.037485726,0.0005861876
2009-04-30,6.9188713e-06,0.070476346,0.9176229,0.9880993,0.9880993,0.0013263485,0.036419068,0.0005813824
2009-05-01,7.1212858e-06,0.06917317,0.9189027,0.98807585,0.98807585,0.0012245206,0.03499315,0.0005972155
2009-05-04,6.629193e-06,0.072484046,0.9156517,0.98813576,0.9881357,0.0012410545,0.035228603,0.0005587539
2009-05-05,6.7953415e-06,0.07082589,0.9173625,0.9881884,0.9881884,0.0011825345,0.034388,0.00057531014
2009-05-06,7.0375468e-06,0.069800064,0.9182891,0.9880892,0.9880892,0.0011015901,0.03319021,0.00059085444
2009-05-07,6.4948167e-06,0.073281765,0.9149015,0.98818326,0.98818326,0.0011609037,0.034072038,0.00054962846
2009-05-08,6.943398e-06,0.07016431,0.917938,0.9881023,0.9881023,0.0010715228,0.032734122,0.00058359245
2009-05-11,6.8079803e-06,0.07083327,0.9173037,0.98813695,0.98813695,0.0010672115,0.032668203,0.00057388097
2009-05-12,7.140172e-06,0.06893621,0.9191028,0.988039,0.988039,0.000986193,0.03140371,0.00059695524
2009-05-13,6.9199205e-06,0.0698456,0.9183225,0.9881681,0.9881681,0.0009158137,0.030262414,0.0005848539
2009-05-14,7.0035417e-06,0.06894972,0.919223,0.9881727,0.9881727,0.0008625006,0.02936836,0.000592151
2009-05-15,6.915766e-06,0.06932679,0.9189018,0.9882286,0.98822856,0.0008067978,0.028404187,0.00058750674
2009-05-18,7.11442e-06,0.06916575,0.9188742,0.98804,0.98804,0.0008587047,0.029303662,0.0005948497
2009-05-19,6.569834e-06,0.07204399,0.91617084,0.98821485,0.98821485,0.0009450848,0.030742232,0.00055746717
2009-05-20,6.6836838e-06,0.07097907,0.91731954,0.9882986,0.9882986,0.00087993935,0.029663771,0.0005711864
2009-05-21,6.8219992e-06,0.070659354,0.91748786,0.9881472,0.9881472,0.0009220884,0.030365909,0.0005755601
2009-05-22,6.8781023e-06,0.06996614,0.9182656,0.9882317,0.9882317,0.0008716567,0.029523833,0.0005844611
2009-05-26,6.8033587e-06,0.06990422,0.918439,0.9883432,0.9883432,0.00081410096,0.028532455,0.00058363756
2009-05-27,7.0559645e-06,0.06873107,0.9194903,0.98822135,0.98822135,0.00076513365,0.02766105,0.0005990468
2009-05-28,7.049458e-06,0.06827373,0.9200029,0.9882766,0.9882766,0.00072741776,0.026970683,0.0006013152
2009-05-29,6.729241e-06,0.070661776,0.9176102,0.988272,0.988272,0.00071938115,0.026821282,0.0005737762
2009-06-01,7.0756128e-06,0.06780589,0.92051375,0.98831964,0.98831964,0.0006909858,0.02628661,0.00060576986
2009-06-02,6.3209022e-06,0.07326397,0.9151119,0.98837584,0.9883759,0.00071887905,0.02681192,0.00054377294
2009-06-03,7.0859546e-06,0.067800924,0.92050385,0.9883048,0.9883048,0.00066420913,0.025772255,0.0006058854
2009-06-04,7.091082e-06,0.06890636,0.919248,0.98815435,0.98815435,0.0007079832,0.026607955,0.00059862336
2009-06-05,6.6997814e-06,0.070883736,0.9173788,0.98826253,0.98826253,0.00076617504,0.027679866,0.00057080307
2009-06-08,7.2726066e-06,0.06762106,0.92048836,0.9881094,0.9881094,0.00071181916,0.026679939,0.00061162707
2009-06-09,7.2870357e-06,0.067089595,0.92107934,0.98816895,0.98816895,0.0006644405,0.025776744,0.00061592495
2009-06-10,6.9361554e-06,0.069189236,0.9190635,0.98825276,0.98825276,0.00067028304,0.025889825,0.0005904497
2009-06-11,7.052979e-06,0.06815038,0.92012715,0.98827755,0.98827755,0.0006464972,0.02542631,0.0006016645
2009-06-12,6.997784e-06,0.068626545,0.9196261,0.98825264,0.98825264,0.0006252648,0.025005294,0.0005956899
2009-06-15,7.4491422e-06,0.06602945,0.92213565,0.9881651,0.9881651,0.00058766926,0.02424189,0.0006294206
2009-06-16,7.1405734e-06,0.067706846,0.92052776,0.9882346,0.9882346,0.0005761596,0.024003325,0.0006069119
2009-06-17,7.387979e-06,0.06580515,0.9224875,0.98829263,0.98829263,0.00053789007,0.023192458,0.00063105393
2009-06-18,7.3294427e-06,0.06635109,0.9219025,0.9882536,0.9882536,0.0005074631,0.022526942,0.0006239732
2009-06-19,7.4159143e-06,0.065259494,0.9230936,0.98835313,0.98835313,0.0004765268,0.021829493,0.0006367304
2009-06-22,7.3462297e-06,0.06669206,0.9214982,0.98819023,0.98819023,0.0004916478,0.022173133,0.000622047
2009-06-23,7.536083e-06,0.06577297,0.92235714,0.9881301,0.9881301,0.00055995735,0.023663418,0.0006348898
2009-06-24,7.2034154e-06,0.06709473,0.92118365,0.9882784,0.9882784,0.00059868407,0.024468021,0.0006145414
2009-06-25,7.6172128e-06,0.065410085,0.922706,0.9881161,0.9881161,0.0005635542,0.023739295,0.0006409683
2009-06-26,7.201339e-06,0.06721076,0.92104244,0.98825324,0.98825324,0.0005599213,0.023662657,0.00061304873
2009-06-29,7.711173e-06,0.06453936,0.92360175,0.9881411,0.9881411,0.0005392505,0.023221768,0.0006502446
2009-06-30,7.126118e-06,0.067581736,0.92070705,0.98828876,0.98828876,0.0005756074,0.02399182,0.00060848537
2009-07-01,7.5255207e-06,0.06637304,0.9217141,0.9880872,0.9880872,0.00057244964,0.02392592,0.000631716
2009-07-02,7.491941e-06,0.06541861,0.9228052,0.9882238,0.9882238,0.00054003706,0.023238698,0.0006361929
2009-07-06,7.4929485e-06,0.066797085,0.92127174,0.9880688,0.9880688,0.00060116616,0.02451869,0.000628014
2009-07-07,7.5882717e-06,0.065981746,0.9221126,0.98809433,0.98809433,0.0006748732,0.025978321,0.0006373662
2009-07-08,7.6217043e-06,0.0646857,0.92350054,0.98818624,0.98818624,0.0006509897,0.0255145,0.00064515485
2009-07-09,7.454099e-06,0.06779187,0.9202161,0.98800796,0.98800796,0.0007432338,0.027262313,0.0006215874
2009-07-10,7.4746695e-06,0.065320455,0.9229156,0.988236,0.988236,0.0006926092,0.02631747,0.0006353856
2009-07-13,7.729734e-06,0.06410967,0.9241001,0.9882098,0.9882098,0.00065184914,0.025531337,0.00065560575
2009-07-14,7.6660735e-06,0.06455696,0.92367613,0.9882331,0.9882331,0.00061092677,0.024716932,0.00065149413
2009-07-15,7.4788654e-06,0.06537356,0.922917,0.98829055,0.98829055,0.0005725811,0.023928666,0.0006387033
2009-07-16,7.191751e-06,0.066590406,0.9218034,0.98839384,0.98839384,0.0006077067,0.024651708,0.00061964965
2009-07-17,7.1904533e-06,0.067164615,0.9211401,0.9883047,0.9883047,0.0005711549,0.023898847,0.0006148143
2009-07-20,7.487269e-06,0.06511951,0.9231565,0.988276,0.988276,0.0005729289,0.023935935,0.0006386278
2009-07-21,7.5794896e-06,0.064546764,0.92375326,0.9883,0.9883,0.00053901435,0.023216683,0.00064782106
2009-07-22,7.511244e-06,0.06497032,0.9233302,0.9883005,0.9883005,0.0005136817,0.022664547,0.0006420142
2009-07-23,7.5402672e-06,0.06477071,0.92353433,0.98830503,0.98830503,0.0004885868,0.022103999,0.0006447446
2009-07-24,6.9752036e-06,0.06771636,0.9207909,0.9885073,0.9885073,0.00050362735,0.022441642,0.0006069232
2009-07-27,7.2540815e-06,0.0663975,0.92196506,0.98836255,0.98836255,0.00048202596,0.02195509,0.0006233395
2009-07-28,7.5009957e-06,0.06466231,0.92371726,0.9883796,0.9883796,0.00045306975,0.021285435,0.00064550224
2009-07-29,7.6042447e-06,0.06468705,0.923552,0.98823905,0.98823905,0.0004451367,0.021098264,0.0006465672
2009-07-30,7.529178e-06,0.0671127,0.9208817,0.9879944,0.9879944,0.0006491302,0.025478033,0.00062713743
2009-07-31,6.2664026e-06,0.073938794,0.91439587,0.98833466,0.98833466,0.0008074589,0.028415821,0.0005371811
2009-08-03,7.137305e-06,0.068562195,0.91953975,0.98810196,0.98810196,0.0008434977,0.029043032,0.0005998723
2009-08-04,6.587866e-06,0.07171702,0.91658205,0.9882991,0.9882991,0.0008443515,0.029057726,0.0005630208
2009-08-05,7.3021106e-06,0.06706506,0.92109317,0.9881582,0.9881582,0.00078094495,0.027945392,0.0006166399
2009-08-06,7.212085e-06,0.0670675,0.92120117,0.9882687,0.9882687,0.0007303307,0.027024632,0.0006147715
2009-08-07,7.266092e-06,0.06610924,0.9222877,0.98839694,0.98839694,0.00068002235,0.026077239,0.0006262222
2009-08-10,7.4870163e-06,0.06590343,0.9222743,0.9881777,0.9881777,0.00064810744,0.025457954,0.00063329696
2009-08-11,7.4194186e-06,0.06544961,0.92286485,0.98831445,0.98831445,0.0006068032,0.024633376,0.0006349225
2009-08-12,7.452896e-06,0.06533744,0.922967,0.98830444,0.98830444,0.00058558566,0.024198877,0.0006372413
2009-08-13,7.517969e-06,0.06531102,0.9229029,0.9882139,0.9882139,0.0005543758,0.023545187,0.00063786726
2009-08-14,7.4188824e-06,0.06518356,0.9231904,0.988374,0.988374,0.00052070816,0.022819031,0.00063812826
2009-08-17,7.5905987e-06,0.06623584,0.92182565,0.9880615,0.9880615,0.0006135183,0.0247693,0.00063580775
2009-08-18,7.594788e-06,0.064178236,0.9241371,0.98831534,0.98831534,0.00058199844,0.024124643,0.00064997957
2009-08-19,7.2311186e-06,0.06667901,0.9216338,0.9883128,0.9883128,0.00062707,0.025041366,0.0006187202
2009-08-20,7.1423433e-06,0.06760068,0.92065585,0.9882565,0.9882565,0.0007225226,0.02687978,0.0006081962
2009-08-21,7.4180707e-06,0.06682273,0.9213086,0.9881313,0.9881313,0.0006724728,0.025932081,0.0006250104
2009-08-24,7.200327e-06,0.066882215,0.92146766,0.98834985,0.98834985,0.00064911006,0.025477638,0.00061804615
2009-08-25,7.145372e-06,0.06743892,0.9208716,0.9883105,0.9883105,0.00060793594,0.024656357,0.00061126496
2009-08-26,7.5530993e-06,0.06653231,0.921524,0.9880563,0.9880563,0.0006357344,0.025213774,0.000632392
2009-08-27,7.645094e-06,0.06435993,0.9238821,0.9882421,0.98824203,0.0005986447,0.024467217,0.00065020856
2009-08-28,7.4036025e-06,0.065577865,0.9227391,0.98831695,0.98831695,0.0005742397,0.023963299,0.00063370477
2009-08-31,7.2764883e-06,0.06642985,0.92188686,0.9883167,0.9883167,0.0005379505,0.02319376,0.00062281184
2009-09-01,7.611233e-06,0.06651024,0.92149264,0.9880029,0.9880029,0.0006053161,0.024603171,0.0006344225
2009-09-02,7.0742417e-06,0.070126645,0.9179106,0.9880372,0.9880372,0.0006172487,0.02484449,0.00059135474
2009-09-03,7.365209e-06,0.065072924,0.9233409,0.9884139,0.9884138,0.00057365734,0.023951145,0.0006356919
2009-09-04,7.460612e-06,0.06512225,0.92325103,0.9883733,0.9883733,0.0005372052,0.023177687,0.0006416781
2009-09-08,7.3371743e-06,0.06612507,0.922182,0.9883071,0.9883071,0.0005034629,0.022437979,0.0006274907
2009-09-09,7.3363726e-06,0.06614597,0.9221373,0.9882833,0.9882833,0.0005999154,0.02449317,0.0006261454
2009-09-10,7.734533e-06,0.06368388,0.92459065,0.9882745,0.9882745,0.0005610269,0.023686007,0.00065963436
2009-09-11,7.043873e-06,0.067865565,0.92050517,0.9883707,0.9883707,0.0005311186,0.023046011,0.0006057014
2009-09-14,7.514681e-06,0.06653983,0.92156833,0.98810816,0.98810816,0.000592757,0.024346601,0.000631919
2009-09-15,7.040742e-06,0.06776003,0.92059964,0.9883597,0.9883597,0.0005565605,0.023591535,0.0006048586
2009-09-16,7.5270805e-06,0.06506626,0.92318213,0.9882484,0.9882484,0.0005778987,0.024039524,0.0006405158
2009-09-17,6.799443e-06,0.06949559,0.91887987,0.9883754,0.9883754,0.00057193445,0.023915151,0.0005849197
2009-09-18,7.4205154e-06,0.06544512,0.9228717,0.98831683,0.98831683,0.0005323819,0.023073401,0.00063514593
2009-09-21,7.122242e-06,0.0671137,0.9212728,0.9883865,0.9883865,0.0005012478,0.022388564,0.0006132733
2009-09-22,7.570765e-06,0.06622115,0.92184496,0.98806614,0.9880661,0.00054250984,0.023291841,0.0006343935
2009-09-23,7.259918e-06,0.06659979,0.9216967,0.9882965,0.9882965,0.0005518099,0.023490634,0.00062032073
2009-09-24,7.3683177e-06,0.06714341,0.9209894,0.98813283,0.98813283,0.00060685485,0.024634425,0.00062089955
2009-09-25,7.6096085e-06,0.06620836,0.9218151,0.98802346,0.98802346,0.0007078767,0.026605953,0.0006353762
2009-09-28,7.786923e-06,0.06348858,0.92471725,0.98820585,0.98820585,0.0006603398,0.025697077,0.00066023605
2009-09-29,7.617688e-06,0.0644,0.92384034,0.98824036,0.98824036,0.0006277187,0.025054315,0.00064778246
2009-09-30,6.0802527e-06,0.07446439,0.91408485,0.98854923,0.98854923,0.000587837,0.02424535,0.00053099083
2009-10-01,6.8489258e-06,0.07013347,0.9180225,0.98815596,0.98815596,0.0007817847,0.027960414,0.0005782593
2009-10-02,7.3889505e-06,0.06559694,0.92276275,0.9883597,0.9883597,0.00072506815,0.02692709,0.00063477264
2009-10-05,7.4203754e-06,0.06579449,0.9224578,0.9882523,0.9882523,0.0006868674,0.026208155,0.000631644
2009-10-06,7.5009484e-06,0.065253675,0.9229844,0.9882381,0.9882381,0.00064365164,0.02537029,0.0006377325
2009-10-07,7.668146e-06,0.064294845,0.92393017,0.988225,0.988225,0.0006042664,0.024581831,0.00065122166
2009-10-08,7.601016e-06,0.06485026,0.923365,0.98821527,0.98821527,0.00058891805,0.024267634,0.00064498844
2009-10-09,7.2104453e-06,0.06716244,0.9210895,0.9882519,0.9882519,0.00060889823,0.024675863,0.00061375543
2009-10-12,7.5720814e-06,0.06486838,0.92336875,0.98823714,0.98823714,0.00056811183,0.023835097,0.00064372807
2009-10-13,7.289591e-06,0.06657315,0.92169213,0.9882653,0.9882653,0.0005592675,0.023648836,0.0006211983
2009-10-14,7.2676044e-06,0.06628531,0.9220828,0.9883681,0.9883681,0.0005318762,0.023062441,0.0006247991
2009-10-15,7.3952783e-06,0.06560523,0.92272484,0.98833007,0.98833007,0.00050988403,0.022580612,0.00063370354
2009-10-16,6.911536e-06,0.068837,0.9195131,0.9883501,0.9883501,0.0005416842,0.02327411,0.00059326965
2009-10-19,7.2031744e-06,0.066964604,0.9213466,0.98831123,0.98831123,0.00051479903,0.022689182,0.0006162475
2009-10-20,7.451687e-06,0.065635376,0.92260015,0.98823553,0.98823553,0.00049357297,0.022216503,0.0006334063
2009-10-21,7.170077e-06,0.06694992,0.92141646,0.98836637,0.98836637,0.00046584965,0.02158355,0.000616323
2009-10-22,7.0684855e-06,0.06782697,0.9204996,0.9883266,0.9883266,0.0004895851,0.02212657,0.0006055212
2009-10-23,7.3454767e-06,0.06608084,0.9222162,0.988297,0.988297,0.00045813943,0.021404192,0.0006276568
2009-10-26,7.339177e-06,0.06598767,0.9223361,0.98832375,0.98832375,0.0004349352,0.0208551,0.0006285559
2009-10-27,7.4503128e-06,0.06547718,0.9227971,0.9882743,0.9882743,0.00044372692,0.021064827,0.0006353819
2009-10-28,7.130384e-06,0.06731709,0.9210267,0.9883438,0.9883438,0.00042449898,0.020603374,0.0006117233
2009-10-29,7.4650166e-06,0.06659612,0.92151487,0.98811096,0.988111,0.0004466804,0.021134814,0.0006278906
2009-10-30,6.3212733e-06,0.072742276,0.9157413,0.9884836,0.9884836,0.00048063492,0.021923387,0.0005488935
2009-11-02,7.5385096e-06,0.066792905,0.92121327,0.9880062,0.9880062,0.0005451467,0.023348376,0.00062853255
2009-11-03,7.1468326e-06,0.067090236,0.9212714,0.9883616,0.9883616,0.0005234515,0.022879062,0.0006140733
2009-11-04,7.2844255e-06,0.06641955,0.921889,0.98830855,0.98830855,0.0005121061,0.022629762,0.00062305573
2009-11-05,7.544403e-06,0.064791486,0.92350227,0.98829377,0.98829377,0.00048571883,0.02203903,0.00064447743
2009-11-06,7.574209e-06,0.06483981,0.92339766,0.9882375,0.9882375,0.00046256927,0.021507423,0.00064392854
2009-11-09,7.660343e-06,0.06508634,0.92304516,0.9881315,0.9881315,0.00048601453,0.022045737,0.00064543606
2009-11-10,7.1208565e-06,0.06762965,0.9206562,0.98828584,0.98828584,0.00049781497,0.022311768,0.0006078845
2009-11-11,7.610649e-06,0.06442662,0.92385465,0.98828125,0.98828125,0.00046715097,0.021613676,0.000649442
2009-11-12,7.462365e-06,0.06534679,0.9229392,0.98828596,0.98828596,0.00043964852,0.020967796,0.00063704443
2009-11-13,7.654749e-06,0.06528884,0.9228331,0.9881219,0.9881219,0.00047282293,0.021744492,0.0006444437
2009-11-16,7.730854e-06,0.063606076,0.9246683,0.9882744,0.9882744,0.00044810347,0.021168455,0.0006593139
2009-11-17,7.0873534e-06,0.06778734,0.9205157,0.98830307,0.98830307,0.00048973813,0.022130027,0.00060591544
2009-11-18,7.575338e-06,0.06437801,0.9239689,0.98834693,0.98834693,0.00045843003,0.02141098,0.0006500725
2009-11-19,7.4863547e-06,0.06472826,0.9236574,0.9883857,0.9883857,0.00043296302,0.020807764,0.00064457953
2009-11-20,7.5222074e-06,0.0651453,0.9230993,0.9882446,0.9882446,0.0004554233,0.02134065,0.0006398934
2009-11-23,7.726926e-06,0.0636231,0.92467844,0.9883016,0.9883015,0.00043422758,0.020838128,0.00066051
2009-11-24,7.716863e-06,0.06356715,0.92476267,0.9883298,0.9883298,0.0004164656,0.020407489,0.00066124677
2009-11-25,7.74845e-06,0.06384269,0.924392,0.9882347,0.9882347,0.00041902764,0.020470165,0.00065858493
2009-11-27,6.768581e-06,0.06962326,0.91877925,0.98840255,0.9884025,0.00043487217,0.020853588,0.00058362645
2009-11-30,7.644041e-06,0.0655183,0.9225624,0.98808074,0.98808074,0.00044998463,0.02121284,0.00064131845
2009-12-01,7.0257306e-06,0.06756313,0.9208956,0.9884587,0.9884587,0.00043915107,0.020955931,0.00060874654
2009-12-02,7.1429386e-06,0.06684,0.9215972,0.9884372,0.9884372,0.0004242448,0.020597203,0.00061775034
2009-12-03,7.5843004e-06,0.06540585,0.9227812,0.9881871,0.9881871,0.000433738,0.020826377,0.00064203405
2009-12-04,7.609416e-06,0.0642785,0.92403835,0.98831683,0.98831683,0.0004081092,0.020201713,0.00065131456
2009-12-07,7.696261e-06,0.063827135,0.9244698,0.988297,0.988297,0.00039603817,0.019900708,0.0006576306
2009-12-08,7.453805e-06,0.06533854,0.9229639,0.98830247,0.98830247,0.0004015814,0.020039497,0.00063721184
2009-12-09,7.764864e-06,0.06353264,0.9247368,0.98826945,0.98826945,0.00039954364,0.019988587,0.0006619351
2009-12-10,7.5672665e-06,0.06602209,0.9221211,0.9881432,0.9881432,0.0004251358,0.020618822,0.000638222
2009-12-11,7.429326e-06,0.06531988,0.92300874,0.98832864,0.98832864,0.00039987944,0.019996986,0.0006365431
2009-12-14,7.7573695e-06,0.063293345,0.92501616,0.9883095,0.9883095,0.00038277154,0.019564549,0.000663562
2009-12-15,7.707569e-06,0.06375224,0.9245431,0.9882953,0.9882953,0.00036367562,0.01907028,0.00065850304
2009-12-16,7.753033e-06,0.06337427,0.92494017,0.98831445,0.98831445,0.00036149888,0.019013124,0.0006634718
2009-12-17,7.5548037e-06,0.06466461,0.92364526,0.98830986,0.98830986,0.00038917267,0.01972746,0.00064625434
2009-12-18,7.5465855e-06,0.064613216,0.923723,0.9883362,0.9883362,0.00036702142,0.019157803,0.00064700947
2009-12-21,7.5704233e-06,0.0640797,0.92430496,0.98838466,0.98838466,0.00035238834,0.01877201,0.000651761
2009-12-22,7.714528e-06,0.06381851,0.924457,0.9882755,0.9882755,0.00034320826,0.018525882,0.0006579851
2009-12-23,7.5054e-06,0.064864695,0.92347544,0.98834014,0.98834014,0.00036828665,0.019190796,0.00064369553
2009-12-24,7.1059785e-06,0.067338936,0.92104274,0.9883817,0.9883817,0.00040527442,0.020131428,0.0006116186
2009-12-28,7.2878465e-06,0.06588664,0.922549,0.9884356,0.9884356,0.00040124223,0.020031031,0.0006301981
2009-12-29,7.091537e-06,0.067351066,0.9210519,0.98840296,0.98840296,0.00038272436,0.019563342,0.0006114956
2009-12-30,7.2975095e-06,0.06584646,0.92258173,0.9884282,0.9884282,0.00035967206,0.018965023,0.0006306274
2009-12-31,7.2502044e-06,0.06591199,0.9225768,0.9884888,0.9884888,0.00034073563,0.018459026,0.0006298388
2010-01-04,7.2760236e-06,0.06559559,0.9229056,0.9885012,0.9885012,0.0003216441,0.01793444,0.00063276326
2010-01-05,6.8239247e-06,0.0691277,0.9193034,0.9884311,0.9884311,0.00035016343,0.018712655,0.0005898506
2010-01-06,7.1827935e-06,0.066253565,0.92226,0.9885135,0.9885135,0.00032933048,0.018147465,0.0006253264
2010-01-07,7.003354e-06,0.06786424,0.9205612,0.98842543,0.98842543,0.00032974055,0.01815876,0.00060506404
2010-01-08,7.390043e-06,0.06523307,0.92318976,0.9884228,0.9884228,0.0003134252,0.017703818,0.0006383279
2010-01-11,7.190801e-06,0.066328816,0.9221543,0.98848313,0.98848313,0.00029678812,0.01722754,0.00062437117
2010-01-12,7.2299854e-06,0.06588791,0.92262393,0.98851186,0.98851186,0.00028148084,0.01677739,0.00062934344
2010-01-13,7.3460224e-06,0.06582683,0.92252666,0.9883535,0.9883535,0.00029717744,0.017238835,0.00063074887
2010-01-14,7.6465785e-06,0.06405244,0.92426616,0.9883186,0.9883186,0.00029524378,0.01718266,0.0006545956
2010-01-15,7.4564327e-06,0.06431663,0.9241763,0.9884929,0.9884929,0.0002813186,0.016772555,0.0006479857
2010-01-19,7.5452294e-06,0.06474427,0.92356145,0.98830575,0.98830575,0.00028805627,0.01697222,0.00064520835
2010-01-20,7.5162693e-06,0.06409685,0.9243812,0.98847806,0.98847806,0.0002841143,0.01685569,0.0006523443
2010-01-21,7.60105e-06,0.06403277,0.92436105,0.98839384,0.98839384,0.0002911775,0.017063925,0.00065491535
2010-01-22,7.5812436e-06,0.06473542,0.92353815,0.98827356,0.98827356,0.0003030842,0.017409313,0.0006465086
2010-01-25,7.624565e-06,0.06425412,0.9240582,0.9883123,0.9883123,0.00031519678,0.017753782,0.0006523583
2010-01-26,7.583417e-06,0.0638968,0.92452145,0.9884182,0.9884182,0.00030453166,0.017450836,0.00065477134
2010-01-27,7.408609e-06,0.06519057,0.92323315,0.9884237,0.9884237,0.00029279405,0.017111225,0.000639981
2010-01-28,7.487243e-06,0.06487,0.92353934,0.98840934,0.98840934,0.0002909757,0.01705801,0.0006459721
2010-01-29,7.4806894e-06,0.06455088,0.9238795,0.9884304,0.9884304,0.0002762418,0.016620524,0.0006465804
2010-02-01,7.6050583e-06,0.06410168,0.92426974,0.98837143,0.98837143,0.0002697779,0.016424917,0.0006539978
2010-02-02,7.4111863e-06,0.0653502,0.92299604,0.9883462,0.9883462,0.00028433837,0.016862337,0.0006359469
2010-02-03,7.144989e-06,0.06666181,0.92182356,0.9884854,0.9884854,0.00035782927,0.018916376,0.0006205154
2010-02-04,7.5537814e-06,0.064341374,0.92406714,0.9884085,0.9884085,0.00033780801,0.018379554,0.0006516659
2010-02-05,7.3137994e-06,0.06896018,0.91901386,0.98797405,0.98797405,0.00048975484,0.022130406,0.000608168
2010-02-08,7.4300397e-06,0.06713959,0.9209579,0.9880975,0.9880975,0.00050865486,0.022553379,0.00062424137
2010-02-09,7.5900025e-06,0.064323194,0.92400163,0.9883248,0.9883248,0.0004819986,0.021954468,0.0006500973
2010-02-10,7.3966476e-06,0.06538499,0.9230021,0.9883871,0.9883871,0.00049414835,0.022229448,0.0006369341
2010-02-11,7.636675e-06,0.06468521,0.9235295,0.98821473,0.98821473,0.00047023044,0.021684797,0.0006479848
2010-02-12,7.724894e-06,0.06391169,0.92432314,0.9882348,0.9882348,0.00044825938,0.021172136,0.00065658946
2010-02-16,7.6272827e-06,0.064927064,0.92328954,0.9882166,0.9882166,0.00043767973,0.020920796,0.00064728933
2010-02-17,7.0494093e-06,0.06749733,0.9209548,0.98845214,0.98845214,0.0005048801,0.022469537,0.0006104514
2010-02-18,7.6224037e-06,0.0641564,0.9241751,0.9883315,0.9883315,0.00047305226,0.021749765,0.00065324607
2010-02-19,7.1917116e-06,0.066241704,0.9222608,0.9885025,0.9885025,0.00047553843,0.021806844,0.0006255023
2010-02-22,7.286892e-06,0.06564319,0.9228513,0.9884945,0.9884945,0.00045137314,0.021245545,0.00063334074
2010-02-23,7.1448662e-06,0.066206835,0.9223792,0.988586,0.988586,0.000424961,0.020614583,0.0006259744
2010-02-24,7.2838684e-06,0.06671212,0.9216179,0.98833007,0.98833007,0.00041733938,0.020428887,0.0006241568
2010-02-25,7.35797e-06,0.06518329,0.92330813,0.9884914,0.9884914,0.0004052012,0.02012961,0.00063934625
2010-02-26,7.4865325e-06,0.066369645,0.9217876,0.9881573,0.9881573,0.00041711112,0.020423299,0.00063216285
2010-03-01,7.302795e-06,0.065673076,0.9227872,0.98846024,0.98846024,0.0004150431,0.020372607,0.0006328378
2010-03-02,7.2020025e-06,0.06580235,0.9227887,0.988591,0.988591,0.00040033658,0.020008413,0.0006312571
2010-03-03,7.1622776e-06,0.06626322,0.9222806,0.9885438,0.9885438,0.00038632163,0.019655066,0.00062518835
2010-03-04,7.2517564e-06,0.06579328,0.9227193,0.9885126,0.9885126,0.000377557,0.019430825,0.00063127786
2010-03-05,7.279093e-06,0.065771714,0.9227363,0.988508,0.988508,0.00036030984,0.01898183,0.0006334045
2010-03-08,7.155505e-06,0.06625722,0.92229885,0.9885561,0.9885561,0.0003559964,0.018867867,0.00062526733
2010-03-09,7.215131e-06,0.06579596,0.92277455,0.9885705,0.9885705,0.00033671077,0.018349681,0.0006312733
2010-03-10,7.2168677e-06,0.06616041,0.92232203,0.9884825,0.9884825,0.00031949696,0.017874477,0.00062659883
2010-03-11,7.196782e-06,0.06604314,0.92249674,0.9885399,0.9885399,0.00030522887,0.017470801,0.0006279846
2010-03-12,7.1740055e-06,0.066012755,0.9225442,0.9885569,0.9885569,0.00028876943,0.016993217,0.0006269297
2010-03-15,7.3437936e-06,0.06532153,0.92315656,0.98847806,0.98847806,0.00028140566,0.01677515,0.000637375
2010-03-16,7.4685495e-06,0.0648831,0.9235062,0.9883893,0.9883893,0.0002885783,0.016987592,0.00064324785
2010-03-17,6.944665e-06,0.06738915,0.921243,0.98863214,0.98863214,0.00030917316,0.01758332,0.0006109036
2010-03-18,7.210435e-06,0.065925896,0.9226211,0.98854697,0.98854697,0.00030633967,0.017502561,0.00062956556
2010-03-19,7.0518163e-06,0.06666082,0.9219543,0.9886151,0.9886151,0.00029528106,0.017183743,0.0006194006
2010-03-22,7.328758e-06,0.065941475,0.9224117,0.98835313,0.98835313,0.00030310638,0.01740995,0.00062924717
2010-03-23,7.3380056e-06,0.06534025,0.9231516,0.9884919,0.9884919,0.00028996842,0.017028458,0.0006376379
2010-03-24,7.322641e-06,0.06542788,0.92305905,0.98848695,0.98848695,0.00027905137,0.016704831,0.0006360294
2010-03-25,7.536301e-06,0.06483355,0.92349744,0.988331,0.98833096,0.0002821522,0.016797386,0.0006458406
2010-03-26,7.2928724e-06,0.06528796,0.9232596,0.98854756,0.98854756,0.0002682014,0.016376855,0.0006367966
2010-03-29,7.2717767e-06,0.06557801,0.9229528,0.9885308,0.98853076,0.00025796817,0.016061388,0.0006340273
2010-03-30,7.1011823e-06,0.066560686,0.92201185,0.98857254,0.98857254,0.0002915046,0.017073506,0.00062141375
2010-03-31,7.267248e-06,0.06590104,0.9225592,0.98846024,0.98846024,0.00027619195,0.016619023,0.0006297574
2010-04-01,7.1591912e-06,0.066138156,0.9224404,0.98857856,0.98857856,0.0002800036,0.016733307,0.00062682026
2010-04-05,7.0790234e-06,0.06734408,0.9210766,0.98842067,0.98842067,0.00027649777,0.016628223,0.00061134977
2010-04-06,7.2428456e-06,0.06612829,0.92231834,0.98844665,0.98844665,0.00028915712,0.01700462,0.00062690454
2010-04-07,7.1120658e-06,0.06635329,0.92224944,0.9886027,0.98860276,0.00027428707,0.016561614,0.0006240131
2010-04-08,7.2813973e-06,0.06587359,0.9225925,0.9884661,0.98846614,0.0002686279,0.016389871,0.0006313031
2010-04-09,7.302645e-06,0.06538758,0.92314065,0.98852825,0.98852825,0.00025745557,0.016045421,0.00063657644
2010-04-12,7.2592693e-06,0.066149816,0.9222617,0.98841155,0.98841155,0.00024713794,0.01572062,0.0006264226
2010-04-13,7.5001085e-06,0.06426984,0.92421556,0.9884854,0.9884854,0.00023851192,0.015443831,0.0006513562
2010-04-14,7.274439e-06,0.065907225,0.92253804,0.9884453,0.9884453,0.00022880812,0.015126404,0.0006295644
2010-04-15,7.488188e-06,0.0646272,0.9237951,0.98842233,0.9884223,0.00024696856,0.015715234,0.00064677873
2010-04-16,7.084805e-06,0.066195585,0.9224448,0.9886404,0.9886404,0.00023671759,0.01538563,0.0006236859
2010-04-19,7.434228e-06,0.06557613,0.92272496,0.9883011,0.9883011,0.00027421504,0.016559439,0.00063546374
2010-04-20,7.3366123e-06,0.06512455,0.9233512,0.9884758,0.9884758,0.0002921316,0.017091857,0.00063662656
2010-04-21,7.2530756e-06,0.06598791,0.9224924,0.98848027,0.98848027,0.0003146512,0.017738411,0.000629622
2010-04-22,7.4874238e-06,0.06470793,0.92369366,0.9884016,0.9884016,0.0002979335,0.01726075,0.00064555614
2010-04-23,7.36023e-06,0.06560091,0.9227824,0.98838335,0.98838335,0.0002826867,0.01681329,0.0006335933
2010-04-26,7.398185e-06,0.06516337,0.9232634,0.98842674,0.98842674,0.0002862626,0.016919296,0.0006392484
2010-04-27,7.592559e-06,0.06413263,0.92424834,0.98838097,0.98838097,0.0002797306,0.016725149,0.0006534589
2010-04-28,7.5925423e-06,0.064084165,0.9243145,0.9883987,0.9883987,0.00029539998,0.017187204,0.0006544545
2010-04-29,7.5870344e-06,0.064167045,0.9242143,0.9883813,0.9883813,0.00028603402,0.01691254,0.00065300346
2010-04-30,7.0949704e-06,0.066319704,0.9223199,0.9886396,0.9886396,0.00030566205,0.017483193,0.0006245349
2010-05-03,7.127388e-06,0.0664283,0.92213273,0.98856103,0.98856103,0.00029733602,0.017243434,0.0006230798
2010-05-04,7.1024497e-06,0.06675828,0.92176366,0.98852193,0.98852193,0.00028131407,0.01677242,0.0006187845
2010-05-05,7.266492e-06,0.06877109,0.91928583,0.9880569,0.9880569,0.00037911755,0.019470941,0.0006084259
2010-05-06,7.4388595e-06,0.06704827,0.92107195,0.9881202,0.9881202,0.00043664427,0.020896034,0.00062617706
2010-05-07,7.557419e-06,0.066333376,0.9217736,0.98810697,0.98810697,0.00049971405,0.022354284,0.0006354492
2010-05-10,7.665913e-06,0.065145835,0.92300636,0.9881522,0.9881522,0.0005148248,0.022689752,0.0006470329
2010-05-11,7.5842304e-06,0.06465609,0.9236027,0.9882588,0.9882588,0.0005144195,0.022680819,0.00064594904
2010-05-12,7.715634e-06,0.06377426,0.9245254,0.98829967,0.9882996,0.0004849184,0.022020863,0.00065943715
2010-05-13,7.631199e-06,0.06445569,0.9238061,0.98826176,0.98826176,0.00046204883,0.021495322,0.0006501144
2010-05-14,7.710501e-06,0.06439722,0.923824,0.9882212,0.9882212,0.00045288334,0.021281056,0.00065461
2010-05-17,7.4888535e-06,0.066656716,0.9214836,0.9881403,0.9881403,0.0005213469,0.022833023,0.00063145306
2010-05-18,7.382671e-06,0.066967905,0.9212347,0.98820263,0.98820263,0.0005196827,0.02279655,0.00062578963
2010-05-19,7.5482353e-06,0.06414453,0.9242507,0.9883953,0.9883953,0.00049262284,0.022195108,0.00065044494
2010-05-20,7.393182e-06,0.06524806,0.9231776,0.9884257,0.9884257,0.00046545573,0.021574423,0.0006387569
2010-05-21,7.4918535e-06,0.066753216,0.9213748,0.988128,0.988128,0.00048543516,0.022032592,0.0006310527
2010-05-24,7.6494925e-06,0.06455795,0.9237157,0.9882737,0.9882737,0.00051157275,0.022617973,0.0006523353
2010-05-25,7.6188267e-06,0.064264044,0.9240785,0.9883426,0.9883426,0.00048050575,0.02192044,0.00065356045
2010-05-26,7.6009305e-06,0.06550446,0.9226588,0.98816323,0.98816323,0.00048066923,0.02192417,0.0006421458
2010-05-27,7.582787e-06,0.06481852,0.9234084,0.9882269,0.9882269,0.00055135303,0.023480907,0.00064407685
2010-05-28,7.3876017e-06,0.06636545,0.9218371,0.9882025,0.9882026,0.0006277737,0.025055412,0.0006262013
2010-06-01,7.6272763e-06,0.065490074,0.9226281,0.9881182,0.9881182,0.000590392,0.024297982,0.0006419278
2010-06-02,7.627944e-06,0.065257914,0.9229003,0.9881582,0.9881582,0.000576503,0.024010478,0.0006441555
2010-06-03,7.4044324e-06,0.065698825,0.9225855,0.9882843,0.9882843,0.0005405342,0.023249391,0.0006320088
2010-06-04,7.34471e-06,0.066282585,0.92197484,0.9882574,0.9882574,0.00054236484,0.023288729,0.00062547607
2010-06-07,7.3770416e-06,0.06833822,0.9196181,0.98795635,0.98795635,0.00062810496,0.025062023,0.00061252515
2010-06-08,7.694904e-06,0.06389368,0.9243484,0.9882421,0.9882421,0.000585095,0.024188738,0.00065444486
2010-06-09,7.641814e-06,0.064205155,0.9241007,0.98830587,0.98830587,0.0005520547,0.023495845,0.0006534741
2010-06-10,7.255571e-06,0.06638394,0.92198616,0.9883701,0.9883701,0.00058528595,0.024192683,0.00062387326
2010-06-11,7.5423523e-06,0.06464631,0.92370534,0.98835164,0.98835164,0.0005607278,0.023679692,0.00064750353
2010-06-14,7.675959e-06,0.064577326,0.9236323,0.98820966,0.98820966,0.00055974204,0.023658868,0.0006510382
2010-06-15,7.5534936e-06,0.06463135,0.92366064,0.988292,0.988292,0.0005450428,0.023346152,0.00064515544
2010-06-16,7.378031e-06,0.06567402,0.9226617,0.9883357,0.9883357,0.00054729334,0.023394302,0.0006325325
2010-06-17,7.3979013e-06,0.065011784,0.92345405,0.98846585,0.98846585,0.0005179092,0.022757618,0.00064139086
2010-06-18,7.409076e-06,0.06539149,0.9229694,0.9883609,0.9883609,0.00049446087,0.022236476,0.0006365668
2010-06-21,7.4513487e-06,0.064767,0.9236525,0.98841953,0.98841953,0.00046530538,0.021570938,0.0006434411
2010-06-22,7.3764613e-06,0.06492647,0.9235598,0.98848623,0.98848623,0.00044139754,0.021009464,0.0006406643
2010-06-23,7.456284e-06,0.0645324,0.92394495,0.98847735,0.98847735,0.00041930145,0.020476852,0.000647098
2010-06-24,7.651571e-06,0.06423781,0.9240427,0.98828053,0.98828053,0.00040331215,0.020082634,0.0006528942
2010-06-25,7.6012107e-06,0.06356665,0.9248789,0.9884455,0.9884455,0.00038055034,0.019507699,0.0006578583
2010-06-28,7.1858394e-06,0.066432364,0.9219911,0.98842347,0.98842347,0.00041682916,0.020416394,0.00062072463
2010-06-29,7.55131e-06,0.06451499,0.92385286,0.98836786,0.98836786,0.00039575406,0.019893568,0.0006491761
2010-06-30,7.502889e-06,0.06571552,0.9225402,0.9882557,0.98825574,0.00043202366,0.020785179,0.00063885254
2010-07-01,7.64805e-06,0.063993,0.9243394,0.9883324,0.9883324,0.00040729353,0.020181514,0.00065549416
2010-07-02,7.5377307e-06,0.065596744,0.9226216,0.98821837,0.98821837,0.00046852743,0.021645494,0.0006397866
2010-07-06,7.6151578e-06,0.063958146,0.9243958,0.98835397,0.98835397,0.00044834192,0.021174086,0.0006538843
2010-07-07,7.753429e-06,0.06331425,0.92502576,0.98834,0.98834,0.00042244713,0.020553518,0.0006649607
2010-07-08,7.366776e-06,0.065184474,0.92326427,0.98844874,0.98844874,0.00044953712,0.02120229,0.0006377465
2010-07-09,7.508965e-06,0.06440129,0.9240607,0.988462,0.988462,0.0004437371,0.02106507,0.0006508014
2010-07-12,7.5827666e-06,0.06399234,0.92440534,0.98839766,0.98839766,0.0004220294,0.020543354,0.0006535548
2010-07-13,7.746005e-06,0.06390837,0.9243486,0.98825693,0.98825693,0.00041275533,0.020316381,0.0006596236
2010-07-14,7.2935436e-06,0.06583219,0.9225921,0.9884243,0.9884243,0.00044188777,0.021021126,0.0006300737
2010-07-15,7.655606e-06,0.063907824,0.9244533,0.9883611,0.9883611,0.0004151582,0.02037543,0.0006577614
2010-07-16,7.460105e-06,0.06504101,0.92329985,0.98834085,0.98834085,0.00039352986,0.019837586,0.00063985004
2010-07-19,7.782837e-06,0.06301746,0.9253284,0.98834586,0.98834586,0.0003752132,0.01937042,0.0006678175
2010-07-20,7.5751213e-06,0.0639379,0.92446333,0.98840123,0.98840123,0.0003578158,0.01891602,0.0006530972
2010-07-21,7.5363205e-06,0.06418465,0.9242451,0.9884298,0.9884298,0.00034674766,0.018621162,0.00065135525
2010-07-22,7.798478e-06,0.06295485,0.9254065,0.98836136,0.98836136,0.00033675288,0.018350828,0.0006700505
2010-07-23,7.109682e-06,0.06707805,0.92132413,0.9884022,0.9884022,0.00039622225,0.019905332,0.0006130192
2010-07-26,7.658694e-06,0.063882135,0.92446774,0.98834985,0.98834985,0.00037338855,0.019323265,0.00065739045
2010-07-27,7.676329e-06,0.06365817,0.9246946,0.9883528,0.9883528,0.00035284797,0.018784247,0.0006590694
2010-07-28,7.701941e-06,0.0638215,0.92448926,0.98831075,0.98831075,0.00035731003,0.018902646,0.0006588912
2010-07-29,7.7713485e-06,0.06316831,0.9251528,0.98832107,0.98832107,0.00034101773,0.018466664,0.0006654159
2010-07-30,7.5933062e-06,0.06405895,0.92431575,0.9883747,0.9883747,0.00034238934,0.018503765,0.00065317133
2010-08-02,7.659324e-06,0.063796505,0.9245594,0.98835593,0.98835593,0.00032744822,0.01809553,0.0006577878
2010-08-03,6.7794786e-06,0.06882019,0.9197592,0.9885794,0.9885794,0.00036624362,0.019137492,0.000593618
2010-08-04,7.0528104e-06,0.06710707,0.9214145,0.9885216,0.9885216,0.00035816102,0.018925143,0.00061444065
2010-08-05,7.40514e-06,0.06534976,0.9230261,0.98837584,0.98837584,0.0003371655,0.018362066,0.00063704746
2010-08-06,7.526304e-06,0.06431582,0.92409986,0.98841566,0.98841566,0.0003208401,0.01791201,0.00064969633
2010-08-09,7.643783e-06,0.064459056,0.9238143,0.9882733,0.9882734,0.00032118856,0.017921735,0.00065182854
2010-08-10,7.337102e-06,0.0649897,0.9235171,0.9885068,0.9885068,0.00031003478,0.017607804,0.000638386
2010-08-11,7.583044e-06,0.06450724,0.923824,0.98833126,0.98833126,0.00030917095,0.017583258,0.0006498596
2010-08-12,7.666553e-06,0.06509585,0.9230639,0.9881597,0.9881597,0.0003453043,0.018582365,0.00064749736
2010-08-13,7.81708e-06,0.06416184,0.9239932,0.988155,0.988155,0.00038458916,0.019610945,0.00065994804
2010-08-16,7.775793e-06,0.063110046,0.9252031,0.98831314,0.98831314,0.00036469658,0.01909703,0.0006653449
2010-08-17,7.723445e-06,0.06321294,0.9251584,0.9883713,0.9883713,0.00034550802,0.018587846,0.0006641717
2010-08-18,7.4807317e-06,0.0646344,0.92377734,0.9884117,0.9884117,0.0003302799,0.018173605,0.00064554316
2010-08-19,7.729754e-06,0.06314854,0.92523104,0.9883796,0.9883796,0.00031411758,0.017723363,0.0006651881
2010-08-20,7.5890407e-06,0.063901156,0.9244801,0.9883812,0.98838127,0.00030978757,0.017600784,0.00065316947
2010-08-23,7.750884e-06,0.06312785,0.92526895,0.9883968,0.9883968,0.00030538085,0.017475149,0.0006679967
2010-08-24,7.714396e-06,0.06354452,0.92479295,0.98833746,0.98833746,0.00029198523,0.017087575,0.0006614677
2010-08-25,7.782227e-06,0.0632852,0.9250332,0.9883184,0.98831844,0.0003045822,0.017452285,0.00066619436
2010-08-26,7.442735e-06,0.064330325,0.9241904,0.98852074,0.98852074,0.00029881202,0.01728618,0.0006483637
2010-08-27,7.2995545e-06,0.06539597,0.92311794,0.9885139,0.9885139,0.0002917847,0.017081706,0.0006355113
2010-08-30,7.2932175e-06,0.06554675,0.9229838,0.9885306,0.9885306,0.00031474466,0.017741045,0.00063588354
2010-08-31,7.425095e-06,0.065280125,0.9230723,0.9883524,0.9883524,0.00030057563,0.017337117,0.00063747953
2010-09-01,7.709163e-06,0.064470746,0.92374784,0.9882186,0.9882186,0.0003799577,0.019492503,0.0006543506
2010-09-02,7.579582e-06,0.064187706,0.9241596,0.9883473,0.9883473,0.00040588714,0.020146642,0.0006504567
2010-09-03,7.5881117e-06,0.064152025,0.92420185,0.98835385,0.98835385,0.00039649458,0.019912172,0.0006515553
2010-09-07,7.4924983e-06,0.06508254,0.92324525,0.9883278,0.9883278,0.00037622644,0.019396557,0.0006419098
2010-09-08,7.6120195e-06,0.06389966,0.92448616,0.9883858,0.9883858,0.00035812092,0.018924084,0.0006554061
2010-09-09,7.626826e-06,0.063818656,0.9245588,0.98837745,0.98837745,0.00034234158,0.018502476,0.0006562095
2010-09-10,7.740191e-06,0.063306026,0.9250438,0.98834985,0.98834985,0.00032634736,0.018065087,0.0006643858
2010-09-13,7.359155e-06,0.06563651,0.92272073,0.98835725,0.98835725,0.0003627226,0.019045278,0.00063208025
2010-09-14,7.652406e-06,0.06394861,0.9243817,0.9883303,0.9883303,0.00034784406,0.018650578,0.0006557503
2010-09-15,7.5768235e-06,0.06424654,0.9241296,0.98837614,0.98837614,0.00033099178,0.01819318,0.0006518337
2010-09-16,7.671274e-06,0.06379651,0.9245391,0.9883356,0.9883356,0.0003204673,0.017901601,0.00065766607
2010-09-17,7.668122e-06,0.06411413,0.9241842,0.98829836,0.98829836,0.00032820547,0.018116442,0.00065530295
2010-09-20,7.747759e-06,0.063132055,0.9252092,0.9883413,0.9883413,0.0003210348,0.017917445,0.0006645458
2010-09-21,7.1929744e-06,0.06566813,0.9228996,0.9885677,0.9885677,0.00032077573,0.017910212,0.0006291805
2010-09-22,7.4569602e-06,0.06532335,0.923022,0.9883453,0.9883453,0.0003252296,0.018034123,0.00063982565
2010-09-23,7.797373e-06,0.06323201,0.9250584,0.9882904,0.9882904,0.0003239961,0.017999891,0.0006658974
2010-09-24,7.697984e-06,0.06351566,0.9248251,0.98834074,0.98834074,0.0003098142,0.01760154,0.0006602461
2010-09-27,7.482705e-06,0.064394705,0.9240709,0.9884656,0.9884656,0.00031265686,0.017682105,0.00064872985
2010-09-28,7.542453e-06,0.06426341,0.9241469,0.9884103,0.9884103,0.00029640133,0.01721631,0.000650789
2010-09-29,7.567135e-06,0.06426714,0.924119,0.98838615,0.98838615,0.00028287517,0.016818894,0.00065156154
2010-09-30,7.1468803e-06,0.0669412,0.92146474,0.98840594,0.98840594,0.00029889296,0.017288521,0.0006164262
2010-10-01,7.0871447e-06,0.06694074,0.92156404,0.98850477,0.98850477,0.00032957917,0.018154316,0.000616529
2010-10-04,6.9641073e-06,0.06781638,0.92068344,0.9884998,0.9884998,0.00033677954,0.018351555,0.0006055651
2010-10-05,7.2782877e-06,0.06602762,0.9223842,0.98841184,0.98841184,0.00031720236,0.017810175,0.00062807987
2010-10-06,7.033e-06,0.06745782,0.9210124,0.9884702,0.9884702,0.00031718146,0.017809588,0.0006099844
2010-10-07,7.2008684e-06,0.06650587,0.92191637,0.9884222,0.9884222,0.00030065127,0.017339299,0.0006219556
2010-10-08,7.266462e-06,0.066704996,0.92164826,0.98835325,0.98835325,0.00030878943,0.017572405,0.0006239048
2010-10-11,7.0401384e-06,0.06747703,0.92097616,0.9884532,0.9884532,0.00030116687,0.01735416,0.0006097052
2010-10-12,7.2932808e-06,0.06566532,0.9227783,0.9884436,0.9884436,0.0002865978,0.0169292,0.0006311039
2010-10-13,7.34462e-06,0.06581481,0.92256206,0.98837686,0.98837686,0.00027482133,0.016577736,0.00063189614
2010-10-14,7.1702984e-06,0.06674785,0.92166626,0.9884141,0.9884141,0.00027780916,0.016667608,0.0006188819
2010-10-15,7.484855e-06,0.06498843,0.9233482,0.9883366,0.9883366,0.00026434,0.016258536,0.0006417399
2010-10-18,7.458865e-06,0.0650227,0.9233444,0.9883671,0.9883671,0.00027216782,0.01649751,0.000641186
2010-10-19,6.8771974e-06,0.0679384,0.9206325,0.98857087,0.98857087,0.00029033457,0.017039208,0.0006017253
2010-10-20,7.2719504e-06,0.06835782,0.91972494,0.98808277,0.98808277,0.00040816644,0.02020313,0.0006102046
2010-10-21,7.041491e-06,0.06769737,0.9207026,0.9883999,0.9883999,0.00043642218,0.02089072,0.00060702104
2010-10-22,7.4479185e-06,0.066234194,0.92198515,0.9882193,0.9882193,0.00042438722,0.020600662,0.0006322147
2010-10-25,7.234257e-06,0.06617792,0.9222415,0.9884194,0.9884194,0.0004111421,0.02027664,0.0006246883
2010-10-26,7.4369414e-06,0.0651866,0.9231767,0.9883633,0.9883633,0.00039285442,0.019820556,0.0006390951
2010-10-27,7.4975665e-06,0.06470788,0.9236739,0.9883818,0.9883818,0.00037011201,0.019238295,0.0006453296
2010-10-28,7.5565154e-06,0.0642927,0.9241034,0.9883961,0.98839605,0.00035315234,0.018792348,0.00065120525
2010-10-29,6.6597545e-06,0.07032214,0.9181098,0.98843193,0.98843193,0.0003343698,0.018285781,0.0005757015
2010-11-01,7.757674e-06,0.06335571,0.9249675,0.9883232,0.9883232,0.00031987013,0.017884914,0.0006643671
2010-11-02,7.319138e-06,0.06554353,0.9229091,0.9884526,0.9884526,0.0003247424,0.018020611,0.00063383504
2010-11-03,7.2645853e-06,0.06606613,0.9223599,0.988426,0.988426,0.00031517455,0.017753156,0.0006276658
2010-11-04,7.3028455e-06,0.065663986,0.92279714,0.98846114,0.98846114,0.00030348045,0.01742069,0.00063289126
2010-11-05,7.1832965e-06,0.06658015,0.9218545,0.9884346,0.9884347,0.00031574344,0.01776917,0.000621103
2010-11-08,7.4068344e-06,0.06535003,0.9230226,0.9883727,0.9883727,0.00029927352,0.017299524,0.0006370201
2010-11-09,7.3556535e-06,0.06553388,0.92287534,0.9884092,0.9884092,0.00028395274,0.016850898,0.0006346125
2010-11-10,7.4666855e-06,0.06495823,0.9234159,0.9883741,0.9883741,0.00027053794,0.016448038,0.00064224657
2010-11-11,6.9918674e-06,0.06724927,0.92133963,0.9885889,0.9885889,0.0002670376,0.016341286,0.00061272667
2010-11-12,7.137878e-06,0.06656358,0.9219272,0.9884908,0.9884908,0.000253028,0.015906854,0.00062019
2010-11-15,7.408397e-06,0.065663144,0.92267185,0.988335,0.988335,0.00031815356,0.01783686,0.0006350969
2010-11-16,7.403454e-06,0.06521076,0.9231647,0.9883755,0.9883755,0.00030097447,0.017348615,0.00063688285
2010-11-17,7.536375e-06,0.06515666,0.92311007,0.9882667,0.9882667,0.00034545467,0.01858641,0.00064230687
2010-11-18,7.4430795e-06,0.06531035,0.92299676,0.9883071,0.9883071,0.00036266836,0.019043854,0.0006365479
2010-11-19,7.0934266e-06,0.06672503,0.921742,0.98846704,0.98846704,0.00036136818,0.019009687,0.0006150568
2010-11-22,7.4554723e-06,0.06505609,0.9233091,0.9883652,0.9883652,0.00034147393,0.018479014,0.0006407893
2010-11-23,7.651079e-06,0.063986644,0.9243402,0.98832685,0.98832685,0.00032317432,0.01797705,0.00065544236
2010-11-24,7.73148e-06,0.06334644,0.9250102,0.98835665,0.98835665,0.00030887424,0.017574819,0.00066402537
2010-11-26,6.9606185e-06,0.0680277,0.9204118,0.9884395,0.9884395,0.00035581953,0.018863179,0.0006021036
2010-11-29,7.4889886e-06,0.06501369,0.9233117,0.9883254,0.9883254,0.0003346005,0.018292088,0.00064147805
2010-11-30,6.930941e-06,0.06783684,0.9207158,0.98855263,0.98855263,0.0003508488,0.018730959,0.0006054614
2010-12-01,7.3502197e-06,0.065748096,0.92261744,0.98836553,0.98836553,0.00035527247,0.018848673,0.0006317624
2010-12-02,6.9544526e-06,0.06842485,0.91994965,0.9883745,0.9883745,0.00039696338,0.01992394,0.0005982053
2010-12-03,7.1304817e-06,0.067037925,0.9213745,0.98841244,0.98841244,0.00038568294,0.019638812,0.0006153566
2010-12-06,7.273777e-06,0.066299,0.9220561,0.9883551,0.9883551,0.00037415882,0.019343186,0.000624632
2010-12-07,7.3583924e-06,0.06576127,0.92258966,0.9883509,0.9883509,0.00035250594,0.01877514,0.000631672
2010-12-08,7.3255233e-06,0.06572165,0.92268866,0.9884103,0.9884103,0.00033677282,0.01835137,0.0006320715
2010-12-09,7.343427e-06,0.065823644,0.92253566,0.98835933,0.98835933,0.0003196219,0.017877972,0.0006308424
2010-12-10,7.1934383e-06,0.065934375,0.92261523,0.9885496,0.9885496,0.00030224616,0.017385228,0.0006282254
2010-12-13,7.340884e-06,0.06579952,0.9225609,0.9883604,0.9883604,0.00028912,0.017003529,0.0006306821
2010-12-14,7.429245e-06,0.06508529,0.92331743,0.9884027,0.9884027,0.00027947142,0.016717399,0.0006406026
2010-12-15,7.2074918e-06,0.06602972,0.92246234,0.9884921,0.9884921,0.0002664956,0.016324693,0.00062630663
2010-12-16,7.264721e-06,0.06579215,0.9226982,0.98849034,0.98849034,0.00025389812,0.01593418,0.00063118484
2010-12-17,7.149555e-06,0.06609899,0.92243993,0.9885389,0.9885389,0.00024903202,0.015780749,0.0006238117
2010-12-20,7.1160425e-06,0.066451214,0.92206895,0.98852015,0.98852015,0.0002376325,0.015415333,0.0006198722
2010-12-21,7.109519e-06,0.06683341,0.92165923,0.98849267,0.9884926,0.00023125576,0.015207096,0.00061782514
2010-12-22,6.9789176e-06,0.06699585,0.92163825,0.9886341,0.9886341,0.0002284389,0.015114196,0.00061402295
2010-12-23,7.09679e-06,0.066936426,0.92155355,0.98849,0.98849,0.00022087802,0.014861966,0.00061657524
2010-12-27,7.114554e-06,0.06644725,0.9221026,0.9885498,0.9885498,0.00021886699,0.014794154,0.00062134914
2010-12-28,7.114692e-06,0.066699915,0.9217749,0.98847485,0.98847485,0.00021118853,0.014532327,0.0006173186
2010-12-29,7.168975e-06,0.066414185,0.92206454,0.9884787,0.9884787,0.00020353962,0.014266731,0.00062223774
2010-12-30,7.295386e-06,0.06573717,0.92270327,0.98844045,0.98844045,0.00019606824,0.014002437,0.00063111354
2010-12-31,7.4230043e-06,0.06494316,0.923503,0.9884461,0.9884461,0.00020181166,0.014206043,0.00064246834
2011-01-03,6.9513662e-06,0.067571715,0.9209817,0.9885534,0.9885534,0.00021203491,0.014561418,0.0006072868
2011-01-04,7.1890768e-06,0.06663232,0.92177844,0.9884108,0.9884108,0.00020240908,0.014227054,0.000620324
2011-01-05,7.472114e-06,0.06488243,0.9235033,0.9883857,0.9883857,0.00023287389,0.015260207,0.0006433534
2011-01-06,7.1121194e-06,0.066299684,0.9222978,0.98859745,0.98859745,0.0002290232,0.015133512,0.00062373077
2011-01-07,7.3163296e-06,0.06558965,0.9228689,0.9884586,0.9884586,0.00024964614,0.015800195,0.00063391903
2011-01-10,7.454184e-06,0.06486523,0.9235477,0.9884129,0.9884129,0.00023886745,0.015455337,0.0006433184
2011-01-11,7.119174e-06,0.06665232,0.9218682,0.9885205,0.9885205,0.0002399261,0.015489548,0.00062016427
2011-01-12,7.1773225e-06,0.0665799,0.9218627,0.9884426,0.9884426,0.0002560046,0.016000144,0.0006210153
2011-01-13,7.395154e-06,0.06543984,0.92292935,0.98836917,0.98836917,0.00024739688,0.015728856,0.00063582323
2011-01-14,7.3157807e-06,0.06544603,0.92303133,0.98847735,0.98847735,0.00023753448,0.015412154,0.0006349043
2011-01-18,7.0716433e-06,0.06675601,0.92180943,0.98856544,0.98856544,0.00022667686,0.0150557915,0.000618445
2011-01-19,7.173544e-06,0.066262245,0.92224383,0.9885061,0.9885061,0.00021628826,0.014706742,0.00062411634
2011-01-20,7.0882475e-06,0.06674416,0.9217468,0.98849094,0.98849094,0.00020898595,0.014456347,0.0006158841
2011-01-21,7.271722e-06,0.06617811,0.92221606,0.9883942,0.98839414,0.00023349762,0.015280629,0.00062655937
2011-01-24,7.218652e-06,0.06569327,0.9228393,0.98853254,0.98853254,0.0002230445,0.014934674,0.00062949024
2011-01-25,7.2837242e-06,0.06591466,0.922518,0.98843265,0.98843265,0.0002263952,0.015046435,0.00062967936
2011-01-26,7.224352e-06,0.06638002,0.9220328,0.9884128,0.9884128,0.00024131089,0.015534185,0.0006234768
2011-01-27,6.8353665e-06,0.06813617,0.9204857,0.98862183,0.98862183,0.00024077,0.0155167645,0.000600744
2011-01-28,7.276142e-06,0.06621994,0.9221966,0.98841655,0.98841655,0.00025511847,0.015972428,0.00062814995
2011-01-31,7.024187e-06,0.06741688,0.92107964,0.9884965,0.98849654,0.0003596836,0.018965326,0.0006106121
2011-02-01,7.1913855e-06,0.066681795,0.9217148,0.9883966,0.9883966,0.00040379708,0.020094702,0.00061976456
2011-02-02,7.2381254e-06,0.06596732,0.922525,0.9884923,0.9884923,0.00039594178,0.019898286,0.0006289816
2011-02-03,7.363574e-06,0.06562263,0.92275184,0.9883745,0.9883745,0.00037254172,0.01930134,0.0006333969
2011-02-04,7.3229644e-06,0.065452896,0.92302656,0.98847944,0.98847944,0.000352058,0.018763209,0.00063564285
2011-02-07,7.3580395e-06,0.06626688,0.92202854,0.98829544,0.98829544,0.00035132392,0.018743636,0.00062864705
2011-02-08,7.1657387e-06,0.065663286,0.9229511,0.9886144,0.9886144,0.00035228799,0.018769337,0.0006293675
2011-02-09,6.949532e-06,0.0673156,0.9213258,0.9886414,0.9886414,0.00033502537,0.018303698,0.00061182893
2011-02-10,7.159383e-06,0.06635528,0.9221693,0.9885246,0.9885246,0.00031617822,0.017781401,0.0006238905
2011-02-11,7.232672e-06,0.06672311,0.9216773,0.9884004,0.9884004,0.00029872925,0.017283786,0.0006235277
2011-02-14,7.295471e-06,0.06527956,0.9232568,0.98853636,0.98853636,0.00029488123,0.017172106,0.0006364008
2011-02-15,6.95281e-06,0.067417316,0.92119175,0.9886091,0.9886091,0.00028516405,0.0168868,0.00061038154
2011-02-16,7.2875146e-06,0.0658582,0.9225785,0.9884367,0.9884367,0.00027209704,0.016495364,0.00063022785
2011-02-17,6.9593602e-06,0.067173906,0.92147493,0.98864883,0.98864883,0.00026219906,0.016192561,0.0006130964
2011-02-18,7.1566124e-06,0.06635002,0.9221571,0.98850715,0.98850715,0.00026523846,0.016286144,0.00062270137
2011-02-22,7.176622e-06,0.06584777,0.92273873,0.9885865,0.9885865,0.0002520387,0.015875727,0.00062878284
2011-02-23,6.534807e-06,0.07143012,0.9170253,0.9884555,0.9884554,0.0006803611,0.026083732,0.00056605245
2011-02-24,6.489869e-06,0.07134412,0.9172038,0.9885479,0.9885479,0.0007884962,0.028080175,0.0005666979
2011-02-25,6.94129e-06,0.06898177,0.9194434,0.9884252,0.9884252,0.00073501776,0.027111212,0.0005996896
2011-02-28,6.776518e-06,0.06926631,0.919212,0.9884783,0.9884783,0.0006851584,0.02617553,0.0005881528
2011-03-01,7.1844374e-06,0.067314476,0.92102075,0.98833525,0.98833525,0.0006429378,0.025356218,0.0006159102
2011-03-02,5.69823e-06,0.076659106,0.91224784,0.9889069,0.9889069,0.0006477759,0.025451442,0.0005136743
2011-03-03,6.495408e-06,0.0709741,0.91764593,0.98862004,0.98862004,0.0006465705,0.025427751,0.0005707761
2011-03-04,6.8374097e-06,0.0684368,0.9201284,0.9885652,0.9885652,0.0006006259,0.02450767,0.0005979478
2011-03-07,6.809568e-06,0.06862115,0.9199495,0.98857063,0.98857063,0.00059921556,0.02447888,0.0005957956
2011-03-08,7.088073e-06,0.06804412,0.9202773,0.9883214,0.9883214,0.00056422804,0.023753485,0.00060692953
2011-03-09,7.056107e-06,0.06746732,0.92100316,0.9884705,0.9884705,0.0005275516,0.022968492,0.0006120043
2011-03-10,6.768695e-06,0.0685993,0.9200463,0.9886456,0.9886456,0.00049565407,0.02226329,0.0005961304
2011-03-11,7.084943e-06,0.06697105,0.92156136,0.9885324,0.9885324,0.00048138862,0.02194057,0.0006178239
2011-03-14,7.261481e-06,0.06625829,0.92212456,0.9883829,0.9883829,0.00046648757,0.021598324,0.00062506704
2011-03-15,7.1985487e-06,0.066288985,0.92218363,0.98847264,0.98847264,0.00043742135,0.02091462,0.00062447507
2011-03-16,7.173045e-06,0.069590874,0.91841024,0.9880011,0.9880011,0.00052024424,0.022808863,0.000597809
2011-03-17,7.177287e-06,0.06597242,0.9225743,0.9885467,0.9885467,0.0004893803,0.022121942,0.00062665826
2011-03-18,7.004618e-06,0.06784147,0.92058563,0.9884271,0.9884271,0.000536141,0.023154719,0.00060526055
2011-03-21,7.41123e-06,0.06523212,0.9231662,0.9883983,0.9883983,0.0005014947,0.022394076,0.00063880626
2011-03-22,7.10431e-06,0.06637716,0.9221852,0.98856235,0.98856235,0.000480006,0.02190904,0.0006211335
2011-03-23,7.1372515e-06,0.06678943,0.9216878,0.98847723,0.98847723,0.00046664473,0.021601962,0.00061940413
2011-03-24,7.401223e-06,0.06508908,0.9233571,0.98844624,0.98844624,0.00045530847,0.021337958,0.00064058974
2011-03-25,7.1608874e-06,0.065845,0.9227857,0.9886307,0.9886307,0.0004279924,0.020687977,0.00062984484
2011-03-28,7.2346306e-06,0.06602585,0.9224573,0.98848313,0.98848313,0.000402406,0.02006006,0.00062817684
2011-03-29,7.3989554e-06,0.064975895,0.9235,0.9884759,0.9884759,0.0003910151,0.019774102,0.00064204296
2011-03-30,6.9079365e-06,0.06713908,0.92157865,0.98871773,0.98871773,0.0003721773,0.019291898,0.0006122828
2011-03-31,7.1847358e-06,0.06621759,0.9222991,0.9885167,0.9885167,0.00035172308,0.018754281,0.00062566757
2011-04-01,7.194153e-06,0.06606273,0.922477,0.98853976,0.98853976,0.0003665672,0.019145945,0.00062774867
2011-04-04,7.0849774e-06,0.06654013,0.9220628,0.98860294,0.98860294,0.0003535257,0.01880228,0.0006216494
2011-04-05,6.9901303e-06,0.06690508,0.9217545,0.98865956,0.98865956,0.00033450278,0.018289417,0.00061638973
2011-04-06,6.9095304e-06,0.06728913,0.9214121,0.9887012,0.9887012,0.00031545782,0.017761132,0.0006115291
2011-04-07,6.9868465e-06,0.06690976,0.9217534,0.98866314,0.9886632,0.0002988056,0.017285993,0.0006162945
2011-04-08,6.9999915e-06,0.066894695,0.9217606,0.9886553,0.9886553,0.0002940326,0.017147379,0.000617029
2011-04-11,6.6535395e-06,0.069294736,0.91938776,0.9886825,0.9886825,0.00031065685,0.01762546,0.0005878988
2011-04-12,7.193417e-06,0.0674229,0.9208927,0.9883156,0.9883156,0.00033915817,0.018416248,0.0006156419
2011-04-13,7.362193e-06,0.06608833,0.92225367,0.988342,0.988342,0.0003983649,0.019959081,0.00063151354
2011-04-14,7.102305e-06,0.06652714,0.9220352,0.98856235,0.98856235,0.00037880056,0.0194628,0.00062095816
2011-04-15,7.2872085e-06,0.065940194,0.92247874,0.98841894,0.98841894,0.0003618241,0.019021675,0.0006292348
2011-04-18,7.113935e-06,0.066243604,0.9223383,0.9885819,0.9885819,0.00035398142,0.018814394,0.00062303996
2011-04-19,7.150621e-06,0.06658842,0.92189354,0.98848194,0.98848194,0.00037072887,0.019254321,0.0006208181
2011-04-20,7.2757884e-06,0.06601826,0.92241496,0.98843324,0.98843324,0.0003547211,0.018834041,0.00062902574
2011-04-21,7.194405e-06,0.066320576,0.9221569,0.98847747,0.98847747,0.000393176,0.019828666,0.0006243771
2011-04-25,7.3295155e-06,0.06545872,0.92300564,0.98846436,0.98846436,0.0003732701,0.0193202,0.0006353798
2011-04-26,7.3019505e-06,0.06523481,0.9233085,0.98854333,0.9885433,0.00035186694,0.018758116,0.00063735375
2011-04-27,7.0741494e-06,0.066467136,0.9221481,0.9886152,0.9886153,0.00033223213,0.018227236,0.0006213687
2011-04-28,7.012586e-06,0.06685648,0.9217843,0.9886408,0.9886408,0.0003148794,0.017744841,0.0006173478
2011-04-29,7.1561894e-06,0.06654093,0.92193365,0.9884746,0.9884746,0.00029729158,0.017242145,0.00062090636
2011-05-02,7.121555e-06,0.06629479,0.9222637,0.9885585,0.9885585,0.00028686872,0.0169372,0.00062243035
2011-05-03,7.2074613e-06,0.06651697,0.9218969,0.9884139,0.9884139,0.00027266948,0.016512707,0.0006220767
2011-05-04,7.2312523e-06,0.065638624,0.9229126,0.9885512,0.9885512,0.0002914712,0.017072527,0.00063161657
2011-05-05,7.2689145e-06,0.065314375,0.9232627,0.98857707,0.98857707,0.0002944773,0.017160341,0.000636344
2011-05-06,6.4167616e-06,0.07654174,0.91146755,0.9880093,0.9880093,0.0008154776,0.028556569,0.0005351437
2011-05-09,7.2436287e-06,0.06628331,0.92213273,0.988416,0.988416,0.0008048439,0.028369771,0.00062531413
2011-05-10,6.6547723e-06,0.070088185,0.91845924,0.98854744,0.98854744,0.0009394718,0.030650804,0.0005810731
2011-05-11,7.178696e-06,0.06704408,0.9213438,0.9883879,0.9883879,0.0008807328,0.029677143,0.0006182073
2011-05-12,6.8422164e-06,0.074009635,0.91378427,0.9877939,0.9877939,0.0010316481,0.03211928,0.00056055817
2011-05-13,7.3746514e-06,0.06616001,0.9221407,0.98830074,0.98830074,0.00095367647,0.030881653,0.000630352
2011-05-16,7.535043e-06,0.06491105,0.923416,0.9883271,0.9883271,0.0008896884,0.029827645,0.00064551516
2011-05-17,7.36179e-06,0.06821291,0.91979134,0.98800427,0.98800427,0.000864582,0.029403776,0.0006137007
2011-05-18,7.26655e-06,0.066137515,0.9222877,0.9884252,0.9884252,0.00080428424,0.028359905,0.0006277903
2011-05-19,7.403187e-06,0.065358825,0.92303294,0.98839176,0.98839176,0.0008174036,0.028590271,0.0006377526
2011-05-20,7.342366e-06,0.06583073,0.92257416,0.98840487,0.98840487,0.000780695,0.02794092,0.00063322845
2011-05-23,7.4538098e-06,0.06548658,0.92282367,0.9883102,0.9883102,0.0007346728,0.027104849,0.0006376346
2011-05-24,7.5881376e-06,0.06495976,0.92331576,0.9882755,0.9882755,0.00070758356,0.026600443,0.00064720504
2011-05-25,7.46227e-06,0.06469501,0.92376196,0.98845696,0.98845696,0.0006841694,0.026156632,0.0006464738
2011-05-26,7.4535637e-06,0.06477516,0.9236648,0.98844,0.98844,0.00065813336,0.02565411,0.0006447707
2011-05-27,7.5238154e-06,0.06403893,0.9244709,0.98850983,0.98850983,0.0006232638,0.024965253,0.00065480475
2011-05-31,7.4614363e-06,0.064731285,0.9236745,0.9884058,0.9884058,0.00058443047,0.024174998,0.00064355036
2011-06-01,7.366261e-06,0.065297544,0.9231513,0.98844886,0.98844886,0.0005745442,0.023969652,0.00063770846
2011-06-02,7.2074354e-06,0.06861569,0.9195044,0.9881201,0.9881201,0.0005753198,0.023985825,0.00060669053
2011-06-03,7.546592e-06,0.064430006,0.92393255,0.98836255,0.98836255,0.00053626706,0.02315744,0.0006484747
2011-06-06,7.4903674e-06,0.0641035,0.9244176,0.9885211,0.9885211,0.0005032874,0.022434069,0.0006525335
2011-06-07,7.4649747e-06,0.06516349,0.92318815,0.98835164,0.98835164,0.00048257108,0.0219675,0.00064086076
2011-06-08,7.3576743e-06,0.06496821,0.9235577,0.9885259,0.9885259,0.00045298997,0.021283561,0.0006412435
2011-06-09,7.4553404e-06,0.064820416,0.923612,0.9884324,0.9884324,0.00044293105,0.021045927,0.00064450235
2011-06-10,7.124567e-06,0.06583877,0.9228227,0.98866147,0.98866147,0.00042513193,0.020618727,0.00062835007
2011-06-13,7.371031e-06,0.065546,0.92285794,0.9884039,0.9884039,0.00044561038,0.021109486,0.0006356483
2011-06-14,7.503191e-06,0.06438505,0.9240782,0.9884633,0.9884633,0.0004461091,0.021121295,0.00065037486
2011-06-15,7.2892362e-06,0.065261945,0.92329615,0.9885581,0.9885581,0.00044763333,0.021157347,0.00063706597
2011-06-16,7.1689897e-06,0.06962822,0.91842794,0.9880562,0.9880562,0.00056606473,0.023792114,0.000600226
2011-06-17,7.2393254e-06,0.065132454,0.923478,0.98861045,0.98861045,0.00052716525,0.02296008,0.000635611
2011-06-20,7.4614377e-06,0.06470327,0.92375904,0.9884623,0.9884623,0.00052246527,0.022857498,0.00064670225
2011-06-21,7.3724564e-06,0.06536265,0.9230639,0.9884265,0.9884265,0.00049048057,0.022146797,0.0006370122
2011-06-22,7.4849704e-06,0.06521013,0.923136,0.9883461,0.9883461,0.0004602214,0.021452771,0.0006422717
2011-06-23,7.2148737e-06,0.06573455,0.92282474,0.9885593,0.9885593,0.0004612372,0.021476435,0.0006306325
2011-06-24,7.016757e-06,0.070766516,0.9173418,0.98810834,0.98810834,0.0005801873,0.024087077,0.0005900568
2011-06-27,7.447728e-06,0.06528469,0.9230804,0.98836505,0.98836505,0.0005393662,0.023224259,0.0006401171
2011-06-28,7.6011556e-06,0.063799895,0.9246313,0.9884312,0.9884312,0.00050790893,0.022536835,0.0006570401
2011-06-29,7.422281e-06,0.06499457,0.9234415,0.9884361,0.9884361,0.0005158801,0.022712994,0.0006418495
2011-06-30,7.0547767e-06,0.0671186,0.92145735,0.98857594,0.98857594,0.0005092844,0.02256733,0.0006175365
2011-07-01,7.4026375e-06,0.064877845,0.92360586,0.9884837,0.9884837,0.0004792597,0.021892,0.000642798
2011-07-05,7.4136897e-06,0.06514989,0.9232881,0.988438,0.988438,0.0004518593,0.021256981,0.0006412123
2011-07-06,7.3830374e-06,0.06509611,0.9233687,0.98846483,0.98846483,0.0004509127,0.021234704,0.00064004597
2011-07-07,7.269059e-06,0.06519906,0.9234134,0.9886125,0.9886125,0.00042422273,0.020596668,0.0006383352
2011-07-08,6.657851e-06,0.069655165,0.9190056,0.98866075,0.98866075,0.000426259,0.020646041,0.00058715104
2011-07-11,7.295112e-06,0.06631703,0.9220805,0.98839754,0.98839754,0.00044400527,0.021071432,0.00062875554
2011-07-12,7.548032e-06,0.064416945,0.9239718,0.9883887,0.9883887,0.0004250418,0.020616543,0.00065006013
2011-07-13,7.3862e-06,0.06509031,0.92338395,0.98847425,0.98847425,0.00043567148,0.020872746,0.00064084335
2011-07-14,7.371953e-06,0.06506262,0.9234219,0.98848456,0.98848456,0.0004121044,0.020300355,0.00064017996
2011-07-15,7.487179e-06,0.064842105,0.9235701,0.9884122,0.9884122,0.0004272979,0.020671185,0.0006461261
2011-07-18,7.33562e-06,0.06557042,0.9228471,0.9884175,0.9884175,0.00041837557,0.020454232,0.00063333684
2011-07-19,7.5413855e-06,0.064517125,0.92386174,0.9883789,0.9883789,0.00040592244,0.020147517,0.00064893806
2011-07-20,7.2502335e-06,0.06551457,0.9230186,0.98853314,0.98853314,0.00039906445,0.019976597,0.0006322771
2011-07-21,7.2507864e-06,0.06565743,0.92289567,0.9885531,0.9885531,0.00037819805,0.019447315,0.00063342834
2011-07-22,7.305219e-06,0.06573757,0.9227379,0.98847544,0.98847544,0.00036259237,0.019041859,0.00063388277
2011-07-25,7.2028856e-06,0.06581365,0.9227287,0.9885424,0.9885424,0.00034528985,0.018581977,0.0006286545
2011-07-26,7.2846315e-06,0.065368816,0.9231615,0.98853034,0.98853034,0.00032900868,0.018138597,0.0006351217
2011-07-27,7.168001e-06,0.06602413,0.92257065,0.9885948,0.9885948,0.0003119007,0.017660711,0.0006284837
2011-07-28,7.3911688e-06,0.06507582,0.9233955,0.9884713,0.9884713,0.00032826516,0.018118089,0.000641112
2011-07-29,7.090929e-06,0.066289246,0.9223196,0.98860884,0.98860884,0.00031051168,0.017621342,0.00062249386
2011-08-01,7.1930244e-06,0.06583789,0.9227458,0.98858374,0.9885837,0.00031557685,0.017764483,0.0006300686
2011-08-02,7.3354363e-06,0.06568822,0.92273855,0.98842674,0.9884268,0.00030341736,0.01741888,0.00063382654
2011-08-03,7.349672e-06,0.065155335,0.9233372,0.98849255,0.98849255,0.0002966098,0.017222364,0.0006386881
2011-08-04,7.411233e-06,0.06615064,0.92215276,0.9883034,0.9883034,0.00030798864,0.017549604,0.0006336241
2011-08-05,7.101431e-06,0.07022886,0.9178652,0.9880941,0.9880941,0.0005265554,0.022946795,0.00059646275
2011-08-08,7.2324106e-06,0.06581446,0.9226746,0.98848903,0.98848903,0.0004908991,0.022156242,0.000628306
2011-08-09,7.146671e-06,0.07025837,0.91778195,0.9880403,0.9880403,0.000751195,0.027407937,0.00059756415
2011-08-10,7.615675e-06,0.06516953,0.92307746,0.988247,0.988247,0.0007414417,0.027229426,0.00064797583
2011-08-11,7.203603e-06,0.066686474,0.9217284,0.9884148,0.9884148,0.0008184101,0.028607868,0.0006217949
2011-08-12,7.4764857e-06,0.06580438,0.9224579,0.98826224,0.98826224,0.0008356523,0.028907651,0.00063696
2011-08-15,7.5899734e-06,0.06458213,0.9237503,0.9883324,0.9883324,0.00077949825,0.027919495,0.0006505166
2011-08-16,7.40348e-06,0.065565154,0.92280257,0.98836774,0.98836774,0.000780559,0.027938487,0.00063646084
2011-08-17,7.385929e-06,0.06593255,0.9224395,0.9883721,0.9883721,0.00074117555,0.027224539,0.0006351896
2011-08-18,7.455481e-06,0.06503711,0.92335814,0.9883953,0.9883953,0.00069825817,0.026424576,0.0006424521
2011-08-19,7.362654e-06,0.068262935,0.9197834,0.98804635,0.98804635,0.0008977708,0.029962825,0.00061593344
2011-08-22,7.435452e-06,0.064840145,0.92354083,0.98838097,0.98838097,0.0008333137,0.028867174,0.00063993735
2011-08-23,7.3232627e-06,0.06620199,0.9221572,0.9883592,0.9883592,0.0008087639,0.028438775,0.00062910374
2011-08-24,7.3325505e-06,0.06608197,0.92228913,0.9883711,0.98837113,0.0007686924,0.027725304,0.0006305441
2011-08-25,7.4682703e-06,0.064831436,0.92357355,0.988405,0.988405,0.00071710837,0.026778879,0.00064409344
2011-08-26,7.2639687e-06,0.06578851,0.9227235,0.988512,0.988512,0.00066989847,0.025882397,0.00063230813
2011-08-29,7.4725526e-06,0.064849965,0.92353725,0.9883872,0.9883872,0.0006254173,0.025008345,0.000643477
2011-08-30,7.496823e-06,0.06468877,0.9236953,0.98838407,0.9883841,0.00061581365,0.024815593,0.0006453914
2011-08-31,7.0693613e-06,0.067210436,0.9212929,0.98850334,0.98850334,0.000597907,0.024452137,0.0006149055
2011-09-01,7.4711857e-06,0.06490588,0.9234764,0.9883823,0.9883823,0.00055802206,0.02362249,0.00064308534
2011-09-02,7.3195533e-06,0.0667241,0.92155856,0.9882827,0.9882827,0.0005228717,0.022866387,0.00062467816
2011-09-06,7.3498286e-06,0.065589525,0.9228315,0.988421,0.988421,0.0005434553,0.023312127,0.0006347563
2011-09-07,7.4285626e-06,0.06510301,0.92328674,0.98838973,0.98838973,0.0005106579,0.022597741,0.0006398269
2011-09-08,7.085516e-06,0.06707064,0.92141294,0.9884836,0.9884836,0.0005711053,0.02389781,0.0006152548
2011-09-09,7.4053464e-06,0.065741226,0.9226266,0.98836786,0.98836786,0.000534126,0.023111166,0.0006366278
2011-09-12,7.4741442e-06,0.066504814,0.92166203,0.98816687,0.98816687,0.0005285737,0.022990732,0.0006316286
2011-09-13,7.5272246e-06,0.064743415,0.9235972,0.9883406,0.9883406,0.0005021023,0.02240764,0.0006455937
2011-09-14,7.4411173e-06,0.06529839,0.9230566,0.988355,0.988355,0.00050377764,0.022444991,0.0006389957
2011-09-15,7.629975e-06,0.06411011,0.9242298,0.9883399,0.9883399,0.0004866703,0.022060605,0.0006543662
2011-09-16,7.001619e-06,0.06698978,0.9216186,0.98860836,0.98860836,0.00045919744,0.021428892,0.00061462785
2011-09-19,7.38102e-06,0.065266535,0.9231629,0.9884294,0.9884294,0.00044839317,0.021175297,0.0006379131
2011-09-20,7.4154505e-06,0.06623326,0.9220191,0.9882524,0.9882524,0.00046635402,0.021595232,0.0006312312
2011-09-21,7.3595065e-06,0.06528609,0.9231717,0.9884578,0.9884578,0.0004495668,0.02120299,0.00063761725
2011-09-22,7.517763e-06,0.064853415,0.92352486,0.9883783,0.9883783,0.00043096783,0.020759765,0.00064687215
2011-09-23,7.3481838e-06,0.06808352,0.92002285,0.98810637,0.98810637,0.000681843,0.026112124,0.00061782514
2011-09-26,7.6990955e-06,0.06403533,0.92425156,0.9882869,0.9882869,0.0006395435,0.025289198,0.0006573071
2011-09-27,7.712201e-06,0.06365213,0.9246541,0.9883063,0.9883063,0.0006001733,0.024498435,0.0006595167
2011-09-28,7.051178e-06,0.067884564,0.9205146,0.98839915,0.98839915,0.0007275706,0.026973518,0.0006078155
2011-09-29,7.46296e-06,0.06676029,0.9214027,0.988163,0.988163,0.00078195514,0.027963461,0.00063047704
2011-09-30,7.590192e-06,0.06453853,0.9237817,0.98832023,0.98832023,0.0007362561,0.027134039,0.0006498581
2011-10-03,7.6119054e-06,0.06478659,0.9235115,0.9882981,0.9882981,0.0007745952,0.02783155,0.00065048557
2011-10-04,7.3751444e-06,0.067613415,0.9205176,0.98813105,0.98813105,0.00075023447,0.027390407,0.00062138116
2011-10-05,7.646159e-06,0.06470591,0.92354435,0.98825026,0.98825026,0.000742127,0.027242009,0.0006507511
2011-10-06,7.1799514e-06,0.06703383,0.9213232,0.988357,0.988357,0.0008639746,0.029393446,0.00061667577
2011-10-07,6.990412e-06,0.06839725,0.9200056,0.98840284,0.98840284,0.00088828715,0.029804146,0.0006027695
2011-10-10,7.262221e-06,0.06732025,0.9209583,0.9882785,0.9882785,0.00082558795,0.028733047,0.00061956455
2011-10-11,7.28662e-06,0.06672467,0.92157394,0.9882986,0.9882986,0.00082275714,0.028683744,0.00062271324
2011-10-12,7.360468e-06,0.06601988,0.92233896,0.98835886,0.98835886,0.00076683005,0.027691696,0.0006322804
2011-10-13,7.2236435e-06,0.06636414,0.92207754,0.98844165,0.9884417,0.0007152474,0.02674411,0.00062497164
2011-10-14,7.3932874e-06,0.06549021,0.922888,0.98837817,0.98837817,0.0006837728,0.02614905,0.000636155
2011-10-17,7.10122e-06,0.06745204,0.9209248,0.98837686,0.98837686,0.0006966641,0.026394395,0.0006109552
2011-10-18,7.3579336e-06,0.06695042,0.9212393,0.98818976,0.98818976,0.0006504232,0.025503395,0.0006230129
2011-10-19,6.9599955e-06,0.06784599,0.92063075,0.98847675,0.98847675,0.000639545,0.025289226,0.00060399604
2011-10-20,7.382995e-06,0.06672661,0.9214725,0.9881991,0.9881991,0.00064092554,0.025316507,0.0006256306
2011-10-21,7.241267e-06,0.06651921,0.92189264,0.98841184,0.98841184,0.0006042427,0.024581349,0.0006248852
2011-10-24,7.5083276e-06,0.06515898,0.92312205,0.988281,0.988281,0.00060286734,0.024553357,0.0006406976
2011-10-25,7.160879e-06,0.06736632,0.92097163,0.98833793,0.98833793,0.0006850042,0.026172586,0.00061403174
2011-10-26,7.232222e-06,0.06698251,0.92134243,0.98832494,0.98832494,0.0006659705,0.025806405,0.0006194591
2011-10-27,7.43347e-06,0.06656031,0.9216214,0.9881817,0.9881817,0.00069215667,0.02630887,0.00062898017
2011-10-28,6.7140904e-06,0.07019786,0.91823834,0.9884362,0.9884362,0.0007550634,0.027478417,0.0005806139
2011-10-31,6.970962e-06,0.06957954,0.9186622,0.98824173,0.98824173,0.000703554,0.026524592,0.0005928562
2011-11-01,7.5548837e-06,0.06530993,0.922877,0.98818696,0.98818696,0.00065348484,0.02556335,0.0006395374
2011-11-02,7.159125e-06,0.067086495,0.9212926,0.9883791,0.9883791,0.00061858236,0.024871316,0.0006160571
2011-11-03,7.2614907e-06,0.066277616,0.9220867,0.98836434,0.98836434,0.00057775306,0.024036495,0.00062407204
2011-11-04,7.2457756e-06,0.06633285,0.9220561,0.98838896,0.9883889,0.0005580094,0.023622222,0.00062404166
2011-11-07,7.2480243e-06,0.0660617,0.9223794,0.98844105,0.98844105,0.0005219717,0.0228467,0.00062704866
2011-11-08,6.980173e-06,0.06760297,0.9209194,0.9885224,0.9885224,0.000499938,0.022359293,0.0006081567
2011-11-09,7.251466e-06,0.06670075,0.9216274,0.98832816,0.98832816,0.00047893662,0.02188462,0.00062127865
2011-11-10,7.352648e-06,0.06628103,0.9220234,0.98830444,0.98830444,0.00045709306,0.021379735,0.0006286698
2011-11-11,7.2183416e-06,0.066445656,0.92195547,0.9884011,0.9884011,0.00045760497,0.021391703,0.00062233064
2011-11-14,7.194076e-06,0.06686433,0.921511,0.9883753,0.9883753,0.00043877467,0.02094695,0.0006188615
2011-11-15,7.1878085e-06,0.067195565,0.92115426,0.9883498,0.9883498,0.00041678097,0.020415215,0.00061696843
2011-11-16,6.9217335e-06,0.067969866,0.9205659,0.98853576,0.98853576,0.0004011367,0.020028397,0.0006037674
2011-11-17,7.158717e-06,0.06712209,0.9212937,0.9884158,0.9884158,0.00044428962,0.021078179,0.0006179713
2011-11-18,7.2178073e-06,0.06858475,0.9195414,0.98812616,0.98812616,0.0005117719,0.022622375,0.00060787465
2011-11-21,7.418583e-06,0.06569684,0.92262435,0.9883212,0.9883212,0.0004924515,0.022191247,0.0006352171
2011-11-22,7.501934e-06,0.064916566,0.9234148,0.9883314,0.9883314,0.00046359873,0.021531343,0.00064291514
2011-11-23,7.1715976e-06,0.066655055,0.9217963,0.98845136,0.98845136,0.00044337302,0.021056425,0.00062099076
2011-11-25,7.537384e-06,0.06581692,0.9223644,0.98818135,0.98818135,0.00044041823,0.020986143,0.0006377535
2011-11-28,7.5262656e-06,0.06477422,0.9235347,0.9883089,0.9883089,0.00041611813,0.020398974,0.0006437606
2011-11-29,6.9531006e-06,0.06739566,0.92122376,0.98861945,0.98861945,0.00040550623,0.020137185,0.0006109633
2011-11-30,6.965114e-06,0.06799552,0.92045176,0.9884473,0.9884473,0.00039717343,0.01992921,0.0006028997
2011-12-01,7.4417667e-06,0.0648334,0.92360437,0.9884378,0.9884378,0.0003745693,0.019353792,0.00064362737
2011-12-02,7.5306925e-06,0.06451299,0.92384547,0.98835844,0.98835844,0.0003536136,0.018804617,0.0006468799
2011-12-05,7.1784857e-06,0.06580247,0.9227755,0.98857796,0.98857796,0.0003376699,0.018375795,0.0006284768
2011-12-06,7.093761e-06,0.066470586,0.92210114,0.9885717,0.9885717,0.00031877222,0.017854193,0.000620719
2011-12-07,7.0075976e-06,0.06700137,0.9215872,0.9885886,0.9885886,0.00030149348,0.017363567,0.00061408593
2011-12-08,7.305974e-06,0.0659866,0.9224402,0.98842674,0.9884268,0.00028922252,0.017006543,0.0006312808
2011-12-09,7.478119e-06,0.06464462,0.9237633,0.9884079,0.9884079,0.000305645,0.017482705,0.0006451053
2011-12-12,7.1546838e-06,0.065863535,0.922746,0.98860955,0.98860955,0.00029706286,0.017235512,0.00062813016
2011-12-13,7.2960443e-06,0.06575927,0.9226898,0.9884491,0.9884491,0.00030002,0.017321086,0.00063164276
2011-12-14,7.055753e-06,0.06697838,0.9215687,0.9885471,0.9885471,0.00032109895,0.017919235,0.0006160662
2011-12-15,7.1280865e-06,0.06979995,0.91830724,0.9881072,0.9881072,0.0004943716,0.022234468,0.0005993617
2011-12-16,7.4525938e-06,0.064668134,0.92375827,0.9884264,0.9884264,0.00047063173,0.021694047,0.00064392976
2011-12-19,7.553794e-06,0.06439695,0.92397916,0.98837614,0.98837614,0.00044316953,0.021051591,0.0006498525
2011-12-20,7.398911e-06,0.06491191,0.9235265,0.9884384,0.9884384,0.00041782064,0.020440662,0.00063995714
2011-12-21,6.8644194e-06,0.06885811,0.91962874,0.9884868,0.9884868,0.00047152123,0.02171454,0.00059622305
2011-12-22,7.218098e-06,0.066245705,0.92220867,0.9884544,0.98845434,0.00045509884,0.021333046,0.00062518177
2011-12-23,7.362247e-06,0.065204784,0.9232491,0.9884539,0.9884539,0.00043163303,0.02077578,0.00063764065
2011-12-27,7.1287104e-06,0.065843545,0.9227687,0.98861223,0.98861223,0.00040597183,0.020148743,0.0006259973
2011-12-28,7.0914775e-06,0.06677067,0.92176557,0.98853624,0.98853624,0.0003991933,0.019979822,0.00061859953
2011-12-29,7.378368e-06,0.06532109,0.923103,0.98842406,0.98842406,0.00040168175,0.020042,0.0006373884
2011-12-30,7.0092465e-06,0.06671509,0.9219191,0.9886342,0.9886342,0.00037863982,0.01945867,0.0006166978
2012-01-03,7.0735164e-06,0.06669383,0.92187846,0.9885723,0.9885723,0.00036090592,0.018997524,0.00061897986
2012-01-04,6.536499e-06,0.07067466,0.91791844,0.9885931,0.9885931,0.00045026848,0.021219531,0.0005730303
2012-01-05,6.958911e-06,0.06783857,0.920662,0.98850054,0.98850054,0.00042021487,0.020499144,0.0006051509
2012-01-06,7.112393e-06,0.067131735,0.9213424,0.98847413,0.98847413,0.00040711704,0.02017714,0.00061708083
2012-01-09,7.0749466e-06,0.066884,0.9216514,0.9885354,0.9885354,0.00038269482,0.019562587,0.0006171126
2012-01-10,7.1346885e-06,0.066385895,0.922171,0.9885569,0.98855686,0.0003602748,0.018980905,0.0006234938
2012-01-11,6.8636828e-06,0.06785022,0.9207863,0.98863655,0.98863655,0.00034462765,0.01856415,0.00060401415
2012-01-12,6.8908107e-06,0.06755691,0.9211055,0.9886624,0.9886624,0.0003369802,0.018357022,0.00060778507
2012-01-13,7.064074e-06,0.06687273,0.92166823,0.98854095,0.98854095,0.0003390313,0.018412802,0.0006164623
2012-01-17,7.162124e-06,0.06607294,0.9224895,0.98856246,0.98856246,0.00032076504,0.017909914,0.0006261947
2012-01-18,6.550147e-06,0.06944381,0.9193674,0.9888112,0.9888112,0.00032928778,0.018146288,0.0005854197
2012-01-19,6.822116e-06,0.06787877,0.9208334,0.9887122,0.9887122,0.0003094287,0.017590586,0.00060437917
2012-01-20,6.516104e-06,0.06942265,0.91936666,0.9887893,0.9887893,0.00029209148,0.017090684,0.00058124075
2012-01-23,7.0687665e-06,0.06720792,0.9213049,0.9885128,0.9885128,0.00030186222,0.017374182,0.00061536103
2012-01-24,7.119908e-06,0.066845804,0.9216248,0.9884706,0.98847055,0.000293416,0.01712939,0.0006175444
2012-01-25,7.16717e-06,0.066116594,0.9224395,0.9885561,0.9885561,0.00028043793,0.01674628,0.00062628667
2012-01-26,7.167384e-06,0.06642115,0.9220719,0.988493,0.988493,0.00026707628,0.016342469,0.000622873
2012-01-27,6.8634936e-06,0.06745519,0.921252,0.9887072,0.9887072,0.00025394247,0.015935572,0.00060777523
2012-01-30,6.729407e-06,0.06864757,0.9200521,0.9886997,0.9886997,0.0002409907,0.015523875,0.0005955056
2012-01-31,7.1225722e-06,0.0668033,0.9216741,0.98847735,0.98847735,0.00023296133,0.015263071,0.0006181366
2012-02-01,6.512387e-06,0.0694619,0.91940236,0.98886424,0.98886424,0.00022255564,0.014918298,0.0005848176
2012-02-02,6.6659013e-06,0.068616845,0.9201591,0.98877597,0.98877597,0.00021689764,0.014727445,0.00059389544
2012-02-03,6.9085686e-06,0.06817662,0.9203274,0.98850405,0.98850405,0.00021807018,0.0147672,0.00060095685
2012-02-06,6.8687696e-06,0.067731015,0.9209309,0.98866194,0.98866194,0.00022295251,0.014931594,0.0006058155
2012-02-07,6.794578e-06,0.06861295,0.91998255,0.9885955,0.9885955,0.00021868285,0.014787929,0.0005957797
2012-02-08,6.8506597e-06,0.06799112,0.9206551,0.9886462,0.9886462,0.00022366794,0.014955532,0.00060338085
2012-02-09,6.837045e-06,0.067861885,0.92083883,0.98870075,0.98870075,0.00021330685,0.014605029,0.00060508825
2012-02-10,6.9094444e-06,0.067634724,0.9209973,0.988632,0.988632,0.00021168652,0.014549451,0.000607799
2012-02-13,7.075396e-06,0.0669301,0.92159325,0.98852336,0.98852336,0.0002116541,0.014548337,0.00061650435
2012-02-14,6.998104e-06,0.0668144,0.921846,0.9886604,0.9886604,0.00023514962,0.015334589,0.0006171382
2012-02-15,6.8786667e-06,0.06802783,0.9205616,0.98858947,0.98858947,0.00022401726,0.014967206,0.00060283474
2012-02-16,6.8271934e-06,0.06774836,0.9209661,0.98871446,0.98871446,0.00022021824,0.014839752,0.00060495036
2012-02-17,6.723274e-06,0.06900806,0.91961855,0.9886266,0.9886266,0.00021117511,0.014531866,0.0005911402
2012-02-21,7.1068084e-06,0.06692932,0.9215439,0.98847324,0.98847324,0.00020628083,0.0143624805,0.00061654847
2012-02-22,6.618076e-06,0.06937398,0.9193517,0.98872566,0.98872566,0.00023781827,0.015421358,0.00058700354
2012-02-23,6.766983e-06,0.06847966,0.9201918,0.9886715,0.9886715,0.00022631751,0.015043853,0.0005973405
2012-02-24,6.8306294e-06,0.06810677,0.92054737,0.98865414,0.98865414,0.00022890978,0.015129765,0.000602037
2012-02-27,6.7335423e-06,0.068453185,0.92026776,0.98872095,0.98872095,0.00023863306,0.015447753,0.0005969957
2012-02-28,6.763673e-06,0.06852025,0.92014146,0.9886617,0.9886617,0.00023511547,0.015333476,0.0005965336
2012-02-29,6.9506164e-06,0.068432,0.919976,0.988408,0.98840797,0.00024764886,0.015736863,0.0005996061
2012-03-01,7.179984e-06,0.06610439,0.9224459,0.9885503,0.9885503,0.00023624871,0.015370384,0.0006270896
2012-03-02,5.753577e-06,0.07538291,0.91365033,0.9890332,0.9890332,0.00024236484,0.015568071,0.000524637
2012-03-05,6.765634e-06,0.07029813,0.91808975,0.9883879,0.9883879,0.0002576336,0.016050968,0.0005826357
2012-03-06,6.7082947e-06,0.068177894,0.9205853,0.98876315,0.98876315,0.00024329657,0.0155979665,0.00059699087
2012-03-07,6.9158336e-06,0.067719586,0.92088026,0.98859984,0.98859984,0.00025620492,0.016006403,0.0006066434
2012-03-08,6.8296276e-06,0.067806855,0.9209006,0.9887074,0.9887074,0.0002553939,0.015981048,0.0006047891
2012-03-09,6.733093e-06,0.06867717,0.9200052,0.9886824,0.9886824,0.00024295544,0.015587028,0.00059492176
2012-03-12,6.9522057e-06,0.06741919,0.9211915,0.9886107,0.9886107,0.00023404066,0.015298388,0.0006104147
2012-03-13,6.9813477e-06,0.06694937,0.92168844,0.9886378,0.9886378,0.00022950371,0.01514938,0.0006144365
2012-03-14,6.722307e-06,0.06865052,0.9200598,0.98871034,0.98871034,0.00021921298,0.014805842,0.00059543946
2012-03-15,7.0002116e-06,0.0670564,0.92155766,0.9886141,0.9886141,0.00021880743,0.014792141,0.0006148131
2012-03-16,6.9820117e-06,0.06738629,0.92118293,0.9885692,0.9885692,0.00020936443,0.014469431,0.0006108069
2012-03-19,6.729069e-06,0.06832975,0.9203739,0.98870367,0.98870367,0.00022202817,0.01490061,0.0005956862
2012-03-20,6.9349744e-06,0.0673342,0.92127794,0.9886121,0.9886121,0.00021703437,0.014732086,0.00060897827
2012-03-21,6.9984594e-06,0.06714842,0.9214723,0.98862076,0.98862076,0.00024390915,0.015617591,0.0006150198
2012-03-22,7.0536885e-06,0.066764146,0.92182493,0.9885891,0.98858905,0.0002475915,0.01573504,0.000618154
2012-03-23,7.035857e-06,0.06667575,0.9219663,0.98864204,0.9886421,0.00025764617,0.01605136,0.00061946467
2012-03-26,6.8488903e-06,0.067781195,0.92089456,0.9886758,0.9886758,0.00025780793,0.016056398,0.00060479983
2012-03-27,6.819502e-06,0.06770515,0.9210086,0.98871374,0.98871374,0.00024437002,0.015632339,0.0006042305
2012-03-28,6.813633e-06,0.06802962,0.92066574,0.9886954,0.9886954,0.00023233039,0.0152423885,0.0006027301
2012-03-29,7.0302694e-06,0.066834606,0.9217846,0.9886192,0.9886192,0.00024346712,0.015603433,0.00061773113
2012-03-30,7.1177656e-06,0.06624035,0.9223763,0.98861665,0.98861665,0.00027493082,0.016581038,0.0006252784
2012-04-02,6.927507e-06,0.0672248,0.92143065,0.98865545,0.98865545,0.0002609979,0.01615543,0.00061064615
2012-04-03,6.8094487e-06,0.06849569,0.9201013,0.988597,0.988597,0.00027702874,0.01664418,0.00059716165
2012-04-04,7.039469e-06,0.066834964,0.92177,0.98860496,0.98860496,0.00027140303,0.016474314,0.0006177662
2012-04-05,7.170808e-06,0.06683776,0.9216325,0.9884703,0.9884703,0.00029885597,0.017287452,0.00062194315
2012-04-09,6.9715984e-06,0.06684134,0.9218295,0.9886709,0.9886709,0.00030362327,0.017424788,0.0006153701
2012-04-10,7.070231e-06,0.06691283,0.9216243,0.98853713,0.98853713,0.00029168968,0.017078925,0.0006167943
2012-04-11,7.0587407e-06,0.06689817,0.92169756,0.9885957,0.9885957,0.0002897586,0.017022297,0.00061895564
2012-04-12,6.904695e-06,0.06723137,0.92147255,0.9887039,0.9887039,0.0002918055,0.017082315,0.0006112463
2012-04-13,6.780757e-06,0.06827755,0.92041713,0.98869467,0.98869467,0.0002810886,0.016765697,0.00059978396
2012-04-16,6.98208e-06,0.067130506,0.92149025,0.98862076,0.98862076,0.000269962,0.016430521,0.0006135804
2012-04-17,7.0487886e-06,0.06749715,0.92097676,0.9884739,0.9884739,0.00025578556,0.015993297,0.00061154977
2012-04-18,6.94458e-06,0.06695683,0.92173374,0.98869056,0.98869056,0.000252381,0.015886504,0.00061405136
2012-04-19,7.048116e-06,0.066665635,0.92193466,0.9886003,0.9886003,0.0002546991,0.015959295,0.0006182728
2012-04-20,6.885966e-06,0.067329586,0.9213243,0.9886539,0.9886539,0.00024300767,0.015588704,0.0006069015
2012-04-23,7.0152155e-06,0.06705656,0.92153424,0.9885908,0.9885908,0.00023442181,0.01531084,0.0006148723
2012-04-24,7.0187725e-06,0.066750124,0.9218676,0.9886177,0.9886177,0.00022305087,0.014934888,0.0006166402
2012-04-25,7.037055e-06,0.06660741,0.9220233,0.9886307,0.9886307,0.00021372084,0.014619194,0.000618953
2012-04-26,6.9600737e-06,0.06747579,0.9210993,0.9885751,0.9885751,0.00020592939,0.01435024,0.0006092022
2012-04-27,6.988594e-06,0.06658578,0.922098,0.98868376,0.98868376,0.00019765893,0.014059123,0.0006175721
2012-04-30,6.911999e-06,0.06767212,0.92090654,0.9885787,0.9885787,0.00019001459,0.013784578,0.00060518377
2012-05-01,7.1525546e-06,0.06636189,0.922153,0.9885149,0.9885149,0.0001819421,0.013488592,0.0006227682
2012-05-02,7.1466516e-06,0.06674794,0.92170525,0.9884532,0.9884532,0.0001844675,0.013581881,0.0006189297
2012-05-03,7.0598453e-06,0.066158526,0.9225241,0.9886826,0.9886826,0.00018273797,0.0135180615,0.00062380603
2012-05-04,7.1277723e-06,0.06657499,0.92192185,0.98849684,0.98849684,0.00022049634,0.014849119,0.00061963603
2012-05-07,7.209838e-06,0.06731907,0.9210495,0.9883686,0.9883686,0.0003198032,0.017883042,0.00061985827
2012-05-08,7.2747494e-06,0.065309405,0.9232041,0.9885135,0.9885135,0.00030405892,0.017437285,0.000633332
2012-05-09,7.3633573e-06,0.0650098,0.9234873,0.9884971,0.98849714,0.00029422896,0.017153103,0.0006401293
2012-05-10,7.292562e-06,0.06542977,0.92306525,0.988495,0.988495,0.0002794246,0.016715998,0.0006338598
2012-05-11,7.342395e-06,0.06515684,0.9233226,0.98847944,0.98847944,0.0002656441,0.016298592,0.0006373294
2012-05-14,7.275794e-06,0.06527708,0.92325443,0.98853153,0.98853153,0.00025922776,0.016100552,0.0006344171
2012-05-15,7.217169e-06,0.06576736,0.9227843,0.9885517,0.9885517,0.0002601096,0.016127914,0.0006304127
2012-05-16,7.2443568e-06,0.065627255,0.9228813,0.9885086,0.9885086,0.0002522369,0.015881969,0.0006304145
2012-05-17,7.357091e-06,0.065392256,0.92302394,0.9884162,0.9884162,0.00025072423,0.015834274,0.0006351187
2012-05-18,7.312021e-06,0.0653432,0.9231626,0.9885058,0.9885058,0.00023934507,0.015470781,0.0006361477
2012-05-21,7.216405e-06,0.065639466,0.9228765,0.988516,0.988516,0.00023763653,0.015415464,0.0006283863
2012-05-22,6.895319e-06,0.06681044,0.9219332,0.9887436,0.9887436,0.00023536786,0.015341703,0.0006125689
2012-05-23,7.094573e-06,0.066584274,0.9219669,0.9885512,0.9885512,0.00023072737,0.015189713,0.0006196783
2012-05-24,7.3260962e-06,0.06563267,0.9228054,0.9884381,0.9884381,0.00024546555,0.01566734,0.00063364283
2012-05-25,7.22971e-06,0.0652518,0.9233495,0.98860127,0.9886013,0.00023823477,0.015434856,0.0006342556
2012-05-29,7.035528e-06,0.06621469,0.92245364,0.9886683,0.9886683,0.0002274557,0.015081635,0.0006208726
2012-05-30,7.0338615e-06,0.066383235,0.9223259,0.98870915,0.98870915,0.00021697166,0.014729958,0.00062297017
2012-05-31,7.2726925e-06,0.066265866,0.9221728,0.98843867,0.98843867,0.00028018025,0.016738586,0.00062905304
2012-06-01,7.4402765e-06,0.064843774,0.9236047,0.9884485,0.9884485,0.00028062947,0.016751999,0.0006440962
2012-06-04,6.982741e-06,0.0705088,0.9176439,0.9881527,0.9881527,0.00036587386,0.019127829,0.0005893943
2012-06-05,7.4049344e-06,0.06471206,0.9237265,0.98843855,0.98843855,0.0003481015,0.018657478,0.00064048474
2012-06-06,7.4844224e-06,0.06431956,0.9241447,0.98846424,0.98846424,0.00032972408,0.018158305,0.0006488016
2012-06-07,7.34502e-06,0.065113276,0.92338336,0.9884966,0.98849666,0.00031671935,0.017796611,0.0006385087
2012-06-08,7.234692e-06,0.065693215,0.9228985,0.9885917,0.9885917,0.0003002363,0.01732733,0.0006341588
2012-06-11,7.2574785e-06,0.06544804,0.9230697,0.98851776,0.98851776,0.00028936696,0.01701079,0.0006320613
2012-06-12,7.457386e-06,0.06499844,0.9234454,0.98844385,0.98844385,0.00029333401,0.017126996,0.0006453176
2012-06-13,7.3683455e-06,0.06498844,0.92350346,0.9884919,0.9884919,0.00028173372,0.016784925,0.0006402743
2012-06-14,7.4698323e-06,0.06426918,0.9242435,0.9885127,0.9885127,0.00027244122,0.016505793,0.00065026846
2012-06-15,6.844645e-06,0.068579145,0.91987056,0.9884497,0.9884497,0.00027422784,0.016559826,0.0005925942
2012-06-18,7.439977e-06,0.06437707,0.92413574,0.9885128,0.9885128,0.000259196,0.016099565,0.0006476762
2012-06-19,7.2770567e-06,0.06602426,0.9223728,0.98839706,0.98839706,0.00025256877,0.015892413,0.00062717363
2012-06-20,7.19479e-06,0.0656112,0.9229687,0.98857987,0.98857987,0.0002454077,0.015665494,0.00063000945
2012-06-21,7.391271e-06,0.06584419,0.92253256,0.98837674,0.98837674,0.00028200785,0.016793089,0.00063590327
2012-06-22,7.5144135e-06,0.06552144,0.9227442,0.98826563,0.98826563,0.00040234844,0.020058624,0.0006403766
2012-06-25,7.5727635e-06,0.063919134,0.9244914,0.98841053,0.98841053,0.0004037302,0.020093039,0.0006534177
2012-06-26,7.336136e-06,0.065144554,0.92333883,0.98848337,0.98848337,0.00038409274,0.019598285,0.0006370037
2012-06-27,7.3628594e-06,0.06519919,0.9232669,0.9884661,0.9884661,0.00036216204,0.019030556,0.000638366
2012-06-28,7.529442e-06,0.064477816,0.9239118,0.9883896,0.9883896,0.000348808,0.018676402,0.000648509
2012-06-29,7.5818116e-06,0.06433652,0.92406213,0.9883987,0.9883987,0.00039648384,0.019911902,0.0006535296
2012-07-02,6.3811203e-06,0.07290485,0.91546494,0.98836976,0.98836976,0.0008860406,0.029766435,0.0005486664
2012-07-03,7.313543e-06,0.068161316,0.9199019,0.9880632,0.9880632,0.00083302363,0.028862149,0.0006126896
2012-07-05,6.792804e-06,0.06969825,0.9186846,0.9883829,0.9883829,0.00091405126,0.03023328,0.00058472337
2012-07-06,7.263365e-06,0.06655714,0.9218155,0.9883727,0.9883727,0.00084845355,0.029128226,0.0006246811
2012-07-09,7.3250303e-06,0.06767596,0.920477,0.9881529,0.9881529,0.00085973524,0.029321242,0.0006182984
2012-07-10,7.080945e-06,0.06706664,0.92136633,0.988433,0.988433,0.00082021387,0.028639376,0.000612168
2012-07-11,7.393528e-06,0.06589743,0.922434,0.9883314,0.9883314,0.00080379593,0.028351296,0.00063362473
2012-07-12,7.137377e-06,0.0670887,0.92129225,0.98838097,0.98838097,0.00078118005,0.027949598,0.0006142833
2012-07-13,7.34909e-06,0.06524617,0.92321223,0.9884584,0.9884584,0.00072739803,0.026970318,0.0006367477
2012-07-16,7.2702196e-06,0.06581868,0.9226327,0.98845136,0.98845136,0.00068758306,0.026221804,0.00062953046
2012-07-17,7.255352e-06,0.065555744,0.9229775,0.98853326,0.98853326,0.000656301,0.025618372,0.0006327301
2012-07-18,7.280379e-06,0.06558069,0.92292374,0.9885044,0.9885044,0.000617918,0.024857957,0.0006333193
2012-07-19,7.1736836e-06,0.06635517,0.9220989,0.98845404,0.98845404,0.0005808041,0.024099877,0.0006213157
2012-07-20,7.1094505e-06,0.066812985,0.92165965,0.98847264,0.98847264,0.00060379115,0.024572162,0.0006167458
2012-07-23,7.3491956e-06,0.06543515,0.9230061,0.9884413,0.9884413,0.00057576183,0.023995038,0.00063581445
2012-07-24,7.498987e-06,0.066005476,0.9221785,0.988184,0.988184,0.0006283366,0.025066644,0.0006346455
2012-07-25,7.4807754e-06,0.06491335,0.9234499,0.9883632,0.9883632,0.0005879097,0.02424685,0.00064285536
2012-07-26,7.437255e-06,0.06488432,0.9235504,0.98843473,0.98843473,0.0005520469,0.02349568,0.0006430681
2012-07-27,7.218599e-06,0.065897524,0.9226004,0.9884979,0.9884979,0.00051857764,0.0227723,0.00062759034
2012-07-30,7.0705064e-06,0.06649736,0.9221144,0.98861176,0.98861176,0.0004898823,0.022133285,0.0006208602
2012-07-31,7.0868596e-06,0.0668393,0.9216501,0.9884894,0.9884894,0.00045993173,0.02144602,0.0006156806
2012-08-01,7.565367e-06,0.06410461,0.92432404,0.98842865,0.98842865,0.00045661308,0.021368507,0.0006538017
2012-08-02,7.431022e-06,0.06526797,0.9230917,0.9883597,0.9883597,0.00043524965,0.020862637,0.00063838693
2012-08-03,7.196841e-06,0.06544209,0.9232056,0.9886477,0.9886477,0.0004365328,0.020893367,0.0006339544
2012-08-06,6.784329e-06,0.06911381,0.919386,0.9884998,0.9884998,0.00055851997,0.023633027,0.00058993243
2012-08-07,7.1956524e-06,0.066389635,0.9220688,0.9884584,0.9884584,0.00052524556,0.022918236,0.00062345335
2012-08-08,6.9050866e-06,0.068033926,0.9205133,0.9885472,0.9885472,0.00050762255,0.022530481,0.0006029172
2012-08-09,7.16655e-06,0.06643708,0.9220551,0.9884922,0.9884922,0.0004750899,0.021796558,0.0006227554
2012-08-10,7.0988203e-06,0.06675466,0.921769,0.98852366,0.98852366,0.0004452268,0.021100398,0.00061856146
2012-08-13,7.0826377e-06,0.066391,0.92221266,0.98860365,0.98860365,0.0004195148,0.020482061,0.0006214831
2012-08-14,7.0769565e-06,0.06675462,0.9217876,0.98854226,0.98854226,0.00039416712,0.019853642,0.0006176572
2012-08-15,7.0488263e-06,0.06707038,0.9214375,0.98850787,0.98850787,0.00037395532,0.019337924,0.000613361
2012-08-16,6.8087925e-06,0.06818365,0.9204836,0.98866725,0.98866725,0.00035748692,0.018907325,0.0006008067
2012-08-17,6.9130388e-06,0.067959376,0.920589,0.9885484,0.9885484,0.0003476337,0.018644938,0.0006036744
2012-08-20,7.126027e-06,0.066688314,0.92177767,0.98846596,0.98846596,0.00032805072,0.018112171,0.000617826
2012-08-21,7.056058e-06,0.066684514,0.92186725,0.9885518,0.98855174,0.00030954444,0.017593876,0.00061634625
2012-08-22,6.933489e-06,0.06758613,0.92101717,0.9886033,0.9886033,0.00029580752,0.017199056,0.0006083766
2012-08-23,7.032558e-06,0.06696015,0.9216043,0.98856443,0.98856443,0.00028160645,0.016781135,0.0006149723
2012-08-24,7.1260374e-06,0.066401534,0.9221477,0.98854923,0.98854923,0.00027390162,0.016549973,0.00062231964
2012-08-27,7.041849e-06,0.06681558,0.9217382,0.98855376,0.98855376,0.0002598503,0.016119873,0.0006152108
2012-08-28,6.838044e-06,0.067719474,0.9209657,0.98868513,0.98868513,0.00025015126,0.01581617,0.00060434145
2012-08-29,6.920936e-06,0.06766612,0.9209023,0.9885684,0.9885684,0.00024237928,0.015568535,0.00060542277
2012-08-30,7.112439e-06,0.06665003,0.9218467,0.9884967,0.9884967,0.00023560533,0.01534944,0.0006182967
2012-08-31,7.1477657e-06,0.06673924,0.92170554,0.9884448,0.9884448,0.00023018217,0.015171755,0.00061857596
2012-09-04,7.100441e-06,0.06698416,0.92148465,0.9884688,0.9884688,0.00024371874,0.015611494,0.00061576045
2012-09-05,7.037008e-06,0.06828287,0.92004573,0.98832864,0.9883286,0.00024205037,0.015557968,0.0006029293
2012-09-06,7.2722537e-06,0.06511842,0.9234359,0.98855436,0.98855436,0.00022974487,0.015157337,0.0006353732
2012-09-07,7.0327396e-06,0.06687649,0.9216992,0.9885757,0.9885757,0.00021958193,0.014818297,0.0006155946
2012-09-10,7.0486185e-06,0.066606976,0.9220044,0.9886114,0.9886114,0.00021488052,0.014658803,0.0006189188
2012-09-11,6.949039e-06,0.0676624,0.9208616,0.988524,0.988524,0.00020523676,0.014326087,0.000605529
2012-09-12,7.0760984e-06,0.06689959,0.92160934,0.98850894,0.98850894,0.00019860058,0.014092572,0.0006157916
2012-09-13,7.224503e-06,0.06622542,0.92222124,0.98844665,0.98844665,0.00019034625,0.013796603,0.00062531687
2012-09-14,7.2454345e-06,0.06602319,0.92243695,0.9884601,0.9884601,0.00019408469,0.013931428,0.00062786066
2012-09-17,6.8765385e-06,0.06735687,0.9213261,0.988683,0.988683,0.00018928974,0.013758261,0.0006076283
2012-09-18,7.1873233e-06,0.06704722,0.9213242,0.98837143,0.98837143,0.00022194406,0.014897787,0.0006180747
2012-09-19,7.0819597e-06,0.066456094,0.92207325,0.9885293,0.9885293,0.00022499781,0.014999927,0.0006173969
2012-09-20,7.2815606e-06,0.06626214,0.9220785,0.9883406,0.9883406,0.00029873202,0.017283866,0.0006245236
2012-09-21,6.9581906e-06,0.06752667,0.92101157,0.9885382,0.98853827,0.00028287235,0.01681881,0.0006070769
2012-09-24,7.2207727e-06,0.0663007,0.9221103,0.988411,0.988411,0.00027536784,0.01659421,0.00062307174
2012-09-25,7.434602e-06,0.06492295,0.92348325,0.9884062,0.9884062,0.0002686276,0.016389864,0.0006412557
2012-09-26,7.2152307e-06,0.06601538,0.9224613,0.98847663,0.98847663,0.00025812426,0.016066246,0.00062613917
2012-09-27,7.150581e-06,0.06632957,0.9221804,0.98850995,0.98851,0.00026132455,0.016165536,0.00062232825
2012-09-28,7.0011797e-06,0.06782057,0.9205999,0.9884204,0.9884204,0.0002755565,0.016599894,0.0006046147
2012-10-01,6.7592873e-06,0.06840107,0.9202558,0.9886568,0.9886569,0.0002614888,0.016170615,0.0005958899
2012-10-02,6.342295e-06,0.07547849,0.91263944,0.98811793,0.98811793,0.00024797212,0.01574713,0.00053377036
2012-10-03,7.333634e-06,0.06486435,0.9236294,0.98849374,0.98849374,0.00023597771,0.015361566,0.0006373604
2012-10-04,7.3833053e-06,0.06585999,0.9224899,0.98834985,0.98834985,0.0003391878,0.018417051,0.0006337522
2012-10-05,6.5329796e-06,0.070579626,0.9179666,0.98854625,0.98854625,0.0004228656,0.020563696,0.0005703792
2012-10-08,7.31724e-06,0.06579084,0.92261684,0.9884077,0.9884077,0.0004240653,0.020592846,0.000631214
2012-10-09,7.371537e-06,0.06553039,0.92283523,0.98836565,0.98836565,0.00040124188,0.020031024,0.0006336011
2012-10-10,6.986612e-06,0.06801438,0.9204002,0.9884146,0.9884146,0.00045094354,0.02123543,0.0006030524
2012-10-11,7.3243878e-06,0.065788426,0.92260885,0.9883973,0.9883973,0.00043292585,0.02080687,0.0006312658
2012-10-12,7.1984446e-06,0.066575,0.92183244,0.98840743,0.98840743,0.00041173422,0.020291235,0.00062095345
2012-10-15,7.3926963e-06,0.06560428,0.9227106,0.98831487,0.98831487,0.00038717175,0.01967668,0.0006326583
2012-10-16,7.3313904e-06,0.065407015,0.92302454,0.9884316,0.9884316,0.0003646481,0.019095762,0.0006337413
2012-10-17,7.2415874e-06,0.06554198,0.92296183,0.9885038,0.9885038,0.00034427832,0.018554738,0.00062991213
2012-10-18,7.2475564e-06,0.06605951,0.92234665,0.9884062,0.9884062,0.00032499782,0.018027697,0.00062512245
2012-10-19,7.277241e-06,0.06560994,0.9228349,0.9884448,0.9884448,0.0003070219,0.01752204,0.0006297809
2012-10-22,7.2849375e-06,0.06573938,0.92267257,0.98841196,0.98841196,0.00032455922,0.018015528,0.0006286602
2012-10-23,7.309624e-06,0.06534454,0.92315125,0.9884958,0.9884958,0.00032154855,0.017931774,0.0006353889
2012-10-24,7.369864e-06,0.06528698,0.92313343,0.9884204,0.9884204,0.0003409394,0.018464545,0.00063645386
2012-10-25,7.4610525e-06,0.06428272,0.92420256,0.9884853,0.9884853,0.00033020912,0.018171657,0.0006479576
2012-10-26,7.171964e-06,0.06561991,0.9229601,0.98858,0.98858,0.000313423,0.017703757,0.00062801724
2012-10-31,7.239583e-06,0.06558823,0.92295116,0.9885394,0.9885394,0.0002968367,0.01722895,0.00063169305
2012-11-01,7.241225e-06,0.06586078,0.92258644,0.9884472,0.9884472,0.00028123768,0.016770143,0.00062679336
2012-11-02,7.3451533e-06,0.0661017,0.9222187,0.98832035,0.98832035,0.00027273875,0.016514804,0.00062888477
2012-11-05,7.2685443e-06,0.065811306,0.92266226,0.9884736,0.98847353,0.00030416658,0.017440371,0.0006305994
2012-11-06,7.184667e-06,0.06553743,0.9230231,0.98856056,0.98856056,0.0002932757,0.017125294,0.00062806095
2012-11-07,7.039225e-06,0.067059316,0.9214583,0.98851764,0.98851764,0.00035755069,0.018909011,0.000613047
2012-11-08,7.2055764e-06,0.06896844,0.91913664,0.98810506,0.98810506,0.0005012818,0.022389324,0.0006057681
2012-11-09,7.431574e-06,0.06448424,0.92397505,0.9884593,0.9884593,0.00047175944,0.021720024,0.0006439442
2012-11-12,7.1062277e-06,0.06642896,0.9221482,0.9885772,0.9885772,0.0004514335,0.021246964,0.0006221084
2012-11-13,7.3305296e-06,0.065765984,0.922622,0.988388,0.988388,0.00042583788,0.02063584,0.00063128927
2012-11-14,7.4316977e-06,0.06511694,0.9232635,0.98838043,0.98838043,0.0004006163,0.020015402,0.0006395847
2012-11-15,7.419382e-06,0.064576834,0.9238881,0.98846495,0.98846495,0.00038477697,0.019615732,0.0006432034
2012-11-16,7.274105e-06,0.06525772,0.9232585,0.9885162,0.9885162,0.0003698522,0.019231541,0.0006334238
2012-11-19,7.326773e-06,0.06535729,0.9231018,0.98845905,0.98845905,0.0003614211,0.019011078,0.0006348501
2012-11-20,7.052249e-06,0.06698068,0.92156327,0.9885439,0.9885439,0.0003975684,0.019939117,0.0006155905
2012-11-21,7.321181e-06,0.06632489,0.9220086,0.98833346,0.98833346,0.00042971037,0.020729456,0.0006275368
2012-11-23,7.361317e-06,0.064998575,0.92346776,0.9884663,0.9884663,0.00040676564,0.020168431,0.00063824543
2012-11-26,7.2529433e-06,0.06580624,0.922645,0.98845124,0.98845124,0.00038950774,0.019735951,0.000628028
2012-11-27,7.14135e-06,0.06611771,0.9224486,0.9885663,0.9885663,0.00036930383,0.019217279,0.0006245867
2012-11-28,7.2327525e-06,0.065532416,0.92301667,0.9885491,0.9885491,0.00035072127,0.018727554,0.0006316325
2012-11-29,7.3188135e-06,0.06499943,0.92353475,0.9885342,0.9885342,0.000335344,0.0183124,0.00063831755
2012-11-30,7.1614177e-06,0.06590427,0.9226789,0.98858315,0.98858315,0.00033776558,0.0183784,0.00062726723
2012-12-03,7.158634e-06,0.0663037,0.9221877,0.9884914,0.9884914,0.00032445497,0.018012634,0.00062202563
2012-12-04,7.254598e-06,0.06578749,0.92268014,0.98846763,0.98846763,0.0003065781,0.017509371,0.00062906416
2012-12-05,7.2270805e-06,0.06573915,0.9227708,0.98850995,0.98850995,0.0002932446,0.017124387,0.00062898616
2012-12-06,7.3452065e-06,0.06543157,0.9229836,0.9884152,0.9884152,0.00028129778,0.016771935,0.00063403725
2012-12-07,7.4115997e-06,0.06489421,0.9235537,0.9884479,0.9884479,0.00029021405,0.01703567,0.00064158055
2012-12-10,7.157903e-06,0.06562401,0.92299944,0.98862344,0.98862344,0.0002765155,0.016628755,0.00062917994
2012-12-11,7.128909e-06,0.06586802,0.92274743,0.98861545,0.98861545,0.00026374217,0.01624014,0.00062619173
2012-12-12,7.100979e-06,0.06615045,0.92246145,0.9886119,0.9886119,0.00025089053,0.015839525,0.0006235425
2012-12-13,7.131619e-06,0.066186845,0.92240334,0.9885902,0.9885902,0.00024671791,0.015707256,0.00062504224
2012-12-14,7.213723e-06,0.06604115,0.922437,0.9884782,0.9884782,0.00024190759,0.0155533785,0.00062609254
2012-12-17,7.0807437e-06,0.06617435,0.92245346,0.9886278,0.9886278,0.00023631123,0.015372418,0.00062263577
2012-12-18,7.2309685e-06,0.06580833,0.9226836,0.98849195,0.98849195,0.00022683301,0.015060976,0.0006283402
2012-12-19,7.053308e-06,0.066428885,0.92216563,0.98859453,0.98859453,0.00022084216,0.0148607595,0.0006184146
2012-12-20,6.9867638e-06,0.06720061,0.9214276,0.9886282,0.9886282,0.00023121582,0.015205783,0.0006143943
2012-12-21,6.9908297e-06,0.06726868,0.92128634,0.988555,0.988555,0.00022302009,0.014933857,0.0006108203
2012-12-24,7.2927537e-06,0.06553758,0.92294437,0.98848194,0.98848194,0.00023117726,0.015204514,0.0006331581
2012-12-26,6.7034994e-06,0.06805803,0.9206657,0.9887237,0.9887237,0.0002206987,0.0148559315,0.0005944766
2012-12-27,6.7332476e-06,0.069065906,0.9195677,0.98863363,0.98863363,0.00025645693,0.016014272,0.00059238344
2012-12-28,6.966984e-06,0.0672371,0.9213741,0.98861116,0.98861116,0.00024270758,0.015579076,0.0006117379
2012-12-31,7.079998e-06,0.06675311,0.92177165,0.98852473,0.98852473,0.00023065989,0.015187492,0.000616979
2013-01-02,6.9253724e-06,0.067056276,0.9216204,0.9886767,0.9886767,0.00022767416,0.015088875,0.0006116052
2013-01-03,6.734975e-06,0.06858226,0.92012775,0.98871,0.98871,0.00022956295,0.015151335,0.00059654267
2013-01-04,6.90828e-06,0.067328535,0.921332,0.9886605,0.9886605,0.00021835344,0.014776787,0.0006092234
2013-01-07,7.1155023e-06,0.06664773,0.9218729,0.9885206,0.9885206,0.00020825441,0.014431022,0.0006198509
2013-01-08,7.0268807e-06,0.06651867,0.92212504,0.9886437,0.9886437,0.00019914613,0.014111915,0.0006187653
2013-01-09,6.712744e-06,0.068545446,0.9201815,0.988727,0.988727,0.00019069416,0.013809206,0.00059546955
2013-01-10,6.7193046e-06,0.06841938,0.9203072,0.9887266,0.9887266,0.00018222717,0.013499155,0.0005960326
2013-01-11,6.9478083e-06,0.0673615,0.9212695,0.98863095,0.98863095,0.0001782377,0.013350569,0.000611116
2013-01-14,7.1974378e-06,0.06635309,0.9221019,0.988455,0.988455,0.00017176443,0.0131058935,0.00062342454
2013-01-15,6.9928933e-06,0.066962935,0.92164266,0.9886056,0.9886056,0.0001679244,0.012958565,0.00061371416
2013-01-16,7.1242316e-06,0.06671146,0.92178446,0.98849595,0.98849595,0.00016769565,0.012949735,0.0006192801
2013-01-17,7.1136287e-06,0.065957926,0.92268497,0.9886429,0.9886429,0.00016837561,0.012975963,0.000626358
2013-01-18,6.9151583e-06,0.067253694,0.92140055,0.98865426,0.98865426,0.00017351306,0.013172436,0.0006094936
2013-01-22,6.890188e-06,0.06753258,0.92110735,0.98863995,0.98863995,0.00016680664,0.0129153645,0.000606528
2013-01-23,6.8851314e-06,0.06761152,0.9210674,0.98867893,0.98867893,0.00016370813,0.012794848,0.00060816976
2013-01-24,7.03364e-06,0.06687812,0.92172647,0.9886046,0.9886046,0.00016554039,0.01286625,0.0006172353
2013-01-25,6.7820915e-06,0.067818694,0.9209367,0.9887554,0.9887554,0.00016317457,0.01277398,0.00060314237
2013-01-28,6.8476756e-06,0.06767158,0.9210185,0.9886901,0.9886901,0.0001571191,0.012534715,0.0006054574
2013-01-29,6.5124987e-06,0.069136724,0.91975963,0.98889637,0.98889637,0.00015366843,0.012396307,0.0005865198
2013-01-30,6.388205e-06,0.070757724,0.91805536,0.9888131,0.9888131,0.00015685247,0.012524076,0.00057104346
2013-01-31,6.6943308e-06,0.068922535,0.9197739,0.9886964,0.9886964,0.00015127755,0.012299494,0.0005922298
2013-02-01,6.8618438e-06,0.06802819,0.92058915,0.98861736,0.98861736,0.00014745237,0.012142997,0.00060283416
2013-02-04,6.667847e-06,0.06896816,0.91975904,0.9887272,0.9887272,0.00014307535,0.011961411,0.0005914994
2013-02-05,6.867847e-06,0.06829866,0.9202351,0.98853374,0.98853374,0.00015758612,0.012553331,0.00059896114
2013-02-06,6.745708e-06,0.06868456,0.9199618,0.9886464,0.9886464,0.0001533527,0.012383565,0.00059414643
2013-02-07,6.962615e-06,0.06743478,0.9211549,0.9885897,0.9885897,0.00014783794,0.012158862,0.0006102046
2013-02-08,6.6915163e-06,0.068724975,0.9199703,0.98869526,0.98869526,0.00014795725,0.012163768,0.0005919215
2013-02-11,6.512623e-06,0.06979057,0.9189892,0.9887798,0.9887798,0.00014293996,0.01195575,0.00058043643
2013-02-12,6.918501e-06,0.067970835,0.92056656,0.9885374,0.9885374,0.00015031986,0.0122605,0.0006035702
2013-02-13,6.7002056e-06,0.06841504,0.9203392,0.9887543,0.9887543,0.00014679719,0.012115989,0.0005958001
2013-02-14,6.9549537e-06,0.06761231,0.920949,0.9885613,0.9885613,0.00014378299,0.011990954,0.00060801813
2013-02-15,6.4556816e-06,0.069324635,0.91960406,0.9889287,0.9889287,0.0001399207,0.011828808,0.0005830993
2013-02-19,6.770205e-06,0.068415344,0.92026776,0.9886831,0.9886831,0.00015125213,0.01229846,0.0005982387
2013-02-20,6.893201e-06,0.06778168,0.9208023,0.988584,0.988584,0.00015042114,0.01226463,0.00060381833
2013-02-21,7.140597e-06,0.06669099,0.9218001,0.98849106,0.98849106,0.00018207778,0.01349362,0.00062043907
2013-02-22,7.0899664e-06,0.066411935,0.9221762,0.9885881,0.9885881,0.00019549085,0.013981804,0.0006212781
2013-02-25,6.8960107e-06,0.06728429,0.9213898,0.9886741,0.9886741,0.00018791803,0.0137083195,0.0006088711
2013-02-26,7.126093e-06,0.066715196,0.9217776,0.9884928,0.9884928,0.00018005558,0.013418479,0.0006192718
2013-02-27,7.0655474e-06,0.067096055,0.9214069,0.988503,0.988503,0.00017504761,0.013230556,0.0006145546
2013-02-28,6.9964863e-06,0.06768461,0.92079085,0.98847544,0.98847544,0.00016844658,0.012978697,0.0006070937
2013-03-01,7.020657e-06,0.06619991,0.9225064,0.9887063,0.9887063,0.00016634815,0.012897602,0.00062164315
2013-03-04,6.533487e-06,0.06897867,0.9199219,0.98890054,0.98890054,0.00017583992,0.013260464,0.0005886312
2013-03-05,7.041564e-06,0.06698653,0.92158127,0.9885678,0.9885678,0.00017114698,0.013082315,0.0006159429
2013-03-06,6.814959e-06,0.0676146,0.9211228,0.9887374,0.9887374,0.00016853453,0.012982085,0.00060509663
2013-03-07,6.9118187e-06,0.06740119,0.9212779,0.98867905,0.98867905,0.00016345063,0.012784781,0.0006105335
2013-03-08,7.04537e-06,0.066799015,0.9217799,0.9885789,0.9885789,0.00016749465,0.012941972,0.00061687396
2013-03-11,6.968243e-06,0.0665778,0.922152,0.9887298,0.9887298,0.00016251388,0.012748093,0.0006182878
2013-03-12,6.975893e-06,0.067218974,0.9213876,0.9886066,0.9886066,0.00015689177,0.012525644,0.0006122734
2013-03-13,6.988601e-06,0.06665721,0.9220459,0.9887031,0.9887031,0.0001531892,0.012376962,0.00061862846
2013-03-14,6.971701e-06,0.06677899,0.9219012,0.98868024,0.98868024,0.00014824985,0.012175789,0.0006158879
2013-03-15,6.958309e-06,0.06703281,0.9215919,0.9886247,0.9886247,0.00014549031,0.012061937,0.0006117029
2013-03-18,6.9462144e-06,0.06690795,0.9217773,0.98868525,0.98868525,0.00014226105,0.011927323,0.00061390793
2013-03-19,6.8920845e-06,0.06740555,0.9212638,0.9886694,0.9886694,0.0001386266,0.011773979,0.00060827157
2013-03-20,6.903499e-06,0.067746036,0.92083997,0.988586,0.988586,0.00015463083,0.012435065,0.0006048278
2013-03-21,6.818621e-06,0.06741734,0.92136467,0.988782,0.988782,0.00015407939,0.012412872,0.00060782797
2013-03-22,6.920995e-06,0.06753782,0.92108595,0.9886238,0.9886238,0.00015100285,0.012288322,0.00060837483
2013-03-25,6.94362e-06,0.06703393,0.92163694,0.9886709,0.9886709,0.00015795209,0.012567899,0.00061290053
2013-03-26,6.951001e-06,0.06690239,0.9218072,0.9887096,0.9887096,0.00016127838,0.012699543,0.0006156574
2013-03-27,6.883751e-06,0.06720711,0.921495,0.9887021,0.9887021,0.00017225769,0.013124698,0.00060929573
2013-03-28,6.969e-06,0.06717055,0.9214299,0.98860043,0.98860043,0.00016595855,0.012882491,0.000611339
2013-04-01,6.7883375e-06,0.06775813,0.9209886,0.98874676,0.98874676,0.00016269946,0.01275537,0.00060323416
2013-04-02,6.4693977e-06,0.070635065,0.91804814,0.9886832,0.9886832,0.00015687352,0.012524916,0.00057166436
2013-04-03,6.848219e-06,0.06807622,0.9205563,0.9886325,0.98863256,0.00015055708,0.01227017,0.00060243846
2013-04-04,6.9605644e-06,0.06850803,0.91991544,0.98842347,0.98842347,0.00020204904,0.014214396,0.000601265
2013-04-05,7.2607872e-06,0.065396234,0.9231441,0.98854035,0.98854035,0.00020425995,0.014291954,0.000633596
2013-04-08,7.251408e-06,0.0659077,0.92254454,0.98845226,0.98845226,0.0001983858,0.014084949,0.0006279502
2013-04-09,7.0117785e-06,0.06632765,0.92235917,0.9886868,0.9886868,0.0001933694,0.013905733,0.0006197874
2013-04-10,6.9871494e-06,0.06661273,0.92209446,0.9887072,0.9887072,0.00019041,0.013798913,0.0006187252
2013-04-11,7.15297e-06,0.066680804,0.92177665,0.98845744,0.98845744,0.00018386562,0.013559706,0.000619704
2013-04-12,7.237207e-06,0.06559507,0.9229384,0.9885335,0.9885335,0.00018664237,0.0136617115,0.00063116074
2013-04-15,7.3566057e-06,0.06529326,0.92315704,0.9884503,0.9884503,0.00021811957,0.0147688715,0.0006369515
2013-04-16,7.275219e-06,0.065934554,0.9225337,0.9884682,0.9884682,0.00026327482,0.016225746,0.00063088484
2013-04-17,7.279323e-06,0.06501824,0.9235642,0.98858243,0.98858243,0.00025015615,0.015816325,0.0006375546
2013-04-18,7.318086e-06,0.06610515,0.9222781,0.98838323,0.98838323,0.0002742222,0.016559655,0.00062995893
2013-04-19,7.312126e-06,0.06538301,0.9230625,0.9884455,0.9884455,0.00026943567,0.016414495,0.00063283904
2013-04-22,7.144417e-06,0.065948404,0.9226228,0.9885712,0.9885712,0.0002565864,0.016018314,0.0006251254
2013-04-23,7.149821e-06,0.06592755,0.922691,0.98861855,0.98861855,0.0002483627,0.015759528,0.00062819966
2013-04-24,7.2386147e-06,0.06593643,0.92256373,0.9885002,0.9885002,0.00023763647,0.015415462,0.0006294545
2013-04-25,7.174037e-06,0.065618254,0.9229914,0.9886097,0.9886097,0.00026663093,0.016328838,0.0006298358
2013-04-26,7.1038426e-06,0.066118024,0.92249256,0.98861057,0.98861057,0.00028996065,0.017028231,0.00062372215
2013-04-29,7.2674443e-06,0.065279715,0.9232962,0.98857594,0.98857594,0.00027792001,0.016670933,0.0006361522
2013-04-30,7.2428943e-06,0.06611576,0.9223091,0.98842484,0.98842484,0.00028008828,0.016735839,0.00062572723
2013-05-01,7.398257e-06,0.06501178,0.9234599,0.9884717,0.9884717,0.00027401996,0.016553547,0.0006417467
2013-05-02,7.2720386e-06,0.066883475,0.92143345,0.98831695,0.9883169,0.00030638446,0.01750384,0.0006224437
2013-05-03,6.7227793e-06,0.067982815,0.92084026,0.98882306,0.98882306,0.00035705446,0.018895885,0.00060148636
2013-05-06,7.0423253e-06,0.06677456,0.92182,0.98859453,0.98859453,0.0003548166,0.018836576,0.0006174517
2013-05-07,7.1502413e-06,0.06593301,0.9226756,0.9886086,0.9886086,0.00033613772,0.018334059,0.0006276876
2013-05-08,7.1851164e-06,0.066228196,0.9223053,0.9885335,0.9885335,0.00031956795,0.017876463,0.0006266179
2013-05-09,7.272254e-06,0.06537558,0.9231551,0.9885307,0.9885307,0.00030876818,0.017571801,0.00063406234
2013-05-10,7.2493754e-06,0.065301195,0.9232829,0.9885841,0.9885841,0.0002927625,0.017110305,0.0006350245
2013-05-13,7.2995053e-06,0.06529689,0.9232455,0.9885424,0.9885424,0.000278533,0.016689308,0.0006370873
2013-05-14,7.329665e-06,0.06527515,0.92320514,0.98848027,0.98848027,0.00027014795,0.016436178,0.00063627056
2013-05-15,7.318133e-06,0.065119505,0.92339474,0.98851424,0.98851424,0.00026376016,0.016240694,0.0006371486
2013-05-16,7.291518e-06,0.065130405,0.92343634,0.98856676,0.98856676,0.0002509063,0.015840022,0.0006377471
2013-05-17,7.017203e-06,0.066330194,0.9223834,0.9887136,0.9887136,0.00024407747,0.015622979,0.00062174094
2013-05-20,6.952293e-06,0.067211054,0.92138374,0.9885948,0.9885948,0.00023723849,0.015402548,0.00060957065
2013-05-21,7.108208e-06,0.06614959,0.92244667,0.98859626,0.98859626,0.00022876043,0.015124829,0.00062332256
2013-05-22,7.3012948e-06,0.06577932,0.92265546,0.9884348,0.9884348,0.00022046271,0.014847986,0.00063131546
2013-05-23,7.452137e-06,0.064561054,0.9239192,0.98848027,0.98848027,0.00023697861,0.015394109,0.0006469021
2013-05-24,7.327308e-06,0.06501958,0.92349756,0.98851717,0.98851717,0.00022642122,0.0150473,0.0006381097
2013-05-28,7.2008534e-06,0.06540885,0.9232022,0.98861104,0.98861104,0.00021653662,0.0147151835,0.0006322662
2013-05-29,7.052195e-06,0.066423774,0.9222176,0.9886414,0.9886414,0.00021223631,0.014568333,0.0006208673
2013-05-30,7.338922e-06,0.06546197,0.92299265,0.98845464,0.98845464,0.00022994846,0.015164051,0.00063565985
2013-05-31,7.193137e-06,0.06533336,0.9233268,0.98866016,0.98866016,0.00022115311,0.014871217,0.0006343242
2013-06-03,7.304147e-06,0.065358706,0.9231561,0.9885148,0.9885148,0.00023235363,0.01524315,0.0006359606
2013-06-04,7.249684e-06,0.06554898,0.92298126,0.9885302,0.9885302,0.00023796609,0.01542615,0.0006320682
2013-06-05,7.148091e-06,0.06595343,0.92265314,0.9886066,0.9886066,0.00022708581,0.015069366,0.0006273872
2013-06-06,7.278863e-06,0.065335184,0.9232073,0.9885425,0.98854244,0.00021792296,0.014762214,0.00063529226
2013-06-07,6.975606e-06,0.06646247,0.9222952,0.98875767,0.98875767,0.00021578612,0.014689661,0.0006204769
2013-06-10,7.0492983e-06,0.06662149,0.921993,0.9886145,0.9886145,0.00021735621,0.014743006,0.000619147
2013-06-11,7.2021576e-06,0.06576803,0.92279005,0.9885581,0.98855805,0.00020802976,0.014423236,0.00062945543
2013-06-12,7.137169e-06,0.06610877,0.9224983,0.98860705,0.98860705,0.00020039667,0.0141561525,0.0006264548
2013-06-13,7.0968294e-06,0.06649622,0.92205405,0.9885503,0.9885503,0.00019364903,0.013915784,0.00061982695
2013-06-14,6.9955095e-06,0.066852376,0.9217715,0.9886239,0.9886239,0.00019009502,0.013787495,0.0006149313
2013-06-17,6.94507e-06,0.06701104,0.9216817,0.98869276,0.98869276,0.00019135144,0.013832984,0.00061421446
2013-06-18,7.1269874e-06,0.06683561,0.9216262,0.98846185,0.98846185,0.00018338494,0.0135419695,0.00061768905
2013-06-19,7.031924e-06,0.0663938,0.92224485,0.98863864,0.98863864,0.00017904301,0.013380695,0.00061893323
2013-06-20,7.012934e-06,0.066751264,0.92185193,0.9886032,0.9886032,0.00017249616,0.013133779,0.000615341
2013-06-21,7.2367475e-06,0.067819096,0.9204355,0.9882546,0.9882546,0.00022440735,0.014980232,0.00061613496
2013-06-24,7.3122706e-06,0.06498367,0.9235734,0.98855704,0.98855704,0.00023656414,0.015380641,0.0006390192
2013-06-25,7.3132005e-06,0.065433994,0.9230442,0.9884782,0.9884782,0.00024148985,0.015539943,0.00063472637
2013-06-26,7.1721106e-06,0.06577345,0.92283374,0.98860717,0.98860717,0.00023031826,0.015176239,0.00062952837
2013-06-27,7.3169726e-06,0.06559926,0.92284226,0.9884415,0.9884415,0.00021989629,0.014828901,0.00063303974
2013-06-28,7.137022e-06,0.06584783,0.92279106,0.9886389,0.9886389,0.00022675123,0.015058261,0.0006281969
2013-07-01,7.1869777e-06,0.06581433,0.9227542,0.98856854,0.98856854,0.00021823072,0.014772634,0.0006287019
2013-07-02,7.237162e-06,0.06579458,0.9227112,0.9885058,0.9885058,0.0002223265,0.014910617,0.00062963495
2013-07-03,7.1275526e-06,0.06624529,0.9222971,0.9885424,0.98854244,0.0002293471,0.01514421,0.0006220796
2013-07-05,7.027361e-06,0.06699909,0.9215713,0.9885704,0.9885704,0.00023581136,0.01535615,0.0006148383
2013-07-08,6.8459026e-06,0.067694575,0.9209956,0.9886902,0.98869014,0.00024886438,0.015775437,0.000605307
2013-07-09,7.0937185e-06,0.066919975,0.9215762,0.9884962,0.9884962,0.00023611845,0.015366146,0.0006166405
2013-07-10,6.8789714e-06,0.06724126,0.92150223,0.9887435,0.9887435,0.00022553152,0.015017707,0.0006111102
2013-07-11,6.704808e-06,0.06895373,0.9197205,0.9886742,0.9886742,0.00026830522,0.016380025,0.0005919954
2013-07-12,7.0023552e-06,0.06699911,0.92161846,0.9886176,0.98861754,0.00026996862,0.016430723,0.0006151914
2013-07-15,6.5633644e-06,0.069682,0.91904026,0.98872226,0.98872226,0.00026201873,0.016186992,0.0005819754
2013-07-16,6.996659e-06,0.06737185,0.92117727,0.9885491,0.9885491,0.0002481042,0.015751323,0.0006110146
2013-07-17,6.8151876e-06,0.06807847,0.92059946,0.9886779,0.9886779,0.00023625734,0.015370665,0.0006019377
2013-07-18,6.894286e-06,0.06780231,0.92079693,0.98859924,0.98859924,0.00022556058,0.015018675,0.00060472166
2013-07-19,6.8797826e-06,0.06834991,0.92015487,0.98850477,0.98850477,0.00022846648,0.015115107,0.00059849006
2013-07-22,7.0473634e-06,0.066490866,0.92211944,0.9886103,0.9886103,0.00021710579,0.01473451,0.0006187503
2013-07-23,7.068471e-06,0.06711297,0.92140204,0.988515,0.988515,0.00021506503,0.014665095,0.00061545346
2013-07-24,6.933757e-06,0.06743975,0.92115253,0.98859227,0.98859227,0.00020573752,0.014343553,0.000607812
2013-07-25,7.259542e-06,0.0655657,0.92296314,0.98852885,0.98852885,0.00021721293,0.014738145,0.000632852
2013-07-26,7.1009736e-06,0.066450134,0.9221011,0.9885512,0.9885512,0.00020777213,0.014414303,0.0006202373
2013-07-29,7.0133756e-06,0.06635797,0.9223198,0.9886778,0.9886778,0.0002026845,0.0142367305,0.00061943574
2013-07-30,6.924007e-06,0.06724221,0.92139226,0.98863447,0.98863447,0.0001941388,0.01393337,0.0006092109
2013-07-31,7.0780707e-06,0.0664366,0.92215335,0.98858994,0.98858994,0.00019974203,0.014133012,0.0006203361
2013-08-01,6.9976813e-06,0.067181855,0.9213915,0.9885733,0.9885733,0.00021401461,0.014629238,0.0006123981
2013-08-02,6.9024986e-06,0.06779396,0.920791,0.98858494,0.98858494,0.000251824,0.015868964,0.0006046833
2013-08-05,7.159159e-06,0.06632806,0.92217624,0.9885043,0.9885043,0.00024437218,0.015632408,0.0006227679
2013-08-06,7.176497e-06,0.06620696,0.92228293,0.98848987,0.98848987,0.00023347016,0.01527973,0.0006234938
2013-08-07,7.330807e-06,0.06556857,0.92287564,0.9884442,0.9884442,0.00023224832,0.015239695,0.0006343838
2013-08-08,7.312888e-06,0.065460004,0.92300916,0.9884692,0.9884692,0.00022710807,0.015070105,0.00063420384
2013-08-09,7.3280767e-06,0.06537784,0.92307466,0.9884525,0.9884525,0.00022293784,0.014931103,0.00063460256
2013-08-12,6.9830603e-06,0.066820405,0.9218243,0.98864466,0.98864466,0.00025176207,0.015867012,0.00061495823
2013-08-13,7.081413e-06,0.066927016,0.9215618,0.9884888,0.9884888,0.00023914168,0.015464206,0.0006151756
2013-08-14,6.992552e-06,0.066879794,0.92175186,0.98863167,0.98863167,0.00023031405,0.015176102,0.00061509025
2013-08-15,7.0867686e-06,0.066470966,0.9220987,0.9885697,0.9885697,0.00021928514,0.014808279,0.0006199972
2013-08-16,7.129812e-06,0.06646775,0.92204773,0.9885155,0.9885155,0.00021048656,0.014508155,0.0006208202
2013-08-19,7.1078666e-06,0.06617237,0.92240644,0.9885788,0.9885788,0.00020127128,0.014187011,0.00062233955
2013-08-20,7.0658057e-06,0.0667373,0.92177725,0.98851454,0.98851454,0.0001936165,0.013914615,0.00061519584
2013-08-21,7.2031366e-06,0.06618009,0.92234933,0.98852944,0.98852944,0.000213111,0.014598321,0.0006279675
2013-08-22,7.1943523e-06,0.06587485,0.92265385,0.9885287,0.9885287,0.0002117233,0.014550715,0.0006271626
2013-08-23,7.2022126e-06,0.065974474,0.9225168,0.9884913,0.9884913,0.00021060006,0.014512066,0.00062580575
2013-08-26,7.047568e-06,0.06661155,0.92200357,0.9886151,0.9886151,0.00021247889,0.014576656,0.0006190274
2013-08-27,7.1401305e-06,0.066674925,0.92177206,0.988447,0.988447,0.00020458447,0.014303303,0.00061803317
2013-08-28,6.618499e-06,0.069730446,0.91891664,0.9886471,0.9886471,0.00024994294,0.015809584,0.0005829789
2013-08-29,6.872094e-06,0.06809912,0.920487,0.9885861,0.9885861,0.00024287125,0.015584327,0.00060208264
2013-08-30,7.2570183e-06,0.06616409,0.9222491,0.98841316,0.98841316,0.00024042855,0.015505758,0.0006263153
2013-09-03,7.3237347e-06,0.065555304,0.9228623,0.9884176,0.9884176,0.00023680167,0.015388361,0.0006323172
2013-09-04,7.0370575e-06,0.06804899,0.92031395,0.98836297,0.98836297,0.00023004969,0.015167389,0.0006047124
2013-09-05,7.336625e-06,0.064915106,0.9235863,0.9885014,0.9885014,0.00022918604,0.0151388915,0.0006380467
2013-09-06,7.1341406e-06,0.06614153,0.922394,0.9885355,0.9885355,0.00022594612,0.015031504,0.00062228227
2013-09-09,7.035114e-06,0.066937536,0.921618,0.9885555,0.98855555,0.00024068909,0.015514158,0.0006147152
2013-09-10,7.3134897e-06,0.06610929,0.92223775,0.98834705,0.98834705,0.00023479585,0.015323049,0.0006276086
2013-09-11,7.485254e-06,0.06523719,0.92306775,0.9883049,0.9883049,0.00024997402,0.015810566,0.0006400341
2013-09-12,7.297754e-06,0.06523855,0.9232511,0.9884896,0.9884896,0.00023834597,0.015438457,0.0006340155
2013-09-13,7.046294e-06,0.06672953,0.9218152,0.98854476,0.98854476,0.00023309622,0.015267489,0.00061511545
2013-09-16,7.290964e-06,0.06548757,0.92299086,0.9884784,0.9884784,0.00022289979,0.014929829,0.0006328095
2013-09-17,7.429506e-06,0.06534656,0.9230077,0.98835427,0.98835427,0.00022840024,0.015112916,0.0006379594
2013-09-18,7.50252e-06,0.064589806,0.9237938,0.9883836,0.9883836,0.00022655273,0.0150516685,0.0006458554
2013-09-19,6.9683133e-06,0.06678251,0.9218311,0.9886136,0.9886136,0.00025584135,0.015995042,0.0006119859
2013-09-20,7.32371e-06,0.065747015,0.92264026,0.9883873,0.9883873,0.0002597065,0.016115412,0.0006306631
2013-09-23,7.4571126e-06,0.06452747,0.92392343,0.9884509,0.9884509,0.0002647128,0.016269997,0.00064568693
2013-09-24,7.36544e-06,0.06532061,0.92308486,0.98840547,0.98840547,0.0002594269,0.016106734,0.00063525105
2013-09-25,7.1240056e-06,0.065663,0.92300135,0.9886643,0.9886643,0.00024827447,0.015756728,0.0006284591
2013-09-26,7.240365e-06,0.06551105,0.9230183,0.9885293,0.9885293,0.00023779832,0.015420711,0.0006312065
2013-09-27,7.166619e-06,0.06579027,0.9227688,0.98855907,0.98855907,0.00022747187,0.01508217,0.0006264016
2013-09-30,7.402717e-06,0.0651854,0.9232155,0.9884009,0.98840094,0.00021728191,0.014740486,0.0006382135
2013-10-01,7.3986425e-06,0.064832315,0.9236271,0.9884594,0.9884594,0.00020997362,0.014490467,0.0006410973
2013-10-02,7.3846604e-06,0.06484575,0.92362463,0.9884704,0.9884704,0.00020194949,0.014210893,0.00064049446
2013-10-03,7.226333e-06,0.06545355,0.9231164,0.9885699,0.9885699,0.00021920104,0.01480544,0.0006322204
2013-10-04,7.1577742e-06,0.06580495,0.9227756,0.9885806,0.9885806,0.00021361404,0.014615541,0.0006268074
2013-10-07,7.26322e-06,0.06563569,0.92283493,0.9884706,0.9884706,0.00020584195,0.014347193,0.0006299746
2013-10-08,7.292208e-06,0.06556893,0.92288285,0.9884518,0.9884518,0.0002014951,0.014194897,0.00063145725
2013-10-09,7.25876e-06,0.06552471,0.92297333,0.98849803,0.98849803,0.00019441434,0.013943254,0.0006310885
2013-10-10,7.3688425e-06,0.064891174,0.92362094,0.9885121,0.9885121,0.00020929692,0.014467098,0.00064144377
2013-10-11,6.965444e-06,0.06693503,0.92168665,0.9886217,0.9886217,0.00021241166,0.014574349,0.00061216974
2013-10-14,7.397286e-06,0.065277494,0.9231271,0.98840463,0.98840463,0.00020929676,0.014467092,0.0006379518
2013-10-15,7.297633e-06,0.06515992,0.92333066,0.9884906,0.9884906,0.00020144017,0.014192962,0.0006340575
2013-10-16,7.3653687e-06,0.06485771,0.92366004,0.98851776,0.98851776,0.00020271582,0.01423783,0.00064145756
2013-10-17,7.143268e-06,0.06576901,0.9228385,0.9886075,0.9886075,0.0002015887,0.014198193,0.00062701636
2013-10-18,7.3523724e-06,0.06550723,0.92291576,0.988423,0.988423,0.0002104425,0.014506636,0.0006350839
2013-10-21,6.9541024e-06,0.06678273,0.921828,0.9886107,0.9886107,0.00020165992,0.014200701,0.00061058125
2013-10-22,7.1065824e-06,0.06619219,0.9223722,0.98856443,0.98856443,0.00021023845,0.014499602,0.0006214455
2013-10-23,7.1700724e-06,0.06619844,0.9223659,0.9885643,0.9885644,0.00021523733,0.014670969,0.0006269909
2013-10-24,7.422574e-06,0.065269075,0.9231178,0.98838687,0.98838687,0.00021218079,0.014566427,0.0006391536
2013-10-25,7.273517e-06,0.064819925,0.9237632,0.98858315,0.98858315,0.00020364767,0.014270517,0.000637086
2013-10-28,7.3203905e-06,0.065315455,0.9231392,0.98845464,0.9884547,0.00019890041,0.014103206,0.00063405477
2013-10-29,6.910941e-06,0.066953935,0.921766,0.98871994,0.98871994,0.00019533394,0.013976192,0.0006126688
2013-10-30,7.005053e-06,0.06686555,0.9217352,0.9886008,0.9886008,0.00018871442,0.013737337,0.0006145209
2013-10-31,7.2222047e-06,0.065883346,0.92260855,0.9884919,0.9884919,0.00019580942,0.0139931915,0.0006275754
2013-11-01,7.3248434e-06,0.0652318,0.9232644,0.9884962,0.9884962,0.0001890826,0.013750731,0.0006367316
2013-11-04,7.1730897e-06,0.066989414,0.92144,0.9884294,0.9884294,0.00020488923,0.014313952,0.0006199425
2013-11-05,7.144632e-06,0.06570537,0.92290145,0.9886068,0.9886068,0.00019596741,0.013998836,0.00062709674
2013-11-06,7.321647e-06,0.06520139,0.9233029,0.9885043,0.9885043,0.00020004381,0.014143685,0.0006369026
2013-11-07,7.307783e-06,0.065169744,0.9233568,0.9885265,0.9885265,0.00020661694,0.014374176,0.00063692837
2013-11-08,7.407329e-06,0.06512385,0.92328775,0.9884116,0.9884116,0.00020091701,0.01417452,0.00063920236
2013-11-11,7.178314e-06,0.06563321,0.9229424,0.9885756,0.9885756,0.00019395305,0.013926703,0.00062833057
2013-11-12,7.1960885e-06,0.06568145,0.92288345,0.9885649,0.9885649,0.00018813799,0.01371634,0.00062929874
2013-11-13,7.3948963e-06,0.0650922,0.9233725,0.9884647,0.9884647,0.00021424903,0.014637248,0.0006410674
2013-11-14,7.0926585e-06,0.066070035,0.92255694,0.98862696,0.98862696,0.00021020969,0.01449861,0.0006236377
2013-11-15,7.099341e-06,0.06637748,0.92220485,0.9885823,0.9885823,0.00020117516,0.014183623,0.00062178454
2013-11-18,7.2660628e-06,0.06582764,0.922619,0.9884466,0.9884466,0.00019264912,0.0138798095,0.00062891084
2013-11-19,7.2319676e-06,0.0653934,0.9231699,0.9885633,0.9885633,0.00019023068,0.013792414,0.00063234736
2013-11-20,7.0019432e-06,0.06670421,0.9219157,0.9886199,0.9886199,0.00018347097,0.013545145,0.0006152809
2013-11-21,7.076634e-06,0.066848524,0.9216699,0.9885184,0.9885184,0.00017615466,0.013272326,0.00061634654
2013-11-22,7.045399e-06,0.066612504,0.921987,0.9885995,0.9885995,0.0002021356,0.01421744,0.0006179892
2013-11-25,7.1706068e-06,0.06652679,0.9219377,0.9884645,0.9884645,0.00019626511,0.014009465,0.0006216108
2013-11-26,7.2889648e-06,0.06575146,0.92270064,0.98845214,0.9884521,0.0001925638,0.013876736,0.00063119596
2013-11-27,7.136936e-06,0.06608911,0.92245185,0.98854095,0.98854095,0.0001863622,0.013651454,0.00062282075
2013-11-29,7.299115e-06,0.06569115,0.9227666,0.9884578,0.9884578,0.00019407377,0.013931036,0.000632385
2013-12-02,7.21591e-06,0.0660118,0.9224504,0.9884622,0.9884622,0.00018759957,0.013696699,0.00062541524
2013-12-03,7.3257083e-06,0.06544763,0.92301506,0.9884627,0.9884627,0.00018908188,0.013750705,0.0006349579
2013-12-04,7.06413e-06,0.06667369,0.9219081,0.9885818,0.9885818,0.00021692141,0.014728252,0.00061867153
2013-12-05,7.1739837e-06,0.06632562,0.9221679,0.9884935,0.9884935,0.00021627855,0.014706412,0.0006234724
2013-12-06,7.24933e-06,0.06596932,0.92247105,0.98844033,0.9884404,0.00020679146,0.0143802455,0.0006271228
2013-12-09,7.2082153e-06,0.06564146,0.92293364,0.9885751,0.9885751,0.00019843093,0.014086552,0.00063092157
2013-12-10,7.2709236e-06,0.066014364,0.9223958,0.9884102,0.9884102,0.00019111365,0.013824386,0.000627354
2013-12-11,7.2124085e-06,0.06557019,0.9230047,0.98857486,0.98857486,0.00019260534,0.013878233,0.0006312754
2013-12-12,7.250567e-06,0.066066146,0.9223701,0.9884362,0.9884362,0.00019315378,0.013897978,0.00062700675
2013-12-13,7.2910543e-06,0.065504394,0.92295223,0.9884566,0.9884566,0.00018541924,0.013616873,0.0006316214
2013-12-16,7.1421405e-06,0.06591926,0.9226732,0.9885925,0.9885925,0.00018435073,0.013577582,0.00062609196
2013-12-17,6.9628395e-06,0.06683317,0.9218228,0.988656,0.9886559,0.00018237763,0.013504726,0.00061378966
2013-12-18,7.024851e-06,0.066517815,0.92210174,0.98861957,0.98861957,0.00017564827,0.013253236,0.00061727443
2013-12-19,6.71853e-06,0.06816945,0.9205576,0.9887271,0.9887271,0.0001711591,0.013082779,0.0005959891
2013-12-20,7.005328e-06,0.06741493,0.9211097,0.9885246,0.9885246,0.00017060353,0.013061528,0.00061046565
2013-12-23,6.8737563e-06,0.067483716,0.92120004,0.98868376,0.98868376,0.00016605419,0.012886202,0.00060742407
2013-12-24,6.9801254e-06,0.067208454,0.92136484,0.9885733,0.9885733,0.00016113445,0.012693875,0.0006108617
2013-12-26,6.60407e-06,0.068799295,0.9199746,0.98877394,0.98877394,0.00015600547,0.012490215,0.00058828044
2013-12-27,6.8099994e-06,0.068195745,0.9204381,0.9886339,0.9886339,0.00015077874,0.012279199,0.0005991485
2013-12-30,6.890087e-06,0.06781067,0.92080456,0.9886152,0.9886152,0.00014939459,0.012222708,0.00060520135
2013-12-31,6.9974385e-06,0.06723934,0.92129886,0.9885382,0.9885382,0.00015201289,0.01232935,0.00061050116
2014-01-02,6.6338644e-06,0.06847984,0.9203262,0.988806,0.988806,0.00015254055,0.012350731,0.0005926273
2014-01-03,7.1098525e-06,0.06777622,0.9205848,0.988361,0.988361,0.00021276408,0.014586435,0.0006108646
2014-01-06,7.2810785e-06,0.06542114,0.923073,0.98849416,0.98849416,0.00022004046,0.01483376,0.00063281576
2014-01-07,7.2167454e-06,0.06558159,0.9229708,0.9885524,0.98855233,0.00021266786,0.014583136,0.0006304151
2014-01-08,7.0928563e-06,0.06619216,0.9224278,0.9886199,0.9886199,0.00020385814,0.01427789,0.00062326965
2014-01-09,7.1488694e-06,0.06614837,0.92242837,0.98857677,0.98857677,0.00020933789,0.014468513,0.00062581856
2014-01-10,6.83112e-06,0.067427546,0.9213184,0.9887459,0.9887459,0.00020399004,0.014282508,0.00060699094
2014-01-13,7.1078002e-06,0.06630355,0.92227364,0.9885772,0.9885772,0.00020331965,0.01425902,0.00062224607
2014-01-14,7.3108317e-06,0.06591371,0.9224738,0.9883875,0.98838747,0.00020153608,0.01419634,0.0006295671
2014-01-15,7.4826103e-06,0.064650625,0.92376435,0.98841494,0.988415,0.00019779685,0.014064027,0.00064588466
2014-01-16,7.2405496e-06,0.06574258,0.92277133,0.9885139,0.98851395,0.00020819248,0.014428876,0.00063037424
2014-01-17,7.208055e-06,0.066078626,0.9224018,0.9884804,0.9884804,0.00019975593,0.014133504,0.00062572036
2014-01-21,6.9864864e-06,0.06669264,0.92195433,0.988647,0.988647,0.00019258268,0.013877416,0.00061538594
2014-01-22,7.2133325e-06,0.06602794,0.92248744,0.9885154,0.9885154,0.00018719446,0.013681903,0.00062808616
2014-01-23,7.157534e-06,0.06641452,0.92205477,0.9884693,0.9884693,0.00020108648,0.014180496,0.0006207373
2014-01-24,7.24558e-06,0.06606847,0.9223875,0.98845595,0.98845595,0.00019483744,0.013958419,0.00062764634
2014-01-27,6.8574504e-06,0.06871298,0.9197557,0.9884687,0.98846865,0.00019043394,0.013799781,0.0005946818
2014-01-28,6.959882e-06,0.067302994,0.9212823,0.9885853,0.9885853,0.00018861433,0.013733693,0.0006097294
2014-01-29,6.9592415e-06,0.06751074,0.92102796,0.9885387,0.9885387,0.00020078488,0.014169858,0.00060719386
2014-01-30,6.8323498e-06,0.06881517,0.91966254,0.9884777,0.9884777,0.00019192588,0.013853732,0.0005929679
2014-01-31,6.6191546e-06,0.06897278,0.9198132,0.988786,0.988786,0.00018849784,0.013729451,0.0005902572
2014-02-03,6.7532037e-06,0.068979,0.9196033,0.9885823,0.9885823,0.00018419843,0.013571972,0.00059146865
2014-02-04,6.6992734e-06,0.069930464,0.9186444,0.98857486,0.98857486,0.00018475016,0.013592283,0.0005863626
2014-02-05,6.994225e-06,0.06720889,0.92131054,0.98851943,0.98851943,0.0001804712,0.013433957,0.0006092228
2014-02-06,6.939355e-06,0.06669975,0.9220599,0.98875964,0.98875964,0.00017346184,0.013170491,0.0006173604
2014-02-07,6.855762e-06,0.06720297,0.9215635,0.9887665,0.9887665,0.00016821691,0.012969846,0.0006102957
2014-02-10,6.7886535e-06,0.06775204,0.9210329,0.98878497,0.98878497,0.00018983934,0.01377822,0.0006053174
2014-02-11,6.8413665e-06,0.06768868,0.92100793,0.98869663,0.98869663,0.0001818023,0.013483408,0.0006052504
2014-02-12,6.7700626e-06,0.06828411,0.92038715,0.98867124,0.98867124,0.00017442273,0.01320692,0.0005975998
2014-02-13,7.1705936e-06,0.06585114,0.9227778,0.9886289,0.9886289,0.00016842937,0.012978034,0.0006305994
2014-02-14,6.8878203e-06,0.06788464,0.92067903,0.98856366,0.98856366,0.00016260608,0.012751709,0.0006022747
2014-02-18,7.03177e-06,0.06649707,0.92217577,0.98867285,0.98867285,0.00015663265,0.012515297,0.0006207891
2014-02-19,6.814818e-06,0.06839111,0.9202072,0.9885983,0.9885983,0.00018017665,0.013422989,0.00059770123
2014-02-20,6.839203e-06,0.068782374,0.91970277,0.98848516,0.98848516,0.00017734463,0.01331708,0.0005939467
2014-02-21,7.1035843e-06,0.0662382,0.92240644,0.98864466,0.98864466,0.00017105533,0.0130788125,0.0006255721
2014-02-24,6.985766e-06,0.067016475,0.92160803,0.9886245,0.9886245,0.000168376,0.012975978,0.000614107
2014-02-25,6.5436957e-06,0.068772264,0.9201589,0.9889312,0.9889312,0.00016442465,0.012822818,0.00059118273
2014-02-26,6.5486465e-06,0.069295086,0.9195169,0.988812,0.988812,0.00016459907,0.012829617,0.00058532925
2014-02-27,6.7356814e-06,0.06803789,0.9207477,0.98878556,0.98878556,0.00016148995,0.0127078695,0.000600626
2014-02-28,6.7355386e-06,0.068153694,0.92059034,0.988744,0.988744,0.00015572493,0.012478979,0.00059839647
2014-03-03,6.7181486e-06,0.06834812,0.9203803,0.9887284,0.9887284,0.00015027227,0.012258559,0.0005960246
2014-03-04,6.143456e-06,0.072017305,0.9169816,0.9889989,0.9889989,0.00017876958,0.013370474,0.00055843964
2014-03-05,6.8264294e-06,0.06846868,0.9201094,0.9885781,0.9885781,0.00018739326,0.013689166,0.0005976605
2014-03-06,7.115295e-06,0.066260114,0.9223535,0.9886136,0.9886136,0.00020293609,0.014245564,0.00062489446
2014-03-07,6.98564e-06,0.06702298,0.9216116,0.9886346,0.9886346,0.00019434147,0.013940641,0.0006146402
2014-03-10,6.975682e-06,0.06680029,0.9218911,0.9886914,0.9886914,0.00019247094,0.01387339,0.00061684696
2014-03-11,7.086269e-06,0.06660236,0.9219834,0.98858577,0.98858577,0.0001986,0.014092552,0.0006208276
2014-03-12,7.05657e-06,0.066309415,0.92237824,0.98868763,0.98868763,0.0001983629,0.014084137,0.00062379264
2014-03-13,7.1245604e-06,0.0661315,0.92250395,0.9886354,0.9886354,0.00021882892,0.014792867,0.0006269093
2014-03-14,6.995123e-06,0.0667077,0.9219619,0.9886696,0.98866963,0.00020923448,0.01446494,0.00061737513
2014-03-17,6.975039e-06,0.06692656,0.9217289,0.98865545,0.98865545,0.00020295304,0.014246159,0.000614836
2014-03-18,7.091914e-06,0.06700086,0.9214815,0.98848236,0.98848236,0.00019883602,0.014100922,0.00061574345
2014-03-19,7.0484166e-06,0.066236705,0.9224479,0.98868465,0.98868465,0.00020777778,0.014414499,0.00062290777
2014-03-20,6.9778494e-06,0.06708533,0.9215262,0.9886115,0.9886115,0.00020147633,0.014194236,0.0006127112
2014-03-21,7.054287e-06,0.06640008,0.9222859,0.98868597,0.98868597,0.0001988878,0.014102759,0.0006234988
2014-03-24,6.953418e-06,0.0668686,0.9218331,0.9887017,0.9887017,0.00019048597,0.013801665,0.0006154394
2014-03-25,6.999799e-06,0.06672026,0.92193717,0.9886574,0.9886574,0.00018264097,0.013514473,0.00061712554
2014-03-26,7.0366914e-06,0.06683813,0.9217636,0.98860174,0.98860174,0.00017665347,0.013291105,0.00061734807
2014-03-27,7.086796e-06,0.066077486,0.92259854,0.988676,0.988676,0.00017722622,0.013312634,0.0006258215
2014-03-28,6.941788e-06,0.06723514,0.92140687,0.98864204,0.988642,0.00017705062,0.013306037,0.0006111825
2014-03-31,7.055247e-06,0.06632381,0.9223474,0.98867124,0.98867124,0.00017095127,0.013074834,0.00062277325
2014-04-01,6.936522e-06,0.06699528,0.92170733,0.9887026,0.9887026,0.00016481547,0.012838048,0.0006139925
2014-04-02,7.0356245e-06,0.06666255,0.92199147,0.988654,0.988654,0.0001818223,0.01348415,0.0006200983
2014-04-03,7.062279e-06,0.06641796,0.92221045,0.98862845,0.9886284,0.00017481286,0.013221681,0.0006210479
2014-04-04,6.966447e-06,0.06687051,0.9217966,0.98866713,0.98866713,0.00017105235,0.013078698,0.00061471167
2014-04-07,7.0441342e-06,0.06642878,0.9222422,0.988671,0.988671,0.00016913988,0.013005379,0.00062177924
2014-04-08,7.1093004e-06,0.066324554,0.92228794,0.9886125,0.9886125,0.00016645987,0.012901933,0.0006243059
2014-04-09,6.9178936e-06,0.06718139,0.9215197,0.9887011,0.9887011,0.00018891323,0.01374457,0.00061226287
2014-04-10,7.050947e-06,0.06659067,0.9220515,0.98864216,0.98864216,0.00018752471,0.013693966,0.0006207998
2014-04-11,7.0333053e-06,0.066616446,0.9220228,0.98863924,0.98863924,0.00018027212,0.013426545,0.0006190873
2014-04-14,7.056938e-06,0.06636026,0.9223096,0.9886698,0.9886698,0.0001738658,0.013185819,0.0006228439
2014-04-15,6.8573218e-06,0.067388184,0.92135286,0.98874104,0.98874104,0.00016791526,0.012958212,0.00060905464
2014-04-16,6.8741815e-06,0.067444265,0.9212618,0.98870605,0.98870605,0.0001622249,0.012736754,0.00060866063
2014-04-17,6.9470757e-06,0.067095935,0.92158526,0.9886812,0.9886812,0.00015632714,0.012503085,0.00061376416
2014-04-21,6.8683794e-06,0.06764885,0.92099524,0.98864406,0.98864406,0.00015266161,0.01235563,0.0006048272
2014-04-22,6.853916e-06,0.067127936,0.92162925,0.9887572,0.9887572,0.00014748167,0.012144203,0.00060962676
2014-04-23,7.020101e-06,0.066851385,0.92178476,0.98863614,0.98863614,0.00017507278,0.0132315075,0.0006177565
2014-04-24,7.0635756e-06,0.066355236,0.9222891,0.9886443,0.9886443,0.00017169137,0.013103105,0.0006220292
2014-04-25,6.951277e-06,0.06708894,0.9215646,0.98865354,0.98865354,0.00016686515,0.012917629,0.0006126384
2014-04-28,7.111141e-06,0.06628158,0.9223255,0.98860705,0.98860705,0.00017290175,0.013149211,0.00062417024
2014-04-29,7.115948e-06,0.066677555,0.92183685,0.9885144,0.9885144,0.00016688768,0.012918501,0.0006195551
2014-04-30,7.0704214e-06,0.06621925,0.9224332,0.98865247,0.98865247,0.00016208857,0.012731401,0.00062308006
2014-05-01,7.2143807e-06,0.06602321,0.9224936,0.9885168,0.9885168,0.00017261972,0.013138482,0.00062825566
2014-05-02,7.1385102e-06,0.06626455,0.9222972,0.98856175,0.98856175,0.00016724161,0.0129321925,0.0006240911
2014-05-05,7.027655e-06,0.06642506,0.92223686,0.98866194,0.98866194,0.0001620533,0.012730015,0.000619829
2014-05-06,7.1624204e-06,0.066096164,0.9224583,0.9885545,0.9885545,0.00015709667,0.012533821,0.00062578364
2014-05-07,7.20173e-06,0.06597476,0.9225621,0.9885369,0.9885369,0.00015207764,0.012331977,0.000628253
2014-05-08,7.07548e-06,0.06612119,0.9225508,0.988672,0.988672,0.00015772047,0.012558681,0.00062460196
2014-05-09,7.039013e-06,0.066398084,0.9222764,0.98867446,0.98867446,0.00015444643,0.012427648,0.00062151684
2014-05-12,7.0670217e-06,0.06632026,0.9223248,0.988645,0.988645,0.00015005324,0.012249622,0.00062237185
2014-05-13,6.962335e-06,0.06662612,0.9220909,0.988717,0.988717,0.00014765329,0.012151267,0.00061706523
2014-05-14,6.929923e-06,0.067093596,0.921607,0.9887006,0.9887006,0.00015079184,0.012279733,0.00061330164
2014-05-15,6.908431e-06,0.067147434,0.9215553,0.9887027,0.9887027,0.0001485876,0.012189651,0.00061151246
2014-05-16,7.1509e-06,0.06625872,0.9222965,0.98855525,0.98855525,0.00014900835,0.012206898,0.00062481937
2014-05-19,6.988305e-06,0.066497505,0.9221954,0.9886929,0.9886929,0.0001461534,0.012089392,0.00061804464
2014-05-20,7.023715e-06,0.06666615,0.92195284,0.98861897,0.98861897,0.00014380261,0.011991773,0.0006171423
2014-05-21,7.0961555e-06,0.06648147,0.9221042,0.98858565,0.98858565,0.00013984268,0.01182551,0.0006216873
2014-05-22,7.0769715e-06,0.06611019,0.9225732,0.9886834,0.9886834,0.00015211738,0.012333588,0.00062536215
2014-05-23,6.8502395e-06,0.06718215,0.92158055,0.9887627,0.98876274,0.00014818704,0.01217321,0.0006095971
2014-05-27,6.8910795e-06,0.06739308,0.9212798,0.98867285,0.98867285,0.00014554194,0.012064076,0.0006083685
2014-05-28,7.091488e-06,0.06663483,0.9219215,0.9885563,0.9885563,0.000141411,0.011891636,0.00061968627
2014-05-29,7.254032e-06,0.06557484,0.9229562,0.98853105,0.98853105,0.00014993048,0.01224461,0.0006324933
2014-05-30,7.0908973e-06,0.06604363,0.92261606,0.9886597,0.9886597,0.0001499348,0.012244787,0.00062528194
2014-06-02,7.1189393e-06,0.06603858,0.92258084,0.98861945,0.98861945,0.00015039106,0.012263403,0.00062553544
2014-06-03,7.1850563e-06,0.066150464,0.922349,0.98849946,0.98849946,0.00014630563,0.012095686,0.0006247583
2014-06-04,7.1146574e-06,0.06593395,0.92270005,0.988634,0.988634,0.00014230228,0.011929052,0.00062595913
2014-06-05,7.1633317e-06,0.06586605,0.92272377,0.9885898,0.9885898,0.00013842934,0.0117656,0.000627802
2014-06-06,6.9269295e-06,0.06697459,0.9216984,0.988673,0.988673,0.00013510836,0.011623613,0.0006115399
2014-06-09,7.144085e-06,0.06598235,0.9226045,0.98858684,0.98858684,0.00013161016,0.011472147,0.0006259517
2014-06-10,6.8547743e-06,0.067067206,0.9217148,0.988782,0.988782,0.00014689221,0.01211991,0.00061105075
2014-06-11,6.924287e-06,0.06698657,0.9217357,0.98872226,0.98872226,0.00014229184,0.011928614,0.0006139785
2014-06-12,6.7506126e-06,0.067772694,0.921002,0.98877466,0.98877466,0.00013808363,0.011750899,0.0006013725
2014-06-13,6.4553988e-06,0.07049371,0.9182042,0.9886979,0.9886979,0.00016092313,0.012685548,0.0005711674
2014-06-16,7.1348086e-06,0.06635795,0.9222084,0.9885664,0.9885664,0.00015499389,0.012449654,0.0006240211
2014-06-17,6.8952945e-06,0.06711396,0.9215946,0.98870856,0.98870856,0.00015007878,0.012250665,0.0006106654
2014-06-18,6.8619156e-06,0.067523874,0.9211733,0.9886972,0.9886972,0.0001470941,0.012128236,0.0006070972
2014-06-19,6.8573418e-06,0.06749174,0.92120135,0.9886931,0.9886931,0.00014339431,0.011974736,0.00060647505
2014-06-20,6.7124465e-06,0.06812101,0.9206461,0.9887671,0.9887671,0.00014008317,0.011835674,0.00059756957
2014-06-23,6.913437e-06,0.06737939,0.9212858,0.9886652,0.9886652,0.00013954207,0.011812792,0.0006099315
2014-06-24,6.938141e-06,0.06708686,0.9215622,0.9886491,0.9886491,0.00014283307,0.011951279,0.00061123987
2014-06-25,6.8226586e-06,0.067936175,0.9207229,0.9886591,0.9886591,0.00013873048,0.01177839,0.0006015968
2014-06-26,7.198583e-06,0.06615206,0.9223551,0.98850715,0.98850715,0.00013574466,0.011650951,0.00062635326
2014-06-27,6.8818963e-06,0.06703062,0.92170304,0.98873365,0.98873365,0.0001351595,0.011625811,0.0006108363
2014-06-30,6.8536337e-06,0.06739516,0.92129624,0.9886914,0.9886914,0.0001315527,0.011469643,0.00060605444
2014-07-01,7.196517e-06,0.06603652,0.9224957,0.98853225,0.98853225,0.0001289971,0.011357689,0.00062754366
2014-07-02,7.039302e-06,0.06684819,0.9217191,0.98856723,0.98856723,0.00012621385,0.011234494,0.0006157129
2014-07-03,7.084171e-06,0.06611606,0.9225388,0.98865485,0.98865485,0.00012813004,0.011319454,0.000624423
2014-07-07,7.0439332e-06,0.06639443,0.9222189,0.98861337,0.98861337,0.00012649251,0.011246889,0.00061861426
2014-07-08,6.89826e-06,0.067069724,0.92165494,0.98872465,0.98872465,0.00012559416,0.01120688,0.0006118
2014-07-09,7.032558e-06,0.0666498,0.9219962,0.988646,0.988646,0.00012280258,0.011081632,0.00061938877
2014-07-10,7.1245413e-06,0.06623673,0.92233604,0.9885728,0.9885728,0.00012836665,0.0113299005,0.00062347087
2014-07-11,6.860728e-06,0.06725544,0.92146945,0.9887249,0.9887249,0.00012790544,0.011309529,0.0006084842
2014-07-14,7.2697835e-06,0.0660781,0.9223658,0.98844385,0.98844385,0.00015396319,0.01240819,0.0006290836
2014-07-15,7.0576652e-06,0.06622783,0.92241055,0.9886384,0.9886384,0.00014930051,0.012218859,0.0006211859
2014-07-16,7.220513e-06,0.06594248,0.92260325,0.9885457,0.9885457,0.00015100183,0.012288281,0.0006303766
2014-07-17,7.156859e-06,0.06604817,0.9224897,0.98853785,0.98853785,0.0001561746,0.012496984,0.0006243905
2014-07-18,7.0647843e-06,0.06629659,0.92239374,0.9886903,0.9886903,0.00017566318,0.013253799,0.00062466686
2014-07-21,7.0181545e-06,0.06659689,0.9220137,0.98861057,0.98861057,0.00016913997,0.013005382,0.0006161987
2014-07-22,6.84371e-06,0.06701669,0.92176104,0.9887777,0.98877776,0.00017568585,0.013254654,0.0006098311
2014-07-23,6.9923253e-06,0.06710752,0.921551,0.9886585,0.9886585,0.00016901718,0.013000661,0.00061652495
2014-07-24,7.083297e-06,0.0666254,0.9219266,0.98855203,0.98855203,0.00017368696,0.013179035,0.0006187385
2014-07-25,7.1808113e-06,0.066183455,0.92230076,0.9884842,0.9884842,0.00017451734,0.013210501,0.00062356185
2014-07-28,6.855151e-06,0.06769784,0.9209836,0.98868144,0.98868144,0.0001681384,0.012966819,0.0006056555
2014-07-29,7.1537934e-06,0.06594702,0.9226267,0.9885737,0.9885737,0.0001629952,0.012766957,0.00062607974
2014-07-30,7.0305646e-06,0.0668567,0.9217214,0.9885781,0.9885781,0.00016090611,0.012684877,0.0006155327
2014-07-31,7.292319e-06,0.06550388,0.92299473,0.9884986,0.9884986,0.00015880239,0.012601682,0.00063403905
2014-08-01,7.3236547e-06,0.065434046,0.9230222,0.98845625,0.98845625,0.00018387576,0.01356008,0.0006344259
2014-08-04,7.286476e-06,0.066125706,0.92225975,0.98838544,0.98838544,0.00017771372,0.013330931,0.000627357
2014-08-05,7.2193134e-06,0.065696724,0.922807,0.9885037,0.9885037,0.00017221215,0.013122963,0.0006279681
2014-08-06,7.403923e-06,0.06490629,0.92355496,0.98846126,0.98846126,0.0001721167,0.013119326,0.0006416576
2014-08-07,7.106114e-06,0.06617791,0.9223967,0.9885746,0.9885746,0.00016796846,0.012960264,0.00062195887
2014-08-08,7.042459e-06,0.066244796,0.9224305,0.9886753,0.9886753,0.00016314446,0.012772801,0.00062186696
2014-08-11,7.2776475e-06,0.06570409,0.9227547,0.9884588,0.9884588,0.00015810506,0.0125739835,0.0006305805
2014-08-12,7.2644393e-06,0.06532377,0.9232069,0.9885307,0.9885307,0.00015430446,0.012421935,0.00063338096
2014-08-13,7.35763e-06,0.06499647,0.92351043,0.9885069,0.9885069,0.00015339734,0.012385368,0.00064017874
2014-08-14,6.7588267e-06,0.067778274,0.9209876,0.9887659,0.9887659,0.00014928651,0.012218286,0.0006016347
2014-08-15,7.202905e-06,0.067602195,0.92069876,0.988301,0.988301,0.0001742815,0.013201572,0.00061568443
2014-08-18,6.980228e-06,0.06629643,0.922423,0.9887194,0.98871946,0.0001898374,0.013778149,0.00061878184
2014-08-19,7.2360153e-06,0.065921076,0.9225474,0.98846847,0.98846847,0.00018864224,0.0137347095,0.0006274982
2014-08-20,7.110006e-06,0.06597591,0.9226054,0.9885813,0.9885813,0.00020886277,0.014452085,0.00062266336
2014-08-21,7.2363637e-06,0.065572076,0.92299974,0.9885718,0.9885718,0.00021766256,0.014753391,0.00063320366
2014-08-22,7.184268e-06,0.06596006,0.92257184,0.9885319,0.9885319,0.00024117611,0.015529846,0.000626456
2014-08-25,7.3411993e-06,0.0650236,0.923489,0.9885126,0.9885126,0.00023051452,0.015182705,0.000639064
2014-08-26,7.205282e-06,0.065788314,0.9227136,0.9885019,0.9885019,0.00022099134,0.014865777,0.0006266502
2014-08-27,7.2570915e-06,0.06534272,0.9232188,0.9885615,0.9885615,0.0002129029,0.014591193,0.00063444494
2014-08-28,7.2450134e-06,0.06578584,0.92268425,0.9884701,0.9884701,0.00020381309,0.014276313,0.0006283662
2014-08-29,7.4042605e-06,0.06479843,0.92366487,0.9884633,0.9884633,0.00019840796,0.014085736,0.0006417996
2014-09-02,7.2681337e-06,0.06514226,0.9234197,0.988562,0.988562,0.0002044118,0.014297266,0.0006354368
2014-09-03,6.7061974e-06,0.072484806,0.9156927,0.9881775,0.9881775,0.00026637115,0.01632088,0.0005672392
2014-09-04,6.8519976e-06,0.06750619,0.92113715,0.98864335,0.98864335,0.00030744218,0.017534029,0.0006033466
2014-09-05,7.4145064e-06,0.06512166,0.9233148,0.98843646,0.98843646,0.0002993094,0.017300561,0.00064119697
2014-09-08,7.4657564e-06,0.06447192,0.9239881,0.98846,0.98846,0.00029410326,0.01714944,0.0006469462
2014-09-09,7.4524382e-06,0.06489035,0.9234985,0.98838884,0.98838884,0.00028238568,0.016804336,0.0006418339
2014-09-10,7.5158723e-06,0.0643979,0.92401004,0.9884079,0.98840797,0.00026827,0.01637895,0.00064836215
2014-09-11,7.568737e-06,0.0639137,0.9245271,0.9884408,0.9884408,0.00026459745,0.016266452,0.000654781
2014-09-12,7.3212555e-06,0.06486329,0.92372274,0.988586,0.988586,0.0002619232,0.016184041,0.00064142817
2014-09-15,7.4272198e-06,0.06460595,0.92385054,0.9884565,0.9884565,0.0002518312,0.01586919,0.0006434107
2014-09-16,7.4621325e-06,0.064407125,0.9240359,0.988443,0.988443,0.00024305287,0.015590153,0.0006456817
2014-09-17,7.328194e-06,0.064998835,0.92351496,0.98851377,0.9885138,0.00025947852,0.016108338,0.00063799805
2014-09-18,7.4680825e-06,0.064268924,0.9242258,0.98849475,0.98849475,0.00024864994,0.015768638,0.0006491024
2014-09-19,7.283116e-06,0.06506567,0.9234865,0.98855215,0.98855215,0.00025105008,0.01584456,0.0006361996
2014-09-22,6.9359917e-06,0.06652834,0.9221791,0.9887074,0.9887074,0.00024264416,0.01557704,0.00061420805
2014-09-23,7.359379e-06,0.06520343,0.9232891,0.98849255,0.98849255,0.0002372389,0.015402561,0.00063953164
2014-09-24,7.1789636e-06,0.06538503,0.9232668,0.9886519,0.9886519,0.00022640206,0.015046663,0.00063261215
2014-09-25,7.270711e-06,0.065398924,0.9231169,0.98851585,0.98851585,0.00022762528,0.015087255,0.00063310855
2014-09-26,7.2840353e-06,0.06502491,0.9235435,0.9885684,0.9885684,0.00021804521,0.014766354,0.00063718564
2014-09-29,7.382889e-06,0.06528368,0.9231334,0.988417,0.988417,0.00021598933,0.014696576,0.0006373917
2014-09-30,7.3651827e-06,0.06489198,0.92357,0.988462,0.988462,0.00021426221,0.014637698,0.0006383398
2014-10-01,7.3364317e-06,0.06674533,0.9215365,0.98828185,0.98828185,0.00029390748,0.01714373,0.00062607403
2014-10-02,7.3191045e-06,0.06621633,0.92209303,0.9883094,0.9883094,0.00027982917,0.016728096,0.0006260666
2014-10-03,7.43205e-06,0.06466842,0.9238004,0.9884688,0.9884688,0.00026588287,0.016305916,0.00064451806
2014-10-06,7.5266103e-06,0.064472705,0.9238857,0.98835844,0.9883584,0.0002662623,0.016317546,0.00064652925
2014-10-07,7.2069442e-06,0.06524705,0.9233852,0.98863226,0.98863226,0.0002561844,0.016005762,0.00063398224
2014-10-08,7.437512e-06,0.065053664,0.92333966,0.9883933,0.9883933,0.00026233072,0.016196627,0.0006407951
2014-10-09,7.559819e-06,0.06447571,0.9239136,0.9883893,0.9883893,0.00027009108,0.016434448,0.0006511087
2014-10-10,7.5861485e-06,0.064322434,0.92403555,0.98835796,0.98835796,0.00027806967,0.016675422,0.00065161684
2014-10-13,7.473456e-06,0.06457847,0.923827,0.98840547,0.98840547,0.00026454002,0.016264686,0.0006445672
2014-10-14,7.5491294e-06,0.064073235,0.9243331,0.9884063,0.9884063,0.0002519512,0.01587297,0.0006511407
2014-10-15,7.3809747e-06,0.06706123,0.9211669,0.98822814,0.98822814,0.00038072135,0.019512082,0.0006270017
2014-10-16,7.5670637e-06,0.064145885,0.9242317,0.9883776,0.9883776,0.0003581522,0.018924909,0.0006510742
2014-10-17,7.4576137e-06,0.06440845,0.9240631,0.98847157,0.9884715,0.000346272,0.018608386,0.0006468888
2014-10-20,7.3004303e-06,0.06512545,0.9233756,0.9885011,0.9885011,0.0003274434,0.018095398,0.0006348792
2014-10-21,7.223426e-06,0.06580847,0.9226769,0.9884854,0.9884854,0.00030968763,0.017597944,0.00062732736
2014-10-22,7.2049565e-06,0.06638239,0.92210674,0.98848915,0.98848915,0.000293027,0.017118031,0.00062592747
2014-10-23,7.5834837e-06,0.06507214,0.9232239,0.98829603,0.98829603,0.00033050257,0.01817973,0.00064794126
2014-10-24,7.2893995e-06,0.06522399,0.9233125,0.9885365,0.9885365,0.00033638166,0.01834071,0.0006358778
2014-10-27,7.5896187e-06,0.064436175,0.9239057,0.98834187,0.98834187,0.00032972978,0.018158464,0.00065101497
2014-10-28,7.486521e-06,0.06451688,0.923933,0.98844993,0.98844993,0.00031223727,0.017670237,0.0006481798
2014-10-29,7.350165e-06,0.06515084,0.9233046,0.9884555,0.9884555,0.00029754319,0.01724944,0.0006366797
2014-10-30,7.375922e-06,0.0652861,0.9231309,0.988417,0.988417,0.00028770333,0.01696182,0.0006367902
2014-10-31,7.6054334e-06,0.06423584,0.92409915,0.988335,0.988335,0.00028479868,0.016875979,0.0006519882
2014-11-03,7.651026e-06,0.06383979,0.9245057,0.9883455,0.9883455,0.0002743184,0.01656256,0.0006564871
2014-11-04,7.474286e-06,0.06508848,0.9232588,0.9883473,0.9883473,0.00029310107,0.017120196,0.00064142054
2014-11-05,7.645464e-06,0.06402064,0.92431927,0.9883399,0.9883399,0.000305777,0.017486481,0.00065569463
2014-11-06,7.706377e-06,0.06344747,0.924888,0.9883355,0.9883355,0.00031310346,0.01769473,0.0006606687
2014-11-07,7.5016023e-06,0.06471591,0.92361283,0.98832875,0.98832875,0.00030372958,0.01742784,0.00064274226
2014-11-10,7.521517e-06,0.06455869,0.92381,0.9883687,0.9883687,0.00029352563,0.01713259,0.0006466612
2014-11-11,7.474258e-06,0.06505019,0.92332727,0.98837745,0.98837745,0.00029575007,0.017197385,0.00064308255
2014-11-12,7.572139e-06,0.06393616,0.92446727,0.98840344,0.98840344,0.00028348094,0.016836893,0.0006529642
2014-11-13,7.591554e-06,0.06377289,0.9246726,0.9884455,0.9884455,0.00027608228,0.016615724,0.0006570226
2014-11-14,7.1642444e-06,0.06876864,0.9194526,0.9882212,0.9882212,0.00036227668,0.019033568,0.00060823356
2014-11-17,7.3281813e-06,0.065416954,0.922978,0.9883949,0.9883949,0.00037124072,0.019267607,0.000631463
2014-11-18,7.3963865e-06,0.06559225,0.9227299,0.98832214,0.98832214,0.00035042258,0.018719578,0.00063336827
2014-11-19,7.5674225e-06,0.06400518,0.9243999,0.9884051,0.9884051,0.00034350422,0.018533867,0.0006526514
2014-11-20,7.584318e-06,0.06412438,0.9242145,0.9883389,0.9883389,0.00032512896,0.018031333,0.00065039407
2014-11-21,7.5833254e-06,0.064365104,0.92394274,0.98830783,0.98830783,0.00031904585,0.017861854,0.0006485817
2014-11-24,7.306849e-06,0.06505593,0.92350304,0.98855895,0.98855895,0.0003116189,0.017652731,0.00063865184
2014-11-25,7.2968746e-06,0.06548487,0.9229853,0.9884702,0.9884702,0.00030136816,0.017359959,0.0006328707
2014-11-26,7.5679004e-06,0.06444687,0.92387676,0.9883236,0.9883236,0.00031947336,0.017873818,0.00064813806
2014-11-28,7.756063e-06,0.063295364,0.9250133,0.98830867,0.98830867,0.0003047804,0.01745796,0.00066340284
2014-12-01,6.7238957e-06,0.075196065,0.91261417,0.98781025,0.98781025,0.0010304285,0.032100286,0.0005516026
2014-12-02,7.319932e-06,0.067054294,0.92114836,0.98820263,0.98820263,0.0010793958,0.03285416,0.0006204716
2014-12-03,7.2845396e-06,0.06874806,0.9193041,0.9880521,0.9880521,0.0010679052,0.03267882,0.0006096936
2014-12-04,7.496925e-06,0.06569914,0.9225252,0.9882244,0.9882244,0.000992588,0.031505365,0.0006366484
2014-12-05,7.4156737e-06,0.06638267,0.9218603,0.9882429,0.9882429,0.0009281958,0.030466305,0.00063074136
2014-12-08,7.638966e-06,0.065260515,0.92288774,0.9881483,0.9881483,0.00087774795,0.02962681,0.0006445445
2014-12-09,7.3056112e-06,0.06859478,0.9194828,0.98807764,0.98807764,0.0009414051,0.030682325,0.00061276555
2014-12-10,7.546714e-06,0.065230876,0.9229859,0.9882168,0.98821676,0.00088262564,0.029709017,0.00064046483
2014-12-11,7.437402e-06,0.06858978,0.91932344,0.98791325,0.98791325,0.0009627287,0.03102787,0.0006153352
2014-12-12,7.5248818e-06,0.06578858,0.9223822,0.98817074,0.98817074,0.00091143604,0.030189998,0.00063612463
2014-12-15,7.4913983e-06,0.06712061,0.920955,0.9880756,0.9880756,0.0009362841,0.03059876,0.00062824186
2014-12-16,7.582501e-06,0.06590588,0.9222403,0.9881462,0.9881462,0.0009457997,0.030753857,0.0006396676
2014-12-17,7.382e-06,0.0669159,0.9213108,0.98822665,0.98822665,0.0008798381,0.029662065,0.00062700943
2014-12-18,7.653212e-06,0.06463238,0.92352235,0.9881547,0.9881547,0.0008238618,0.028702993,0.00064609747
2014-12-19,7.50089e-06,0.067509025,0.92048943,0.9879984,0.9879985,0.0008876177,0.029792914,0.0006249922
2014-12-22,7.108756e-06,0.06837865,0.9198616,0.98824024,0.98824024,0.0009513338,0.0308437,0.0006044985
2014-12-23,7.030789e-06,0.06940919,0.9188639,0.9882731,0.9882731,0.0009176988,0.030293543,0.0005995429
2014-12-24,7.3216665e-06,0.06725861,0.9209275,0.9881861,0.9881861,0.0009252486,0.030417899,0.0006197513
2014-12-26,7.237466e-06,0.06963378,0.9183701,0.9880039,0.9880039,0.0008946861,0.029911304,0.00060331874
2014-12-29,7.5138173e-06,0.06625717,0.9218864,0.98814356,0.98814356,0.0008576331,0.029285373,0.0006337332
2014-12-30,7.359444e-06,0.06820515,0.91987145,0.98807657,0.98807657,0.00082713633,0.028759979,0.0006172253
2014-12-31,7.5066805e-06,0.06536267,0.9228749,0.9882376,0.9882376,0.00077402906,0.027821377,0.000638194
2015-01-02,7.2786024e-06,0.06741072,0.920872,0.9882827,0.9882827,0.0007387156,0.027179323,0.00062118325
2015-01-05,7.508571e-06,0.066301264,0.9218617,0.988163,0.988163,0.0006959758,0.026381353,0.00063433027
2015-01-06,7.314487e-06,0.06874085,0.9193072,0.988048,0.988048,0.00082728727,0.028762601,0.0006119894
2015-01-07,7.4467325e-06,0.0670952,0.9210238,0.988119,0.988119,0.0008968422,0.029947324,0.0006267769
2015-01-08,7.5109742e-06,0.06660715,0.92149997,0.9881071,0.9881071,0.00084790314,0.029118776,0.0006315503
2015-01-09,7.599615e-06,0.06546099,0.92268914,0.9881501,0.9881501,0.0007893163,0.028094774,0.0006413242
2015-01-12,7.5926832e-06,0.06588764,0.92225194,0.98813957,0.98813957,0.00074130285,0.027226876,0.0006401693
2015-01-13,7.2761413e-06,0.06906521,0.9189941,0.98805934,0.98805934,0.0008478423,0.029117731,0.0006093585
2015-01-14,7.358364e-06,0.0669576,0.92126447,0.98822206,0.98822206,0.00078762945,0.028064737,0.0006247583
2015-01-15,7.312272e-06,0.06838147,0.919566,0.98794746,0.98794746,0.00093306665,0.03054614,0.00060669985
2015-01-16,7.29851e-06,0.070174046,0.9176649,0.9878389,0.9878389,0.0010184997,0.031913944,0.0006001533
2015-01-20,7.087799e-06,0.0691627,0.91893554,0.9880982,0.98809826,0.0011257097,0.0335516,0.0005955235
2015-01-21,6.85282e-06,0.07275106,0.91525334,0.9880044,0.9880044,0.0012050902,0.03471441,0.00057127717
2015-01-22,7.1404247e-06,0.069301166,0.91877383,0.988075,0.988075,0.0011722076,0.03423752,0.00059877866
2015-01-23,7.3320443e-06,0.06830863,0.91971093,0.9880196,0.9880196,0.0011528434,0.033953547,0.00061200256
2015-01-26,7.335138e-06,0.067886576,0.92018163,0.9880682,0.9880682,0.0010849008,0.032937832,0.00061475654
2015-01-27,7.4228074e-06,0.06765114,0.92037183,0.988023,0.988023,0.0010123434,0.031817347,0.00061975425
2015-01-28,7.3207298e-06,0.06744745,0.92067826,0.9881257,0.9881257,0.00097619946,0.03124419,0.0006165179
2015-01-29,7.4119116e-06,0.06791054,0.92010117,0.9880117,0.9880117,0.001011333,0.031801462,0.00061826303
2015-01-30,7.3273804e-06,0.06725326,0.92095816,0.9882114,0.9882114,0.00093810575,0.030628512,0.00062156457
2015-02-02,6.7752626e-06,0.0718107,0.91623014,0.98804086,0.98804086,0.0012994183,0.036047444,0.00056653447
2015-02-03,6.7327114e-06,0.07156572,0.91666615,0.98823184,0.9882319,0.0012495326,0.03534873,0.0005721124
2015-02-04,6.7029796e-06,0.073054105,0.91492844,0.9879825,0.9879825,0.0014792795,0.038461402,0.00055776874
2015-02-05,6.6481175e-06,0.07804192,0.9093837,0.9874256,0.9874256,0.001964311,0.04432055,0.0005287036
2015-02-06,6.582202e-06,0.07431278,0.9136256,0.9879384,0.9879384,0.0019229145,0.043851048,0.0005457157
2015-02-09,6.8453837e-06,0.07241492,0.9155036,0.98791856,0.98791856,0.0018042669,0.042476665,0.0005666031
2015-02-10,6.8484546e-06,0.07243644,0.9154685,0.98790497,0.98790497,0.0016941687,0.04116028,0.0005662204
2015-02-11,6.9574967e-06,0.07273981,0.9150063,0.9877461,0.9877461,0.0017806252,0.042197455,0.00056777906
2015-02-12,7.1348677e-06,0.0706433,0.91718346,0.98782676,0.98782676,0.0016785291,0.040969856,0.00058611104
2015-02-13,6.6077096e-06,0.072619066,0.91548777,0.98810685,0.98810685,0.0017036821,0.041275684,0.0005555894
2015-02-17,6.937137e-06,0.071075454,0.91691995,0.9879954,0.9879954,0.0016314876,0.040391676,0.00057787256
2015-02-18,6.9816497e-06,0.07150786,0.9163819,0.98788977,0.98788977,0.0015165572,0.038943,0.0005765083
2015-02-19,7.3126116e-06,0.068745546,0.91920453,0.9879501,0.9879501,0.0014471259,0.038041107,0.0006068601
2015-02-20,7.251775e-06,0.06780536,0.9202995,0.9881048,0.9881048,0.001362893,0.03691738,0.0006096398
2015-02-23,6.9158777e-06,0.06992888,0.9182882,0.98821706,0.98821706,0.00127975,0.035773594,0.0005869397
2015-02-24,7.180887e-06,0.06778201,0.92043483,0.9882168,0.9882168,0.0012049442,0.034712307,0.0006094183
2015-02-25,6.922672e-06,0.0711315,0.91698265,0.9881141,0.9881141,0.0011171724,0.033424128,0.0005824282
2015-02-26,6.702032e-06,0.07086449,0.91741,0.9882745,0.9882745,0.0011129654,0.033361137,0.0005715782
2015-02-27,6.988244e-06,0.070489205,0.91757554,0.98806477,0.98806477,0.0012590494,0.035483085,0.0005855138
2015-03-02,6.64057e-06,0.07110679,0.91721195,0.98831874,0.98831874,0.0012355143,0.035149883,0.0005684807
2015-03-03,6.123213e-06,0.077131644,0.91122055,0.9883522,0.9883522,0.0011408217,0.033776052,0.000525696
2015-03-04,6.7218634e-06,0.07084829,0.91743195,0.98828024,0.98828024,0.0010716124,0.03273549,0.0005735494
2015-03-05,7.2214307e-06,0.06882783,0.91925097,0.9880788,0.9880788,0.0010169499,0.03188965,0.00060576235
2015-03-06,7.418049e-06,0.066950284,0.9211714,0.9881217,0.9881217,0.00095815235,0.030954037,0.00062450365
2015-03-09,7.3969477e-06,0.066511646,0.9216787,0.98819035,0.98819035,0.00092593447,0.030429171,0.0006263479
2015-03-10,7.101632e-06,0.06801518,0.9203397,0.98835486,0.98835486,0.000864645,0.029404847,0.00060983666
2015-03-11,7.2745843e-06,0.06802302,0.92010266,0.9881257,0.9881257,0.0008863623,0.029771836,0.00061263173
2015-03-12,7.4353834e-06,0.06592338,0.9223175,0.9882409,0.9882409,0.0008233245,0.028693631,0.0006323088
2015-03-13,7.392716e-06,0.06661632,0.92160493,0.9882212,0.9882212,0.00080403005,0.028355423,0.00062763045
2015-03-16,7.391922e-06,0.06761416,0.92047167,0.9880858,0.9880858,0.00090411154,0.030068448,0.00062042987
2015-03-17,7.461904e-06,0.066276684,0.9219001,0.98817676,0.98817676,0.0008719708,0.02952915,0.0006311219
2015-03-18,7.4802742e-06,0.0658058,0.9224192,0.988225,0.988225,0.00081776996,0.028596677,0.00063526654
2015-03-19,7.3967612e-06,0.06618398,0.9220011,0.9881851,0.9881851,0.000809776,0.028456563,0.00062605407
2015-03-20,7.381131e-06,0.066990025,0.92118675,0.98817676,0.98817676,0.0007710314,0.027767453,0.0006242902
2015-03-23,7.166364e-06,0.06811588,0.92009145,0.98820734,0.98820734,0.0008196284,0.028629154,0.000607697
2015-03-24,7.4461473e-06,0.06701345,0.9210648,0.98807824,0.98807824,0.00085405895,0.029224288,0.0006245844
2015-03-25,7.334762e-06,0.06706538,0.9211691,0.98823446,0.98823446,0.00079416024,0.028180849,0.00062341057
2015-03-26,7.203629e-06,0.06792369,0.92026645,0.9881901,0.9881901,0.0008206632,0.02864722,0.00060996605
2015-03-27,7.062094e-06,0.069161594,0.9190071,0.9881687,0.9881687,0.0008932557,0.029887384,0.00059690006
2015-03-30,7.0891992e-06,0.071373776,0.916489,0.98786277,0.98786277,0.0010099555,0.031779796,0.00058408687
2015-03-31,7.1700442e-06,0.06804062,0.92017376,0.9882144,0.9882144,0.00093392195,0.030560136,0.0006083719
2015-04-01,7.285143e-06,0.06825612,0.919806,0.98806214,0.98806214,0.00090152025,0.030025328,0.0006102555
2015-04-02,6.96472e-06,0.06999861,0.91810274,0.98810136,0.98810136,0.0010123097,0.031816814,0.00058533764
2015-04-06,7.2161356e-06,0.06986327,0.9180458,0.9879091,0.9879091,0.0009626764,0.031027026,0.00059682265
2015-04-07,6.676217e-06,0.0714155,0.9168081,0.9882236,0.9882236,0.0011343628,0.0336803,0.0005669155
2015-04-08,6.962666e-06,0.07093764,0.9170629,0.9880005,0.9880005,0.0011313907,0.033636153,0.0005802469
2015-04-09,6.904071e-06,0.07437541,0.9132263,0.9876017,0.9876017,0.0013770261,0.037108302,0.00055685616
2015-04-10,6.8193617e-06,0.07053874,0.9176862,0.988225,0.988225,0.0012681617,0.035611257,0.00057913817
2015-04-13,6.994703e-06,0.069777764,0.9183829,0.98816067,0.98816067,0.0011894708,0.034488704,0.0005908023
2015-04-14,7.241825e-06,0.06830102,0.9197921,0.98809314,0.98809314,0.0011011125,0.033183016,0.000608206
2015-04-15,7.0111832e-06,0.06926579,0.9189047,0.9881705,0.9881705,0.0010662044,0.032652784,0.0005926866
2015-04-16,6.6441626e-06,0.07193145,0.91622925,0.98816067,0.9881607,0.0012063405,0.034732413,0.00056119415
2015-04-17,7.2274584e-06,0.0685256,0.91952664,0.98805225,0.98805225,0.001114042,0.033377267,0.00060492207
2015-04-20,7.200688e-06,0.06824739,0.9198748,0.98812217,0.98812217,0.0010525825,0.032443527,0.000606229
2015-04-21,7.0950473e-06,0.06809085,0.9201996,0.9882904,0.9882904,0.0009839725,0.031368334,0.00060591864
2015-04-22,7.12306e-06,0.069225535,0.91886497,0.9880905,0.9880905,0.0009406152,0.03066945,0.0005980998
2015-04-23,7.2434264e-06,0.06677773,0.9215119,0.9882896,0.9882896,0.00088896026,0.029815437,0.00061854615
2015-04-24,6.870905e-06,0.068992585,0.9194088,0.98840135,0.9884014,0.000876958,0.029613476,0.0005923885
2015-04-27,7.291725e-06,0.066901214,0.9213448,0.988246,0.988246,0.00082077336,0.028649142,0.0006203624
2015-04-28,7.331461e-06,0.066362105,0.92191344,0.9882755,0.9882755,0.000764126,0.02764283,0.0006253127
2015-04-29,7.2989114e-06,0.06644413,0.92187214,0.98831624,0.9883163,0.00071185443,0.0266806,0.0006247056
2015-04-30,7.297796e-06,0.06663056,0.921606,0.98823655,0.98823655,0.0007086329,0.02662016,0.0006203787
2015-05-01,7.3044353e-06,0.06657136,0.92166936,0.9882407,0.9882407,0.00068084727,0.02609305,0.0006211634
2015-05-04,7.5480443e-06,0.06495496,0.9232992,0.98825413,0.98825413,0.00063942926,0.025286939,0.00064261263
2015-05-05,7.541529e-06,0.06490102,0.9233729,0.9882739,0.9882739,0.0005989535,0.024473527,0.00064314145
2015-05-06,7.165295e-06,0.066930085,0.9214499,0.98837996,0.98837996,0.0005992403,0.024479385,0.0006166323
2015-05-07,7.506829e-06,0.06526845,0.9229712,0.98823965,0.98823965,0.00056416896,0.02375224,0.0006383166
2015-05-08,7.5298385e-06,0.065809876,0.9223385,0.9881484,0.98814833,0.00060122117,0.024519812,0.00063534314
2015-05-11,7.425274e-06,0.06566421,0.92260325,0.9882675,0.9882675,0.0005656316,0.023783011,0.0006328798
2015-05-12,7.5492408e-06,0.06466127,0.9236605,0.9883218,0.9883218,0.00052972214,0.023015693,0.0006464377
2015-05-13,7.146071e-06,0.06737283,0.9209335,0.9883063,0.9883063,0.00053648354,0.023162114,0.0006111035
2015-05-14,7.630141e-06,0.064445585,0.92380095,0.9882465,0.98824656,0.0005024936,0.022416368,0.0006491804
2015-05-15,7.5791877e-06,0.06451265,0.9237972,0.98830986,0.98830986,0.00047899224,0.02188589,0.0006483402
2015-05-18,7.6040947e-06,0.064182185,0.9241718,0.98835397,0.98835397,0.0004508238,0.021232612,0.00065293437
2015-05-19,7.543562e-06,0.06446815,0.92389923,0.9883674,0.9883674,0.00042560295,0.020630147,0.0006484834
2015-05-20,7.5560993e-06,0.06492285,0.92333794,0.9882608,0.9882608,0.00049110275,0.022160837,0.0006436642
2015-05-21,7.3452284e-06,0.06582735,0.92250633,0.9883337,0.9883337,0.0005169659,0.022736885,0.0006296109
2015-05-22,7.3806427e-06,0.0659844,0.92227805,0.9882625,0.9882624,0.0005389879,0.023216113,0.0006288074
2015-05-26,7.561405e-06,0.065077074,0.9231455,0.98822254,0.98822254,0.0005231994,0.022873553,0.00064202334
2015-05-27,7.5380517e-06,0.0657834,0.9223757,0.98815906,0.98815906,0.00054507353,0.02334681,0.0006366093
2015-05-28,7.63161e-06,0.064649194,0.92359054,0.98823977,0.98823977,0.00051591644,0.022713793,0.00064893346
2015-05-29,7.2784915e-06,0.06569305,0.9227786,0.9884717,0.9884716,0.00048460314,0.022013703,0.0006313579
2015-06-01,6.790229e-06,0.069308564,0.91914195,0.9884505,0.9884505,0.0005827038,0.024139259,0.00058792543
2015-06-02,7.513088e-06,0.06579978,0.9223907,0.9881905,0.9881905,0.0005426274,0.023294365,0.00063618866
2015-06-03,7.3442197e-06,0.06599567,0.92231977,0.98831546,0.98831546,0.000527531,0.022968043,0.0006285418
2015-06-04,7.569797e-06,0.06557898,0.9225965,0.9881755,0.9881755,0.00054214586,0.023284025,0.00064017967
2015-06-05,7.647646e-06,0.06558938,0.92250824,0.9880976,0.9880976,0.0005596135,0.023656152,0.0006425302
2015-06-08,7.285591e-06,0.06622733,0.92212605,0.9883534,0.9883534,0.00054771616,0.023403337,0.00062555366
2015-06-09,7.6117412e-06,0.06492142,0.9232734,0.9881948,0.9881948,0.0005317661,0.023060054,0.00064477994
2015-06-10,7.0870415e-06,0.0678791,0.9204036,0.9882827,0.9882827,0.00057179696,0.023912277,0.0006048347
2015-06-11,7.268687e-06,0.06673312,0.9215278,0.9882609,0.9882609,0.0005632627,0.023733158,0.00061918737
2015-06-12,7.5431876e-06,0.06522709,0.9230044,0.9882315,0.9882315,0.00053446495,0.023118498,0.00064096315
2015-06-15,7.544871e-06,0.064822935,0.9234729,0.9882958,0.9882958,0.0005130221,0.022649992,0.000644629
2015-06-16,7.604442e-06,0.06459418,0.92365384,0.98824805,0.988248,0.0004850545,0.022023953,0.0006470792
2015-06-17,7.563071e-06,0.06440412,0.9239351,0.98833925,0.98833925,0.00045906327,0.021425761,0.0006485919
2015-06-18,7.687617e-06,0.063941985,0.9243399,0.98828185,0.98828185,0.0004317818,0.02077936,0.00065604335
2015-06-19,7.2659163e-06,0.06564127,0.92282104,0.9884623,0.9884623,0.0004114948,0.020285334,0.0006297559
2015-06-22,7.545371e-06,0.06477452,0.9235181,0.98829263,0.98829263,0.00040029665,0.020007415,0.00064449775
2015-06-23,7.5927796e-06,0.06406157,0.9243349,0.98839647,0.98839647,0.00037728326,0.019423781,0.0006543506
2015-06-24,7.2400017e-06,0.066240706,0.9221836,0.9884243,0.9884243,0.0003867806,0.019666739,0.00062544836
2015-06-25,7.748343e-06,0.06358201,0.9246978,0.9882798,0.9882798,0.00037417622,0.019343635,0.0006611112
2015-06-26,7.6988e-06,0.063835226,0.92445767,0.9882929,0.9882929,0.000359781,0.018967893,0.0006576165
2015-06-29,7.582244e-06,0.06368612,0.9247804,0.98846656,0.98846656,0.00034042826,0.018450698,0.00065741397
2015-06-30,7.772839e-06,0.063461564,0.9248112,0.9882727,0.9882727,0.00035401873,0.018815385,0.0006628002
2015-07-01,7.2677817e-06,0.0659188,0.9225027,0.9884215,0.9884215,0.00035836644,0.01893057,0.0006276963
2015-07-02,7.5072494e-06,0.066499636,0.9216197,0.98811936,0.98811936,0.00046180072,0.02148955,0.0006318895
2015-07-06,7.578341e-06,0.06420258,0.9241148,0.98831743,0.9883174,0.0004331508,0.020812275,0.0006486878
2015-07-07,7.155664e-06,0.07101703,0.91685957,0.9878766,0.9878766,0.0008257323,0.028735558,0.00059023546
2015-07-08,7.47184e-06,0.065195955,0.92310125,0.9882972,0.9882972,0.0007654027,0.027665911,0.0006384673
2015-07-09,7.6028064e-06,0.064827375,0.92342675,0.98825413,0.98825413,0.0007255795,0.026936583,0.00064727484
2015-07-10,7.677109e-06,0.0644887,0.92369187,0.9881806,0.9881806,0.00070732133,0.026595514,0.0006495334
2015-07-13,7.770866e-06,0.0642199,0.92393714,0.98815703,0.98815703,0.0006610881,0.025711633,0.0006561588
2015-07-14,7.6171427e-06,0.06507063,0.9231007,0.98817134,0.98817134,0.0006256954,0.025013903,0.0006439565
2015-07-15,7.743871e-06,0.06356279,0.9247248,0.9882876,0.9882876,0.00060128863,0.024521187,0.0006611701
2015-07-16,7.5207868e-06,0.06656551,0.9215262,0.9880917,0.9880917,0.00062664814,0.025032941,0.00063155877
2015-07-17,7.582694e-06,0.06409174,0.92426574,0.9883575,0.9883575,0.00059166545,0.024324175,0.00065129343
2015-07-20,7.684108e-06,0.0634953,0.92484045,0.9883357,0.9883357,0.0005544643,0.023547066,0.00065877306
2015-07-21,7.5586663e-06,0.064034626,0.9243694,0.98840404,0.98840404,0.00053454546,0.02312024,0.00065183593
2015-07-22,7.693803e-06,0.06365359,0.9246812,0.9883348,0.9883348,0.00050267036,0.022420311,0.00065955037
2015-07-23,7.721603e-06,0.06395052,0.9243007,0.9882512,0.9882512,0.0005083935,0.022547584,0.0006572253
2015-07-24,7.673201e-06,0.063757405,0.92459303,0.98835045,0.98835045,0.0004927891,0.022198854,0.0006586694
2015-07-27,7.692365e-06,0.06373409,0.92460406,0.9883382,0.9883382,0.00046612814,0.021590002,0.00065961917
2015-07-28,7.764834e-06,0.06353889,0.9247661,0.98830503,0.98830503,0.00045487104,0.021327706,0.00066394656
2015-07-29,7.813225e-06,0.06305855,0.92525387,0.9883124,0.9883124,0.00043777045,0.020922964,0.00066850684
2015-07-30,7.760054e-06,0.06330617,0.92498535,0.9882915,0.9882915,0.00043003575,0.020737303,0.0006627711
2015-07-31,7.5626403e-06,0.06410616,0.9243065,0.9884127,0.9884127,0.00040765732,0.020190526,0.0006526651
2015-08-03,7.793157e-06,0.06348608,0.9248235,0.9883096,0.9883096,0.00044021496,0.0209813,0.00066663005
2015-08-04,7.152875e-06,0.07008719,0.9179192,0.9880064,0.9880064,0.0005296003,0.023013046,0.0005963916
2015-08-05,7.654903e-06,0.06383847,0.92444086,0.98827934,0.98827934,0.0005038899,0.022447493,0.0006531121
2015-08-06,7.840876e-06,0.06344461,0.9247962,0.98824084,0.98824084,0.00048463023,0.022014318,0.00066678866
2015-08-07,7.808796e-06,0.06329475,0.92497724,0.988272,0.988272,0.0004639131,0.021538641,0.0006658257
2015-08-10,7.826682e-06,0.06348092,0.9247668,0.9882477,0.9882477,0.00045762133,0.021392085,0.0006659698
2015-08-11,7.4717905e-06,0.06504951,0.9232488,0.98829836,0.98829836,0.00046851765,0.021645268,0.0006385249
2015-08-12,7.724552e-06,0.06480649,0.92336035,0.98816687,0.9881668,0.00056004134,0.023665193,0.0006527902
2015-08-13,7.5893963e-06,0.06445738,0.923803,0.9882603,0.9882603,0.00052637234,0.022942806,0.00064647436
2015-08-14,7.517168e-06,0.06603428,0.92218536,0.9882196,0.9882196,0.0005349819,0.023129676,0.00063810905
2015-08-17,7.736797e-06,0.0639142,0.92433435,0.9882485,0.9882485,0.00050335506,0.022435576,0.0006583683
2015-08-18,7.784467e-06,0.063562505,0.9247057,0.9882682,0.9882682,0.00048771902,0.022084361,0.00066353544
2015-08-19,7.7105315e-06,0.06365298,0.92464834,0.98830134,0.98830134,0.00047828222,0.021869665,0.00065909507
2015-08-20,7.537514e-06,0.06643097,0.92168707,0.98811805,0.98811805,0.0005725131,0.023927245,0.0006343669
2015-08-21,7.636756e-06,0.064775996,0.92346776,0.98824376,0.98824376,0.0005395316,0.023227818,0.0006495916
2015-08-24,7.775758e-06,0.06402934,0.92420405,0.9882334,0.9882334,0.00052493426,0.022911444,0.00066083233
2015-08-25,7.5002085e-06,0.06792552,0.9200615,0.98798704,0.98798704,0.0006967614,0.02639624,0.00062434317
2015-08-26,7.703247e-06,0.06446449,0.92373353,0.98819804,0.98819804,0.0006994054,0.026446274,0.0006527093
2015-08-27,7.57594e-06,0.06638129,0.9216947,0.988076,0.988076,0.000675747,0.025995133,0.0006353507
2015-08-28,6.3948264e-06,0.07397997,0.9141796,0.9881596,0.9881596,0.0012604673,0.03550306,0.0005400852
2015-08-31,6.797696e-06,0.07241233,0.9155446,0.98795694,0.98795694,0.0014284573,0.037794936,0.0005644493
2015-09-01,6.552406e-06,0.07501596,0.91279703,0.987813,0.987813,0.0018269665,0.042743027,0.0005376552
2015-09-02,6.3150155e-06,0.083155476,0.9039874,0.98714286,0.98714286,0.0021591117,0.046466243,0.000491168
2015-09-03,6.4792866e-06,0.0751029,0.91281646,0.9879194,0.9879194,0.00198534,0.044557154,0.0005363377
2015-09-04,7.001196e-06,0.07169195,0.9161381,0.98783004,0.98783004,0.0018270332,0.04274381,0.0005752852
2015-09-08,7.1848162e-06,0.070500806,0.9172861,0.9877869,0.9877869,0.0016976526,0.04120258,0.00058828713
2015-09-09,7.141988e-06,0.06947943,0.9185113,0.9879907,0.9879907,0.0015649055,0.039558887,0.00059470366
2015-09-10,7.32945e-06,0.06924601,0.91857773,0.9878237,0.9878237,0.0015555894,0.03944096,0.00060194515
2015-09-11,6.996357e-06,0.06997775,0.918058,0.98803574,0.98803574,0.0015419581,0.039267775,0.00058477133
2015-09-14,7.496848e-06,0.06778943,0.9200833,0.9878727,0.9878727,0.0014803745,0.038475636,0.0006181805
2015-09-15,7.5759335e-06,0.06709215,0.92082787,0.98792,0.98792005,0.0013837288,0.037198506,0.0006271461
2015-09-16,7.411377e-06,0.066307396,0.92184794,0.98815536,0.98815536,0.0012932336,0.035961557,0.00062571594
2015-09-17,7.1248746e-06,0.06882452,0.9192613,0.9880858,0.9880858,0.0014044542,0.037476048,0.0005980157
2015-09-18,7.5498897e-06,0.06631972,0.9217641,0.9880838,0.9880838,0.0013003087,0.036059793,0.0006335809
2015-09-21,7.581602e-06,0.06695484,0.92099226,0.9879471,0.9879471,0.0013636113,0.036927108,0.00062902755
2015-09-22,7.210166e-06,0.068155184,0.91994536,0.9881005,0.9881005,0.0013904531,0.03728878,0.00060592324
2015-09-23,7.1223267e-06,0.06913586,0.9189873,0.9881231,0.9881231,0.0013099683,0.036193483,0.0005996799
2015-09-24,7.470002e-06,0.06775016,0.9201781,0.9879283,0.9879283,0.0012737607,0.035689782,0.00061880134
2015-09-25,7.4802824e-06,0.06641405,0.9216773,0.98809135,0.98809135,0.0011855209,0.034431394,0.00062813854
2015-09-28,7.408046e-06,0.06689207,0.92118794,0.98808,0.98808,0.001119795,0.03346334,0.0006214816
2015-09-29,7.645038e-06,0.06649933,0.9214695,0.98796886,0.98796886,0.0010929843,0.033060312,0.0006354376
2015-09-30,7.4565187e-06,0.06600586,0.9221627,0.9881686,0.9881686,0.001035413,0.032177836,0.00063023117
2015-10-01,7.4992868e-06,0.06545307,0.92280227,0.9882553,0.9882553,0.00096301135,0.031032424,0.0006385264
2015-10-02,7.442883e-06,0.06632677,0.921893,0.98821974,0.98821974,0.00090038957,0.030006493,0.00063180964
2015-10-05,7.668141e-06,0.064958505,0.92317796,0.9881365,0.9881365,0.00085778313,0.029287934,0.0006463625
2015-10-06,7.509879e-06,0.06513699,0.92311025,0.9882472,0.9882472,0.00081505696,0.028549202,0.0006389872
2015-10-07,7.078038e-06,0.06836743,0.91986996,0.9882374,0.9882374,0.0009078934,0.03013127,0.00060174
2015-10-08,7.462791e-06,0.067280315,0.9207681,0.9880484,0.9880484,0.00085798744,0.029291423,0.0006244164
2015-10-09,7.315981e-06,0.067273036,0.9208395,0.9881125,0.9881125,0.00087111397,0.02951464,0.00061543524
2015-10-12,7.457161e-06,0.066461,0.9216697,0.9881307,0.9881307,0.0008104434,0.028468288,0.0006282724
2015-10-13,7.4502937e-06,0.069005325,0.9187918,0.9877971,0.9877971,0.0009380259,0.030627208,0.00061053375
2015-10-14,7.5248813e-06,0.065989554,0.9221095,0.98809904,0.98809904,0.00087569206,0.029592095,0.0006322919
2015-10-15,7.642323e-06,0.06489313,0.92322505,0.9881182,0.9881182,0.0008150382,0.028548874,0.0006431942
2015-10-16,7.5499443e-06,0.0653513,0.9228281,0.9881794,0.9881794,0.00076231046,0.02760997,0.00063871
2015-10-19,7.55159e-06,0.06527111,0.9228817,0.9881528,0.98815286,0.0007335375,0.027083898,0.0006374157
2015-10-20,7.521278e-06,0.06672208,0.9213403,0.9880624,0.9880624,0.0007419216,0.027238239,0.00063004845
2015-10-21,7.3953834e-06,0.06590444,0.92238873,0.9882932,0.9882932,0.0006950137,0.026363112,0.00063171535
2015-10-22,7.649422e-06,0.06462566,0.9236074,0.9882331,0.9882331,0.00065263535,0.02554673,0.000650079
2015-10-23,7.680426e-06,0.064090624,0.9241632,0.98825383,0.98825383,0.0006113304,0.024725096,0.00065386656
2015-10-26,7.541403e-06,0.06526247,0.92303336,0.9882958,0.9882958,0.0005924479,0.024340251,0.00064433273
2015-10-27,6.8829513e-06,0.06903407,0.9194659,0.98849994,0.9885,0.00056761893,0.023824755,0.00059851434
2015-10-28,7.491098e-06,0.065483235,0.922786,0.9882692,0.9882692,0.00055148726,0.023483766,0.00063858426
2015-10-29,6.9887305e-06,0.069048546,0.9191825,0.988231,0.988231,0.0007621198,0.027606517,0.00059382553
2015-10-30,7.27434e-06,0.06768793,0.9204786,0.9881665,0.9881665,0.0007079039,0.026606463,0.0006147249
2015-11-02,7.479708e-06,0.065789364,0.9223727,0.98816204,0.98816204,0.0006673797,0.025833692,0.000631841
2015-11-03,7.5351168e-06,0.066308826,0.92176056,0.9880694,0.9880694,0.0006295579,0.025090992,0.00063157984
2015-11-04,6.8486747e-06,0.06985885,0.91841245,0.9882713,0.9882713,0.000679583,0.026068812,0.00058392424
2015-11-05,7.4608083e-06,0.0680712,0.91985786,0.98792905,0.98792905,0.00071070105,0.026658976,0.00061807944
2015-11-06,7.5982807e-06,0.06573329,0.9223323,0.9880656,0.9880656,0.00070278463,0.026510086,0.00063667056
2015-11-09,7.656732e-06,0.06508244,0.92300135,0.9880838,0.9880838,0.00068363,0.026146319,0.00064254703
2015-11-10,7.5768457e-06,0.065676115,0.92243344,0.9881095,0.9881095,0.000644856,0.025394015,0.00063722
2015-11-11,7.648721e-06,0.06473647,0.92341,0.9881465,0.9881465,0.00060609024,0.0246189,0.0006452702
2015-11-12,7.5855037e-06,0.0657964,0.9223284,0.9881248,0.9881248,0.00062410836,0.02498216,0.00063876784
2015-11-13,7.63494e-06,0.06593986,0.9221228,0.9880626,0.9880626,0.00063520763,0.025203327,0.0006395825
2015-11-16,7.6774995e-06,0.06526153,0.92282546,0.988087,0.988087,0.0006336924,0.025173249,0.00064446393
2015-11-17,7.7110035e-06,0.06475904,0.92332643,0.98808545,0.98808545,0.0006300909,0.025101611,0.0006471921
2015-11-18,7.772188e-06,0.06445749,0.92366284,0.9881203,0.9881203,0.00063396926,0.025178745,0.00065424206
2015-11-19,7.699861e-06,0.06411097,0.92408776,0.98819876,0.98819876,0.0005935383,0.02436264,0.0006524619
2015-11-20,7.618751e-06,0.06455927,0.9236943,0.9882536,0.9882536,0.0005580542,0.02362317,0.0006486027
2015-11-23,7.164902e-06,0.06747791,0.92088103,0.988359,0.988359,0.0005240951,0.022893123,0.00061548717
2015-11-24,7.513553e-06,0.065962814,0.9221631,0.9881259,0.9881259,0.0005627397,0.023722135,0.0006327693
2015-11-25,7.2784615e-06,0.06689663,0.92132545,0.98822206,0.98822206,0.0005718504,0.023913393,0.0006179742
2015-11-27,7.636482e-06,0.065261126,0.92285156,0.9881127,0.9881127,0.0005350642,0.023131454,0.0006424062
2015-11-30,7.66175e-06,0.06564846,0.9224279,0.9880763,0.9880763,0.0005667011,0.023805484,0.00064256636
2015-12-01,7.670666e-06,0.0649265,0.92320234,0.98812884,0.98812884,0.00053058745,0.023034483,0.0006461598
2015-12-02,7.5314433e-06,0.06502991,0.92322445,0.98825437,0.98825437,0.00049885566,0.022335077,0.0006412123
2015-12-03,7.2610387e-06,0.06943814,0.91854405,0.9879822,0.9879822,0.0006114432,0.024727378,0.00060419104
2015-12-04,7.406844e-06,0.06597257,0.9222237,0.98819625,0.98819625,0.0006229689,0.024959344,0.0006274994
2015-12-07,7.656484e-06,0.066202275,0.9217737,0.98797596,0.98797596,0.0006322898,0.025145372,0.0006367644
2015-12-08,7.20408e-06,0.070660375,0.9171996,0.98785996,0.98785996,0.0008290865,0.028793862,0.00059341505
2015-12-09,7.558198e-06,0.06590758,0.92221695,0.98812455,0.98812455,0.00076875207,0.027726378,0.00063645566
2015-12-10,7.679497e-06,0.06526981,0.9228554,0.9881252,0.9881252,0.00072260475,0.02688131,0.0006467056
2015-12-11,7.5869407e-06,0.06527176,0.92295724,0.988229,0.988229,0.0006825245,0.02612517,0.00064454385
2015-12-14,7.522772e-06,0.06747247,0.9205555,0.98802793,0.98802793,0.00070328964,0.026519608,0.0006283602
2015-12-15,7.4255036e-06,0.06683138,0.92131686,0.9881483,0.9881482,0.00067916367,0.02606077,0.0006265334
2015-12-16,7.415e-06,0.06670455,0.92142695,0.9881315,0.9881315,0.00068555155,0.026183039,0.00062476425
2015-12-17,7.5587627e-06,0.067408875,0.92054147,0.9879503,0.9879503,0.0008090468,0.028443748,0.0006273001
2015-12-18,7.585905e-06,0.06564255,0.9224919,0.98813444,0.98813444,0.0007704849,0.02775761,0.0006393215
2015-12-21,7.70415e-06,0.06485732,0.923259,0.9881163,0.9881163,0.00072117074,0.026854623,0.0006482969
2015-12-22,7.4214786e-06,0.06713226,0.92095155,0.9880838,0.9880838,0.0006735317,0.025952488,0.00062280474
2015-12-23,7.547149e-06,0.066416726,0.9215873,0.988004,0.988004,0.00073123956,0.02704144,0.0006291403
2015-12-24,7.2167977e-06,0.06803818,0.9200513,0.98808944,0.98808944,0.000770916,0.027765375,0.000605916
2015-12-28,7.732917e-06,0.065313846,0.9227171,0.98803097,0.9880309,0.0007331313,0.027076397,0.00064607715
2015-12-29,7.365231e-06,0.06794671,0.9200148,0.98796153,0.98796153,0.00076277193,0.027618326,0.0006118079
2015-12-30,7.289986e-06,0.06742324,0.9206609,0.98808414,0.98808414,0.0007629745,0.027621994,0.00061178836
2015-12-31,7.253407e-06,0.06980814,0.91811514,0.98792326,0.98792326,0.00078928156,0.028094156,0.0006006099
2016-01-04,7.2567877e-06,0.06732508,0.9208106,0.98813564,0.98813564,0.0007414804,0.027230138,0.00061164575
2016-01-05,7.5597413e-06,0.0653899,0.9227439,0.98813385,0.9881338,0.00069414364,0.026346605,0.0006370845
2016-01-06,7.5584867e-06,0.06652277,0.9214741,0.9879969,0.9879969,0.0006796195,0.026069513,0.00062971
2016-01-07,7.185484e-06,0.071046196,0.9167238,0.98776996,0.98776996,0.00085333607,0.029211916,0.00058752747
2016-01-08,7.5398557e-06,0.06635374,0.92166984,0.9880236,0.9880236,0.0008209695,0.028652566,0.00062955834
2016-01-11,7.726112e-06,0.06534471,0.9226667,0.9880114,0.9880114,0.00076503895,0.027659338,0.00064445595
2016-01-12,7.486515e-06,0.068055,0.9198402,0.9878952,0.9878952,0.00090738083,0.030122763,0.00061847444
2016-01-13,7.46211e-06,0.06763217,0.9203658,0.98799795,0.987998,0.000910119,0.030168178,0.0006217362
2016-01-14,7.5635417e-06,0.06639142,0.92168504,0.98807645,0.98807645,0.0008451827,0.029072026,0.0006343363
2016-01-15,7.483234e-06,0.066280894,0.9218352,0.9881161,0.9881161,0.00082201103,0.028670736,0.0006296944
2016-01-19,7.3733686e-06,0.06976392,0.91805285,0.98781675,0.98781675,0.0009958221,0.03155665,0.0006052054
2016-01-20,7.546158e-06,0.06667234,0.9213583,0.9880306,0.9880306,0.000999479,0.03161454,0.0006304548
2016-01-21,7.260601e-06,0.07014563,0.91772324,0.98786885,0.98786885,0.0012523998,0.03538926,0.00059850863
2016-01-22,6.7471256e-06,0.07400886,0.913701,0.9877099,0.9877099,0.0019468381,0.04412299,0.00054898777
2016-01-25,6.3987327e-06,0.0763917,0.91135734,0.98774904,0.98774904,0.0023330827,0.048301995,0.0005223046
2016-01-26,6.749991e-06,0.0778053,0.90948796,0.98729324,0.98729324,0.002402454,0.049014833,0.0005312127
2016-01-27,6.6176844e-06,0.075422525,0.9122633,0.9876858,0.9876858,0.0022908805,0.047863144,0.0005374027
2016-01-28,6.800898e-06,0.074561454,0.9130478,0.98760927,0.98760927,0.0021491898,0.046359356,0.0005488697
2016-01-29,6.793893e-06,0.074646056,0.91291445,0.9875605,0.9875605,0.0020269316,0.045021456,0.0005461553
2016-02-01,6.984705e-06,0.072285675,0.915418,0.9877037,0.9877037,0.001867481,0.043214362,0.0005680322
2016-02-02,6.9289795e-06,0.07416619,0.9133294,0.9874956,0.9874956,0.001990531,0.04461537,0.00055412337
2016-02-03,6.707033e-06,0.07600159,0.9115511,0.9875527,0.9875527,0.0020645442,0.045437258,0.0005388345
2016-02-04,6.280183e-06,0.07791018,0.9097644,0.9876746,0.9876746,0.0023394949,0.048368324,0.0005095315
2016-02-05,6.904124e-06,0.0732717,0.914403,0.9876747,0.9876747,0.0021591845,0.046467025,0.0005601593
2016-02-08,7.124046e-06,0.07221291,0.9154172,0.9876301,0.9876301,0.0020337119,0.045096695,0.00057591917
2016-02-09,7.155561e-06,0.071634635,0.91600114,0.9876358,0.9876358,0.0019835546,0.044537116,0.0005787318
2016-02-10,6.9258185e-06,0.074757494,0.9127642,0.9875217,0.9875217,0.0020905517,0.04572255,0.0005550294
2016-02-11,6.9891207e-06,0.07067547,0.91728735,0.98796284,0.98796284,0.0019391436,0.04403571,0.0005806288
2016-02-12,7.192252e-06,0.07056131,0.9172627,0.98782396,0.98782396,0.0019383191,0.044026345,0.0005906891
2016-02-16,6.0164293e-06,0.07971936,0.90805084,0.9877702,0.9877702,0.0027342052,0.052289627,0.0004919483
2016-02-17,6.5354766e-06,0.07834351,0.90920824,0.98755175,0.98755175,0.002504257,0.05004255,0.0005250116
2016-02-18,6.340023e-06,0.0776471,0.9100448,0.9876919,0.9876919,0.0025122692,0.05012254,0.0005151089
2016-02-19,6.845308e-06,0.07434724,0.9133384,0.9876857,0.9876857,0.0022934852,0.047890346,0.00055588194
2016-02-22,6.8805857e-06,0.0739619,0.91374433,0.98770624,0.98770624,0.0022069828,0.046978537,0.0005596813
2016-02-23,6.417818e-06,0.07611752,0.9116826,0.9878001,0.9878001,0.0022896673,0.047850467,0.00052605587
2016-02-24,6.8252752e-06,0.07475539,0.91287106,0.98762643,0.98762643,0.002104965,0.045879897,0.0005516013
2016-02-25,6.6297634e-06,0.07352658,0.91444343,0.98797,0.98797,0.0019337996,0.04397499,0.0005511023
2016-02-26,6.78504e-06,0.073614314,0.91414523,0.98775953,0.98775953,0.0018325252,0.042808004,0.0005543121
2016-02-29,6.872105e-06,0.073723376,0.9139816,0.987705,0.987705,0.0016880034,0.041085318,0.0005589346
2016-03-01,6.879105e-06,0.07119275,0.91679174,0.9879845,0.9879845,0.0016113515,0.040141642,0.0005725182
2016-03-02,5.7052716e-06,0.0796956,0.9087225,0.9884181,0.9884181,0.001509417,0.038851216,0.00049260247
2016-03-03,7.0120736e-06,0.07133841,0.9166362,0.98797464,0.98797464,0.0013815835,0.037169658,0.00058310735
2016-03-04,6.9402417e-06,0.07055463,0.9174973,0.9880519,0.9880519,0.0012739963,0.035693087,0.0005808653
2016-03-07,6.814025e-06,0.071341015,0.9167224,0.98806345,0.98806345,0.0012780834,0.035750292,0.000570854
2016-03-08,6.6590947e-06,0.07251331,0.91555417,0.9880675,0.9880675,0.0013820375,0.037175767,0.000558064
2016-03-09,6.9018197e-06,0.07257703,0.91524875,0.98782575,0.98782575,0.0013760226,0.03709478,0.00056691957
2016-03-10,6.5416384e-06,0.073933914,0.9140417,0.9879756,0.9879756,0.0014310116,0.037828714,0.0005440302
2016-03-11,6.925539e-06,0.07249738,0.9153036,0.98780096,0.98780096,0.0013252996,0.036404666,0.0005677116
2016-03-14,6.8652603e-06,0.07171402,0.91619766,0.9879117,0.9879117,0.0012410602,0.035228685,0.0005679261
2016-03-15,6.9721227e-06,0.07140709,0.9164333,0.98784035,0.98784035,0.0012324025,0.03510559,0.0005733821
2016-03-16,7.0413307e-06,0.07026629,0.9176939,0.9879602,0.9879602,0.0011744578,0.034270365,0.0005848388
2016-03-17,6.7190854e-06,0.07193857,0.916085,0.9880236,0.9880236,0.0013088353,0.03617783,0.00056102616
2016-03-18,6.8411055e-06,0.07183838,0.9160617,0.9879001,0.9879001,0.0013450603,0.036675062,0.0005653843
2016-03-21,7.026034e-06,0.07031244,0.91762406,0.9879365,0.9879365,0.0012658272,0.035578467,0.0005824207
2016-03-22,6.620635e-06,0.07249717,0.9156389,0.9881361,0.9881361,0.0011780541,0.034322795,0.00055804936
2016-03-23,6.7573806e-06,0.072153814,0.91585404,0.98800784,0.98800784,0.0011879104,0.034466077,0.00056348334
2016-03-24,6.976154e-06,0.07200932,0.9158027,0.98781204,0.98781204,0.0012166551,0.034880582,0.0005723809
2016-03-28,6.9710786e-06,0.06990504,0.918179,0.988084,0.988084,0.0011264764,0.03356302,0.00058501924
2016-03-29,7.2509415e-06,0.06819535,0.9198363,0.9880316,0.9880316,0.0010415615,0.032273233,0.0006058418
2016-03-30,7.120877e-06,0.069773525,0.9181833,0.9879568,0.9879569,0.0010219701,0.031968266,0.0005912789
2016-03-31,7.225885e-06,0.0679163,0.9201727,0.98808897,0.98808897,0.0009455221,0.030749343,0.0006066547
2016-04-01,7.195939e-06,0.06761855,0.9205612,0.98817974,0.98817974,0.000877275,0.02961883,0.00060878025
2016-04-04,7.302516e-06,0.0685634,0.9194093,0.9879727,0.9879727,0.00093127036,0.030516723,0.00060716056
2016-04-05,7.422026e-06,0.06735276,0.9206677,0.9880205,0.9880205,0.00092652516,0.030438876,0.00061955955
2016-04-06,7.184749e-06,0.067719534,0.92050195,0.98822147,0.98822147,0.00086217496,0.029362816,0.0006099867
2016-04-07,6.828046e-06,0.07058816,0.91757995,0.9881681,0.9881681,0.000972077,0.03117815,0.00057708885
2016-04-08,7.3002752e-06,0.06829681,0.91970664,0.98800343,0.98800343,0.0009112791,0.0301874,0.00060853036
2016-04-11,6.5336153e-06,0.07314536,0.9149487,0.9880941,0.9880941,0.0011225049,0.033503804,0.0005487708
2016-04-12,6.8995264e-06,0.070959404,0.9171263,0.9880857,0.9880857,0.0010517037,0.032429982,0.0005790956
2016-04-13,6.6048965e-06,0.073235415,0.9148052,0.98804057,0.98804057,0.0011065311,0.033264562,0.00055227504
2016-04-14,7.1585678e-06,0.070023544,0.9178155,0.98783904,0.98783904,0.0010262012,0.032034375,0.0005886517
2016-04-15,7.0222172e-06,0.070461,0.91750103,0.987962,0.987962,0.0009519656,0.03085394,0.0005833379
2016-04-18,7.0364126e-06,0.070201576,0.917766,0.98796755,0.98796755,0.00093605847,0.030595073,0.0005847864
2016-04-19,7.144652e-06,0.068586275,0.91947544,0.9880617,0.9880617,0.00088131614,0.029686969,0.0005984661
2016-04-20,6.82587e-06,0.070126206,0.9180721,0.9881983,0.9881983,0.0008873702,0.02978876,0.00057837926
2016-04-21,6.4863966e-06,0.07326113,0.9148739,0.98813504,0.98813504,0.0009164561,0.030273026,0.00054668507
2016-04-22,7.042504e-06,0.07002942,0.9179289,0.9879583,0.9879583,0.0008565239,0.02926643,0.00058484357
2016-04-25,7.155551e-06,0.06834272,0.91973525,0.988078,0.988078,0.00080407073,0.02835614,0.0006001971
2016-04-26,7.256101e-06,0.06858114,0.9193859,0.9879671,0.9879671,0.0007910573,0.02812574,0.0006030205
2016-04-27,6.817846e-06,0.06999227,0.91825765,0.9882499,0.9882499,0.0008050659,0.028373683,0.0005802372
2016-04-28,7.0475758e-06,0.06903645,0.91906863,0.98810506,0.98810506,0.000803457,0.028345317,0.0005924851
2016-04-29,7.0668707e-06,0.068826124,0.91928095,0.9881071,0.9881071,0.0007611915,0.0275897,0.0005942085
2016-05-02,7.18789e-06,0.06813661,0.919931,0.9880676,0.9880676,0.00070729206,0.026594963,0.0006023856
2016-05-03,7.1524e-06,0.06877854,0.91925484,0.98803335,0.98803335,0.0007017285,0.02649016,0.00059769466
2016-05-04,7.2282446e-06,0.06834858,0.91965866,0.98800725,0.98800725,0.0006979891,0.026419483,0.00060271774
2016-05-05,7.4211925e-06,0.06640069,0.9217004,0.9881011,0.9881011,0.0006496514,0.02548826,0.00062368857
2016-05-06,7.343332e-06,0.06679688,0.92133296,0.98812985,0.98812985,0.0006157999,0.024815315,0.00061863876
2016-05-09,7.3794267e-06,0.06656146,0.9215647,0.98812616,0.98812616,0.0005783618,0.024049154,0.00062148605
2016-05-10,7.407469e-06,0.067369305,0.9206228,0.9879921,0.9879921,0.00059232255,0.024337677,0.0006168834
2016-05-11,6.977748e-06,0.06885091,0.9193826,0.9882335,0.9882335,0.0006035107,0.024566455,0.0005930185
2016-05-12,6.8346662e-06,0.0699049,0.9183257,0.98823065,0.98823065,0.00064289616,0.025355397,0.00058071717
2016-05-13,7.357626e-06,0.067070216,0.9210012,0.9880714,0.98807144,0.0006040423,0.024577273,0.0006168046
2016-05-16,7.325424e-06,0.06672047,0.9214576,0.9881781,0.9881781,0.00057148444,0.023905741,0.00061964727
2016-05-17,7.1111717e-06,0.06792725,0.92030305,0.9882303,0.9882303,0.0006018884,0.024533413,0.0006041925
2016-05-18,7.0912643e-06,0.06791258,0.92035466,0.98826724,0.98826724,0.00057089364,0.02389338,0.0006043988
2016-05-19,7.3000438e-06,0.0665231,0.9217369,0.98826,0.98826,0.0005330203,0.023087231,0.000621808
2016-05-20,7.1384648e-06,0.06728482,0.92104095,0.9883258,0.9883258,0.00049865386,0.022330558,0.00061147223
2016-05-23,7.1805307e-06,0.067390725,0.9208511,0.98824185,0.98824185,0.00047161538,0.021716706,0.0006106855
2016-05-24,7.4265e-06,0.065743044,0.9225042,0.9882472,0.9882472,0.00044444736,0.02108192,0.0006318928
2016-05-25,7.219641e-06,0.06662667,0.92173827,0.98836493,0.98836493,0.00042528557,0.020622453,0.0006205071
2016-05-26,7.3654332e-06,0.06622679,0.9219988,0.9882256,0.9882256,0.0004230488,0.02056815,0.0006255453
2016-05-27,7.4943837e-06,0.065221116,0.92304546,0.9882666,0.9882666,0.0003976435,0.019941,0.00063872157
2016-05-31,7.0341625e-06,0.06796786,0.9203805,0.98834836,0.98834836,0.00037523668,0.019371027,0.00060370605
2016-06-01,7.490279e-06,0.065102324,0.9232007,0.98830307,0.98830307,0.0003540344,0.018815802,0.00064036256
2016-06-02,7.4861427e-06,0.06525534,0.9230169,0.98827225,0.98827225,0.00033461483,0.01829248,0.00063832727
2016-06-03,7.403324e-06,0.065533325,0.9228026,0.98833597,0.98833597,0.00031693687,0.01780272,0.0006347139
2016-06-06,7.5680773e-06,0.064682506,0.9236031,0.9882856,0.9882856,0.00030852063,0.017564755,0.00064604916
2016-06-07,7.4178806e-06,0.06587529,0.9223544,0.9882297,0.9882297,0.00032250304,0.01795837,0.00063021976
2016-06-08,7.4313048e-06,0.06558872,0.92268956,0.98827827,0.98827827,0.0003162805,0.017784277,0.0006339768
2016-06-09,7.2459425e-06,0.066546686,0.9217958,0.98834246,0.98834246,0.00031797026,0.01783172,0.00062156725
2016-06-10,7.322302e-06,0.06625516,0.9220341,0.98828924,0.98828924,0.00031230363,0.017672114,0.00062526256
2016-06-13,7.544601e-06,0.06577384,0.9223426,0.98811644,0.98811644,0.000355509,0.018854946,0.00063487736
2016-06-14,7.587009e-06,0.06471086,0.92353815,0.988249,0.988249,0.00033656094,0.018345598,0.00064564816
2016-06-15,7.716651e-06,0.06393207,0.92431015,0.9882422,0.9882422,0.00032281716,0.017967112,0.0006563011
2016-06-16,7.7209625e-06,0.06381281,0.92445344,0.9882662,0.9882662,0.00031273384,0.017684283,0.00065801205
2016-06-17,7.5778885e-06,0.06523102,0.9229669,0.9881979,0.9881979,0.00039117635,0.019778179,0.0006420809
2016-06-20,7.0591695e-06,0.06776622,0.92053485,0.9883011,0.98830104,0.0004596185,0.021438714,0.0006034045
2016-06-21,7.018686e-06,0.068377614,0.9198715,0.9882491,0.9882491,0.00048450573,0.02201149,0.0005972904
2016-06-22,7.366669e-06,0.066332586,0.9218997,0.98823225,0.98823225,0.00046071695,0.021464318,0.0006260051
2016-06-23,7.5734465e-06,0.06487678,0.9233528,0.9882296,0.9882296,0.0004340915,0.020834863,0.00064343004
2016-06-24,7.370789e-06,0.06600494,0.9222608,0.98826575,0.98826575,0.00043309404,0.020810911,0.0006281433
2016-06-27,7.3467454e-06,0.06858198,0.91936016,0.98794216,0.98794216,0.0005770383,0.024021622,0.00060929195
2016-06-28,7.5979906e-06,0.06522873,0.92291534,0.98814404,0.98814404,0.00059208774,0.024332853,0.0006408583
2016-06-29,7.0483234e-06,0.068447866,0.9197629,0.9882108,0.9882108,0.00062101916,0.024920257,0.0005978626
2016-06-30,7.0719157e-06,0.068858005,0.9192268,0.98808485,0.98808485,0.0006950507,0.026363814,0.00059352315
2016-07-01,7.345604e-06,0.06802122,0.91994077,0.987962,0.987962,0.0007156388,0.026751427,0.00061020174
2016-07-05,7.338715e-06,0.06664523,0.9215233,0.9881685,0.9881685,0.0006777693,0.026034003,0.00062026805
2016-07-06,7.0855094e-06,0.070893064,0.91701996,0.987913,0.987913,0.0008002288,0.028288316,0.0005862097
2016-07-07,7.2758576e-06,0.06682506,0.9213705,0.98819554,0.98819554,0.0007624148,0.027611861,0.00061636505
2016-07-08,7.378452e-06,0.06898675,0.9188621,0.9878489,0.9878489,0.0008749686,0.029579869,0.00060722395
2016-07-11,7.5138614e-06,0.06531476,0.9228628,0.9881776,0.9881776,0.00081361533,0.028523942,0.0006355613
2016-07-12,7.639551e-06,0.06511625,0.92298883,0.98810506,0.98810506,0.00077239826,0.027792053,0.0006422521
2016-07-13,7.1118384e-06,0.06839994,0.919742,0.98814195,0.98814195,0.0008485182,0.029129336,0.00059974793
2016-07-14,7.394602e-06,0.06911625,0.91871494,0.9878312,0.9878312,0.00092622417,0.03043393,0.0006076677
2016-07-15,7.3219458e-06,0.0663087,0.9219135,0.9882222,0.9882222,0.0008868994,0.029780857,0.0006216725
2016-07-18,7.638095e-06,0.065229006,0.9228867,0.9881157,0.9881157,0.000827087,0.02875912,0.0006427062
2016-07-19,7.682594e-06,0.06511495,0.9229949,0.9881099,0.9881099,0.000787251,0.028057992,0.0006461329
2016-07-20,7.672205e-06,0.06403203,0.92421883,0.98825085,0.98825085,0.0007459433,0.027311962,0.00065300096
2016-07-21,7.583267e-06,0.06479078,0.9234406,0.98823136,0.98823136,0.00069957686,0.026449515,0.00064436224
2016-07-22,7.679009e-06,0.06426471,0.9239696,0.98823434,0.98823434,0.0006548984,0.025590982,0.00065266294
2016-07-25,7.672151e-06,0.064101,0.9241399,0.9882409,0.9882409,0.00062336575,0.024967294,0.00065244356
2016-07-26,7.735408e-06,0.06461855,0.9235215,0.98814005,0.98814005,0.00062228215,0.024945583,0.0006522292
2016-07-27,7.742746e-06,0.06334483,0.9249711,0.98831594,0.98831594,0.0005841198,0.024168571,0.00066267594
2016-07-28,7.777332e-06,0.064092435,0.92410713,0.9881996,0.9881996,0.0005839573,0.024165208,0.0006590731
2016-07-29,7.493935e-06,0.06526269,0.92300725,0.9882699,0.9882699,0.0005706034,0.023887306,0.00063886505
2016-08-01,7.754161e-06,0.063423924,0.9248529,0.98827684,0.98827684,0.0005418919,0.023278572,0.00066143944
2016-08-02,7.647315e-06,0.06502136,0.92317516,0.9881965,0.9881965,0.0006003159,0.024501346,0.00064788497
2016-08-03,7.706177e-06,0.06387031,0.9244099,0.98828024,0.98828024,0.0005747029,0.023972962,0.0006575369
2016-08-04,7.5123658e-06,0.065363735,0.92281437,0.9881781,0.98817813,0.00060695084,0.024636373,0.0006354604
2016-08-05,7.649445e-06,0.06470517,0.9234556,0.9881608,0.9881608,0.00061298563,0.024758548,0.0006461111
2016-08-08,7.753855e-06,0.06394793,0.92428434,0.98823225,0.98823225,0.0005744378,0.023967432,0.00065890746
2016-08-09,7.5625994e-06,0.06510907,0.92307884,0.9881879,0.9881879,0.0005907509,0.024305368,0.00064024224
2016-08-10,7.5546604e-06,0.06524868,0.92300254,0.9882512,0.9882512,0.0005552684,0.023564134,0.000643016
2016-08-11,7.663219e-06,0.06527171,0.92285246,0.9881242,0.9881242,0.0005619471,0.023705425,0.00064527977
2016-08-12,6.9992816e-06,0.068344705,0.9199214,0.9882661,0.9882661,0.00063895324,0.025277525,0.0005965014
2016-08-15,7.4952095e-06,0.06598037,0.9221597,0.98814005,0.98814005,0.00062937074,0.025087263,0.0006319763
2016-08-16,7.3237416e-06,0.06665291,0.9215327,0.9881856,0.9881856,0.0006376662,0.025252054,0.0006198988
2016-08-17,7.3355486e-06,0.0666253,0.9215783,0.9882036,0.9882036,0.0006164533,0.024828477,0.0006218456
2016-08-18,7.353041e-06,0.0660767,0.9221898,0.98826647,0.98826647,0.0005766546,0.024013635,0.00062666903
2016-08-19,7.249615e-06,0.06701975,0.9211848,0.98820454,0.98820454,0.00059807755,0.024455624,0.00061461056
2016-08-22,7.358187e-06,0.065861784,0.9224276,0.98828936,0.98828936,0.00056057336,0.02367643,0.00062833325
2016-08-23,7.382308e-06,0.06697611,0.92114496,0.9881211,0.9881211,0.00058775395,0.024243638,0.0006214635
2016-08-24,7.278558e-06,0.06674605,0.9214936,0.98823965,0.98823965,0.0005807152,0.024098033,0.00061890634
2016-08-25,7.4603267e-06,0.0661775,0.9219419,0.98811936,0.98811936,0.0005957786,0.024408575,0.00062794
2016-08-26,7.5094526e-06,0.06549523,0.9226839,0.98817915,0.98817915,0.00056573714,0.02378523,0.00063527166
2016-08-29,7.5483376e-06,0.065206975,0.9229808,0.9881878,0.9881878,0.0005320973,0.023067234,0.0006390284
2016-08-30,7.698596e-06,0.06450268,0.92363584,0.9881385,0.9881385,0.00051179185,0.022622816,0.0006490405
2016-08-31,7.698834e-06,0.06410388,0.92412156,0.98822546,0.98822546,0.0004925834,0.02219422,0.0006538544
2016-09-01,7.656998e-06,0.0652473,0.9228709,0.9881182,0.9881182,0.0005482426,0.02341458,0.00064442924
2016-09-02,7.29233e-06,0.06881152,0.9191999,0.9880114,0.9880114,0.00059490715,0.024390718,0.000608273
2016-09-06,7.4019276e-06,0.06581468,0.9224025,0.9882172,0.9882172,0.00061195175,0.024737658,0.00062819634
2016-09-07,7.5852104e-06,0.06499856,0.92321545,0.988214,0.988214,0.0005766222,0.024012959,0.0006435789
2016-09-08,7.5906464e-06,0.064922616,0.9232622,0.9881848,0.9881848,0.0005537802,0.023532534,0.0006424481
2016-09-09,6.909497e-06,0.06970041,0.9184689,0.9881693,0.9881693,0.0006521152,0.025536546,0.00058403175
2016-09-12,7.431674e-06,0.06831367,0.919596,0.9879097,0.9879097,0.00070367334,0.026526842,0.0006146794
2016-09-13,7.3129095e-06,0.06660789,0.921581,0.98818886,0.98818886,0.0006596482,0.025683617,0.0006191537
2016-09-14,7.631794e-06,0.06560158,0.9224463,0.9880479,0.9880479,0.0006781174,0.026040686,0.0006385315
2016-09-15,7.6332935e-06,0.0657875,0.9222549,0.9880424,0.9880424,0.0006925063,0.026315514,0.0006383641
2016-09-16,7.303614e-06,0.06670081,0.92148554,0.98818636,0.98818636,0.00064981176,0.025491405,0.0006182357
2016-09-19,7.6037145e-06,0.06507256,0.9230643,0.9881368,0.9881368,0.0006340798,0.025180941,0.0006409512
2016-09-20,7.6940705e-06,0.06440376,0.92376095,0.9881647,0.9881647,0.00059525593,0.024397867,0.00065009634
2016-09-21,7.377555e-06,0.06594606,0.9223353,0.98828137,0.98828137,0.00055814395,0.02362507,0.00062955776
2016-09-22,7.3093174e-06,0.06704567,0.9210743,0.98811996,0.98811996,0.0006416855,0.025331512,0.00061526033
2016-09-23,7.5768776e-06,0.065170206,0.9229856,0.98815584,0.98815584,0.0006283288,0.025066487,0.0006397143
2016-09-26,7.5107473e-06,0.06671889,0.92132515,0.988044,0.988044,0.0006958537,0.02637904,0.00062820024
2016-09-27,7.2347184e-06,0.06737398,0.9207867,0.98816067,0.98816067,0.0007162596,0.026763026,0.00061107497
2016-09-28,7.514066e-06,0.06661135,0.92142695,0.9880383,0.9880383,0.00071978464,0.026828803,0.0006281772
2016-09-29,6.5867857e-06,0.07188997,0.9163153,0.98820525,0.9882053,0.0008485848,0.02913048,0.0005584508
2016-09-30,7.2612324e-06,0.06799465,0.9200485,0.9880431,0.9880431,0.00080303417,0.028337857,0.00060728536
2016-10-03,7.233848e-06,0.06749555,0.92063975,0.9881353,0.9881353,0.00075077266,0.027400231,0.0006096939
2016-10-04,7.2413804e-06,0.067555115,0.9205658,0.9881209,0.9881209,0.00070736435,0.026596323,0.0006095907
2016-10-05,7.150958e-06,0.06756613,0.92068386,0.98825,0.98825,0.0006589092,0.025669226,0.00060859305
2016-10-06,7.272211e-06,0.0671026,0.9210639,0.9881665,0.9881665,0.00064924697,0.025480324,0.00061454496
2016-10-07,7.356012e-06,0.06642649,0.921766,0.9881925,0.9881925,0.0006148189,0.024795542,0.0006229948
2016-10-11,7.266901e-06,0.066931084,0.92128295,0.988214,0.988214,0.0005849703,0.024186159,0.0006165714
2016-10-12,7.300671e-06,0.06666584,0.9215583,0.98822415,0.98822415,0.0005709805,0.023895198,0.0006199697
2016-10-13,7.424754e-06,0.066192344,0.92195666,0.988149,0.988149,0.00054361316,0.023315514,0.000626508
2016-10-14,7.236721e-06,0.066846706,0.92143756,0.9882843,0.9882843,0.0005102211,0.022588074,0.00061769376
2016-10-17,7.504082e-06,0.0652982,0.9229364,0.9882346,0.9882346,0.0004776475,0.021855148,0.00063780823
2016-10-18,7.558309e-06,0.06503425,0.92317975,0.988214,0.988214,0.0004529658,0.021282993,0.0006412964
2016-10-19,7.3494284e-06,0.06616046,0.92208797,0.9882484,0.9882484,0.00042868656,0.020704748,0.00062539853
2016-10-20,7.2294974e-06,0.066999264,0.9212619,0.98826116,0.98826116,0.00044557985,0.021108761,0.0006158615
2016-10-21,7.38807e-06,0.06596785,0.9222876,0.98825544,0.98825544,0.00045370503,0.021300353,0.00062906323
2016-10-24,7.1348463e-06,0.06709025,0.92129904,0.9883893,0.9883893,0.00043011544,0.020739224,0.00061450683
2016-10-25,7.2780817e-06,0.0666842,0.92159384,0.98827803,0.98827803,0.0004064557,0.020160748,0.00062089245
2016-10-26,7.4255418e-06,0.0655602,0.9227314,0.9882916,0.9882916,0.00039050847,0.019761287,0.0006342075
2016-10-27,7.6243123e-06,0.06446421,0.9237848,0.988249,0.988249,0.0003844886,0.01960838,0.00064882264
2016-10-28,7.552082e-06,0.06492614,0.9233226,0.98824877,0.98824877,0.00037016472,0.019239666,0.00064266287
2016-10-31,7.145611e-06,0.067287356,0.9210371,0.98832446,0.9883244,0.00037787468,0.019438999,0.00061201566
2016-11-01,7.624129e-06,0.06537595,0.9227439,0.98811984,0.98811984,0.0004562332,0.021359615,0.0006417531
2016-11-02,7.2446437e-06,0.06625333,0.92215616,0.98840946,0.98840946,0.00042982,0.020732101,0.00062504795
2016-11-03,7.55342e-06,0.066088825,0.9220691,0.98815787,0.98815787,0.0004599032,0.021445354,0.0006378429
2016-11-04,7.677251e-06,0.064033195,0.92421895,0.98825216,0.98825216,0.00044718722,0.021146802,0.0006535034
2016-11-07,7.685666e-06,0.06465385,0.9235593,0.9882132,0.9882132,0.00043271063,0.020801697,0.000652056
2016-11-08,7.792466e-06,0.063403755,0.92482984,0.9882336,0.98823357,0.0004287297,0.02070579,0.0006622657
2016-11-09,7.3929777e-06,0.06547717,0.9229216,0.9883988,0.9883988,0.0004044919,0.020111984,0.0006372592
2016-11-10,7.577727e-06,0.06469818,0.92358625,0.9882844,0.9882844,0.00038321482,0.019575873,0.0006468071
2016-11-14,7.74468e-06,0.06402632,0.9241924,0.9882187,0.9882187,0.00037383896,0.019334916,0.000657372
2016-11-15,7.5045996e-06,0.06657584,0.92154175,0.9881176,0.9881176,0.0004135961,0.020337062,0.0006315714
2016-11-16,7.0112355e-06,0.06833471,0.91993546,0.98827016,0.98827016,0.00059482927,0.024389122,0.0005977266
2016-11-17,7.666409e-06,0.06541987,0.9226604,0.98808026,0.98808026,0.0005562762,0.023585508,0.00064316933
2016-11-18,7.66659e-06,0.06394857,0.9242948,0.9882434,0.9882434,0.0005217381,0.022841586,0.0006521095
2016-11-21,7.549932e-06,0.06499423,0.92324203,0.98823625,0.98823625,0.00049197586,0.02218053,0.0006417963
2016-11-22,6.807097e-06,0.06991266,0.91837364,0.9882863,0.9882863,0.00055760826,0.02361373,0.0005811235
2016-11-23,7.512787e-06,0.06551385,0.9226608,0.9881747,0.9881747,0.0005274647,0.022966601,0.00063531345
2016-11-25,7.647689e-06,0.06465141,0.9235179,0.9881693,0.9881693,0.00049437245,0.022234488,0.0006464281
2016-11-28,7.5480184e-06,0.06688303,0.92107445,0.9879575,0.9879575,0.0005710968,0.023897631,0.0006267805
2016-11-29,7.1670597e-06,0.06790661,0.92023623,0.98814285,0.98814285,0.00056496414,0.023768974,0.00060445035
2016-11-30,7.4544114e-06,0.06772081,0.92019176,0.9879126,0.9879126,0.0006374963,0.02524869,0.000616709
2016-12-01,6.2127237e-06,0.07555928,0.91251683,0.9880761,0.9880761,0.0011276123,0.033579938,0.0005210308
2016-12-02,6.6457123e-06,0.07233207,0.91572064,0.9880527,0.9880527,0.0011125671,0.033355165,0.0005562534
2016-12-05,7.0947035e-06,0.06963656,0.91829157,0.98792815,0.98792815,0.0010355712,0.03218029,0.0005877065
2016-12-06,6.9537195e-06,0.06998249,0.9180584,0.98804086,0.98804086,0.0009582992,0.030956408,0.0005814567
2016-12-07,7.2408047e-06,0.068560824,0.9194003,0.9879611,0.9879611,0.0009069133,0.030115,0.0006014514
2016-12-08,7.3508468e-06,0.06736162,0.92064226,0.9880039,0.98800385,0.00087820785,0.029634573,0.0006127702
2016-12-09,7.2758744e-06,0.06751739,0.92055213,0.98806953,0.98806953,0.00084566546,0.029080328,0.0006098567
2016-12-12,7.287484e-06,0.06738049,0.9207041,0.9880846,0.9880846,0.0007965766,0.02822369,0.00061160285
2016-12-13,6.884415e-06,0.06954864,0.9186816,0.9882303,0.9882302,0.0007836894,0.027994452,0.0005849264
2016-12-14,7.0799406e-06,0.06832597,0.91986823,0.9881942,0.9881942,0.0007273145,0.02696877,0.0005997016
2016-12-15,7.3859055e-06,0.06726278,0.9207551,0.98801786,0.98801786,0.00077241764,0.027792403,0.0006164094
2016-12-16,7.4769523e-06,0.06568173,0.92249835,0.9881801,0.9881801,0.00071919267,0.026817767,0.00063257327
2016-12-19,7.34361e-06,0.066720046,0.92142516,0.98814523,0.98814523,0.0006951884,0.026366426,0.00061946467
2016-12-20,7.452009e-06,0.06585888,0.9223201,0.988179,0.988179,0.0006489708,0.025474904,0.0006304058
2016-12-21,7.018681e-06,0.067953095,0.92042315,0.98837626,0.98837626,0.0006062411,0.024621964,0.00060382293
2016-12-22,7.2400644e-06,0.066889755,0.92137724,0.988267,0.988267,0.0005665357,0.02380201,0.0006170687
2016-12-23,7.5357193e-06,0.065174736,0.92304075,0.9882155,0.9882155,0.00053405133,0.023109552,0.0006394606
2016-12-27,7.399151e-06,0.06571932,0.92257965,0.98829895,0.98829895,0.0005005633,0.022373272,0.00063234946
2016-12-28,7.321977e-06,0.06627861,0.9220073,0.98828596,0.9882859,0.00048650516,0.022056863,0.0006250599
2016-12-29,7.3874335e-06,0.065683216,0.922642,0.9883252,0.98832524,0.00045637577,0.021362953,0.0006327663
2016-12-30,7.3343763e-06,0.06593021,0.92241925,0.98834944,0.98834944,0.0004305313,0.020749249,0.0006295298
2017-01-03,7.283935e-06,0.06613216,0.92223966,0.98837185,0.98837185,0.00040455477,0.020113546,0.00062640524
2017-01-04,6.934517e-06,0.06879588,0.9196254,0.98842126,0.98842126,0.00042665983,0.020655746,0.0005989009
2017-01-05,7.05411e-06,0.067544796,0.9208705,0.9884153,0.9884153,0.00042007642,0.020495767,0.0006089161
2017-01-06,7.518093e-06,0.0650738,0.92319125,0.98826504,0.98826504,0.0003994907,0.019987263,0.0006406576
2017-01-09,7.5486273e-06,0.06481291,0.9234692,0.9882821,0.9882821,0.0003773818,0.019426318,0.0006441954
2017-01-10,7.3466344e-06,0.06784958,0.9202458,0.9880954,0.9880954,0.0004524324,0.021270458,0.0006171258
2017-01-11,7.4837103e-06,0.06533654,0.92291707,0.9882536,0.9882536,0.00045780814,0.021396453,0.00063710636
2017-01-12,7.3281294e-06,0.066188045,0.92210644,0.9882945,0.9882945,0.0004794554,0.02189647,0.0006260406
2017-01-13,7.4129994e-06,0.065923795,0.92229944,0.98822325,0.98822325,0.00046278775,0.021512503,0.0006294608
2017-01-17,7.710787e-06,0.06444442,0.9237112,0.9881556,0.9881556,0.00044435365,0.021079697,0.00065100717
2017-01-18,7.599435e-06,0.06452909,0.9237422,0.9882713,0.98827124,0.00041838817,0.020454539,0.00064793474
2017-01-19,7.478615e-06,0.06612895,0.9220345,0.9881635,0.9881635,0.00044209522,0.02102606,0.000631825
2017-01-20,7.5040402e-06,0.06486148,0.9234356,0.9882971,0.9882971,0.00041705047,0.020421814,0.0006412123
2017-01-23,7.090179e-06,0.06743931,0.9209574,0.9883967,0.9883967,0.00041855648,0.020458654,0.0006110487
2017-01-24,7.598787e-06,0.064631425,0.9236191,0.9882505,0.9882505,0.000395021,0.019875135,0.00064673246
2017-01-25,7.5860025e-06,0.06454869,0.92374045,0.9882891,0.9882891,0.00037646136,0.019402612,0.0006477738
2017-01-26,7.4947025e-06,0.06578758,0.9224099,0.9881975,0.98819745,0.00035984648,0.01896962,0.00063501
2017-01-27,7.4870854e-06,0.06511929,0.92318505,0.9883043,0.9883043,0.00036341965,0.019063568,0.000640158
2017-01-30,7.674672e-06,0.06428658,0.92394716,0.98823375,0.98823375,0.0003518221,0.01875692,0.00065226125
2017-01-31,7.5414023e-06,0.06484317,0.9234565,0.98829967,0.98829967,0.00033975486,0.01843244,0.000644546
2017-02-01,7.2665944e-06,0.065819055,0.92266333,0.98848236,0.98848236,0.00032194433,0.017942807,0.0006309098
2017-02-02,7.078716e-06,0.06743638,0.9209645,0.9884009,0.9884009,0.0003301701,0.018170584,0.00061028026
2017-02-03,7.485174e-06,0.065819055,0.92238533,0.9882044,0.98820436,0.00031406325,0.01772183,0.00063457445
2017-02-06,7.3496344e-06,0.06523208,0.92323685,0.98846895,0.98846895,0.00029892748,0.01728952,0.00063737744
2017-02-07,7.4640607e-06,0.06568981,0.9225607,0.9882505,0.9882505,0.0002991823,0.017296888,0.0006352659
2017-02-08,7.6390315e-06,0.06417521,0.9241222,0.9882974,0.9882974,0.00030074138,0.017341897,0.00065276376
2017-02-09,7.2563384e-06,0.06587044,0.922616,0.98848647,0.98848647,0.0002861442,0.016915798,0.0006302444
2017-02-10,7.6044457e-06,0.064327076,0.9239885,0.9883156,0.9883156,0.0002812114,0.016769359,0.0006508194
2017-02-13,7.382585e-06,0.06526943,0.9231611,0.9884305,0.9884305,0.00028361715,0.016840937,0.00063810754
2017-02-14,7.404648e-06,0.06644575,0.9217955,0.98824126,0.98824126,0.00028955375,0.017016279,0.00062971417
2017-02-15,7.347712e-06,0.065401144,0.92304856,0.9884497,0.9884497,0.00027587687,0.016609542,0.0006361486
2017-02-16,7.526217e-06,0.06461069,0.9237554,0.9883661,0.9883661,0.00026223942,0.016193809,0.00064692274
2017-02-17,7.474917e-06,0.06500507,0.9233407,0.98834574,0.98834574,0.00025105532,0.015844725,0.00064138934
2017-02-21,7.367246e-06,0.06516234,0.92326754,0.9884299,0.9884299,0.00023930147,0.015469372,0.0006367489
2017-02-22,6.785834e-06,0.06926118,0.9192933,0.9885545,0.9885545,0.00023776127,0.015419509,0.0005928811
2017-02-23,7.1682925e-06,0.06640255,0.9220957,0.9884983,0.9884983,0.00023093139,0.015196427,0.00062323606
2017-02-24,7.4832906e-06,0.064789735,0.9235991,0.98838884,0.98838884,0.00023643946,0.015376588,0.000644491
2017-02-27,7.564436e-06,0.06461079,0.92369837,0.98830914,0.98830914,0.0002307876,0.015191695,0.00064703875
2017-02-28,7.471583e-06,0.0648098,0.92359304,0.98840284,0.98840284,0.00022079173,0.014859062,0.0006442599
2017-03-01,7.515484e-06,0.064855695,0.9234654,0.98832107,0.98832107,0.00021145535,0.014541504,0.0006435077
2017-03-02,6.3773728e-06,0.070524104,0.9183122,0.9888363,0.9888363,0.00020361676,0.014269434,0.0005712592
2017-03-03,7.3982847e-06,0.066553734,0.92169255,0.98824626,0.98824626,0.00023119897,0.015205229,0.000629441
2017-03-06,7.2936773e-06,0.06558159,0.92288625,0.9884679,0.9884678,0.00023236217,0.015243431,0.0006324659
2017-03-07,7.3527735e-06,0.06555008,0.92285985,0.98840994,0.98840994,0.00022220818,0.014906649,0.0006344032
2017-03-08,7.232316e-06,0.06584725,0.9226835,0.9885307,0.98853076,0.00021254223,0.014578829,0.0006305802
2017-03-09,7.30414e-06,0.06795663,0.9201646,0.9881212,0.9881212,0.00040661223,0.020164628,0.0006148893
2017-03-10,7.5746125e-06,0.06571401,0.9224309,0.9881449,0.9881449,0.00040953394,0.020236945,0.00063893147
2017-03-13,7.5547473e-06,0.06568067,0.9224954,0.9881761,0.9881761,0.00040301346,0.020075195,0.0006389391
2017-03-14,7.6146925e-06,0.06481537,0.92340696,0.9882223,0.98822236,0.00037962137,0.019483875,0.00064653484
2017-03-15,7.435399e-06,0.065784045,0.9225558,0.98833984,0.98833984,0.00037157643,0.019276317,0.00063767564
2017-03-16,7.549078e-06,0.065009095,0.9232274,0.98823655,0.98823655,0.00038616447,0.019651068,0.0006417399
2017-03-17,7.452471e-06,0.06515421,0.92325044,0.98840463,0.98840463,0.00036447044,0.019091109,0.000642711
2017-03-20,7.2808193e-06,0.065661445,0.92277384,0.98843527,0.98843527,0.00034395923,0.018546138,0.000629571
2017-03-21,7.5782973e-06,0.0645866,0.92370105,0.9882876,0.9882876,0.0003337964,0.018270096,0.0006470335
2017-03-22,7.511717e-06,0.06552083,0.9227447,0.9882655,0.9882655,0.0003383868,0.018395294,0.00064014026
2017-03-23,7.51495e-06,0.064720646,0.9236661,0.98838675,0.98838675,0.00033341866,0.018259754,0.0006471014
2017-03-24,7.577569e-06,0.064481124,0.92384017,0.9883213,0.9883213,0.00031897012,0.017859735,0.0006488369
2017-03-27,7.564167e-06,0.06439416,0.9239689,0.9883631,0.9883631,0.00030413957,0.017439598,0.0006500149
2017-03-28,7.557029e-06,0.06433638,0.9240514,0.98838776,0.98838776,0.00029035722,0.01703987,0.00065078156
2017-03-29,7.518338e-06,0.06459392,0.9237904,0.9883843,0.9883843,0.00028687145,0.01693728,0.0006472569
2017-03-30,7.4628947e-06,0.065171525,0.9231584,0.98832995,0.98832995,0.00030686607,0.017517593,0.0006394911
2017-03-31,7.571764e-06,0.06448595,0.9238422,0.98832816,0.98832816,0.00030867665,0.017569195,0.0006487206
2017-04-03,7.4300187e-06,0.06498433,0.9234429,0.9884272,0.9884272,0.00029417372,0.017151494,0.0006420255
2017-04-04,7.4372374e-06,0.064870976,0.923574,0.9884449,0.9884449,0.00028262028,0.016811315,0.00064363383
2017-04-05,7.2122352e-06,0.06659651,0.9217879,0.9883844,0.9883844,0.00028377067,0.016845495,0.0006209108
2017-04-06,7.536774e-06,0.0644575,0.9239309,0.98838836,0.98838836,0.00026908529,0.016403819,0.00064907054
2017-04-07,7.373162e-06,0.06538993,0.9230297,0.98841965,0.98841965,0.0002632014,0.016223483,0.00063669606
2017-04-10,7.315116e-06,0.06541786,0.9230844,0.98850226,0.98850226,0.0002570558,0.01603296,0.0006362223
2017-04-11,7.2470057e-06,0.06588771,0.9226127,0.9885004,0.9885004,0.00026075187,0.016147813,0.00063019723
2017-04-12,7.228342e-06,0.06569821,0.92287546,0.9885737,0.9885737,0.00025001532,0.015811874,0.000632604
2017-04-13,7.390668e-06,0.06543672,0.9229417,0.9883784,0.9883784,0.00024008374,0.015494636,0.0006359427
2017-04-17,7.4605114e-06,0.064829186,0.9235887,0.98841786,0.98841786,0.00022905013,0.015134403,0.0006441395
2017-04-18,7.4066943e-06,0.064895354,0.9235724,0.98846775,0.98846775,0.00022582554,0.015027493,0.00064225943
2017-04-19,7.279607e-06,0.06540793,0.9231097,0.98851764,0.98851764,0.00021747255,0.014746951,0.0006339819
2017-04-20,7.3986616e-06,0.06577157,0.9225169,0.98828846,0.98828846,0.0003052394,0.017471101,0.00063174125
2017-04-21,7.468466e-06,0.064852476,0.92355084,0.9884033,0.9884033,0.0002898463,0.017024873,0.0006440176
2017-04-24,7.6015094e-06,0.06466742,0.92363924,0.98830664,0.98830664,0.0002865467,0.016927691,0.00065007067
2017-04-25,7.610918e-06,0.06419575,0.9241436,0.98833936,0.98833936,0.00027654058,0.01662951,0.0006527018
2017-04-26,7.620595e-06,0.063895874,0.9245018,0.98839766,0.98839766,0.00026583875,0.016304562,0.00065681525
2017-04-27,7.6282176e-06,0.06443579,0.92381483,0.9882506,0.9882506,0.0002534493,0.015920091,0.0006492439
2017-04-28,7.608619e-06,0.06468049,0.92357624,0.98825675,0.9882567,0.00025338057,0.015917933,0.00064791436
2017-05-01,7.697775e-06,0.063556634,0.9247784,0.988335,0.988335,0.00024487288,0.015648415,0.0006599043
2017-05-02,7.5347416e-06,0.06442818,0.9239603,0.9883885,0.98838854,0.00024079067,0.015517431,0.0006489022
2017-05-03,7.678905e-06,0.06411625,0.9241874,0.98830366,0.98830366,0.00026930822,0.016410613,0.0006565221
2017-05-04,7.625527e-06,0.06390969,0.9244507,0.9883604,0.9883604,0.0002571916,0.016037194,0.00065513677
2017-05-05,7.4058325e-06,0.068038024,0.91999805,0.9880361,0.9880361,0.00040217358,0.020054266,0.0006190147
2017-05-08,7.592744e-06,0.06468022,0.9235188,0.988199,0.988199,0.00039275945,0.019818159,0.00064339815
2017-05-09,7.604731e-06,0.064488195,0.92384166,0.9883298,0.9883298,0.00037150658,0.019274507,0.00065163826
2017-05-10,7.600832e-06,0.06511684,0.9230877,0.98820454,0.98820454,0.00036034532,0.018982764,0.00064438616
2017-05-11,7.4655673e-06,0.065366946,0.92286634,0.98823327,0.98823327,0.00040231214,0.020057721,0.00063446397
2017-05-12,7.668696e-06,0.06423938,0.92398936,0.98822874,0.98822874,0.00038564097,0.019637743,0.0006514761
2017-05-15,7.735696e-06,0.06367558,0.9245924,0.98826796,0.98826796,0.0003639969,0.019078702,0.00065936486
2017-05-16,7.5391968e-06,0.06459342,0.9237528,0.9883462,0.9883462,0.00037144765,0.019272977,0.0006469314
2017-05-17,7.3797055e-06,0.065065764,0.9234349,0.98850065,0.98850065,0.0003517696,0.018755522,0.00064175006
2017-05-18,7.6151314e-06,0.06415173,0.9241838,0.9883355,0.9883355,0.00033654025,0.018345034,0.00065284624
2017-05-19,7.3418346e-06,0.06512052,0.92335504,0.98847556,0.98847556,0.0003205468,0.017903822,0.00063706655
2017-05-22,7.1408626e-06,0.0665687,0.9218826,0.98845136,0.98845136,0.00032789327,0.018107824,0.0006183294
2017-05-23,7.373082e-06,0.06561195,0.9227501,0.9883621,0.9883621,0.00031334415,0.017701529,0.00063353917
2017-05-24,7.3583e-06,0.06514061,0.92334914,0.98848975,0.98848975,0.00030982253,0.017601777,0.0006392822
2017-05-25,7.5337043e-06,0.064533964,0.9238405,0.9883745,0.9883745,0.00029380093,0.017140621,0.0006480311
2017-05-26,7.5200614e-06,0.06699973,0.9210381,0.9880378,0.9880378,0.00043593842,0.020879138,0.00062865333
2017-05-30,7.503359e-06,0.06503772,0.9232239,0.98826164,0.98826164,0.00043074216,0.020754328,0.000639217
2017-05-31,7.5704215e-06,0.064589284,0.92376107,0.98835033,0.98835033,0.00040578117,0.02014401,0.0006498401
2017-06-01,7.645006e-06,0.06547287,0.9226632,0.9881361,0.98813605,0.00043159,0.020774744,0.00064439303
2017-06-02,7.642514e-06,0.06458992,0.92367357,0.9882635,0.9882635,0.00040587992,0.020146461,0.0006511742
2017-06-05,7.755473e-06,0.06439206,0.9237803,0.98817235,0.9881724,0.00039672683,0.019918002,0.00065570715
2017-06-06,7.667813e-06,0.06489793,0.92329115,0.9881891,0.9881891,0.0003763422,0.019399542,0.0006492151
2017-06-07,7.67229e-06,0.06410789,0.9241602,0.9882681,0.9882681,0.00037236494,0.01929676,0.00065396697
2017-06-08,7.464913e-06,0.06826934,0.91966116,0.9879305,0.98793054,0.0005308846,0.023040934,0.0006184928
2017-06-09,7.686608e-06,0.06434782,0.92386645,0.98821425,0.98821425,0.0004959691,0.022270363,0.0006521953
2017-06-12,7.749174e-06,0.06386006,0.9243783,0.98823833,0.98823833,0.00046688266,0.021607468,0.00065885007
2017-06-13,7.753683e-06,0.06410037,0.92410237,0.98820275,0.98820275,0.0004410534,0.021001272,0.000657245
2017-06-14,7.526717e-06,0.06468991,0.9236921,0.98838204,0.98838204,0.00041940837,0.020479463,0.00064785196
2017-06-15,7.4266586e-06,0.06789937,0.9201268,0.98802614,0.98802614,0.0004892576,0.022119168,0.0006202394
2017-06-16,7.6127612e-06,0.064257815,0.92399704,0.98825485,0.98825485,0.00046029442,0.021454474,0.00064816186
2017-06-19,7.5733524e-06,0.06387859,0.92451507,0.98839366,0.98839366,0.00043526758,0.020863067,0.0006525188
2017-06-20,7.3787583e-06,0.06531556,0.92312866,0.9884442,0.9884442,0.00041977738,0.020488469,0.0006385334
2017-06-21,7.436648e-06,0.06664416,0.9215783,0.9882224,0.9882225,0.00042774307,0.020681951,0.00063142413
2017-06-22,7.662113e-06,0.06497317,0.92325854,0.9882317,0.9882317,0.00041991862,0.020491917,0.0006510817
2017-06-23,7.5798025e-06,0.0643032,0.9240525,0.9883557,0.9883557,0.0003967831,0.019919416,0.0006509451
2017-06-26,7.717707e-06,0.06413859,0.9241054,0.988244,0.988244,0.00037658896,0.0194059,0.0006564908
2017-06-27,7.7119075e-06,0.063959345,0.9242656,0.988225,0.988225,0.0003601736,0.01897824,0.0006549381
2017-06-28,7.609359e-06,0.0640957,0.92423934,0.988335,0.988335,0.00036466142,0.01909611,0.0006523247
2017-06-29,7.5935095e-06,0.06423676,0.92409104,0.9883278,0.9883278,0.0003523999,0.018772317,0.00065056374
2017-06-30,7.676961e-06,0.063776955,0.9245601,0.9883371,0.9883371,0.00033427062,0.01828307,0.0006582377
2017-07-03,7.486958e-06,0.06459177,0.92379147,0.98838323,0.98838323,0.00035397767,0.018814294,0.0006444959
2017-07-05,7.36941e-06,0.06505749,0.92341995,0.98847747,0.98847747,0.0003654306,0.01911624,0.0006395652
2017-07-06,7.3964898e-06,0.0672862,0.92087877,0.98816496,0.98816496,0.00046136987,0.021479523,0.0006249654
2017-07-07,7.4318014e-06,0.0656002,0.9226827,0.9882829,0.9882829,0.00043697192,0.020903874,0.0006342707
2017-07-10,7.653961e-06,0.06593433,0.92213094,0.98806524,0.98806524,0.00046573766,0.021580955,0.0006413169
2017-07-11,7.651181e-06,0.064476594,0.9237402,0.9882168,0.9882168,0.00043797863,0.02092794,0.00064933056
2017-07-12,7.4696495e-06,0.06551915,0.9227516,0.98827076,0.98827076,0.00042499966,0.02061552,0.00063684
2017-07-13,7.72167e-06,0.06384806,0.9244381,0.9882862,0.9882862,0.00040580766,0.020144667,0.00065919413
2017-07-14,7.682401e-06,0.06383816,0.92445415,0.98829234,0.98829234,0.00039308006,0.019826246,0.0006561857
2017-07-17,7.4295845e-06,0.0650724,0.9233136,0.98838603,0.98838603,0.00037706707,0.019418215,0.0006397113
2017-07-18,7.7436025e-06,0.06372804,0.92453533,0.98826337,0.98826337,0.0003641482,0.019082667,0.0006597807
2017-07-19,7.4726663e-06,0.06482401,0.92353386,0.98835784,0.98835784,0.00034847495,0.018667484,0.0006418626
2017-07-20,7.265246e-06,0.065895095,0.9225348,0.9884299,0.9884299,0.00034419887,0.018552598,0.00062793307
2017-07-21,7.377398e-06,0.06568121,0.92272073,0.98840195,0.98840195,0.00032827983,0.018118493,0.0006360895
2017-07-24,7.6571505e-06,0.064793095,0.92342824,0.98822135,0.98822135,0.00034288884,0.018517258,0.00065008714
2017-07-25,7.5801195e-06,0.06424567,0.9241142,0.9883599,0.9883599,0.00033383706,0.018271208,0.000651209
2017-07-26,7.012224e-06,0.06792068,0.92047566,0.98839635,0.98839635,0.0003846253,0.019611867,0.00060431176
2017-07-27,7.3438723e-06,0.0657833,0.9225839,0.9883672,0.9883672,0.00038199464,0.019544683,0.00063130737
2017-07-28,7.3004835e-06,0.0660539,0.9223161,0.98837,0.98836994,0.00036189792,0.019023614,0.00062772864
2017-07-31,7.1915424e-06,0.06658705,0.92183226,0.9884193,0.9884193,0.0003528245,0.018783623,0.00062099344
2017-08-01,6.960102e-06,0.0676939,0.9208623,0.9885562,0.9885562,0.00033779762,0.018379271,0.0006081988
2017-08-02,7.3217802e-06,0.066729,0.9215574,0.98828644,0.98828644,0.00034668256,0.018619413,0.0006250685
2017-08-03,7.4970126e-06,0.064944066,0.92338455,0.98832864,0.98832864,0.00033159764,0.018209822,0.00064234243
2017-08-04,7.580612e-06,0.06482928,0.9234438,0.9882731,0.9882731,0.00032242067,0.017956076,0.00064642844
2017-08-07,7.4469554e-06,0.06514884,0.9232095,0.9883583,0.9883583,0.00031304438,0.01769306,0.0006396804
2017-08-08,7.5182516e-06,0.06497253,0.9233377,0.9883102,0.9883102,0.00029753585,0.017249228,0.0006431473
2017-08-09,7.506642e-06,0.06466779,0.9237133,0.9883811,0.98838115,0.00028368112,0.016842837,0.000646071
2017-08-10,7.462661e-06,0.06506109,0.92329365,0.98835474,0.98835474,0.00027334326,0.016533095,0.00064083264
2017-08-11,7.530941e-06,0.064877875,0.92343736,0.9883152,0.9883152,0.0002858751,0.016907841,0.0006445088
2017-08-14,7.6862025e-06,0.063648045,0.92469937,0.9883474,0.9883474,0.00027282318,0.01651736,0.0006596133
2017-08-15,7.67648e-06,0.06442171,0.9238392,0.9882609,0.9882609,0.00030218676,0.01738352,0.00065392547
2017-08-16,7.654787e-06,0.06369888,0.924687,0.9883859,0.9883859,0.0002869235,0.016938817,0.0006590952
2017-08-17,7.726997e-06,0.06379691,0.9245137,0.98831064,0.9883106,0.00029044662,0.017042495,0.00066102797
2017-08-18,7.576156e-06,0.06429132,0.9240542,0.9883455,0.9883455,0.0002788349,0.01669835,0.0006500629
2017-08-21,7.229967e-06,0.066249184,0.92213917,0.98838836,0.98838836,0.00032107436,0.017918548,0.0006226482
2017-08-22,7.5212697e-06,0.06517981,0.9230923,0.98827213,0.98827213,0.00034152542,0.018480407,0.00064131594
2017-08-23,7.17982e-06,0.06668544,0.9217583,0.98844373,0.98844373,0.00032471347,0.018019808,0.0006212923
2017-08-24,7.445772e-06,0.065221116,0.9231225,0.98834366,0.98834366,0.00032312487,0.017975675,0.00063877425
2017-08-25,7.426988e-06,0.065322675,0.9230252,0.9883479,0.9883479,0.0003336484,0.018266045,0.00063739414
2017-08-28,7.669037e-06,0.06383454,0.924503,0.9883376,0.9883376,0.00032067904,0.017907513,0.00065758516
2017-08-29,7.2616826e-06,0.066339485,0.9220259,0.9883654,0.9883654,0.00035336765,0.018798076,0.0006241461
2017-08-30,7.052808e-06,0.06732362,0.92114747,0.9884711,0.9884711,0.00033368633,0.018267084,0.0006117498
2017-08-31,6.9599287e-06,0.06774281,0.92078334,0.98852617,0.98852617,0.00032203153,0.017945237,0.00060659135
2017-09-01,5.9519743e-06,0.07556316,0.913023,0.9885861,0.9885862,0.00035293744,0.01878663,0.00052146846
2017-09-05,6.0878137e-06,0.07921704,0.90876937,0.9879864,0.9879864,0.00032827235,0.018118288,0.0005067429
2017-09-06,7.037547e-06,0.067374915,0.9210453,0.98842025,0.98842025,0.0003679465,0.019181931,0.00060774595
2017-09-07,7.4872078e-06,0.06505969,0.9232565,0.98831624,0.9883162,0.00035264983,0.018778972,0.00064082164
2017-09-08,7.5303947e-06,0.06466194,0.9236848,0.9883467,0.9883467,0.00033325344,0.01825523,0.00064620253
2017-09-11,7.552512e-06,0.06508967,0.9231719,0.9882615,0.9882616,0.00038828724,0.019705005,0.00064339786
2017-09-12,7.5624102e-06,0.0647392,0.9235405,0.9882797,0.9882797,0.00037555624,0.019379273,0.00064524036
2017-09-13,7.525746e-06,0.064686805,0.923661,0.98834777,0.98834777,0.00035501982,0.018841969,0.00064586307
2017-09-14,7.414178e-06,0.06576134,0.9225003,0.98826164,0.98826164,0.000365917,0.019128956,0.0006316196
2017-09-15,7.5359917e-06,0.06508129,0.92315644,0.98823774,0.98823774,0.00035391067,0.018812513,0.0006406924
2017-09-18,7.351705e-06,0.06543976,0.9229645,0.9884043,0.9884043,0.0003342546,0.018282631,0.0006340013
2017-09-19,7.3617352e-06,0.06568573,0.922667,0.9883528,0.9883528,0.00031585858,0.01777241,0.0006320592
2017-09-20,7.590307e-06,0.064226575,0.9241122,0.98833877,0.98833877,0.00030398657,0.01743521,0.000650901
2017-09-21,7.234126e-06,0.06641971,0.92197037,0.9883901,0.9883901,0.0003102119,0.017612834,0.0006230991
2017-09-22,7.2593607e-06,0.06585375,0.92260146,0.98845524,0.98845524,0.0002936672,0.017136721,0.0006288011
2017-09-25,7.375345e-06,0.065378286,0.9230297,0.988408,0.988408,0.00027844383,0.016686637,0.000636246
2017-09-26,7.102656e-06,0.067153774,0.9212757,0.9884294,0.9884294,0.00032358407,0.017988443,0.0006138552
2017-09-27,7.351626e-06,0.06589182,0.922451,0.9883428,0.9883428,0.00030829106,0.017558219,0.0006306523
2017-09-28,7.464322e-06,0.06526737,0.9230351,0.98830247,0.98830247,0.00029322846,0.017123915,0.0006381109
2017-09-29,7.5648895e-06,0.064608425,0.9236977,0.98830616,0.98830616,0.00028664301,0.016930535,0.0006469126
2017-10-02,7.610889e-06,0.06434446,0.9239488,0.9882933,0.9882933,0.00027256785,0.01650963,0.0006501305
2017-10-03,7.6018473e-06,0.064906195,0.9233421,0.9882483,0.9882483,0.00028935706,0.017010499,0.0006468715
2017-10-04,7.5030143e-06,0.064269885,0.9241549,0.9884248,0.9884248,0.00027553065,0.016599115,0.00064819615
2017-10-05,7.5308317e-06,0.06459875,0.9237631,0.98836184,0.98836184,0.00026734557,0.016350705,0.0006470807
2017-10-06,7.548589e-06,0.06438031,0.9240081,0.98838836,0.98838836,0.00027069962,0.016452951,0.00065008807
2017-10-09,7.6080714e-06,0.06544849,0.9227351,0.9881836,0.9881836,0.00031645884,0.01778929,0.00064385793
2017-10-10,7.620847e-06,0.06373229,0.92464674,0.988379,0.988379,0.00030168885,0.017369192,0.00065578247
2017-10-11,7.3768797e-06,0.065651245,0.9226945,0.98834574,0.98834574,0.00033109612,0.018196046,0.00063297723
2017-10-12,7.5805506e-06,0.06440647,0.92392504,0.9883315,0.9883315,0.00031627776,0.017784199,0.0006496592
2017-10-13,7.5363378e-06,0.06479377,0.9235107,0.98830444,0.98830444,0.0003123805,0.01767429,0.00064437574
2017-10-16,7.4297204e-06,0.065296486,0.92303264,0.9883291,0.9883291,0.00031349398,0.01770576,0.00063660287
2017-10-17,7.515539e-06,0.06487457,0.92344415,0.98831874,0.98831874,0.00030086166,0.017345365,0.00064338435
2017-10-18,7.578516e-06,0.064259715,0.924107,0.9883667,0.9883667,0.00028534463,0.016892146,0.0006514515
2017-10-19,7.1647596e-06,0.06581052,0.92269516,0.98850566,0.98850566,0.00027178615,0.016485939,0.0006233294
2017-10-20,7.543263e-06,0.06443399,0.9239146,0.9883486,0.9883486,0.0002722683,0.016500555,0.0006474128
2017-10-23,7.1375853e-06,0.0667774,0.9216831,0.9884605,0.9884605,0.00025978286,0.016117781,0.00061853405
2017-10-24,7.6251517e-06,0.06419907,0.924116,0.9883151,0.9883151,0.00025093625,0.015840968,0.00065256486
2017-10-25,7.2981584e-06,0.06569233,0.92277086,0.98846316,0.98846316,0.0002468483,0.015711406,0.00063259614
2017-10-26,7.40569e-06,0.06505176,0.9233953,0.988447,0.988447,0.00023727768,0.01540382,0.0006410194
2017-10-27,7.3235115e-06,0.06561287,0.9228281,0.98844093,0.98844093,0.00023124971,0.015206897,0.00063357275
2017-10-30,6.9721714e-06,0.06739937,0.9211845,0.98858386,0.98858386,0.00025670332,0.016021963,0.00061072945
2017-10-31,7.0497886e-06,0.06759198,0.920818,0.98840994,0.98840994,0.00024474176,0.015644224,0.00060826144
2017-11-01,7.308322e-06,0.065421045,0.92307407,0.9884951,0.9884951,0.00023349399,0.01528051,0.0006352362
2017-11-02,7.407924e-06,0.06537182,0.9229925,0.98836434,0.98836434,0.00022303197,0.014934255,0.0006366569
2017-11-03,7.35705e-06,0.065321475,0.9231167,0.9884381,0.9884381,0.00021440256,0.014642492,0.00063632004
2017-11-06,7.274647e-06,0.066235416,0.9221341,0.9883695,0.9883695,0.0002307028,0.015188904,0.0006254815
2017-11-07,6.9250523e-06,0.06877213,0.91957104,0.9883432,0.9883432,0.00027975356,0.016725834,0.0005940773
2017-11-08,7.372689e-06,0.06567764,0.9226701,0.98834777,0.98834777,0.00026473973,0.016270824,0.0006327277
2017-11-09,7.350879e-06,0.06586311,0.9224749,0.98833805,0.98833805,0.0002549321,0.015966592,0.00063033035
2017-11-10,7.304309e-06,0.06630443,0.9220027,0.9883071,0.9883071,0.00024495297,0.015650973,0.00062467996
2017-11-13,7.417778e-06,0.06544289,0.9228921,0.988335,0.988335,0.0002371732,0.015400428,0.0006359011
2017-11-14,7.3737515e-06,0.06546514,0.9229326,0.9883978,0.9883978,0.00022630389,0.0150434,0.00063554646
2017-11-15,7.4088716e-06,0.06540015,0.9229578,0.98835796,0.9883579,0.00024009409,0.01549497,0.00063638954
2017-11-16,7.43405e-06,0.06513952,0.92320555,0.9883451,0.9883451,0.0002321221,0.0152355535,0.0006378469
2017-11-17,7.3516853e-06,0.065279275,0.923113,0.98839223,0.98839223,0.0002226117,0.014920178,0.00063334196
2017-11-20,7.171453e-06,0.067025945,0.92130977,0.9883357,0.9883357,0.0002536847,0.015927482,0.0006148222
2017-11-21,7.373673e-06,0.0654476,0.9229524,0.98840004,0.9884,0.00024562964,0.015672576,0.00063566375
2017-11-22,7.364976e-06,0.065450326,0.9229649,0.9884152,0.9884152,0.0002449163,0.015649801,0.0006357438
2017-11-24,7.358068e-06,0.06570994,0.9226519,0.98836184,0.98836184,0.0002608798,0.016151775,0.00063223613
2017-11-27,6.9525386e-06,0.06739636,0.92117816,0.9885745,0.9885745,0.00026418117,0.01625365,0.0006085109
2017-11-28,7.276396e-06,0.06641082,0.92191094,0.9883218,0.9883218,0.0002646572,0.016268289,0.0006230741
2017-11-29,7.4335026e-06,0.06525058,0.923105,0.9883556,0.9883556,0.00025161973,0.015862526,0.0006383745
2017-11-30,7.5081125e-06,0.06503107,0.92326045,0.9882915,0.9882915,0.00024942996,0.015793351,0.00064125325
2017-12-01,7.276451e-06,0.065534815,0.9229561,0.98849094,0.98849094,0.00023794432,0.015425444,0.0006322367
2017-12-04,7.1196055e-06,0.06737522,0.9209725,0.98834777,0.98834777,0.0002444036,0.015633414,0.0006110079
2017-12-05,7.388443e-06,0.06618924,0.92207736,0.9882666,0.9882666,0.0002486174,0.015767606,0.0006296926
2017-12-06,7.0831147e-06,0.06647882,0.9220896,0.9885684,0.9885684,0.00023700419,0.01539494,0.0006196097
2017-12-07,7.4270342e-06,0.06662587,0.9215596,0.98818547,0.98818547,0.000283361,0.01683333,0.00062863535
2017-12-08,6.938865e-06,0.06719434,0.9214189,0.98861325,0.98861325,0.00027934517,0.016713623,0.00060938054
2017-12-11,7.2338103e-06,0.066277884,0.92214376,0.9884216,0.9884216,0.0002732365,0.016529867,0.0006247687
2017-12-12,7.434332e-06,0.065248586,0.9231043,0.9883529,0.9883529,0.00026676428,0.01633292,0.0006382987
2017-12-13,7.2988637e-06,0.06652733,0.92182434,0.98835164,0.98835164,0.00026837527,0.016382163,0.0006266003
2017-12-14,7.3956853e-06,0.06600031,0.92228127,0.9882816,0.9882816,0.0002609968,0.016155396,0.0006311177
2017-12-15,7.459054e-06,0.06452912,0.923923,0.98845214,0.98845214,0.00025182622,0.015869033,0.000645925
2017-12-18,7.25235e-06,0.06580278,0.9226173,0.9884201,0.9884201,0.00024132556,0.015534657,0.00062628934
2017-12-19,7.2135545e-06,0.06632655,0.9220777,0.9884043,0.9884043,0.0002303777,0.015178198,0.00062208733
2017-12-20,7.211496e-06,0.06625457,0.92223144,0.988486,0.988486,0.0002212955,0.014876004,0.0006263237
2017-12-21,7.147875e-06,0.06620208,0.9223729,0.988575,0.988575,0.00021883487,0.014793068,0.0006256336
2017-12-22,7.2120574e-06,0.06604814,0.9224585,0.9885067,0.9885067,0.00021027628,0.014500906,0.00062749966
2017-12-26,7.248171e-06,0.066087954,0.9223588,0.9884468,0.9884468,0.00020136191,0.014190204,0.00062737195
2017-12-27,6.922845e-06,0.068027735,0.92049134,0.9885191,0.9885191,0.00023458693,0.015316231,0.00060298655
2017-12-28,7.271703e-06,0.06613565,0.92226106,0.9883967,0.9883967,0.0002251121,0.015003736,0.0006266929
2017-12-29,7.242641e-06,0.06627751,0.92213315,0.98841065,0.98841065,0.00021552335,0.014680713,0.00062493945
2018-01-02,7.401173e-06,0.065420814,0.922944,0.9883648,0.9883648,0.00021184958,0.014555053,0.0006361028
2018-01-03,7.292662e-06,0.066077545,0.9222997,0.9883772,0.9883772,0.00020300083,0.014247836,0.00062744523
2018-01-04,7.1288127e-06,0.066743396,0.92174107,0.98848444,0.98848444,0.00022206837,0.014901958,0.00061905925
2018-01-05,7.0478704e-06,0.067050435,0.9214925,0.988543,0.988543,0.00021414847,0.014633813,0.00061515707
2018-01-08,7.20068e-06,0.0664675,0.92194754,0.98841506,0.98841506,0.00021040079,0.014505198,0.0006215554
2018-01-09,7.2680646e-06,0.06593999,0.9225104,0.9884504,0.9884504,0.00020250767,0.014230519,0.00062929187
2018-01-10,7.0520846e-06,0.06731885,0.921154,0.9884729,0.9884729,0.00021913485,0.014803204,0.00061178196
2018-01-11,7.2558487e-06,0.066274874,0.92211473,0.9883896,0.9883896,0.00021486217,0.014658177,0.0006249445
2018-01-12,7.180044e-06,0.066757664,0.9216376,0.9883953,0.9883953,0.00020613756,0.014357491,0.0006187172
2018-01-16,7.320466e-06,0.06584796,0.9225433,0.9883913,0.9883913,0.00020098794,0.014177022,0.0006306006
2018-01-17,7.310337e-06,0.065768614,0.92265606,0.98842466,0.98842466,0.00019824448,0.014079932,0.000631544
2018-01-18,7.0743313e-06,0.06696808,0.9215172,0.9884853,0.9884853,0.00019103699,0.013821613,0.00061437266
2018-01-19,7.0427054e-06,0.066516645,0.92208296,0.9885996,0.9885996,0.00018313853,0.013532869,0.0006177594
2018-01-22,7.1199906e-06,0.06677279,0.92168045,0.9884532,0.98845327,0.00018172573,0.013480568,0.00061662076
2018-01-23,7.15884e-06,0.0664488,0.92205584,0.98850465,0.98850465,0.00017479564,0.01322103,0.0006227596
2018-01-24,7.0312744e-06,0.06767386,0.92075044,0.9884243,0.9884243,0.00018343973,0.013543992,0.00060741685
2018-01-25,7.322584e-06,0.06604618,0.92229384,0.98834,0.98834,0.00019616388,0.014005852,0.00062801
2018-01-26,7.219365e-06,0.06622993,0.92223155,0.9884615,0.9884615,0.00018844873,0.013727663,0.00062567595
2018-01-29,7.092535e-06,0.067057766,0.92141306,0.98847085,0.98847085,0.00018678121,0.013666792,0.0006151829
2018-01-30,7.2961748e-06,0.06591495,0.922498,0.9884129,0.9884129,0.0001846828,0.013589805,0.00062968174
2018-01-31,6.781943e-06,0.068786286,0.9198167,0.98860294,0.98860294,0.00019569538,0.013989116,0.0005950605
2018-02-01,6.741944e-06,0.06811431,0.92063653,0.9887509,0.9887508,0.00018754463,0.013694693,0.0005993305
2018-02-02,7.0162964e-06,0.067334294,0.921192,0.9885263,0.9885263,0.00019718314,0.014042191,0.0006115104
2018-02-05,7.286137e-06,0.065977395,0.9224338,0.9884112,0.9884112,0.00019075013,0.013811232,0.00062872167
2018-02-06,7.439086e-06,0.06533377,0.92303246,0.98836625,0.98836625,0.00021043066,0.014506228,0.00063943985
2018-02-07,7.3284505e-06,0.06595684,0.9224024,0.9883592,0.9883592,0.00021132808,0.014537128,0.0006295494
2018-02-08,7.4781815e-06,0.06597569,0.9222867,0.98826236,0.98826236,0.00024617102,0.015689839,0.0006371109
2018-02-09,7.5293333e-06,0.064453036,0.9239352,0.98838824,0.9883882,0.00024200145,0.015556396,0.0006484231
2018-02-12,7.3139026e-06,0.068076454,0.92007434,0.9881508,0.9881508,0.00029981695,0.017315224,0.00061724737
2018-02-13,7.4395184e-06,0.065083124,0.92329335,0.9883765,0.9883765,0.00028327946,0.016830908,0.0006400411
2018-02-14,7.5539997e-06,0.06437454,0.9239992,0.98837376,0.98837376,0.00026923107,0.016408263,0.0006497369
2018-02-15,7.4468994e-06,0.06513514,0.92322296,0.9883581,0.9883581,0.0002912837,0.017067036,0.0006396625
2018-02-16,7.461912e-06,0.06478446,0.92361885,0.9884033,0.9884033,0.00028558902,0.016899379,0.00064345245
2018-02-20,7.3295746e-06,0.06515356,0.9233279,0.98848146,0.98848146,0.0002730498,0.016524218,0.00063632854
2018-02-21,7.274484e-06,0.066393025,0.9219718,0.9883648,0.9883648,0.00026016321,0.016129576,0.0006252143
2018-02-22,7.537696e-06,0.06439585,0.92398715,0.988383,0.988383,0.0002480957,0.015751055,0.0006488502
2018-02-23,7.5567264e-06,0.06433867,0.92404807,0.98838675,0.98838675,0.00025600183,0.016000057,0.00065069867
2018-02-26,7.253561e-06,0.06556956,0.92297053,0.9885401,0.9885401,0.00025355245,0.01592333,0.0006329522
2018-02-27,7.338901e-06,0.065377854,0.9230969,0.9884747,0.9884747,0.00024319453,0.015594696,0.0006367659
2018-02-28,7.4521563e-06,0.06516798,0.92317814,0.9883461,0.9883461,0.00024542672,0.015666101,0.000639456
2018-03-01,7.4429095e-06,0.06622217,0.92200565,0.98822784,0.98822784,0.0002662019,0.016315695,0.00063224696
2018-03-02,6.643341e-06,0.06899418,0.9197513,0.98874545,0.98874545,0.00026066304,0.016145062,0.0005902805
2018-03-05,7.4299205e-06,0.06508948,0.9233113,0.98840076,0.98840076,0.0002475011,0.015732167,0.0006405522
2018-03-06,7.3236088e-06,0.065521464,0.92294335,0.98846483,0.98846483,0.00026488458,0.016275275,0.000634894
2018-03-07,7.4060345e-06,0.06513451,0.9232916,0.98842615,0.98842615,0.00025180087,0.015868235,0.0006398937
2018-03-08,7.531184e-06,0.06516757,0.92310905,0.9882766,0.9882766,0.00027639564,0.016625151,0.0006424062
2018-03-09,7.539216e-06,0.06490207,0.9233863,0.98828834,0.98828834,0.00028201108,0.016793186,0.00064373604
2018-03-12,7.296602e-06,0.06575724,0.9226909,0.98844814,0.98844814,0.0003311168,0.018196614,0.00063163886
2018-03-13,7.5342873e-06,0.06491265,0.9233763,0.988289,0.988289,0.00032115143,0.017920699,0.00064335123
2018-03-14,7.578221e-06,0.064334154,0.9240185,0.98835266,0.98835266,0.00031177318,0.0176571,0.0006506394
2018-03-15,7.2678445e-06,0.065526,0.9230205,0.9885465,0.9885465,0.00029662653,0.01722285,0.00063455175
2018-03-16,7.2956404e-06,0.06556105,0.92293614,0.9884972,0.9884972,0.00028187563,0.016789151,0.00063424895
2018-03-19,7.1467534e-06,0.06620777,0.9223227,0.98853046,0.98853046,0.00028960005,0.01701764,0.0006231071
2018-03-20,7.2414987e-06,0.06575176,0.92274904,0.9885008,0.98850083,0.0002757389,0.016605387,0.0006297379
2018-03-21,6.8310515e-06,0.068666466,0.91988087,0.9885473,0.9885473,0.00029101915,0.017059283,0.000596459
2018-03-22,7.014852e-06,0.06730496,0.92123336,0.9885383,0.9885383,0.0003256995,0.018047146,0.0006120268
2018-03-23,7.3223346e-06,0.06575312,0.92266804,0.98842114,0.98842114,0.00031965162,0.017878804,0.00063238834
2018-03-26,7.206011e-06,0.066080086,0.92243755,0.98851764,0.98851764,0.00034024514,0.018445736,0.0006275724
2018-03-27,7.3466217e-06,0.06572542,0.9226525,0.9883779,0.9883779,0.00032288907,0.017969115,0.0006321267
2018-03-28,7.3974475e-06,0.06515578,0.92327857,0.9884344,0.9884344,0.00030679145,0.017515464,0.0006396063
2018-03-29,7.5297394e-06,0.06455212,0.9238233,0.9883754,0.9883754,0.0003028115,0.01740148,0.00064774323
2018-04-02,7.4649934e-06,0.06479837,0.9236188,0.98841715,0.98841715,0.0002918534,0.017083718,0.0006444867
2018-04-03,7.5047024e-06,0.06597845,0.9222239,0.9882024,0.9882024,0.00033694433,0.018356044,0.00063612073
2018-04-04,7.46217e-06,0.064689845,0.92374694,0.9884368,0.9884368,0.00032211991,0.0179477,0.0006453388
2018-04-05,7.5550665e-06,0.06442033,0.92394894,0.9883693,0.9883693,0.0003054062,0.017475875,0.0006495789
2018-04-06,7.475058e-06,0.06453499,0.92392445,0.9884594,0.98845947,0.0002901186,0.017032867,0.0006477188
2018-04-09,7.6035044e-06,0.06472026,0.9235365,0.98825675,0.98825675,0.000312097,0.017666267,0.00064747885
2018-04-10,7.3892e-06,0.06505698,0.9233972,0.98845416,0.98845416,0.00032558476,0.018043967,0.0006399883
2018-04-11,6.90867e-06,0.06801908,0.9205281,0.9885472,0.9885472,0.0003754256,0.019375902,0.0006032301
2018-04-12,7.26172e-06,0.066209294,0.92218655,0.98839587,0.98839587,0.00037852573,0.019455738,0.00062578754
2018-04-13,7.3871765e-06,0.06549724,0.92287445,0.9883717,0.9883717,0.00035714236,0.01889821,0.0006352741
2018-04-16,7.4063537e-06,0.065158464,0.9232622,0.98842067,0.98842067,0.0003383238,0.01839358,0.00063961826
2018-04-17,7.5410294e-06,0.06502387,0.9232546,0.9882785,0.9882785,0.0003403023,0.018447284,0.00064335065
2018-04-18,7.475649e-06,0.06445021,0.92403495,0.98848516,0.98848516,0.00032291882,0.017969942,0.0006492185
2018-04-19,7.1406002e-06,0.06653009,0.9219601,0.9884902,0.9884902,0.00035878408,0.018941596,0.00062039436
2018-04-20,7.1424033e-06,0.066070676,0.92250526,0.98857594,0.98857594,0.00033847344,0.018397648,0.00062520686
2018-04-23,6.953653e-06,0.06811794,0.9203605,0.9884784,0.9884784,0.00031946282,0.017873524,0.00060353306
2018-04-24,7.3504984e-06,0.06527241,0.92320883,0.9884812,0.9884812,0.00030183638,0.017373439,0.00063813187
2018-04-25,7.401929e-06,0.065385625,0.9229841,0.98836976,0.98836976,0.0002988523,0.017287346,0.0006364384
2018-04-26,7.5697194e-06,0.06420678,0.9241918,0.98839855,0.98839855,0.00028481957,0.016876599,0.0006524806
2018-04-27,7.388554e-06,0.065133296,0.9233217,0.988455,0.988455,0.0002710096,0.016462369,0.00063997856
2018-04-30,7.398533e-06,0.0648164,0.92370015,0.98851657,0.98851657,0.00025777592,0.016055401,0.00064427895
2018-05-01,7.431352e-06,0.06496776,0.92345923,0.988427,0.988427,0.00024836365,0.015759557,0.0006421275
2018-05-02,7.4184677e-06,0.065741844,0.9225689,0.98831075,0.98831075,0.00026193788,0.016184496,0.0006346404
2018-05-03,7.489965e-06,0.06445676,0.92398804,0.9884448,0.9884448,0.00025541708,0.015981773,0.00064819027
2018-05-04,7.41602e-06,0.0647929,0.9237026,0.98849547,0.98849547,0.00024673727,0.015707873,0.0006446173
2018-05-07,7.299134e-06,0.065684974,0.92277867,0.98846364,0.98846364,0.00025735406,0.016042259,0.00063270685
2018-05-08,7.3411425e-06,0.065676145,0.92272216,0.9883983,0.9883983,0.0002579211,0.016059922,0.0006327651
2018-05-09,7.4334994e-06,0.06557209,0.92276186,0.98833394,0.98833394,0.00028357882,0.016839799,0.00063719024
2018-05-10,7.0071314e-06,0.06755854,0.9209202,0.9884787,0.9884787,0.00032592544,0.018053405,0.00060819037
2018-05-11,7.3230485e-06,0.06584297,0.9225434,0.9883864,0.9883864,0.000307707,0.01754158,0.0006305576
2018-05-14,7.490084e-06,0.06477556,0.9236083,0.9883838,0.9883839,0.00029717627,0.017238801,0.00064479804
2018-05-15,7.4110953e-06,0.06535727,0.9230084,0.98836565,0.98836565,0.00028272776,0.016814511,0.00063700124
2018-05-16,7.3505626e-06,0.06541397,0.9230325,0.9884465,0.9884465,0.0002698039,0.016425708,0.0006362181
2018-05-17,7.1005684e-06,0.06642405,0.92215335,0.9885774,0.9885774,0.0002567292,0.016022772,0.0006216259
2018-05-18,7.3896144e-06,0.06530812,0.9231031,0.9884112,0.9884112,0.00024384802,0.015615634,0.0006376507
2018-05-21,7.191412e-06,0.06591327,0.9225997,0.98851293,0.98851293,0.0002331469,0.015269149,0.00062604423
2018-05-22,7.0123924e-06,0.06669112,0.9219136,0.9886047,0.9886047,0.00023367301,0.015286366,0.00061537715
2018-05-23,7.0631327e-06,0.06709532,0.9214092,0.9885045,0.9885045,0.0002226458,0.014921321,0.00061442744
2018-05-24,7.445559e-06,0.064837225,0.923601,0.9884382,0.9884382,0.00021343258,0.014609332,0.0006439786
2018-05-25,7.4494806e-06,0.06498168,0.92341477,0.98839647,0.98839647,0.00022136315,0.014878278,0.000642001
2018-05-29,7.517833e-06,0.06550563,0.9227297,0.9882353,0.9882353,0.00032154087,0.01793156,0.00063901587
2018-05-30,7.4814734e-06,0.0648198,0.9235672,0.988387,0.988387,0.00032387493,0.017996525,0.000644232
2018-05-31,7.323215e-06,0.065682314,0.9227207,0.98840296,0.98840296,0.0003371198,0.018360822,0.0006314729
2018-06-01,7.5453736e-06,0.06515797,0.92308366,0.9882416,0.9882416,0.00033859778,0.018401027,0.0006417014
2018-06-04,7.661859e-06,0.06406284,0.9242319,0.9882947,0.9882947,0.00034302106,0.018520828,0.00065456436
2018-06-05,7.601153e-06,0.06421819,0.9241319,0.9883501,0.98835003,0.00034208392,0.018495511,0.0006524647
2018-06-06,7.5761036e-06,0.06416946,0.92422855,0.988398,0.988398,0.00033234837,0.018230425,0.00065300066
2018-06-07,7.641409e-06,0.064112104,0.92420423,0.98831636,0.98831636,0.00032455905,0.018015523,0.0006540262
2018-06-08,7.401501e-06,0.065177225,0.9232078,0.988385,0.988385,0.00032938577,0.018148988,0.0006372376
2018-06-11,7.579592e-06,0.06405945,0.9243608,0.98842025,0.98842025,0.00031225872,0.017670844,0.0006545556
2018-06-12,7.6176016e-06,0.06406597,0.9242931,0.9883591,0.9883591,0.0002979668,0.017261714,0.00065438217
2018-06-13,7.647692e-06,0.06373593,0.9246596,0.9883955,0.9883956,0.0002838974,0.016849255,0.0006590288
2018-06-14,7.4538034e-06,0.064506486,0.92396665,0.9884731,0.9884731,0.00027116184,0.016466992,0.0006466452
2018-06-15,7.514145e-06,0.06462429,0.92375976,0.98838407,0.98838407,0.00025879132,0.016086992,0.0006468827
2018-06-18,7.4661734e-06,0.065738074,0.9225183,0.9882564,0.9882564,0.00029716038,0.017238341,0.000635765
2018-06-19,7.023281e-06,0.06638647,0.92222434,0.9886108,0.9886108,0.00029080405,0.017052978,0.0006166617
2018-06-20,7.2884704e-06,0.065428436,0.9230674,0.9884958,0.9884958,0.0002850165,0.01688243,0.0006335501
2018-06-21,7.4080417e-06,0.06553349,0.92281425,0.98834777,0.98834777,0.00028991632,0.01702693,0.00063576165
2018-06-22,7.698043e-06,0.06365331,0.9246862,0.9883395,0.9883395,0.000282255,0.016800446,0.0006601803
2018-06-25,7.0819183e-06,0.06709829,0.9213407,0.988439,0.98843896,0.00039817873,0.019954417,0.00061257096
2018-06-26,7.5776998e-06,0.06487836,0.92340505,0.9882834,0.9882834,0.00037777075,0.019436326,0.0006467488
2018-06-27,7.324784e-06,0.06578882,0.9225819,0.9883707,0.9883707,0.00043641854,0.020890633,0.00062985683
2018-06-28,7.1193786e-06,0.067306004,0.9210309,0.98833686,0.98833686,0.00047273183,0.021742398,0.00061041705
2018-06-29,7.3729525e-06,0.065720424,0.92264235,0.9883628,0.9883628,0.00044821706,0.021171138,0.000633567
2018-07-02,7.101699e-06,0.06670887,0.9217965,0.98850536,0.98850536,0.00042653654,0.020652762,0.0006178272
2018-07-03,7.2475236e-06,0.067834504,0.9203464,0.9881809,0.9881809,0.00040091207,0.020022789,0.0006132031
2018-07-05,7.332771e-06,0.065216556,0.92325455,0.9884711,0.9884711,0.000376637,0.019407138,0.00063603336
2018-07-06,7.4805366e-06,0.06466194,0.9237634,0.9884253,0.9884253,0.000372941,0.01931168,0.0006462842
2018-07-09,7.5649573e-06,0.064813524,0.9234427,0.9882563,0.9882562,0.0003605165,0.018987272,0.0006441702
2018-07-10,7.2223515e-06,0.065567665,0.9229954,0.98856306,0.98856306,0.0003404938,0.018452475,0.0006314934
2018-07-11,7.199414e-06,0.06600085,0.9225447,0.9885456,0.98854554,0.00032220036,0.01794994,0.00062852807
2018-07-12,7.3391334e-06,0.068943955,0.9190155,0.9879595,0.9879595,0.0004820847,0.021956427,0.00060953747
2018-07-13,7.54216e-06,0.0639883,0.9244267,0.98841494,0.988415,0.00045044452,0.02122368,0.00065102486
2018-07-16,7.421306e-06,0.06458706,0.923909,0.98849607,0.98849607,0.0004295799,0.02072631,0.0006451102
2018-07-17,7.416201e-06,0.06806628,0.91994554,0.98801184,0.98801184,0.000521906,0.022845263,0.00061862695
2018-07-18,7.528602e-06,0.06403435,0.92439336,0.9884277,0.9884277,0.00048754152,0.022080343,0.00065057084
2018-07-19,7.440395e-06,0.064457804,0.92399836,0.98845613,0.98845613,0.00046423433,0.021546097,0.00064453215
2018-07-20,7.5785974e-06,0.06413456,0.92421526,0.9883498,0.9883498,0.00044269764,0.021040382,0.00065051194
2018-07-23,7.4274817e-06,0.065262794,0.9231493,0.9884121,0.9884121,0.00042939742,0.020721907,0.00064096774
2018-07-24,7.617892e-06,0.064082965,0.9243049,0.9883879,0.9883879,0.0004950863,0.022250535,0.00065602956
2018-07-25,7.640741e-06,0.06389183,0.924473,0.9883648,0.9883648,0.00047041776,0.021689117,0.0006566928
2018-07-26,7.631394e-06,0.06402342,0.9243124,0.98833585,0.98833585,0.00045037456,0.02122203,0.00065426045
2018-07-27,7.5372486e-06,0.06423389,0.9241853,0.9884192,0.9884192,0.00042506107,0.020617008,0.00065083866
2018-07-30,7.735524e-06,0.06349887,0.9248193,0.98831815,0.98831815,0.00041215343,0.020301562,0.0006621829
2018-07-31,7.639874e-06,0.06381483,0.9245655,0.9883803,0.9883803,0.00041561108,0.020386541,0.00065749395
2018-08-01,7.6821e-06,0.064072736,0.9242312,0.9883039,0.9883039,0.00041734043,0.02042891,0.00065680867
2018-08-02,7.6033734e-06,0.06536366,0.9228286,0.98819226,0.98819226,0.00041056116,0.020262308,0.00064393133
2018-08-03,7.5972303e-06,0.06418445,0.92412764,0.98831207,0.98831207,0.00040956627,0.020237744,0.00065000623
2018-08-06,7.797324e-06,0.06316635,0.9251417,0.9883081,0.9883081,0.00038930346,0.019730775,0.00066689803
2018-08-07,7.776631e-06,0.0631441,0.9251901,0.9883342,0.9883342,0.00037134788,0.019270388,0.00066661666
2018-08-08,7.499192e-06,0.06436509,0.92408067,0.98844576,0.98844576,0.00035161653,0.01875144,0.00064904237
2018-08-09,7.5170233e-06,0.06628604,0.92184806,0.9881341,0.9881341,0.00040255187,0.020063695,0.0006334972
2018-08-10,7.802385e-06,0.06293141,0.92538244,0.98831385,0.98831385,0.00037892433,0.01946598,0.0006676611
2018-08-13,7.540137e-06,0.064074606,0.92434824,0.9884229,0.9884229,0.00036745513,0.019169118,0.00065129594
2018-08-14,7.7423365e-06,0.06340623,0.92492616,0.9883324,0.9883324,0.00035000182,0.018708335,0.00066357525
2018-08-15,7.711442e-06,0.06320566,0.9251842,0.98838985,0.98838985,0.00033190407,0.018218234,0.0006641983
2018-08-16,7.759738e-06,0.063881524,0.924368,0.98824954,0.98824954,0.0003754719,0.019377097,0.0006603774
2018-08-17,7.673019e-06,0.063415535,0.92496794,0.9883835,0.9883835,0.00035766733,0.018912096,0.00066052604
2018-08-20,7.620251e-06,0.06381427,0.9245353,0.98834956,0.98834956,0.00034127687,0.018473681,0.0006540739
2018-08-21,7.472713e-06,0.06428763,0.9241457,0.98843336,0.98843336,0.00032684839,0.01807895,0.0006460574
2018-08-22,7.4971463e-06,0.064564966,0.92384195,0.9884069,0.9884069,0.00032127224,0.017924068,0.0006466902
2018-08-23,7.3070555e-06,0.06535156,0.92315775,0.9885093,0.9885093,0.0003077479,0.017542744,0.00063591026
2018-08-24,7.624668e-06,0.06395232,0.92442477,0.9883771,0.9883771,0.00029143717,0.01707153,0.0006560036
2018-08-27,7.4224463e-06,0.06482592,0.9236442,0.9884701,0.9884701,0.0002875102,0.016956126,0.0006437551
2018-08-28,7.3181764e-06,0.06526781,0.9232195,0.9884873,0.9884873,0.00027322408,0.016529491,0.00063566136
2018-08-29,7.4202694e-06,0.06494222,0.9235066,0.98844886,0.98844886,0.00026132027,0.016165404,0.00064238405
2018-08-30,7.2479625e-06,0.06613383,0.92230225,0.9884361,0.9884361,0.0002614088,0.016168142,0.0006267751
2018-08-31,7.2647367e-06,0.065835655,0.92264616,0.9884818,0.9884818,0.00025543224,0.015982248,0.0006307191
2018-09-04,7.420397e-06,0.06516938,0.92322564,0.98839504,0.98839504,0.00024586244,0.015680002,0.00063941575
2018-09-05,6.956053e-06,0.06906049,0.9192607,0.9883212,0.9883212,0.00023444496,0.015311596,0.0005956129
2018-09-06,7.5222356e-06,0.064419545,0.9239542,0.98837376,0.98837376,0.00024204353,0.015557748,0.0006470048
2018-09-07,7.64212e-06,0.063884765,0.9244834,0.9883682,0.98836815,0.00024407396,0.015622866,0.00065700314
2018-09-10,7.4267573e-06,0.06470613,0.92374533,0.9884515,0.9884515,0.00023330262,0.015274247,0.00064309174
2018-09-11,7.5347257e-06,0.06446704,0.92392004,0.9883871,0.9883871,0.00022366195,0.014955332,0.0006488242
2018-09-12,7.224398e-06,0.06627491,0.92216206,0.98843694,0.98843694,0.00025371806,0.01592853,0.0006247824
2018-09-13,7.407085e-06,0.06526442,0.9231276,0.988392,0.988392,0.00025775033,0.016054604,0.0006381015
2018-09-14,7.587462e-06,0.06496516,0.92329204,0.98825717,0.98825717,0.00028898378,0.016999522,0.0006461357
2018-09-17,7.532873e-06,0.06438391,0.92399824,0.98838216,0.98838216,0.0002764242,0.01662601,0.00064838846
2018-09-18,7.5408266e-06,0.06431446,0.9240616,0.9883761,0.9883761,0.00026307427,0.016219564,0.0006487336
2018-09-19,7.274982e-06,0.06595898,0.92243785,0.9883968,0.9883968,0.00026203215,0.016187407,0.00062698196
2018-09-20,7.3471215e-06,0.06544248,0.9229517,0.9883942,0.9883942,0.0002698356,0.016426673,0.00063305604
2018-09-21,7.3160486e-06,0.06574528,0.92267233,0.9884176,0.9884176,0.00025786756,0.016058255,0.0006316536
2018-09-24,7.5554117e-06,0.064325504,0.9240595,0.988385,0.988385,0.00024526115,0.015660815,0.00065048866
2018-09-25,7.156979e-06,0.06707075,0.9212724,0.9883432,0.9883431,0.00025494472,0.01596699,0.0006139735
2018-09-26,7.332284e-06,0.065645464,0.9227741,0.98841953,0.98841953,0.00024246071,0.01557115,0.0006331596
2018-09-27,7.400827e-06,0.065183364,0.9232237,0.988407,0.988407,0.0002377781,0.015420055,0.00063838845
2018-09-28,7.292731e-06,0.06596135,0.9224454,0.9884068,0.9884068,0.00023050926,0.015182531,0.00062905124
2018-10-01,7.2013117e-06,0.06630569,0.9221646,0.9884703,0.9884703,0.00023538314,0.015342201,0.0006245888
2018-10-02,6.9506887e-06,0.06834806,0.92005074,0.9883988,0.9883988,0.0002739111,0.01655026,0.00059913483
2018-10-03,7.2611415e-06,0.06616579,0.92224187,0.9884077,0.9884077,0.00025905608,0.01609522,0.00062637473
2018-10-04,7.190907e-06,0.06669606,0.9216978,0.98839384,0.98839384,0.0002617134,0.01617756,0.00061957695
2018-10-05,7.3578767e-06,0.06632622,0.92193305,0.98825926,0.98825926,0.000300095,0.01732325,0.0006266959
2018-10-08,7.38561e-06,0.06551745,0.92283654,0.98835397,0.98835397,0.0002840261,0.016853074,0.0006341739
2018-10-09,7.30063e-06,0.065962516,0.92243,0.9883925,0.9883925,0.00026954964,0.016417967,0.0006289565
2018-10-10,7.3279334e-06,0.06587091,0.9224994,0.98837036,0.9883703,0.00026098004,0.016154876,0.0006301083
2018-10-11,7.4180493e-06,0.06578494,0.92249084,0.98827577,0.98827577,0.00028732256,0.016950592,0.0006327108
2018-10-12,7.399406e-06,0.06680893,0.9213613,0.98817027,0.98817027,0.0003347408,0.018295923,0.0006254922
2018-10-15,7.449499e-06,0.06453158,0.92389786,0.9884294,0.9884294,0.0003174613,0.017817443,0.0006438315
2018-10-16,7.5242992e-06,0.06468636,0.9236555,0.98834187,0.98834187,0.00030300565,0.017407058,0.0006454121
2018-10-17,7.4770046e-06,0.064540826,0.9238856,0.9884264,0.9884264,0.00028758636,0.01695837,0.00064603897
2018-10-18,7.4722616e-06,0.065568954,0.922706,0.988275,0.98827493,0.0003346992,0.018294787,0.00063729263
2018-10-19,7.258366e-06,0.06566602,0.92275524,0.98842126,0.98842126,0.0003333703,0.01825843,0.0006268702
2018-10-22,7.3433935e-06,0.065215476,0.9231912,0.98840666,0.98840666,0.00031772477,0.017824836,0.0006334147
2018-10-23,7.285267e-06,0.06568957,0.9228042,0.98849374,0.98849374,0.00030067944,0.01734011,0.00063315686
2018-10-24,7.4127065e-06,0.0668086,0.92136365,0.98817223,0.98817223,0.00039333617,0.019832704,0.0006267207
2018-10-25,7.7145005e-06,0.06339036,0.9249367,0.9883271,0.9883271,0.000371925,0.019285357,0.000660889
2018-10-26,7.622165e-06,0.064053066,0.9242709,0.988324,0.988324,0.00035516033,0.018845698,0.00065280544
2018-10-29,7.658856e-06,0.063825816,0.92450964,0.9883355,0.9883355,0.00033672398,0.01835004,0.00065659476
2018-10-30,7.742121e-06,0.06331289,0.92501837,0.98833126,0.98833126,0.0003234764,0.01798545,0.00066349236
2018-10-31,7.655142e-06,0.063782394,0.9245897,0.9883721,0.9883721,0.00031791095,0.017830057,0.0006583419
2018-11-01,7.62922e-06,0.06416862,0.9241456,0.9883142,0.9883142,0.00031316752,0.017696539,0.00065286306
2018-11-02,7.532144e-06,0.065523386,0.92272985,0.98825324,0.98825324,0.00033829676,0.018392846,0.0006412101
2018-11-05,7.666159e-06,0.06364952,0.9247021,0.98835164,0.98835164,0.00032489197,0.01802476,0.00065813225
2018-11-06,7.3854367e-06,0.06555166,0.9227789,0.98833054,0.98833054,0.00030814283,0.017553998,0.0006328861
2018-11-07,7.67153e-06,0.06370124,0.9246639,0.9883652,0.9883652,0.0003054077,0.017475918,0.00065935915
2018-11-08,7.535377e-06,0.06471274,0.9236149,0.9883277,0.9883277,0.00029518097,0.017180832,0.00064557674
2018-11-09,7.5043627e-06,0.06481545,0.92356884,0.9883843,0.9883843,0.00029797215,0.01726187,0.00064605376
2018-11-12,7.5830403e-06,0.06432586,0.92399377,0.98831964,0.98831964,0.00028704054,0.01694227,0.0006492126
2018-11-13,7.643395e-06,0.06366646,0.924724,0.98839045,0.98839045,0.0002741485,0.01655743,0.00065837114
2018-11-14,6.9966327e-06,0.07081066,0.9172371,0.9880478,0.9880478,0.0006061733,0.024620587,0.00058538344
2018-11-15,6.9360312e-06,0.06852138,0.91980284,0.9883242,0.9883242,0.0005697565,0.023869572,0.0005940532
2018-11-16,6.6399894e-06,0.07006278,0.91850364,0.9885664,0.9885664,0.0005318334,0.023061514,0.0005807435
2018-11-19,7.0685783e-06,0.06712048,0.9212942,0.9884147,0.9884147,0.00049513485,0.022251626,0.00061013363
2018-11-20,7.234109e-06,0.06660277,0.9217267,0.98832947,0.98832947,0.00046495278,0.021562764,0.00061986124
2018-11-21,7.154621e-06,0.07055236,0.91737884,0.9879312,0.9879312,0.00068117195,0.02609927,0.0005928192
2018-11-23,7.36915e-06,0.06587235,0.9224358,0.9883082,0.9883082,0.00066610955,0.025809098,0.00063028315
2018-11-26,6.9061957e-06,0.07372109,0.91404784,0.98776895,0.98776895,0.0010479775,0.032372482,0.00056464446
2018-11-27,7.2064286e-06,0.067177616,0.9210558,0.9882334,0.9882334,0.0010054398,0.03170867,0.00061244715
2018-11-28,7.4791033e-06,0.066528134,0.92159593,0.9881241,0.9881241,0.0009334434,0.030552307,0.00062977005
2018-11-29,7.1664713e-06,0.0686632,0.91948473,0.9881479,0.9881479,0.00090991164,0.030164741,0.0006046591
2018-11-30,7.441028e-06,0.06611169,0.92204416,0.98815584,0.98815584,0.0008787812,0.029644243,0.0006282446
2018-12-03,7.60293e-06,0.06559742,0.9225244,0.9881218,0.9881218,0.00082486204,0.028720412,0.00064007466
2018-12-04,7.354759e-06,0.06719429,0.92089576,0.98809004,0.98809004,0.0008665882,0.02943787,0.00061753
2018-12-06,7.4931445e-06,0.0658257,0.92236876,0.98819447,0.98819447,0.0008073599,0.028414078,0.00063471455
2018-12-07,7.471239e-06,0.06725753,0.9207608,0.98801833,0.98801833,0.00082759414,0.028767936,0.0006235559
2018-12-10,7.373251e-06,0.06674299,0.9213755,0.9881185,0.9881185,0.0007999452,0.028283302,0.0006205672
2018-12-11,7.399307e-06,0.068639144,0.9192594,0.9878986,0.9878986,0.00080988934,0.028458554,0.0006114416
2018-12-12,7.492867e-06,0.065191425,0.9230639,0.9882553,0.9882553,0.00076249655,0.02761334,0.00063797977
2018-12-13,7.5209405e-06,0.0659579,0.92220944,0.98816735,0.98816735,0.0007178007,0.026791804,0.0006356089
2018-12-14,7.2979246e-06,0.06686873,0.9213525,0.9882212,0.9882212,0.0007187677,0.026809843,0.00061958283
2018-12-17,7.4037252e-06,0.06756003,0.92052615,0.98808616,0.98808616,0.000717688,0.026789699,0.00062143925
2018-12-18,7.289042e-06,0.067021124,0.9212075,0.9882286,0.9882286,0.00071498996,0.026739296,0.00061921723
2018-12-19,7.1412974e-06,0.07008347,0.9178884,0.9879719,0.9879719,0.0010531909,0.032452904,0.0005937179
2018-12-20,7.107391e-06,0.06842357,0.9197687,0.98819226,0.98819226,0.0010027633,0.03166644,0.00060192647
2018-12-21,7.2325597e-06,0.07004342,0.91789734,0.9879408,0.9879408,0.0009853966,0.03139103,0.0005997539
2018-12-24,7.4189466e-06,0.06684487,0.9212842,0.9881291,0.9881291,0.00091475726,0.030244954,0.0006249681
2018-12-26,7.0554265e-06,0.071802236,0.9160853,0.98788756,0.98788756,0.0011750668,0.034279246,0.0005824943
2018-12-27,6.6250745e-06,0.07309874,0.91492045,0.98801917,0.98801917,0.0015777419,0.0397208,0.00055297284
2018-12-28,7.2760354e-06,0.070445046,0.9173451,0.98779017,0.98779017,0.0015432595,0.03928434,0.00059591606
2018-12-31,7.0850283e-06,0.06945369,0.9186424,0.98809606,0.9880961,0.001440503,0.037953958,0.0005951834
2019-01-02,6.969607e-06,0.07022691,0.9179354,0.9881623,0.9881623,0.0013305537,0.036476754,0.0005887626
2019-01-03,7.0030405e-06,0.07032674,0.9177634,0.98809016,0.98809016,0.0012699423,0.03563625,0.0005880045
2019-01-04,7.4638397e-06,0.066626504,0.9214468,0.9880733,0.9880733,0.0011818269,0.03437771,0.0006258087
2019-01-07,7.489085e-06,0.06704492,0.9209485,0.9879934,0.9879934,0.0011182058,0.033439584,0.00062374835
2019-01-08,7.496469e-06,0.066935055,0.92108077,0.98801583,0.98801583,0.0010459672,0.032341417,0.00062553096
2019-01-09,7.330771e-06,0.067622386,0.9204461,0.98806846,0.98806846,0.001014097,0.03184489,0.0006144028
2019-01-10,7.0460433e-06,0.06947315,0.9186026,0.98807573,0.98807573,0.001111785,0.033343438,0.0005908995
2019-01-11,7.351816e-06,0.06754663,0.92055076,0.98809737,0.98809737,0.0010295281,0.03208626,0.00061766314
2019-01-14,7.3506153e-06,0.06822255,0.91978276,0.98800534,0.9880053,0.000980602,0.031314567,0.000612824
2019-01-15,7.0896144e-06,0.06939807,0.9186991,0.98809713,0.98809713,0.00094051944,0.03066789,0.00059562235
2019-01-16,7.264037e-06,0.06722849,0.9209408,0.9881693,0.9881693,0.0009376091,0.030620404,0.00061399955
2019-01-17,7.3521805e-06,0.0668702,0.92131746,0.9881877,0.9881877,0.0008716142,0.029523114,0.0006224158
2019-01-18,7.4975183e-06,0.06566645,0.92250997,0.9881764,0.9881764,0.00081194995,0.028494736,0.00063411496
2019-01-22,7.425841e-06,0.066071816,0.9221008,0.9881726,0.9881726,0.0008256604,0.028734308,0.0006278502
2019-01-23,6.765765e-06,0.071487464,0.916732,0.9882195,0.9882195,0.00080484146,0.028369728,0.000574319
2019-01-24,7.200189e-06,0.06778847,0.92041814,0.9882066,0.9882066,0.000744626,0.027287835,0.0006105283
2019-01-25,7.458864e-06,0.06615132,0.9220145,0.9881658,0.9881658,0.0006985665,0.02643041,0.0006302801
2019-01-28,7.581479e-06,0.065307654,0.9228451,0.9881528,0.9881528,0.0006584929,0.025661116,0.0006399386
2019-01-29,7.2474177e-06,0.068722375,0.91936815,0.9880905,0.9880905,0.0006838832,0.02615116,0.00060854165
2019-01-30,7.08004e-06,0.06772962,0.92060494,0.98833454,0.98833454,0.0006783718,0.026045572,0.0006069232
2019-01-31,7.3675724e-06,0.066227145,0.92208374,0.9883109,0.9883109,0.0006508728,0.02551221,0.0006302928
2019-02-01,7.4709405e-06,0.066564895,0.92157274,0.98813766,0.98813766,0.000612183,0.024742333,0.0006298034
2019-02-04,7.0190604e-06,0.06800379,0.92038494,0.9883887,0.9883887,0.000619179,0.024883308,0.00060450344
2019-02-05,7.466075e-06,0.06648976,0.9216827,0.9881725,0.9881725,0.00058837084,0.024256356,0.0006312456
2019-02-06,7.478501e-06,0.06589947,0.9223227,0.9882222,0.9882222,0.0005686833,0.023847083,0.0006349649
2019-02-07,7.389859e-06,0.06560985,0.92272574,0.9883356,0.9883356,0.00053457305,0.023120835,0.0006335401
2019-02-08,7.4744307e-06,0.06686545,0.9212347,0.9881002,0.9881002,0.00054477184,0.023340348,0.00062811247
2019-02-11,7.455432e-06,0.06525894,0.92306024,0.98831916,0.98831916,0.0005094468,0.022570929,0.00063826155
2019-02-12,7.5435514e-06,0.06548589,0.92274123,0.9882271,0.9882271,0.00048016233,0.021912606,0.00064075715
2019-02-13,7.540831e-06,0.064766236,0.923538,0.98830426,0.98830426,0.0004614076,0.0214804,0.0006447501
2019-02-14,7.2629628e-06,0.06617225,0.9222305,0.9884027,0.9884027,0.0004476929,0.021158755,0.00062626455
2019-02-15,7.1827562e-06,0.06665425,0.9217623,0.98841655,0.98841655,0.00042571453,0.02063285,0.00062008796
2019-02-19,7.0706615e-06,0.067440875,0.920973,0.9884139,0.9884139,0.00042959588,0.020726696,0.0006102695
2019-02-20,7.4277364e-06,0.06540321,0.92292506,0.9883283,0.9883283,0.0004078402,0.020195054,0.0006363874
2019-02-21,6.8266245e-06,0.06914948,0.91931534,0.98846483,0.98846483,0.00039749185,0.019937197,0.00059180974
2019-02-22,7.1839972e-06,0.06669907,0.9217045,0.98840356,0.98840356,0.0003722619,0.019294089,0.0006195002
2019-02-25,7.2974135e-06,0.06603334,0.92234725,0.9883806,0.9883806,0.00035197678,0.018761044,0.0006280376
2019-02-26,7.3675224e-06,0.06728802,0.9208481,0.9881361,0.9881361,0.00039879308,0.019969804,0.0006210041
2019-02-27,7.1240147e-06,0.06692145,0.9215276,0.9884491,0.9884491,0.0003745964,0.019354492,0.0006167496
2019-02-28,7.134873e-06,0.06696939,0.92145085,0.98842025,0.98842025,0.0003954211,0.0198852,0.0006161508
2019-03-01,7.302295e-06,0.066195965,0.92213714,0.9883331,0.9883331,0.0003729548,0.019312037,0.0006258988
2019-03-04,6.9087005e-06,0.06842041,0.9200316,0.988452,0.988452,0.00039381685,0.019844819,0.0005982604
2019-03-05,7.3357933e-06,0.0659664,0.9223691,0.9883355,0.9883355,0.0003823008,0.019552514,0.00062889856
2019-03-06,7.207244e-06,0.06636007,0.9220876,0.98844767,0.98844767,0.0003599972,0.018973593,0.00062387774
2019-03-07,7.288931e-06,0.065859675,0.92257655,0.9884362,0.9884362,0.0003417631,0.018486837,0.00063032436
2019-03-08,7.355222e-06,0.06561164,0.9227784,0.9883901,0.9883901,0.00032635336,0.018065253,0.0006335295
2019-03-11,7.442124e-06,0.06511368,0.923259,0.9883727,0.9883727,0.00031602712,0.017777152,0.00064005516
2019-03-12,7.3044143e-06,0.06552031,0.9229741,0.9884944,0.9884944,0.00030942544,0.017590493,0.0006348571
2019-03-13,7.268143e-06,0.06591865,0.9225354,0.98845404,0.98845404,0.0002929857,0.017116824,0.0006294968
2019-03-14,7.293684e-06,0.06585817,0.92257196,0.98843014,0.98843014,0.00031524128,0.017755035,0.000630404
2019-03-15,7.4508084e-06,0.06512879,0.92322785,0.98835665,0.98835665,0.00030030494,0.01732931,0.00063991966
2019-03-18,7.369762e-06,0.06512393,0.9233629,0.9884868,0.9884868,0.00028490587,0.016879154,0.0006401156
2019-03-19,7.098978e-06,0.0665945,0.92192197,0.98851645,0.98851645,0.00027626302,0.016621161,0.0006181867
2019-03-20,7.205699e-06,0.06605579,0.92245936,0.98851514,0.98851514,0.00026189667,0.016183222,0.00062740844
2019-03-21,6.90442e-06,0.06822856,0.92031157,0.9885401,0.9885401,0.00026034482,0.016135205,0.00060248584
2019-03-22,7.3500028e-06,0.06536906,0.9230891,0.98845816,0.98845816,0.00024685301,0.015711557,0.0006368136
2019-03-25,7.420779e-06,0.06489897,0.9235616,0.98846054,0.98846054,0.00025202346,0.015875246,0.0006430786
2019-03-26,7.320566e-06,0.06553662,0.9229269,0.9884635,0.9884635,0.0002412036,0.015530731,0.0006345581
2019-03-27,7.310185e-06,0.06555208,0.92292506,0.9884771,0.9884771,0.00025266514,0.015895443,0.0006344056
2019-03-28,7.4140817e-06,0.065725274,0.92254996,0.98827523,0.98827523,0.0002459531,0.015682891,0.00063234346
2019-03-29,7.458382e-06,0.06490854,0.92349035,0.9883989,0.9883989,0.0002346056,0.01531684,0.0006429035
2019-04-01,7.411623e-06,0.06485751,0.9236282,0.98848575,0.9884857,0.00023652511,0.015379373,0.0006436915
2019-04-02,7.352106e-06,0.06564576,0.9227421,0.9883879,0.9883879,0.00026195342,0.016184974,0.00063314085
2019-04-03,7.229364e-06,0.06596563,0.92254174,0.9885074,0.9885074,0.0002652651,0.01628696,0.0006290446
2019-04-04,7.281622e-06,0.06562577,0.9228786,0.9885044,0.9885044,0.00025225457,0.015882524,0.0006334274
2019-04-05,7.394061e-06,0.065247014,0.92317086,0.98841786,0.98841786,0.00024245918,0.015571101,0.0006384022
2019-04-08,7.201172e-06,0.06624246,0.9222434,0.9884859,0.9884859,0.00024673867,0.015707918,0.0006254206
2019-04-09,7.31964e-06,0.06592831,0.9224422,0.9883705,0.98837054,0.00026251568,0.016202336,0.00062940165
2019-04-10,7.3428796e-06,0.06537732,0.92308974,0.98846704,0.98846704,0.00025250702,0.01589047,0.00063668634
2019-04-11,6.880807e-06,0.068018965,0.920574,0.988593,0.988593,0.00024640514,0.015697297,0.00060320826
2019-04-12,7.3529736e-06,0.06627506,0.9220233,0.98829836,0.98829836,0.0002518057,0.015868386,0.000628371
2019-04-15,7.3775113e-06,0.06517386,0.9232847,0.9884586,0.9884586,0.00024094175,0.015522298,0.00063922006
2019-04-16,7.394538e-06,0.065303475,0.92309976,0.9884032,0.9884032,0.00023394125,0.015295138,0.0006376361
2019-04-17,7.203144e-06,0.06601777,0.92251587,0.9885336,0.9885336,0.00022982639,0.015160026,0.00062819663
2019-04-18,7.194687e-06,0.06574593,0.9228015,0.98854744,0.98854744,0.00022072771,0.014856908,0.0006282167
2019-04-22,7.0997103e-06,0.066193126,0.92240363,0.98859674,0.98859674,0.00021169662,0.014549798,0.0006226034
2019-04-23,6.7959845e-06,0.06897761,0.9195661,0.9885437,0.9885437,0.00024703878,0.015717467,0.0005932088
2019-04-24,7.0577116e-06,0.0668637,0.92170584,0.98856956,0.98856956,0.00023937042,0.0154716,0.0006174487
2019-04-25,7.3085766e-06,0.06569693,0.92274594,0.9884429,0.9884429,0.0002304612,0.015180948,0.00063238834
2019-04-26,7.402459e-06,0.06527108,0.92312634,0.9883974,0.9883974,0.00022736427,0.015078603,0.0006380011
2019-04-29,7.54747e-06,0.06578307,0.9224054,0.9881885,0.9881885,0.00027589832,0.016610187,0.00063899363
2019-04-30,7.535018e-06,0.064625725,0.92371047,0.9883362,0.9883362,0.00026259705,0.016204847,0.0006460177
2019-05-01,7.2233934e-06,0.06584586,0.9226995,0.98854536,0.98854536,0.00025258103,0.015892798,0.0006306084
2019-05-02,7.36265e-06,0.06604245,0.9222307,0.9882732,0.98827314,0.00024199286,0.015556119,0.0006278484
2019-05-03,7.5399657e-06,0.06532379,0.9229267,0.9882505,0.9882505,0.00028526282,0.016889725,0.0006417262
2019-05-06,7.4247846e-06,0.064752184,0.92371404,0.9884662,0.9884662,0.0002710433,0.016463393,0.0006437416
2019-05-07,7.43245e-06,0.06514622,0.92324054,0.98838675,0.98838675,0.00025925483,0.016101392,0.0006399974
2019-05-08,7.458478e-06,0.06544879,0.9228879,0.98833674,0.9883367,0.00025953184,0.016109992,0.00063948496
2019-05-09,7.4847467e-06,0.0648363,0.9235223,0.9883586,0.9883586,0.00025551268,0.015984764,0.0006429431
2019-05-10,7.55981e-06,0.06424828,0.92415506,0.9884033,0.9884033,0.00024665365,0.015705211,0.00065189437
2019-05-13,7.5151993e-06,0.06447647,0.9239398,0.9884163,0.9884163,0.00023555655,0.015347851,0.00064877444
2019-05-14,7.5879643e-06,0.064354256,0.9239785,0.98833275,0.98833275,0.0002320545,0.015233335,0.0006503643
2019-05-15,7.508302e-06,0.064413704,0.9240154,0.9884291,0.9884291,0.0002309803,0.015198036,0.0006488969
2019-05-16,7.2292864e-06,0.065622546,0.9229511,0.9885737,0.9885737,0.00022179064,0.014892637,0.00063268666
2019-05-17,7.14435e-06,0.06646983,0.9220466,0.98851645,0.98851645,0.00022366857,0.014955553,0.00062213774
2019-05-20,7.2943258e-06,0.06550335,0.9229681,0.98847145,0.98847145,0.00021364026,0.014616438,0.0006327183
2019-05-21,7.405028e-06,0.065020725,0.9234039,0.98842466,0.98842466,0.00020622463,0.014360524,0.00063972437
2019-05-22,7.10662e-06,0.066448785,0.9221613,0.9886101,0.9886101,0.00019808934,0.0140744215,0.0006239399
2019-05-23,7.3628635e-06,0.06558198,0.92287076,0.98845273,0.98845273,0.00023291334,0.015261498,0.0006376282
2019-05-24,7.3657084e-06,0.068646535,0.9193367,0.9879832,0.9879832,0.0004512504,0.021242656,0.0006129523
2019-05-28,7.5929506e-06,0.06410779,0.9242243,0.9883321,0.9883321,0.0004322976,0.020791767,0.00065075513
2019-05-29,7.5004546e-06,0.06485439,0.92352813,0.9883825,0.9883825,0.00041168087,0.02028992,0.00064561795
2019-05-30,7.636768e-06,0.065073945,0.92311525,0.9881892,0.9881892,0.00038990655,0.019746052,0.00064659305
2019-05-31,7.325836e-06,0.068149306,0.9199678,0.9881171,0.9881171,0.0004651161,0.021566551,0.0006165023
2019-06-03,7.200116e-06,0.069740765,0.918298,0.9880388,0.9880388,0.0006519124,0.025532575,0.00060195493
2019-06-04,7.371501e-06,0.0671999,0.9209818,0.9881817,0.9881817,0.00060753955,0.024648318,0.0006237367
2019-06-05,7.673646e-06,0.06468631,0.9235132,0.9881995,0.9881995,0.00056801847,0.023833139,0.0006502799
2019-06-06,7.4604363e-06,0.0675006,0.9205578,0.9880584,0.9880584,0.0006091281,0.024680521,0.0006247428
2019-06-07,7.4936415e-06,0.065595254,0.9227109,0.98830616,0.98830616,0.00058820663,0.024252972,0.00064081984
2019-06-10,7.5634725e-06,0.065155454,0.92308384,0.9882393,0.9882393,0.00059469894,0.02438645,0.0006431135
2019-06-11,7.713503e-06,0.065045245,0.9230877,0.98813295,0.98813295,0.00056902156,0.023854174,0.0006499935
2019-06-12,7.647636e-06,0.064515926,0.9237498,0.98826575,0.98826575,0.0005329705,0.023086153,0.0006517364
2019-06-13,7.464083e-06,0.068011776,0.91995215,0.9879639,0.9879639,0.00060866645,0.024671167,0.0006201421
2019-06-14,7.333258e-06,0.06594785,0.9224592,0.988407,0.988407,0.00059975573,0.024489911,0.00063256
2019-06-17,7.661757e-06,0.064501725,0.9237092,0.9882109,0.9882109,0.00056172005,0.023700634,0.0006499027
2019-06-18,7.716058e-06,0.06511198,0.9229974,0.9881094,0.9881094,0.00053483,0.023126392,0.0006489213
2019-06-19,7.277012e-06,0.06574999,0.9226819,0.98843193,0.98843193,0.0005904798,0.024299791,0.0006290602
2019-06-20,7.467885e-06,0.06460714,0.9238395,0.98844665,0.98844665,0.00055263203,0.023508128,0.0006463828
2019-06-21,6.67541e-06,0.070457146,0.91801035,0.9884675,0.9884675,0.00069354376,0.026335219,0.0005788353
2019-06-24,7.1938707e-06,0.0671291,0.92126584,0.9883949,0.9883949,0.0006560762,0.025613984,0.0006198896
2019-06-25,7.4398486e-06,0.066408254,0.9217781,0.98818636,0.98818636,0.000615817,0.024815662,0.00062976766
2019-06-26,7.486792e-06,0.06501644,0.92333996,0.9883564,0.9883564,0.00057522574,0.023983864,0.000642997
2019-06-27,6.9400717e-06,0.06822765,0.9202576,0.9884853,0.9884853,0.0005832849,0.024151292,0.00060271285
2019-06-28,7.528878e-06,0.065321475,0.92293537,0.9882568,0.9882568,0.00054373726,0.023318175,0.0006411273
2019-07-01,7.714939e-06,0.063770585,0.9245202,0.9882908,0.9882908,0.00052719784,0.02296079,0.00065887766
2019-07-02,7.4053014e-06,0.0654322,0.92295396,0.98838615,0.98838615,0.00050189806,0.022403082,0.000637627
2019-07-03,7.5358093e-06,0.0671879,0.92081815,0.98800606,0.98800606,0.0006309199,0.025118118,0.0006283012
2019-07-05,7.410782e-06,0.06554324,0.92274827,0.9882915,0.9882915,0.0006126363,0.02475149,0.00063294044
2019-07-08,7.490985e-06,0.06547548,0.9227827,0.9882582,0.9882582,0.0005732055,0.02394171,0.00063797494
2019-07-09,7.792711e-06,0.06372343,0.9244991,0.98822254,0.98822254,0.0005368018,0.023168985,0.00066166307
2019-07-10,7.6030847e-06,0.06402281,0.92435,0.9883728,0.9883728,0.0005045321,0.02246179,0.0006539052
2019-07-11,6.986868e-06,0.068010814,0.92039216,0.98840296,0.98840296,0.00059645344,0.024422396,0.00060247007
2019-07-12,7.550755e-06,0.06483834,0.92348295,0.9883213,0.9883213,0.0005570743,0.023602422,0.00064654095
2019-07-15,7.5929484e-06,0.064400315,0.9239147,0.988315,0.988315,0.0005219997,0.022847313,0.00064980227
2019-07-16,7.657747e-06,0.06476005,0.9234509,0.9882109,0.9882109,0.0004973277,0.022300845,0.0006495626
2019-07-17,7.4869663e-06,0.06596659,0.9222749,0.9882415,0.9882415,0.0005404127,0.023246778,0.00063672767
2019-07-18,7.706194e-06,0.06398491,0.9242602,0.9882451,0.9882451,0.00052058813,0.022816401,0.00065557455
2019-07-19,7.671017e-06,0.06454474,0.9236639,0.98820865,0.98820865,0.00053430686,0.023115078,0.00065056316
2019-07-22,7.3602787e-06,0.06510017,0.92331356,0.98841375,0.98841375,0.0005032965,0.02243427,0.00063525984
2019-07-23,7.471622e-06,0.065694936,0.9226064,0.98830134,0.98830134,0.00047898293,0.021885678,0.00063867314
2019-07-24,7.629714e-06,0.063776046,0.92460823,0.9883843,0.98838425,0.0004553098,0.02133799,0.0006568453
2019-07-25,7.634427e-06,0.06409727,0.9243049,0.9884022,0.9884022,0.00044502073,0.021095514,0.0006582644
2019-07-26,7.5849443e-06,0.06413181,0.9242466,0.9883784,0.9883784,0.0004192978,0.020476762,0.0006526595
2019-07-29,7.5521934e-06,0.06421467,0.92421436,0.988429,0.988429,0.00039568514,0.019891836,0.00065268343
2019-07-30,7.673554e-06,0.06369739,0.9246662,0.9883636,0.9883636,0.0003819101,0.01954252,0.00065944536
2019-07-31,7.37313e-06,0.065235294,0.9232101,0.9884454,0.9884454,0.00038705813,0.019673793,0.00063811213
2019-08-01,7.451516e-06,0.06517933,0.92316216,0.9883415,0.9883415,0.00036981897,0.019230679,0.00063914934
2019-08-02,7.087156e-06,0.07231637,0.91545033,0.9877667,0.9877667,0.0007932765,0.028165163,0.00057933235
2019-08-05,7.0344436e-06,0.06754416,0.9208459,0.9883901,0.9883901,0.0008026352,0.028330818,0.00060589984
2019-08-06,7.3976726e-06,0.067865,0.92020744,0.98807245,0.98807245,0.00076758454,0.027705316,0.0006202175
2019-08-07,7.614031e-06,0.06532732,0.9228697,0.98819697,0.98819697,0.00074036856,0.027209714,0.0006450912
2019-08-08,7.4433674e-06,0.06862313,0.91928303,0.98790616,0.98790616,0.00084618374,0.029089238,0.00061546755
2019-08-09,7.5264184e-06,0.06532405,0.9228681,0.98819214,0.98819214,0.00083816133,0.028951015,0.00063740753
2019-08-12,7.490442e-06,0.06611054,0.92202073,0.9881313,0.9881313,0.00086753187,0.029453894,0.00063110807
2019-08-13,7.706622e-06,0.06508693,0.92301464,0.9881016,0.9881016,0.0008112122,0.028481787,0.0006477024
2019-08-14,7.0515384e-06,0.068792604,0.9194089,0.9882015,0.9882015,0.0008529735,0.02920571,0.0005976639
2019-08-15,7.5156568e-06,0.067919016,0.9199792,0.98789823,0.98789823,0.0008686517,0.029472899,0.00062103785
2019-08-16,7.672959e-06,0.065540664,0.9225359,0.98807657,0.98807657,0.00082014943,0.028638251,0.00064351934
2019-08-19,7.5645103e-06,0.06435692,0.9239142,0.9882711,0.9882711,0.00076757406,0.027705127,0.0006449472
2019-08-20,7.634785e-06,0.06470238,0.92348075,0.98818314,0.98818314,0.0007534667,0.027449347,0.0006460926
2019-08-21,7.1834934e-06,0.06731143,0.9210243,0.9883357,0.9883357,0.0007037245,0.026527807,0.00061585446
2019-08-22,7.609214e-06,0.06476305,0.9234651,0.98822814,0.98822814,0.00066505925,0.025788743,0.00064639025
2019-08-23,7.734011e-06,0.06433655,0.9238438,0.98818034,0.98818034,0.00062424375,0.02498487,0.00065433444
2019-08-26,7.816334e-06,0.063977554,0.92420053,0.9881781,0.9881781,0.0006149784,0.024798758,0.0006611727
2019-08-27,7.764636e-06,0.06404822,0.9241438,0.988192,0.988192,0.0005826678,0.024138514,0.00065757544
2019-08-28,7.633954e-06,0.064163625,0.92411673,0.98828036,0.98828036,0.0005816835,0.024118114,0.00065138104
2019-08-29,7.5022467e-06,0.06520274,0.923054,0.98825675,0.9882567,0.0005598412,0.023660963,0.0006388562
2019-08-30,7.633048e-06,0.06448805,0.9237413,0.98822933,0.98822933,0.0005415831,0.023271939,0.00064848055
2019-09-03,7.6549995e-06,0.06573955,0.9223104,0.98805,0.98805,0.00056229654,0.023712793,0.00064058485
2019-09-04,7.336328e-06,0.067895494,0.9201575,0.98805296,0.98805296,0.0005566993,0.023594476,0.000614071
2019-09-05,7.004713e-06,0.068380214,0.91985005,0.9882303,0.9882303,0.00063863315,0.025271192,0.0005951474
2019-09-06,7.615848e-06,0.064743385,0.9234513,0.9881947,0.9881947,0.0005944667,0.024381688,0.0006451213
2019-09-09,7.396171e-06,0.06580341,0.92245275,0.98825616,0.98825616,0.00055744505,0.023610273,0.00062979135
2019-09-10,7.2514094e-06,0.06699923,0.92121804,0.9882173,0.98821723,0.0005564853,0.02358994,0.0006154282
2019-09-11,7.490589e-06,0.06527963,0.92297244,0.98825204,0.98825204,0.00052423455,0.022896169,0.0006376078
2019-09-12,7.591592e-06,0.06518848,0.9229699,0.98815835,0.98815835,0.00054778956,0.023404904,0.00064109213
2019-09-13,7.673111e-06,0.064254194,0.9239744,0.9882286,0.98822856,0.0005228041,0.02286491,0.0006518446
2019-09-16,7.708705e-06,0.063881956,0.9243624,0.98824435,0.98824435,0.00049209286,0.022183167,0.000655745
2019-09-17,5.348221e-06,0.08368586,0.9044701,0.98815596,0.98815596,0.001656437,0.040699348,0.00045155382
2019-09-18,6.6687708e-06,0.075982556,0.91165334,0.9876359,0.9876359,0.0017899477,0.042307775,0.0005393661
2019-09-19,7.0930673e-06,0.06939658,0.9186304,0.988027,0.988027,0.001672579,0.040897176,0.00059242075
2019-09-20,6.9950975e-06,0.06930587,0.9188236,0.98812944,0.9881295,0.0015435758,0.039288368,0.00058928103
2019-09-23,6.848584e-06,0.07120626,0.91686416,0.9880704,0.9880704,0.0014253285,0.037753522,0.00057408464
2019-09-24,7.3815286e-06,0.066624045,0.92148477,0.9881088,0.9881088,0.0013196889,0.036327522,0.0006207563
2019-09-25,7.360421e-06,0.06702335,0.9210673,0.98809063,0.98809063,0.0012603393,0.035501257,0.00061803637
2019-09-26,7.4648906e-06,0.066106625,0.9220222,0.98812884,0.98812884,0.0011819246,0.034379132,0.00062882574
2019-09-27,7.305119e-06,0.06664653,0.92155623,0.98820275,0.98820275,0.0010974068,0.033127133,0.00061922224
2019-09-30,7.4235704e-06,0.06637323,0.9217719,0.9881451,0.9881451,0.0010241966,0.03200307,0.0006262034
2019-10-01,7.616163e-06,0.06554416,0.9225856,0.98812973,0.98812973,0.0010268876,0.032045085,0.00064161693
2019-10-02,7.683169e-06,0.06400983,0.92425,0.98825985,0.98825985,0.00095985056,0.030981455,0.0006544355
2019-10-03,7.802848e-06,0.06398277,0.92418677,0.98816955,0.98816955,0.0009171706,0.030284824,0.00065955636
2019-10-04,7.743857e-06,0.06379746,0.9244326,0.98823005,0.98823005,0.0008563902,0.029264146,0.0006579346
2019-10-07,7.852594e-06,0.063201144,0.92501557,0.9882167,0.9882167,0.0008021996,0.028323129,0.00066641707
2019-10-08,7.757818e-06,0.06352033,0.92475915,0.98827946,0.98827946,0.0007500192,0.02738648,0.00066189945
2019-10-09,7.597122e-06,0.06427163,0.92406607,0.9883377,0.9883377,0.00070174696,0.026490508,0.00065142545
2019-10-10,7.61899e-06,0.06420844,0.92411214,0.9883206,0.9883206,0.00065612176,0.025614874,0.0006523437
2019-10-11,7.6075366e-06,0.0645544,0.9236993,0.9882537,0.9882537,0.0006344109,0.025187515,0.0006476546
2019-10-14,7.5627627e-06,0.064988375,0.92322737,0.98821574,0.98821574,0.00062210724,0.024942078,0.0006417684
2019-10-15,7.65813e-06,0.06496828,0.9232028,0.9881711,0.9881711,0.0006098624,0.024695393,0.0006474085
2019-10-16,7.682825e-06,0.06380771,0.9245148,0.9883225,0.9883225,0.0005851087,0.02418902,0.0006579167
2019-10-17,7.566717e-06,0.064523205,0.92380124,0.98832446,0.98832446,0.00055516267,0.02356189,0.00064808305
2019-10-18,7.631658e-06,0.0642356,0.9240594,0.98829496,0.98829496,0.0005273884,0.02296494,0.0006519976
2019-10-21,7.614771e-06,0.06415421,0.9241333,0.9882875,0.9882875,0.0004955571,0.022261111,0.00065014104
2019-10-22,7.429936e-06,0.06493374,0.9234339,0.9883676,0.9883676,0.0004707905,0.021697707,0.0006387286
2019-10-23,7.1548907e-06,0.06683278,0.92159796,0.98843074,0.98843074,0.0004579365,0.021399451,0.0006184397
2019-10-24,7.3587976e-06,0.06613337,0.9221253,0.98825866,0.98825866,0.00050036795,0.022368906,0.00062674255
2019-10-25,7.4813825e-06,0.065231614,0.92305213,0.98828375,0.98828375,0.00047003894,0.021680381,0.0006385477
2019-10-28,7.581229e-06,0.0646494,0.92362136,0.98827076,0.98827076,0.00044490446,0.02109276,0.00064635294
2019-10-29,7.4052573e-06,0.06567843,0.92261606,0.9882945,0.9882945,0.00043374457,0.020826535,0.0006326296
2019-10-30,7.406557e-06,0.06538513,0.92297924,0.98836434,0.98836434,0.00040928513,0.020230796,0.0006365394
2019-10-31,7.6101455e-06,0.06429158,0.9240233,0.98831487,0.98831487,0.0003903686,0.019757748,0.00065126736
2019-11-01,7.613836e-06,0.064597614,0.9236475,0.9882451,0.9882451,0.00038550625,0.019634314,0.00064771756
2019-11-04,7.194002e-06,0.06738593,0.92083883,0.98822474,0.98822474,0.00044911838,0.021192413,0.00061094237
2019-11-05,7.4620452e-06,0.06547268,0.9227841,0.98825675,0.98825675,0.0004230213,0.020567482,0.00063543284
2019-11-06,7.487518e-06,0.06535149,0.9228956,0.9882471,0.9882471,0.0004070779,0.020176172,0.00063707813
2019-11-07,7.5102193e-06,0.065649614,0.92253757,0.9881872,0.9881872,0.0003993568,0.019983914,0.0006357693
2019-11-08,7.445635e-06,0.06539077,0.92290986,0.9883006,0.9883006,0.00038854123,0.01971145,0.0006364129
2019-11-11,7.6499655e-06,0.06424849,0.92401665,0.98826516,0.98826516,0.00036615075,0.019135065,0.0006519018
2019-11-12,7.3052875e-06,0.06606909,0.9222799,0.98834896,0.98834896,0.00034903744,0.018682543,0.0006270074
2019-11-13,7.452476e-06,0.06495436,0.92344296,0.9883973,0.9883973,0.00032932614,0.018147346,0.00064230536
2019-11-14,7.440499e-06,0.065048434,0.92333174,0.9883802,0.9883802,0.00031344627,0.017704414,0.000640329
2019-11-15,7.595634e-06,0.064463064,0.9238321,0.9882952,0.9882952,0.0002995069,0.017306268,0.0006489331
2019-11-18,7.5115104e-06,0.06497952,0.9233215,0.988301,0.98830104,0.00030153795,0.017364848,0.00064206315
2019-11-19,7.21587e-06,0.066105,0.9223239,0.9884289,0.9884289,0.0002951513,0.017179968,0.0006236109
2019-11-20,7.392965e-06,0.06546891,0.9228601,0.988329,0.988329,0.0003515263,0.018749034,0.0006334471
2019-11-21,6.984486e-06,0.06823306,0.9201355,0.9883686,0.9883686,0.0004057008,0.020142015,0.0006004839
2019-11-22,7.2283133e-06,0.066813886,0.921492,0.98830587,0.98830587,0.000423532,0.020579893,0.0006181145
2019-11-25,7.5207527e-06,0.06544135,0.9227496,0.98819095,0.98819095,0.00041091,0.020270916,0.0006368634
2019-11-26,7.202542e-06,0.06648229,0.9219233,0.9884056,0.9884056,0.000387687,0.019689769,0.0006212079
2019-11-27,7.1503237e-06,0.06685107,0.9215719,0.988423,0.988423,0.00036754564,0.01917148,0.0006176313
2019-11-29,7.5728603e-06,0.06475169,0.9235084,0.9882601,0.9882601,0.00034781048,0.018649677,0.0006450527
2019-12-02,7.033738e-06,0.07027958,0.9178117,0.9880913,0.9880913,0.00050492433,0.02247052,0.0005906381
2019-12-03,7.533532e-06,0.06505395,0.92318887,0.9882428,0.9882428,0.00048419385,0.022004405,0.0006407593
2019-12-04,7.763643e-06,0.06369895,0.92453086,0.9882298,0.9882298,0.0004548683,0.021327643,0.0006596023
2019-12-05,7.237271e-06,0.067052424,0.9211812,0.9882336,0.9882336,0.0005325558,0.023077171,0.0006150808
2019-12-06,7.541846e-06,0.06513983,0.9230874,0.98822725,0.98822725,0.0004978215,0.022311913,0.0006406188
2019-12-09,7.3123456e-06,0.06605754,0.9223038,0.98836136,0.98836136,0.0004778371,0.021859486,0.00062828173
2019-12-10,7.225541e-06,0.06665643,0.9217309,0.9883873,0.9883873,0.0004487355,0.021183377,0.00062220957
2019-12-11,7.333094e-06,0.065981254,0.9223528,0.98833406,0.98833406,0.00042164724,0.020534052,0.00062859006
2019-12-12,7.6030265e-06,0.064960875,0.92326444,0.98822534,0.98822534,0.0004008674,0.020021673,0.00064571097
2019-12-13,7.6189817e-06,0.06447929,0.9237752,0.9882545,0.9882545,0.0003807882,0.019513795,0.0006486717
2019-12-16,7.2619378e-06,0.06614251,0.9222698,0.9884123,0.9884123,0.0003732935,0.019320805,0.00062669476
2019-12-17,7.3384326e-06,0.06603167,0.9222849,0.9883166,0.9883166,0.0003518281,0.01875708,0.0006281074
2019-12-18,7.0776423e-06,0.067126684,0.92131954,0.98844624,0.98844624,0.0003410388,0.018467236,0.00061258324
2019-12-19,7.239685e-06,0.06619544,0.9222177,0.98841316,0.98841316,0.0003212942,0.017924681,0.00062481937
2019-12-20,6.970475e-06,0.067812495,0.9206775,0.98849,0.98849,0.00030488934,0.01746108,0.0006056009
2019-12-23,7.3631127e-06,0.06576146,0.9225788,0.98834026,0.98834026,0.0002992435,0.017298656,0.0006314988
2019-12-24,7.0870105e-06,0.06656152,0.9219584,0.9885199,0.9885199,0.00028351616,0.016837938,0.0006173304
2019-12-26,6.8585546e-06,0.06818887,0.92037326,0.9885621,0.9885621,0.00027443806,0.016566172,0.0005996344
2019-12-27,7.0257993e-06,0.067689486,0.9207382,0.9884277,0.9884277,0.00026502387,0.016279554,0.000607122
2019-12-30,7.0268716e-06,0.067105114,0.92143726,0.9885424,0.9885424,0.0002510548,0.015844708,0.00061329233
2019-12-31,7.2138046e-06,0.066451974,0.92196167,0.98841363,0.98841363,0.00023841085,0.015440559,0.0006226114
2020-01-02,7.357449e-06,0.06566982,0.9227017,0.98837155,0.98837155,0.00023412555,0.015301161,0.0006327111
2020-01-03,7.1593913e-06,0.066148356,0.922392,0.98854035,0.98854035,0.00022358092,0.014952622,0.0006247479
2020-01-06,6.7896303e-06,0.069132425,0.91935474,0.9884872,0.9884872,0.00027240522,0.016504703,0.0005897454
2020-01-07,7.233671e-06,0.06638775,0.9220094,0.9883972,0.9883972,0.00025795464,0.016060967,0.00062344084
2020-01-08,7.282235e-06,0.066198006,0.9221662,0.9883642,0.9883642,0.00025079743,0.015836585,0.0006258484
2020-01-09,7.306453e-06,0.0692395,0.91869366,0.98793316,0.98793316,0.00040923333,0.020229517,0.0006054984
2020-01-10,7.5192233e-06,0.06459082,0.92374444,0.98833525,0.98833525,0.00038334687,0.019579247,0.00064461085
2020-01-13,7.683613e-06,0.06407024,0.92418593,0.98825616,0.98825616,0.0003668741,0.019153958,0.0006542673
2020-01-14,7.689401e-06,0.064284645,0.9239729,0.9882575,0.9882575,0.00036446692,0.019091018,0.00065483665
2020-01-15,7.5727735e-06,0.06443566,0.923892,0.9883277,0.9883277,0.00034479928,0.018568771,0.0006487806
2020-01-16,7.4251943e-06,0.06542526,0.9229491,0.98837435,0.98837435,0.00032973252,0.018158538,0.00063869084
2020-01-17,7.2171456e-06,0.06562838,0.9228802,0.9885086,0.9885086,0.00032112343,0.017919917,0.0006280466
2020-01-21,7.2109183e-06,0.0659783,0.9225028,0.9884811,0.9884811,0.0003035763,0.017423442,0.0006260078
2020-01-22,6.9289176e-06,0.068284094,0.92031384,0.9885979,0.9885979,0.000288145,0.016974835,0.00060768944
2020-01-23,7.427394e-06,0.06657808,0.92160153,0.9881796,0.9881796,0.0003258264,0.018050661,0.00062835513
2020-01-24,7.6675e-06,0.064343125,0.92390716,0.98825026,0.98825026,0.00033627718,0.018337863,0.00065256737
2020-01-27,7.455266e-06,0.06679784,0.921371,0.98816884,0.98816884,0.00036100403,0.019000106,0.000630138
2020-01-28,7.541466e-06,0.0659065,0.9223035,0.98821,0.98821,0.00036627369,0.019138278,0.00063965056
2020-01-29,7.5512426e-06,0.064490005,0.9238309,0.98832095,0.98832095,0.00034784127,0.018650504,0.0006465629
2020-01-30,7.4673053e-06,0.065173954,0.9232396,0.9884135,0.9884136,0.00032949646,0.018152038,0.00064448395
2020-01-31,7.3658025e-06,0.067452334,0.92074764,0.98819995,0.98819995,0.00034556608,0.018589407,0.00062421785
2020-02-03,7.609676e-06,0.06474324,0.92353266,0.9882759,0.9882759,0.00033434868,0.018285204,0.00064906187
2020-02-04,7.532614e-06,0.06614153,0.9220546,0.98819613,0.98819613,0.00036995747,0.01923428,0.00063814805
2020-02-05,7.591587e-06,0.06487406,0.9233683,0.9882423,0.9882423,0.00035562486,0.01885802,0.0006456709
2020-02-06,7.406736e-06,0.06567542,0.922633,0.9883084,0.9883084,0.00036875115,0.019202894,0.0006335108
2020-02-07,7.5831877e-06,0.06511983,0.92311203,0.98823184,0.9882319,0.00034852533,0.018668832,0.0006443816
2020-02-10,7.58651e-06,0.064989425,0.9233073,0.98829675,0.98829675,0.0003397819,0.018433174,0.00064823945
2020-02-11,7.3791657e-06,0.06626503,0.9220949,0.9883599,0.9883599,0.00033643373,0.01834213,0.00063394505
2020-02-12,7.4646973e-06,0.06525352,0.92305577,0.98830926,0.98830926,0.00032103644,0.01791749,0.0006385139
2020-02-13,7.282034e-06,0.06637072,0.921954,0.9883247,0.9883247,0.00034167676,0.018484501,0.0006237129
2020-02-14,7.564673e-06,0.06509523,0.9231609,0.98825616,0.98825616,0.00032371847,0.017992178,0.0006441395
2020-02-18,7.614977e-06,0.06441622,0.9238613,0.98827755,0.98827755,0.00031568814,0.017767616,0.0006496065
2020-02-19,7.346448e-06,0.06570041,0.92265564,0.98835605,0.98835605,0.0002992707,0.017299442,0.00063092425
2020-02-20,7.219209e-06,0.066066176,0.92239165,0.9884578,0.9884578,0.00031915578,0.017864931,0.00062546204
2020-02-21,7.10341e-06,0.06744494,0.9210091,0.98845404,0.98845404,0.00030685618,0.017517311,0.00061522925
2020-02-24,7.4626014e-06,0.06526124,0.92306006,0.9883213,0.9883213,0.00029372342,0.017138362,0.0006389927
2020-02-25,7.289193e-06,0.06802496,0.9201493,0.9881743,0.9881743,0.00037012942,0.019238748,0.00061638677
2020-02-26,7.3602973e-06,0.06789442,0.9201722,0.9880666,0.9880666,0.00041089035,0.020270431,0.00061678194
2020-02-27,7.3295746e-06,0.06857965,0.91944855,0.9880282,0.9880282,0.00042444153,0.020601979,0.0006122381
2020-02-28,7.5595526e-06,0.06631674,0.9217752,0.98809195,0.98809195,0.0004790782,0.021887856,0.00063482684
2020-03-02,7.4598047e-06,0.06720505,0.9208703,0.9880754,0.9880754,0.000621544,0.024930784,0.00062557985
2020-03-03,7.029462e-06,0.06928502,0.91887057,0.9881556,0.9881556,0.00070559746,0.026563084,0.00059348415
2020-03-04,7.611096e-06,0.06647863,0.921523,0.9880016,0.9880016,0.00066089194,0.025707819,0.0006343418
2020-03-05,7.708406e-06,0.06497747,0.923137,0.9881145,0.9881145,0.000621731,0.024934534,0.0006485542
2020-03-06,7.4268514e-06,0.06787198,0.92016536,0.98803735,0.98803735,0.00060567656,0.024610497,0.0006208365
2020-03-09,6.7689566e-06,0.07656824,0.9109854,0.98755366,0.98755366,0.0013320469,0.036497217,0.000543851
2020-03-10,5.144984e-06,0.1014839,0.88492984,0.9864137,0.9864137,0.007328463,0.08560644,0.00037868958
2020-03-11,5.7988973e-06,0.08401036,0.9034864,0.98749673,0.98749673,0.007474601,0.08645578,0.00046379058
2020-03-12,6.268941e-06,0.08240808,0.90478754,0.9871956,0.9871956,0.0069018095,0.08307713,0.00048959313
2020-03-13,5.8991636e-06,0.088246405,0.89879984,0.98704624,0.98704624,0.00642647,0.08016527,0.00045540172
2020-03-16,6.1396227e-06,0.08230287,0.90498334,0.9872862,0.9872862,0.005786379,0.07606825,0.0004829105
2020-03-17,5.774524e-06,0.09038022,0.89660335,0.98698354,0.98698354,0.0060757115,0.07794685,0.0004436324
2020-03-18,6.0240072e-06,0.081313476,0.906382,0.9876955,0.9876955,0.0058137304,0.07624782,0.0004895782
2020-03-19,4.84838e-06,0.104933575,0.8815579,0.98649144,0.98649144,0.011657672,0.1079707,0.00035891173
2020-03-20,4.5481806e-06,0.10737221,0.8789051,0.98627734,0.98627734,0.015057514,0.122709066,0.00033143585
2020-03-23,4.5624824e-06,0.113898374,0.871744,0.9856424,0.9856424,0.014720481,0.12132799,0.00031777413
2020-03-24,4.547581e-06,0.10982963,0.87645227,0.9862819,0.9862819,0.013022839,0.11411765,0.00033150156
2020-03-25,4.458808e-06,0.10766155,0.8788051,0.98646665,0.98646665,0.011499742,0.10723685,0.00032946805
2020-03-26,5.0593417e-06,0.09998389,0.88659424,0.9865781,0.9865781,0.010151666,0.100755475,0.00037694696
2020-03-27,5.7192906e-06,0.092412986,0.8942214,0.98663443,0.98663443,0.009654244,0.098256014,0.0004279123
2020-03-30,5.479562e-06,0.09143663,0.89566606,0.9871027,0.9871027,0.008866747,0.0941634,0.00042486074
2020-03-31,5.7082284e-06,0.090409406,0.8965756,0.986985,0.986985,0.008376594,0.09152374,0.00043858937
2020-04-01,5.567025e-06,0.089676045,0.89756805,0.98724407,0.98724407,0.007548556,0.08688243,0.0004364264
2020-04-02,5.5995633e-06,0.08872234,0.89868873,0.9874111,0.9874111,0.0067875017,0.08238629,0.000444801
2020-04-03,4.440691e-06,0.108076975,0.8784271,0.9865041,0.9865041,0.010409104,0.10202502,0.00032903947
2020-04-06,4.977503e-06,0.10172337,0.88482094,0.9865443,0.9865443,0.010514504,0.102540255,0.00036991813
2020-04-07,5.221401e-06,0.09826379,0.88833696,0.98660076,0.98660076,0.01001502,0.10007507,0.00038967878
2020-04-08,5.1653005e-06,0.098722026,0.88789517,0.9866172,0.9866172,0.0098628765,0.099312015,0.00038596583
2020-04-09,4.886278e-06,0.10115789,0.8855732,0.9867311,0.9867311,0.009114386,0.09546929,0.00036825077
2020-04-13,5.222431e-06,0.09814391,0.8884199,0.98656386,0.98656386,0.009041983,0.09508934,0.0003886854
2020-04-14,5.2529003e-06,0.09327557,0.8938497,0.9871252,0.9871252,0.008062601,0.08979199,0.00040799918
2020-04-15,5.259526e-06,0.096077904,0.89070386,0.9867818,0.9867818,0.008310642,0.09116273,0.0003978996
2020-04-16,5.2528417e-06,0.09392893,0.89319867,0.9871276,0.9871276,0.007421985,0.086150944,0.00040807016
2020-04-17,5.362965e-06,0.09106325,0.8962636,0.98732686,0.98732686,0.006634565,0.08145284,0.00042317572
2020-04-20,5.8443375e-06,0.0860076,0.90125644,0.98726404,0.98726404,0.0065971185,0.081222646,0.0004588846
2020-04-21,6.0977213e-06,0.08375259,0.90364015,0.9873927,0.9873927,0.006561143,0.08100088,0.0004836668
2020-04-22,5.323794e-06,0.093718566,0.89365417,0.98737276,0.98737276,0.00652863,0.08079994,0.0004216117
2020-04-23,3.0213625e-06,0.1413388,0.84419763,0.98553646,0.98553646,0.015400212,0.12409759,0.00020889504
2020-04-24,4.0226396e-06,0.12634979,0.85870975,0.98505956,0.98505956,0.017578332,0.1325833,0.00026924504
2020-04-27,4.099776e-06,0.12046328,0.8653581,0.9858214,0.98582137,0.015184641,0.12322597,0.00028915293
2020-04-28,3.6519446e-06,0.13898996,0.84506834,0.9840583,0.98405826,0.022726322,0.15075251,0.00022908155
2020-04-29,3.551377e-06,0.135633,0.84942055,0.98505354,0.98505354,0.019381883,0.13921884,0.00023760655
2020-04-30,3.4425032e-06,0.13934816,0.8451795,0.98452765,0.98452765,0.021835856,0.1477696,0.00022249384
2020-05-01,3.3524123e-06,0.14347409,0.8406973,0.9841714,0.9841714,0.02543199,0.1594741,0.00021179448
2020-05-04,3.2653547e-06,0.13903297,0.8461758,0.98520875,0.98520875,0.021720761,0.14737965,0.0002207626
2020-05-05,3.7606094e-06,0.13061774,0.8544522,0.98506993,0.98506993,0.018509105,0.13604817,0.00025188157
2020-05-06,3.525636e-06,0.13736753,0.8471673,0.98453486,0.98453486,0.020329805,0.14258263,0.0002279731
2020-05-07,3.9185707e-06,0.12521785,0.86027974,0.9854976,0.9854976,0.017303564,0.13154301,0.00027020142
2020-05-08,3.8156604e-06,0.11929081,0.8672419,0.98653275,0.98653275,0.014933843,0.1222041,0.0002833288
2020-05-11,3.86892e-06,0.11850526,0.86801726,0.9865225,0.9865225,0.013242158,0.115074575,0.00028706502
2020-05-12,3.9945057e-06,0.115295984,0.87137055,0.98666656,0.98666656,0.011571114,0.10756911,0.00029958555
2020-05-13,3.8930098e-06,0.11283499,0.87430805,0.98714304,0.98714304,0.010581229,0.1028651,0.00030279395
2020-05-14,4.1485578e-06,0.107913755,0.87938535,0.9872991,0.9872991,0.009297737,0.09642477,0.00032663456
2020-05-15,4.180578e-06,0.106142774,0.88129044,0.9874332,0.9874332,0.008973348,0.094727755,0.0003326683
2020-05-18,4.3990217e-06,0.10480598,0.88237315,0.98717916,0.98717916,0.008366447,0.09146828,0.00034311495
2020-05-19,4.3647688e-06,0.10546338,0.8816499,0.9871133,0.9871133,0.00802179,0.08956444,0.0003387033
2020-05-20,4.4957005e-06,0.1034139,0.8837499,0.9871638,0.9871638,0.0071228724,0.084397115,0.0003502356
2020-05-21,4.5006304e-06,0.102922775,0.88429487,0.98721766,0.98721766,0.006390976,0.07994358,0.00035209768
2020-05-22,4.598242e-06,0.09975616,0.8877373,0.98749346,0.98749346,0.0056721396,0.075313605,0.00036766686
2020-05-26,4.6784194e-06,0.09859198,0.8889,0.98749197,0.98749197,0.005080625,0.071278505,0.00037403312
2020-05-27,4.640703e-06,0.097504295,0.890163,0.9876673,0.9876673,0.0046237633,0.06799826,0.00037629323
2020-05-28,4.84137e-06,0.09573064,0.89180684,0.9875375,0.9875375,0.004327822,0.06578618,0.0003884751
2020-05-29,4.7425315e-06,0.09540225,0.8922911,0.98769337,0.98769337,0.0039332975,0.06271601,0.00038536394
2020-06-01,4.8519273e-06,0.094350606,0.8933028,0.9876534,0.9876534,0.003764659,0.061356816,0.00039297598
2020-06-02,4.929598e-06,0.09203343,0.8958844,0.98791784,0.98791784,0.0033680887,0.058035236,0.00040800637
2020-06-03,4.9840387e-06,0.091822766,0.89603734,0.9878601,0.9878601,0.0031530862,0.056152347,0.00041054966
2020-06-04,5.1544644e-06,0.090604044,0.897146,0.98775005,0.98775005,0.0028451176,0.053339645,0.00042077445
2020-06-05,5.1683132e-06,0.08814773,0.89989364,0.98804134,0.9880414,0.0025584418,0.05058104,0.0004321817
2020-06-08,4.943189e-06,0.09077711,0.8972682,0.9880453,0.9880453,0.0025779298,0.05077332,0.00041349253
2020-06-09,5.2896194e-06,0.08905067,0.8986541,0.98770475,0.98770475,0.0024307074,0.049302205,0.00043021663
2020-06-10,5.088798e-06,0.08901502,0.89901406,0.98802906,0.98802906,0.0022225168,0.047143575,0.00042509602
2020-06-11,5.238662e-06,0.087981865,0.8999187,0.98790056,0.98790056,0.0020275998,0.045028877,0.00043296715
2020-06-12,5.2873283e-06,0.09073256,0.8967711,0.98750365,0.98750365,0.002482873,0.049828436,0.00042310974
2020-06-15,5.114398e-06,0.088176794,0.8998676,0.9880444,0.9880444,0.002232397,0.047248248,0.00042778195
2020-06-16,5.1108495e-06,0.08882907,0.8991797,0.9880088,0.98800874,0.0020614464,0.045403153,0.00042621657
2020-06-17,5.1325105e-06,0.08899643,0.8989657,0.9879621,0.9879621,0.0019562931,0.044230003,0.00042636355
2020-06-18,5.5284495e-06,0.08489454,0.9029744,0.98786896,0.98786896,0.0017750202,0.042130988,0.00045572774
2020-06-19,5.667079e-06,0.082270026,0.90573496,0.988005,0.988005,0.0016519923,0.04064471,0.00047245275
2020-06-22,5.9269323e-06,0.080007136,0.9079374,0.98794454,0.98794454,0.0015451565,0.039308477,0.00049163896
2020-06-23,5.5883975e-06,0.08299332,0.9050444,0.9880377,0.9880377,0.0014332386,0.03785814,0.00046716767
2020-06-24,5.6982008e-06,0.08193907,0.9061105,0.9880496,0.9880496,0.0013032373,0.036100376,0.00047682197
2020-06-25,5.7792313e-06,0.083938956,0.9037803,0.98771924,0.98771924,0.0014862539,0.038551964,0.00047059223
2020-06-26,5.4010115e-06,0.08428324,0.9038572,0.9881404,0.9881404,0.0013770409,0.0371085,0.00045541278
2020-06-29,5.790302e-06,0.081627704,0.9063402,0.9879679,0.9879679,0.001253285,0.035401765,0.0004812382
2020-06-30,5.6114313e-06,0.08271088,0.90530556,0.9880164,0.9880164,0.0012186986,0.034909863,0.00046826026
2020-07-01,5.9296035e-06,0.08004634,0.90787256,0.9879189,0.9879189,0.0011191493,0.033453688,0.00049081707
2020-07-02,5.731337e-06,0.08123277,0.90684015,0.98807293,0.98807293,0.001036933,0.032201443,0.00048053192
2020-07-06,5.882662e-06,0.079685,0.9084003,0.9880853,0.98808527,0.000979841,0.03130241,0.0004937327
2020-07-07,6.1670294e-06,0.077583425,0.91040844,0.98799187,0.98799187,0.00089601305,0.029933477,0.00051357114
2020-07-08,6.112159e-06,0.07667769,0.9114808,0.98815846,0.98815846,0.0008219231,0.0286692,0.0005161627
2020-07-09,6.1222445e-06,0.07693056,0.91119456,0.98812515,0.98812515,0.0007586511,0.027543623,0.00051556376
2020-07-10,6.180252e-06,0.07728369,0.9107326,0.9880163,0.9880163,0.000776347,0.027863005,0.00051572185
2020-07-13,5.995057e-06,0.07771138,0.91045874,0.98817015,0.98817015,0.00075397827,0.027458664,0.0005067736
2020-07-14,6.2389167e-06,0.07647739,0.91156125,0.98803866,0.98803866,0.00070255646,0.026505781,0.00052159006
2020-07-15,6.1875394e-06,0.07661964,0.91147447,0.9880941,0.9880941,0.00064820313,0.025459833,0.00051970326
2020-07-16,6.1381006e-06,0.07665352,0.91146415,0.9881177,0.9881177,0.0006344188,0.025187671,0.0005165749
2020-07-17,6.346334e-06,0.075342774,0.91272473,0.9880675,0.9880675,0.00059403904,0.024372917,0.0005318532
2020-07-20,6.2665827e-06,0.07438143,0.9138489,0.9882303,0.9882303,0.00054985203,0.023448924,0.000532433
2020-07-21,6.1998917e-06,0.07500642,0.9132338,0.98824024,0.98824024,0.0005107342,0.022599429,0.0005272125
2020-07-22,5.8267474e-06,0.07920461,0.9090382,0.9882428,0.9882428,0.00052955525,0.023012068,0.0004955899
2020-07-23,6.7160413e-06,0.071894936,0.91620976,0.9881047,0.9881047,0.00048743337,0.022077894,0.00056459627
2020-07-24,6.834435e-06,0.0709347,0.91713446,0.9880692,0.9880692,0.00048277754,0.0219722,0.00057283853
2020-07-27,6.7514584e-06,0.07070678,0.9174832,0.98819,0.98819,0.0004514544,0.021247456,0.0005716728
2020-07-28,6.860789e-06,0.070270784,0.9178748,0.9881456,0.9881456,0.00042466115,0.020607308,0.0005787542
2020-07-29,6.9300663e-06,0.06920091,0.91900665,0.9882076,0.9882076,0.00041001177,0.020248746,0.0005876712
2020-07-30,7.1937498e-06,0.06746653,0.9207089,0.9881754,0.9881754,0.0003857146,0.019639619,0.0006083711
2020-07-31,7.257925e-06,0.0675634,0.92054296,0.98810637,0.98810637,0.000438024,0.020929024,0.0006102363
2020-08-03,7.2635667e-06,0.066800356,0.9213995,0.98819983,0.98819983,0.0004153491,0.020380115,0.00061554764
2020-08-04,6.5704075e-06,0.07163065,0.9166442,0.9882749,0.9882749,0.0004115393,0.020286432,0.0005603698
2020-08-05,7.2402777e-06,0.067330815,0.92083293,0.98816377,0.98816377,0.0004031819,0.020079391,0.00061170466
2020-08-06,7.338635e-06,0.06677645,0.92135686,0.9881333,0.9881333,0.00038732114,0.019680476,0.00061842316
2020-08-07,7.3735505e-06,0.066037945,0.9221999,0.98823786,0.98823786,0.0003665581,0.019145707,0.0006268884
2020-08-10,7.4320983e-06,0.06599007,0.92218715,0.98817724,0.98817724,0.0003663206,0.019139504,0.0006286263
2020-08-11,7.2517782e-06,0.06671134,0.9215417,0.988253,0.988253,0.00036449512,0.019091755,0.0006173301
2020-08-12,7.4434633e-06,0.065822065,0.92237693,0.988199,0.988199,0.00034756702,0.01864315,0.0006307483
2020-08-13,7.174932e-06,0.067520104,0.92068994,0.98821,0.98821,0.00036889824,0.019206723,0.00060856197
2020-08-14,7.48559e-06,0.06559895,0.92258954,0.9881885,0.9881885,0.000354072,0.0188168,0.00063375465
2020-08-17,7.2693188e-06,0.06676955,0.92147434,0.9882439,0.9882439,0.00033627872,0.018337904,0.00061834324
2020-08-18,7.4325153e-06,0.0658279,0.92238843,0.98821634,0.98821634,0.0003451817,0.018579066,0.00063074764
2020-08-19,7.234371e-06,0.06667984,0.9216275,0.98830736,0.98830736,0.00032582786,0.018050702,0.00061871135
2020-08-20,7.472905e-06,0.06508949,0.9232157,0.98830515,0.98830515,0.0003075584,0.017537342,0.0006389912
2020-08-21,7.432369e-06,0.06536176,0.92296726,0.988329,0.988329,0.0002960351,0.01720567,0.0006368233
2020-08-24,7.487201e-06,0.06515066,0.9231421,0.98829275,0.98829275,0.00028293114,0.016820557,0.0006395356
2020-08-25,6.855169e-06,0.068667814,0.91976887,0.9884367,0.9884367,0.00027130242,0.016471261,0.0005928384
2020-08-26,7.3533997e-06,0.06584395,0.9224952,0.9883391,0.9883391,0.0002756444,0.016602542,0.0006306045
2020-08-27,7.540203e-06,0.0648273,0.9234657,0.98829305,0.98829305,0.00026166486,0.016176058,0.0006440793
2020-08-28,7.455461e-06,0.06528682,0.92302525,0.98831207,0.98831207,0.0002536849,0.01592749,0.0006378767
2020-08-31,7.2769176e-06,0.065955676,0.9224226,0.9883783,0.9883783,0.00024184035,0.015551217,0.0006261484
2020-09-01,7.660044e-06,0.06401427,0.9242949,0.98830914,0.98830914,0.00023529258,0.01533925,0.0006552167
2020-09-02,7.463918e-06,0.06508849,0.9232346,0.9883231,0.9883231,0.0002258267,0.015027531,0.0006392033
2020-09-03,7.6038737e-06,0.06434031,0.9239755,0.9883158,0.9883158,0.00027417182,0.016558135,0.0006507837
2020-09-04,7.670995e-06,0.06365986,0.92467636,0.9883362,0.9883362,0.0002617735,0.016179416,0.00065767573
2020-09-08,7.5953744e-06,0.064788274,0.92342925,0.98821753,0.98821753,0.00034996605,0.01870738,0.0006446336
2020-09-09,7.1965956e-06,0.070374615,0.9175278,0.9879024,0.9879024,0.0007345027,0.02710171,0.0005948781
2020-09-10,7.2651465e-06,0.06634088,0.9219124,0.98825324,0.98825324,0.0007636894,0.027634932,0.00061848067
2020-09-11,7.6526185e-06,0.065921575,0.9221159,0.98803747,0.98803747,0.0007382451,0.027170666,0.0006397156
2020-09-14,7.669309e-06,0.06461206,0.92354524,0.9881573,0.9881573,0.0006884213,0.026237784,0.0006475965
2020-09-15,7.6841425e-06,0.0645422,0.9236138,0.98815596,0.98815596,0.0006437466,0.02537216,0.0006487772
2020-09-16,7.551774e-06,0.06495401,0.92324555,0.9881996,0.9881996,0.00064850686,0.025465798,0.0006399587
2020-09-17,7.2123894e-06,0.06743046,0.9207458,0.9881762,0.9881762,0.0007541073,0.027461015,0.0006099905
2020-09-18,7.0188016e-06,0.06812268,0.92022353,0.9883462,0.9883462,0.00072780345,0.026977833,0.00060227676
2020-09-21,7.2625685e-06,0.06643144,0.9218552,0.9882867,0.9882867,0.00067744654,0.026027802,0.00062002614
2020-09-22,7.2583844e-06,0.06922208,0.91876745,0.98798954,0.98798954,0.0007663577,0.027683167,0.0006043388
2020-09-23,7.270434e-06,0.067126885,0.9210754,0.9882023,0.9882023,0.000714864,0.026736941,0.0006162572
2020-09-24,6.9807993e-06,0.068572946,0.9196909,0.98826385,0.98826385,0.00067007553,0.025885817,0.00059481146
2020-09-25,7.5800917e-06,0.06494987,0.9232276,0.9881775,0.9881775,0.0006290895,0.025081657,0.0006411569
2020-09-28,7.5155076e-06,0.06479443,0.92348754,0.98828197,0.98828197,0.00058856676,0.024260394,0.00064136245
2020-09-29,7.385025e-06,0.06557823,0.92274356,0.9883218,0.9883218,0.000555643,0.023572082,0.000632376
2020-09-30,6.785226e-06,0.07041031,0.9178573,0.9882676,0.9882676,0.00059167255,0.02432432,0.00057833234
2020-10-01,7.482256e-06,0.0654806,0.9227073,0.9881879,0.9881879,0.0005876106,0.02424068,0.00063344045
2020-10-02,7.6206156e-06,0.06604982,0.9219655,0.9880153,0.9880153,0.0006454589,0.025405882,0.0006358617
2020-10-05,7.689342e-06,0.06593057,0.92205673,0.9879873,0.9879873,0.00073248695,0.027064497,0.0006401
2020-10-06,6.7703704e-06,0.07085503,0.91724855,0.98810357,0.98810357,0.000894896,0.029914811,0.00056910934
2020-10-07,7.07768e-06,0.068601735,0.91953725,0.988139,0.988139,0.0009197754,0.030327799,0.00059671735
2020-10-08,7.4450836e-06,0.06767021,0.9202606,0.98793083,0.98793083,0.0008753206,0.029585818,0.00061686814
2020-10-09,7.1741106e-06,0.06812072,0.9199593,0.98808,0.98808,0.0008752126,0.029583992,0.00060185615
2020-10-12,7.4645372e-06,0.066660576,0.9213759,0.98803645,0.98803645,0.00082698563,0.028757358,0.0006239402
2020-10-13,7.5508988e-06,0.06629594,0.921699,0.9879949,0.9879949,0.00082735915,0.028763851,0.00062897475
2020-10-14,7.485736e-06,0.06597453,0.9221215,0.98809606,0.98809606,0.00079431705,0.028183632,0.0006288452
2020-10-15,7.3402302e-06,0.0668713,0.9212469,0.9881182,0.9881182,0.00076751166,0.027704,0.00061776943
2020-10-16,7.4049017e-06,0.06618088,0.9219945,0.9881754,0.9881754,0.00071472855,0.026734408,0.0006262281
2020-10-19,7.544124e-06,0.06506004,0.92311525,0.9881753,0.9881753,0.000666699,0.025820516,0.0006379956
2020-10-20,7.58233e-06,0.06451102,0.92374384,0.98825485,0.98825485,0.0006231232,0.024962436,0.00064557086
2020-10-21,7.2733583e-06,0.0664862,0.9218248,0.988311,0.988311,0.0005978465,0.0244509,0.0006222392
2020-10-22,7.5394955e-06,0.06606846,0.92201203,0.9880805,0.9880805,0.0006414103,0.025326079,0.0006325346
2020-10-23,7.5706034e-06,0.06503597,0.92312014,0.9881561,0.9881561,0.00061356666,0.024770278,0.0006391975
2020-10-26,7.740167e-06,0.06427826,0.9238527,0.9881309,0.9881309,0.0005996402,0.024487551,0.00065212906
2020-10-27,7.650159e-06,0.065121084,0.92297864,0.98809975,0.9880997,0.0006323353,0.025146278,0.0006428572
2020-10-28,7.4416284e-06,0.06603729,0.92210865,0.98814595,0.98814595,0.0006340183,0.02517972,0.00062777085
2020-10-29,7.4174704e-06,0.06856864,0.91930395,0.9878726,0.9878726,0.00080592505,0.028388819,0.0006116291
2020-10-30,7.2970306e-06,0.067405455,0.9207168,0.9881223,0.9881223,0.0008248528,0.02872025,0.0006143463
2020-11-02,7.636064e-06,0.065038994,0.9230538,0.9880928,0.9880928,0.0007746146,0.027831899,0.00064129697
2020-11-03,7.48719e-06,0.06625021,0.9217836,0.98803383,0.98803383,0.00077313907,0.027805379,0.0006256965
2020-11-04,7.412825e-06,0.06644303,0.9216632,0.98810625,0.98810625,0.00075396424,0.027458409,0.0006232539
2020-11-05,7.2490234e-06,0.06770763,0.9203553,0.988063,0.988063,0.00080112525,0.028304156,0.0006072723
2020-11-06,7.670919e-06,0.06542075,0.92261136,0.9880321,0.9880321,0.0007506489,0.027397973,0.00064095797
2020-11-09,7.526499e-06,0.067365766,0.92053837,0.98790413,0.98790413,0.00082519697,0.028726242,0.00062223716
2020-11-10,6.505662e-06,0.073777124,0.9141903,0.98796743,0.98796743,0.0012110018,0.03479945,0.0005406711
2020-11-11,7.0554534e-06,0.07014134,0.9177708,0.9879121,0.9879121,0.0011633603,0.03410807,0.0005836799
2020-11-12,7.2524963e-06,0.06882658,0.91909933,0.9879259,0.9879259,0.0010750163,0.032787442,0.00060066493
2020-11-13,7.364797e-06,0.06816228,0.91971236,0.9878746,0.9878746,0.0009999628,0.03162219,0.0006073873
2020-11-16,7.3575493e-06,0.06849463,0.9193664,0.98786104,0.98786104,0.00096832094,0.031117857,0.0006061102
2020-11-17,7.0190335e-06,0.06916745,0.91892177,0.9880892,0.9880892,0.00095707795,0.030936677,0.0005893001
2020-11-18,7.198538e-06,0.06772181,0.9204166,0.9881384,0.9881384,0.00088675815,0.029778484,0.00060687633
2020-11-19,7.4828217e-06,0.06602666,0.92206323,0.9880899,0.9880899,0.000829032,0.028792916,0.0006282763
2020-11-20,7.4618642e-06,0.06601031,0.92209935,0.98810965,0.98810965,0.0007722088,0.027788645,0.00062755623
2020-11-23,7.1003046e-06,0.06813685,0.92005986,0.98819673,0.98819673,0.00072551845,0.026935449,0.00060155406
2020-11-24,7.2403163e-06,0.06706847,0.92115736,0.9882258,0.9882258,0.00070501794,0.026552174,0.0006149316
2020-11-25,6.9105513e-06,0.069525756,0.9186647,0.9881905,0.9881905,0.000774013,0.027821088,0.00058516744
2020-11-27,7.069144e-06,0.06844937,0.91972715,0.9881765,0.9881765,0.00073906296,0.027185712,0.0005978905
2020-11-30,7.2946505e-06,0.06712887,0.9209982,0.98812705,0.9881271,0.0006880036,0.026229823,0.0006143926
2020-12-01,7.2140074e-06,0.06760342,0.9205429,0.9881463,0.9881463,0.00064225623,0.025342776,0.00060858723
2020-12-02,7.3304855e-06,0.06690179,0.92122424,0.98812604,0.98812604,0.0006198958,0.024897708,0.0006173581
2020-12-03,7.1827853e-06,0.067590885,0.9206021,0.988193,0.988193,0.00059555256,0.024403945,0.00060834846
2020-12-04,6.8623763e-06,0.06910083,0.9192692,0.98837,0.98837006,0.00055943726,0.023652427,0.0005900582
2020-12-07,7.055135e-06,0.068454586,0.9197435,0.98819804,0.98819804,0.0005332763,0.023092777,0.0005977936
2020-12-08,7.3224637e-06,0.0666891,0.9214924,0.9881815,0.9881815,0.0005059752,0.022493893,0.0006195749
2020-12-09,7.1583563e-06,0.067493536,0.92076236,0.9882559,0.9882559,0.00047450804,0.021783205,0.0006095288
2020-12-10,7.3083525e-06,0.06623927,0.92207456,0.98831385,0.9883138,0.0004443359,0.021079276,0.000625386
2020-12-11,7.0404835e-06,0.06821716,0.92006254,0.9882797,0.9882797,0.00046554286,0.021576442,0.0006007085
2020-12-14,7.4503173e-06,0.065678045,0.9225453,0.9882234,0.9882234,0.00043690004,0.020902153,0.00063263596
2020-12-15,7.2994885e-06,0.06655524,0.9216976,0.9882529,0.9882529,0.00041552747,0.02038449,0.0006213853
2020-12-16,7.3048905e-06,0.066447206,0.9218241,0.9882713,0.9882713,0.00040167637,0.020041866,0.0006228216
2020-12-17,7.167629e-06,0.06710146,0.9212354,0.98833686,0.98833686,0.00037861813,0.019458111,0.00061455404
2020-12-18,6.9619923e-06,0.06809378,0.92030734,0.9884011,0.9884011,0.00036406983,0.019080615,0.0006002294
2020-12-21,7.1307186e-06,0.067419834,0.92090255,0.9883224,0.9883224,0.0003572326,0.018900597,0.000610631
2020-12-22,7.23159e-06,0.067756355,0.9204115,0.9881679,0.9881679,0.00039020836,0.019753693,0.00061118306
2020-12-23,7.4073055e-06,0.06588172,0.9223625,0.98824424,0.98824424,0.00038252576,0.019558266,0.00063009985
2020-12-24,6.9522393e-06,0.06849159,0.91987026,0.98836184,0.98836184,0.00039474326,0.019868147,0.0005973656
2020-12-28,7.197737e-06,0.06694218,0.92137444,0.9883166,0.9883166,0.00037035128,0.019244513,0.00061606505
2020-12-29,7.146421e-06,0.06742551,0.9209253,0.9883508,0.9883508,0.0003596852,0.018965367,0.0006134693
2020-12-30,6.9856296e-06,0.06819726,0.92017734,0.9883746,0.9883746,0.00034239763,0.01850399,0.0006008932
2020-12-31,7.3801316e-06,0.06563278,0.9227132,0.988346,0.988346,0.00032648316,0.018068844,0.0006332692
2021-01-04,7.372053e-06,0.06584213,0.9224676,0.98830974,0.98830974,0.0003089592,0.017577235,0.00063061505
2021-01-05,7.4846544e-06,0.06565674,0.92255825,0.98821497,0.98821497,0.00031604973,0.017777788,0.00063509843
2021-01-06,6.6580287e-06,0.07077693,0.9175589,0.98833585,0.98833585,0.0004449041,0.02109275,0.0005708112
2021-01-07,7.3947035e-06,0.066149935,0.92204833,0.9881983,0.9881983,0.00042813693,0.02069147,0.00062657846
2021-01-08,7.34649e-06,0.066309325,0.9219279,0.98823726,0.98823726,0.0004030653,0.020076485,0.0006245561
2021-01-11,6.880717e-06,0.06900308,0.9193598,0.9883629,0.9883629,0.0004277264,0.020681547,0.00059127464
2021-01-12,7.2696353e-06,0.06681061,0.9214327,0.9882433,0.9882433,0.00040011533,0.020002883,0.0006183388
2021-01-13,7.066662e-06,0.06758971,0.92079633,0.98838603,0.98838603,0.0003975192,0.019937884,0.0006084625
2021-01-14,7.354711e-06,0.0661126,0.9221576,0.98827016,0.98827016,0.00037544747,0.019376468,0.00062700885
2021-01-15,7.207594e-06,0.06686018,0.9214683,0.9883285,0.9883285,0.00036334997,0.01906174,0.0006175388
2021-01-19,7.293855e-06,0.066637814,0.92160535,0.98824316,0.98824316,0.00037765247,0.019433282,0.0006203926
2021-01-20,6.942559e-06,0.06777559,0.92071617,0.9884918,0.9884918,0.00036420432,0.019084137,0.00060326926
2021-01-21,7.0704004e-06,0.06761488,0.92075515,0.98837,0.98837006,0.00034374144,0.018540265,0.0006079451
2021-01-22,7.383142e-06,0.06560802,0.9227402,0.98834825,0.98834825,0.00032393183,0.017998107,0.0006336507
2021-01-25,7.435397e-06,0.06550305,0.9227863,0.98828936,0.98828936,0.00032427436,0.01800762,0.00063492643
2021-01-26,7.2616995e-06,0.06650523,0.92182016,0.9883254,0.9883254,0.00031231478,0.01767243,0.00062200933
2021-01-27,7.4873683e-06,0.06490835,0.923447,0.98835534,0.98835534,0.000295873,0.01720096,0.0006429872
2021-01-28,7.5117277e-06,0.06508729,0.92318356,0.9882709,0.9882709,0.00028191795,0.016790412,0.000640434
2021-01-29,7.480971e-06,0.064909555,0.92345107,0.98836064,0.98836064,0.0002741982,0.01655893,0.0006427306
2021-02-01,7.320711e-06,0.06574674,0.9226578,0.9884045,0.9884045,0.00026124177,0.016162975,0.00063134136
2021-02-02,6.830518e-06,0.06950577,0.91882443,0.9883302,0.9883302,0.00029042477,0.017041853,0.00058531505
2021-02-03,7.365995e-06,0.06582277,0.9225012,0.988324,0.988324,0.00030764547,0.017539825,0.0006308656
2021-02-04,7.231507e-06,0.06645587,0.92193186,0.98838776,0.9883877,0.0003093126,0.017587285,0.00062274886
2021-02-05,7.209436e-06,0.066832684,0.9214997,0.9883324,0.9883324,0.0002982832,0.017270878,0.00061790174
2021-02-08,7.3562233e-06,0.06563516,0.922751,0.98838615,0.98838615,0.00028976845,0.017022585,0.00063340116
2021-02-09,7.0942433e-06,0.067304015,0.9211053,0.98840934,0.98840934,0.00029911596,0.01729497,0.00061206555
2021-02-10,7.235796e-06,0.06627907,0.92214245,0.9884215,0.9884215,0.00028542618,0.01689456,0.0006249338
2021-02-11,7.2613925e-06,0.06643726,0.92190605,0.9883433,0.9883433,0.0002722523,0.01650007,0.00062293716
2021-02-12,7.366483e-06,0.06547406,0.9229295,0.98840356,0.98840356,0.00026225805,0.016194383,0.0006352365
2021-02-16,6.9797716e-06,0.06802166,0.9204075,0.9884291,0.9884291,0.00027736244,0.016654203,0.0006032192
2021-02-17,6.6506495e-06,0.07017588,0.91831326,0.98848915,0.98848915,0.000268363,0.016381789,0.00057777227
2021-02-18,7.051527e-06,0.06763803,0.9207648,0.98840284,0.98840284,0.00027520303,0.016589245,0.0006080393
2021-02-19,7.067875e-06,0.06717492,0.9212664,0.9884413,0.9884413,0.0002678077,0.016364831,0.000611476
2021-02-22,7.138256e-06,0.06685698,0.9215694,0.9884264,0.9884264,0.00028517516,0.01688713,0.0006167699
2021-02-23,6.8995064e-06,0.06880293,0.9195746,0.9883776,0.9883776,0.00036166882,0.019017592,0.00059363723
2021-02-24,7.0769174e-06,0.06714067,0.9213337,0.98847437,0.98847437,0.0003399769,0.018438462,0.0006140156
2021-02-25,6.97288e-06,0.06810546,0.9203149,0.98842037,0.98842037,0.00036089015,0.018997109,0.0006021676
2021-02-26,7.21348e-06,0.0666406,0.92172986,0.9883705,0.9883705,0.00034058015,0.018454814,0.0006202731
2021-03-01,7.340877e-06,0.066756204,0.9214409,0.9881971,0.9881971,0.0003924524,0.019810412,0.00062195474
2021-03-02,7.1864115e-06,0.06661931,0.9218024,0.98842174,0.9884217,0.0003826531,0.01956152,0.0006206814
2021-03-03,7.512113e-06,0.06518387,0.923063,0.98824686,0.98824686,0.00037495387,0.019363726,0.00063915784
2021-03-04,7.385258e-06,0.065886654,0.92239124,0.9882779,0.9882779,0.00039450836,0.019862235,0.00063002924
2021-03-05,6.8929517e-06,0.06891674,0.9194458,0.98836255,0.98836255,0.00047951547,0.021897841,0.00059230777
2021-03-08,6.822448e-06,0.06911409,0.91932356,0.98843765,0.98843765,0.0005300753,0.023023363,0.00059005735
2021-03-09,7.308743e-06,0.06731026,0.9208635,0.9881738,0.9881738,0.00051204686,0.022628453,0.0006180119
2021-03-10,7.2877174e-06,0.06633184,0.92199427,0.98832613,0.98832613,0.0004968389,0.022289883,0.0006242762
2021-03-11,7.3401593e-06,0.06596516,0.92236465,0.9883298,0.9883298,0.00046813587,0.021636447,0.00062896754
2021-03-12,7.0451592e-06,0.06758706,0.92083406,0.98842114,0.98842114,0.00047708006,0.021842163,0.00060845027
2021-03-15,7.261756e-06,0.06615408,0.92225564,0.9884097,0.9884097,0.00044918407,0.021193963,0.00062653725
2021-03-16,7.2318344e-06,0.066858634,0.921461,0.98831964,0.98831964,0.00042238022,0.02055189,0.0006191446
2021-03-17,7.3268407e-06,0.06590213,0.9224639,0.988366,0.988366,0.00040222373,0.020055516,0.0006297787
2021-03-18,7.4521718e-06,0.06546919,0.9228074,0.9882766,0.9882766,0.00037909427,0.019470343,0.0006356665
2021-03-19,7.0201404e-06,0.07113376,0.91682327,0.98795706,0.987957,0.0007168403,0.026773874,0.0005829258
2021-03-22,7.185942e-06,0.066747375,0.9215873,0.98833466,0.98833466,0.00070236705,0.026502209,0.0006160077
2021-03-23,7.2854205e-06,0.06718827,0.92101616,0.9882044,0.9882044,0.0006547134,0.025587369,0.00061763986
2021-03-24,7.25742e-06,0.07019993,0.91764206,0.98784196,0.98784196,0.000883701,0.029727109,0.0005969237
2021-03-25,6.6891444e-06,0.07091492,0.91735166,0.9882666,0.9882666,0.0010485499,0.03238132,0.0005700937
2021-03-26,7.299546e-06,0.0704063,0.91735464,0.98776096,0.98776096,0.0011059112,0.03325524,0.00059641496
2021-03-29,6.9840758e-06,0.06896594,0.9192494,0.9882154,0.9882153,0.0011349801,0.033689465,0.0005926436
2021-03-30,7.3652295e-06,0.06754074,0.92049044,0.9880312,0.9880312,0.0010563976,0.03250227,0.0006153695
2021-03-31,7.476389e-06,0.06693158,0.92110646,0.98803806,0.98803806,0.000998789,0.031603623,0.0006250149
2021-04-01,7.5726994e-06,0.06661012,0.92135817,0.98796827,0.98796827,0.0009643111,0.031053359,0.00062939385
2021-04-05,6.9870284e-06,0.06891287,0.91929865,0.9882115,0.9882115,0.0009909217,0.031478908,0.00059269933
2021-04-06,7.225803e-06,0.0700696,0.91781926,0.9878889,0.9878889,0.0010693567,0.03270102,0.00059662515
2021-04-07,7.174983e-06,0.067429386,0.9208526,0.98828197,0.98828197,0.0009976322,0.031585317,0.00061230257
2021-04-08,7.527008e-06,0.06604405,0.9220588,0.98810285,0.98810285,0.00092929485,0.030484337,0.0006326734
2021-04-09,7.6250126e-06,0.064850196,0.923349,0.98819923,0.98819923,0.0008650207,0.029411234,0.00064614555
2021-04-12,7.681038e-06,0.06419708,0.9240338,0.9882309,0.9882309,0.0008079282,0.028424079,0.0006526436
2021-04-13,7.663034e-06,0.06403516,0.92426074,0.9882959,0.9882959,0.00075666,0.027507454,0.00065473147
2021-04-14,7.665304e-06,0.06395087,0.9243635,0.98831433,0.9883144,0.00071088,0.026662333,0.0006559576
2021-04-15,7.1262452e-06,0.06761087,0.92067003,0.9882809,0.9882809,0.0008117181,0.028490666,0.0006080877
2021-04-16,7.5282283e-06,0.06494577,0.9233367,0.98828244,0.98828244,0.00075591815,0.027493965,0.00064247416
2021-04-19,7.4817995e-06,0.06493932,0.9234093,0.9883486,0.9883486,0.0007074256,0.026597474,0.00064213754
2021-04-20,7.443316e-06,0.06511161,0.9232651,0.98837674,0.98837674,0.0006616209,0.025721993,0.0006403809
2021-04-21,7.2341413e-06,0.06724779,0.9210259,0.9882737,0.9882737,0.0006332997,0.025165446,0.0006169149
2021-04-22,7.630626e-06,0.06457087,0.92366916,0.98824,0.98824,0.00061194424,0.024737507,0.000648863
2021-04-23,7.665285e-06,0.06413057,0.9241406,0.9882711,0.9882711,0.0005729379,0.02393612,0.0006535392
2021-04-26,7.623546e-06,0.0640155,0.92434794,0.98836344,0.98836344,0.0005452618,0.02335084,0.0006551377
2021-04-27,7.686555e-06,0.06400277,0.924266,0.98826873,0.98826873,0.00051263213,0.022641381,0.00065521954
2021-04-28,7.419493e-06,0.06531089,0.9230531,0.988364,0.988364,0.0004984205,0.022325333,0.0006376316
2021-04-29,7.449425e-06,0.06507045,0.9233045,0.98837495,0.98837495,0.00048079327,0.021927,0.0006408079
2021-04-30,7.5201715e-06,0.06459018,0.92379224,0.9883824,0.9883824,0.00047154646,0.021715121,0.0006473085
2021-05-03,7.60166e-06,0.064742014,0.9235004,0.98824245,0.98824245,0.00047577295,0.021812221,0.0006465342
2021-05-04,7.388663e-06,0.06548455,0.922881,0.98836553,0.98836553,0.00045961855,0.021438716,0.00063506665
2021-05-05,7.2201547e-06,0.06637453,0.9220501,0.98842466,0.98842466,0.0004532491,0.021289647,0.00062375306
2021-05-06,7.4197674e-06,0.06519164,0.9231998,0.9883914,0.9883914,0.00042522664,0.020621024,0.0006391612
2021-05-07,7.5626517e-06,0.06478554,0.9234859,0.9882714,0.9882714,0.0004134234,0.020332815,0.00064480514
2021-05-10,7.477066e-06,0.06492026,0.9234481,0.98836833,0.98836833,0.0003898234,0.019743945,0.0006428198
2021-05-11,7.5142107e-06,0.064566135,0.9238308,0.98839694,0.98839694,0.00036745906,0.01916922,0.0006476061
2021-05-12,7.385525e-06,0.06533476,0.9230757,0.9884104,0.9884104,0.0003487922,0.01867598,0.00063725526
2021-05-13,7.448835e-06,0.06509327,0.9232773,0.9883706,0.9883706,0.00033866495,0.018402852,0.0006405174
2021-05-14,7.4895775e-06,0.066178665,0.9219987,0.98817736,0.98817736,0.000400042,0.02000105,0.00063349446
2021-05-17,7.3048013e-06,0.06596653,0.9224049,0.98837143,0.98837143,0.00041368377,0.020339217,0.0006281772
2021-05-18,7.278098e-06,0.06636686,0.9219665,0.98833334,0.98833334,0.0004007966,0.020019906,0.0006238376
2021-05-19,7.351332e-06,0.06544617,0.92298377,0.9884299,0.9884299,0.0003864807,0.019659113,0.00063537346
2021-05-20,7.3834603e-06,0.06612706,0.92211396,0.988241,0.988241,0.00043665202,0.02089622,0.00062789954
2021-05-21,7.5104012e-06,0.06561399,0.92262304,0.988237,0.988237,0.00043955198,0.020965494,0.00063847797
2021-05-24,7.55786e-06,0.064722046,0.9235686,0.98829067,0.98829067,0.00045122448,0.021242045,0.0006454561
2021-05-25,7.2424677e-06,0.066641286,0.92168427,0.98832554,0.98832554,0.0005171387,0.022740684,0.00062036834
2021-05-26,7.467302e-06,0.06526724,0.9230482,0.98831546,0.98831546,0.00048388133,0.021997303,0.0006390756
2021-05-27,7.499624e-06,0.06497085,0.9233494,0.98832023,0.98832023,0.00045434342,0.021315333,0.00064210384
2021-05-28,7.5420135e-06,0.06454583,0.92381316,0.988359,0.988359,0.00043273566,0.020802299,0.00064788223
2021-06-01,7.644053e-06,0.06406064,0.924259,0.98831964,0.98831964,0.00041164688,0.020289082,0.0006544361
2021-06-02,7.292936e-06,0.066205986,0.92214084,0.9883468,0.9883468,0.0004154341,0.020382201,0.000625832
2021-06-03,7.384075e-06,0.06547308,0.9229086,0.9883817,0.9883817,0.0004073726,0.020183474,0.00063555466
2021-06-04,7.4129243e-06,0.064989835,0.92346203,0.9884519,0.98845184,0.00038337006,0.019579839,0.0006419171
2021-06-07,7.374215e-06,0.06558414,0.92278564,0.98836976,0.98836976,0.00036998274,0.019234935,0.0006340554
2021-06-08,7.5383423e-06,0.06446626,0.9239177,0.98838395,0.98838395,0.0003510379,0.018736005,0.00064895913
2021-06-09,7.307465e-06,0.065754935,0.9226784,0.98843336,0.98843336,0.00034044866,0.018451251,0.0006317708
2021-06-10,7.552709e-06,0.06438536,0.9239961,0.98838145,0.98838145,0.00032158478,0.017932786,0.0006500558
2021-06-11,7.4840464e-06,0.064697534,0.92371416,0.9884117,0.98841166,0.00030598094,0.017492311,0.0006458292
2021-06-14,7.448094e-06,0.065184325,0.9231632,0.98834753,0.98834753,0.0002948456,0.017171068,0.0006391859
2021-06-15,7.5482762e-06,0.06432584,0.9240713,0.9883972,0.9883971,0.00027966723,0.016723255,0.00065055536
2021-06-16,7.263342e-06,0.06560819,0.92290884,0.98851705,0.98851705,0.0002848011,0.016876051,0.0006325325
2021-06-17,7.4913546e-06,0.06462529,0.9237926,0.98841786,0.98841786,0.00027011088,0.01643505,0.0006468025
2021-06-18,7.63855e-06,0.06396673,0.9243864,0.98835313,0.98835313,0.0002730335,0.016523726,0.000655846
2021-06-21,6.9996295e-06,0.06678095,0.9218005,0.9885814,0.9885814,0.00026429901,0.016257275,0.00061300345
2021-06-22,7.0652827e-06,0.06710714,0.92137647,0.9884836,0.9884836,0.0003013843,0.017360423,0.0006134979
2021-06-23,7.1271106e-06,0.0668437,0.92161757,0.98846126,0.98846126,0.0002895082,0.017014941,0.0006176678
2021-06-24,7.3234105e-06,0.06554081,0.9229038,0.98844457,0.98844457,0.00027394306,0.016551226,0.0006337634
2021-06-25,7.3826786e-06,0.06532007,0.92309755,0.9884176,0.9884176,0.00026064852,0.016144613,0.0006374063
2021-06-28,7.5172375e-06,0.06475971,0.9235851,0.98834485,0.98834485,0.00025444274,0.01595126,0.0006449712
2021-06-29,7.53542e-06,0.06474961,0.9235688,0.9883184,0.9883184,0.00025858727,0.01608065,0.00064506655
2021-06-30,7.35772e-06,0.06486311,0.92365265,0.98851573,0.98851573,0.00024639224,0.015696887,0.00064067834
2021-07-01,7.473616e-06,0.06467445,0.9237505,0.98842496,0.98842496,0.00023763994,0.015415574,0.0006456663
2021-07-02,7.336135e-06,0.065697975,0.92270434,0.9884023,0.9884023,0.00026251192,0.016202219,0.0006325512
2021-07-06,7.183534e-06,0.06610387,0.9224063,0.9885102,0.9885102,0.00024964684,0.015800217,0.0006252092
2021-07-07,7.3384e-06,0.06671764,0.9215407,0.9882583,0.9882583,0.00027662903,0.016632168,0.00062498625
2021-07-08,7.603621e-06,0.06396854,0.924422,0.98839056,0.98839056,0.0002800187,0.016733758,0.00065495184
2021-07-09,7.271514e-06,0.065947674,0.92245334,0.988401,0.988401,0.00027280353,0.016516766,0.00062690844
2021-07-12,7.2839603e-06,0.065987505,0.9224241,0.9884116,0.9884116,0.00029005628,0.017031038,0.0006285565
2021-07-13,7.5771372e-06,0.06452003,0.92379,0.98831,0.98831,0.00027756445,0.016660266,0.0006481714
2021-07-14,7.1385493e-06,0.06643074,0.9220986,0.9885293,0.9885293,0.00027882095,0.016697932,0.00062233035
2021-07-15,7.5773914e-06,0.064609215,0.92368525,0.9882945,0.9882945,0.00031939862,0.017871726,0.000647335
2021-07-16,7.5990224e-06,0.064461365,0.9238369,0.98829824,0.98829824,0.000330242,0.018172562,0.00064939127
2021-07-19,7.324684e-06,0.0654025,0.9230074,0.98840994,0.98840994,0.00031294464,0.017690241,0.0006319796
2021-07-20,7.024571e-06,0.07099552,0.91697484,0.98797035,0.98797035,0.00069677935,0.026396578,0.0005839382
2021-07-21,7.3335577e-06,0.06600912,0.9223056,0.9883147,0.9883147,0.0006613061,0.025715873,0.00062758767
2021-07-22,7.074206e-06,0.068168186,0.9200704,0.9882386,0.9882386,0.0007314482,0.027045298,0.0006014752
2021-07-23,7.2746843e-06,0.066795394,0.9214416,0.988237,0.988237,0.0007142783,0.026725985,0.00061843905
2021-07-26,7.5352145e-06,0.06497748,0.9232853,0.9882628,0.9882628,0.00066570344,0.02580123,0.0006419927
2021-07-27,7.561817e-06,0.06450998,0.92382526,0.98833525,0.98833525,0.00062256283,0.024951208,0.0006482623
2021-07-28,7.3344327e-06,0.06539203,0.9230857,0.9884777,0.9884777,0.0005836625,0.024159107,0.0006365428
2021-07-29,7.566214e-06,0.064569466,0.9237455,0.988315,0.988315,0.0005526922,0.023509407,0.00064751436
2021-07-30,7.3476026e-06,0.065816484,0.9225384,0.98835486,0.98835486,0.0005359282,0.023150122,0.0006309588
2021-08-02,7.229614e-06,0.06604418,0.9224435,0.9884877,0.9884877,0.00050294184,0.022426365,0.0006279915
2021-08-03,7.4877735e-06,0.06636158,0.9217608,0.9881224,0.98812234,0.00056301325,0.0237279,0.0006304115
2021-08-04,7.638106e-06,0.06410218,0.9242156,0.9883178,0.9883178,0.0005332344,0.023091868,0.00065382355
2021-08-05,7.699458e-06,0.06446173,0.9237291,0.9881908,0.9881908,0.00057894393,0.024061253,0.0006519898
2021-08-06,7.4755053e-06,0.06480971,0.92355263,0.9883623,0.9883623,0.0005541664,0.023540739,0.00064235314
2021-08-09,7.750334e-06,0.06376262,0.9244828,0.9882454,0.9882454,0.0005286587,0.02299258,0.0006593463
2021-08-10,7.667663e-06,0.064407304,0.92384356,0.98825085,0.98825085,0.0005428106,0.023298295,0.0006526144
2021-08-11,7.521783e-06,0.06482999,0.92348313,0.98831314,0.98831314,0.00055479375,0.02355406,0.0006436102
2021-08-12,7.605596e-06,0.06418942,0.92415726,0.9883467,0.9883467,0.0005320707,0.023066659,0.0006526557
2021-08-13,7.5568705e-06,0.064350866,0.92403567,0.9883865,0.9883865,0.0004997405,0.022354877,0.00065069774
2021-08-16,7.6339775e-06,0.06387308,0.9244933,0.98836637,0.98836637,0.00047537807,0.021803167,0.0006561988
2021-08-17,7.750685e-06,0.06379625,0.924443,0.9882393,0.9882393,0.00046597907,0.021586549,0.00065903197
2021-08-18,7.5896564e-06,0.064048074,0.92432976,0.9883778,0.9883778,0.00044581972,0.021114444,0.0006530315
2021-08-19,7.5250446e-06,0.06421666,0.9241775,0.9883942,0.9883942,0.00043896143,0.020951407,0.0006483866
2021-08-20,7.4800378e-06,0.06509376,0.9232325,0.98832625,0.98832625,0.00046229825,0.021501122,0.00064075715
2021-08-23,7.553719e-06,0.065098755,0.9231939,0.98829263,0.98829263,0.00046574665,0.021581164,0.00064521085
2021-08-24,6.9659122e-06,0.06816627,0.9201842,0.98835045,0.98835045,0.0006112919,0.024724318,0.00059795554
2021-08-25,7.32244e-06,0.065986365,0.92239296,0.98837936,0.98837936,0.00062404736,0.02498094,0.0006301236
2021-08-26,7.0384385e-06,0.06760081,0.9208502,0.988451,0.988451,0.0005921734,0.024334613,0.0006094416
2021-08-27,7.4130926e-06,0.06628059,0.9219464,0.988227,0.988227,0.0005657515,0.023785532,0.00062966946
2021-08-30,7.525793e-06,0.064919524,0.92337173,0.98829126,0.98829126,0.00055331556,0.02352266,0.00064275024
2021-08-31,7.4820573e-06,0.06477822,0.9236161,0.9883943,0.9883943,0.00052124896,0.022830877,0.00064468925
2021-09-01,7.642173e-06,0.06409946,0.9242178,0.9883173,0.98831725,0.0004961258,0.022273881,0.000654145
2021-09-02,7.2096027e-06,0.06774532,0.92044973,0.98819506,0.98819506,0.0004662445,0.021592695,0.0006107277
2021-09-03,7.3528795e-06,0.0657453,0.9225669,0.9883122,0.9883122,0.0004633741,0.021526126,0.0006291064
2021-09-07,7.542025e-06,0.064769275,0.92353576,0.98830503,0.98830503,0.00044180782,0.021019224,0.0006448949
2021-09-08,7.6013675e-06,0.06418271,0.9241646,0.9883473,0.9883473,0.00042807657,0.02069001,0.0006523263
2021-09-09,7.2124026e-06,0.06633768,0.9220713,0.988409,0.988409,0.00041502508,0.020372164,0.0006222407
2021-09-10,7.6569195e-06,0.06405046,0.92425436,0.9883048,0.9883048,0.00040933557,0.020232042,0.0006547058
2021-09-13,7.3780643e-06,0.0653298,0.92305845,0.98838824,0.98838824,0.00041894687,0.020468192,0.0006353959
2021-09-14,7.317602e-06,0.06588377,0.92249733,0.9883811,0.9883811,0.00040085777,0.020021433,0.00062980095
2021-09-15,7.699183e-06,0.063556544,0.924803,0.9883596,0.9883596,0.00037710843,0.019419279,0.00066141743
2021-09-16,7.251796e-06,0.066548824,0.92178315,0.988332,0.988332,0.00041296394,0.020321514,0.0006215101
2021-09-17,7.5255984e-06,0.064872846,0.9234303,0.9883032,0.9883032,0.0003879188,0.019695655,0.00064338866
2021-09-20,7.216785e-06,0.06598194,0.9224549,0.9884368,0.9884368,0.00037110367,0.019264052,0.00062411756
2021-09-21,7.306124e-06,0.066059865,0.92226344,0.98832333,0.98832333,0.0003871006,0.019674873,0.0006257028
2021-09-22,7.2029275e-06,0.066349976,0.92211825,0.9884682,0.9884682,0.00036516887,0.019109393,0.00062461593
2021-09-23,7.3644983e-06,0.06559473,0.92277527,0.98837,0.98837,0.00037950222,0.019480817,0.00063323294
2021-09-24,7.2540493e-06,0.066328146,0.922048,0.98837614,0.98837614,0.00037128816,0.019268839,0.00062406546
2021-09-27,7.406453e-06,0.06540383,0.9229574,0.98836124,0.98836124,0.00035496728,0.018840576,0.00063636096
2021-09-28,6.909022e-06,0.06853063,0.91989434,0.98842496,0.98842496,0.00035973568,0.018966699,0.0005968895
2021-09-29,7.495345e-06,0.064911686,0.9234303,0.988342,0.988342,0.00033820988,0.018390484,0.00064293505
2021-09-30,7.206468e-06,0.0658964,0.92263347,0.98852986,0.98852986,0.00032243977,0.017956607,0.0006282808
2021-10-01,6.9620382e-06,0.068044536,0.92040396,0.9884485,0.9884485,0.00030508958,0.017466813,0.0006026956
2021-10-04,7.3447372e-06,0.06575941,0.9226128,0.9883722,0.9883722,0.00029604134,0.017205851,0.0006316536
2021-10-05,6.9492903e-06,0.068215415,0.9202166,0.98843205,0.98843205,0.0003135714,0.017707948,0.00060073653
2021-10-06,6.7722813e-06,0.06931163,0.91916406,0.9884757,0.9884757,0.00031407,0.01772202,0.0005876513
2021-10-07,7.051793e-06,0.06783477,0.9205716,0.9884064,0.9884064,0.00032160842,0.017933443,0.0006082498
2021-10-08,7.105622e-06,0.06716369,0.92125696,0.98842067,0.98842067,0.0003112268,0.01764162,0.0006136468
2021-10-11,7.243177e-06,0.06610685,0.9223438,0.98845065,0.98845065,0.00030532075,0.01747343,0.00062715
2021-10-12,7.093171e-06,0.06693342,0.92156196,0.98849535,0.98849535,0.00030255967,0.017394243,0.0006165482
2021-10-13,7.194432e-06,0.06655583,0.9218645,0.98842037,0.98842037,0.0002860254,0.016912285,0.00062130054
2021-10-14,7.406986e-06,0.065264106,0.92312944,0.98839355,0.98839355,0.00027136403,0.016473131,0.00063817814
2021-10-15,7.2650114e-06,0.06614429,0.9222624,0.98840666,0.98840666,0.00026513272,0.016282897,0.0006266538
2021-10-18,6.9913144e-06,0.06714127,0.92146564,0.9886069,0.9886069,0.00026071933,0.016146805,0.00061364623
2021-10-19,6.746981e-06,0.0682502,0.92042476,0.98867494,0.98867494,0.0002474303,0.015729917,0.0005957567
2021-10-20,6.865579e-06,0.068143256,0.92039824,0.9885415,0.9885415,0.00023698568,0.015394339,0.00059916824
2021-10-21,6.89258e-06,0.067885846,0.92071676,0.9886026,0.98860264,0.00023274659,0.015256034,0.0006047491
2021-10-22,7.4375607e-06,0.065204754,0.9231553,0.98836005,0.98836005,0.00024013701,0.015496355,0.0006389683
2021-10-25,7.360758e-06,0.065609336,0.92277366,0.988383,0.988383,0.00024363448,0.015608795,0.00063361926
2021-10-26,6.8756344e-06,0.068483375,0.9200063,0.9884896,0.9884896,0.00023218396,0.015237584,0.0005973425
2021-10-27,7.4673585e-06,0.06478463,0.9236309,0.98841554,0.98841554,0.00022779594,0.01509291,0.0006446013
2021-10-28,7.3374335e-06,0.06611879,0.9221899,0.98830867,0.98830867,0.0002552683,0.015977118,0.00062759605
2021-10-29,7.253877e-06,0.06545313,0.9230954,0.9885485,0.9885485,0.00024290723,0.015585481,0.00063344435
2021-11-01,7.0731285e-06,0.06636595,0.92227584,0.9886418,0.9886418,0.00023666212,0.015383827,0.00062273315
2021-11-02,7.1575573e-06,0.066489965,0.9219737,0.98846364,0.98846364,0.00022734047,0.0150778135,0.00062043464
2021-11-03,7.069234e-06,0.067046925,0.9214394,0.98848635,0.98848635,0.00021700085,0.014730949,0.0006139872
2021-11-04,7.424269e-06,0.066746674,0.92140245,0.9881491,0.9881491,0.00030012318,0.017324064,0.00062647334
2021-11-05,7.71837e-06,0.0638279,0.92443883,0.9882667,0.9882667,0.0003287939,0.018132675,0.0006578179
2021-11-08,7.272056e-06,0.065937355,0.92249805,0.9884354,0.9884354,0.00037103944,0.019262385,0.0006288197
2021-11-09,7.4469613e-06,0.06501543,0.92337525,0.9883907,0.9883907,0.00035361852,0.018804748,0.00064146426
2021-11-10,6.956283e-06,0.06745142,0.92114854,0.98859996,0.98859996,0.0003796179,0.019483786,0.0006101979
2021-11-11,7.3775986e-06,0.06725802,0.9208892,0.9881472,0.9881472,0.00043554074,0.020869613,0.00062243507
2021-11-12,7.360818e-06,0.065359056,0.923051,0.98841006,0.98841006,0.00040900125,0.02022378,0.00063510385
2021-11-15,7.4859777e-06,0.064696684,0.9236963,0.98839295,0.98839295,0.00039154614,0.019787526,0.0006449509
2021-11-16,7.3750616e-06,0.06533352,0.92306435,0.9883979,0.9883979,0.00036920526,0.019214714,0.0006356659
2021-11-17,7.6074525e-06,0.064121984,0.9242258,0.98834777,0.98834777,0.0003483692,0.01866465,0.00065287517
2021-11-18,7.272296e-06,0.06654202,0.92178935,0.9883314,0.9883314,0.00038886344,0.019719621,0.0006232352
2021-11-19,7.1090294e-06,0.06646167,0.92201436,0.98847604,0.98847604,0.00037000526,0.019235522,0.0006168911
2021-11-22,7.231253e-06,0.06829299,0.91987234,0.9881653,0.9881653,0.00044304374,0.021048604,0.00061102223
2021-11-23,7.2727526e-06,0.06516,0.9234039,0.9885639,0.9885639,0.0004194422,0.020480288,0.00063594664
2021-11-24,7.1182503e-06,0.06702012,0.92141217,0.9884323,0.9884323,0.00042701105,0.020664245,0.0006153551
2021-11-26,7.683786e-06,0.063895665,0.92440414,0.9882998,0.9882998,0.0004007518,0.020018786,0.0006567219
2021-11-29,6.2263425e-06,0.08353111,0.90368176,0.98721284,0.9872129,0.0016344959,0.0404289,0.00048692132
2021-11-30,6.6224866e-06,0.070265405,0.91812843,0.98839384,0.98839384,0.0015390269,0.039230432,0.00057060114
2021-12-01,6.9751086e-06,0.07263871,0.91522115,0.98785985,0.98785985,0.0016371796,0.040462077,0.00057454855
2021-12-02,7.2258035e-06,0.06804353,0.92010415,0.9881477,0.9881477,0.0015119099,0.038883284,0.0006096529
2021-12-03,7.2044572e-06,0.06864494,0.91944623,0.9880912,0.9880912,0.0014113841,0.03756839,0.0006049677
2021-12-06,7.5512967e-06,0.06645946,0.9216243,0.9880838,0.9880838,0.0013059156,0.036137454,0.000633699
2021-12-07,6.737581e-06,0.070409596,0.917948,0.9883576,0.9883576,0.0013601698,0.036880482,0.0005787108
2021-12-08,7.104321e-06,0.069057934,0.9191103,0.98816824,0.98816824,0.0013462461,0.036691226,0.00060044497
2021-12-09,7.481943e-06,0.066500485,0.9216155,0.98811597,0.98811597,0.0012455885,0.035292897,0.0006295794
2021-12-10,7.5870944e-06,0.06678378,0.9211917,0.9879755,0.9879755,0.0011821887,0.034382973,0.0006309685
2021-12-13,7.604189e-06,0.06536985,0.9227969,0.98816675,0.98816675,0.0011032873,0.03321577,0.000642612
2021-12-14,7.6195033e-06,0.065267995,0.9228926,0.98816055,0.98816055,0.001027731,0.032058243,0.00064356904
2021-12-15,7.4815384e-06,0.0652266,0.92308015,0.98830676,0.98830676,0.0009604129,0.03099053,0.00063981744
2021-12-16,7.592675e-06,0.06440376,0.92388606,0.98828983,0.98828983,0.0008942169,0.029903458,0.00064838317
2021-12-17,7.4534323e-06,0.06498735,0.92336845,0.9883558,0.9883558,0.00086173014,0.029355241,0.0006400991
2021-12-20,7.4552227e-06,0.06616319,0.92201656,0.98817974,0.98817974,0.0008330825,0.028863167,0.0006307158
2021-12-21,7.3871806e-06,0.067071244,0.9210971,0.98816836,0.98816836,0.0008714124,0.029519696,0.0006243581
2021-12-22,7.345826e-06,0.066186905,0.9220897,0.9882766,0.9882766,0.00092414627,0.030399773,0.0006265952
2021-12-23,7.612028e-06,0.06514421,0.9230324,0.98817664,0.9881766,0.0008931762,0.029886054,0.0006438128
2021-12-27,7.3954125e-06,0.06563389,0.9227189,0.9883528,0.9883528,0.0008444821,0.029059974,0.00063495064
2021-12-28,7.187726e-06,0.067575425,0.920683,0.9882584,0.9882585,0.0008231639,0.028690834,0.00061216013
2021-12-29,7.5628304e-06,0.064750075,0.9235645,0.98831457,0.98831457,0.00076686876,0.027692396,0.00064720167
2021-12-30,7.4622985e-06,0.06496804,0.92341423,0.9883823,0.9883823,0.00071932905,0.026820311,0.0006423204
2021-12-31,6.810647e-06,0.06841476,0.92021185,0.9886266,0.9886266,0.0006735693,0.025953213,0.0005988224
2022-01-03,7.1304084e-06,0.06841859,0.91981053,0.9882291,0.98822916,0.0006648369,0.025784431,0.00060576556
2022-01-04,7.468261e-06,0.06488154,0.92350876,0.9883903,0.9883903,0.00062733365,0.02504663,0.00064327917
2022-01-05,7.0925485e-06,0.06701403,0.9214914,0.9885054,0.9885054,0.000595625,0.024405431,0.0006170343
2022-01-06,7.2185453e-06,0.06632918,0.9221056,0.9884348,0.9884348,0.0005638742,0.023746036,0.0006241604
2022-01-07,7.392667e-06,0.065415405,0.92297894,0.9883943,0.9883943,0.0005543199,0.023543999,0.000636987
2022-01-10,7.4210807e-06,0.06524017,0.92313635,0.9883765,0.9883765,0.00052251446,0.022858575,0.0006384548
2022-01-11,7.5468847e-06,0.064654976,0.9236673,0.98832226,0.98832226,0.0004947867,0.022243802,0.0006462623
2022-01-12,7.012446e-06,0.06770443,0.9207419,0.98844635,0.98844635,0.0005543746,0.02354516,0.00060694665
2022-01-13,6.790784e-06,0.06929183,0.9191545,0.98844635,0.98844635,0.000537232,0.023178264,0.00058776117
2022-01-14,6.89077e-06,0.06833925,0.9201886,0.98852783,0.98852783,0.0005035632,0.022440214,0.0006006512
2022-01-18,6.8390877e-06,0.068618804,0.9199039,0.98852265,0.98852265,0.00049829215,0.02232246,0.00059587683
2022-01-19,7.074014e-06,0.06729472,0.92115206,0.9884468,0.9884468,0.0004894402,0.022123296,0.0006122976
2022-01-20,6.9681623e-06,0.06747414,0.9210881,0.9885622,0.9885622,0.0004785617,0.021876054,0.0006092237
2022-01-21,6.690226e-06,0.06984127,0.91877705,0.9886183,0.9886183,0.0004478238,0.021161849,0.0005878063
2022-01-24,7.020376e-06,0.06777671,0.92063713,0.9884139,0.9884138,0.00044806485,0.021167543,0.00060592935
2022-01-25,7.489293e-06,0.06591685,0.92229366,0.9882105,0.9882105,0.00045223002,0.0212657,0.00063525105
2022-01-26,7.033273e-06,0.067434676,0.92104185,0.9884765,0.9884765,0.00047219993,0.021730162,0.00061034254
2022-01-27,6.95702e-06,0.06805506,0.9203994,0.9884545,0.98845446,0.0004689217,0.0216546,0.00060257525
2022-01-28,5.1966085e-06,0.08218228,0.90656483,0.9887471,0.9887471,0.00044375795,0.021065563,0.00046180253
2022-01-31,5.9050085e-06,0.074860334,0.9139414,0.9888017,0.9888017,0.00040788378,0.020196132,0.0005273138
2022-02-01,6.30374e-06,0.0723893,0.916214,0.9886033,0.9886033,0.0003954512,0.019885955,0.00055311946
2022-02-02,7.2663674e-06,0.0656987,0.92281294,0.9885116,0.9885116,0.0003686295,0.019199727,0.00063249725
2022-02-03,6.5610516e-06,0.07056935,0.9179798,0.9885491,0.9885491,0.00034745527,0.018640151,0.0005729732
2022-02-04,6.7805518e-06,0.068575725,0.92005664,0.9886324,0.9886324,0.00036054806,0.018988103,0.0005964795
2022-02-07,6.731186e-06,0.06891964,0.9197367,0.98865634,0.98865634,0.00037202577,0.01928797,0.00059338764
2022-02-08,6.915459e-06,0.06785394,0.92076474,0.9886187,0.9886187,0.00035726788,0.01890153,0.0006076144
2022-02-09,7.1297295e-06,0.067641556,0.9207075,0.9883491,0.9883491,0.00036852236,0.019196937,0.00061194564
2022-02-10,7.0265373e-06,0.066978514,0.92161626,0.9885948,0.9885948,0.0003470867,0.018630262,0.0006160803
2022-02-11,7.0371975e-06,0.06701027,0.92155766,0.98856795,0.98856795,0.00032723512,0.01808964,0.0006155673
2022-02-14,6.8734093e-06,0.068324566,0.92020845,0.988533,0.988533,0.00039050565,0.019761216,0.0005994089
2022-02-15,6.912826e-06,0.0683393,0.92012244,0.98846173,0.98846173,0.00040822502,0.02020458,0.0005991217
2022-02-16,7.170813e-06,0.06922626,0.91884327,0.98806953,0.98806953,0.00047305872,0.021749914,0.00060105056
2022-02-17,7.022295e-06,0.06773665,0.92068535,0.988422,0.988422,0.00046157156,0.021484217,0.00060651934
2022-02-18,7.426301e-06,0.06594264,0.92234176,0.9882844,0.9882844,0.00046110153,0.021473275,0.0006338819
2022-02-22,7.377108e-06,0.06518845,0.9232593,0.9884478,0.9884478,0.00043671735,0.020897783,0.0006385882
2022-02-23,6.932027e-06,0.06836179,0.9201205,0.98848224,0.98848224,0.00042284967,0.020563308,0.00060185534
2022-02-24,7.420043e-06,0.065198496,0.92319083,0.9883893,0.9883893,0.00039659918,0.019914798,0.0006390701
2022-02-25,7.164591e-06,0.066581234,0.9218864,0.98846763,0.98846763,0.0003771669,0.019420786,0.0006212594
2022-02-28,7.4361137e-06,0.06585202,0.9224292,0.98828125,0.98828125,0.00036695116,0.01915597,0.00063454837
2022-03-01,6.5964837e-06,0.07050886,0.91800433,0.9885132,0.9885132,0.00047264242,0.021740342,0.000574265
2022-03-02,6.029292e-06,0.075957805,0.91247845,0.9884362,0.9884362,0.00085892435,0.029307412,0.00052139466
2022-03-03,5.5919427e-06,0.0793605,0.9092132,0.9885737,0.9885737,0.0011305516,0.033623677,0.000489391
2022-03-04,6.897756e-06,0.07138723,0.91662043,0.98800766,0.98800766,0.001091733,0.033041384,0.0005751804
2022-03-07,5.684135e-06,0.07917762,0.9092678,0.9884454,0.9884454,0.0013727413,0.037050523,0.00049193704
2022-03-08,6.33435e-06,0.075075835,0.91309404,0.9881699,0.9881699,0.0013320053,0.036496647,0.0005354439
2022-03-09,5.2577957e-06,0.08240058,0.90628374,0.9886843,0.9886843,0.001315295,0.036266997,0.00046464594
2022-03-10,4.86537e-06,0.10131864,0.8856959,0.98701453,0.98701453,0.0025792888,0.0507867,0.0003746781
2022-03-11,6.455479e-06,0.07554172,0.9123683,0.98791003,0.98791003,0.0023536838,0.04851478,0.00053395337
2022-03-14,6.285984e-06,0.07520173,0.91291904,0.9881208,0.9881208,0.0022241774,0.047161184,0.0005291586
2022-03-15,6.6383295e-06,0.07644738,0.91107273,0.9875201,0.9875201,0.0023055514,0.048016157,0.0005319216
2022-03-16,6.6766297e-06,0.07589587,0.911696,0.98759186,0.98759186,0.0024416153,0.049412705,0.0005380848
2022-03-17,6.988215e-06,0.069750294,0.91834635,0.98809665,0.98809665,0.0022494502,0.04742837,0.0005870799
2022-03-18,5.897927e-06,0.078461066,0.90976334,0.9882244,0.9882244,0.00251915,0.050191134,0.00050085946
2022-03-21,6.8257355e-06,0.07108878,0.91698575,0.98807454,0.98807454,0.0023186412,0.04815227,0.0005723667
2022-03-22,6.3525126e-06,0.07468695,0.91345745,0.9881444,0.9881444,0.0024639522,0.04963821,0.0005358237
2022-03-23,6.5199893e-06,0.073779225,0.9143458,0.988125,0.988125,0.002257959,0.047517985,0.00054905296
2022-03-24,6.487366e-06,0.07293806,0.9153338,0.9882719,0.9882719,0.0021278134,0.04612823,0.0005531469
2022-03-25,6.811859e-06,0.071442775,0.9166489,0.9880917,0.9880917,0.001992837,0.044641204,0.0005720265
2022-03-28,6.7580436e-06,0.070468344,0.9178163,0.98828465,0.98828465,0.0018466661,0.04297285,0.00057685364
2022-03-29,6.487869e-06,0.07769188,0.9099319,0.98762375,0.9876238,0.0020720316,0.045519575,0.00052421936
2022-03-30,6.7731016e-06,0.07046548,0.9177609,0.9882264,0.9882264,0.0019133146,0.04374145,0.0005752794
2022-03-31,6.596293e-06,0.07176397,0.9165041,0.9882681,0.9882681,0.0018419554,0.042918008,0.00056225166
2022-04-01,6.7749684e-06,0.07359808,0.9142467,0.98784477,0.98784477,0.0020744163,0.04554576,0.0005573704
2022-04-04,6.762155e-06,0.072093196,0.9159842,0.9880774,0.9880774,0.0019112041,0.04371732,0.00056717126
2022-04-05,6.8852514e-06,0.06977474,0.9184791,0.98825383,0.98825383,0.0018690944,0.043233026,0.00058617
2022-04-06,6.9935913e-06,0.07012151,0.91799617,0.9881177,0.9881177,0.001735586,0.041660365,0.00058857194
2022-04-07,7.018971e-06,0.071243964,0.91668326,0.9879272,0.9879272,0.0018367753,0.042857617,0.0005813871
2022-04-08,7.0297197e-06,0.06904197,0.91922176,0.9882637,0.9882637,0.0016911433,0.041123513,0.0005989737
2022-04-11,7.106781e-06,0.06783618,0.9204765,0.98831266,0.98831266,0.001597199,0.039964974,0.00060807524
2022-04-12,7.031658e-06,0.070647694,0.91735107,0.9879988,0.9879988,0.00159401,0.039925054,0.0005859121
2022-04-13,6.5385766e-06,0.07225375,0.91604143,0.9882952,0.9882952,0.0017635647,0.041994818,0.0005586234
2022-04-14,6.5799445e-06,0.07177369,0.9165771,0.9883508,0.9883508,0.0017125894,0.041383445,0.0005648413
2022-04-18,6.846721e-06,0.070042096,0.91822726,0.9882693,0.9882693,0.0016223555,0.040278476,0.0005836598
2022-04-19,6.9820985e-06,0.06932381,0.9189172,0.988241,0.98824096,0.0015057592,0.038804114,0.0005937672
2022-04-20,6.8396826e-06,0.070736505,0.9174692,0.98820573,0.98820573,0.0015917817,0.03989714,0.00057991577
2022-04-21,6.6188654e-06,0.07037716,0.91817755,0.9885547,0.9885547,0.0014674345,0.038307108,0.00057830504
2022-04-22,6.97873e-06,0.06827719,0.92015535,0.9884325,0.9884325,0.0013607881,0.03688886,0.00060330634
2022-04-25,6.944081e-06,0.0685601,0.91986626,0.9884264,0.9884264,0.0012787291,0.035759322,0.0005999925
2022-04-26,6.754776e-06,0.07051471,0.9178425,0.98835725,0.9883572,0.0012692882,0.03562707,0.00058016996
2022-04-27,6.1816e-06,0.07419498,0.91433316,0.98852813,0.98852813,0.0012409609,0.035227276,0.00053884863
2022-04-28,6.6565012e-06,0.07041262,0.91806483,0.98847747,0.98847747,0.0011414587,0.03378548,0.0005776943
2022-04-29,6.0177213e-06,0.07539988,0.9131613,0.98856115,0.98856115,0.0011265839,0.033564623,0.00052607764
2022-05-02,6.3837574e-06,0.07433058,0.91400653,0.9883371,0.9883371,0.0010380725,0.032219134,0.0005473559
2022-05-03,6.049908e-06,0.07548933,0.91314834,0.9886377,0.9886377,0.00095658645,0.030928731,0.0005324538
2022-05-04,7.0840815e-06,0.06860182,0.9196929,0.9882947,0.9882947,0.00093390385,0.03055984,0.00060520397
2022-05-05,6.7514984e-06,0.07036244,0.9180085,0.98837095,0.98837095,0.0010454576,0.032333534,0.00058057206
2022-05-06,6.9684093e-06,0.06937443,0.9189316,0.98830605,0.98830605,0.0009675756,0.031105878,0.0005958984
2022-05-09,6.5327495e-06,0.06994808,0.91880447,0.98875254,0.98875254,0.00090896065,0.030148974,0.0005808202
2022-05-10,6.4015976e-06,0.07314652,0.9153574,0.98850393,0.98850393,0.0011195176,0.033459194,0.0005568511
2022-05-11,6.588325e-06,0.07199464,0.9164005,0.98839515,0.98839515,0.0011111711,0.033334233,0.0005677219
2022-05-12,6.737459e-06,0.07076303,0.9175049,0.98826796,0.98826796,0.0012645066,0.0355599,0.00057427847
2022-05-13,6.978368e-06,0.068482056,0.91994154,0.9884236,0.9884236,0.0011679115,0.034174718,0.00060280913
2022-05-16,6.703188e-06,0.0702343,0.9182273,0.9884616,0.9884616,0.0011910807,0.034512036,0.00058094674
2022-05-17,6.7907395e-06,0.07041932,0.9179377,0.988357,0.988357,0.0011758917,0.03429128,0.00058324693
2022-05-18,6.8375734e-06,0.07119776,0.91699356,0.9881913,0.9881913,0.0011044975,0.03323398,0.0005790288
2022-05-19,6.8497584e-06,0.071661,0.91642267,0.98808366,0.98808366,0.0010661549,0.032652028,0.0005748207
2022-05-20,6.7553933e-06,0.069810286,0.91866344,0.9884737,0.9884737,0.001023096,0.03198587,0.00058608584
2022-05-23,6.7500346e-06,0.06984613,0.9186444,0.9884906,0.9884906,0.00095205574,0.0308554,0.0005864792
2022-05-24,6.8507734e-06,0.06996378,0.9183842,0.988348,0.988348,0.0009305712,0.030505264,0.00058794866
2022-05-25,6.978998e-06,0.06810808,0.9203687,0.98847675,0.98847675,0.00086319685,0.029380212,0.0006056451
2022-05-26,7.045223e-06,0.06769039,0.9207971,0.9884875,0.9884875,0.0008030407,0.028337972,0.00061196194
2022-05-27,6.8080717e-06,0.069343515,0.91915196,0.98849547,0.98849547,0.0008214243,0.0286605,0.0005917731
2022-05-31,6.7218925e-06,0.068916015,0.91975844,0.98867446,0.98867446,0.000766616,0.02768783,0.0005935164
2022-06-01,6.3828606e-06,0.07113956,0.9176823,0.98882186,0.98882186,0.0007127774,0.02669789,0.00057101296
2022-06-02,6.740652e-06,0.06961946,0.9189089,0.9885284,0.9885284,0.0006621898,0.025733048,0.0005875933
2022-06-03,6.7131946e-06,0.06900459,0.9196828,0.9886874,0.9886874,0.00062817306,0.02506338,0.0005934261
2022-06-06,6.8361696e-06,0.06837449,0.9202489,0.98862344,0.98862344,0.00060374703,0.024571264,0.00060089957
2022-06-07,6.7557057e-06,0.069890186,0.91857964,0.98846984,0.98846984,0.0005632037,0.023731913,0.000585916
2022-06-08,6.928593e-06,0.06786255,0.9207399,0.98860246,0.98860246,0.00052794255,0.022977,0.0006079025
2022-06-09,6.5975614e-06,0.06920778,0.9196171,0.9888249,0.9888249,0.00052623433,0.022939797,0.00059038075
2022-06-10,6.6108655e-06,0.06995461,0.9187047,0.9886593,0.9886593,0.00049237715,0.022189572,0.0005829339
2022-06-13,6.894617e-06,0.06859769,0.9199446,0.98854226,0.98854226,0.00046256167,0.021507246,0.0006017431
2022-06-14,6.8527684e-06,0.06902777,0.9194848,0.9885126,0.9885126,0.00043267704,0.02080089,0.00059654523
2022-06-15,5.8940363e-06,0.07382147,0.91527057,0.98909205,0.98909205,0.0004244428,0.02060201,0.0005403433
2022-06-16,6.4180426e-06,0.07168052,0.91691595,0.9885965,0.9885965,0.000466001,0.021587055,0.00056281337
2022-06-17,6.9898365e-06,0.067165256,0.92141485,0.9885801,0.9885801,0.00046051724,0.021459665,0.0006120755
2022-06-21,6.658053e-06,0.07191335,0.91642386,0.9883372,0.9883372,0.00076961017,0.02774185,0.00057088037
2022-06-22,6.777846e-06,0.06914114,0.9194632,0.98860437,0.98860437,0.00071865995,0.026807833,0.0005947757
2022-06-23,6.9858356e-06,0.06778589,0.92076135,0.9885472,0.9885472,0.00078595197,0.028034834,0.0006099678
2022-06-24,6.943032e-06,0.06797187,0.9206168,0.9885887,0.9885887,0.00075382105,0.027455801,0.0006084343
2022-06-27,6.7972314e-06,0.06882596,0.91977966,0.9886056,0.9886056,0.0007678753,0.027710563,0.0005965424
2022-06-28,7.0716515e-06,0.06878691,0.9194995,0.98828644,0.98828644,0.0007346817,0.027105011,0.0006037147
2022-06-29,7.0662677e-06,0.0674064,0.92110276,0.9885092,0.9885092,0.0007089067,0.026625302,0.00061494886
2022-06-30,7.1253285e-06,0.068757355,0.91949254,0.9882499,0.9882499,0.00068215845,0.026118163,0.00060640567
2022-07-01,6.483789e-06,0.07188345,0.91672844,0.9886119,0.9886119,0.000731283,0.027042244,0.0005693466
2022-07-05,6.7471806e-06,0.06987459,0.91862214,0.9884967,0.9884967,0.00072070636,0.026845975,0.0005865441
2022-07-06,6.278316e-06,0.079867326,0.9078949,0.9877622,0.9877622,0.0011878272,0.03446487,0.0005130271
2022-07-07,7.040558e-06,0.06940486,0.91882867,0.9882335,0.9882335,0.0010927431,0.033056665,0.00059835654
2022-07-08,6.3269713e-06,0.07351637,0.91495186,0.9884682,0.9884682,0.0011306452,0.033625066,0.0005486557
2022-07-11,7.1042023e-06,0.06846024,0.9197893,0.98824954,0.98824954,0.0010691007,0.032697104,0.0006045893
2022-07-12,7.0132537e-06,0.06851765,0.9198875,0.9884051,0.9884051,0.0009937496,0.031523794,0.0006048572
2022-07-13,6.80763e-06,0.07278441,0.9152505,0.9880349,0.9880349,0.0013910562,0.037296865,0.0005689574
2022-07-14,6.98261e-06,0.06938934,0.91892415,0.9883135,0.9883135,0.0012814794,0.035797756,0.0005974935
2022-07-15,7.2489242e-06,0.067348585,0.920918,0.9882666,0.9882666,0.0011867821,0.034449704,0.00061780185
2022-07-18,7.219421e-06,0.06723694,0.921112,0.98834896,0.98834896,0.0011231854,0.03351396,0.00061963755
2022-07-19,7.234017e-06,0.0681105,0.9200504,0.9881609,0.9881609,0.0012087147,0.034766573,0.00061102805
2022-07-20,7.2290545e-06,0.06638894,0.9220544,0.9884434,0.9884434,0.0011355241,0.033697538,0.00062553334
2022-07-21,6.7793153e-06,0.07065281,0.91769505,0.9883479,0.9883479,0.0010787782,0.03284476,0.00058181
2022-07-22,7.159287e-06,0.06882411,0.919348,0.9881721,0.9881721,0.0012491681,0.035343572,0.00060528883
2022-07-25,7.117673e-06,0.06797301,0.9203946,0.9883676,0.9883676,0.0011766849,0.034302842,0.00061188434
2022-07-26,7.2273065e-06,0.066720836,0.921689,0.9884098,0.9884098,0.0011191487,0.03345368,0.0006235714
2022-07-27,7.1955315e-06,0.06730204,0.92105764,0.9883597,0.9883597,0.0010607991,0.03256991,0.00061815634
2022-07-28,6.9899816e-06,0.06750561,0.92104965,0.98855525,0.98855525,0.0010213671,0.031958837,0.0006107589
2022-07-29,7.082384e-06,0.06645411,0.9221929,0.988647,0.988647,0.00095308194,0.030872025,0.0006238328
2022-08-01,7.2159237e-06,0.066904955,0.92151606,0.988421,0.988421,0.0009191207,0.030317003,0.0006231918
2022-08-02,6.4319765e-06,0.07877241,0.90889406,0.9876665,0.9876665,0.0010173963,0.03189665,0.00052150403
2022-08-03,6.873312e-06,0.06734609,0.9213011,0.9886472,0.9886472,0.0009334266,0.030552031,0.00060543
2022-08-04,6.886846e-06,0.07042188,0.91784805,0.9882699,0.9882699,0.000979359,0.03129471,0.0005871102
2022-08-05,7.2889775e-06,0.06748817,0.9207244,0.9882126,0.9882126,0.0009460156,0.030757366,0.0006183695
2022-08-08,7.247135e-06,0.066174,0.922282,0.98845595,0.988456,0.0008800338,0.029665364,0.00062778103
2022-08-09,7.311084e-06,0.065567546,0.9229378,0.98850536,0.98850536,0.0008433615,0.029040687,0.0006360431
2022-08-10,7.0306705e-06,0.067763016,0.9207243,0.9884873,0.9884873,0.00078631425,0.028041296,0.0006106884
2022-08-11,7.291884e-06,0.06584338,0.9226076,0.988451,0.988451,0.00074716215,0.027334267,0.0006313868
2022-08-12,7.168218e-06,0.06720607,0.9211782,0.9883843,0.9883843,0.000739914,0.02720136,0.00061711494
2022-08-15,7.4490113e-06,0.06497846,0.9234588,0.9884373,0.9884373,0.0007286978,0.026994403,0.0006442274
2022-08-16,7.3011965e-06,0.06701916,0.92127126,0.9882904,0.9882904,0.00073796645,0.027165538,0.00062352384
2022-08-17,7.160605e-06,0.067383945,0.9210076,0.9883915,0.9883915,0.00076006236,0.027569229,0.00061684253
2022-08-18,7.2838616e-06,0.065826125,0.92264616,0.9884723,0.9884723,0.0007286698,0.026993884,0.0006318564
2022-08-19,7.1850923e-06,0.06618744,0.9223272,0.98851466,0.98851466,0.0007259039,0.026942603,0.00062558823
2022-08-22,7.2430194e-06,0.066175245,0.9223008,0.98847604,0.98847604,0.0006772032,0.026023127,0.0006285182
2022-08-23,6.9351845e-06,0.068744905,0.9196862,0.9884311,0.9884311,0.00063437596,0.025186822,0.0005994677
2022-08-24,7.0178176e-06,0.06744666,0.92106605,0.9885127,0.9885127,0.00068923674,0.026253318,0.0006109194
2022-08-25,6.8731083e-06,0.06895951,0.9195118,0.9884713,0.9884713,0.0006514901,0.025524305,0.00059617526
2022-08-26,7.3242677e-06,0.06561711,0.9228306,0.98844767,0.98844767,0.0006508787,0.025512325,0.0006340076
2022-08-29,7.202268e-06,0.06638533,0.9220985,0.98848385,0.98848385,0.00061001914,0.024698565,0.0006254057
2022-08-30,7.091208e-06,0.06801745,0.9203361,0.9883536,0.9883536,0.0006831052,0.026136281,0.00060887606
2022-08-31,6.943865e-06,0.0706017,0.9175681,0.9881698,0.9881698,0.0008581991,0.029295035,0.0005869604
2022-09-01,7.2144658e-06,0.06767089,0.9205956,0.98826647,0.98826647,0.0008327583,0.028857552,0.0006148588
2022-09-02,6.9463085e-06,0.07143391,0.9166218,0.9880557,0.9880557,0.0008503374,0.029160544,0.00058155874
2022-09-06,6.9658527e-06,0.06720941,0.9213534,0.9885628,0.9885628,0.00078692794,0.028052235,0.0006090535
2022-09-07,6.9574853e-06,0.06769995,0.92089903,0.988599,0.988599,0.00073200563,0.027055603,0.0006102523
2022-09-08,7.1733666e-06,0.06758609,0.9207838,0.9883699,0.9883699,0.0009149602,0.030248309,0.00061679224
2022-09-09,7.3122833e-06,0.066003814,0.9223887,0.9883925,0.9883925,0.0008743101,0.029568736,0.00062996044
2022-09-12,7.2361886e-06,0.06684017,0.9215239,0.9883641,0.9883641,0.0009087127,0.030144861,0.00062188477
2022-09-13,7.2755365e-06,0.06652107,0.92186594,0.988387,0.988387,0.00085287803,0.029204076,0.0006264987
2022-09-14,7.3141705e-06,0.0661517,0.92225087,0.98840255,0.98840255,0.00079560606,0.02820649,0.00063067034
2022-09-15,6.834524e-06,0.069702454,0.9187408,0.98844326,0.98844326,0.0007523687,0.02742934,0.0005913883
2022-09-16,7.1814407e-06,0.06828711,0.919974,0.98826116,0.98826116,0.0008051073,0.028374413,0.00061176764
2022-09-19,6.9541097e-06,0.06746578,0.9210837,0.9885495,0.9885495,0.00074786023,0.027347034,0.0006073178
2022-09-20,7.0879373e-06,0.06717235,0.92131317,0.9884855,0.9884855,0.0006991208,0.026440892,0.000615567
2022-09-21,7.1016943e-06,0.06721702,0.92126584,0.98848283,0.98848283,0.00066688354,0.025824089,0.00061661814
2022-09-22,7.4466057e-06,0.06470757,0.92374706,0.98845464,0.98845464,0.00064394076,0.025375988,0.00064498687
2022-09-23,6.923307e-06,0.06748864,0.92115855,0.9886472,0.9886472,0.00060491153,0.02459495,0.00060983375
2022-09-26,7.0066226e-06,0.070323296,0.91787356,0.98819685,0.98819685,0.00079759036,0.028241642,0.0005936231
2022-09-27,7.3727833e-06,0.06603678,0.92229414,0.9883309,0.9883309,0.0007879484,0.028070418,0.0006318211
2022-09-28,6.991144e-06,0.067870766,0.920645,0.98851573,0.98851573,0.0007685068,0.027721955,0.0006087585
2022-09-29,6.8408967e-06,0.069350004,0.91911113,0.98846114,0.98846114,0.0008532371,0.029210223,0.0005928571
2022-09-30,7.3061487e-06,0.06701088,0.9212657,0.9882766,0.9882766,0.0008002328,0.028288387,0.0006232108
2022-10-03,7.4785235e-06,0.065285325,0.9230621,0.9883474,0.9883474,0.000776648,0.027868405,0.00064179074
2022-10-04,7.1272825e-06,0.06770314,0.92065716,0.9883603,0.9883603,0.0008910833,0.02985102,0.0006123245
2022-10-05,6.5894405e-06,0.07165099,0.91676205,0.98841304,0.98841304,0.00090455933,0.030075893,0.0005686943
2022-10-06,6.949193e-06,0.06851493,0.91992867,0.9884436,0.9884436,0.0008498827,0.029152747,0.0006013292
2022-10-07,6.8675076e-06,0.06876455,0.91970724,0.9884718,0.9884718,0.0007927311,0.028155481,0.0005957141
2022-10-10,6.59078e-06,0.07113557,0.9173249,0.9884605,0.9884605,0.0008817411,0.029694125,0.0005711486
2022-10-11,6.9178295e-06,0.070409216,0.9178032,0.98821247,0.98821247,0.0008352069,0.028899945,0.00058687676
2022-10-12,6.991979e-06,0.06847326,0.9199162,0.9883895,0.9883895,0.0008015359,0.028311409,0.0006022113
2022-10-13,7.2207863e-06,0.0666798,0.92171067,0.98839045,0.98839045,0.0007831002,0.027983928,0.0006219693
2022-10-14,6.6914804e-06,0.07025336,0.9181995,0.98845285,0.98845285,0.00075738196,0.027520573,0.000579492
2022-10-17,7.1007007e-06,0.06880204,0.9194288,0.9882309,0.9882309,0.0008162606,0.028570274,0.0006033334
2022-10-18,6.8302197e-06,0.06873327,0.91979384,0.9885271,0.9885271,0.0007578672,0.027529387,0.0005953361
2022-10-19,7.097543e-06,0.0674677,0.9209208,0.9883885,0.9883885,0.0007726203,0.027796049,0.00061125006
2022-10-20,7.0387914e-06,0.06714251,0.9213449,0.98848736,0.98848736,0.00078854343,0.028081015,0.000611397
2022-10-21,7.0076103e-06,0.0687268,0.91965973,0.9883865,0.9883865,0.0007350904,0.027112551,0.00060340273
2022-10-24,6.9489724e-06,0.06797192,0.92055035,0.9885223,0.9885223,0.0006915293,0.026296945,0.000605432
2022-10-25,6.9213447e-06,0.068363026,0.92009544,0.98845845,0.98845845,0.0006458072,0.025412736,0.0005996896
2022-10-26,6.854371e-06,0.069075845,0.91938555,0.9884614,0.9884614,0.00060603325,0.024617743,0.00059403706
2022-10-27,6.865266e-06,0.068981856,0.9194579,0.98843974,0.9884398,0.00062482624,0.024996525,0.00059386774
2022-10-28,6.2489753e-06,0.072447605,0.9162918,0.9887394,0.9887394,0.00059299415,0.024351472,0.0005549402
2022-10-31,6.261944e-06,0.07316564,0.9153969,0.9885626,0.9885626,0.00056295196,0.023726609,0.00054749637
2022-11-01,6.5545737e-06,0.07338423,0.9148825,0.9882667,0.9882667,0.0005401927,0.023242045,0.00055863033
2022-11-02,6.0363195e-06,0.077359065,0.9110341,0.9883932,0.9883932,0.00053252606,0.023076527,0.00052006694
2022-11-03,6.4124956e-06,0.07171695,0.9168584,0.98857534,0.98857534,0.00051635836,0.02272352,0.0005612854
2022-11-04,6.845281e-06,0.06837338,0.92019534,0.9885687,0.9885687,0.0005108114,0.022601137,0.00059882033
2022-11-07,6.775983e-06,0.069769256,0.91865355,0.9884228,0.9884228,0.00064033415,0.025304824,0.0005852874
2022-11-08,7.0597366e-06,0.06922284,0.9189968,0.9882196,0.9882196,0.0006008395,0.024512028,0.0005992791
2022-11-09,6.8515965e-06,0.06855554,0.9199924,0.9885479,0.9885479,0.00063063257,0.025112398,0.00059828407
2022-11-10,7.1413874e-06,0.06825576,0.92004764,0.9883034,0.9883034,0.0006733981,0.025949914,0.0006105536
2022-11-11,7.2284342e-06,0.06663427,0.9217547,0.98838896,0.988389,0.00063022895,0.02510436,0.00062254816
2022-11-14,7.2324146e-06,0.066299886,0.9221207,0.98842055,0.9884206,0.00064095133,0.025317017,0.0006245903
2022-11-15,7.286757e-06,0.0671417,0.92112917,0.9882709,0.9882709,0.0006822479,0.026119877,0.00062125345
2022-11-16,7.228279e-06,0.06634875,0.9220702,0.98841894,0.98841894,0.00064525765,0.025401922,0.0006241464
2022-11-17,7.5500384e-06,0.06470463,0.92362094,0.98832554,0.9883256,0.000618468,0.024869017,0.00064671395
2022-11-18,7.4036e-06,0.06660825,0.92160255,0.9882108,0.9882108,0.0007246919,0.026920103,0.0006279984
2022-11-21,7.5574544e-06,0.06437633,0.92396414,0.9883405,0.9883405,0.00070069096,0.026470568,0.0006481798
2022-11-22,7.0751444e-06,0.067943215,0.9204646,0.9884078,0.9884078,0.0006563439,0.025619209,0.00061033614
2022-11-23,7.5689745e-06,0.064115696,0.9242649,0.9883806,0.9883806,0.0006263967,0.025027918,0.000651409
2022-11-25,7.096122e-06,0.068961315,0.91927594,0.98823726,0.98823726,0.00067974575,0.026071934,0.00060327124
2022-11-28,7.323347e-06,0.067653306,0.92049485,0.98814815,0.98814815,0.0006646435,0.02578068,0.0006179076
2022-11-29,7.3379e-06,0.06568715,0.92274785,0.98843503,0.98843503,0.000629307,0.025085993,0.00063449366
2022-11-30,7.189722e-06,0.066682324,0.92174524,0.9884276,0.9884276,0.000597669,0.02444727,0.00062128075
2022-12-01,7.281126e-06,0.066068135,0.9223442,0.9884123,0.9884123,0.0006156094,0.024811476,0.00062835065
2022-12-02,7.2379876e-06,0.0677626,0.9204801,0.9882427,0.9882427,0.0005793611,0.024069922,0.00061561575
2022-12-05,7.2287116e-06,0.06691508,0.92144924,0.98836434,0.98836434,0.000557068,0.023602288,0.0006212549
2022-12-06,7.01242e-06,0.06919843,0.9191283,0.9883267,0.9883267,0.00062293827,0.024958732,0.0006007245
2022-12-07,7.338618e-06,0.066822864,0.9214469,0.9882698,0.9882698,0.00066774746,0.02584081,0.0006256178
2022-12-08,7.309637e-06,0.06795805,0.920208,0.98816603,0.98816603,0.0006863159,0.02619763,0.0006176828
2022-12-09,7.4354975e-06,0.06520897,0.9231548,0.98836374,0.98836374,0.0006431101,0.025359616,0.0006389939
2022-12-12,7.4586524e-06,0.06599327,0.9222577,0.988251,0.988251,0.0006038088,0.024572521,0.0006348314
2022-12-13,7.23086e-06,0.06640446,0.9219985,0.98840296,0.98840296,0.000622091,0.024941752,0.00062350923
2022-12-14,7.3333977e-06,0.06642397,0.92187333,0.9882973,0.9882973,0.00063917914,0.025281992,0.0006266406
2022-12-15,6.8435097e-06,0.06879251,0.9197515,0.98854405,0.98854405,0.0006365192,0.025229333,0.00059737585
2022-12-16,7.00633e-06,0.06889855,0.9194045,0.98830307,0.98830307,0.00060879707,0.024673814,0.00059898855
2022-12-19,7.302307e-06,0.067287065,0.92093045,0.98821753,0.98821753,0.0006078963,0.024655553,0.0006197604
2022-12-20,6.8666054e-06,0.06783105,0.9208109,0.9886419,0.9886419,0.0005765074,0.024010569,0.00060455676
2022-12-21,6.7019078e-06,0.06942028,0.91924554,0.9886658,0.9886658,0.00054694334,0.02338682,0.0005913006
2022-12-22,7.1153545e-06,0.06701332,0.92146164,0.98847497,0.98847497,0.00056493713,0.023768406,0.00061738247
2022-12-23,7.2532744e-06,0.0664015,0.92202765,0.9884291,0.9884291,0.0005350845,0.023131894,0.0006268564
2022-12-27,6.7044875e-06,0.06986835,0.9186776,0.98854595,0.98854595,0.00054593367,0.023365224,0.0005853379
2022-12-28,7.1488553e-06,0.06683869,0.9216168,0.9884555,0.9884555,0.000508268,0.0225448,0.000619242
2022-12-29,6.893396e-06,0.06809244,0.9205107,0.9886032,0.9886032,0.00047926814,0.021892194,0.0006048523
2022-12-30,7.095025e-06,0.06689755,0.92164767,0.98854524,0.98854524,0.00045174907,0.021254389,0.0006193953
2023-01-03,7.03072e-06,0.067193426,0.92135966,0.9885531,0.9885531,0.00045948403,0.02143558,0.00061420334
2023-01-04,6.6511934e-06,0.07260609,0.915719,0.98832506,0.98832506,0.0005523992,0.023503175,0.0005696983
2023-01-05,7.1476293e-06,0.06905716,0.9191022,0.98815936,0.98815936,0.0007310817,0.027038522,0.0006036522
2023-01-06,7.0451842e-06,0.06719903,0.9213211,0.98852015,0.98852015,0.000687583,0.026221804,0.0006136998
2023-01-09,7.1923746e-06,0.06673806,0.92169034,0.9884284,0.9884284,0.00064061396,0.025310352,0.0006215548
2023-01-10,7.3260767e-06,0.06599763,0.92238855,0.98838615,0.98838615,0.00060624076,0.024621956,0.0006308054
2023-01-11,7.02705e-06,0.06739035,0.9211477,0.9885381,0.988538,0.00056914013,0.023856658,0.00061307824
2023-01-12,6.9995117e-06,0.067694664,0.9208267,0.98852134,0.98852134,0.000591098,0.024312507,0.0006097846
2023-01-13,7.3941933e-06,0.06540152,0.9230262,0.9884277,0.9884277,0.00056161004,0.023698313,0.00063895615
2023-01-17,7.024004e-06,0.06739679,0.92116,0.9885568,0.98855674,0.00054777437,0.02340458,0.0006138148
2023-01-18,7.05125e-06,0.067445,0.9210477,0.98849267,0.98849267,0.0005125651,0.0226399,0.0006127615
2023-01-19,7.021874e-06,0.06696516,0.9215907,0.98855585,0.98855585,0.00048461955,0.022014076,0.0006135775
2023-01-20,6.6905145e-06,0.06893555,0.91974115,0.9886767,0.9886767,0.00046088494,0.021468231,0.000590864
2023-01-23,6.6004013e-06,0.07014254,0.9185486,0.98869115,0.9886911,0.00044032693,0.020983968,0.00058364926
2023-01-24,6.743241e-06,0.06892357,0.9196861,0.9886097,0.9886097,0.0004119546,0.020296665,0.00059201464
2023-01-25,7.034338e-06,0.0679305,0.92055094,0.98848146,0.98848146,0.000409617,0.020238997,0.00061069714
2023-01-26,7.0032393e-06,0.067294285,0.9212819,0.9885762,0.9885762,0.00038410767,0.019598665,0.00061303796
2023-01-27,6.9481302e-06,0.06730419,0.9213353,0.9886395,0.9886395,0.00036820158,0.01918858,0.00061160285
2023-01-30,7.086062e-06,0.06775447,0.9206668,0.98842126,0.98842126,0.00036516367,0.019109257,0.0006119891
2023-01-31,6.794527e-06,0.06957021,0.91897285,0.9885431,0.98854303,0.0003785971,0.019457571,0.00059305073
2023-02-01,6.728966e-06,0.06881726,0.919844,0.9886612,0.9886612,0.00036496273,0.019103998,0.0005934476
2023-02-02,6.874964e-06,0.07070398,0.91761947,0.98832345,0.98832345,0.0004125792,0.020312045,0.0005887839
2023-02-03,7.232281e-06,0.06582618,0.92268014,0.9885063,0.9885063,0.00038912968,0.01972637,0.00062923966
2023-02-06,7.2560983e-06,0.06850892,0.91964364,0.98815256,0.98815256,0.00044060586,0.020990614,0.0006124615
2023-02-07,7.36775e-06,0.065296754,0.9231404,0.9884372,0.9884372,0.00041867144,0.020461462,0.000637193
2023-02-08,6.980032e-06,0.06783487,0.92066824,0.9885031,0.9885031,0.00049746566,0.022303939,0.0006071229
2023-02-09,7.228236e-06,0.06697637,0.92142284,0.9883992,0.9883992,0.00048425494,0.022005793,0.0006230812
2023-02-10,7.2455173e-06,0.06672053,0.9216744,0.9883949,0.9883949,0.00045544087,0.021341061,0.0006243399
2023-02-13,7.311062e-06,0.065685205,0.9227659,0.9884511,0.9884511,0.00045589227,0.021351634,0.00063305395
2023-02-14,7.217472e-06,0.0661999,0.92230713,0.98850703,0.98850703,0.0004296458,0.020727899,0.0006279903
2023-02-15,7.0794363e-06,0.06731419,0.9211299,0.9884441,0.9884441,0.0004161015,0.020398566,0.00061262475
2023-02-16,7.2760645e-06,0.065841086,0.9226464,0.9884875,0.9884875,0.00039295125,0.019822998,0.0006320133
2023-02-17,7.094621e-06,0.06676986,0.92170715,0.988477,0.988477,0.00036998154,0.019234905,0.00061569177
2023-02-21,7.096608e-06,0.0667976,0.92169994,0.98849756,0.98849756,0.00040050337,0.02001258,0.0006169652
2023-02-22,6.682707e-06,0.069318086,0.9193702,0.9886883,0.98868823,0.0003766917,0.019408546,0.0005907778
2023-02-23,7.1185855e-06,0.06823607,0.92003787,0.9882739,0.9882739,0.00041408706,0.02034913,0.00060707284
2023-02-24,7.5305084e-06,0.06462696,0.9237256,0.98835254,0.98835254,0.00041285023,0.020318717,0.00064653635
2023-02-27,7.384183e-06,0.06555656,0.92279935,0.98835593,0.98835593,0.0003982315,0.019955738,0.0006341585
2023-02-28,7.3249066e-06,0.06595597,0.92239773,0.9883537,0.9883537,0.00037978764,0.019488141,0.0006289487
2023-03-01,7.521229e-06,0.06434132,0.9240988,0.9884401,0.9884401,0.0003783092,0.019450173,0.00065063074
2023-03-02,6.6109906e-06,0.069880925,0.91880786,0.98868877,0.98868877,0.00036126893,0.019007076,0.0005844624
2023-03-03,7.2686594e-06,0.06567595,0.9228485,0.9885245,0.9885245,0.00034089302,0.01846329,0.00063340657
2023-03-06,7.0766587e-06,0.06707339,0.92141396,0.98848736,0.98848736,0.00034562603,0.01859102,0.00061468617
2023-03-07,6.6588477e-06,0.068971515,0.9198015,0.988773,0.988773,0.0003315989,0.018209856,0.0005931095
2023-03-08,6.8152217e-06,0.07039001,0.9179199,0.98830986,0.98830986,0.0004045039,0.020112282,0.0005829889
2023-03-09,7.2737e-06,0.06545711,0.9230765,0.9885336,0.9885336,0.00038853905,0.019711394,0.00063434994
2023-03-10,7.2104986e-06,0.0669939,0.92137057,0.98836446,0.98836446,0.0003762774,0.019397872,0.000619696
2023-03-13,6.987202e-06,0.067051515,0.9215816,0.98863316,0.98863316,0.0003641366,0.019082364,0.00061470026
2023-03-14,7.0885853e-06,0.0681689,0.92011523,0.9882841,0.9882841,0.00038468157,0.019613301,0.00060504035
2023-03-15,7.4021787e-06,0.066220574,0.9220507,0.9882713,0.9882713,0.00051639864,0.022724407,0.0006311165
2023-03-16,7.2366356e-06,0.06928943,0.9187525,0.98804194,0.98804194,0.0006752148,0.025984896,0.0006051679
2023-03-17,7.3054803e-06,0.06584109,0.9225366,0.9883777,0.9883777,0.0006354471,0.025208076,0.0006285739
2023-03-20,7.345196e-06,0.06573018,0.9226705,0.98840064,0.98840064,0.00063169166,0.025133478,0.0006332414
2023-03-21,7.196692e-06,0.0661672,0.922309,0.98847616,0.98847616,0.0006015665,0.024526853,0.0006245045
2023-03-22,7.121101e-06,0.068332575,0.9199526,0.9882851,0.9882851,0.0006015494,0.024526505,0.00060786825
2023-03-23,7.2661633e-06,0.066002235,0.9224732,0.98847544,0.98847544,0.0005940571,0.024373285,0.00063049386
2023-03-24,7.342325e-06,0.06620286,0.9221845,0.9883874,0.9883874,0.00056744885,0.023821184,0.00063227257
2023-03-27,7.5423422e-06,0.06495154,0.9233558,0.98830736,0.98830736,0.0005376506,0.023187295,0.00064505026
2023-03-28,7.002203e-06,0.067938134,0.9205231,0.98846126,0.98846126,0.0006647279,0.025782317,0.00060684275
2023-03-29,7.110833e-06,0.066962995,0.92157084,0.98853385,0.98853385,0.00062066934,0.024913236,0.000620159
2023-03-30,7.121415e-06,0.06783211,0.9205588,0.9883909,0.9883909,0.00057986897,0.024080468,0.00061343506
2023-03-31,7.3070787e-06,0.06596514,0.9224252,0.9883903,0.9883903,0.00056481286,0.023765791,0.0006293957
2023-04-03,7.288578e-06,0.065783665,0.9226718,0.9884555,0.9884555,0.0005475729,0.023400275,0.00063134497
2023-04-04,7.00284e-06,0.06819378,0.92021424,0.988408,0.988408,0.00075444195,0.027467107,0.00060411124
2023-04-05,7.0057163e-06,0.06779404,0.9207136,0.9885076,0.9885076,0.0007020216,0.02649569,0.0006095971
2023-04-06,6.9731655e-06,0.06734777,0.9212498,0.9885976,0.9885976,0.00065351464,0.025563933,0.00061155093
2023-04-10,7.0200736e-06,0.06781597,0.92069334,0.9885093,0.9885093,0.00060907524,0.02467945,0.0006109351
2023-04-11,6.8276254e-06,0.06883452,0.91965604,0.9884906,0.9884906,0.00057789433,0.024039432,0.0005932207
2023-04-12,7.2244784e-06,0.06574013,0.92282957,0.9885697,0.9885697,0.00057149096,0.023905877,0.000632045
2023-04-13,7.086088e-06,0.06657631,0.92201656,0.98859286,0.98859286,0.000562943,0.02372642,0.00062119775
2023-04-14,7.1346344e-06,0.06692034,0.92154694,0.9884673,0.9884673,0.00053833064,0.023201954,0.0006186426
2023-04-17,7.0485808e-06,0.067153774,0.92136365,0.9885174,0.9885174,0.00050437514,0.022458298,0.000613849
2023-04-18,7.2873254e-06,0.06657012,0.921722,0.9882921,0.9882921,0.0005011812,0.022387076,0.00062242796
2023-04-19,7.2533344e-06,0.0655392,0.92297506,0.98851424,0.98851424,0.0004692382,0.021661907,0.00063150696
2023-04-20,7.0883466e-06,0.067250706,0.9211979,0.9884486,0.9884486,0.0004706055,0.021693444,0.00061363634
2023-04-21,7.328166e-06,0.06627615,0.92208076,0.9883569,0.9883569,0.00047981442,0.021904666,0.00062939926
2023-04-24,7.5308685e-06,0.06398252,0.92448616,0.9884687,0.98846865,0.0004532279,0.02128915,0.000653081
2023-04-25,7.3979754e-06,0.06500986,0.92345166,0.9884615,0.9884615,0.00043445438,0.02084357,0.0006411554
2023-04-26,7.427262e-06,0.065902285,0.92240435,0.98830664,0.98830664,0.00043985882,0.02097281,0.0006351693
2023-04-27,7.34524e-06,0.06623457,0.9221738,0.9884084,0.9884084,0.0005026031,0.022418812,0.0006336685
2023-04-28,6.979368e-06,0.06801504,0.9203936,0.9884086,0.9884086,0.00047316478,0.021752352,0.0006021174
2023-05-01,7.679881e-06,0.06376399,0.92456406,0.98832804,0.98832804,0.0004899633,0.022135114,0.0006579769
2023-05-02,7.5184753e-06,0.06470559,0.923677,0.98838264,0.98838264,0.00047490085,0.02179222,0.00064717577
2023-05-03,7.251036e-06,0.068947956,0.9191293,0.9880773,0.9880773,0.0006387544,0.025273591,0.00060816976
2023-05-04,7.357152e-06,0.0679498,0.9201437,0.9880935,0.9880935,0.00072709593,0.026964717,0.0006179103
2023-05-05,7.5633347e-06,0.064872,0.92344725,0.9883193,0.9883193,0.00067643577,0.026008379,0.00064750575
2023-05-08,7.3900696e-06,0.06593458,0.92236954,0.98830414,0.98830414,0.00073348207,0.027082874,0.00063185336
2023-05-09,7.469845e-06,0.06574774,0.92249876,0.9882465,0.9882465,0.0007249876,0.026925594,0.0006355422
2023-05-10,7.631766e-06,0.06473825,0.9235246,0.9882629,0.9882629,0.0006797271,0.026071576,0.0006502254
2023-05-11,7.646084e-06,0.0642512,0.9240954,0.9883466,0.9883466,0.0006518728,0.025531799,0.0006561234
2023-05-12,7.5851726e-06,0.065770514,0.9223858,0.9881563,0.9881563,0.00064644776,0.025425337,0.00064044044
2023-05-15,7.6178785e-06,0.06484751,0.9234017,0.98824924,0.98824924,0.0006133604,0.024766114,0.0006482883
2023-05-16,7.5650855e-06,0.06459073,0.9237165,0.98830724,0.98830724,0.0005884376,0.024257733,0.00064698874
2023-05-17,7.644121e-06,0.06393654,0.9244188,0.98835534,0.98835534,0.00055202784,0.023495272,0.00065644854
2023-05-18,7.2640123e-06,0.066093735,0.92234576,0.9884395,0.9884395,0.00056519493,0.023773829,0.0006283476
2023-05-19,7.063283e-06,0.06748378,0.92091256,0.98839635,0.98839635,0.00054087746,0.023256773,0.000608712
2023-05-22,7.5777584e-06,0.06395072,0.9244567,0.98840743,0.98840743,0.00050656823,0.022507071,0.0006536739
2023-05-23,7.1096456e-06,0.06657047,0.9220308,0.98860127,0.98860127,0.00047809855,0.021865465,0.00062372244
2023-05-24,7.326268e-06,0.06518497,0.9233673,0.9885523,0.9885523,0.00045826708,0.021407174,0.00063997577
2023-05-25,7.2745747e-06,0.065887704,0.9225643,0.988452,0.988452,0.00045446743,0.021318242,0.00062994333
2023-05-26,7.4895224e-06,0.06602769,0.92221785,0.98824555,0.98824555,0.00050536025,0.02248022,0.0006371647
2023-05-30,7.201229e-06,0.0655624,0.9230373,0.9885997,0.98859966,0.00048210486,0.021956887,0.0006316711
2023-05-31,7.194236e-06,0.06909166,0.91898173,0.9880734,0.9880734,0.00058743084,0.024236973,0.0006032097
2023-06-01,7.6682945e-06,0.06452896,0.9237119,0.98824084,0.98824084,0.0005751102,0.023981456,0.00065211236
2023-06-02,7.3638375e-06,0.06706788,0.92108613,0.988154,0.988154,0.0005926291,0.024343975,0.0006216304
2023-06-05,7.374723e-06,0.0653716,0.92303073,0.9884023,0.98840237,0.00058835873,0.024256106,0.0006358784
2023-06-06,7.561424e-06,0.06473627,0.92359465,0.9883309,0.9883309,0.00055239716,0.02350313,0.00064798695
2023-06-07,7.608167e-06,0.063868895,0.9245509,0.9884198,0.9884198,0.0005200344,0.022804262,0.0006569963
2023-06-08,7.4014943e-06,0.06510463,0.9233005,0.9884051,0.9884051,0.00049573736,0.02226516,0.00063834095
2023-06-09,7.658741e-06,0.06445598,0.92380667,0.98826265,0.98826265,0.0004850143,0.02202304,0.00065251044
2023-06-12,7.586502e-06,0.064197995,0.92418426,0.9883823,0.9883823,0.0004723708,0.021734092,0.00065301126
2023-06-13,7.457235e-06,0.06704374,0.9210533,0.988097,0.988097,0.00057228544,0.023922488,0.0006265011
2023-06-14,7.1542454e-06,0.066820346,0.9215683,0.9883886,0.9883886,0.0006095989,0.024690056,0.0006161397
2023-06-15,7.690541e-06,0.06454026,0.9236572,0.98819745,0.98819745,0.0005881227,0.024251241,0.0006515997
2023-06-16,6.7871306e-06,0.06944035,0.9189417,0.98838204,0.98838204,0.0006237985,0.02497596,0.00058419304
2023-06-20,7.3151314e-06,0.06615875,0.9221665,0.9883253,0.9883253,0.00059791893,0.02445238,0.0006265797
2023-06-21,7.247733e-06,0.06744701,0.92082,0.988267,0.988267,0.000580686,0.024097428,0.0006177223
2023-06-22,7.120411e-06,0.06739551,0.9209422,0.9883377,0.9883377,0.00059539895,0.024400799,0.00061054924
2023-06-23,7.4555937e-06,0.06754867,0.92043954,0.98798823,0.98798823,0.0006787207,0.026052268,0.0006206909
2023-06-26,7.5531866e-06,0.064826414,0.9234509,0.9882773,0.9882773,0.00063406455,0.025180638,0.0006443223
2023-06-27,7.644344e-06,0.06415842,0.92412233,0.9882808,0.9882808,0.00059358653,0.024363631,0.0006522908
2023-06-28,7.645861e-06,0.064618915,0.9235951,0.988214,0.988214,0.000595038,0.0243934,0.00064872485
2023-06-29,7.2110893e-06,0.06620223,0.9222517,0.9884539,0.9884539,0.00060385827,0.024573527,0.00062454893
2023-06-30,7.3569677e-06,0.06555377,0.92282695,0.98838073,0.98838073,0.00056521455,0.023774242,0.00063316955
2023-07-03,7.5715407e-06,0.06447174,0.9238561,0.9883278,0.9883278,0.0005366908,0.023166588,0.0006486816
2023-07-05,7.2873304e-06,0.06818606,0.9199119,0.98809797,0.98809797,0.00051322056,0.022654371,0.000612276
2023-07-06,7.002434e-06,0.067726515,0.92072886,0.98845536,0.98845536,0.00053292484,0.023085166,0.0006065526
2023-07-07,7.536897e-06,0.06411232,0.9243553,0.98846763,0.98846763,0.00049768237,0.022308797,0.000653543
2023-07-10,7.196535e-06,0.06656751,0.9218477,0.9884152,0.98841524,0.00051801116,0.022759859,0.000621204
2023-07-11,7.4341224e-06,0.065232776,0.923126,0.98835874,0.98835874,0.0004944495,0.02223622,0.00063860096
2023-07-12,7.265445e-06,0.06622341,0.9221631,0.9883865,0.9883865,0.0005035367,0.022439623,0.00062560407
2023-07-13,7.2451485e-06,0.06596323,0.92251897,0.9884822,0.9884822,0.00048111493,0.021934332,0.000629038
2023-07-14,7.1702025e-06,0.066483,0.9220038,0.9884868,0.9884868,0.0004653351,0.021571627,0.00062278245
2023-07-17,7.3753927e-06,0.0656758,0.922675,0.9883508,0.9883508,0.00046159906,0.021484857,0.00063312484
2023-07-18,7.5409584e-06,0.06456716,0.92378926,0.9883564,0.9883564,0.00045275746,0.021278098,0.000647649
2023-07-19,6.984392e-06,0.067942865,0.9204608,0.9884037,0.9884037,0.00045456697,0.021320576,0.0006022937
2023-07-20,7.22756e-06,0.06609702,0.9223718,0.9884688,0.9884688,0.00042747532,0.020675477,0.0006267844
2023-07-21,6.992167e-06,0.0678175,0.9206364,0.9884539,0.9884539,0.000402315,0.020057792,0.0006055882
2023-07-24,7.0233536e-06,0.06751449,0.9209594,0.9884739,0.9884739,0.00040089784,0.020022433,0.00060934306
2023-07-25,6.9072507e-06,0.068062335,0.9204762,0.98853856,0.9885385,0.00040657463,0.020163696,0.0006026514
2023-07-26,7.0735086e-06,0.067345366,0.92108405,0.9884294,0.9884294,0.00038938713,0.019732894,0.0006113361
2023-07-27,6.931297e-06,0.0678773,0.9206639,0.9885412,0.9885412,0.00037383617,0.019334843,0.0006048878
2023-07-28,6.640671e-06,0.06956985,0.9190719,0.98864174,0.98864174,0.0003690405,0.019210426,0.0005846556
2023-07-31,6.7850724e-06,0.069083765,0.91942054,0.9885043,0.9885043,0.0003482055,0.018660266,0.0005902265
2023-08-01,7.1111613e-06,0.06708572,0.9213439,0.98842967,0.98842967,0.00034204102,0.01849435,0.00061460293
2023-08-02,6.9446637e-06,0.06792603,0.92057824,0.9885043,0.9885043,0.00032428445,0.0180079,0.0006041092
2023-08-03,7.1888094e-06,0.067388415,0.92090654,0.98829496,0.98829496,0.00034335,0.018529706,0.0006141635
2023-08-04,6.946707e-06,0.0682843,0.9201336,0.98841786,0.98841786,0.0003666769,0.01914881,0.0005997777
2023-08-07,7.295587e-06,0.06620337,0.92214197,0.9883453,0.9883453,0.0003601459,0.01897751,0.00062597945
2023-08-08,7.1998697e-06,0.06665461,0.9217319,0.9883865,0.9883865,0.00034729647,0.018635891,0.0006199576
2023-08-09,7.042922e-06,0.06735716,0.92111933,0.9884765,0.9884765,0.00033636176,0.018340169,0.00061117986
2023-08-10,6.7108513e-06,0.06972407,0.9187601,0.9884842,0.9884842,0.0003373895,0.018368166,0.0005827518
2023-08-11,7.1679383e-06,0.06678742,0.9216457,0.9884331,0.9884331,0.0003422231,0.018499272,0.0006196952
2023-08-14,7.005239e-06,0.06719185,0.9213472,0.98853904,0.98853904,0.00032376542,0.017993482,0.0006112262
2023-08-15,7.3081546e-06,0.06614629,0.9221935,0.98833984,0.98833984,0.0003100986,0.017609617,0.00062676286
2023-08-16,7.2862467e-06,0.065978006,0.92241824,0.9883962,0.9883962,0.00031673774,0.017797127,0.0006279205
2023-08-17,7.2283683e-06,0.06588683,0.9225995,0.98848635,0.98848635,0.00032668668,0.018074475,0.00062780856
2023-08-18,7.137319e-06,0.06703862,0.9213581,0.9883967,0.9883967,0.00031876846,0.017854089,0.0006151113
2023-08-21,7.090496e-06,0.066772975,0.9217146,0.9884876,0.9884876,0.000308092,0.01755255,0.00061590085
2023-08-22,7.259727e-06,0.0662682,0.9221096,0.9883778,0.9883778,0.00029413527,0.017150372,0.00062464364
2023-08-23,7.194649e-06,0.06612431,0.9223936,0.98851794,0.98851794,0.0002800323,0.016734166,0.0006265991
2023-08-24,7.385394e-06,0.06521854,0.92321706,0.9884356,0.9884356,0.00028831165,0.016979743,0.00063863327
2023-08-25,7.2976045e-06,0.06557827,0.922883,0.98846126,0.98846126,0.0002737681,0.016545938,0.0006324436
2023-08-28,6.64115e-06,0.069719195,0.91888565,0.98860484,0.98860484,0.00026597275,0.01630867,0.0005828046
2023-08-29,7.1598915e-06,0.06731312,0.9210286,0.98834175,0.98834175,0.0002517263,0.015865885,0.000614148
2023-08-30,7.2747357e-06,0.0655533,0.92293537,0.9884887,0.9884887,0.00025022333,0.015818449,0.0006319633
2023-08-31,7.0701426e-06,0.0668912,0.9216039,0.9884951,0.9884951,0.00024022373,0.015499152,0.0006145338
2023-09-01,7.3373044e-06,0.06572462,0.9226698,0.98839444,0.98839444,0.00026688544,0.01633663,0.00063222315
2023-09-05,7.1323852e-06,0.068445444,0.91976833,0.9882138,0.9882138,0.0002867409,0.016933424,0.000605146
2023-09-06,6.8283607e-06,0.068115346,0.9205157,0.98863107,0.98863107,0.00028243358,0.01680576,0.0006006159
2023-09-07,7.035062e-06,0.06686762,0.9216964,0.988564,0.988564,0.00027298497,0.016522257,0.0006151688
2023-09-08,7.066982e-06,0.0669466,0.9215513,0.9884979,0.9884979,0.0002628401,0.016212344,0.0006144087
2023-09-11,7.0331157e-06,0.067306556,0.9211953,0.9885019,0.9885019,0.00025266435,0.015895419,0.00061167666
2023-09-12,6.9113685e-06,0.06776652,0.9208139,0.98858047,0.98858047,0.00024029735,0.015501527,0.0006052233
2023-09-13,7.0164233e-06,0.06762989,0.92082286,0.98845273,0.98845273,0.00024860987,0.015767368,0.0006076263
2023-09-14,6.9860316e-06,0.06745915,0.92108655,0.9885457,0.9885457,0.00023694281,0.015392947,0.0006099056
2023-09-15,6.932519e-06,0.06811084,0.92037135,0.9884822,0.9884822,0.00024737805,0.015728256,0.0006018949
2023-09-18,7.1163117e-06,0.066928074,0.9215255,0.98845357,0.98845357,0.000237494,0.0154108405,0.0006163212
2023-09-19,6.940589e-06,0.06715309,0.9213975,0.9885506,0.9885506,0.00022979153,0.015158877,0.00060619693
2023-09-20,6.9398284e-06,0.06778933,0.9207209,0.9885102,0.9885102,0.00021940291,0.014812255,0.0006039986
2023-09-21,7.1681725e-06,0.06663041,0.921862,0.9884924,0.9884924,0.0002162486,0.014705393,0.0006229093
2023-09-22,6.95103e-06,0.06699231,0.92164207,0.98863435,0.98863435,0.00021023174,0.01449937,0.0006115822
2023-09-25,7.131191e-06,0.0670206,0.9213946,0.9884152,0.9884152,0.00020189944,0.014209133,0.0006155635
2023-09-26,7.277784e-06,0.06532423,0.92317426,0.9884985,0.9884985,0.00019430529,0.013939343,0.00063276873
2023-09-27,7.1859595e-06,0.06567357,0.92289305,0.98856664,0.98856664,0.00019047598,0.013801304,0.0006285079
2023-09-28,6.8026875e-06,0.06908555,0.91937304,0.9884586,0.9884586,0.00026579993,0.016303372,0.0005894148
2023-09-29,7.018305e-06,0.068203755,0.9201349,0.98833865,0.98833865,0.00028308167,0.016825031,0.00060184323
2023-10-02,7.4059744e-06,0.06563802,0.92266876,0.98830676,0.98830676,0.0002747562,0.01657577,0.00063335523
2023-10-03,7.3273195e-06,0.06600118,0.92235816,0.98835933,0.98835933,0.00029319274,0.017122872,0.0006294587
2023-10-04,7.241977e-06,0.06605669,0.92237335,0.98843,0.98843,0.00027901487,0.016703738,0.0006259284
2023-10-05,7.106821e-06,0.07016293,0.9178661,0.98802906,0.98802906,0.00048698997,0.022067849,0.0005936729
2023-10-06,7.2515263e-06,0.066028036,0.92236394,0.988392,0.988392,0.00049179164,0.022176376,0.0006247005
2023-10-09,7.461246e-06,0.06478568,0.9235787,0.98836434,0.98836434,0.0004629157,0.021515476,0.0006412395
2023-10-10,7.1366467e-06,0.06761769,0.9206472,0.9882649,0.9882649,0.0005504312,0.023461271,0.0006081463
2023-10-11,7.34587e-06,0.06571785,0.92265946,0.98837733,0.98837733,0.00051557727,0.022706326,0.0006320296
2023-10-12,7.4637055e-06,0.06565998,0.92260224,0.98826224,0.98826224,0.00054027716,0.023243863,0.00063587114
2023-10-13,7.54923e-06,0.06471901,0.9235811,0.98830014,0.98830014,0.0005093373,0.022568502,0.0006452413
2023-10-16,6.625596e-06,0.07066551,0.91778207,0.98844755,0.98844755,0.00067957584,0.026068676,0.0005735229
2023-10-17,7.3488e-06,0.066172116,0.9221438,0.98831594,0.98831594,0.0006405952,0.025309982,0.00062895945
2023-10-18,7.388625e-06,0.06516206,0.92323697,0.988399,0.988399,0.0005980735,0.02445554,0.0006368971
2023-10-19,7.110421e-06,0.06662669,0.9218131,0.98843974,0.98843974,0.0005824262,0.024133507,0.0006150744
2023-10-20,7.152141e-06,0.066636875,0.92179143,0.9884283,0.9884283,0.0005529333,0.023514533,0.00061807147
2023-10-23,7.140791e-06,0.06660716,0.921894,0.9885012,0.9885012,0.0005202957,0.022809992,0.00062100263
2023-10-24,7.511764e-06,0.0656125,0.9226243,0.9882368,0.9882368,0.00058127707,0.024109688,0.0006385809
2023-10-25,7.590144e-06,0.0648743,0.9233786,0.9882529,0.9882529,0.0005725296,0.023927592,0.00064612797
2023-10-26,7.5915355e-06,0.06436338,0.92393315,0.9882965,0.9882965,0.0005603517,0.02367175,0.00064865564
2023-10-27,7.3376805e-06,0.06600706,0.92231655,0.9883236,0.9883236,0.00056916306,0.023857139,0.0006284213
2023-10-30,7.4131417e-06,0.06543779,0.92289406,0.98833185,0.98833185,0.0005817634,0.024119772,0.0006353316
2023-10-31,7.2450375e-06,0.06813214,0.9200192,0.9881514,0.9881514,0.00064247556,0.025347102,0.00061146636
2023-11-01,7.572704e-06,0.064418316,0.9239103,0.98832864,0.98832864,0.0006158527,0.024816379,0.00064882764
2023-11-02,7.690032e-06,0.06411727,0.9241388,0.98825604,0.98825604,0.00058011455,0.024085566,0.00065480726
2023-11-03,7.2871103e-06,0.065952845,0.92243147,0.9883843,0.9883843,0.0005824825,0.024134673,0.0006273504
2023-11-06,7.4935606e-06,0.06613575,0.9220513,0.9881871,0.9881871,0.00058311666,0.024147809,0.0006343527
2023-11-07,7.1595514e-06,0.065756135,0.92281884,0.988575,0.988575,0.00054601644,0.023366995,0.0006266556
2023-11-08,7.333886e-06,0.06766777,0.9205002,0.988168,0.988168,0.0006375494,0.02524974,0.00061983493
2023-11-09,7.544781e-06,0.065310396,0.9229476,0.988258,0.988258,0.000643378,0.025364896,0.00064254674
2023-11-10,7.4500595e-06,0.06446064,0.9239777,0.9884383,0.9884383,0.0006031079,0.024558255,0.0006443745
2023-11-13,7.5923886e-06,0.064106114,0.92425126,0.98835737,0.98835737,0.0005866892,0.024221668,0.00065211946
2023-11-14,7.341577e-06,0.06574496,0.92262954,0.9883745,0.9883745,0.00056202715,0.023707112,0.0006315048
2023-11-15,7.5026146e-06,0.064636424,0.92376006,0.98839647,0.98839647,0.0005258881,0.02293225,0.0006465801
2023-11-16,7.599113e-06,0.064350955,0.9239618,0.9883128,0.9883128,0.0005215168,0.022836741,0.0006502071
2023-11-17,7.188037e-06,0.068567306,0.91960096,0.98816824,0.98816824,0.00065376476,0.025568824,0.0006075205
2023-11-20,7.0585734e-06,0.06732822,0.92107266,0.9884009,0.9884009,0.0007178682,0.026793063,0.0006085437
2023-11-21,7.0792257e-06,0.06732748,0.9211353,0.9884628,0.9884628,0.00070098543,0.02647613,0.0006136003
2023-11-22,7.371906e-06,0.06547646,0.9229187,0.98839515,0.98839515,0.0006530377,0.025554601,0.0006352438
2023-11-24,7.514983e-06,0.065163374,0.9231352,0.9882986,0.9882986,0.00061524817,0.024804197,0.0006422291
2023-11-27,7.532668e-06,0.0654693,0.92276,0.98822933,0.98822933,0.0006033379,0.024562938,0.0006399526
2023-11-28,7.5310013e-06,0.06418721,0.92423904,0.98842627,0.98842627,0.0005699079,0.023872744,0.00065069774
2023-11-29,7.200314e-06,0.066231206,0.9222576,0.9884888,0.9884888,0.00056059763,0.023676943,0.0006255047
2023-11-30,7.484277e-06,0.06495951,0.9233861,0.9883456,0.9883456,0.0005470318,0.023388712,0.0006421859
2023-12-01,7.4257114e-06,0.06722244,0.92089504,0.98811746,0.98811746,0.00055302295,0.02351644,0.00062492606
2023-12-04,7.291375e-06,0.0679694,0.9201844,0.98815376,0.98815376,0.000560189,0.023668313,0.00061550096
2023-12-05,7.4393024e-06,0.0648636,0.92356056,0.9884242,0.9884242,0.00053655426,0.02316364,0.0006426589
2023-12-06,7.623758e-06,0.06426138,0.924058,0.9883194,0.9883194,0.00050965516,0.022575544,0.0006526853
2023-12-07,7.420224e-06,0.06704306,0.9211396,0.98818266,0.98818266,0.00059053453,0.024300916,0.00062791
2023-12-08,7.5961057e-06,0.06437399,0.923932,0.988306,0.988306,0.00055142946,0.023482535,0.0006495721
2023-12-11,7.570468e-06,0.064284615,0.9240795,0.9883641,0.9883641,0.000562813,0.02372368,0.00065061304
2023-12-12,7.3102087e-06,0.06615334,0.9222491,0.9884024,0.9884024,0.0005277219,0.022972198,0.00063032226
2023-12-13,7.247159e-06,0.06813481,0.92008334,0.9882181,0.9882181,0.0005945004,0.024382379,0.000615111
2023-12-14,7.406667e-06,0.065393165,0.92296773,0.9883609,0.9883609,0.00056440895,0.023757292,0.0006363598
2023-12-15,7.455699e-06,0.06548617,0.9228296,0.9883158,0.9883158,0.0005859525,0.024206456,0.00063810206
2023-12-18,7.5801713e-06,0.064541735,0.92373985,0.9882816,0.9882816,0.00054854737,0.023421088,0.00064686104
2023-12-19,7.552331e-06,0.06451402,0.9238277,0.98834175,0.98834175,0.0005273397,0.022963878,0.00064780994
2023-12-20,7.1241434e-06,0.0670382,0.92145556,0.98849374,0.98849374,0.00050572347,0.022488296,0.0006191537
2023-12-21,7.3792776e-06,0.06572764,0.9226568,0.9883844,0.9883844,0.0004802748,0.021915173,0.0006352917
2023-12-22,7.46635e-06,0.06525099,0.92305505,0.98830605,0.98830605,0.00045195653,0.021259269,0.0006384795
2023-12-26,7.645411e-06,0.06413432,0.9241591,0.9882934,0.9882934,0.00042609734,0.020642126,0.000653086
2023-12-27,7.336429e-06,0.06543822,0.9230066,0.9884448,0.9884448,0.00044721557,0.021147473,0.0006349031
2023-12-28,7.4750865e-06,0.065270685,0.9230641,0.9883348,0.9883348,0.00044563692,0.021110114,0.00064080086
2023-12-29,7.463661e-06,0.06643028,0.9217641,0.98819435,0.98819435,0.00048701646,0.02206845,0.00063221075
2024-01-02,7.4750365e-06,0.06448544,0.9239529,0.9884383,0.9884383,0.00045662068,0.021368684,0.00064653484
2024-01-03,7.5922635e-06,0.06467334,0.92364615,0.9883195,0.9883195,0.00045054924,0.021226145,0.00064999564
2024-01-04,7.387097e-06,0.06563768,0.922696,0.9883337,0.9883337,0.0004907713,0.022153359,0.00063319976
2024-01-05,7.506049e-06,0.065852694,0.92234546,0.98819816,0.98819816,0.00046369663,0.021533616,0.0006360067
2024-01-08,7.805516e-06,0.06355732,0.92464566,0.988203,0.988203,0.0004669352,0.021608682,0.00066165207
2024-01-09,7.4865543e-06,0.06705145,0.92099243,0.9880439,0.9880439,0.00055326306,0.023521544,0.0006261705
2024-01-10,7.399899e-06,0.06581934,0.9224546,0.9882739,0.9882739,0.0005447247,0.023339339,0.00063106325
2024-01-11,7.5187163e-06,0.06575391,0.92248225,0.9882361,0.9882362,0.0005199299,0.022801971,0.00063913624
2024-01-12,7.3236192e-06,0.06591882,0.9224471,0.9883659,0.9883659,0.0004922692,0.02218714,0.00062949536
2024-01-16,7.4801496e-06,0.06529675,0.922984,0.9882808,0.9882808,0.00046661877,0.02160136,0.0006382801
2024-01-17,6.762796e-06,0.06903375,0.91958046,0.9886142,0.9886142,0.00043925847,0.020958494,0.0005939677
2024-01-18,7.1341124e-06,0.06643222,0.922082,0.98851424,0.98851424,0.00041096398,0.020272247,0.00062112696
2024-01-19,6.9380553e-06,0.06703007,0.9216022,0.98863226,0.98863226,0.0004139773,0.020346433,0.00061032857
2024-01-22,7.0144474e-06,0.06740963,0.92111135,0.988521,0.988521,0.0003942874,0.01985667,0.00061106676
2024-01-23,6.7405163e-06,0.06930531,0.9193078,0.9886131,0.9886131,0.0004081237,0.020202072,0.0005919551
2024-01-24,7.1772643e-06,0.066734575,0.9217058,0.98844033,0.98844033,0.00039063147,0.0197644,0.0006208886
2024-01-25,7.3991805e-06,0.06540655,0.9229639,0.9883705,0.9883705,0.00037311672,0.01931623,0.00063624117
2024-01-26,6.949471e-06,0.06780698,0.92072064,0.9885276,0.9885276,0.00040886347,0.020220373,0.0006057554
2024-01-29,7.0836563e-06,0.06712741,0.9213368,0.98846424,0.98846424,0.00038787918,0.019694649,0.00061406044
2024-01-30,7.0746587e-06,0.06798104,0.92041314,0.9883942,0.9883942,0.00038191845,0.019542733,0.0006095796
2024-01-31,6.1764354e-06,0.07248976,0.9164064,0.98889613,0.98889613,0.00037047124,0.019247629,0.0005562418
2024-02-01,6.8623517e-06,0.069731764,0.9186001,0.98833185,0.98833185,0.00039422675,0.019855144,0.000588127
2024-02-02,7.4017744e-06,0.065837085,0.9225458,0.9883829,0.9883829,0.00042122195,0.020523692,0.00063714344
2024-02-05,7.592677e-06,0.06525988,0.9229551,0.98821497,0.98821497,0.00042592542,0.020637961,0.0006442645
2024-02-06,7.1860873e-06,0.06625959,0.9222349,0.9884945,0.9884945,0.00040359344,0.020089636,0.00062457926
2024-02-07,7.192473e-06,0.06631866,0.92218053,0.9884992,0.98849916,0.00038265708,0.019561622,0.0006253902
2024-02-08,6.9225143e-06,0.06771158,0.9208816,0.9885932,0.9885932,0.00036354398,0.01906683,0.0006068772
2024-02-09,6.7615374e-06,0.06893058,0.9196568,0.9885874,0.9885874,0.00040767688,0.02019101,0.00059246144
2024-02-12,6.793108e-06,0.068747334,0.91982013,0.9885675,0.9885675,0.00038594624,0.019645514,0.0005941912
2024-02-13,6.9163707e-06,0.0676409,0.9209839,0.9886248,0.9886248,0.0003618385,0.019022053,0.0006080225
2024-02-14,6.767529e-06,0.06870732,0.9199443,0.98865163,0.98865163,0.00034996372,0.018707318,0.0005963439
2024-02-15,7.0331225e-06,0.06825905,0.9201689,0.98842794,0.98842794,0.0003466571,0.018618729,0.0006077674
2024-02-16,6.9826488e-06,0.06698883,0.92159384,0.9885827,0.9885827,0.00034748812,0.018641034,0.00061158335
2024-02-20,7.1221157e-06,0.06655806,0.92197335,0.9885314,0.9885314,0.00034134588,0.018475547,0.0006210106
2024-02-21,7.070558e-06,0.06812312,0.9202847,0.9884078,0.9884078,0.0003332114,0.018254079,0.0006099405
2024-02-22,6.916693e-06,0.068262264,0.9202101,0.9884724,0.9884724,0.0003146514,0.017738417,0.00060001167
2024-02-23,7.178056e-06,0.06608373,0.9224746,0.98855835,0.98855835,0.0003016364,0.017367683,0.00062736205
2024-02-26,7.1395298e-06,0.06753448,0.9208944,0.9884289,0.98842883,0.00033568672,0.018321756,0.00061701343
2024-02-27,6.8867444e-06,0.068127036,0.9204279,0.98855495,0.98855495,0.0003293414,0.018147765,0.00060172274
2024-02-28,7.1787263e-06,0.066077866,0.9224835,0.9885614,0.9885614,0.00032801827,0.018111276,0.0006275874
2024-02-29,6.8125055e-06,0.06985554,0.91850805,0.9883636,0.9883636,0.00031106762,0.01763711,0.00058544904
2024-03-01,7.344628e-06,0.06494337,0.92357504,0.9885184,0.9885184,0.00029354446,0.01713314,0.00063968776
2024-03-04,6.035839e-06,0.07380348,0.91504824,0.9888517,0.9888517,0.00030813168,0.01755368,0.00054141466
2024-03-05,7.04071e-06,0.067965895,0.92043173,0.98839766,0.9883976,0.00030627247,0.017500643,0.00060683524
2024-03-06,7.2925773e-06,0.06566477,0.9228114,0.98847616,0.98847616,0.00029303576,0.017118286,0.00063282513
2024-03-07,7.078111e-06,0.0665323,0.9220591,0.98859143,0.98859143,0.00028752087,0.016956441,0.0006204207
2024-03-08,6.923804e-06,0.067418806,0.92124075,0.98865956,0.98865956,0.00027269943,0.016513614,0.0006105411
2024-03-11,7.103157e-06,0.066729516,0.92179894,0.9885285,0.9885285,0.00026779348,0.016364397,0.0006191998
2024-03-12,6.9984726e-06,0.06657865,0.9221173,0.9886959,0.9886959,0.0002540616,0.01593931,0.0006191103
2024-03-13,7.018802e-06,0.06673535,0.92192805,0.9886634,0.9886634,0.00024293581,0.015586399,0.00061912625
2024-03-14,6.782125e-06,0.06831109,0.920379,0.9886901,0.9886901,0.0002804723,0.016747307,0.00059966155
2024-03-15,6.9578246e-06,0.06760174,0.92095834,0.9885601,0.9885601,0.00028931187,0.01700917,0.00060820574
2024-03-18,6.964753e-06,0.066776395,0.9219215,0.9886979,0.9886979,0.00027399,0.016552644,0.00061623455
2024-03-19,6.663998e-06,0.069074586,0.91959584,0.9886704,0.9886704,0.00028702655,0.016941858,0.00058819406
2024-03-20,7.052589e-06,0.066794455,0.92178977,0.9885842,0.9885842,0.00027594654,0.01661164,0.000617793
2024-03-21,7.1858585e-06,0.06655308,0.9219671,0.98852015,0.98852015,0.00029350046,0.017131856,0.0006259538
2024-03-22,7.164002e-06,0.06594747,0.9226377,0.9885852,0.9885852,0.00028176492,0.016785854,0.000627605
2024-03-25,7.1550653e-06,0.065919824,0.92269427,0.9886141,0.9886141,0.00026925892,0.01640911,0.0006284136
2024-03-26,7.0875235e-06,0.06646643,0.92214876,0.9886152,0.9886152,0.00027247478,0.01650681,0.00062254345
2024-03-27,7.004161e-06,0.067250684,0.92131025,0.9885609,0.9885609,0.00025956347,0.016110973,0.0006123008
2024-03-28,7.0087767e-06,0.067418724,0.9210985,0.98851717,0.98851717,0.00024699103,0.015715947,0.0006103699
2024-04-01,7.2511793e-06,0.065537356,0.9230118,0.9885491,0.9885491,0.00026681,0.01633432,0.0006332417
2024-04-02,7.193118e-06,0.06649448,0.9219434,0.9884379,0.9884379,0.00025606653,0.01600208,0.00062212854
2024-04-03,7.0154456e-06,0.06692724,0.9216896,0.9886169,0.9886169,0.00026207903,0.016188854,0.0006163027
2024-04-04,7.1667096e-06,0.066074684,0.9225064,0.98858106,0.98858106,0.0002491914,0.015785797,0.0006276161
2024-04-05,7.077743e-06,0.06628577,0.92238647,0.98867226,0.98867226,0.00024864534,0.015768493,0.0006248149
2024-04-08,6.9888133e-06,0.06716136,0.9214514,0.9886128,0.9886128,0.00023721409,0.015401756,0.00061374134
2024-04-09,7.1818595e-06,0.06637171,0.92211413,0.9884859,0.9884858,0.00022781114,0.015093413,0.0006237433
2024-04-10,7.3017586e-06,0.06512094,0.92343765,0.9885586,0.9885586,0.00023066982,0.015187818,0.000638187
2024-04-11,7.1814557e-06,0.06593734,0.92263895,0.9885763,0.9885763,0.00022847156,0.015115276,0.00062864495
2024-04-12,7.1502923e-06,0.0659536,0.92267615,0.98862976,0.98862976,0.00023115784,0.0152038755,0.0006288602
2024-04-15,6.96938e-06,0.0670259,0.9216256,0.9886515,0.9886515,0.00022391161,0.014963676,0.00061412423
2024-04-16,7.1612144e-06,0.06595693,0.9226515,0.9886085,0.9886085,0.00021400178,0.0146288,0.0006286443
2024-04-17,6.902853e-06,0.06716164,0.9215288,0.98869044,0.98869044,0.00020465504,0.0143057695,0.00061035535
2024-04-18,7.2333446e-06,0.066893,0.92147195,0.98836493,0.98836493,0.00026434564,0.01625871,0.00062168494
2024-04-19,6.9520725e-06,0.066823535,0.92178667,0.9886102,0.9886102,0.00025082447,0.015837438,0.00061037746
2024-04-22,7.150765e-06,0.065916106,0.9226443,0.98856044,0.98856044,0.00023963822,0.015480253,0.00062509085
2024-04-23,7.1752593e-06,0.06644852,0.92202497,0.9884735,0.9884735,0.00022916989,0.015138358,0.0006224998
2024-04-24,7.2297867e-06,0.06551154,0.9230732,0.9885847,0.9885847,0.00022078761,0.014858924,0.00063334167
2024-04-25,7.0020747e-06,0.06653083,0.9221905,0.9887213,0.9887213,0.00021411409,0.014632638,0.00062082347
2024-04-26,6.9448133e-06,0.066999935,0.92168283,0.98868275,0.98868275,0.00020972308,0.014481819,0.0006136483
2024-04-29,7.105487e-06,0.06609511,0.922539,0.9886341,0.9886341,0.0002008896,0.014173552,0.00062515883
2024-04-30,6.3263606e-06,0.072645105,0.91585445,0.9884996,0.9884996,0.00020709778,0.014390892,0.0005500983
2024-05-01,7.439017e-06,0.06494818,0.92347527,0.98842347,0.98842347,0.00020155433,0.014196984,0.00064259453
2024-05-02,7.1643826e-06,0.067753986,0.92054605,0.9883,0.9883,0.00028083604,0.016758164,0.00061234174
2024-05-03,7.2081816e-06,0.06576022,0.9227467,0.9885069,0.9885069,0.00026573834,0.016301483,0.00062717544
2024-05-06,7.386877e-06,0.06559856,0.9227468,0.9883453,0.9883453,0.00026028036,0.016133206,0.00063381233
2024-05-07,7.350856e-06,0.06503855,0.923443,0.9884816,0.9884816,0.00024888074,0.015775954,0.00063818274
2024-05-08,7.3854585e-06,0.0652384,0.9231955,0.9884339,0.9884339,0.00023732698,0.01540542,0.0006385434
2024-05-09,7.3453834e-06,0.06499922,0.9235046,0.9885038,0.9885038,0.00023016825,0.015171297,0.0006389409
2024-05-10,7.191406e-06,0.06585629,0.92265934,0.9885156,0.9885156,0.0002205617,0.01485132,0.0006261899
2024-05-13,7.3737906e-06,0.065142065,0.92332375,0.98846585,0.9884658,0.00022171377,0.014890056,0.0006393005
2024-05-14,7.218275e-06,0.06575417,0.92274153,0.9884957,0.9884957,0.00021953273,0.014816637,0.0006274419
2024-05-15,7.415353e-06,0.06504414,0.92339146,0.9884356,0.9884356,0.00022312146,0.014937251,0.0006412239
2024-05-16,7.235118e-06,0.06540124,0.9231476,0.9885489,0.9885489,0.00021715135,0.014736056,0.00063182594
2024-05-17,7.1756835e-06,0.06580991,0.9227407,0.9885506,0.9885506,0.00021124404,0.014534237,0.00062673027
2024-05-20,6.84697e-06,0.06769531,0.9209224,0.9886177,0.9886177,0.00020892324,0.014454178,0.0006015463
2024-05-21,7.1454924e-06,0.06645404,0.92203254,0.9884866,0.9884866,0.00020007408,0.014144754,0.00062062335
2024-05-22,7.3647866e-06,0.065079376,0.92342603,0.9885054,0.9885054,0.00019490281,0.013960759,0.0006407184
2024-05-23,7.2331695e-06,0.06621491,0.9222013,0.9884162,0.9884162,0.00021824619,0.014773157,0.0006244209
2024-05-24,7.356459e-06,0.06469715,0.9238736,0.98857075,0.98857075,0.00021423104,0.014636634,0.00064365193
2024-05-28,7.1622494e-06,0.06556884,0.92307377,0.98864263,0.98864263,0.00021276751,0.014586552,0.0006306259
2024-05-29,7.1008612e-06,0.06655636,0.9219667,0.988523,0.988523,0.00024977681,0.01580433,0.00061870395
2024-05-30,7.407747e-06,0.06516231,0.92326325,0.98842555,0.98842555,0.00024141798,0.015537631,0.0006400087
2024-05-31,7.403096e-06,0.06552683,0.9228201,0.98834693,0.98834693,0.00024921837,0.015786652,0.0006352917
2024-06-03,7.5103458e-06,0.063937716,0.9245348,0.9884725,0.9884725,0.0002470077,0.015716478,0.0006515168
2024-06-04,7.202988e-06,0.06790363,0.9203212,0.98822486,0.98822486,0.00032284186,0.017967802,0.00061171164
2024-06-05,7.4398877e-06,0.06424395,0.92429274,0.9885367,0.9885367,0.00031650244,0.017790515,0.00064901885
2024-06-06,7.220232e-06,0.066220686,0.92217755,0.98839825,0.98839825,0.00030760534,0.017538682,0.0006223401
2024-06-07,7.3553597e-06,0.06513771,0.9233043,0.988442,0.988442,0.00031618608,0.017781623,0.0006363871
2024-06-10,7.5107196e-06,0.064743705,0.9236042,0.9883479,0.9883479,0.00029930784,0.017300516,0.0006445801
2024-06-11,7.3493106e-06,0.06515725,0.9232949,0.98845214,0.98845214,0.0003369169,0.018355297,0.00063642167
2024-06-12,7.2986604e-06,0.06572782,0.9226821,0.98840994,0.98840994,0.00031863828,0.017850442,0.0006297343
2024-06-13,7.5662433e-06,0.06406608,0.9243405,0.98840654,0.98840654,0.0003049333,0.01746234,0.00065263023
2024-06-14,7.2208413e-06,0.06536349,0.92322695,0.9885904,0.9885904,0.00028953492,0.017015725,0.00063287525
2024-06-17,7.3785372e-06,0.06476362,0.92374754,0.98851115,0.98851115,0.00027490468,0.01658025,0.00064223434
2024-06-18,6.949668e-06,0.06653809,0.92216,0.9886981,0.9886981,0.00029691498,0.01723122,0.00061491283
2024-06-20,6.880534e-06,0.06763224,0.9209719,0.9886041,0.9886041,0.00029588424,0.017201286,0.0006037743
2024-06-21,7.239157e-06,0.065613724,0.92295206,0.9885658,0.9885658,0.00028278178,0.016816117,0.0006331146
2024-06-24,7.2952957e-06,0.065115325,0.923426,0.9885413,0.9885413,0.00028929923,0.017008798,0.00063666026
2024-06-25,7.201388e-06,0.06609802,0.9223746,0.98847264,0.98847264,0.0002821048,0.016795976,0.0006247214
2024-06-26,7.5050525e-06,0.06400324,0.92451715,0.9885204,0.9885204,0.0002741328,0.016556956,0.0006537721
2024-06-27,7.182448e-06,0.06549217,0.92315227,0.9886444,0.9886444,0.0002609707,0.016154587,0.0006325039
2024-06-28,7.204619e-06,0.06606083,0.92243034,0.9884912,0.9884912,0.00025476757,0.01596144,0.0006260084
2024-07-01,7.447983e-06,0.06434696,0.9241636,0.98851055,0.98851055,0.00024268727,0.015578423,0.00064824533
2024-07-02,6.7289507e-06,0.06858711,0.92011184,0.98869896,0.98869896,0.00026309158,0.016220098,0.0005954275
2024-07-03,7.1910317e-06,0.06600456,0.9225482,0.98855275,0.98855275,0.00025225806,0.015882634,0.00062818854
2024-07-05,7.1764885e-06,0.06580251,0.9227679,0.9885704,0.9885704,0.00025039035,0.015823727,0.0006278858
2024-07-08,7.3828614e-06,0.06533377,0.923112,0.98844576,0.98844576,0.00024339286,0.015601053,0.00063897413
2024-07-09,7.221598e-06,0.06597211,0.92250687,0.98847896,0.98847896,0.00023895154,0.015458058,0.00062681816
2024-07-10,7.517511e-06,0.06418581,0.92428255,0.98846835,0.98846835,0.00023634396,0.015373482,0.0006519024
2024-07-11,7.4492123e-06,0.06466752,0.9237774,0.9884449,0.9884449,0.00023028364,0.0151750995,0.00064467016
2024-07-12,7.322566e-06,0.06485447,0.9237187,0.9885732,0.9885732,0.00022256709,0.014918682,0.0006408235
2024-07-15,7.294837e-06,0.06560475,0.92285746,0.9884622,0.9884622,0.00021467448,0.014651774,0.000632256
2024-07-16,7.257035e-06,0.06523406,0.92335576,0.9885898,0.9885898,0.0002064036,0.014366753,0.0006360143
2024-07-17,7.2736043e-06,0.06558844,0.92291385,0.98850226,0.98850226,0.00021132577,0.014537048,0.00063261186
2024-07-18,7.145082e-06,0.06573352,0.92290545,0.988639,0.988639,0.0002443303,0.015631068,0.00062891294
2024-07-19,6.8041068e-06,0.068063304,0.9205352,0.9885985,0.9885985,0.00023266254,0.015253279,0.0005967743
2024-07-22,7.490623e-06,0.065291636,0.92300564,0.9882973,0.9882973,0.00029626052,0.01721222,0.0006400756
2024-07-23,7.2008525e-06,0.066236764,0.9222348,0.98847157,0.9884715,0.00028233178,0.016802732,0.0006246168
2024-07-24,7.6097344e-06,0.06494537,0.9233055,0.98825085,0.98825085,0.00035449764,0.018828107,0.0006476839
2024-07-25,7.207392e-06,0.06557487,0.9229878,0.9885627,0.9885627,0.00033898745,0.018411612,0.0006301657
2024-07-26,7.3707533e-06,0.06505533,0.9234465,0.9885018,0.9885018,0.00032495597,0.018026534,0.0006410347
2024-07-29,7.559996e-06,0.06436953,0.92402756,0.98839706,0.9883971,0.0003214109,0.017927935,0.00065155874
2024-07-30,7.5959138e-06,0.06462873,0.9237127,0.9883414,0.9883414,0.0003251525,0.018031986,0.0006515283
2024-07-31,7.164543e-06,0.06718429,0.92118394,0.9883682,0.9883682,0.00032169468,0.01793585,0.0006159452
2024-08-01,6.957073e-06,0.06749081,0.9210687,0.98855954,0.98855954,0.00041884746,0.020465763,0.0006081115
2024-08-02,7.371059e-06,0.0668381,0.9213875,0.9882256,0.9882256,0.00042247563,0.020554211,0.00062602304
2024-08-05,7.5142357e-06,0.06693336,0.92114305,0.98807645,0.98807645,0.00049054954,0.022148354,0.00063020113
2024-08-06,7.704122e-06,0.06357976,0.9247808,0.9883605,0.9883605,0.00046383566,0.021536844,0.00066189596
2024-08-07,7.5430603e-06,0.06447024,0.92389244,0.98836267,0.98836267,0.0004373512,0.020912943,0.0006481779
2024-08-08,7.4089976e-06,0.06533298,0.9230052,0.9883382,0.98833823,0.00045901383,0.021424608,0.00063532044
2024-08-09,7.650049e-06,0.06370229,0.92466,0.9883623,0.9883623,0.00044119474,0.021004636,0.0006573513
2024-08-12,7.666259e-06,0.06375302,0.92457813,0.98833114,0.98833114,0.00041994808,0.020492634,0.00065698434
2024-08-13,7.1383824e-06,0.06690336,0.92148983,0.9883932,0.9883932,0.00050213345,0.022408335,0.0006150166
2024-08-14,7.50675e-06,0.06605814,0.92212296,0.9881811,0.9881811,0.0005017279,0.022399284,0.0006351487
2024-08-15,7.630035e-06,0.064717226,0.92351794,0.9882352,0.9882352,0.00049127644,0.022164756,0.00064854644
2024-08-16,7.543473e-06,0.06402005,0.92437404,0.9883941,0.9883941,0.00047584382,0.021813845,0.0006499678
2024-08-19,7.498534e-06,0.06538546,0.9228953,0.9882808,0.9882808,0.00047236457,0.021733949,0.0006398489
2024-08-20,7.5119888e-06,0.06535125,0.92291856,0.9882698,0.9882698,0.0005040082,0.022450127,0.00064039766
2024-08-21,7.651977e-06,0.0637694,0.9245928,0.9883622,0.9883622,0.00047410518,0.021773957,0.00065751025
2024-08-22,7.705434e-06,0.064500906,0.92371756,0.9882185,0.9882185,0.0005001937,0.02236501,0.0006540275
2024-08-23,7.457252e-06,0.064291425,0.92419577,0.9884872,0.9884872,0.0004836144,0.021991234,0.00064773485
2024-08-26,7.4229665e-06,0.0649226,0.92350066,0.9884232,0.9884232,0.0004926386,0.022195464,0.00064119487
2024-08-27,7.447572e-06,0.06525974,0.9230783,0.98833805,0.98833805,0.0005364925,0.023162307,0.0006386217
2024-08-28,7.647303e-06,0.06514507,0.92305166,0.98819673,0.98819673,0.00054330775,0.023308963,0.0006478971
2024-08-29,7.7297755e-06,0.06434359,0.9238682,0.98821175,0.98821175,0.00052137667,0.022833673,0.00065571873
2024-08-30,7.1629047e-06,0.06670484,0.92166746,0.9883723,0.9883723,0.0005108265,0.02260147,0.00061602215
2024-09-03,7.75617e-06,0.064893045,0.92320234,0.9880954,0.9880954,0.00054551975,0.023356365,0.00065152725
2024-09-04,6.991807e-06,0.072024725,0.9158416,0.9878663,0.9878663,0.00064199173,0.025337556,0.0005762296
2024-09-05,7.682206e-06,0.06403613,0.92419964,0.9882358,0.9882358,0.0006147491,0.024794133,0.00065301405
2024-09-06,7.562463e-06,0.06470247,0.9235829,0.98828536,0.98828536,0.0005758922,0.023997754,0.0006455567
2024-09-09,7.763157e-06,0.06453116,0.9236051,0.98813623,0.98813623,0.0005704033,0.023883117,0.0006543584
2024-09-10,7.6265183e-06,0.06372935,0.92463607,0.9883654,0.9883654,0.00054913637,0.02343366,0.00065550394
2024-09-11,7.5189046e-06,0.06664454,0.9214718,0.9881163,0.9881163,0.00064029533,0.025304057,0.00063270866
2024-09-12,7.737116e-06,0.06352674,0.9247145,0.98824126,0.98824126,0.00063343736,0.025168182,0.00065798825
2024-09-13,7.704005e-06,0.06412153,0.92408925,0.9882108,0.9882108,0.00063045823,0.025108928,0.0006534797
2024-09-16,7.808768e-06,0.06361454,0.92462236,0.9882369,0.9882369,0.0005918362,0.024327682,0.00066383614
2024-09-17,7.645774e-06,0.06408605,0.9241662,0.9882523,0.9882523,0.0005818217,0.02412098,0.00065083057
2024-09-18,7.547456e-06,0.06419842,0.92419356,0.988392,0.988392,0.0005604145,0.023673076,0.00065019407
2024-09-19,7.467295e-06,0.06452075,0.92387724,0.988398,0.98839796,0.00052660017,0.02294777,0.0006436222
2024-09-20,7.404427e-06,0.065220945,0.9231189,0.98833984,0.98833984,0.000507215,0.022521434,0.0006350194
2024-09-23,7.470733e-06,0.064891815,0.92348075,0.98837256,0.98837256,0.00047565214,0.021809451,0.0006425091
2024-09-24,7.5127145e-06,0.06503656,0.92324626,0.9882828,0.9882828,0.0004782069,0.021867942,0.0006411698
2024-09-25,7.3956567e-06,0.06517724,0.9232096,0.98838687,0.98838687,0.00046678804,0.021605277,0.00063683576
2024-09-26,7.4866834e-06,0.065186545,0.92311996,0.9883065,0.9883065,0.00048486434,0.022019636,0.0006402444
2024-09-27,7.776043e-06,0.0639083,0.9242964,0.98820466,0.98820466,0.00051239005,0.022636034,0.0006592469
2024-09-30,7.173785e-06,0.06693286,0.92140496,0.9883378,0.9883378,0.00048475413,0.022017132,0.00061513216
2024-10-01,7.806351e-06,0.06313067,0.9251463,0.98827696,0.98827696,0.00045383855,0.021303486,0.00066589814
2024-10-02,7.484791e-06,0.065141186,0.9231582,0.9882994,0.9882994,0.00046349608,0.02152896,0.0006396945
2024-10-03,7.663858e-06,0.06379962,0.9245176,0.9883172,0.9883172,0.000436219,0.020885857,0.0006559945
2024-10-04,6.7967144e-06,0.06983296,0.9184604,0.9882934,0.9882934,0.0005703112,0.02388119,0.0005805887
2024-10-07,7.39697e-06,0.065878354,0.9224176,0.9882959,0.9882959,0.0005360256,0.023152227,0.0006319989
2024-10-08,6.9177895e-06,0.068846196,0.91950965,0.9883558,0.9883559,0.0005881501,0.024251806,0.00059409824
2024-10-09,7.1767536e-06,0.06992399,0.91802907,0.98795307,0.98795307,0.0007038663,0.026530478,0.0005957328
2024-10-10,7.4612994e-06,0.065564945,0.9226592,0.98822415,0.98822415,0.0006549134,0.025591277,0.0006336102
2024-10-11,6.8890654e-06,0.06913446,0.91918516,0.98831964,0.98831964,0.00069102354,0.026287327,0.00058979884
2024-10-14,7.389086e-06,0.06625934,0.9219701,0.98822945,0.98822945,0.00064321223,0.02536163,0.00062776066
2024-10-15,7.418634e-06,0.06675201,0.92136055,0.98811257,0.98811257,0.00063669274,0.025232771,0.0006240738
2024-10-16,7.449117e-06,0.0669788,0.9210928,0.9880716,0.9880716,0.00073076086,0.02703259,0.00062448694
2024-10-17,7.468907e-06,0.06498047,0.9233102,0.98829067,0.98829067,0.0006811242,0.026098358,0.00063785934
2024-10-18,7.618153e-06,0.06426193,0.9240115,0.98827344,0.98827344,0.00063726277,0.025244065,0.00064964953
2024-10-21,7.509658e-06,0.06544678,0.92275375,0.98820055,0.98820055,0.0006247136,0.02499427,0.0006364411
2024-10-22,7.5906337e-06,0.06461835,0.92361134,0.9882297,0.9882297,0.0006074321,0.024646137,0.00064489676
2024-10-23,7.1810437e-06,0.066897966,0.9214823,0.9883803,0.9883803,0.00059770135,0.024447931,0.0006180066
2024-10-24,7.716997e-06,0.06432237,0.9238764,0.98819876,0.98819876,0.0005813919,0.02411207,0.00065391394
2024-10-25,7.63522e-06,0.06428873,0.9239866,0.98827535,0.98827535,0.00054946303,0.023440627,0.00065121084
2024-10-28,7.5938883e-06,0.06474711,0.9234741,0.98822117,0.98822117,0.0005469066,0.023386035,0.0006447064
2024-10-29,7.077571e-06,0.07077162,0.9172468,0.98801845,0.98801845,0.0007736909,0.0278153,0.00059070595
2024-10-30,7.4677732e-06,0.064984456,0.92332447,0.9883089,0.9883089,0.00071728387,0.026782155,0.0006387575
2024-10-31,6.5855447e-06,0.07101132,0.9173843,0.98839563,0.98839563,0.0006967392,0.026395818,0.00056750566
2024-11-01,7.4701447e-06,0.06574459,0.9224349,0.9881795,0.9881795,0.00065176183,0.025529627,0.00063196546
2024-11-04,7.566468e-06,0.0650082,0.9232023,0.9882105,0.9882105,0.0006093005,0.024684014,0.00064179715
2024-11-05,7.3382307e-06,0.06649082,0.921713,0.9882038,0.9882038,0.00062052027,0.024910245,0.0006220855
2024-11-06,7.519153e-06,0.06480427,0.92351997,0.9883242,0.9883242,0.00058254827,0.024136037,0.00064399606
2024-11-07,7.5121193e-06,0.06497643,0.9233204,0.98829687,0.98829687,0.0005467768,0.02338326,0.0006418896
2024-11-08,7.5675844e-06,0.06466291,0.9236032,0.9882661,0.9882661,0.0005177007,0.022753038,0.000644934
2024-11-11,7.6293813e-06,0.06520069,0.9229668,0.98816746,0.98816746,0.0005363511,0.023159256,0.00064477994
2024-11-12,7.2926896e-06,0.06658737,0.9216969,0.9882843,0.9882843,0.00057826436,0.024047127,0.000622471
2024-11-13,7.734744e-06,0.063605115,0.9246546,0.98825973,0.98825973,0.0005403356,0.02324512,0.0006588218
2024-11-14,7.654437e-06,0.06407549,0.9242242,0.98829967,0.98829967,0.0005085358,0.02255074,0.0006542068
2024-11-15,7.4404234e-06,0.06477034,0.92363536,0.9884057,0.9884057,0.00047853254,0.021875387,0.00064173137
2024-11-18,7.554619e-06,0.064856574,0.9234034,0.98826,0.98826,0.00048989966,0.022133676,0.0006434924
2024-11-19,7.1564014e-06,0.067365356,0.92088187,0.9882472,0.9882472,0.00052303704,0.022870002,0.00060891116
2024-11-20,7.671565e-06,0.06400828,0.92427814,0.98828644,0.98828644,0.0004894515,0.022123551,0.00065493
2024-11-21,7.4517e-06,0.06510633,0.92325395,0.9883603,0.9883603,0.0004639156,0.0215387,0.00064019614
2024-11-22,7.5220833e-06,0.06516415,0.92307407,0.9882382,0.9882382,0.0004556201,0.02134526,0.0006395359
2024-11-25,7.427318e-06,0.0654463,0.9228809,0.9883272,0.9883272,0.00044455368,0.02108444,0.000636293
2024-11-26,7.21757e-06,0.06704749,0.92125016,0.98829764,0.98829764,0.0004892108,0.02211811,0.000616762
2024-11-27,7.753743e-06,0.06369472,0.9245389,0.9882336,0.9882336,0.00045839456,0.02141015,0.00065897475
2024-11-29,7.4136615e-06,0.065347366,0.9230024,0.9883498,0.9883498,0.00043161673,0.020775387,0.0006363546
2024-12-02,7.4434206e-06,0.06522043,0.9231264,0.9883468,0.9883468,0.00041337797,0.0203317,0.0006387456
2024-12-03,7.55379e-06,0.064384,0.92395717,0.98834115,0.98834115,0.0003891424,0.019726692,0.00064790196
2024-12-04,7.155372e-06,0.06655144,0.9219288,0.98848027,0.98848027,0.00041205372,0.020299107,0.0006211406
2024-12-05,7.5560656e-06,0.06507782,0.9231894,0.98826724,0.98826724,0.00041489463,0.020368962,0.0006440145
2024-12-06,7.773557e-06,0.06323071,0.9250646,0.9882953,0.9882953,0.00039149556,0.019786246,0.00066414074
2024-12-09,7.7596505e-06,0.06370271,0.92454755,0.98825026,0.98825026,0.0003870944,0.019674715,0.00066041015
2024-12-10,7.4209656e-06,0.065366715,0.9229481,0.98831487,0.98831487,0.00038410618,0.019598627,0.00063507754
2024-12-11,7.6577535e-06,0.06383201,0.92452395,0.98835593,0.98835593,0.0003625093,0.019039677,0.0006576529
2024-12-12,7.274503e-06,0.06643079,0.9218894,0.98832023,0.98832023,0.00038032682,0.01950197,0.00062282936
2024-12-13,7.716486e-06,0.06380827,0.9244652,0.98827344,0.98827344,0.00035900334,0.018947383,0.00065803505
2024-12-16,7.357485e-06,0.06548457,0.9229203,0.98840487,0.98840487,0.00035967666,0.018965144,0.00063453236
2024-12-17,7.424744e-06,0.065438785,0.9228762,0.988315,0.988315,0.00034393903,0.018545594,0.0006354074
2024-12-18,7.3583633e-06,0.06548399,0.9228887,0.9883727,0.9883727,0.0003303619,0.01817586,0.0006328514
2024-12-19,7.5012017e-06,0.064628236,0.92373717,0.9883654,0.9883654,0.00031533727,0.017757738,0.0006447329
2024-12-20,7.3930496e-06,0.06526683,0.9231476,0.98841447,0.98841447,0.0003049669,0.017463302,0.0006381277
2024-12-23,7.5798825e-06,0.0642178,0.9241386,0.9883564,0.9883564,0.00029184882,0.017083583,0.000650992
2024-12-24,7.51877e-06,0.064256735,0.9241717,0.9884284,0.9884284,0.00027803562,0.0166744,0.0006497614
2024-12-26,7.20782e-06,0.06630474,0.92211044,0.9884152,0.9884152,0.00027388832,0.016549572,0.0006221781
2024-12-27,7.391695e-06,0.064915724,0.9235568,0.9884725,0.9884725,0.00026311408,0.016220791,0.0006412239
2024-12-30,7.1894474e-06,0.0659571,0.9225811,0.9885382,0.98853815,0.0002626477,0.01620641,0.0006272532
2024-12-31,6.8590925e-06,0.06877092,0.91967875,0.9884497,0.9884497,0.0002513355,0.015853563,0.00059384503
2025-01-02,7.1651393e-06,0.06603665,0.92252827,0.9885649,0.9885649,0.0002448737,0.015648441,0.0006265922
2025-01-03,6.970059e-06,0.06784993,0.9206329,0.98848283,0.98848283,0.0002574898,0.016046489,0.00060518866
2025-01-06,7.16442e-06,0.06643895,0.92208165,0.9885206,0.9885206,0.00025230454,0.015884098,0.0006241122
2025-01-07,6.8647446e-06,0.068596125,0.9198871,0.98848325,0.98848325,0.00024193917,0.015554394,0.0005960661
2025-01-08,7.3488827e-06,0.065448284,0.92297333,0.9884216,0.9884216,0.00023509964,0.01533296,0.0006347073
2025-01-09,7.157024e-06,0.06685696,0.9215532,0.9884102,0.9884102,0.00023513412,0.015334084,0.0006175265
2025-01-10,7.395947e-06,0.06522488,0.9231801,0.988405,0.988405,0.00022803058,0.015100681,0.00063785596
2025-01-13,6.447869e-06,0.07195021,0.9164905,0.9884407,0.9884407,0.00029773533,0.017255008,0.00055780757
2025-01-14,7.126292e-06,0.067324035,0.9210285,0.98835254,0.98835254,0.00033867988,0.018403258,0.00061183213
2025-01-15,7.1293734e-06,0.06719377,0.92118233,0.9883761,0.9883761,0.0003388087,0.018406756,0.00061333645
2025-01-16,6.708408e-06,0.07009046,0.9183172,0.9884077,0.9884077,0.00038808485,0.01969987,0.00057869375
2025-01-17,7.0953797e-06,0.0677348,0.9205705,0.9883053,0.9883053,0.0003842549,0.019602422,0.000606716
2025-01-21,7.092458e-06,0.06691227,0.92155755,0.98846984,0.98846984,0.00036823738,0.019189512,0.0006151222
2025-01-22,7.1121176e-06,0.06780925,0.9205274,0.9883366,0.9883366,0.00039210424,0.019801622,0.000609782
2025-01-23,7.2354105e-06,0.0665577,0.9217849,0.9883426,0.9883426,0.0003706492,0.019252252,0.00062067015
2025-01-24,7.5968883e-06,0.06421162,0.92414004,0.98835164,0.98835164,0.00035719457,0.018899592,0.0006521854
2025-01-27,7.4707546e-06,0.06520353,0.9231038,0.98830736,0.98830736,0.0003377004,0.018376626,0.0006389278
2025-01-28,7.345229e-06,0.06568755,0.9227213,0.98840886,0.98840886,0.00034633116,0.018609975,0.0006336936
2025-01-29,7.1050163e-06,0.06617659,0.9224494,0.988626,0.988626,0.00033104146,0.018194545,0.0006246719
2025-01-30,7.4533414e-06,0.06521884,0.92311203,0.9883309,0.9883309,0.00032930938,0.018146884,0.00063872465
2025-01-31,6.818218e-06,0.067830704,0.9208607,0.9886914,0.9886914,0.00031154888,0.017650748,0.0006029227
2025-02-03,7.0532656e-06,0.06718822,0.9213114,0.9884996,0.9884996,0.00029431857,0.017155716,0.00061330514
2025-02-04,6.8743493e-06,0.068317264,0.920215,0.98853225,0.9885323,0.00028296484,0.01682156,0.0005994503
2025-02-05,7.493325e-06,0.064829744,0.92355835,0.9883881,0.9883881,0.00027019007,0.01643746,0.00064531545
2025-02-06,7.3491465e-06,0.065852836,0.92248666,0.9883395,0.9883395,0.00029276265,0.017110309,0.0006302591
2025-02-07,7.4710642e-06,0.06459542,0.923843,0.9884384,0.9884384,0.00027992472,0.016730951,0.00064619794
2025-02-10,7.279083e-06,0.0655026,0.92302835,0.98853093,0.98853093,0.00026787148,0.01636678,0.00063467096
2025-02-11,7.357252e-06,0.06568457,0.92268604,0.9883706,0.9883706,0.00027618764,0.016618894,0.0006326423
2025-02-12,7.1305676e-06,0.06653594,0.9219945,0.98853046,0.98853046,0.00027415293,0.016557565,0.0006216959
2025-02-13,7.341494e-06,0.06665473,0.9216159,0.98827064,0.98827064,0.00030910235,0.017581306,0.0006259075
2025-02-14,7.392528e-06,0.06491295,0.9235667,0.9884797,0.9884797,0.0002923384,0.017097907,0.00064169435
2025-02-18,7.481747e-06,0.06496476,0.923385,0.9883498,0.9883498,0.0002815235,0.016778663,0.0006421988
2025-02-19,7.31261e-06,0.06587362,0.9225232,0.9883968,0.9883968,0.00028270602,0.016813865,0.0006302248
2025-02-20,7.2793737e-06,0.06606705,0.9223151,0.98838216,0.98838216,0.00026997528,0.016430924,0.0006265686
2025-02-21,7.3142205e-06,0.06552809,0.9229476,0.9884757,0.9884757,0.00025743656,0.016044829,0.000634677
2025-02-24,7.243509e-06,0.06702789,0.9212712,0.9882991,0.9882991,0.0003062588,0.017500252,0.00061905425
2025-02-25,7.4187265e-06,0.06462885,0.9238477,0.9884765,0.9884765,0.0002904709,0.017043207,0.0006437919
2025-02-26,7.3158503e-06,0.06602603,0.9223287,0.98835474,0.98835474,0.00031809916,0.017835334,0.00062822574
2025-02-27,7.4285836e-06,0.064775854,0.92367446,0.9884503,0.9884503,0.00030219482,0.017383752,0.0006431835
2025-02-28,7.1581294e-06,0.06642249,0.92206943,0.9884919,0.9884919,0.00032595082,0.018054109,0.00062200753
2025-03-03,7.487538e-06,0.06509576,0.92326015,0.98835593,0.98835593,0.00031268905,0.017683016,0.0006430347
2025-03-04,6.3293646e-06,0.071594924,0.91710997,0.98870486,0.9887049,0.00032317796,0.01797715,0.0005603618
2025-03-05,7.471646e-06,0.06493807,0.9234329,0.98837095,0.98837095,0.0003029637,0.017405853,0.00064249866
2025-03-06,7.4484064e-06,0.06592987,0.9223089,0.9882388,0.9882388,0.00034268879,0.018511856,0.0006333039
2025-03-07,7.4648788e-06,0.06463785,0.9238044,0.98844224,0.98844224,0.00032353084,0.017986963,0.00064587605
2025-03-10,7.454633e-06,0.06483888,0.9235786,0.9884175,0.9884175,0.0003127521,0.017684799,0.00064361206
2025-03-11,7.501371e-06,0.06466982,0.9237238,0.98839366,0.98839366,0.00031172004,0.017655594,0.0006463169
2025-03-12,7.450854e-06,0.06450099,0.92398995,0.98849094,0.98849094,0.0002960613,0.017206432,0.00064739026
2025-03-13,7.0660117e-06,0.06640121,0.9222671,0.9886683,0.9886683,0.00030977133,0.017600322,0.0006235627
2025-03-14,7.29461e-06,0.065720946,0.9227433,0.98846424,0.98846424,0.0003121184,0.017666873,0.00063234736
2025-03-17,7.405621e-06,0.06480365,0.92367804,0.9884817,0.9884817,0.0003008428,0.017344821,0.00064294395
2025-03-18,7.2292137e-06,0.06565734,0.9229087,0.98856604,0.98856604,0.0002873917,0.016952632,0.00063225813
2025-03-19,7.2682456e-06,0.06570909,0.9227996,0.9885087,0.9885087,0.00027950073,0.016718276,0.0006324999
2025-03-20,7.156471e-06,0.06645741,0.9220197,0.9884771,0.9884771,0.00026606233,0.016311416,0.0006210657
2025-03-21,7.103042e-06,0.06637642,0.9222362,0.98861265,0.98861265,0.00026950095,0.016416484,0.00062376616
2025-03-24,7.1756203e-06,0.06598894,0.9225837,0.98857266,0.98857266,0.00025564677,0.015988957,0.0006279343
2025-03-25,7.36311e-06,0.064923495,0.9236233,0.98854685,0.98854685,0.00025228862,0.015883597,0.0006428894
2025-03-26,7.155999e-06,0.066026725,0.92258406,0.9886108,0.9886108,0.00024060048,0.015511301,0.0006283147
2025-03-27,7.278977e-06,0.065367125,0.92320603,0.98857313,0.98857313,0.00023464358,0.01531808,0.00063700555
2025-03-28,7.28454e-06,0.065392725,0.9231518,0.9885445,0.9885445,0.00022476503,0.014992165,0.00063590024
2025-03-31,7.426592e-06,0.06480372,0.9236721,0.9884758,0.9884758,0.00021925957,0.014807416,0.0006444345
2025-04-01,7.1965774e-06,0.06608281,0.9224503,0.98853314,0.98853314,0.00026776624,0.016363565,0.00062759785
2025-04-02,7.1245345e-06,0.065969266,0.9227048,0.9886741,0.9886741,0.00025534298,0.015979456,0.0006290482
2025-04-03,7.049057e-06,0.06688818,0.9216919,0.9885801,0.9885801,0.0002458708,0.015680268,0.0006172612
2025-04-04,6.950814e-06,0.07243043,0.915452,0.98788244,0.98788244,0.000551405,0.023482015,0.0005736148
2025-04-07,7.086513e-06,0.07070821,0.9172794,0.98798764,0.98798764,0.0009435342,0.030717002,0.000589935
2025-04-08,7.423012e-06,0.06642582,0.92180157,0.98822737,0.98822737,0.0009045532,0.03007579,0.00063053117
2025-04-09,7.3996584e-06,0.066772476,0.92144626,0.9882187,0.9882187,0.00086487416,0.029408744,0.0006280864
2025-04-10,7.1924774e-06,0.06872733,0.9193312,0.9880585,0.9880585,0.0009407863,0.030672241,0.00060230977
2025-04-11,7.2640782e-06,0.07010821,0.91776484,0.9878731,0.9878731,0.0009686899,0.031123783,0.00059900427
2025-04-14,7.4432237e-06,0.06609657,0.92216235,0.9882589,0.9882589,0.0009343167,0.030566595,0.0006339459
2025-04-15,7.396153e-06,0.06609322,0.92224926,0.98834246,0.98834246,0.00086903904,0.029479468,0.0006344525
2025-04-16,7.4309196e-06,0.06621747,0.92205924,0.9882767,0.9882767,0.00080967357,0.028454764,0.0006338601
2025-04-17,7.544789e-06,0.0651478,0.92313486,0.9882827,0.9882827,0.00077588134,0.027854647,0.0006439006
2025-04-21,7.4606182e-06,0.06532866,0.9230125,0.98834115,0.98834115,0.000801453,0.028309945,0.00063991046
2025-04-22,7.2508924e-06,0.06713747,0.9212063,0.9883438,0.9883438,0.00078898337,0.028088847,0.00062206184
2025-04-23,7.074553e-06,0.06777624,0.92065275,0.988429,0.988429,0.0007584907,0.02754071,0.0006114043
2025-04-24,7.6250462e-06,0.06592966,0.92216074,0.9880904,0.9880904,0.00077685335,0.02787209,0.00064024347
2025-04-25,7.491089e-06,0.06475151,0.9236626,0.9884141,0.9884141,0.0007283107,0.026987232,0.00064656994
2025-04-28,7.492646e-06,0.06494932,0.92341787,0.9883672,0.9883672,0.000680961,0.02609523,0.0006440965
2025-04-29,7.488846e-06,0.0656492,0.9225833,0.9882325,0.9882325,0.00065241545,0.025542425,0.0006364004
2025-04-30,7.5927355e-06,0.065782964,0.9223385,0.98812145,0.98812145,0.00065675477,0.025627228,0.0006391972
2025-05-01,7.557436e-06,0.06655535,0.92153287,0.98808825,0.98808825,0.00070585636,0.026567958,0.0006344522
2025-05-02,7.5867124e-06,0.06515525,0.9230737,0.988229,0.988229,0.0006779504,0.02603748,0.00064452447
2025-05-05,7.687815e-06,0.0650269,0.92312896,0.98815584,0.98815584,0.0006509191,0.025513116,0.0006490807
2025-05-06,7.646966e-06,0.064684324,0.92358315,0.9882675,0.9882675,0.0006354712,0.025208553,0.00065177534
2025-05-07,7.479611e-06,0.065107495,0.92328334,0.9883908,0.9883908,0.0006671237,0.025828738,0.00064428325
2025-05-08,7.5534394e-06,0.06581884,0.9223534,0.98817223,0.98817223,0.00064370804,0.025371403,0.00063861924
2025-05-09,7.469788e-06,0.06512785,0.92320925,0.9883371,0.9883371,0.00066435226,0.025775032,0.0006404743
2025-05-12,7.5463813e-06,0.06517925,0.9230709,0.98825014,0.98825014,0.0006421897,0.025341462,0.0006422527
2025-05-13,7.4829227e-06,0.06491548,0.92348856,0.98840404,0.98840404,0.0006147796,0.02479475,0.00064530404
2025-05-14,7.314837e-06,0.06591657,0.9225091,0.9884257,0.9884256,0.000623067,0.024961311,0.00063198805
2025-05-15,7.4004433e-06,0.065079,0.9233937,0.98847276,0.9884727,0.000586794,0.02422383,0.0006419961
2025-05-16,7.481667e-06,0.065780625,0.92250437,0.988285,0.988285,0.0005891545,0.024272505,0.00063864025
2025-05-19,7.4416557e-06,0.064823866,0.92357844,0.9884023,0.9884023,0.00056347356,0.023737598,0.00064164965
2025-05-20,7.2346397e-06,0.06560245,0.9229311,0.9885335,0.9885335,0.00052842055,0.0229874,0.0006309369
2025-05-21,6.9568628e-06,0.06845422,0.91997087,0.9884251,0.9884251,0.00049528165,0.022254923,0.0006010288
2025-05-22,7.674333e-06,0.06372253,0.9246419,0.98836446,0.98836446,0.00048054368,0.021921307,0.00065955956
2025-05-23,7.5382536e-06,0.06428985,0.92413807,0.98842794,0.98842794,0.0004545069,0.021319168,0.0006514183
2025-05-27,7.6033357e-06,0.06424578,0.92409056,0.9883363,0.9883363,0.00042926348,0.020718675,0.0006518816
2025-05-28,7.721206e-06,0.06359066,0.9247276,0.98831826,0.98831826,0.00041162912,0.020288644,0.00066096394
2025-05-29,7.471516e-06,0.06420376,0.92432487,0.9885286,0.9885286,0.00040314166,0.020078387,0.00065131736
2025-05-30,7.239946e-06,0.06692473,0.92138004,0.9883048,0.9883048,0.00039435714,0.019858427,0.00061905244
2025-06-02,7.7662635e-06,0.06337671,0.9249499,0.9883266,0.9883266,0.00037108158,0.019263478,0.0006652963
2025-06-03,7.3278375e-06,0.065831095,0.92251515,0.9883462,0.9883462,0.0004000591,0.020001477,0.00062879483
2025-06-04,7.5524713e-06,0.06423869,0.9241663,0.988405,0.988405,0.00038910183,0.019725664,0.00065135525
2025-06-05,7.657512e-06,0.064523935,0.92372257,0.9882465,0.9882465,0.00037247728,0.019299671,0.0006515091
2025-06-06,7.50507e-06,0.06419313,0.9242465,0.9884396,0.9884396,0.00035585414,0.018864097,0.0006492061
2025-06-09,7.4822615e-06,0.06472149,0.92365927,0.98838073,0.98838073,0.00035879214,0.018941808,0.0006439528
2025-06-10,7.475197e-06,0.06427292,0.92423314,0.9885061,0.9885061,0.00034628817,0.01860882,0.0006503609
2025-06-11,7.4264285e-06,0.06472294,0.9237616,0.98848456,0.98848456,0.00032913146,0.018141981,0.0006449106
2025-06-12,6.950108e-06,0.06817036,0.92028296,0.9884533,0.9884533,0.0004568416,0.021373853,0.0006019144
2025-06-13,7.454223e-06,0.06546253,0.92287153,0.98833406,0.98833406,0.00042760788,0.020678682,0.0006389732
2025-06-16,6.211104e-06,0.07445629,0.9138937,0.98835,0.98835,0.0007214878,0.026860526,0.0005331408
2025-06-17,7.0746805e-06,0.06878646,0.91943634,0.9882228,0.9882228,0.0006869839,0.026210379,0.00060070876
2025-06-18,6.6610555e-06,0.070829086,0.9175114,0.9883405,0.9883405,0.00075802486,0.027532252,0.0005712984
2025-06-20,6.949921e-06,0.06866617,0.9196774,0.98834354,0.98834354,0.0007031601,0.026517166,0.000596229
2025-06-23,7.0297215e-06,0.06855287,0.91974044,0.9882933,0.9882933,0.0006542637,0.025578579,0.0006004865
2025-06-24,6.771771e-06,0.07508692,0.9125695,0.9876565,0.9876565,0.0011617537,0.034084506,0.0005486091
2025-06-25,7.071122e-06,0.0711681,0.9166803,0.9878484,0.9878484,0.001360921,0.036890663,0.0005819088
2025-06-26,7.149361e-06,0.06755799,0.92068106,0.98823905,0.98823905,0.0012594676,0.035488978,0.0006078897
2025-06-27,7.1522945e-06,0.06748763,0.9208106,0.98829824,0.9882982,0.0011681962,0.034178887,0.00061121513
2025-06-30,6.9155913e-06,0.07022637,0.9179364,0.98816276,0.98816276,0.0010839436,0.0329233,0.0005842231
2025-07-01,7.4007867e-06,0.06562753,0.92267,0.9882975,0.9882975,0.0010048881,0.03169997,0.0006324119
2025-07-02,7.3524943e-06,0.06570037,0.9226947,0.98839504,0.98839504,0.000936202,0.030597419,0.00063356454
2025-07-03,7.2684543e-06,0.06669431,0.9215844,0.98827875,0.98827875,0.00092976814,0.030492099,0.000620109
2025-07-04,7.564865e-06,0.06509327,0.92317116,0.98826444,0.98826444,0.00086733326,0.029450523,0.00064461055
2025-07-07,7.4776362e-06,0.06530476,0.9229838,0.9882886,0.9882886,0.00081215036,0.028498253,0.00063849107
2025-07-08,7.4090904e-06,0.06560083,0.92270654,0.98830736,0.98830736,0.0007859818,0.028035367,0.000633654
2025-07-09,7.26709e-06,0.0660603,0.92235696,0.98841727,0.98841727,0.00073472114,0.02710574,0.0006274072
2025-07-10,7.430386e-06,0.06505296,0.92334425,0.9883972,0.98839724,0.00068495836,0.026171708,0.0006403949
2025-07-11,7.5832186e-06,0.06484529,0.9233913,0.98823655,0.98823655,0.00068753347,0.02622086,0.0006446422
2025-07-14,7.3083543e-06,0.066251725,0.92205954,0.98831123,0.9883113,0.00069188245,0.026303658,0.00062524586
2025-07-15,7.623573e-06,0.06491121,0.92328644,0.9881976,0.9881976,0.00067717856,0.026022654,0.0006459355
2025-07-16,7.640737e-06,0.064120814,0.9241888,0.9883096,0.9883096,0.00063615304,0.025222074,0.00065359194
2025-07-17,7.839293e-06,0.063090414,0.92517304,0.9882635,0.9882635,0.00059591886,0.02441145,0.0006679406
2025-07-18,7.4160594e-06,0.065524764,0.9227913,0.98831606,0.98831606,0.0005775855,0.024033008,0.0006347224
2025-07-21,7.6201613e-06,0.064152315,0.92416996,0.98832226,0.98832226,0.0005410795,0.023261115,0.0006525372
2025-07-22,7.2763955e-06,0.06540272,0.9230994,0.98850214,0.98850214,0.0005080147,0.022539182,0.00063284807
2025-07-23,7.3651768e-06,0.065903686,0.92248654,0.9883902,0.9883902,0.00049109734,0.022160716,0.0006343935
2025-07-24,7.3832766e-06,0.06476182,0.9237401,0.9885019,0.9885019,0.00047491677,0.021792585,0.0006421305
2025-07-25,7.554218e-06,0.06461087,0.9237268,0.9883377,0.98833764,0.00045486487,0.02132756,0.0006477466
2025-07-28,7.653497e-06,0.063729465,0.92462516,0.9883546,0.9883546,0.00043950314,0.02096433,0.0006572133
2025-07-29,7.3170895e-06,0.06546528,0.9230075,0.98847276,0.98847276,0.0004485405,0.021178775,0.0006347651
2025-07-30,6.878471e-06,0.068749875,0.91969967,0.9884496,0.9884496,0.0005087893,0.022556359,0.00059551664
2025-07-31,7.398973e-06,0.065218754,0.9232164,0.98843515,0.98843515,0.0004833003,0.021984093,0.0006397811
2025-08-01,7.557811e-06,0.06502167,0.92323524,0.98825693,0.98825693,0.00046129,0.021477664,0.0006435976
2025-08-04,7.56984e-06,0.06649976,0.92157465,0.9880744,0.9880744,0.00048625044,0.022051087,0.00063475664
2025-08-05,7.523837e-06,0.0642344,0.92416734,0.9884017,0.9884017,0.00047229763,0.02173241,0.0006487023
2025-08-06,7.654224e-06,0.06453018,0.92373157,0.98826176,0.98826176,0.0004635239,0.021529606,0.00065207586
2025-08-07,7.711448e-06,0.06370463,0.9245958,0.9883004,0.9883004,0.0004463114,0.021126084,0.00065911975
2025-08-08,7.778504e-06,0.06328486,0.9250113,0.98829615,0.98829615,0.0004240185,0.02059171,0.0006646108
2025-08-11,7.635031e-06,0.06367963,0.92472655,0.9884062,0.9884062,0.000400004,0.0200001,0.0006585432
2025-08-12,7.639039e-06,0.06371623,0.92466605,0.9883823,0.9883823,0.00037759473,0.019431796,0.00065753335
2025-08-13,7.5435764e-06,0.064317614,0.92412925,0.9884469,0.98844683,0.00036701094,0.019157529,0.00065294775
2025-08-14,7.5603793e-06,0.06426948,0.92411315,0.98838264,0.98838264,0.00035136045,0.01874461,0.0006507828
2025-08-15,7.6181786e-06,0.06372265,0.9246726,0.9883953,0.9883953,0.0003591504,0.018951263,0.00065647205
2025-08-18,7.624248e-06,0.06413316,0.9241982,0.9883314,0.9883314,0.00036162068,0.019016327,0.00065339747
2025-08-19,7.436628e-06,0.06448088,0.9239541,0.98843503,0.98843503,0.00034772663,0.01864743,0.00064303045
2025-08-20,7.463536e-06,0.06464251,0.92379177,0.98843426,0.98843426,0.0003479157,0.018652499,0.0006453139
2025-08-21,7.250581e-06,0.065947525,0.922542,0.9884895,0.9884895,0.00034057765,0.018454745,0.0006299106
2025-08-22,7.354986e-06,0.06549229,0.92292076,0.98841304,0.98841304,0.0003228762,0.017968757,0.00063476386
2025-08-25,7.4915315e-06,0.06436673,0.9241016,0.98846835,0.9884683,0.0003055966,0.017481321,0.00064964953
2025-08-26,7.4424515e-06,0.064918414,0.92348075,0.98839915,0.98839915,0.0003096309,0.017596332,0.00064154353
2025-08-27,7.661959e-06,0.06423698,0.92406815,0.98830515,0.98830515,0.0003321851,0.018225946,0.00065515673
2025-08-28,7.4395643e-06,0.06500364,0.9233614,0.98836505,0.98836505,0.00032701835,0.018083649,0.00063941546
2025-08-29,7.5248217e-06,0.064428255,0.92396104,0.9883893,0.9883893,0.00031235922,0.017673688,0.00064809446
2025-09-02,7.762584e-06,0.06330805,0.9250165,0.9883246,0.9883246,0.00030184156,0.017373588,0.0006648656
2025-09-03,6.9442976e-06,0.06873044,0.9196155,0.988346,0.988346,0.00032388023,0.017996673,0.0005958715
2025-09-04,7.691515e-06,0.06383131,0.92447346,0.9883048,0.9883048,0.00034859977,0.018670827,0.0006576639
2025-09-05,7.799014e-06,0.06296604,0.9253543,0.98832035,0.98832035,0.00033397434,0.018274965,0.0006677439
2025-09-08,7.748651e-06,0.06413442,0.92409843,0.98823285,0.98823285,0.00035917238,0.018951844,0.0006584986
2025-09-09,7.673544e-06,0.06360921,0.92472625,0.9883355,0.9883355,0.0003420033,0.018493332,0.00065785396
2025-09-10,7.645635e-06,0.0635983,0.9247908,0.9883891,0.9883891,0.00032599023,0.018055199,0.00065848633
2025-09-11,7.642454e-06,0.06367948,0.9247124,0.9883919,0.9883919,0.00032587268,0.018051945,0.00065837114
2025-09-12,7.686207e-06,0.06426983,0.9240064,0.98827624,0.98827624,0.0003367099,0.018349657,0.00065560953
2025-09-15,7.639263e-06,0.06378014,0.9245859,0.988366,0.988366,0.0003203384,0.017898,0.00065663294
2025-09-16,7.4939176e-06,0.06457868,0.92378855,0.9883672,0.9883672,0.00030950952,0.017592883,0.00064420584
2025-09-17,7.4484733e-06,0.06499024,0.9233956,0.9883858,0.9883858,0.00031636553,0.017786667,0.0006413245
2025-09-18,7.682786e-06,0.063787386,0.92453,0.98831743,0.98831743,0.000303283,0.017415022,0.0006576281
2025-09-19,7.3460933e-06,0.06505409,0.9233906,0.9884447,0.9884447,0.0002919188,0.017085632,0.0006357329
2025-09-22,7.4404384e-06,0.064906366,0.9234793,0.9883857,0.9883857,0.00029027392,0.017037427,0.0006406261
2025-09-23,7.4974796e-06,0.06425705,0.924216,0.988473,0.988473,0.00027555227,0.016599767,0.00065042754
2025-09-24,7.349626e-06,0.065271616,0.9231745,0.9884461,0.9884461,0.0002713884,0.01647387,0.00063611736
2025-09-25,7.4227764e-06,0.065056235,0.9233514,0.9884077,0.9884076,0.0002966644,0.017223949,0.000640318
2025-09-26,7.382174e-06,0.06543787,0.9229476,0.98838544,0.98838544,0.00028135825,0.016773736,0.00063559646
2025-09-29,7.415362e-06,0.06473882,0.92374194,0.98848075,0.98848075,0.00027510262,0.016586218,0.00064373633
2025-09-30,6.8635863e-06,0.0695356,0.9188299,0.98836553,0.98836553,0.00034261847,0.018509956,0.0005899355
2025-10-01,7.83499e-06,0.06303746,0.92523986,0.9882773,0.9882773,0.000342739,0.018513212,0.0006683615
2025-10-02,7.4039344e-06,0.06557439,0.92277265,0.98834705,0.98834705,0.0003309346,0.018191608,0.00063537015
2025-10-03,7.737734e-06,0.06361197,0.9246689,0.9882809,0.9882809,0.0003431077,0.018523166,0.0006602665
2025-10-06,7.5483194e-06,0.06379217,0.9246595,0.98845166,0.98845166,0.0003275668,0.018098807,0.0006536281
2025-10-07,7.4587297e-06,0.06450645,0.9239128,0.9884193,0.9884193,0.0003211819,0.017921548,0.0006440652
2025-10-08,7.519881e-06,0.06446086,0.92391956,0.98838043,0.98838043,0.00030421367,0.017441722,0.0006471739
2025-10-09,7.5318367e-06,0.06407962,0.92437875,0.9884584,0.9884584,0.00029941238,0.017303536,0.0006525814
2025-10-10,7.6028036e-06,0.06417709,0.92416036,0.98833746,0.98833746,0.0003028316,0.017402058,0.0006518993
2025-10-13,7.539321e-06,0.066151716,0.92202526,0.988177,0.988177,0.0004094483,0.020234829,0.0006376826
2025-10-14,7.4883046e-06,0.06448177,0.9238927,0.9883745,0.9883745,0.00039132236,0.019781869,0.000644126
2025-10-15,7.685579e-06,0.064164765,0.9241245,0.98828924,0.98828924,0.00038096658,0.019518366,0.00065628334
2025-10-16,7.716059e-06,0.063225314,0.9251262,0.9883515,0.9883515,0.0003634431,0.019064184,0.00066240935
2025-10-17,7.732285e-06,0.06354299,0.9247744,0.98831743,0.9883174,0.00035676133,0.018888127,0.00066186505
2025-10-20,7.412105e-06,0.064729534,0.92366815,0.98839766,0.98839766,0.00033774052,0.018377718,0.00063884555
2025-10-21,7.2042894e-06,0.06645771,0.9219318,0.9883895,0.9883895,0.0003193945,0.01787161,0.00062049733
2025-10-22,7.683993e-06,0.06361401,0.92474324,0.98835725,0.98835725,0.00030330167,0.017415559,0.00065998075
2025-10-23,7.5338876e-06,0.064154156,0.92426324,0.9884174,0.9884174,0.00029650563,0.017219339,0.000650448
2025-10-24,6.64235e-06,0.07050355,0.91792214,0.9884257,0.9884257,0.00047197315,0.021724943,0.00057388644
2025-10-27,7.397184e-06,0.06567953,0.92263407,0.9883136,0.9883136,0.00044159935,0.021014266,0.00063297455
2025-10-28,7.359784e-06,0.065741085,0.92261064,0.9883517,0.9883517,0.00041556117,0.020385318,0.00063183345
2025-10-29,7.5900857e-06,0.06467208,0.9236028,0.9882749,0.98827493,0.00041534982,0.020380134,0.000647335
2025-10-30,7.2475327e-06,0.06634747,0.9220242,0.9883717,0.9883717,0.00039297936,0.019823708,0.00062326516
2025-10-31,6.625646e-06,0.0704134,0.9180607,0.98847413,0.98847413,0.00036968748,0.019227259,0.00057485
2025-11-03,7.5223143e-06,0.06477573,0.9235587,0.9883344,0.9883344,0.00034900347,0.018681634,0.0006448297
2025-11-04,7.3983306e-06,0.06554707,0.9227923,0.98833936,0.98833936,0.00032990103,0.018163178,0.0006344706
2025-11-05,7.4370114e-06,0.06514384,0.9232187,0.98836255,0.98836255,0.00031634053,0.017785965,0.00063905853
2025-11-06,7.5305684e-06,0.06461698,0.9237427,0.9883597,0.9883597,0.00031662144,0.01779386,0.0006469388
2025-11-07,7.1508534e-06,0.06677579,0.92165023,0.988426,0.988426,0.00030062615,0.017338574,0.0006178393
2025-11-10,7.532419e-06,0.06468343,0.9236563,0.9883397,0.9883397,0.00028598157,0.016910989,0.00064598967
2025-11-11,7.3504966e-06,0.06542533,0.922987,0.9884123,0.9884123,0.0002740891,0.016555637,0.00063433725
2025-11-12,7.070979e-06,0.06749689,0.920903,0.9883999,0.9883999,0.0002746276,0.01657189,0.0006095631
2025-11-13,7.3341553e-06,0.066883646,0.9213593,0.9882429,0.9882429,0.00038426678,0.019602723,0.0006238078
2025-11-14,7.574904e-06,0.06426637,0.92406416,0.98833054,0.98833054,0.00036205628,0.019027777,0.00064912223
2025-11-17,7.2079224e-06,0.0665646,0.9218346,0.9883992,0.9883992,0.0003771352,0.01941997,0.00062133017
2025-11-18,7.2990288e-06,0.066056624,0.92230713,0.98836374,0.98836374,0.00035556222,0.018856358,0.000627266
2025-11-19,6.8184763e-06,0.06920389,0.919217,0.9884209,0.9884209,0.00034731257,0.018636324,0.0005888608
2025-11-20,7.186272e-06,0.06706547,0.9212591,0.9883246,0.9883246,0.00035918423,0.018952155,0.0006155045
2025-11-21,7.43916e-06,0.0654212,0.9229318,0.988353,0.988353,0.00033997055,0.01843829,0.00063871976
2025-11-24,7.59443e-06,0.06441818,0.92389876,0.98831695,0.98831695,0.00034400955,0.018547494,0.0006500385
2025-11-25,7.643723e-06,0.063661896,0.9246943,0.9883562,0.9883562,0.00033649048,0.018343678,0.0006564614
2025-11-26,7.641105e-06,0.06439742,0.92389745,0.98829484,0.98829484,0.000334049,0.018277008,0.000652798
2025-11-28,7.489547e-06,0.06450946,0.9238713,0.98838073,0.98838073,0.0003251874,0.018032953,0.0006445798
2025-12-01,7.5335774e-06,0.064629525,0.923699,0.9883285,0.9883286,0.00030816483,0.017554624,0.0006454687
2025-12-02,7.71581e-06,0.06372419,0.9245708,0.98829496,0.98829496,0.00030281907,0.017401697,0.0006591869
2025-12-03,7.5570297e-06,0.06449293,0.9238478,0.98834074,0.98834074,0.00029651792,0.017219696,0.0006481566
2025-12-04,7.653055e-06,0.063718274,0.9246301,0.98834836,0.98834836,0.000283129,0.016826438,0.0006568224
2025-12-05,7.675079e-06,0.06355954,0.92480963,0.98836917,0.98836917,0.000278468,0.016687362,0.00065989076
2025-12-08,7.440479e-06,0.065135255,0.9232137,0.98834896,0.98834896,0.00026798155,0.016370142,0.00063861074
2025-12-09,7.3009555e-06,0.066301025,0.9220727,0.98837376,0.98837376,0.00028198806,0.0167925,0.000627972
2025-12-10,7.1858717e-06,0.06578786,0.92277473,0.9885626,0.9885626,0.00027533053,0.016593087,0.00062827754
2025-12-11,7.4811237e-06,0.064647265,0.92373776,0.988385,0.988385,0.0002619968,0.016186316,0.0006440928
2025-12-12,7.324241e-06,0.06571202,0.9227328,0.9884448,0.9884448,0.00026415667,0.016252898,0.0006338483
2025-12-15,7.3052383e-06,0.065167084,0.9233289,0.98849595,0.98849595,0.00025166952,0.015864095,0.00063501426
2025-12-16,7.5257467e-06,0.0643081,0.9240958,0.9884039,0.9884039,0.00024769487,0.015738325,0.0006489904
2025-12-17,7.411165e-06,0.065882914,0.922438,0.98832095,0.98832095,0.00028646446,0.01692526,0.000634569
2025-12-18,7.4038403e-06,0.06490356,0.9234916,0.98839515,0.98839515,0.00028084777,0.016758513,0.0006379956
2025-12-19,7.446105e-06,0.06455051,0.9239014,0.9884519,0.9884519,0.00026756348,0.016357368,0.00064479036
2025-12-22,7.4723007e-06,0.064848244,0.92354363,0.9883919,0.9883919,0.0002596512,0.016113697,0.00064371305
2025-12-23,7.487556e-06,0.06452708,0.9238915,0.9884186,0.9884186,0.0002825031,0.016807828,0.00064651447
2025-12-24,7.160398e-06,0.06681369,0.92156637,0.9883801,0.9883801,0.0002709064,0.016459234,0.0006162172
2025-12-26,7.348149e-06,0.065048054,0.92344004,0.9884881,0.9884881,0.00025685644,0.01602674,0.00063830777
2025-12-29,7.422807e-06,0.06573282,0.92257106,0.9883039,0.9883039,0.00029633497,0.017214382,0.00063463947
2025-12-30,7.386356e-06,0.06541542,0.92293626,0.9883517,0.9883517,0.00031589982,0.01777357,0.00063411467
2025-12-31,6.7086635e-06,0.0685938,0.92011863,0.98871243,0.98871243,0.00029934378,0.017301554,0.0005943408
2026-01-02,6.9515936e-06,0.06767818,0.9208994,0.98857754,0.9885776,0.0002882352,0.01697749,0.00060859014
2026-01-05,7.344618e-06,0.06531955,0.92312574,0.9884453,0.9884453,0.00027265286,0.016512204,0.000635638
2026-01-06,7.445053e-06,0.064801045,0.92364186,0.9884429,0.9884429,0.00027804216,0.016674597,0.0006441972
2026-01-07,7.3320602e-06,0.06631158,0.9220606,0.9883722,0.9883722,0.00029243753,0.017100805,0.00063056336
2026-01-08,7.539715e-06,0.06476042,0.9235468,0.98830724,0.98830724,0.00030455855,0.017451607,0.000644819
2026-01-09,7.1998497e-06,0.06614889,0.92233896,0.98848784,0.98848784,0.000350588,0.018723994,0.00062541256
2026-01-12,7.2928606e-06,0.06618491,0.92225146,0.98843634,0.98843634,0.00036565878,0.019122206,0.0006306707
2026-01-13,7.1171653e-06,0.06721505,0.9211744,0.98838943,0.98838943,0.00034704083,0.018629031,0.0006129903
2026-01-14,7.2727553e-06,0.06599458,0.9224364,0.988431,0.988431,0.00037622155,0.019396432,0.0006286404
2026-01-15,7.1209215e-06,0.067180276,0.92128456,0.98846483,0.98846483,0.00036704345,0.019158378,0.00061732274
2026-01-16,7.1133427e-06,0.06842703,0.91983026,0.9882573,0.9882573,0.0004933112,0.022210611,0.00060576666
2026-01-20,7.443815e-06,0.064926066,0.92345446,0.98838055,0.98838055,0.00046195794,0.021493208,0.0006406341
2026-01-21,5.9944778e-06,0.07528613,0.91330475,0.9885909,0.9885909,0.0004482424,0.021171736,0.0005254118
2026-01-22,6.5325935e-06,0.07109919,0.9173821,0.98848134,0.9884813,0.00041682823,0.020416372,0.0005671315
2026-01-23,7.517896e-06,0.06637363,0.92169505,0.9880687,0.9880687,0.0004210064,0.02051844,0.0006300986
2026-01-26,7.3004458e-06,0.06636808,0.9219304,0.9882985,0.9882985,0.0004481978,0.021170683,0.00062388845
2026-01-27,5.924907e-06,0.0755188,0.9131049,0.9886237,0.9886237,0.00042421016,0.020596363,0.0005208104
2026-01-28,7.196762e-06,0.06725085,0.9210089,0.98825973,0.98825973,0.00045408477,0.021309266,0.00061299815
2026-01-29,7.120126e-06,0.06742643,0.9209138,0.98834026,0.98834026,0.00043646444,0.020891732,0.000610659
2026-01-30,4.67905e-06,0.08610806,0.90321326,0.9893213,0.98932135,0.00048759574,0.02208157,0.0004381663
2026-02-02,4.8779852e-06,0.08466472,0.9042763,0.988941,0.988941,0.00044610893,0.021121291,0.00044108793
2026-02-03,6.0965763e-06,0.077855155,0.9104817,0.98833686,0.98833686,0.0006071175,0.024639754,0.00052272173
2026-02-04,6.1667624e-06,0.073408365,0.91522115,0.9886295,0.9886295,0.00058092974,0.024102485,0.0005423485
2026-02-05,7.007139e-06,0.068074346,0.9202958,0.9883701,0.9883701,0.0006032021,0.024560172,0.00060251175
2026-02-06,7.463426e-06,0.067145005,0.92089283,0.9880378,0.9880378,0.0006195783,0.02489133,0.0006239188
2026-02-09,7.341995e-06,0.06563474,0.9227718,0.98840654,0.98840654,0.0005790298,0.024063038,0.0006332876
2026-02-10,7.1418244e-06,0.06652218,0.9219956,0.98851776,0.98851776,0.0005517906,0.023490222,0.00062198885
2026-02-11,7.2272965e-06,0.06652653,0.92186135,0.9883879,0.9883879,0.0005186773,0.022774488,0.00062239263
2026-02-12,7.3365536e-06,0.06562706,0.9227899,0.9884169,0.9884169,0.0004922736,0.02218724,0.00063338486
2026-02-13,7.5274393e-06,0.0661822,0.9219385,0.9881207,0.9881207,0.0005142549,0.022677189,0.00063365884
2026-02-17,7.64338e-06,0.06376373,0.92459536,0.9883591,0.9883591,0.00048165937,0.02194674,0.0006565966
2026-02-18,7.328236e-06,0.06534211,0.9231515,0.9884936,0.9884936,0.0004583599,0.021409342,0.00063688465
2026-02-19,6.6723105e-06,0.06990745,0.9186054,0.9885128,0.9885128,0.0005605855,0.023676688,0.00058084814
2026-02-20,7.0624005e-06,0.06722671,0.921251,0.9884777,0.9884777,0.0005458258,0.023362916,0.0006129336
2026-02-23,7.0907877e-06,0.067516,0.9209088,0.98842484,0.9884248,0.0005099525,0.022582127,0.00061258645
2026-02-24,7.1109157e-06,0.06697735,0.921479,0.98845637,0.98845637,0.0004768513,0.021836925,0.00061600335
2026-02-25,7.2153935e-06,0.06638691,0.92203975,0.9884266,0.9884267,0.00045396856,0.021306537,0.0006234477
2026-02-26,7.292576e-06,0.065750405,0.9227068,0.9884572,0.9884572,0.00042657947,0.020653801,0.00063178584
2026-02-27,7.2115463e-06,0.06594335,0.9226126,0.98855597,0.98855597,0.0004016845,0.020042067,0.0006301578
2026-03-02,6.9719345e-06,0.067776434,0.9207205,0.98849696,0.98849696,0.00042638317,0.020649048,0.0006060949
2026-03-03,5.528741e-06,0.07954227,0.9091223,0.98866457,0.98866457,0.00064914866,0.025478397,0.00048773974
2026-03-04,5.95188e-06,0.075874195,0.9126814,0.9885556,0.9885556,0.0007600077,0.027568238,0.0005200697
2026-03-05,6.593641e-06,0.07029107,0.91830313,0.9885942,0.9885942,0.000699689,0.026451634,0.00057809416
2026-03-06,5.719495e-06,0.07853272,0.9099341,0.9884668,0.9884668,0.00111475,0.033387873,0.0004959157
2026-03-09,6.1012906e-06,0.080259174,0.90740633,0.98766553,0.98766553,0.0020577454,0.04536238,0.0004946538
2026-03-10,5.082068e-06,0.09228335,0.8954491,0.98773247,0.98773247,0.0020112367,0.044846814,0.0004142699
2026-03-11,5.8925116e-06,0.08884719,0.8978485,0.98669565,0.98669565,0.003304894,0.057488207,0.00044290104
2026-03-12,5.3516937e-06,0.087538,0.9001557,0.9876937,0.9876937,0.003147483,0.056102432,0.00043487526
2026-03-13,5.4506977e-06,0.08849054,0.89886475,0.9873553,0.9873553,0.003587832,0.059898514,0.0004310655
2026-03-16,5.739666e-06,0.08480722,0.90269697,0.9875042,0.9875042,0.0033122932,0.057552524,0.00045932704
2026-03-17,6.0455336e-06,0.08182498,0.9056858,0.98751074,0.98751074,0.0032472939,0.05698503,0.00048405863
2026-03-18,5.7380194e-06,0.08058984,0.907597,0.98818684,0.98818684,0.0030127622,0.054888636,0.00048573097
2026-03-19,6.009288e-06,0.078536026,0.9095245,0.98806053,0.98806053,0.002740178,0.05234671,0.000503313
2026-03-20,6.118447e-06,0.07616901,0.91204464,0.98821366,0.98821366,0.0024986176,0.049986176,0.0005191133
2026-03-23,5.8024257e-06,0.079368666,0.90894175,0.9883104,0.9883104,0.0023224535,0.04819184,0.0004963749
2026-03-24,5.788681e-06,0.08822209,0.89893967,0.98716176,0.98716176,0.0030710842,0.055417363,0.0004508935
2026-03-25,5.630147e-06,0.08039056,0.9078891,0.9882797,0.9882797,0.0029575492,0.054383352,0.0004803757
2026-03-26,6.3604434e-06,0.078393966,0.909307,0.98770094,0.98770094,0.0027313284,0.052262112,0.0005171487
2026-03-27,5.9942136e-06,0.077718556,0.9104379,0.98815644,0.98815644,0.0026472535,0.051451467,0.0005061158
2026-03-30,6.0920147e-06,0.07767391,0.910378,0.9880519,0.9880519,0.0026339488,0.05132201,0.00050987274
2026-03-31,6.450198e-06,0.07412535,0.9140936,0.98821896,0.98821896,0.002482337,0.049823057,0.0005475068
2026-04-01,6.41044e-06,0.07565337,0.9124113,0.98806465,0.98806465,0.002292052,0.04787538,0.0005370968
2026-04-02,6.4586065e-06,0.07640404,0.9114329,0.98783696,0.98783696,0.0021099923,0.04593465,0.00053100253
2026-04-06,5.583251e-06,0.08270826,0.9053235,0.98803174,0.98803174,0.0028170515,0.053075902,0.00046650504
2026-04-07,6.3611487e-06,0.07618627,0.9118215,0.9880077,0.9880078,0.0025606174,0.050602544,0.00053043716
2026-04-08,5.9875633e-06,0.07772584,0.91055006,0.9882759,0.9882759,0.002342767,0.048402138,0.00051070494
2026-04-09,5.2830815e-06,0.09522484,0.8917716,0.9869965,0.9869965,0.0046445564,0.06815098,0.00040628063
2026-04-10,5.765608e-06,0.08106173,0.90694326,0.988005,0.988005,0.004268903,0.06533684,0.0004806669
2026-04-13,6.2278355e-06,0.07744965,0.9104487,0.98789835,0.98789835,0.0038924338,0.062389374,0.00051462697
2026-04-14,6.1908972e-06,0.07691314,0.9111129,0.988026,0.988026,0.00360014,0.06000117,0.0005170293
2026-04-15,6.276561e-06,0.07912086,0.9085606,0.98768145,0.98768145,0.0038064471,0.06169641,0.00050952105
2026-04-16,6.4070873e-06,0.07400138,0.91420424,0.9882056,0.9882056,0.0034646657,0.058861412,0.00054323184
2026-04-17,6.369088e-06,0.075029574,0.9130446,0.9880741,0.9880741,0.0032714854,0.0571969,0.0005340562
2026-04-20,6.127373e-06,0.082763895,0.9046754,0.98743933,0.98743933,0.0041067773,0.06408414,0.00048782234
2026-04-21,6.0720063e-06,0.07790186,0.9101484,0.9880502,0.9880502,0.004084127,0.063907176,0.00050812715
2026-04-22,5.9944673e-06,0.07915882,0.9089023,0.98806113,0.98806113,0.0037821273,0.061499003,0.0005020967
2026-04-23,6.259589e-06,0.075777404,0.9124093,0.9881867,0.9881867,0.003449612,0.0587334,0.0005298772
2026-04-24,6.3338675e-06,0.075822994,0.91222686,0.98804986,0.98804986,0.003223642,0.056777127,0.00053002476
2026-04-27,6.5511476e-06,0.07410625,0.91402817,0.98813444,0.98813444,0.0029651998,0.05445365,0.0005521147
2026-04-28,6.5899426e-06,0.07257767,0.9156413,0.98821896,0.98821896,0.0027477145,0.052418645,0.00055936864
2026-04-29,6.4742508e-06,0.073665544,0.91452307,0.9881886,0.9881886,0.0026167636,0.05115431,0.0005481369
2026-04-30,6.071567e-06,0.0774553,0.9106924,0.9881477,0.9881477,0.0027302348,0.05225165,0.00051226804
2026-05-01,6.583241e-06,0.074278966,0.9137479,0.98802686,0.98802686,0.0025157058,0.050156813,0.000549834
2026-05-04,6.4571022e-06,0.076440096,0.9114437,0.9878838,0.9878838,0.0023743142,0.048726935,0.0005329316
2026-05-05,6.2323757e-06,0.07553163,0.91271627,0.98824793,0.9882479,0.002310346,0.04806606,0.00053032156
2026-05-06,6.4948777e-06,0.07498548,0.9130299,0.9880154,0.9880154,0.0022358666,0.04728495,0.0005419359
2026-05-07,6.356449e-06,0.07780945,0.90997523,0.9877847,0.9877847,0.002448995,0.04948732,0.0005203671
2026-05-08,6.592723e-06,0.07254096,0.91567296,0.9882139,0.9882139,0.0022356203,0.047282346,0.0005593641
2026-05-11,6.620866e-06,0.07182557,0.9164575,0.98828304,0.98828304,0.002056456,0.045348164,0.00056506676
2026-05-12,6.6642524e-06,0.072360195,0.91579527,0.9881555,0.9881555,0.0019442394,0.04409353,0.00056264456
2026-05-13,6.30044e-06,0.074474715,0.9138193,0.988294,0.988294,0.0019077389,0.04367767,0.00053822336
2026-05-14,6.697395e-06,0.07287597,0.91525346,0.98812944,0.98812944,0.0017597469,0.04194934,0.00056420197
2026-05-15,6.795169e-06,0.07044739,0.9178886,0.98833597,0.98833597,0.0016174249,0.04021722,0.0005825746
2026-05-18,6.5855384e-06,0.07192103,0.916372,0.98829305,0.98829305,0.0016093245,0.04011639,0.00056253246
2026-05-19,6.716127e-06,0.07108712,0.91720074,0.98828787,0.98828787,0.0015461976,0.03932172,0.00057343324
2026-05-20,6.6613406e-06,0.07153594,0.916811,0.98834693,0.98834693,0.0014299807,0.037815087,0.00057163846
2026-05-21,6.2982285e-06,0.0773386,0.9106064,0.98794496,0.98794496,0.0019313585,0.043947224,0.0005224561
2026-05-22,6.5730997e-06,0.07324689,0.9149392,0.9881861,0.9881861,0.0017955337,0.04237374,0.00055638794
2026-05-26,6.499989e-06,0.07186795,0.9165627,0.9884306,0.9884306,0.0016497829,0.040617518,0.00056182686
2026-05-27,6.4716933e-06,0.07586372,0.91209924,0.98796296,0.98796296,0.0015777978,0.039721504,0.0005376483
2026-05-28,6.7913406e-06,0.07189692,0.91620165,0.98809856,0.98809856,0.0016949036,0.041169208,0.00057063194
2026-05-29,7.050484e-06,0.06883248,0.91940063,0.9882331,0.9882331,0.0015600255,0.03949716,0.00059917883
2026-06-01,6.9688713e-06,0.070019625,0.9181514,0.988171,0.988171,0.0014629349,0.03824833,0.00058913353
2026-06-02,6.5083664e-06,0.072940096,0.91533875,0.98827887,0.98827887,0.0015487131,0.03935369,0.0005552676
2026-06-03,6.7465653e-06,0.07075785,0.91759384,0.9883517,0.9883517,0.0014451203,0.03801474,0.000579189
2026-06-04,6.774741e-06,0.070851974,0.9174569,0.9883089,0.9883089,0.0013721222,0.037042167,0.0005794788
2026-06-05,6.8928416e-06,0.071759135,0.91631126,0.9880704,0.98807037,0.0013371294,0.03656678,0.00057779456
2026-06-08,6.904849e-06,0.06970175,0.91865504,0.98835677,0.98835677,0.0012862927,0.035864923,0.0005930355
2026-06-09,6.9712014e-06,0.068509765,0.9199392,0.988449,0.988449,0.0011931608,0.03454216,0.0006035138
2026-06-10,7.1290206e-06,0.06861277,0.9196146,0.98822737,0.98822737,0.0011874895,0.03445997,0.00060555874
2026-06-11,7.0796664e-06,0.06787778,0.9204634,0.98834115,0.98834115,0.0011274301,0.033577226,0.00060723553
2026-06-12,7.103514e-06,0.068608746,0.91967297,0.9882817,0.9882817,0.00109195,0.033044666,0.00060619117
2026-06-15,7.1805184e-06,0.0684332,0.919774,0.9882072,0.9882072,0.001086217,0.032957807,0.00060889113
2026-06-16,7.110824e-06,0.06959732,0.91851246,0.98810977,0.98810977,0.0011781512,0.034324206,0.00059803907
2026-06-17,7.048624e-06,0.06956029,0.9186224,0.98818266,0.98818266,0.001341524,0.03662682,0.0005964647
2026-06-18,7.1782283e-06,0.06709424,0.9212403,0.98833454,0.98833454,0.0012456081,0.035293173,0.0006153402
2026-06-22,7.2889293e-06,0.066757716,0.92155457,0.9883123,0.9883123,0.0011551775,0.033987902,0.00062364124
2026-06-23,7.1738773e-06,0.067965545,0.920334,0.98829955,0.98829955,0.0011095038,0.033309214,0.00061312824
2026-06-24,7.147972e-06,0.06734254,0.92106247,0.988405,0.988405,0.0010611577,0.032575414,0.00061646965
2026-06-25,7.2289004e-06,0.06776446,0.92050385,0.9882683,0.9882683,0.0010935295,0.033068556,0.00061618607
2026-06-26,7.1935497e-06,0.06712247,0.9212136,0.9883361,0.9883361,0.0010465521,0.03235046,0.0006167355
2026-06-29,7.129217e-06,0.06874554,0.9195092,0.9882547,0.9882547,0.0010700526,0.03271166,0.000606986
2026-06-30,7.0016144e-06,0.068043776,0.9203905,0.98843426,0.98843426,0.0010227708,0.031980786,0.00060537516
2026-07-01,7.264066e-06,0.06714437,0.92118955,0.98833394,0.98833394,0.00097055343,0.031153707,0.0006226666
2026-07-02,7.2231205e-06,0.06743218,0.9208866,0.98831874,0.98831874,0.0009136811,0.030227158,0.0006183512
2026-07-06,7.3025085e-06,0.06619308,0.92221636,0.98840946,0.98840946,0.00084874535,0.029133234,0.00063004036
2026-07-07,7.0843807e-06,0.067292914,0.9211812,0.98847413,0.98847413,0.000790373,0.028113574,0.00061465043
2026-07-08,7.223719e-06,0.06713073,0.9212245,0.9883552,0.9883552,0.0007840711,0.02800127,0.00062033965
2026-07-09,6.1490123e-06,0.07431724,0.91427684,0.98859406,0.98859406,0.0008511146,0.029173868,0.0005391059
2026-07-10,6.812004e-06,0.07045644,0.9179233,0.9883797,0.9883797,0.0008140869,0.028532207,0.0005862167
2026-07-13,7.1542813e-06,0.06728218,0.92114866,0.98843086,0.98843086,0.0007605434,0.027577952,0.0006183934
2026-07-14,6.0563266e-06,0.07604217,0.9123926,0.9884348,0.9884348,0.0012506067,0.03536392,0.0005236677
2026-07-15,6.399892e-06,0.07244384,0.91609865,0.9885425,0.9885425,0.0011642148,0.034120593,0.0005585765
2026-07-16,6.9892762e-06,0.068401605,0.92002654,0.9884282,0.9884281,0.0010736021,0.03276587,0.00060399086
2026-07-17,6.743421e-06,0.07012755,0.91833794,0.9884655,0.9884655,0.0009996014,0.031616475,0.00058462995
2026-07-20,6.698886e-06,0.07073656,0.9176706,0.9884072,0.98840714,0.0010581724,0.032529563,0.0005778486
2026-07-21,6.7467518e-06,0.06993656,0.9185343,0.98847085,0.98847085,0.0009830976,0.031354386,0.00058519084
2026-07-22,6.646829e-06,0.070678934,0.9178073,0.98848623,0.98848623,0.00093702355,0.03061084,0.0005772939
2026-07-23,6.9349217e-06,0.06893551,0.9194589,0.98839444,0.98839444,0.00090124307,0.03002071,0.00059755164
2026-07-24,6.288554e-06,0.07359095,0.9148846,0.98847556,0.98847556,0.0010809643,0.032878023,0.00054567115
2026-07-27,6.6489865e-06,0.07314776,0.9150006,0.9881484,0.9881484,0.0010704928,0.032718387,0.00056101975
2026-07-28,6.8260024e-06,0.070716016,0.91757417,0.9882902,0.9882902,0.0014337061,0.037864313,0.0005829303
2026-07-29,6.719685e-06,0.0702324,0.91823465,0.98846704,0.98846704,0.0014449442,0.038012423,0.0005826504
2026-07-30,6.1942656e-06,0.07424409,0.9142499,0.988494,0.988494,0.001614986,0.04018689,0.0005383499
2026-07-31,6.851349e-06,0.07182761,0.9162563,0.9880839,0.9880839,0.0014910252,0.038613796,0.00057496567
2026-08-03,6.9562684e-06,0.069738306,0.91851467,0.988253,0.988253,0.0013844146,0.037207723,0.0005921739
2026-08-04,6.7861397e-06,0.074753396,0.91303563,0.98778903,0.98778903,0.0014724801,0.038372908,0.0005557415
2026-08-05,6.932684e-06,0.07052022,0.9176561,0.98817635,0.98817635,0.0016096985,0.04012105,0.0005863402
2026-08-06,7.2286894e-06,0.06694644,0.921397,0.9883434,0.9883434,0.001488074,0.038575564,0.00062013796
2026-08-07,7.0044302e-06,0.06818554,0.9202012,0.98838675,0.98838675,0.0014268117,0.037773162,0.00060314126
2026-08-10,7.1613144e-06,0.06723375,0.92113227,0.988366,0.988366,0.0013285283,0.03644898,0.0006155509
2026-08-11,6.2782997e-06,0.07384854,0.9145788,0.98842734,0.98842734,0.0013926775,0.037318595,0.0005425114
2026-08-12,6.847913e-06,0.069490746,0.9189078,0.98839855,0.98839855,0.0012919134,0.0359432,0.00059026363
2026-08-13,7.057205e-06,0.06767628,0.9207561,0.9884324,0.9884324,0.0011940225,0.03455463,0.00061008416
2026-08-14,7.133481e-06,0.06766992,0.9206955,0.9883654,0.9883654,0.00114807,0.03388318,0.0006131271
2026-08-17,6.978293e-06,0.06822225,0.92021054,0.98843277,0.98843277,0.001077074,0.032818805,0.000603281
2026-08-18,6.6266684e-06,0.070452854,0.91805357,0.98850644,0.98850644,0.0010405062,0.03225688,0.00057655474
2026-08-19,6.864273e-06,0.06865901,0.91984576,0.98850477,0.98850477,0.0009635971,0.03104186,0.00059714087
2026-08-20,7.056036e-06,0.067996055,0.92038476,0.98838085,0.9883808,0.0009003476,0.030005792,0.0006072764
2026-08-21,6.742386e-06,0.069691725,0.9188158,0.9885075,0.9885075,0.0008710578,0.029513689,0.0005866775
2026-08-24,6.870365e-06,0.06850896,0.9200147,0.98852366,0.98852366,0.00081278424,0.028509371,0.0005986548
2026-08-25,7.1178883e-06,0.06863489,0.91963273,0.9882676,0.9882676,0.000794325,0.028183773,0.0006066865
2026-08-26,7.185031e-06,0.06692916,0.92147785,0.988407,0.988407,0.0008074806,0.028416203,0.00061977404
2026-08-27,7.1146837e-06,0.06695484,0.9214974,0.98845226,0.98845226,0.00075148174,0.027413167,0.0006161103
2026-08-28,7.1212594e-06,0.06691739,0.9215332,0.98845065,0.98845065,0.00071557995,0.026750326,0.00061659375
