Date,omega,alpha,beta,rho,persistence,sigma2,sigma,sigma_bar2
2021-06-24,1.0129684e-06,0.07511478,0.9167736,0.9918884,0.9918884,0.00013289324,0.011527933,0.00012487905
2021-06-25,6.395532e-07,0.11972504,0.8731482,0.99287325,0.99287325,0.00012529755,0.011193639,8.973983e-05
2021-06-28,7.876816e-07,0.096096575,0.89642215,0.9925187,0.9925187,0.000111394824,0.010554374,0.00010528705
2021-06-29,7.2267886e-07,0.1048837,0.8877814,0.99266505,0.99266505,0.00010096576,0.0100481715,9.852543e-05
2021-06-30,7.0248365e-07,0.12000938,0.8724923,0.9925017,0.9925017,9.0371235e-05,0.009506378,9.368542e-05
2021-07-01,1.9946538e-06,0.07172131,0.9171226,0.9888439,0.9888439,7.960232e-05,0.008922013,0.00017879518
2021-07-02,7.8678215e-07,0.1231967,0.86882967,0.9920264,0.9920264,7.7041805e-05,0.008777346,9.867325e-05
2021-07-06,7.4270184e-07,0.12134092,0.8709411,0.99228203,0.99228203,7.4522366e-05,0.008632634,9.6230244e-05
2021-07-07,1.6839363e-06,0.07048448,0.9192349,0.98971933,0.98971933,6.61368e-05,0.008132454,0.00016379637
2021-07-08,8.203043e-07,0.10967258,0.88242954,0.99210215,0.99210215,6.3266634e-05,0.007954032,0.00010386421
2021-07-09,2.2958652e-06,0.047038745,0.94171214,0.9887509,0.9887509,6.432604e-05,0.008020352,0.00020409278
2021-07-12,5.7064153e-07,0.120505795,0.8727512,0.993257,0.993257,6.799234e-05,0.008245747,8.462707e-05
2021-07-13,6.4850593e-07,0.12172193,0.8710633,0.9927852,0.9927852,6.1296e-05,0.007829176,8.9885696e-05
2021-07-14,1.2589381e-06,0.078714505,0.9121971,0.9909116,0.9909116,5.561888e-05,0.0074578067,0.00013852147
2021-07-15,1.1941995e-06,0.08296941,0.90811455,0.991084,0.991084,5.2128515e-05,0.007220008,0.00013393862
2021-07-16,1.070065e-06,0.09184982,0.8994855,0.99133533,0.99133533,4.9612197e-05,0.0070435926,0.00012349752
2021-07-19,3.5968108e-06,0.04193653,0.9442866,0.9862231,0.9862231,5.1662286e-05,0.007187648,0.0002610755
2021-07-20,8.563206e-06,0.021360414,0.95948297,0.98084337,0.98084337,6.189653e-05,0.007867435,0.00044700995
2021-07-21,7.944116e-07,0.09340795,0.89909947,0.9925074,0.9925074,7.2164454e-05,0.008494967,0.000106026135
2021-07-22,5.9863396e-07,0.11358529,0.8796194,0.9932047,0.9932047,7.147505e-05,0.008454292,8.809546e-05
2021-07-23,6.620874e-07,0.11457617,0.8782444,0.99282056,0.99282056,6.388235e-05,0.007992643,9.221994e-05
2021-07-26,5.698884e-07,0.11693035,0.8763882,0.99331856,0.99331856,6.833897e-05,0.008266739,8.529422e-05
2021-07-27,5.64507e-07,0.1658506,0.82674694,0.9925975,0.9925975,6.1062005e-05,0.007814218,7.625917e-05
2021-07-28,2.8095274e-06,0.0678414,0.9190078,0.9868492,0.9868492,5.4794666e-05,0.007402342,0.0002136391
2021-07-29,1.4611236e-06,0.11489004,0.8744881,0.98937815,0.98937815,5.3190313e-05,0.007293169,0.00013755835
2021-07-30,1.0746743e-06,0.13382307,0.8566772,0.9905003,0.9905002,4.9771115e-05,0.0070548644,0.000113126844
2021-08-02,4.567486e-06,0.054514352,0.9292846,0.9837989,0.9837989,4.7130212e-05,0.0068651447,0.00028192482
2021-08-03,3.2470864e-06,0.0730696,0.9125736,0.9856432,0.98564315,4.8649657e-05,0.0069749304,0.00022617076
2021-08-04,1.4052881e-06,0.111239016,0.8784267,0.9896657,0.9896657,5.2223575e-05,0.007226588,0.00013598273
2021-08-05,1.8607684e-06,0.09325952,0.8952955,0.988555,0.988555,5.01919e-05,0.007084624,0.00016258372
2021-08-06,8.665193e-07,0.14454645,0.84670395,0.9912504,0.9912504,5.0298888e-05,0.007092171,9.903526e-05
2021-08-09,1.6726492e-06,0.105489165,0.88340235,0.9888915,0.9888915,4.3765303e-05,0.006615535,0.00015057357
2021-08-10,1.414621e-06,0.121728525,0.86765003,0.9893786,0.9893786,4.0440358e-05,0.0063592736,0.00013318557
2021-08-11,2.544001e-06,0.09387776,0.8927462,0.986624,0.986624,3.66389e-05,0.0060530077,0.0001901915
2021-08-12,1.839099e-06,0.11503047,0.873049,0.9880795,0.9880795,3.57483e-05,0.005978988,0.0001542802
2021-08-13,1.8800207e-06,0.12360242,0.8640977,0.9877001,0.9877001,3.395552e-05,0.0058271363,0.00015284852
2021-08-16,2.299766e-06,0.11214488,0.8745976,0.9867425,0.9867425,3.155043e-05,0.005616977,0.00017346902
2021-08-17,4.653397e-06,0.06578869,0.9173608,0.98314947,0.98314947,3.042007e-05,0.005515439,0.00027615728
2021-08-18,4.603145e-06,0.050854925,0.933043,0.9838979,0.9838979,3.5567926e-05,0.005963885,0.00028587278
2021-08-19,4.6742357e-06,0.04660391,0.9373951,0.983999,0.983999,4.415823e-05,0.006645166,0.00029212172
2021-08-20,3.9958622e-06,0.06132647,0.923258,0.98458445,0.98458445,4.615436e-05,0.0067937,0.00025920986
2021-08-23,1.3049889e-06,0.11340854,0.8766263,0.9900349,0.9900349,5.028235e-05,0.007091005,0.00013095564
2021-08-24,7.9978264e-07,0.14330542,0.8483302,0.9916356,0.9916356,5.3718268e-05,0.007329275,9.561769e-05
2021-08-25,1.0567198e-06,0.13827425,0.8521981,0.9904724,0.9904724,4.66518e-05,0.006830212,0.00011091116
2021-08-26,1.3560567e-06,0.1360902,0.85319245,0.98928267,0.98928267,4.1318137e-05,0.0064279186,0.00012652931
2021-08-27,2.9873343e-06,0.07403352,0.9121559,0.9861894,0.9861894,4.1682368e-05,0.0064561884,0.00021630774
2021-08-30,1.2624428e-06,0.11573106,0.87441903,0.9901501,0.9901501,4.663215e-05,0.0068287738,0.000128168
2021-08-31,8.7948047e-07,0.15039074,0.8406877,0.99107844,0.99107844,4.4082455e-05,0.006639462,9.8579185e-05
2021-09-01,3.1667792e-06,0.07644824,0.9092776,0.9857259,0.9857259,3.8357513e-05,0.0061933445,0.0002218546
2021-09-02,1.7610544e-06,0.1169038,0.8714043,0.9883081,0.9883081,3.8053553e-05,0.006168756,0.00015062139
2021-09-03,1.3576245e-06,0.13870715,0.8505037,0.98921084,0.98921084,3.5895107e-05,0.0059912526,0.00012583232
2021-09-07,3.6493866e-06,0.092320636,0.891703,0.98402363,0.98402363,3.1911975e-05,0.0056490684,0.00022842402
2021-09-08,5.6251483e-06,0.06380968,0.91763186,0.98144156,0.98144156,3.3415672e-05,0.005780629,0.00030310455
2021-09-09,4.8904403e-06,0.07096436,0.9114495,0.9824138,0.9824138,3.6414287e-05,0.006034425,0.00027808442
2021-09-10,5.3867616e-06,0.06198765,0.9199262,0.98191386,0.98191386,3.9501203e-05,0.0062849983,0.0002978393
2021-09-13,6.9828156e-06,0.04072952,0.9401093,0.98083884,0.98083884,4.5793167e-05,0.006767065,0.00036442542
2021-09-14,4.049571e-06,0.06342978,0.9209669,0.9843967,0.9843967,5.0262282e-05,0.0070895897,0.0002595329
2021-09-15,4.966413e-06,0.049760513,0.9335411,0.98330164,0.98330164,5.232616e-05,0.007233682,0.0002974192
2021-09-16,1.7139115e-06,0.092515215,0.89660025,0.9891155,0.9891155,5.7106117e-05,0.007556859,0.00015746316
2021-09-17,2.924718e-06,0.06681896,0.9198068,0.98662573,0.98662573,5.3205727e-05,0.0072942255,0.00021868246
2021-09-20,4.0407563e-06,0.04198005,0.9434191,0.9853991,0.9853991,6.345828e-05,0.00796607,0.00027674757
2021-09-21,6.4685905e-06,0.029543523,0.9530103,0.98255384,0.98255384,7.6040975e-05,0.008720147,0.00037077445
2021-09-22,2.1031526e-06,0.062681556,0.92601055,0.9886921,0.9886921,7.8974175e-05,0.0088867415,0.00018598975
2021-09-23,1.6655084e-06,0.07428607,0.91540945,0.98969555,0.98969555,8.091749e-05,0.008995415,0.00016163
2021-09-24,6.4153346e-07,0.1244633,0.8683423,0.9928056,0.9928056,8.6242595e-05,0.00928669,8.9171226e-05
2021-09-27,8.0299066e-07,0.113486774,0.8786593,0.9921461,0.9921461,7.57951e-05,0.008706038,0.00010224068
2021-09-28,1.2214314e-06,0.09910028,0.8915152,0.9906155,0.9906155,6.8457055e-05,0.008273878,0.00013015395
2021-09-29,4.308542e-06,0.03457844,0.95084673,0.9854252,0.9854252,0.00010407397,0.010201666,0.00029561535
2021-09-30,9.34741e-07,0.090155385,0.9017856,0.991941,0.991941,0.00010334436,0.010165843,0.00011598686
2021-10-01,5.1494e-06,0.032435846,0.9517639,0.98419976,0.98419976,0.000108177795,0.010400856,0.00032590647
2021-10-04,1.1876381e-06,0.07934515,0.9118216,0.9911668,0.9911668,0.00011249533,0.010606381,0.00013445117
2021-10-05,3.2582452e-06,0.03625771,0.95094824,0.9872059,0.9872059,0.00011751584,0.010840472,0.00025466824
2021-10-06,6.9309436e-07,0.09841343,0.8945111,0.9929245,0.9929245,0.00011875675,0.010897557,9.7957105e-05
2021-10-07,9.97291e-07,0.07557942,0.9163136,0.991893,0.991893,0.0001084672,0.010414759,0.00012301593
2021-10-08,5.418517e-07,0.12728819,0.86604786,0.9933361,0.9933361,0.000105749554,0.01028346,8.131127e-05
2021-10-11,9.2968355e-07,0.08275406,0.9093069,0.99206096,0.99206096,9.264071e-05,0.009625005,0.000117102754
2021-10-12,1.049203e-06,0.08104434,0.91056585,0.99161017,0.99161017,8.976336e-05,0.009474353,0.00012505651
2021-10-13,1.696263e-06,0.06689928,0.9228344,0.9897337,0.9897337,8.335378e-05,0.009129829,0.00016522626
2021-10-14,1.3007317e-06,0.08185257,0.90886104,0.9907136,0.9907136,7.9393976e-05,0.00891033,0.0001400684
2021-10-15,4.921192e-07,0.14062448,0.85281277,0.99343723,0.99343723,9.5730626e-05,0.009784203,7.498652e-05
2021-10-18,5.8155354e-07,0.12163075,0.8715568,0.99318755,0.99318755,8.9836256e-05,0.009478199,8.536624e-05
2021-10-19,6.2880986e-07,0.121580824,0.87132543,0.9929063,0.9929063,7.981272e-05,0.008933797,8.864308e-05
2021-10-20,5.1390236e-07,0.15248561,0.84064865,0.99313426,0.99313426,7.7010336e-05,0.008775554,7.485025e-05
2021-10-21,5.7264225e-07,0.1481323,0.84470904,0.99284136,0.99284136,6.7379326e-05,0.008208491,7.9993195e-05
2021-10-22,7.441197e-07,0.15066403,0.84111196,0.991776,0.991776,5.835569e-05,0.0076390896,9.0481364e-05
2021-10-25,2.223423e-06,0.08378209,0.904041,0.98782307,0.98782307,5.0052815e-05,0.0070748013,0.00018259305
2021-10-26,7.1635264e-07,0.14971907,0.84221953,0.9919386,0.9919386,4.970663e-05,0.0070502926,8.886196e-05
2021-10-27,2.3438047e-06,0.08433797,0.90315044,0.9874884,0.9874884,4.265662e-05,0.0065312036,0.00018733037
2021-10-28,3.2793785e-06,0.059924494,0.92615366,0.98607814,0.98607814,4.2673524e-05,0.0065324977,0.00023555612
2021-10-29,6.5315214e-07,0.15885454,0.833302,0.99215657,0.99215657,4.811596e-05,0.006936567,8.327374e-05
2021-11-01,2.068239e-06,0.08954459,0.8985845,0.9881291,0.9881291,4.128708e-05,0.0064255022,0.00017422735
2021-11-02,1.195887e-06,0.13805896,0.85183185,0.9898908,0.9898908,3.93787e-05,0.006275245,0.00011829706
2021-11-03,1.5333852e-06,0.12154584,0.86742944,0.9889753,0.9889753,3.6785816e-05,0.006065131,0.00013908617
2021-11-04,1.1968624e-06,0.1463185,0.8434067,0.9897252,0.9897252,3.7675323e-05,0.0061380225,0.000116484916
2021-11-05,1.6256976e-06,0.13377179,0.85459805,0.9883698,0.9883698,3.595661e-05,0.0059963833,0.0001397827
2021-11-08,2.4027509e-06,0.10708047,0.8796142,0.98669463,0.98669463,3.3791744e-05,0.005813067,0.0001805851
2021-11-09,1.8395958e-06,0.12589602,0.8619185,0.98781455,0.98781455,3.2174223e-05,0.0056722327,0.00015096653
2021-11-10,2.8226557e-06,0.09903223,0.88671595,0.9857482,0.9857482,3.111007e-05,0.00557764,0.00019805568
2021-11-11,5.8457736e-06,0.05327894,0.9283879,0.9816668,0.9816668,3.716976e-05,0.0060967007,0.00031886276
2021-11-12,1.715299e-06,0.14191599,0.8458563,0.9877723,0.9877723,4.0354746e-05,0.0063525387,0.00014027962
2021-11-15,2.8660043e-06,0.0993059,0.8863821,0.985688,0.985688,4.3481083e-05,0.0065940185,0.00020025142
2021-11-16,2.805302e-06,0.10409023,0.88156724,0.98565745,0.98565745,4.1409305e-05,0.0064350064,0.00019559302
2021-11-17,2.461407e-06,0.106789745,0.879693,0.98648274,0.98648274,4.078559e-05,0.0063863597,0.00018209362
2021-11-18,2.8776763e-06,0.10160898,0.8839108,0.98551977,0.98551977,3.9071892e-05,0.006250751,0.00019873134
2021-11-19,2.1145097e-06,0.11815811,0.8690046,0.9871627,0.9871627,3.8457645e-05,0.006201423,0.0001647162
2021-11-22,4.5574952e-06,0.07620847,0.9066101,0.98281854,0.98281854,3.599539e-05,0.005999616,0.00026525665
2021-11-23,6.10442e-06,0.05582812,0.9253054,0.9811335,0.9811335,3.7879232e-05,0.006154611,0.00032355904
2021-11-24,4.642333e-06,0.07150569,0.9113925,0.9828982,0.9828982,4.12268e-05,0.00642081,0.0002714525
2021-11-26,2.9139749e-06,0.096983746,0.8886361,0.98561984,0.98561984,4.2656236e-05,0.0065311743,0.00020263859
2021-11-29,9.831858e-06,0.02547944,0.95342284,0.9789023,0.9789023,9.097549e-05,0.009538108,0.0004660152
2021-11-30,6.859036e-07,0.12930274,0.8631663,0.992469,0.992469,0.000100243036,0.010012144,9.107752e-05
2021-12-01,6.396e-06,0.027708689,0.9551347,0.9828434,0.9828434,0.00013808253,0.011750852,0.00037280112
2021-12-02,4.764308e-06,0.035970632,0.9485709,0.98454154,0.98454154,0.0001418559,0.011910328,0.0003082006
2021-12-03,8.108795e-07,0.099300824,0.89303845,0.99233925,0.99233925,0.00014743405,0.012142243,0.00010584862
2021-12-06,2.2593067e-06,0.049170718,0.93956476,0.9887355,0.9887355,0.00014038464,0.011848402,0.0002005687
2021-12-07,6.86413e-07,0.10429951,0.88856184,0.99286133,0.99286133,0.00014076289,0.011864354,9.615419e-05
2021-12-08,4.6727757e-07,0.14063281,0.85290116,0.99353397,0.99353397,0.00016869463,0.01298825,7.226652e-05
2021-12-09,5.8202903e-07,0.12484415,0.8682847,0.99312884,0.99312884,0.00014519754,0.012049794,8.470604e-05
2021-12-10,7.1389155e-07,0.09541173,0.8974264,0.99283814,0.99283814,0.00013270219,0.0115196435,9.967969e-05
2021-12-13,5.431526e-07,0.12410424,0.8692634,0.9933677,0.9933677,0.00012785205,0.011307168,8.1894716e-05
2021-12-14,9.38166e-07,0.0738507,0.918325,0.9921757,0.9921757,0.000121919475,0.011041715,0.00011990412
2021-12-15,2.5833433e-06,0.0436273,0.9445849,0.9882122,0.9882122,0.00011661138,0.010798675,0.00021915449
2021-12-16,6.7287846e-07,0.10334276,0.8895834,0.9929262,0.9929262,0.00012297057,0.0110892095,9.512236e-05
2021-12-17,1.7182817e-06,0.050001267,0.94012964,0.9901309,0.9901309,0.000118516444,0.010886526,0.00017410726
2021-12-20,3.5949133e-06,0.0305322,0.956429,0.9869612,0.9869612,0.00012349646,0.011112896,0.00027570862
2021-12-21,2.4397752e-06,0.038581464,0.950224,0.9888055,0.9888055,0.00012532191,0.011194726,0.00021794357
2021-12-22,5.241312e-07,0.123635255,0.8697742,0.99340945,0.99340945,0.00013322842,0.011542462,7.952775e-05
2021-12-23,6.0059733e-07,0.10649888,0.88677996,0.99327886,0.99327886,0.00012818881,0.011322049,8.9359455e-05
2021-12-27,6.059824e-07,0.108726956,0.8845034,0.9932304,0.9932304,0.0001181321,0.0108688595,8.951528e-05
2021-12-28,4.3632883e-07,0.14778705,0.8459338,0.9937208,0.9937208,0.00012600339,0.011225123,6.948829e-05
2021-12-29,6.293034e-07,0.12313191,0.8697271,0.992859,0.992859,0.0001071755,0.01035256,8.812546e-05
2021-12-30,6.819375e-07,0.12086742,0.8717659,0.99263334,0.99263334,9.398984e-05,0.009694836,9.2570815e-05
2021-12-31,9.1408924e-07,0.09894394,0.8929081,0.99185205,0.99185205,8.36736e-05,0.009147327,0.00011218634
2022-01-03,1.5065075e-06,0.07802037,0.91209763,0.990118,0.990118,7.635292e-05,0.008738016,0.00015245007
2022-01-04,1.7548356e-06,0.08644587,0.90270567,0.98915154,0.98915154,7.358395e-05,0.008578109,0.00016175892
2022-01-05,2.5839224e-06,0.06722654,0.9202197,0.98744625,0.98744625,6.820289e-05,0.008258504,0.0002058287
2022-01-06,7.551054e-06,0.02306511,0.9587951,0.98186016,0.98186016,9.110362e-05,0.009544821,0.00041626906
2022-01-07,2.1352732e-06,0.057502687,0.9313052,0.9888079,0.9888079,9.492996e-05,0.009743201,0.00019078425
2022-01-10,2.425681e-06,0.05112316,0.93714386,0.988267,0.988267,9.153282e-05,0.009567278,0.00020674014
2022-01-11,3.766021e-06,0.04578506,0.93989307,0.98567814,0.98567814,8.8309724e-05,0.009397325,0.00026295608
2022-01-12,9.584402e-07,0.09368469,0.8981002,0.9917849,0.9917849,9.0379406e-05,0.009506809,0.00011666769
2022-01-13,1.2604809e-06,0.09370731,0.89689547,0.9906028,0.9906028,8.2720544e-05,0.009095084,0.00013413354
2022-01-14,3.696017e-06,0.037566774,0.94872975,0.98629653,0.98629653,9.397601e-05,0.009694123,0.00026971404
2022-01-18,1.6466466e-06,0.0683869,0.92147404,0.98986095,0.98986095,9.285573e-05,0.009636167,0.00016240643
2022-01-19,4.039875e-06,0.029767113,0.9564613,0.9862284,0.9862284,0.00010950054,0.010464251,0.0002933484
2022-01-20,4.2038046e-06,0.032808907,0.95289934,0.98570824,0.98570824,0.00011213222,0.01058925,0.00029414176
2022-01-21,9.220063e-06,0.024175946,0.9555056,0.97968155,0.97968155,0.00011525515,0.010735695,0.00045377787
2022-01-24,1.4182785e-05,0.013549493,0.96313715,0.97668666,0.97668666,0.0001290283,0.011359062,0.0006083548
2022-01-25,1.3283042e-05,0.025203725,0.95001525,0.97521895,0.97521895,0.00013867723,0.01177613,0.00053601613
2022-01-26,7.515736e-06,0.022276165,0.9596874,0.9819636,0.9819636,0.00014894742,0.012204402,0.00041669764
2022-01-27,6.8511463e-06,0.03320433,0.94845337,0.9816577,0.9816577,0.00015062078,0.012272766,0.00037351588
2022-01-28,4.591579e-06,0.038166493,0.9465133,0.9846798,0.9846798,0.00015058367,0.012271253,0.00029970787
2022-01-31,1.5241891e-06,0.0720207,0.91817325,0.99019396,0.99019396,0.00016974453,0.013028604,0.00015543375
2022-02-01,9.888977e-07,0.08266035,0.9091884,0.99184877,0.9918487,0.0001798543,0.013410977,0.00012131878
2022-02-02,9.179174e-07,0.08385524,0.90828085,0.99213606,0.9921361,0.00016805538,0.012963617,0.00011672489
2022-02-03,6.410825e-07,0.1096257,0.8833574,0.9929831,0.9929831,0.00016109837,0.012692453,9.136268e-05
2022-02-04,2.6158161e-06,0.034858514,0.9538427,0.9887012,0.9887012,0.00020594052,0.014350628,0.00023151323
2022-02-07,1.0856568e-06,0.06495031,0.9268581,0.9918084,0.9918084,0.00019975839,0.014133591,0.00013253317
2022-02-08,1.3721169e-06,0.056818686,0.9342155,0.99103415,0.99103415,0.00018698409,0.013674213,0.00015303813
2022-02-09,1.2343694e-06,0.060815744,0.93058175,0.9913975,0.9913975,0.00017969994,0.013405221,0.00014348961
2022-02-10,8.388488e-07,0.08053009,0.912047,0.99257714,0.99257714,0.00018097383,0.013452652,0.00011300877
2022-02-11,3.914391e-06,0.026676204,0.9600426,0.9867188,0.9867188,0.00019290662,0.013889083,0.00029473114
2022-02-14,6.275629e-06,0.01899891,0.9650346,0.9840335,0.9840335,0.00019989163,0.014138304,0.00039305037
2022-02-15,2.0844368e-06,0.04193518,0.94759804,0.98953325,0.98953325,0.00019940543,0.014121098,0.00019914834
2022-02-16,1.2362234e-06,0.06315207,0.92823076,0.99138284,0.99138284,0.00020152632,0.014195996,0.00014346061
2022-02-17,1.7754298e-06,0.047383614,0.942745,0.9901286,0.9901286,0.00018835433,0.013724225,0.0001798555
2022-02-18,6.8107865e-06,0.016938485,0.96672976,0.98366827,0.98366827,0.00020181925,0.01420631,0.0004170278
2022-02-22,2.458686e-06,0.036465492,0.952447,0.98891246,0.98891246,0.00020267164,0.014236279,0.00022175223
2022-02-23,3.601608e-06,0.028514944,0.9586136,0.9871285,0.9871285,0.000199885,0.014138069,0.00027981252
2022-02-24,1.1260341e-05,0.012234959,0.9674754,0.9797104,0.9797104,0.0002045386,0.0143017,0.00055498094
2022-02-25,7.541313e-06,0.02263119,0.95936847,0.98199964,0.98199964,0.00021180886,0.014553655,0.00041895336
2022-02-28,1.1767011e-06,0.0799168,0.9112476,0.9911644,0.9911644,0.00022134076,0.014877525,0.00013317706
2022-03-01,1.7827065e-06,0.047654413,0.9424463,0.9901007,0.9901007,0.00020347608,0.014264504,0.00018008376
2022-03-02,3.4969303e-06,0.028869333,0.9584338,0.98730314,0.98730314,0.00020504554,0.0143194115,0.00027541688
2022-03-03,6.0334827e-07,0.11866936,0.8743421,0.9930114,0.9930115,0.00020941859,0.014471303,8.633339e-05
2022-03-04,1.37322e-06,0.055137835,0.93590456,0.9910424,0.9910424,0.00018688648,0.013670643,0.00015330181
2022-03-07,2.2048523e-06,0.039828815,0.94949454,0.9893234,0.9893234,0.00018011921,0.01342085,0.00020651215
2022-03-08,1.419789e-05,0.009422989,0.9685565,0.97797954,0.97797954,0.00020933113,0.014468281,0.00064475904
2022-03-09,3.7487112e-06,0.028316174,0.9585575,0.9868737,0.9868737,0.00021751964,0.014748547,0.0002855875
2022-03-10,1.0978778e-06,0.08074682,0.9106991,0.99144596,0.99144596,0.00023179859,0.015224934,0.00012834609
2022-03-11,2.2402714e-06,0.03917478,0.95011616,0.98929095,0.98929095,0.00021398884,0.014628357,0.00020919427
2022-03-14,3.5039666e-06,0.02859343,0.95873314,0.98732656,0.98732656,0.00021215672,0.014565601,0.00027648115
2022-03-15,2.185424e-06,0.04058853,0.948754,0.9893426,0.9893426,0.00020852286,0.01444032,0.00020506106
2022-03-16,8.2074024e-07,0.09131589,0.9010369,0.9923528,0.9923528,0.00021890103,0.014795304,0.00010732536
2022-03-17,9.992751e-07,0.08116753,0.9106742,0.99184173,0.99184173,0.00024124302,0.015532,0.0001224862
2022-03-18,7.262014e-07,0.101312764,0.8913329,0.9926457,0.9926457,0.00023286915,0.015260051,9.874489e-05
2022-03-21,6.986804e-07,0.099478014,0.893355,0.992833,0.992833,0.00021415124,0.014633907,9.748601e-05
2022-03-22,7.569393e-07,0.09854474,0.8940083,0.992553,0.992553,0.00019203448,0.013857651,0.00010164346
2022-03-23,5.8626154e-07,0.12248776,0.8706051,0.9930929,0.9930929,0.00018535244,0.013614421,8.487803e-05
2022-03-24,2.3780985e-06,0.0379057,0.9510992,0.9890049,0.9890049,0.00018312776,0.013532471,0.00021628731
2022-03-25,5.7881323e-07,0.119969934,0.87321675,0.9931867,0.9931867,0.00018482727,0.013595119,8.4953586e-05
2022-03-28,8.617645e-07,0.084308095,0.90809673,0.9924048,0.9924048,0.0001646078,0.0128299575,0.000113461996
2022-03-29,6.059166e-07,0.11235225,0.88081574,0.993168,0.993168,0.00015435835,0.012424104,8.8687986e-05
2022-03-30,6.204533e-07,0.10773301,0.885421,0.993154,0.993154,0.00015304262,0.01237104,9.06299e-05
2022-03-31,9.663652e-07,0.075996764,0.91607356,0.9920703,0.9920703,0.00014051188,0.01185377,0.00012186682
2022-04-01,3.5072478e-06,0.029211402,0.95800734,0.98721874,0.98721874,0.00014840941,0.01218234,0.00027440544
2022-04-04,9.754784e-07,0.07685631,0.9151755,0.9920318,0.9920318,0.00014588887,0.012078446,0.00012242162
2022-04-05,6.157843e-07,0.114350535,0.8787335,0.9930841,0.9930841,0.00013984121,0.011825448,8.903858e-05
2022-04-06,4.3032996e-06,0.026179673,0.95990264,0.9860823,0.9860823,0.00014251968,0.011938161,0.00030919653
2022-04-07,4.185399e-06,0.028876761,0.957188,0.9860648,0.9860648,0.00014385082,0.011993783,0.00030034708
2022-04-08,1.0549859e-06,0.08739948,0.9041528,0.9915523,0.9915523,0.00014255439,0.011939614,0.00012488429
2022-04-11,1.9911645e-06,0.05522289,0.9340475,0.9892704,0.9892704,0.00013066229,0.011430761,0.00018557657
2022-04-12,6.6112248e-06,0.02057125,0.96279097,0.9833622,0.9833622,0.00014080416,0.011866093,0.00039736167
2022-04-13,3.842065e-06,0.038649295,0.94730234,0.98595166,0.98595166,0.00014248869,0.011936863,0.00027348893
2022-04-14,6.743951e-07,0.11297273,0.8798385,0.99281126,0.99281126,0.00014367278,0.011986358,9.3812734e-05
2022-04-18,3.949328e-06,0.031215709,0.9550647,0.98628044,0.98628044,0.00014534863,0.012056062,0.00028786116
2022-04-19,1.1525213e-06,0.07869548,0.9126125,0.991308,0.991308,0.00014276827,0.011948568,0.00013259525
2022-04-20,5.473218e-07,0.11902185,0.87437093,0.99339277,0.99339277,0.00015116078,0.012294746,8.283675e-05
2022-04-21,6.9777894e-07,0.104067296,0.88874185,0.9928091,0.9928092,0.00013282023,0.011524766,9.703661e-05
2022-04-22,3.9732417e-06,0.03538923,0.95055175,0.985941,0.985941,0.0001429488,0.01195612,0.00028261184
2022-04-25,9.652093e-06,0.015216543,0.96548665,0.9807032,0.9807032,0.00016761453,0.012946603,0.0005001907
2022-04-26,1.2670453e-06,0.061411195,0.9298444,0.9912556,0.9912556,0.0001719581,0.01311328,0.0001448976
2022-04-27,1.4914395e-05,0.009298414,0.9680978,0.9773962,0.97739625,0.00021487237,0.014658526,0.0006598178
2022-04-28,2.7205062e-06,0.038549498,0.9496589,0.98820835,0.98820835,0.00022299582,0.014933044,0.00023071471
2022-04-29,8.510042e-07,0.09162259,0.90061843,0.992241,0.992241,0.0002381241,0.01543127,0.000109679975
2022-05-02,1.717449e-05,0.008161926,0.9679635,0.9761254,0.9761254,0.00034650962,0.018614769,0.00071936304
2022-05-03,2.0502428e-06,0.041232217,0.948443,0.9896752,0.9896752,0.00035285924,0.018784547,0.00019857503
2022-05-04,1.2465819e-06,0.060829885,0.93053406,0.99136394,0.99136394,0.00033751107,0.018371474,0.00014434618
2022-05-05,7.767105e-07,0.11122282,0.88097143,0.99219424,0.99219424,0.00036937883,0.01921923,9.950473e-05
2022-05-06,1.7998264e-05,0.007266154,0.9686972,0.97596335,0.97596335,0.00047335424,0.021756705,0.00074878434
2022-05-09,2.5915874e-06,0.03568652,0.9529964,0.98868287,0.98868287,0.000476812,0.021836026,0.0002289968
2022-05-10,1.4121209e-05,0.008584386,0.969869,0.9784534,0.9784534,0.0004952126,0.022253374,0.00065537984
2022-05-11,3.6109072e-06,0.02772187,0.9594933,0.98721516,0.98721516,0.00049445126,0.02223626,0.00028243667
2022-05-12,1.3139067e-05,0.010259115,0.9683635,0.9786226,0.9786226,0.00048530806,0.02202971,0.00061462465
2022-05-13,4.58161e-06,0.024425924,0.9614243,0.9858502,0.9858502,0.0004831092,0.021979745,0.00032379362
2022-05-16,2.470722e-06,0.039122067,0.9497609,0.98888296,0.98888296,0.00048247626,0.021965342,0.00022224637
2022-05-17,2.5456432e-06,0.037727103,0.9509312,0.9886583,0.9886583,0.00046141486,0.02148057,0.00022445005
2022-05-18,1.5078391e-06,0.05859317,0.9319929,0.99058604,0.99058604,0.00045667746,0.021370012,0.00016017059
2022-05-19,2.158026e-05,0.005792255,0.9685063,0.97429854,0.97429854,0.00052722474,0.022961374,0.000839651
2022-05-20,3.3969761e-06,0.02936313,0.95811766,0.9874808,0.9874808,0.00053243275,0.023074504,0.00027134173
2022-05-23,4.863453e-06,0.022993626,0.962588,0.98558164,0.98558164,0.000513532,0.022661244,0.00033730964
2022-05-24,2.4092608e-06,0.04055255,0.94834715,0.9888997,0.9888997,0.0005069272,0.022515044,0.00021704481
2022-05-25,5.2130486e-06,0.02089104,0.9644009,0.98529196,0.98529196,0.0004856502,0.022037473,0.00035443524
2022-05-26,2.7400406e-06,0.037666768,0.9506017,0.9882685,0.9882685,0.0004751235,0.021797327,0.00023356258
2022-05-27,1.4278087e-06,0.06953759,0.9210278,0.99056536,0.99056536,0.0004688618,0.021653216,0.00015133685
2022-05-31,7.128503e-07,0.117220946,0.87518775,0.9924087,0.9924087,0.000473541,0.021760996,9.3903494e-05
2022-06-01,2.4444992e-06,0.038073916,0.95077765,0.98885155,0.98885155,0.00041911003,0.020472176,0.00021926803
2022-06-02,2.3716552e-06,0.038926728,0.9500633,0.98899,0.98899,0.00040355217,0.020088607,0.00021540937
2022-06-03,8.0841744e-07,0.10067906,0.8915712,0.99225026,0.99225026,0.0003993535,0.019983832,0.00010431548
2022-06-06,4.1228363e-06,0.025341867,0.9611827,0.9865246,0.9865246,0.00038505025,0.019622697,0.0003059524
2022-06-07,1.969951e-06,0.04558396,0.94413394,0.9897179,0.9897179,0.00037443303,0.019350272,0.00019159034
2022-06-08,1.5266241e-06,0.054314118,0.9363585,0.99067265,0.99067265,0.00035947943,0.018959943,0.00016367176
2022-06-09,2.5485379e-06,0.036144357,0.95258564,0.98873,0.98873,0.00034484093,0.018569892,0.00022613494
2022-06-10,1.0924654e-05,0.011444436,0.9688579,0.98030233,0.98030233,0.0003523041,0.018769765,0.0005546167
2022-06-13,1.5187357e-05,0.007949897,0.9698345,0.9777844,0.9777844,0.000362291,0.019033944,0.00068363466
2022-06-14,4.556435e-05,0.0028467642,0.96114254,0.9639893,0.9639893,0.0003785753,0.01945701,0.0012653009
2022-06-15,7.5070393e-06,0.016220534,0.9667302,0.9829507,0.9829507,0.0004094584,0.020235078,0.0004403133
2022-06-16,4.718028e-06,0.022429286,0.9634782,0.9859075,0.9859075,0.00040650857,0.020162057,0.00033478986
2022-06-17,2.5664536e-05,0.004829766,0.96754557,0.97237533,0.97237533,0.00042206724,0.020544276,0.0009290442
2022-06-21,3.825164e-06,0.026550049,0.96039164,0.9869417,0.9869417,0.00043406032,0.020834114,0.00029292962
2022-06-22,8.5495753e-07,0.09871647,0.8933271,0.99204355,0.9920436,0.0004368603,0.020901203,0.00010745471
2022-06-23,1.8136852e-06,0.045721646,0.94435966,0.9900813,0.9900813,0.000391509,0.019786587,0.00018285532
2022-06-24,1.1788545e-06,0.063698344,0.9278573,0.99155563,0.99155563,0.0003757259,0.01938365,0.00013960245
2022-06-27,3.3936573e-07,0.17633316,0.81756127,0.9938944,0.99389446,0.0004114621,0.020284528,5.558268e-05
2022-06-28,7.521313e-07,0.099903226,0.8926027,0.9925059,0.9925059,0.0003395737,0.018427525,0.000100363235
2022-06-29,4.417497e-06,0.024820851,0.9612684,0.9860893,0.9860893,0.00034720293,0.018633382,0.00031756086
2022-06-30,1.2301389e-06,0.06179011,0.92956704,0.99135715,0.99135715,0.00033819754,0.018390147,0.0001423302
2022-07-01,2.1927303e-06,0.040280417,0.94906473,0.98934513,0.98934513,0.00031990823,0.01788598,0.00020579612
2022-07-05,2.1966994e-06,0.04377748,0.94545686,0.9892343,0.9892343,0.00031010926,0.017609918,0.00020404666
2022-07-06,2.2565882e-06,0.041869484,0.9472301,0.98909956,0.98909956,0.00029551834,0.017190646,0.00020701812
2022-07-07,1.2479647e-06,0.06721083,0.92400664,0.9912175,0.9912175,0.00028260553,0.016810875,0.00014209666
2022-07-08,8.378642e-07,0.09149314,0.90082026,0.9923134,0.9923134,0.00027686282,0.016639195,0.00010900301
2022-07-11,1.0740056e-06,0.072124474,0.91959375,0.99171823,0.99171823,0.00025033453,0.015821964,0.00012968313
2022-07-12,2.07088e-06,0.043186057,0.9463169,0.98950297,0.98950297,0.00024111058,0.015527735,0.00019728241
2022-07-13,2.2523773e-06,0.04055521,0.94860804,0.9891632,0.9891633,0.0002337935,0.015290308,0.00020784562
2022-07-14,1.9741665e-06,0.04401099,0.9456903,0.9897013,0.9897013,0.00022523577,0.015007857,0.0001916903
2022-07-15,3.485118e-06,0.036595322,0.95016044,0.9867558,0.9867558,0.00021527882,0.014672383,0.00026314272
2022-07-18,7.618114e-07,0.09721169,0.89540243,0.99261415,0.99261415,0.00022088565,0.014862222,0.00010314472
2022-07-19,2.185392e-06,0.043222886,0.9459876,0.9892105,0.9892105,0.0002055283,0.014336258,0.00020254779
2022-07-20,4.0644528e-07,0.1560621,0.8376641,0.99372625,0.99372625,0.00022690912,0.015063503,6.47851e-05
2022-07-21,5.265624e-07,0.12887204,0.8645257,0.9933977,0.9933977,0.00019641645,0.014014865,7.975454e-05
2022-07-22,4.3698444e-07,0.1501304,0.8435497,0.9936801,0.9936801,0.0001830828,0.013530809,6.9144415e-05
2022-07-25,9.628352e-07,0.07488812,0.9172251,0.99211323,0.99211323,0.00016844511,0.01297864,0.00012208236
2022-07-26,5.6664766e-07,0.12948449,0.86365783,0.9931423,0.9931423,0.0001555442,0.012471736,8.2629485e-05
2022-07-27,2.550851e-06,0.04019936,0.94827735,0.9884767,0.9884767,0.00015382057,0.012402442,0.00022136449
2022-07-28,4.0405828e-07,0.15146197,0.84238476,0.9938467,0.9938467,0.00017445175,0.013208019,6.566545e-05
2022-07-29,5.15361e-07,0.12212911,0.8714045,0.9935336,0.9935336,0.00017019601,0.013045919,7.969843e-05
2022-08-01,4.3345833e-07,0.14698093,0.84677994,0.9937609,0.9937609,0.00017375751,0.013181712,6.9474314e-05
2022-08-02,5.9281297e-07,0.11786518,0.8752796,0.9931448,0.9931448,0.0001490272,0.012207669,8.6476524e-05
2022-08-03,6.974828e-07,0.10617865,0.8865703,0.9927489,0.9927489,0.00013649075,0.011682926,9.6190146e-05
2022-08-04,4.2549104e-07,0.15425228,0.8394625,0.9937148,0.9937148,0.00014673319,0.012113348,6.7697394e-05
2022-08-05,6.104792e-07,0.13554576,0.85723484,0.9927806,0.99278057,0.00012371692,0.011122811,8.456124e-05
2022-08-08,1.7078586e-06,0.077503316,0.9120015,0.9895048,0.9895048,0.00010714247,0.010350965,0.00016272781
2022-08-09,1.2997103e-06,0.092653036,0.8978026,0.9904556,0.9904556,9.9562574e-05,0.009978104,0.00013617557
2022-08-10,1.2823276e-06,0.09276234,0.89773124,0.9904936,0.9904936,9.229399e-05,0.009606976,0.00013489091
2022-08-11,4.646555e-07,0.15948638,0.83386815,0.9933545,0.99335456,0.0001235061,0.01111333,6.9920316e-05
2022-08-12,9.986924e-07,0.11230912,0.8789449,0.991254,0.991254,0.00010345795,0.010171428,0.00011418811
2022-08-15,3.8640115e-07,0.17269146,0.8210452,0.9937367,0.9937367,0.00012288758,0.0110854665,6.169275e-05
2022-08-16,5.1550205e-07,0.15269853,0.84043753,0.99313605,0.99313605,0.00010394566,0.0101953745,7.5102806e-05
2022-08-17,6.5420636e-07,0.1338449,0.8587349,0.9925798,0.9925798,8.83545e-05,0.009399707,8.8165805e-05
2022-08-18,1.7840318e-06,0.07929294,0.9099092,0.98920214,0.98920214,8.3676954e-05,0.009147511,0.0001652209
2022-08-19,6.6569754e-07,0.14548784,0.8468352,0.99232304,0.99232304,7.850772e-05,0.008860459,8.6713706e-05
2022-08-22,4.984763e-06,0.03575461,0.9484997,0.9842543,0.9842543,9.451339e-05,0.0097218,0.00031657933
2022-08-23,8.451157e-06,0.019697161,0.9615704,0.9812676,0.9812676,0.00011074231,0.010523417,0.00045115114
2022-08-24,3.2232763e-06,0.049272552,0.937366,0.98663855,0.98663855,0.000115071605,0.010727144,0.00024123694
2022-08-25,1.8685951e-06,0.073580965,0.9155819,0.98916286,0.98916286,0.0001115341,0.010560971,0.00017242515
2022-08-26,5.941765e-07,0.13336883,0.8595737,0.9929426,0.9929426,0.00011806788,0.010865904,8.419165e-05
2022-08-29,2.4427389e-05,0.00909446,0.9614287,0.9705232,0.9705232,0.00026193607,0.01618444,0.0008286982
2022-08-30,1.1833285e-06,0.06342949,0.92808217,0.99151164,0.99151164,0.0002766832,0.016633797,0.00013940608
2022-08-31,2.8427728e-06,0.03648514,0.95155174,0.9880369,0.9880369,0.00026595872,0.01630824,0.00023762786
2022-09-01,2.2927968e-06,0.041386582,0.9476272,0.9890138,0.9890138,0.00025814943,0.01606703,0.00020869772
2022-09-02,2.5868774e-06,0.044165846,0.94403654,0.9882024,0.9882024,0.0002472818,0.015725197,0.00021927136
2022-09-06,5.590597e-06,0.030218896,0.9534927,0.9837116,0.9837116,0.00024116792,0.015529582,0.0003432257
2022-09-07,2.5752067e-06,0.046787053,0.94129133,0.9880784,0.98807836,0.00023601769,0.015362867,0.00021601212
2022-09-08,5.911929e-07,0.1093213,0.8839303,0.9932516,0.9932516,0.00023926249,0.015468112,8.760518e-05
2022-09-09,7.611562e-07,0.08886813,0.9038571,0.99272525,0.99272525,0.00021646243,0.014712662,0.000104629915
2022-09-12,5.1248526e-07,0.1282195,0.8652468,0.99346626,0.99346626,0.00021702661,0.014731823,7.8436715e-05
2022-09-13,5.0412916e-07,0.13381782,0.8596399,0.99345773,0.9934577,0.00020244348,0.014228264,7.705728e-05
2022-09-14,1.4241312e-05,0.01142272,0.96542126,0.97684395,0.97684395,0.00044121413,0.021005098,0.0006150148
2022-09-15,8.938154e-07,0.07461292,0.917764,0.9923769,0.9923769,0.00044034875,0.020984488,0.00011725127
2022-09-16,2.1070114e-06,0.041591406,0.9479117,0.9895031,0.9895031,0.00041507624,0.02037342,0.00020072673
2022-09-19,3.4179152e-06,0.029283319,0.958129,0.98741233,0.98741233,0.00040149497,0.02003734,0.0002715289
2022-09-20,1.7963072e-06,0.04679604,0.9433391,0.99013513,0.99013513,0.0003897665,0.019742506,0.00018209137
2022-09-21,2.7707188e-06,0.03529316,0.9529786,0.9882718,0.9882718,0.00037591747,0.019388592,0.00023624362
2022-09-22,7.4173327e-06,0.018239206,0.96441865,0.98265785,0.98265785,0.00037217312,0.019291788,0.00042770547
2022-09-23,3.113006e-06,0.032813013,0.9549157,0.9877287,0.9877287,0.0003677035,0.019175597,0.00025368214
2022-09-26,5.967514e-06,0.01984443,0.9644774,0.98432183,0.98432183,0.00036381368,0.0190739,0.00038062574
2022-09-27,5.450865e-06,0.022727413,0.9619546,0.984682,0.984682,0.0003588929,0.018944468,0.0003558476
2022-09-28,4.2272527e-06,0.029982828,0.9558987,0.9858815,0.9858815,0.00035086033,0.018731266,0.00029941247
2022-09-29,1.3615626e-06,0.059715718,0.9313433,0.991059,0.99105906,0.00035078236,0.018729184,0.00015228312
2022-09-30,5.264143e-06,0.02109335,0.9640918,0.98518515,0.98518515,0.00035514164,0.018845202,0.00035532872
2022-10-03,4.3946397e-06,0.024942707,0.96114063,0.9860833,0.9860833,0.00035289887,0.018785603,0.00031578238
2022-10-04,7.0018274e-07,0.1112516,0.88128346,0.99253505,0.99253505,0.00036027748,0.018980976,9.3796094e-05
2022-10-05,5.433135e-07,0.14030743,0.8526437,0.99295115,0.99295115,0.0004205539,0.02050741,7.7078366e-05
2022-10-06,1.3106913e-06,0.058886692,0.9322931,0.9911798,0.9911798,0.00036001438,0.018974045,0.0001486015
2022-10-07,1.6848467e-06,0.050137125,0.94016486,0.99030197,0.99030197,0.0003435098,0.018534018,0.00017373076
2022-10-10,5.534696e-06,0.02033681,0.96461433,0.98495114,0.98495114,0.00036529521,0.019112697,0.0003677817
2022-10-11,2.6276673e-06,0.035826378,0.95276904,0.9885954,0.9885954,0.00035915693,0.018951437,0.0002304047
2022-10-12,4.474378e-06,0.02484416,0.9611174,0.98596156,0.98596156,0.00034635293,0.01861056,0.0003187232
2022-10-13,3.5393664e-06,0.030322919,0.9567783,0.9871012,0.9871012,0.0003376627,0.0183756,0.00027439496
2022-10-14,7.772315e-06,0.028796434,0.95223176,0.9810282,0.9810282,0.00034689126,0.018625017,0.00040967725
2022-10-17,8.275401e-06,0.015197442,0.96705174,0.9822492,0.9822492,0.00035364315,0.018805401,0.00046619878
2022-10-18,1.4020038e-06,0.07256707,0.9179344,0.99050146,0.99050146,0.0003599076,0.01897123,0.00014760208
2022-10-19,1.6234372e-06,0.058463473,0.9318053,0.99026877,0.99026877,0.00034136345,0.018476024,0.00016682749
2022-10-20,1.97522e-06,0.046900485,0.9427794,0.98967993,0.98967993,0.00032282076,0.017967213,0.00019139603
2022-10-21,3.2423761e-06,0.03018185,0.9575141,0.98769593,0.98769593,0.00030979764,0.017601069,0.00026352066
2022-10-24,1.1822905e-06,0.07784318,0.91336,0.9912032,0.9912032,0.00031701085,0.017804798,0.00013439989
2022-10-25,1.3047515e-06,0.06986432,0.92112726,0.9909916,0.9909916,0.00030189348,0.017375082,0.00014483709
2022-10-26,1.165838e-06,0.07652402,0.9147952,0.99131924,0.99131924,0.0002965138,0.017219577,0.00013430136
2022-10-27,2.3960183e-06,0.03759379,0.95141184,0.9890056,0.9890056,0.00027700912,0.016643591,0.00021793129
2022-10-28,1.8053718e-06,0.048533205,0.94152236,0.99005556,0.99005556,0.00026709947,0.016343178,0.00018154587
2022-10-31,9.1547787e-07,0.09501771,0.89688927,0.991907,0.991907,0.00027969407,0.016724057,0.00011311973
2022-11-01,2.5153377e-06,0.0361144,0.95270663,0.988821,0.988821,0.00025702245,0.016031919,0.0002250062
2022-11-02,2.9247901e-06,0.0327551,0.95538116,0.98813623,0.98813623,0.00024813687,0.01575236,0.0002465313
2022-11-03,1.351853e-05,0.009856411,0.9685408,0.9783972,0.9783972,0.00026145962,0.016169714,0.0006257765
2022-11-04,3.863331e-06,0.026360722,0.9605069,0.98686767,0.98686767,0.0002678469,0.01636603,0.00029418466
2022-11-07,2.9586658e-06,0.03124275,0.95698327,0.988226,0.988226,0.0002663767,0.016321052,0.000251288
2022-11-08,2.022538e-06,0.045644138,0.9440228,0.98966694,0.98966694,0.00026059913,0.016143084,0.00019573464
2022-11-09,1.9728634e-06,0.043568615,0.946205,0.98977363,0.98977363,0.00024926613,0.015788164,0.00019291925
2022-11-10,5.3962763e-06,0.020151604,0.96496254,0.98511416,0.98511416,0.00025704835,0.016032727,0.00036251062
2022-11-11,1.7520787e-07,0.23391174,0.76041555,0.9943273,0.9943273,0.00031071238,0.017627036,3.088619e-05
2022-11-14,5.0122844e-07,0.1405787,0.85273093,0.9933096,0.9933096,0.00025731948,0.01604118,7.491775e-05
2022-11-15,8.109759e-07,0.09974045,0.89254653,0.992287,0.992287,0.00023063576,0.015186697,0.00010514376
2022-11-16,5.496224e-07,0.12788868,0.86534053,0.9932292,0.9932292,0.00021354764,0.014613269,8.117553e-05
2022-11-17,5.6777617e-07,0.12679918,0.86630976,0.9931089,0.9931089,0.0001932086,0.013899949,8.239302e-05
2022-11-18,2.019694e-06,0.045844994,0.94368744,0.9895324,0.9895324,0.00016928554,0.013010978,0.0001929474
2022-11-21,2.1851486e-06,0.045515895,0.94363236,0.98914826,0.98914826,0.00016263773,0.01275295,0.00020136387
2022-11-22,1.7056875e-06,0.063611574,0.9262701,0.9898817,0.9898817,0.00015632239,0.012502896,0.00016857442
2022-11-23,7.9112647e-07,0.09975432,0.8926951,0.99244946,0.99244946,0.0001575557,0.012552119,0.0001047775
2022-11-25,8.799162e-07,0.09112694,0.9010652,0.9921921,0.9921921,0.00014514787,0.012047733,0.000112695474
2022-11-28,6.448717e-07,0.14126655,0.85117805,0.99244463,0.99244463,0.00013168287,0.011475315,8.535281e-05
2022-11-29,3.7463067e-06,0.02867985,0.9581591,0.98683894,0.98683894,0.00015013052,0.012252776,0.00028465077
2022-11-30,1.2204885e-06,0.0715792,0.91962326,0.9912025,0.9912025,0.00014769925,0.012153158,0.00013873087
2022-12-01,7.942172e-07,0.115061276,0.8770464,0.9921077,0.9921077,0.00020508002,0.014320616,0.000100631776
2022-12-02,8.938399e-07,0.08696441,0.9051934,0.9921578,0.9921578,0.00018075663,0.013444576,0.00011397845
2022-12-05,9.882119e-07,0.07436861,0.9176671,0.9920357,0.9920357,0.00016466965,0.012832367,0.00012407999
2022-12-06,2.4421183e-06,0.0395443,0.949292,0.9888363,0.9888363,0.00017711012,0.013308273,0.00021875506
2022-12-07,2.6150842e-06,0.03684327,0.95170045,0.98854375,0.98854375,0.00017912239,0.013383661,0.00022826702
2022-12-08,3.1163738e-06,0.038647797,0.94872516,0.98737293,0.98737293,0.00017321728,0.013161204,0.00024680112
2022-12-09,1.4642607e-06,0.062410835,0.92825794,0.9906688,0.9906688,0.00016969486,0.013026698,0.00015692049
2022-12-12,3.5295259e-06,0.030545602,0.9565351,0.9870807,0.9870807,0.00016266949,0.012754194,0.00027319777
2022-12-13,6.334685e-07,0.1096627,0.8833916,0.99305433,0.99305433,0.0001652263,0.012854039,9.120337e-05
2022-12-14,1.591644e-06,0.06864969,0.92137724,0.99002695,0.99002695,0.00015252683,0.0123501755,0.00015959452
2022-12-15,1.4795488e-06,0.062407505,0.92809,0.99049747,0.99049747,0.00014511628,0.012046422,0.00015570052
2022-12-16,5.635107e-06,0.02086696,0.9638009,0.98466784,0.9846679,0.00017501313,0.013229253,0.00036753505
2022-12-19,3.266873e-06,0.030678472,0.9569018,0.98758024,0.98758024,0.00018009306,0.013419876,0.00026303832
2022-12-20,3.0457973e-06,0.034823943,0.95290816,0.9877321,0.9877321,0.00017792096,0.013338702,0.00024827398
2022-12-21,2.94598e-06,0.039952144,0.94767404,0.9876262,0.9876262,0.00017263678,0.0131391315,0.00023808198
2022-12-22,9.5304836e-07,0.07278818,0.9194656,0.9922538,0.9922538,0.00017513144,0.013233724,0.000123034
2022-12-23,4.3429022e-06,0.028359134,0.9574708,0.9858299,0.9858299,0.00017739888,0.013319117,0.0003064833
2022-12-27,7.404525e-07,0.09571669,0.89698845,0.99270517,0.99270517,0.0001750708,0.013231432,0.00010150368
2022-12-28,1.0045915e-06,0.07303919,0.91890734,0.9919465,0.9919465,0.00015941486,0.01262596,0.00012474002
2022-12-29,2.1746441e-06,0.041632555,0.9476479,0.98928046,0.98928046,0.00015925615,0.012619673,0.00020286735
2022-12-30,6.442014e-07,0.10310472,0.8899757,0.99308044,0.99308044,0.00016606998,0.012886814,9.309857e-05
2023-01-03,1.1112376e-06,0.06361147,0.928104,0.99171543,0.99171543,0.00014926409,0.012217368,0.00013413343
2023-01-04,1.4406244e-06,0.059569027,0.9311083,0.9906773,0.9906773,0.00014087767,0.01186919,0.00015452862
2023-01-05,7.776621e-07,0.08424768,0.9084606,0.99270827,0.9927083,0.00013596835,0.011660547,0.00010664981
2023-01-06,1.4435376e-06,0.053551733,0.9372879,0.99083966,0.99083966,0.0001357622,0.011651703,0.0001575856
2023-01-09,5.3567646e-07,0.11792641,0.87549615,0.99342257,0.99342257,0.00015577278,0.012480897,8.1441576e-05
2023-01-10,7.5157004e-07,0.09324246,0.8994494,0.9926919,0.9926919,0.00013698092,0.011703885,0.00010284033
2023-01-11,6.2893355e-07,0.10855035,0.8845418,0.9930922,0.9930922,0.00012827427,0.011325823,9.10466e-05
2023-01-12,5.086517e-07,0.12736963,0.8661517,0.99352133,0.99352133,0.00013073828,0.011434084,7.851178e-05
2023-01-13,6.7801363e-07,0.10192722,0.89100873,0.99293596,0.99293596,0.00011526277,0.01073605,9.598094e-05
2023-01-17,6.546008e-07,0.11579281,0.87704116,0.992834,0.992834,0.00010476344,0.010235402,9.1347785e-05
2023-01-18,8.219543e-07,0.093622945,0.89875424,0.99237716,0.99237716,9.300846e-05,0.009644089,0.00010782786
2023-01-19,3.2392204e-06,0.0350713,0.95225084,0.98732215,0.98732215,0.0001086798,0.01042496,0.00025550238
2023-01-20,2.4309202e-06,0.04371627,0.9448474,0.98856366,0.98856366,0.00010869813,0.01042584,0.00021256096
2023-01-23,5.6198877e-07,0.12160005,0.87166035,0.9932604,0.9932604,0.00011972984,0.010942114,8.338587e-05
2023-01-24,5.5831356e-07,0.11758342,0.8757907,0.9933741,0.9933741,0.00012169066,0.011031349,8.4262414e-05
2023-01-25,7.2881437e-07,0.1024397,0.8902167,0.9926564,0.9926564,0.000107320324,0.010359553,9.9244964e-05
2023-01-26,9.655741e-07,0.087731175,0.90413404,0.9918652,0.9918652,9.627083e-05,0.00981177,0.00011869699
2023-01-27,4.7158596e-07,0.15078525,0.8426569,0.9934422,0.9934422,9.813635e-05,0.0099063795,7.191198e-05
2023-01-30,8.3062196e-07,0.11837192,0.8735413,0.9919132,0.9919132,8.383796e-05,0.009156307,0.0001027133
2023-01-31,3.2016908e-06,0.041001577,0.9460701,0.98707163,0.98707163,9.349576e-05,0.009669321,0.0002476485
2023-02-01,5.7444726e-07,0.12875795,0.86434615,0.9931041,0.9931041,0.000100170204,0.0100085065,8.330273e-05
2023-02-02,7.270309e-07,0.11408329,0.8783868,0.9924701,0.9924701,0.00010104597,0.010052162,9.655235e-05
2023-02-03,4.618394e-07,0.14428462,0.8493232,0.9936078,0.9936078,0.0001127047,0.010616247,7.2250674e-05
2023-02-06,1.0775385e-06,0.074657455,0.91702265,0.9916801,0.9916801,0.00011323711,0.010641293,0.00012951318
2023-02-07,6.372086e-07,0.11486812,0.87807244,0.99294055,0.99294055,0.000107896296,0.0103873145,9.0263144e-05
2023-02-08,6.7111995e-07,0.11593538,0.8768267,0.9927621,0.9927621,0.000114222814,0.010687508,9.2722876e-05
2023-02-09,1.4140143e-06,0.06290938,0.927854,0.99076337,0.99076337,0.0001153168,0.010738566,0.00015308762
2023-02-10,3.6196443e-06,0.037635032,0.94880384,0.9864389,0.9864389,0.00011338568,0.010648271,0.00026691318
2023-02-13,1.1297931e-06,0.085013375,0.9062924,0.99130577,0.99130577,0.00011137366,0.010553372,0.00012994744
2023-02-14,5.4353376e-07,0.1301753,0.8631162,0.9932915,0.9932915,0.00011328104,0.0106433565,8.102162e-05
2023-02-15,2.3708167e-06,0.054992344,0.9333021,0.9882944,0.9882944,9.8372504e-05,0.009918291,0.00020253735
2023-02-16,7.4017737e-07,0.11988449,0.8724451,0.9923296,0.9923296,9.4695904e-05,0.009731182,9.649785e-05
2023-02-17,2.7983087e-06,0.041189115,0.9467038,0.9878929,0.9878929,0.000107022235,0.010345155,0.00023113005
2023-02-21,1.8030092e-06,0.061674606,0.92792505,0.98959965,0.98959965,0.000104414,0.010218317,0.00017336036
2023-02-22,7.544522e-06,0.019121189,0.96327317,0.98239434,0.98239434,0.00012448455,0.011157264,0.00042852815
2023-02-23,2.8254217e-06,0.045829274,0.9417671,0.9875964,0.9875964,0.00012750395,0.011291765,0.00022779033
2023-02-24,2.2741692e-06,0.053311028,0.93527365,0.9885847,0.9885847,0.00012410579,0.011140278,0.0001992211
2023-02-27,3.5712585e-06,0.033454724,0.9533376,0.9867923,0.9867923,0.00012471029,0.011167376,0.0002703927
2023-02-28,1.319264e-06,0.06900752,0.9218938,0.9909013,0.9909013,0.000122808,0.011081877,0.00014499464
2023-03-01,2.3059124e-06,0.05203624,0.9364902,0.9885264,0.9885264,0.00011557846,0.010750743,0.00020097556
2023-03-02,2.1218334e-06,0.054074246,0.9348419,0.9889161,0.9889161,0.000111388574,0.010554079,0.0001914338
2023-03-03,1.0270409e-06,0.09053358,0.9010324,0.99156594,0.99156594,0.00010934455,0.010456795,0.000121773046
2023-03-06,5.117229e-07,0.1314064,0.86203146,0.9934378,0.9934379,0.00012193728,0.011042521,7.79807e-05
2023-03-07,7.1215464e-07,0.10479109,0.88793886,0.99272996,0.99272996,0.00010565929,0.010279071,9.795748e-05
2023-03-08,2.4576575e-06,0.04278507,0.9457521,0.98853713,0.98853713,0.00012014054,0.010960864,0.00021440163
2023-03-09,6.867809e-07,0.10150551,0.89141256,0.9929181,0.9929181,0.00011617021,0.010778229,9.697657e-05
2023-03-10,4.647957e-06,0.030506471,0.95466083,0.9851673,0.9851673,0.00014014737,0.011838386,0.00031335934
2023-03-13,7.334187e-06,0.022253804,0.95994467,0.9821985,0.9821985,0.00014505122,0.012043721,0.00041199772
2023-03-14,3.9011024e-06,0.04003066,0.9457221,0.98575276,0.98575276,0.00014663315,0.012109217,0.00027381463
2023-03-15,9.6609e-07,0.081142776,0.91085404,0.9919968,0.9919968,0.00015309332,0.012373089,0.00012071335
2023-03-16,2.2568438e-06,0.044409268,0.9445447,0.98895395,0.98895395,0.00014379733,0.011991552,0.00020431225
2023-03-17,6.150644e-07,0.10942614,0.8836619,0.99308807,0.99308807,0.00015122956,0.012297543,8.8985864e-05
2023-03-20,1.8059661e-06,0.046856835,0.9431735,0.99003035,0.99003035,0.00016141689,0.0127049945,0.00018114636
2023-03-21,5.809011e-07,0.1137503,0.87951916,0.99326944,0.99326944,0.00015817655,0.012576826,8.6308035e-05
2023-03-22,5.9525235e-07,0.10971171,0.8835345,0.9932462,0.9932462,0.00015851123,0.012590124,8.813589e-05
2023-03-23,2.2483932e-06,0.041490942,0.9476446,0.98913556,0.9891355,0.00017378104,0.013182604,0.00020694983
2023-03-24,1.1705869e-06,0.06546875,0.92599833,0.99146706,0.99146706,0.00016719336,0.012930327,0.00013718446
2023-03-27,7.1572873e-07,0.091808066,0.9010971,0.9929052,0.9929052,0.00015863552,0.012595059,0.000100880745
2023-03-28,7.212697e-07,0.0976672,0.895124,0.99279124,0.99279124,0.00014392169,0.011996737,0.00010005455
2023-03-29,1.2951721e-06,0.06962584,0.9213508,0.99097663,0.99097663,0.00013012697,0.01140732,0.00014353532
2023-03-30,5.413822e-07,0.12580353,0.8675498,0.9933533,0.9933533,0.00013531598,0.011632539,8.145136e-05
2023-03-31,6.113877e-07,0.11896089,0.87408817,0.993049,0.993049,0.00012195464,0.011043307,8.7957116e-05
2023-04-03,5.387796e-07,0.11925504,0.8742067,0.9934618,0.9934618,0.00012990097,0.011397411,8.2404724e-05
2023-04-04,5.5179896e-07,0.13191126,0.86129755,0.9932088,0.9932088,0.000115660034,0.010754536,8.1252365e-05
2023-04-05,7.8835404e-07,0.08851327,0.90407944,0.9925927,0.9925927,0.000104529245,0.010223955,0.00010642923
2023-04-06,8.449224e-07,0.09119786,0.9011065,0.9923043,0.9923043,9.5988566e-05,0.009797376,0.00010979185
2023-04-10,7.177132e-07,0.11269829,0.87986887,0.9925671,0.9925672,8.8594665e-05,0.009412474,9.6559255e-05
2023-04-11,1.6888264e-06,0.07887316,0.9106534,0.98952657,0.98952657,7.8749006e-05,0.008874063,0.00016124864
2023-04-12,2.3937844e-06,0.074212454,0.9134815,0.9876939,0.9876939,7.340242e-05,0.008567521,0.00019452024
2023-04-13,4.445166e-06,0.04855624,0.9357877,0.9843439,0.9843439,7.0798465e-05,0.008414183,0.00028392524
2023-04-14,6.5758024e-07,0.13903844,0.8534191,0.99245757,0.99245757,7.891598e-05,0.008883467,8.718412e-05
2023-04-17,1.7532666e-06,0.07976909,0.90951747,0.98928654,0.98928654,6.896855e-05,0.00830473,0.00016365085
2023-04-18,9.611251e-07,0.119619064,0.87167776,0.9912968,0.9912968,6.540156e-05,0.008087123,0.00011043389
2023-04-19,1.5124396e-06,0.09535215,0.8943229,0.98967505,0.98967505,5.7996258e-05,0.0076155276,0.00014648389
2023-04-20,1.3365559e-06,0.11878739,0.8709682,0.98975563,0.98975563,5.3391792e-05,0.007306969,0.00013046736
2023-04-21,5.017399e-06,0.051521145,0.931655,0.9831761,0.9831761,5.1641116e-05,0.0071861753,0.00029823065
2023-04-24,3.1874545e-06,0.0733602,0.91243374,0.98579395,0.98579395,5.3147112e-05,0.0072902064,0.000224373
2023-04-25,3.6901363e-06,0.08186722,0.90249217,0.9843594,0.9843594,5.173458e-05,0.0071926755,0.00023593292
2023-04-26,7.733381e-06,0.029604524,0.9512677,0.9808722,0.9808723,7.1829796e-05,0.008475246,0.00040430087
2023-04-27,4.080016e-06,0.05245861,0.93230057,0.98475915,0.98475915,7.664374e-05,0.008754641,0.00026770268
2023-04-28,5.252094e-07,0.15042602,0.8426278,0.99305385,0.99305385,9.5537835e-05,0.009774346,7.561162e-05
2023-05-01,6.2147166e-07,0.12578866,0.8671073,0.99289596,0.99289596,9.142477e-05,0.00956163,8.748145e-05
2023-05-02,7.0221273e-07,0.12159735,0.8709267,0.992524,0.992524,8.007638e-05,0.00894854,9.392929e-05
2023-05-03,2.3366867e-06,0.055033058,0.93330514,0.98833823,0.98833823,8.6491316e-05,0.009300071,0.00020037156
2023-05-04,1.1976937e-06,0.07429291,0.9168873,0.9911802,0.9911802,8.581269e-05,0.009263514,0.00013579572
2023-05-05,2.9807613e-06,0.04817082,0.93895966,0.98713046,0.98713046,8.3830324e-05,0.00915589,0.00023161373
2023-05-08,5.6244886e-07,0.13741219,0.85561925,0.99303144,0.99303144,9.757644e-05,0.0098780785,8.071238e-05
2023-05-09,7.3434285e-07,0.12300129,0.8693167,0.992318,0.992318,8.405164e-05,0.009167968,9.5592346e-05
2023-05-10,1.4902864e-06,0.08240362,0.9076133,0.9900169,0.9900169,7.638237e-05,0.008739701,0.00014928059
2023-05-11,1.5237592e-06,0.075482406,0.9146225,0.9901049,0.9901049,7.246692e-05,0.00851275,0.00015399151
2023-05-12,7.811092e-07,0.11266568,0.87957656,0.9922423,0.9922422,6.8085064e-05,0.008251367,0.00010068794
2023-05-15,3.0619617e-06,0.06723559,0.9190429,0.9862785,0.9862785,6.091947e-05,0.0078050923,0.00022315024
2023-05-16,1.4916063e-06,0.10601749,0.88345593,0.9894734,0.9894734,5.9763563e-05,0.00773069,0.00014169881
2023-05-17,3.1926722e-06,0.058995426,0.9272729,0.98626834,0.98626834,5.9323676e-05,0.0077021862,0.00023250449
2023-05-18,1.1694196e-06,0.09800627,0.89285535,0.9908616,0.9908616,6.6528875e-05,0.008156523,0.00012796758
2023-05-19,7.0803344e-07,0.11607674,0.87649083,0.9925676,0.99256754,6.923308e-05,0.008320642,9.526308e-05
2023-05-22,1.2629921e-06,0.079374745,0.91150236,0.9908771,0.9908771,6.170298e-05,0.007855125,0.00013844183
2023-05-23,7.0124366e-07,0.1289113,0.86348045,0.99239177,0.99239177,5.7509267e-05,0.0075834864,9.216904e-05
2023-05-24,2.346015e-06,0.051468357,0.93697625,0.9884446,0.9884446,6.732404e-05,0.008205123,0.00020302372
2023-05-25,2.5547465e-06,0.04963666,0.9383895,0.98802614,0.98802614,6.828871e-05,0.008263699,0.00021336036
2023-05-26,1.4356468e-06,0.085408986,0.90480477,0.99021375,0.99021375,7.0169626e-05,0.008376732,0.00014670043
2023-05-30,6.390715e-07,0.1257285,0.8670573,0.9927858,0.9927858,7.8662335e-05,0.008869179,8.8585366e-05
2023-05-31,1.0986007e-06,0.09427201,0.89694184,0.99121386,0.99121386,6.884863e-05,0.008297508,0.0001250379
2023-06-01,2.0769992e-06,0.058265727,0.93064463,0.9889104,0.9889104,6.59644e-05,0.008121847,0.00018729214
2023-06-02,5.698457e-07,0.13374352,0.8593218,0.9930653,0.9930653,6.847419e-05,0.008274913,8.2173065e-05
2023-06-05,4.745729e-07,0.15233003,0.84106153,0.9933916,0.9933916,8.627375e-05,0.009288366,7.1813294e-05
2023-06-06,8.512667e-07,0.1220267,0.86972374,0.9917504,0.9917504,7.371012e-05,0.00858546,0.000103189086
2023-06-07,1.0258062e-06,0.115967736,0.8751235,0.99109125,0.99109125,6.54418e-05,0.008089611,0.00011514594
2023-06-08,1.7835183e-06,0.07852144,0.9107394,0.98926085,0.98926085,5.9839695e-05,0.007735612,0.00016607634
2023-06-09,6.7554794e-07,0.14465173,0.84763455,0.99228626,0.99228626,5.8964455e-05,0.0076788315,8.757728e-05
2023-06-12,3.4245518e-06,0.06774956,0.917801,0.9855506,0.9855506,5.1029554e-05,0.0071434975,0.00023700275
2023-06-13,8.464741e-07,0.13761756,0.8538804,0.991498,0.991498,5.5560526e-05,0.0074538933,9.956169e-05
2023-06-14,1.4406529e-06,0.09956802,0.89029306,0.9898611,0.9898611,5.3900527e-05,0.007341698,0.00014209123
2023-06-15,1.7552776e-06,0.09453057,0.8944141,0.9889447,0.9889447,4.952843e-05,0.007037644,0.00015877263
2023-06-16,6.85989e-07,0.14343414,0.8487719,0.9922061,0.9922061,5.997702e-05,0.007744483,8.80161e-05
2023-06-20,1.6815579e-06,0.07570688,0.91389775,0.98960465,0.98960465,5.924721e-05,0.007697221,0.00016176062
2023-06-21,1.5098362e-06,0.08652817,0.9033517,0.9898799,0.9898799,5.8024514e-05,0.0076173823,0.00014919192
2023-06-22,2.538245e-06,0.06440534,0.92320174,0.98760706,0.98760706,5.6377445e-05,0.0075084916,0.00020481383
2023-06-23,1.366852e-06,0.09998497,0.8901304,0.99011534,0.9901154,5.5338347e-05,0.007438975,0.00013828019
2023-06-26,5.0630824e-06,0.04146099,0.94222546,0.98368645,0.98368645,5.666799e-05,0.0075278142,0.0003103605
2023-06-27,4.026773e-06,0.057614695,0.9270642,0.98467886,0.98467886,5.9216432e-05,0.0076952213,0.0002628247
2023-06-28,1.1604386e-06,0.11570988,0.87482643,0.99053633,0.99053633,6.554304e-05,0.008095866,0.00012262039
2023-06-29,2.1012434e-06,0.084368944,0.9038246,0.9881936,0.9881936,5.851099e-05,0.0076492475,0.0001779745
2023-06-30,1.3711023e-06,0.10874027,0.88115203,0.9898923,0.9898923,5.6170225e-05,0.0074946797,0.00013564933
2023-07-03,8.330772e-07,0.12760577,0.8641405,0.9917463,0.9917463,6.536239e-05,0.0080847,0.00010093387
2023-07-05,5.016734e-07,0.18758331,0.8050221,0.99260545,0.99260545,5.7434067e-05,0.0075785266,6.784365e-05
2023-07-06,3.3422186e-06,0.074051306,0.91137886,0.9854302,0.9854302,4.726284e-05,0.0068747974,0.00022939328
2023-07-07,3.2094638e-06,0.05804776,0.92824435,0.9862921,0.9862921,5.121156e-05,0.007156225,0.00023413282
2023-07-10,2.8373886e-06,0.06575134,0.9211165,0.9868678,0.9868678,5.117365e-05,0.0071535762,0.00021606323
2023-07-11,2.320996e-06,0.09283792,0.89446753,0.98730546,0.98730546,5.0335082e-05,0.0070947222,0.00018283422
2023-07-12,2.2180893e-06,0.09096102,0.8966847,0.98764575,0.98764575,5.0870247e-05,0.007132338,0.00017954053
2023-07-13,1.6980752e-06,0.092173256,0.89702654,0.9891998,0.9891998,5.3407e-05,0.007308009,0.00015722652
2023-07-14,6.9677566e-07,0.14877379,0.843323,0.9920968,0.9920968,5.509917e-05,0.0074228817,8.8163535e-05
2023-07-17,1.47349e-06,0.10848488,0.8810401,0.98952496,0.98952496,4.7260404e-05,0.0068746204,0.00014066677
2023-07-18,8.053819e-07,0.14932968,0.8421631,0.99149275,0.99149275,4.42795e-05,0.0066542844,9.4670046e-05
2023-07-19,1.5187176e-06,0.103475586,0.8860197,0.9894953,0.9894953,4.5875346e-05,0.006773134,0.00014457475
2023-07-20,1.2357857e-06,0.12296667,0.8671216,0.9900882,0.9900882,4.259407e-05,0.0065264134,0.00012467854
2023-07-21,3.3745093e-06,0.065600015,0.92002606,0.9856261,0.9856261,4.3926444e-05,0.0066277026,0.00023476647
2023-07-24,2.5657102e-06,0.08467163,0.9022572,0.9869288,0.9869288,4.3790238e-05,0.0066174194,0.00019628758
2023-07-25,1.2611772e-06,0.13250192,0.8572609,0.9897628,0.9897628,4.3620985e-05,0.0066046184,0.00012319532
2023-07-26,2.8687534e-06,0.090876736,0.89505,0.98592675,0.98592675,3.951122e-05,0.006285795,0.00020384438
2023-07-27,4.6404807e-06,0.06852736,0.91453785,0.9830652,0.9830652,3.823336e-05,0.006183313,0.00027402022
2023-07-28,6.0825496e-06,0.049457908,0.93204665,0.98150456,0.98150456,4.2810036e-05,0.006542938,0.00032886752
2023-07-31,1.0397167e-06,0.13389441,0.85676897,0.99066335,0.9906634,5.0501098e-05,0.007106412,0.00011135864
2023-08-01,1.6010594e-06,0.1160511,0.87284535,0.9888964,0.9888964,4.470215e-05,0.0066859666,0.0001441932
2023-08-02,2.8672705e-06,0.0828625,0.90331274,0.98617524,0.98617524,4.169944e-05,0.0064575104,0.00020740108
2023-08-03,4.795208e-06,0.042887535,0.9411696,0.9840571,0.9840571,5.722887e-05,0.0075649763,0.00030077444
2023-08-04,1.882175e-06,0.08576484,0.9029766,0.9887414,0.9887414,5.905765e-05,0.0076848976,0.00016717661
2023-08-07,5.5508e-06,0.042708408,0.9400955,0.9828039,0.9828039,5.7119272e-05,0.0075577293,0.00032279376
2023-08-08,9.489021e-07,0.13110393,0.86003876,0.9911427,0.9911427,6.233787e-05,0.007895433,0.00010713209
2023-08-09,4.1880035e-06,0.05123998,0.93337315,0.9846131,0.9846131,5.7268386e-05,0.007567588,0.00027218016
2023-08-10,3.9170277e-06,0.05262206,0.9324357,0.9850578,0.9850578,6.007542e-05,0.0077508334,0.0002621448
2023-08-11,3.6917713e-06,0.058518626,0.92672676,0.9852454,0.9852454,5.993508e-05,0.007741775,0.00025021165
2023-08-14,2.1609412e-06,0.08360068,0.9044095,0.9880102,0.9880102,5.9269787e-05,0.0076986873,0.00018023205
2023-08-15,1.4586706e-06,0.11916714,0.8701176,0.98928475,0.98928475,5.8130696e-05,0.007624349,0.00013613039
2023-08-16,4.738101e-06,0.041432522,0.94277924,0.98421174,0.98421174,6.8921945e-05,0.008301924,0.00030010284
2023-08-17,3.4952982e-06,0.049612243,0.9363871,0.98599935,0.98599935,7.207842e-05,0.008489901,0.00024965248
2023-08-18,3.5899288e-06,0.045704674,0.940305,0.98600966,0.98600966,7.403374e-05,0.008604286,0.0002566005
2023-08-21,2.9946495e-06,0.055277254,0.93150944,0.98678666,0.98678666,7.3208226e-05,0.008556181,0.00022663841
2023-08-22,1.4392018e-06,0.09165694,0.8983638,0.99002075,0.99002075,7.338263e-05,0.0085663665,0.00014421946
2023-08-23,2.9245411e-06,0.06090031,0.92588097,0.9867813,0.9867813,6.813311e-05,0.008254278,0.0002212427
2023-08-24,7.66463e-07,0.12282062,0.8693408,0.9921614,0.9921614,7.323103e-05,0.008557513,9.778052e-05
2023-08-25,2.693015e-06,0.04821441,0.9395467,0.98776114,0.98776114,8.899075e-05,0.009433491,0.00022003805
2023-08-28,8.915978e-07,0.09034767,0.9017739,0.9921216,0.9921216,8.855951e-05,0.009410606,0.000113169575
2023-08-29,6.0710215e-07,0.12891096,0.86402714,0.9929381,0.9929381,8.415383e-05,0.0091735395,8.5968684e-05
2023-08-30,5.602304e-07,0.12211521,0.8711675,0.9932827,0.9932827,9.91872e-05,0.009959277,8.3400824e-05
2023-08-31,6.3391906e-07,0.11735446,0.87561417,0.9929686,0.9929686,8.885011e-05,0.009426033,9.015569e-05
2023-09-01,7.798493e-07,0.11348884,0.87876093,0.9922498,0.9922498,7.875178e-05,0.00887422,0.00010062295
2023-09-05,7.9279806e-07,0.12766525,0.8642746,0.9919399,0.9919399,7.030341e-05,0.008384713,9.836085e-05
2023-09-06,1.4017545e-06,0.09118043,0.8989336,0.99011403,0.99011403,6.415869e-05,0.0080099115,0.00014179235
2023-09-07,4.0329724e-06,0.050974812,0.93393713,0.9849119,0.9849119,6.345576e-05,0.007965912,0.00026729525
2023-09-08,3.7276266e-06,0.05656719,0.92870754,0.98527473,0.98527473,6.383852e-05,0.007989901,0.0002531449
2023-09-11,2.6741955e-06,0.074623816,0.91232467,0.9869485,0.9869485,6.311343e-05,0.007944397,0.00020489549
2023-09-12,1.609877e-06,0.09829388,0.8909968,0.9892907,0.9892907,6.328186e-05,0.00795499,0.00015032534
2023-09-13,3.4635495e-06,0.054640323,0.9312258,0.9858661,0.98586607,6.1171835e-05,0.007821242,0.00024505315
2023-09-14,1.9295846e-06,0.08966548,0.89883316,0.9884986,0.9884986,6.0480805e-05,0.0077769407,0.00016776996
2023-09-15,1.2759467e-06,0.09846928,0.8920013,0.9904705,0.9904705,6.261856e-05,0.007913189,0.0001338948
2023-09-18,3.577953e-06,0.041677017,0.94460994,0.98628694,0.98628694,8.1800856e-05,0.009044383,0.0002609157
2023-09-19,9.91204e-07,0.11581981,0.87540483,0.99122465,0.99122465,8.085455e-05,0.008991916,0.000112953174
2023-09-20,2.8729187e-06,0.060886163,0.92603743,0.9869236,0.9869236,7.236395e-05,0.0085067,0.00021970215
2023-09-21,3.4742516e-06,0.046284508,0.9399464,0.9862309,0.9862309,7.528889e-05,0.008676917,0.00025232253
2023-09-22,7.1196437e-06,0.025489694,0.9566166,0.98210627,0.98210627,8.738591e-05,0.009348043,0.00039788478
2023-09-25,3.2760681e-06,0.04854222,0.9379551,0.9864973,0.9864973,9.086577e-05,0.009532354,0.00024262289
2023-09-26,1.710606e-06,0.07598824,0.9135319,0.98952013,0.98952013,8.9285015e-05,0.009449075,0.00016322783
2023-09-27,5.689292e-06,0.028620893,0.95510113,0.98372203,0.98372203,0.00010033997,0.010016984,0.00034950871
2023-09-28,2.8210595e-06,0.051731605,0.93558353,0.9873151,0.9873151,0.00010152542,0.010075982,0.00022239542
2023-09-29,1.381471e-06,0.080622286,0.90983295,0.9904552,0.99045527,9.942616e-05,0.009971267,0.0001447356
2023-10-02,2.598897e-06,0.054234076,0.9334778,0.9877119,0.9877119,9.239408e-05,0.009612184,0.00021149717
2023-10-03,1.8862062e-06,0.07015903,0.9189545,0.9891135,0.9891135,8.886517e-05,0.009426832,0.00017326119
2023-10-04,3.497274e-06,0.040666055,0.9458002,0.9864662,0.9864662,9.66442e-05,0.009830778,0.0002584109
2023-10-05,9.921974e-07,0.090778895,0.9009233,0.9917022,0.9917022,9.693617e-05,0.009845617,0.00011957354
2023-10-06,1.7134438e-06,0.07358334,0.91595644,0.9895398,0.9895398,8.835296e-05,0.0093996255,0.00016380606
2023-10-09,1.2941478e-06,0.08193332,0.9087501,0.99068344,0.99068344,9.257215e-05,0.009621442,0.00013890828
2023-10-10,6.734862e-07,0.11127567,0.8815621,0.9928378,0.9928378,8.856495e-05,0.009410895,9.4033254e-05
2023-10-11,8.102495e-07,0.10603791,0.88619584,0.99223375,0.99223375,8.15375e-05,0.009029812,0.00010432961
2023-10-12,6.844259e-07,0.12595451,0.8665851,0.9925396,0.9925396,7.468337e-05,0.008641954,9.174099e-05
2023-10-13,1.4740917e-06,0.071619116,0.9186819,0.990301,0.990301,7.0403854e-05,0.0083907,0.00015198409
2023-10-16,2.1045e-06,0.06040654,0.9283366,0.9887432,0.9887432,6.807359e-05,0.008250672,0.00018695343
2023-10-17,6.372331e-07,0.12025501,0.8726389,0.9928939,0.9928939,7.1684735e-05,0.008466684,8.967378e-05
2023-10-18,1.8220101e-06,0.07346574,0.91575885,0.9892246,0.9892246,6.319855e-05,0.007949752,0.00016908998
2023-10-19,3.297526e-06,0.04002243,0.9468875,0.9869099,0.9869099,7.328495e-05,0.008560663,0.00025191042
2023-10-20,2.9153196e-06,0.04326892,0.94423634,0.98750526,0.98750526,7.5939606e-05,0.008714333,0.00023332369
2023-10-23,3.2052965e-06,0.03741052,0.949829,0.9872395,0.9872395,8.143474e-05,0.00902412,0.00025118855
2023-10-24,3.3793158e-06,0.050415695,0.9357692,0.9861849,0.9861849,8.06923e-05,0.008982889,0.00024461022
2023-10-25,1.6809781e-06,0.06776355,0.9220109,0.98977447,0.98977447,8.15943e-05,0.009032956,0.00016439025
2023-10-26,4.139559e-06,0.03256937,0.95327854,0.9858479,0.9858479,9.143866e-05,0.009562356,0.00029250476
2023-10-27,4.1089725e-06,0.03335189,0.95248586,0.98583776,0.98583776,9.6179385e-05,0.009807109,0.00029013574
2023-10-30,2.4938338e-06,0.048888944,0.9392885,0.9881774,0.9881774,9.646417e-05,0.009821618,0.00021093817
2023-10-31,6.7532545e-07,0.104813516,0.88811207,0.9929256,0.9929256,9.9793346e-05,0.009989662,9.5460244e-05
2023-11-01,9.3775884e-07,0.0817572,0.91028863,0.9920458,0.9920458,9.3171504e-05,0.009652539,0.0001178951
2023-11-02,6.4292897e-07,0.1045681,0.8885342,0.9931023,0.9931023,9.4632516e-05,0.009727924,9.3209346e-05
2023-11-03,3.8635415e-07,0.1663172,0.82749426,0.9938114,0.9938115,0.00012167641,0.011030703,6.243026e-05
2023-11-06,4.972733e-07,0.13940962,0.85403126,0.99344087,0.99344087,0.00011423689,0.010688166,7.581387e-05
2023-11-07,5.3549627e-07,0.14154825,0.8516257,0.9931739,0.99317396,9.868126e-05,0.009933844,7.844832e-05
2023-11-08,5.683362e-07,0.13437992,0.85870004,0.99307996,0.99307996,8.557397e-05,0.00925062,8.212904e-05
2023-11-09,6.360127e-07,0.12576734,0.86704177,0.9928091,0.9928091,7.409087e-05,0.0086076055,8.8447094e-05
2023-11-10,2.5200957e-06,0.053775985,0.93416923,0.9879452,0.9879452,7.2954645e-05,0.008541349,0.00020905328
2023-11-13,5.5473856e-07,0.13068126,0.8624964,0.99317765,0.99317765,8.3258696e-05,0.00912462,8.131198e-05
2023-11-14,6.802648e-07,0.12622237,0.86631745,0.9925398,0.9925398,7.253461e-05,0.008516725,9.118615e-05
2023-11-15,4.7548286e-07,0.14075214,0.852806,0.9935581,0.9935581,0.00010922634,0.010451141,7.381107e-05
2023-11-16,5.9787465e-07,0.12072231,0.8723884,0.9931107,0.9931107,9.414832e-05,0.009703006,8.678328e-05
2023-11-17,5.9463434e-07,0.12921077,0.8637898,0.99300057,0.99300057,8.2861596e-05,0.009102834,8.495464e-05
2023-11-20,1.0619843e-06,0.09971675,0.8915492,0.991266,0.991266,7.231417e-05,0.008503774,0.00012159215
2023-11-21,5.9215887e-07,0.14193782,0.8508676,0.9928055,0.9928055,7.111689e-05,0.008433083,8.230694e-05
2023-11-22,1.4599075e-06,0.119756036,0.869501,0.98925704,0.98925704,6.189858e-05,0.007867565,0.00013589431
2023-11-24,1.7600621e-06,0.107872695,0.8806937,0.98856634,0.9885664,5.689201e-05,0.0075426796,0.00015393688
2023-11-27,8.1059113e-07,0.16897315,0.82204556,0.9910187,0.9910187,5.188442e-05,0.007203084,9.0253336e-05
2023-11-28,3.650572e-06,0.08020714,0.9043132,0.9845203,0.9845203,4.412974e-05,0.006643022,0.00023582988
2023-11-29,4.758233e-06,0.0741173,0.90845394,0.98257124,0.98257124,4.3609554e-05,0.006603753,0.0002730105
2023-11-30,4.2140778e-06,0.08317587,0.9000405,0.98321635,0.9832164,4.443409e-05,0.00666589,0.00025108224
2023-12-01,4.152263e-06,0.07814693,0.905468,0.9836149,0.9836149,4.537269e-05,0.006735925,0.00025341735
2023-12-04,2.565612e-06,0.095294096,0.89132243,0.98661655,0.98661655,4.7786423e-05,0.0069127725,0.00019170037
2023-12-05,3.156913e-06,0.07849665,0.9071375,0.98563415,0.98563415,4.7987774e-05,0.0069273207,0.00021975118
2023-12-06,3.5442574e-06,0.0765853,0.9083104,0.9848957,0.9848957,4.6699904e-05,0.006833733,0.00023465231
2023-12-07,3.87816e-06,0.06816126,0.91632557,0.9844868,0.9844868,4.7328274e-05,0.0068795546,0.00024999128
2023-12-08,1.4529405e-06,0.11773033,0.871653,0.98938334,0.98938334,5.099498e-05,0.007141077,0.00013685477
2023-12-11,2.7817105e-06,0.08059484,0.90594655,0.9865414,0.9865414,4.7886304e-05,0.006919993,0.00020668632
2023-12-12,1.4004497e-06,0.12355807,0.865877,0.989435,0.989435,4.7265472e-05,0.006874989,0.0001325558
2023-12-13,1.8824888e-06,0.10882767,0.87932783,0.9881555,0.9881555,4.4687662e-05,0.006684883,0.00015893337
2023-12-14,7.301541e-07,0.15581353,0.8359268,0.9917403,0.9917403,6.1042316e-05,0.007812958,8.839944e-05
2023-12-15,1.7387051e-06,0.10021651,0.8886359,0.9888524,0.9888524,5.317705e-05,0.0072922595,0.00015597099
2023-12-18,2.6049631e-06,0.06761955,0.9197107,0.98733026,0.98733026,5.2458043e-05,0.0072427923,0.00020560506
2023-12-19,6.30699e-07,0.16010435,0.8321792,0.9922835,0.9922835,5.2840474e-05,0.0072691455,8.173406e-05
2023-12-20,7.70775e-07,0.15172413,0.8399173,0.9916414,0.9916414,5.013345e-05,0.0070804977,9.2213435e-05
2023-12-21,5.2427986e-06,0.043444593,0.93983763,0.9832822,0.9832822,7.321257e-05,0.008556435,0.00031360594
2023-12-22,7.8398745e-07,0.12970711,0.86225235,0.99195945,0.99195945,7.7769444e-05,0.008818698,9.7504235e-05
2023-12-26,1.0155309e-06,0.12250879,0.8685132,0.991022,0.991022,6.827159e-05,0.008262662,0.00011311314
2023-12-27,1.026635e-06,0.12629114,0.86459124,0.9908824,0.9908824,6.2298226e-05,0.0078929225,0.00011259922
2023-12-28,2.000335e-06,0.090024225,0.89830685,0.9883311,0.9883311,5.5221004e-05,0.007431084,0.00017142417
2023-12-29,2.4261092e-06,0.090018086,0.8971164,0.9871345,0.9871345,5.160907e-05,0.0071839453,0.00018857504
2024-01-02,5.290478e-06,0.05147633,0.93127716,0.98275346,0.9827535,4.9581937e-05,0.007041444,0.00030675583
2024-01-03,4.6352557e-06,0.04881974,0.9351287,0.9839484,0.9839484,5.3195155e-05,0.007293501,0.00028877237
2024-01-04,4.7150816e-06,0.045952298,0.9380193,0.9839716,0.9839716,5.7812504e-05,0.0076034535,0.00029417037
2024-01-05,4.7339886e-06,0.05291942,0.93063766,0.9835571,0.9835571,5.947919e-05,0.0077122753,0.0002879048
2024-01-08,4.625802e-06,0.057129655,0.9264619,0.98359156,0.98359156,6.0161663e-05,0.007756395,0.00028191594
2024-01-09,6.937427e-07,0.14401965,0.8481478,0.9921675,0.9921675,7.1544055e-05,0.008458372,8.8572015e-05
2024-01-10,2.0190273e-06,0.083747275,0.9046567,0.988404,0.988404,6.179167e-05,0.007860768,0.00017411375
2024-01-11,9.999197e-07,0.12548152,0.86554325,0.9910248,0.99102473,6.041052e-05,0.0077724205,0.00011140909
2024-01-12,1.9084732e-06,0.08908657,0.8995066,0.9885932,0.9885932,5.333703e-05,0.0073032207,0.00016731044
2024-01-16,1.0054313e-06,0.13027991,0.8606018,0.9908817,0.9908817,4.990839e-05,0.007064587,0.000110264984
2024-01-17,4.760384e-06,0.052377883,0.9311902,0.9835681,0.9835681,4.59012e-05,0.0067750425,0.0002897033
2024-01-18,3.1783866e-06,0.06704421,0.9189355,0.9859797,0.9859797,4.9240654e-05,0.0070171687,0.00022669851
2024-01-19,2.0665154e-06,0.08267525,0.9056431,0.9883184,0.9883183,5.34648e-05,0.0073119625,0.00017690321
2024-01-22,8.5613294e-07,0.12082815,0.8709109,0.99173903,0.99173903,6.27994e-05,0.007924607,0.000103635946
2024-01-23,8.3702713e-07,0.12357497,0.86824095,0.9918159,0.9918159,5.5997356e-05,0.0074831382,0.0001022751
2024-01-24,7.193516e-07,0.14338753,0.8486607,0.99204826,0.99204826,5.0375085e-05,0.007097541,9.046472e-05
2024-01-25,2.0917055e-06,0.089359365,0.89873564,0.988095,0.988095,4.358871e-05,0.0066021746,0.00017569953
2024-01-26,9.907842e-07,0.13299896,0.8579204,0.99091935,0.99091935,4.3718865e-05,0.0066120243,0.00010910941
2024-01-29,3.4662305e-06,0.07431759,0.9108295,0.98514706,0.98514706,3.8780276e-05,0.006227381,0.00023336998
2024-01-30,9.925379e-07,0.14227651,0.8484269,0.9907034,0.9907034,4.319793e-05,0.0065725134,0.00010676359
2024-01-31,2.5122783e-06,0.09050356,0.8963357,0.9868393,0.9868393,3.7773712e-05,0.0061460324,0.00019089237
2024-02-01,5.272722e-06,0.03772736,0.9459063,0.98363364,0.98363364,6.14216e-05,0.007837193,0.00032216823
2024-02-02,5.830437e-07,0.14027555,0.85260665,0.9928822,0.9928822,6.95703e-05,0.008340881,8.191338e-05
2024-02-05,6.289901e-07,0.12842612,0.8643764,0.99280256,0.99280256,7.474331e-05,0.008645421,8.7390814e-05
2024-02-06,1.1660172e-06,0.09607962,0.8948388,0.9909184,0.9909184,6.712239e-05,0.008192825,0.00012839334
2024-02-07,7.5642447e-07,0.13070208,0.86139035,0.99209243,0.99209243,6.193728e-05,0.007870024,9.565828e-05
2024-02-08,6.634336e-07,0.14677106,0.845555,0.9923261,0.9923261,6.272726e-05,0.007920055,8.645303e-05
2024-02-09,1.0117255e-06,0.13753623,0.85317665,0.9907129,0.9907129,5.3712414e-05,0.0073288754,0.00010893858
2024-02-12,1.5977411e-06,0.11330762,0.8756722,0.9889798,0.9889798,5.111629e-05,0.007149566,0.00014498316
2024-02-13,1.7336937e-06,0.11387936,0.874595,0.98847437,0.98847437,4.6403038e-05,0.0068119774,0.00015042072
2024-02-14,4.827861e-06,0.039953418,0.944229,0.9841824,0.9841824,6.4811e-05,0.008050528,0.00030522118
2024-02-15,6.564268e-07,0.14418872,0.84820944,0.99239814,0.99239814,6.916146e-05,0.008316337,8.635085e-05
2024-02-16,7.4757656e-07,0.13666785,0.855371,0.99203885,0.99203885,6.577441e-05,0.008110142,9.390304e-05
2024-02-20,2.6605078e-06,0.0639945,0.9233531,0.98734754,0.9873476,6.0673134e-05,0.007789296,0.00021027599
2024-02-21,2.491326e-06,0.06188533,0.92589086,0.9877762,0.9877762,6.0766793e-05,0.007795306,0.00020380979
2024-02-22,1.3950928e-06,0.109076485,0.88070077,0.98977727,0.98977727,5.878683e-05,0.007667257,0.00013646965
2024-02-23,4.3564538e-07,0.1690834,0.8243053,0.9933887,0.9933887,9.811298e-05,0.0099051995,6.589418e-05
2024-02-26,8.222983e-07,0.12539163,0.866447,0.99183863,0.9918386,8.1353646e-05,0.009019625,0.00010075499
2024-02-27,8.981322e-07,0.12186192,0.8696431,0.991505,0.991505,7.317403e-05,0.008554182,0.000105725136
2024-02-28,8.438295e-07,0.13018611,0.8614389,0.99162495,0.99162495,6.4873544e-05,0.008054411,0.00010075518
2024-02-29,1.1201901e-06,0.11046704,0.8803179,0.99078494,0.99078494,5.702444e-05,0.007551453,0.00012156084
2024-03-01,3.6060617e-06,0.06536388,0.91986936,0.98523325,0.98523325,5.2599156e-05,0.0072525274,0.0002442014
2024-03-04,9.522118e-07,0.1267171,0.86448455,0.99120164,0.99120164,5.74737e-05,0.007581141,0.00010822604
2024-03-05,1.2844075e-06,0.13071226,0.8589692,0.9896815,0.9896815,5.0837996e-05,0.0071300766,0.00012447598
2024-03-06,4.0954415e-06,0.049492676,0.9354055,0.98489815,0.98489815,5.8631584e-05,0.0076571265,0.00027118807
2024-03-07,1.1539119e-06,0.113320775,0.8773002,0.990621,0.990621,6.0113107e-05,0.007753264,0.00012303106
2024-03-08,6.3186906e-07,0.15045182,0.8419824,0.99243426,0.99243426,6.453612e-05,0.008033438,8.351719e-05
2024-03-11,3.426615e-06,0.05385207,0.93213654,0.9859886,0.9859886,6.0764138e-05,0.0077951355,0.00024455937
2024-03-12,1.4605539e-06,0.0984427,0.8913466,0.9897893,0.98978925,6.0125967e-05,0.0077540935,0.0001430416
2024-03-13,7.987993e-07,0.12825836,0.8636391,0.99189746,0.99189746,6.593699e-05,0.00812016,9.858633e-05
2024-03-14,1.0386204e-06,0.11920476,0.87174463,0.9909494,0.9909494,5.8139216e-05,0.0076249074,0.000114756986
2024-03-15,3.938038e-06,0.050562922,0.93459696,0.9851599,0.9851599,5.227946e-05,0.0072304537,0.0002653642
2024-03-18,3.2974249e-06,0.04883355,0.93763655,0.9864701,0.9864701,5.803608e-05,0.0076181414,0.00024371398
2024-03-19,1.0569565e-06,0.108082324,0.88304377,0.99112606,0.99112606,5.9323218e-05,0.007702157,0.00011910793
2024-03-20,1.2724541e-06,0.11209371,0.8780594,0.9901531,0.9901531,5.6542907e-05,0.0075195017,0.0001292235
2024-03-21,9.5184714e-07,0.1242514,0.8670125,0.9912639,0.9912639,6.0043298e-05,0.007748761,0.00010895594
2024-03-22,9.022838e-07,0.13182315,0.85952866,0.99135184,0.99135184,5.4214892e-05,0.0073630763,0.00010433249
2024-03-25,2.124478e-06,0.08427382,0.9038553,0.98812914,0.98812914,4.8073503e-05,0.0069335056,0.00017896578
2024-03-26,1.1416835e-06,0.12963715,0.86064243,0.9902796,0.99027956,4.631037e-05,0.006805172,0.000117452495
2024-03-27,3.5976045e-06,0.06513727,0.9200993,0.9852366,0.9852366,4.1534746e-05,0.0064447457,0.00024368377
2024-03-28,1.9058574e-06,0.0956448,0.8928031,0.9884479,0.9884479,4.617571e-05,0.0067952713,0.00016497937
2024-04-01,3.525869e-06,0.064596154,0.92084026,0.98543644,0.98543644,4.314523e-05,0.006568503,0.00024210213
2024-04-02,2.0124746e-06,0.098655306,0.88933676,0.98799205,0.98799205,4.349553e-05,0.0065951142,0.00016759516
2024-04-03,4.1426406e-06,0.053241674,0.9313852,0.9846269,0.9846269,4.4945056e-05,0.0067041074,0.00026947315
2024-04-04,1.9323058e-06,0.098953865,0.8892859,0.98823977,0.98823977,4.604813e-05,0.0067858775,0.00016430844
2024-04-05,6.8334025e-06,0.035670094,0.9457965,0.9814666,0.9814666,5.826127e-05,0.007632907,0.00036870726
2024-04-08,9.780991e-07,0.11906512,0.8721739,0.991239,0.991239,6.565314e-05,0.008102663,0.000111642556
2024-04-09,1.2660556e-06,0.11534814,0.87476295,0.9901111,0.9901111,5.8255693e-05,0.007632542,0.00012802811
2024-04-10,2.9761302e-06,0.06694775,0.9195538,0.9865016,0.9865016,5.2334668e-05,0.00723427,0.00022047981
2024-04-11,3.2579044e-06,0.050575998,0.93588674,0.9864627,0.9864627,5.8132977e-05,0.0076244986,0.00024066152
2024-04-12,8.6096395e-07,0.1258637,0.865775,0.9916387,0.99163866,6.0383518e-05,0.007770683,0.000102970356
2024-04-15,3.9981783e-06,0.04109304,0.9444396,0.98553264,0.98553264,7.8107914e-05,0.008837868,0.00027635857
2024-04-16,4.230492e-06,0.038340043,0.9469394,0.98527944,0.98527944,8.449135e-05,0.009191918,0.00028738662
2024-04-17,2.5683742e-06,0.0548899,0.9328697,0.9877596,0.9877596,8.4393716e-05,0.009186605,0.00020982747
2024-04-18,3.1493446e-06,0.04926344,0.93745434,0.98671776,0.98671776,8.335339e-05,0.009129808,0.00023710946
2024-04-19,3.8593207e-06,0.049698465,0.93557966,0.9852781,0.9852781,8.153769e-05,0.009029822,0.0002621488
2024-04-22,4.6224345e-06,0.03906684,0.94548833,0.9845552,0.9845552,8.412713e-05,0.009172085,0.00029928715
2024-04-23,9.3020435e-07,0.11107024,0.88051206,0.9915823,0.9915823,8.7315144e-05,0.009344257,0.000110505425
2024-04-24,6.923029e-07,0.11684379,0.87579083,0.99263465,0.99263465,9.278719e-05,0.009632611,9.399462e-05
2024-04-25,9.3885114e-07,0.10520457,0.88643986,0.99164444,0.99164444,8.200538e-05,0.009055682,0.000112362475
2024-04-26,1.6128662e-06,0.071483575,0.9183973,0.98988086,0.98988086,7.5307864e-05,0.008678011,0.00015938767
2024-04-29,5.671563e-07,0.13470975,0.8583685,0.9930783,0.99307823,7.6883676e-05,0.008768334,8.193877e-05
2024-04-30,6.36479e-07,0.13862757,0.8539593,0.9925869,0.9925869,6.80733e-05,0.008250655,8.585881e-05
2024-05-01,3.6476877e-06,0.03785938,0.94850504,0.9863644,0.9863644,9.494097e-05,0.009743766,0.00026751254
2024-05-02,1.8738298e-06,0.06079412,0.92855036,0.9893445,0.9893445,9.414713e-05,0.009702944,0.00017585527
2024-05-03,6.1527214e-07,0.12047349,0.87252915,0.99300265,0.99300265,9.435577e-05,0.00971369,8.7929344e-05
2024-05-06,5.900946e-07,0.11682556,0.87638193,0.9932075,0.9932075,0.00010068044,0.010033964,8.687462e-05
2024-05-07,4.7003658e-07,0.15059884,0.84287083,0.99346966,0.99346966,0.00010071478,0.010035675,7.19773e-05
2024-05-08,7.614282e-07,0.117644735,0.87462074,0.99226546,0.99226546,8.548635e-05,0.009245883,9.844522e-05
2024-05-09,6.014776e-07,0.14349756,0.84921205,0.99270964,0.99270964,7.5530486e-05,0.0086908275,8.25031e-05
2024-05-10,5.875392e-07,0.14646584,0.8462884,0.9927542,0.9927542,6.91788e-05,0.008317379,8.10871e-05
2024-05-13,1.3440434e-06,0.10721144,0.8827716,0.989983,0.9899831,5.931059e-05,0.007701337,0.00013417655
2024-05-14,1.246809e-06,0.13003111,0.8597873,0.9898184,0.9898184,5.370203e-05,0.007328167,0.00012245702
2024-05-15,2.6060006e-06,0.08223416,0.9046256,0.98685974,0.98685974,4.992769e-05,0.0070659528,0.00019832182
2024-05-16,6.137856e-07,0.1593234,0.8330571,0.9923805,0.9923805,5.9854785e-05,0.0077365874,8.055457e-05
2024-05-17,1.2896123e-06,0.12045096,0.86943233,0.9898833,0.9898833,5.127925e-05,0.0071609532,0.00012747366
2024-05-20,1.6561629e-06,0.107839786,0.88106275,0.9889025,0.9889025,4.606199e-05,0.0067868982,0.0001492376
2024-05-21,7.9416105e-07,0.16091739,0.8303766,0.991294,0.991294,4.2340307e-05,0.006506943,9.1220245e-05
2024-05-22,1.2408781e-06,0.14634936,0.84312695,0.9894763,0.9894763,3.6777474e-05,0.0060644434,0.000117912976
2024-05-23,5.414029e-06,0.068579525,0.9129876,0.98156714,0.98156714,3.3627293e-05,0.0057989047,0.00029371624
2024-05-24,5.747202e-06,0.055282354,0.9263096,0.98159194,0.98159194,3.998984e-05,0.006323752,0.00031221117
2024-05-28,1.0524985e-06,0.14634587,0.843977,0.9903228,0.9903228,4.506109e-05,0.0067127557,0.00010876096
2024-05-29,2.2619672e-06,0.11049069,0.87640184,0.9868925,0.9868925,3.9121565e-05,0.0062547233,0.00017257074
2024-05-30,4.3860146e-06,0.062156133,0.92157555,0.9837317,0.9837317,4.229605e-05,0.0065035415,0.00026960476
2024-05-31,3.866757e-06,0.063487135,0.9211877,0.9846748,0.9846748,4.6274054e-05,0.0068025035,0.00025231385
2024-06-03,2.616888e-06,0.079314984,0.9076799,0.9869949,0.9869949,5.1501804e-05,0.0071764756,0.00020122048
2024-06-04,1.3749025e-06,0.1325663,0.85671544,0.9892817,0.9892818,4.9395487e-05,0.0070281923,0.00012827634
2024-06-05,1.8452392e-06,0.12239947,0.8654459,0.98784536,0.98784536,4.3807897e-05,0.0066187535,0.00015181358
2024-06-06,8.466724e-07,0.15266791,0.8385291,0.991197,0.991197,5.6312925e-05,0.007504194,9.617987e-05
2024-06-07,8.151759e-07,0.16848059,0.82252663,0.9910072,0.9910072,4.807306e-05,0.006933474,9.064771e-05
2024-06-10,2.9544824e-06,0.095115416,0.8904115,0.9855269,0.9855269,4.0687617e-05,0.0063786847,0.00020413639
2024-06-11,1.1324632e-06,0.15152638,0.8383017,0.9898281,0.9898281,3.9982904e-05,0.0063232034,0.00011133262
2024-06-12,1.6765804e-06,0.12840508,0.8598436,0.9882487,0.9882487,3.5397e-05,0.0059495377,0.00014267198
2024-06-13,2.4354104e-06,0.098191656,0.88864875,0.9868404,0.9868404,4.0318202e-05,0.0063496614,0.00018506758
2024-06-14,1.3117958e-06,0.14066891,0.8486729,0.98934186,0.98934186,3.859156e-05,0.0062122103,0.00012307918
2024-06-17,1.7275022e-06,0.1302898,0.8577561,0.9880459,0.9880459,3.4088553e-05,0.0058385404,0.00014451092
2024-06-18,1.5361417e-06,0.12510931,0.8637712,0.9888805,0.9888805,3.8776598e-05,0.006227086,0.00013814864
2024-06-20,1.1644044e-06,0.14535363,0.84448785,0.98984146,0.98984146,3.5722387e-05,0.005976821,0.00011462321
2024-06-21,4.731484e-06,0.06233689,0.9208097,0.98314655,0.98314655,3.2558695e-05,0.0057060225,0.0002807427
2024-06-24,3.032881e-06,0.07632192,0.9096837,0.9860056,0.9860056,3.611706e-05,0.0060097473,0.00021672112
2024-06-25,2.0818875e-06,0.10377814,0.88382834,0.98760647,0.98760647,3.679186e-05,0.0060656294,0.00016798175
2024-06-26,2.2780075e-06,0.11208102,0.8747238,0.9868048,0.98680484,3.5988294e-05,0.0059990245,0.00017263889
2024-06-27,3.3369065e-06,0.09959308,0.8848743,0.9844674,0.9844674,3.388421e-05,0.0058210148,0.00021483227
2024-06-28,2.5315658e-06,0.116531655,0.86941594,0.9859476,0.9859476,3.351255e-05,0.0057890024,0.00018015195
2024-07-01,7.312987e-06,0.047675557,0.9321736,0.97984916,0.97984916,3.3653912e-05,0.005801199,0.00036291225
2024-07-02,1.6281961e-06,0.13596165,0.85226715,0.9882288,0.9882288,3.8851096e-05,0.006233065,0.00013832029
2024-07-03,1.7165833e-06,0.13782343,0.8500645,0.9878879,0.987888,4.052264e-05,0.0063657393,0.00014172489
2024-07-05,1.2957128e-06,0.15632825,0.83268183,0.9890101,0.9890101,3.8673155e-05,0.0062187742,0.00011790028
2024-07-08,1.6725609e-06,0.13485095,0.85330033,0.98815125,0.9881513,3.833871e-05,0.006191826,0.0001411593
2024-07-09,1.5314482e-06,0.14723308,0.8410868,0.9883199,0.9883199,3.451332e-05,0.0058748038,0.00013111572
2024-07-10,1.4756429e-06,0.15576856,0.8324942,0.9882628,0.9882628,3.0651237e-05,0.005536356,0.0001257233
2024-07-11,1.1854706e-06,0.15716802,0.8323151,0.9894831,0.9894831,4.153204e-05,0.0064445357,0.000112720736
2024-07-12,3.879477e-06,0.069204584,0.91516966,0.9843742,0.9843742,4.805012e-05,0.0069318195,0.0002482742
2024-07-15,1.2932484e-06,0.132285,0.85735214,0.98963714,0.98963714,5.0430546e-05,0.007101447,0.00012479642
2024-07-16,1.0595575e-06,0.14944331,0.8407865,0.99022985,0.99022985,4.539757e-05,0.006737772,0.00010844838
2024-07-17,8.8193406e-07,0.15668401,0.8342494,0.99093336,0.9909334,4.413115e-05,0.006643128,9.727241e-05
2024-07-18,4.5884553e-06,0.05163036,0.93224895,0.9838793,0.9838793,6.976447e-05,0.0083525125,0.00028463177
2024-07-19,2.9857124e-06,0.06610114,0.92032546,0.9864266,0.9864266,7.284855e-05,0.008535136,0.00021996777
2024-07-22,3.909952e-06,0.052202553,0.9328904,0.985093,0.985093,7.313001e-05,0.008551609,0.0002622896
2024-07-23,6.570176e-07,0.14857353,0.8437509,0.9923244,0.9923244,7.742764e-05,0.008799298,8.559834e-05
2024-07-24,2.1644698e-06,0.09131828,0.8964268,0.98774505,0.98774505,6.6444365e-05,0.008151341,0.00017662
2024-07-25,8.559445e-06,0.025897505,0.95442146,0.98031896,0.98031896,0.00011049185,0.01051151,0.00043490823
2024-07-26,2.4806748e-06,0.05817768,0.92971313,0.98789084,0.98789084,0.000114773036,0.010713218,0.00020485936
2024-07-29,5.999502e-07,0.12925664,0.86370945,0.99296606,0.99296606,0.000116164934,0.010777984,8.529357e-05
2024-07-30,1.0612698e-06,0.10900852,0.88204026,0.9910488,0.9910488,0.000100953606,0.010047567,0.000118561904
2024-07-31,2.6588013e-06,0.057154365,0.9303522,0.98750657,0.98750657,9.312786e-05,0.009650278,0.00021281594
2024-08-01,5.0760644e-07,0.14351483,0.84978306,0.9932979,0.9932979,0.0001038198,0.0101892,7.5738135e-05
2024-08-02,2.446218e-06,0.05287685,0.93528914,0.988166,0.988166,0.000118688054,0.010894405,0.00020671057
2024-08-05,3.4685486e-06,0.032798607,0.9542455,0.9870441,0.9870441,0.00013250086,0.011510902,0.00026771953
2024-08-06,1.3566328e-05,0.012193983,0.9654747,0.9776687,0.9776687,0.00015891934,0.012606322,0.0006075029
2024-08-07,1.2786415e-06,0.06081316,0.93043625,0.9912494,0.99124944,0.00016798488,0.012960898,0.00014612015
2024-08-08,3.4168618e-06,0.03503044,0.9519535,0.9869839,0.9869839,0.00016046633,0.01266753,0.00026251032
2024-08-09,5.417584e-07,0.12318586,0.87013775,0.9933236,0.9933236,0.0001741746,0.013197523,8.114558e-05
2024-08-12,6.4542706e-07,0.10578967,0.8872183,0.99300796,0.99300796,0.0001542857,0.01242118,9.230881e-05
2024-08-13,6.6247077e-07,0.11490329,0.87789243,0.9927957,0.9927957,0.00013754275,0.011727862,9.1954986e-05
2024-08-14,4.8233636e-07,0.13439246,0.8591884,0.9935808,0.9935808,0.00015129228,0.012300093,7.513985e-05
2024-08-15,5.4430166e-07,0.13382891,0.8593676,0.9931965,0.9931965,0.00013165192,0.011473967,8.000303e-05
2024-08-16,4.6002688e-07,0.14094868,0.852685,0.9936336,0.9936336,0.00015149679,0.012308403,7.2258874e-05
2024-08-19,5.6504734e-07,0.13436759,0.8586976,0.9930652,0.9930652,0.00013023378,0.011412001,8.1479724e-05
2024-08-20,4.5077147e-07,0.1577571,0.83571917,0.9934763,0.9934763,0.00012409453,0.011139772,6.9097216e-05
2024-08-21,6.702945e-07,0.12823045,0.86429274,0.9925232,0.9925232,0.000104677376,0.010231196,8.964984e-05
2024-08-22,6.361493e-07,0.12641256,0.8663394,0.99275196,0.99275196,9.249266e-05,0.00961731,8.7768414e-05
2024-08-23,2.180866e-06,0.0510471,0.9378492,0.9888963,0.9888963,8.8988294e-05,0.009433361,0.00019640912
2024-08-26,5.396922e-07,0.13733892,0.8558492,0.99318814,0.99318814,9.114265e-05,0.009546866,7.922835e-05
2024-08-27,9.777787e-07,0.11404974,0.87722486,0.9912746,0.9912746,7.9452635e-05,0.00891362,0.00011206112
2024-08-28,9.2848654e-07,0.11937733,0.87202686,0.9914042,0.9914042,7.083623e-05,0.008416426,0.000108016
2024-08-29,2.2137283e-06,0.063125536,0.9253172,0.9884428,0.9884428,6.700803e-05,0.008185844,0.00019154503
2024-08-30,1.1266804e-06,0.10953898,0.8811997,0.9907387,0.9907387,6.4217995e-05,0.0080136135,0.00012165454
2024-09-03,1.2674038e-06,0.0903681,0.90029186,0.99065995,0.99065995,6.722088e-05,0.008198834,0.00013569565
2024-09-04,5.4935617e-06,0.024786284,0.95962614,0.98441243,0.98441243,0.000101558864,0.010077641,0.00035243225
2024-09-05,1.434229e-06,0.08015198,0.91012055,0.9902725,0.9902725,0.00010307584,0.010152628,0.000147441
2024-09-06,1.8895831e-06,0.08502481,0.90369284,0.9887177,0.9887177,9.579611e-05,0.009787548,0.00016748172
2024-09-09,6.700348e-06,0.02694768,0.9555669,0.98251456,0.98251456,0.00011349307,0.010653312,0.00038319585
2024-09-10,6.154057e-07,0.13910852,0.8536002,0.99270874,0.99270874,0.00011838084,0.010880296,8.440324e-05
2024-09-11,9.4788106e-07,0.12282962,0.86843324,0.99126285,0.99126285,0.00010407367,0.010201651,0.000108488624
2024-09-12,1.4399445e-06,0.08854117,0.9015432,0.99008435,0.99008435,0.000103664206,0.010181562,0.00014521938
2024-09-13,5.1282245e-07,0.14723274,0.84599984,0.9932326,0.9932326,0.000100855024,0.01004266,7.5778444e-05
2024-09-16,5.383232e-07,0.16373445,0.8290615,0.99279594,0.99279594,8.9552035e-05,0.009463194,7.4725016e-05
2024-09-17,7.2545396e-07,0.14924562,0.84265655,0.9919022,0.9919022,7.5055104e-05,0.008663435,8.958625e-05
2024-09-18,1.3428961e-06,0.10680393,0.8832059,0.99000984,0.99000984,6.397856e-05,0.007998659,0.00013442193
2024-09-19,2.1973576e-06,0.07844964,0.9095613,0.98801094,0.9880109,5.891271e-05,0.0076754615,0.00018328027
2024-09-20,5.078714e-07,0.14822432,0.8449937,0.993218,0.99321806,7.775282e-05,0.008817756,7.488525e-05
2024-09-23,1.4607392e-06,0.07533896,0.9149665,0.9903055,0.9903055,6.988171e-05,0.008359528,0.00015067685
2024-09-24,6.0400754e-07,0.14440292,0.8482806,0.99268353,0.99268353,6.5802305e-05,0.0081118625,8.25545e-05
2024-09-25,9.0918024e-07,0.12036116,0.87112546,0.9914866,0.9914866,5.7453675e-05,0.00757982,0.000106794134
2024-09-26,7.725873e-07,0.13371691,0.858179,0.9918959,0.9918959,5.164798e-05,0.007186653,9.533306e-05
2024-09-27,2.0255568e-06,0.09471387,0.8933357,0.98804957,0.98804957,4.6997735e-05,0.006855489,0.00016949652
2024-09-30,1.7911696e-06,0.104816265,0.88365614,0.9884724,0.9884724,4.426405e-05,0.006653123,0.00015538099
2024-10-01,2.587745e-06,0.07942137,0.9075831,0.9870045,0.9870045,4.2429987e-05,0.0065138303,0.00019912652
2024-10-02,3.881156e-06,0.04563312,0.93983716,0.9854703,0.9854703,4.77957e-05,0.0069134436,0.0002671187
2024-10-03,9.727455e-07,0.13432483,0.8565857,0.99091053,0.99091053,4.8803886e-05,0.0069859778,0.00010701895
2024-10-04,3.2859575e-06,0.08110058,0.904122,0.9852226,0.9852226,4.332298e-05,0.0065820194,0.00022236338
2024-10-07,9.815802e-07,0.13937561,0.85141844,0.99079406,0.99079406,4.8822876e-05,0.006987337,0.00010662469
2024-10-08,3.759043e-06,0.055872366,0.92933655,0.9852089,0.9852089,5.4519347e-05,0.007383722,0.0002541427
2024-10-09,6.602704e-07,0.16445729,0.8275343,0.9919916,0.99199164,5.9183432e-05,0.007693077,8.244702e-05
2024-10-10,7.031221e-07,0.16012564,0.8317131,0.99183875,0.9918387,5.7056975e-05,0.0075536068,8.615376e-05
2024-10-11,1.3452873e-06,0.11750293,0.8722528,0.98975575,0.98975575,4.8758913e-05,0.006982758,0.0001313212
2024-10-14,8.359795e-07,0.15023185,0.84107524,0.9913071,0.9913071,4.7807764e-05,0.0069143157,9.616786e-05
2024-10-15,5.8371654e-07,0.17658001,0.8156725,0.9922525,0.9922525,5.0564027e-05,0.007110839,7.534285e-05
2024-10-16,3.2810767e-06,0.06474434,0.9211085,0.98585284,0.98585284,5.308735e-05,0.0072861067,0.00023192473
2024-10-17,6.517616e-07,0.17105314,0.82086015,0.9919133,0.9919133,5.32962e-05,0.007300425,8.059692e-05
2024-10-18,1.5346665e-06,0.12557003,0.8632777,0.9888477,0.98884773,4.4402183e-05,0.006663496,0.00013760953
2024-10-21,1.3159195e-06,0.13425629,0.8552267,0.989483,0.989483,4.154247e-05,0.006445345,0.00012512307
2024-10-22,2.6137905e-06,0.10205592,0.8841059,0.9861618,0.9861618,3.7293248e-05,0.00610682,0.00018888264
2024-10-23,2.7619053e-06,0.10812649,0.8774432,0.98556966,0.9855697,3.5637393e-05,0.0059697065,0.00019139567
2024-10-24,6.161665e-06,0.050557952,0.93066597,0.98122394,0.98122394,4.3514287e-05,0.006596536,0.00032816606
2024-10-25,1.630241e-06,0.12659398,0.86187506,0.988469,0.988469,4.6856127e-05,0.0068451534,0.00014137903
2024-10-28,4.9992514e-06,0.066949025,0.9154548,0.9824038,0.9824038,4.205003e-05,0.0064845993,0.00028410996
2024-10-29,1.3227731e-06,0.14344054,0.84575856,0.9891991,0.9891991,4.405767e-05,0.006637595,0.0001224688
2024-10-30,3.8789103e-06,0.07719493,0.9069233,0.9841182,0.9841182,3.8878934e-05,0.0062352973,0.00024423655
2024-10-31,3.1072977e-06,0.09109411,0.8941705,0.98526466,0.98526466,3.993715e-05,0.006319585,0.00021087383
2024-11-01,6.774015e-06,0.035620343,0.94588506,0.9815054,0.9815054,7.519433e-05,0.008671466,0.00036626979
2024-11-04,1.2337489e-06,0.11408497,0.8761708,0.9902558,0.9902558,7.847664e-05,0.008858704,0.00012661332
2024-11-05,2.1824349e-06,0.08872842,0.89902174,0.9877502,0.9877502,7.0618255e-05,0.008403467,0.00017816045
2024-11-06,7.623768e-07,0.13724539,0.854671,0.9919164,0.9919164,7.809533e-05,0.008837156,9.4311756e-05
2024-11-07,3.502992e-07,0.18314783,0.81070715,0.993855,0.993855,0.0001490582,0.0122089395,5.700556e-05
2024-11-08,4.217941e-07,0.17383505,0.8196199,0.99345493,0.99345493,0.0001315417,0.011469163,6.444458e-05
2024-11-11,4.907386e-07,0.15934001,0.8338539,0.9931939,0.9931939,0.00011121109,0.010545667,7.210302e-05
2024-11-12,4.9738287e-07,0.16735415,0.8256551,0.99300927,0.99300927,9.331829e-05,0.009660139,7.114891e-05
2024-11-13,7.292416e-07,0.13134354,0.86083156,0.9921751,0.9921751,7.936487e-05,0.0089086965,9.3195034e-05
2024-11-14,2.0304376e-06,0.101067595,0.88678676,0.98785436,0.98785436,6.906087e-05,0.008310287,0.00016717422
2024-11-15,2.8475524e-06,0.08567634,0.9003539,0.9860302,0.9860302,6.772379e-05,0.008229447,0.00020383661
2024-11-18,6.4466026e-06,0.035176262,0.94689304,0.9820693,0.9820693,7.847365e-05,0.008858535,0.00035952905
2024-11-19,9.883526e-07,0.13515577,0.85567737,0.9908331,0.99083316,8.1288774e-05,0.009016029,0.00010781758
2024-11-20,2.6765938e-06,0.07372441,0.9132375,0.9869619,0.9869619,7.2166535e-05,0.008495089,0.0002052902
2024-11-21,2.3741845e-06,0.08037919,0.9071311,0.98751026,0.98751026,6.858352e-05,0.008281517,0.00019009085
2024-11-22,1.1270898e-06,0.120549284,0.8699819,0.99053115,0.99053115,6.6735665e-05,0.00816919,0.00011903129
2024-11-25,1.1006746e-06,0.14303352,0.84712976,0.99016327,0.99016327,6.020619e-05,0.0077592647,0.00011189432
2024-11-26,1.848024e-06,0.1117304,0.87639105,0.98812145,0.98812145,5.356866e-05,0.0073190616,0.00015557656
2024-11-27,1.257095e-06,0.13096978,0.85882205,0.9897918,0.9897918,5.161358e-05,0.007184259,0.00012314574
2024-11-29,1.2165605e-06,0.13339426,0.85645705,0.9898513,0.9898513,4.6941972e-05,0.006851421,0.00011987348
2024-12-02,7.709668e-07,0.16375555,0.82759154,0.9913471,0.9913471,4.6234476e-05,0.006799594,8.9098976e-05
2024-12-03,1.3046542e-06,0.13731779,0.8521108,0.9894286,0.9894286,3.945628e-05,0.0062814234,0.00012341334
2024-12-04,1.6498407e-06,0.14071985,0.84727824,0.98799807,0.98799807,3.4936413e-05,0.0059107034,0.0001374646
2024-12-05,1.9940414e-06,0.11810149,0.8694228,0.9875243,0.9875243,3.632496e-05,0.006027019,0.00015983367
2024-12-06,1.2403837e-06,0.15414058,0.8351285,0.9892691,0.9892691,3.397234e-05,0.00582858,0.00011558966
2024-12-09,2.1160263e-06,0.12896883,0.8578154,0.9867842,0.9867842,3.0061572e-05,0.0054828436,0.0001601136
2024-12-10,3.5528162e-06,0.09029755,0.8939332,0.9842307,0.98423076,3.1592434e-05,0.0056207147,0.00022529952
2024-12-11,3.8821095e-06,0.08113723,0.90275687,0.9838941,0.9838941,3.277728e-05,0.0057251444,0.00024103663
2024-12-12,1.018512e-06,0.1615045,0.8286101,0.9901146,0.9901146,3.8054903e-05,0.0061688656,0.000103032246
2024-12-13,3.132024e-06,0.09061956,0.8945868,0.98520637,0.98520637,3.7176145e-05,0.0060972245,0.0002117143
2024-12-16,3.183327e-06,0.09359242,0.89144015,0.98503256,0.98503256,3.6402675e-05,0.006033463,0.00021268344
2024-12-17,2.0543978e-06,0.109904125,0.8776632,0.9875673,0.9875673,3.718866e-05,0.0060982504,0.00016524155
2024-12-18,4.119689e-06,0.064196005,0.91998607,0.98418206,0.98418206,3.6738846e-05,0.006061258,0.0002604441
2024-12-19,2.3940045e-05,0.013346244,0.95581603,0.9691623,0.9691623,9.741046e-05,0.009869674,0.0007763236
2024-12-20,2.3142823e-06,0.05925228,0.9290132,0.98826545,0.98826545,0.00011704976,0.010818954,0.00019721959
2024-12-23,2.084655e-06,0.06451659,0.92421734,0.98873395,0.98873395,0.00011522998,0.010734523,0.00018503865
2024-12-24,6.8969456e-07,0.12158804,0.87100095,0.992589,0.992589,0.000110741355,0.010523372,9.306359e-05
2024-12-26,5.0743097e-07,0.15335709,0.83980477,0.99316186,0.99316186,0.000111507485,0.010559711,7.4205964e-05
2024-12-27,1.1609467e-06,0.12219756,0.8681592,0.99035674,0.99035674,9.415411e-05,0.009703304,0.000120389486
2024-12-30,2.0612956e-06,0.06378623,0.9250222,0.9888084,0.9888084,9.7069715e-05,0.009852396,0.00018418228
2024-12-31,2.0420796e-06,0.06020762,0.9287432,0.9889508,0.9889508,0.00010052897,0.010026413,0.00018481677
2025-01-02,2.2627648e-06,0.060465682,0.9278935,0.9883592,0.9883592,9.629087e-05,0.009812791,0.00019438246
2025-01-03,3.5855342e-06,0.059490032,0.9259281,0.98541814,0.98541814,9.203359e-05,0.009593414,0.00024589006
2025-01-06,6.2813905e-07,0.14048803,0.85210854,0.99259657,0.99259657,9.77154e-05,0.00988511,8.4844294e-05
2025-01-07,1.0837704e-06,0.098691605,0.8924721,0.9911637,0.9911637,8.8233144e-05,0.00939325,0.00012264939
2025-01-08,2.369384e-06,0.052763477,0.9355726,0.9883361,0.9883361,9.3003815e-05,0.009643849,0.00020313798
2025-01-10,7.52844e-07,0.1153247,0.87700313,0.9923278,0.9923278,8.946692e-05,0.009458696,9.8126344e-05
2025-01-13,2.558148e-06,0.04361636,0.9446692,0.98828554,0.98828554,0.00010717527,0.010352549,0.00021837527
2025-01-14,1.0480699e-06,0.09348511,0.89791805,0.99140316,0.99140316,0.00010388446,0.010192373,0.00012191342
2025-01-15,2.0308396e-06,0.06615887,0.9226714,0.98883027,0.98883027,9.4460105e-05,0.009719059,0.00018181633
2025-01-16,4.728102e-07,0.13979523,0.85377556,0.9935708,0.9935708,0.00011024523,0.010499773,7.3541116e-05
2025-01-17,6.958861e-07,0.11197152,0.8806803,0.9926518,0.9926518,9.522012e-05,0.009758079,9.4701834e-05
2025-01-21,5.5895003e-07,0.12892091,0.8642712,0.99319214,0.99319214,9.531785e-05,0.009763086,8.210359e-05
2025-01-22,4.944546e-07,0.1510372,0.8422293,0.9932665,0.9932665,9.321216e-05,0.009654645,7.343228e-05
2025-01-23,5.446618e-07,0.13922092,0.8539113,0.99313223,0.99313223,8.34379e-05,0.009134435,7.930698e-05
2025-01-24,5.754608e-07,0.15896189,0.8336682,0.99263006,0.99263006,7.5641976e-05,0.00869724,7.80822e-05
2025-01-27,6.989812e-07,0.14858519,0.8434598,0.992045,0.992045,6.517222e-05,0.008072931,8.7866734e-05
2025-01-28,3.2663625e-06,0.04862527,0.93796176,0.98658705,0.98658705,8.661594e-05,0.009306769,0.000243523
2025-01-29,5.9074694e-07,0.14140657,0.8513987,0.99280524,0.99280524,8.791558e-05,0.00937633,8.2107974e-05
2025-01-30,1.3624139e-06,0.09680498,0.8933058,0.99011075,0.99011075,7.853699e-05,0.00886211,0.00013776723
2025-01-31,1.0091483e-06,0.117181286,0.873938,0.9911193,0.9911193,7.410481e-05,0.008608416,0.00011363419
2025-02-03,2.9979485e-06,0.054177336,0.93269217,0.9868695,0.9868695,6.934469e-05,0.008327346,0.0002283197
2025-02-04,2.5768225e-06,0.06192057,0.9256278,0.9875484,0.9875484,7.0282855e-05,0.008383487,0.00020694728
2025-02-05,6.7204974e-07,0.15313566,0.8389857,0.99212134,0.99212134,7.024912e-05,0.008381475,8.5299995e-05
2025-02-06,8.908325e-07,0.14568019,0.8454136,0.9910938,0.9910938,6.189284e-05,0.0078672,0.00010002402
2025-02-07,1.3455624e-06,0.11948602,0.8702179,0.98970395,0.98970395,5.478718e-05,0.007401836,0.00013068729
2025-02-10,3.2440296e-06,0.05599285,0.93026704,0.9862599,0.9862599,5.953774e-05,0.00771607,0.00023609903
2025-02-11,5.016877e-07,0.17999972,0.81273377,0.9927335,0.9927335,6.1056424e-05,0.007813861,6.9040965e-05
2025-02-12,1.6274312e-06,0.115080945,0.87367797,0.9887589,0.9887589,5.018379e-05,0.0070840516,0.00014477536
2025-02-13,3.4014306e-06,0.073603265,0.9116668,0.9852701,0.9852701,4.681173e-05,0.0068419096,0.00023091988
2025-02-14,6.556822e-07,0.15938687,0.8327373,0.9921242,0.9921242,5.391219e-05,0.007342492,8.325277e-05
2025-02-18,7.638956e-07,0.16669999,0.82462525,0.99132526,0.99132526,4.5559143e-05,0.0067497515,8.8059765e-05
2025-02-19,1.2972314e-06,0.1419679,0.84736407,0.98933196,0.98933196,3.9590246e-05,0.006292078,0.0001215998
2025-02-20,1.373983e-06,0.13725787,0.85190195,0.9891598,0.9891598,3.551109e-05,0.0059591183,0.00012674912
2025-02-21,2.0388698e-06,0.10359503,0.8841233,0.98771834,0.98771834,3.4228466e-05,0.0058505097,0.00016600935
2025-02-24,6.8342724e-06,0.033180147,0.9485365,0.9817167,0.98171663,6.380069e-05,0.007987534,0.00037379848
2025-02-25,2.2127758e-06,0.07288285,0.91524994,0.9881328,0.9881328,6.809898e-05,0.008252211,0.0001864611
2025-02-26,3.966133e-06,0.04731318,0.93789256,0.9852057,0.9852057,6.6489185e-05,0.0081540905,0.0002680854
2025-02-27,2.7452309e-06,0.073524624,0.9132762,0.98680085,0.9868008,6.633067e-05,0.008144365,0.00020798542
2025-02-28,8.626919e-06,0.026619965,0.9534759,0.98009586,0.98009586,8.280088e-05,0.009099498,0.00043342344
2025-03-03,8.8340505e-07,0.101206884,0.890758,0.9919649,0.9919649,9.380671e-05,0.009685386,0.000109942936
2025-03-04,4.6003524e-06,0.03444276,0.95051825,0.98496103,0.98496103,0.000116727526,0.0108040515,0.00030589552
2025-03-05,3.5543594e-06,0.035465423,0.9512171,0.98668253,0.98668253,0.00012058886,0.010981296,0.00026689458
2025-03-06,7.5624945e-07,0.097877406,0.8947434,0.99262077,0.99262077,0.00012217443,0.011053254,0.000102483464
2025-03-07,2.9261757e-06,0.036370814,0.9515178,0.98788863,0.98788863,0.00014212236,0.011921508,0.00024160575
2025-03-10,1.4584526e-06,0.06559844,0.9249023,0.99050075,0.99050075,0.0001392202,0.01179916,0.00015353342
2025-03-11,8.600121e-06,0.016096886,0.96558523,0.9816821,0.9816821,0.00017869216,0.013367578,0.0004694933
2025-03-12,2.4663684e-06,0.03996617,0.94869834,0.9886645,0.9886645,0.00018231469,0.013502396,0.00021757929
2025-03-13,1.5074086e-06,0.058945954,0.9315853,0.99053127,0.99053127,0.00017647044,0.013284218,0.00015919853
2025-03-14,3.0633082e-06,0.034231037,0.9534997,0.9877307,0.98773074,0.00017681619,0.013297224,0.00024967224
2025-03-17,6.8249744e-07,0.09784044,0.89509225,0.9929327,0.9929327,0.00018570817,0.013627478,9.657086e-05
2025-03-18,6.1230224e-07,0.1099067,0.88323057,0.99313724,0.99313724,0.00017240665,0.013130371,8.9220994e-05
2025-03-19,1.4129231e-06,0.05435308,0.93655163,0.9909047,0.9909047,0.00016631349,0.012896258,0.00015534632
2025-03-20,6.1211136e-07,0.10135497,0.89190316,0.9932581,0.9932581,0.00016333499,0.0127802575,9.079237e-05
2025-03-21,8.130191e-07,0.08173278,0.9108509,0.99258363,0.99258363,0.00014725345,0.012134803,0.00010962497
2025-03-24,1.1645651e-06,0.06535909,0.92612255,0.99148166,0.99148166,0.00013560714,0.011645048,0.00013671271
2025-03-25,4.8081046e-07,0.1320073,0.8615764,0.9935837,0.9935837,0.00014691775,0.012120963,7.493554e-05
2025-03-26,6.2655096e-07,0.12136723,0.8715216,0.9928888,0.9928888,0.00012770967,0.01130087,8.810773e-05
2025-03-27,1.6482575e-06,0.04888253,0.94150275,0.9903853,0.9903853,0.00012997925,0.011400844,0.00017143087
2025-03-28,8.591334e-07,0.08668536,0.9056156,0.992301,0.992301,0.00012441963,0.011154355,0.000111590074
2025-03-31,3.7941659e-06,0.027288847,0.9595886,0.98687744,0.98687744,0.0001500691,0.01225027,0.00028913308
2025-04-01,2.0517625e-06,0.047781456,0.941565,0.98934644,0.98934644,0.00014895348,0.01220465,0.00019258946
2025-04-02,1.3312363e-06,0.06444718,0.9265459,0.9909931,0.9909931,0.00014263291,0.011942902,0.00014780153
2025-04-03,1.1864868e-06,0.069180906,0.92216986,0.99135077,0.99135077,0.00013590344,0.011657763,0.00013717831
2025-04-04,5.168045e-05,0.0037903723,0.9546144,0.9584048,0.9584048,0.0003044953,0.017449794,0.0012424613
2025-04-07,0.00021780228,0.0010297014,0.90897065,0.9100004,0.9100004,0.00035623525,0.018874194,0.0024200357
2025-04-08,0.00024499494,0.0040675565,0.8876051,0.8916726,0.8916726,0.00054161367,0.023272594,0.0022616158
2025-04-09,0.00017522175,0.002351823,0.9155125,0.9178643,0.9178643,0.00072677166,0.026958702,0.0021333208
2025-04-10,0.0008035406,0.039300527,0.64182466,0.68112516,0.68112516,0.000863957,0.029393146,0.0025199247
2025-04-11,0.00012437499,0.001273477,0.9382685,0.93954194,0.93954194,0.0014376098,0.037915826,0.0020572108
2025-04-14,9.232856e-06,0.043360546,0.9347919,0.97815245,0.97815245,0.0014736289,0.038387876,0.00042260383
2025-04-15,3.884657e-06,0.06645386,0.91828066,0.98473454,0.98473454,0.0013906574,0.03729152,0.00025447353
2025-04-16,2.8073173e-06,0.06391677,0.9231932,0.98711,0.98711,0.0012814926,0.035797942,0.00021779064
2025-04-17,3.6112615e-05,0.0035833768,0.96407676,0.9676601,0.9676601,0.0012187045,0.03490995,0.0011166593
2025-04-21,1.0660572e-05,0.0115103,0.9690695,0.9805798,0.9805798,0.0012110427,0.034800038,0.00054894225
2025-04-22,3.8283888e-05,0.00339881,0.9633745,0.96677333,0.96677333,0.0011910284,0.03451128,0.0011522037
2025-04-23,1.7869937e-05,0.006814979,0.9694998,0.9763148,0.9763148,0.0011879003,0.03446593,0.0007544764
2025-04-24,1.4648133e-05,0.008341487,0.9697395,0.978081,0.978081,0.0011711118,0.03422151,0.00066828437
2025-04-25,8.608169e-06,0.015683407,0.96606874,0.98175216,0.98175216,0.0011538768,0.03396876,0.00047173625
2025-04-28,8.194477e-06,0.014706237,0.9677762,0.98248243,0.98248243,0.001124104,0.03352766,0.00046778627
2025-04-29,5.95707e-06,0.02227738,0.9618916,0.98416895,0.98416895,0.0010960761,0.03310704,0.00037629018
2025-04-30,8.077748e-06,0.016185908,0.9661547,0.9823406,0.9823406,0.0010610909,0.03257439,0.0004574185
2025-05-01,1.0607411e-05,0.0120602,0.9684145,0.9804747,0.9804747,0.0010332564,0.032144304,0.00054326525
2025-05-02,1.0738363e-05,0.013137651,0.96699953,0.98013717,0.98013717,0.0010117982,0.031808775,0.000540626
2025-05-05,1.0111149e-05,0.013224972,0.96754146,0.9807664,0.9807664,0.0009919279,0.031494886,0.0005257028
2025-05-06,1.0769554e-05,0.012335899,0.96796405,0.98029995,0.98029995,0.0009703086,0.031149777,0.00054667646
2025-05-07,1.3852176e-05,0.008958126,0.96949714,0.97845525,0.97845525,0.0009509013,0.030836688,0.0006429489
2025-05-08,8.078489e-06,0.014955671,0.96756256,0.98251826,0.98251826,0.0009358924,0.030592358,0.00046211004
2025-05-09,5.9721124e-06,0.019249314,0.96519685,0.98444617,0.98444617,0.000914296,0.030237328,0.00038396404
2025-05-12,4.4982858e-06,0.029680107,0.9560032,0.9856833,0.9856833,0.0008884888,0.029807528,0.000314199
2025-05-13,3.225845e-07,0.18478413,0.80921024,0.99399436,0.99399436,0.0008849144,0.02974751,5.371355e-05
2025-05-14,5.155294e-07,0.13753967,0.8557994,0.99333906,0.99333906,0.0007239657,0.026906611,7.739591e-05
2025-05-15,5.531948e-07,0.13199379,0.86119723,0.993191,0.993191,0.00062024884,0.024904795,8.1244696e-05
2025-05-16,5.3164183e-07,0.13196181,0.8613686,0.9933304,0.9933304,0.0005376095,0.023186408,7.9711426e-05
2025-05-19,4.9314497e-07,0.14020035,0.85325503,0.9934554,0.9934554,0.00046856815,0.021646434,7.535154e-05
2025-05-20,1.6999124e-06,0.10192681,0.8869886,0.9889154,0.9889154,0.00040041684,0.02001042,0.0001533578
2025-05-21,2.690544e-06,0.07391452,0.9130236,0.9869381,0.9869381,0.00035815197,0.018924903,0.00020598443
2025-05-22,7.767648e-06,0.026423959,0.9547991,0.98122305,0.98122305,0.00035150725,0.018748527,0.00041367987
2025-05-23,2.0631007e-06,0.08113125,0.9072602,0.98839146,0.9883914,0.0003433876,0.01853072,0.00017772266
2025-05-27,5.0508015e-06,0.039312996,0.9445596,0.9838726,0.9838726,0.0003176198,0.017821891,0.00031318126
2025-05-28,5.523365e-07,0.14535356,0.8475717,0.9929252,0.9929252,0.00032140932,0.017927893,7.807126e-05
2025-05-29,1.3475901e-06,0.07627174,0.9144105,0.99068224,0.99068224,0.0002781809,0.016678756,0.00014462604
2025-05-30,7.892958e-07,0.11641643,0.8757442,0.9921607,0.9921607,0.0002567941,0.016024796,0.00010068419
2025-06-02,1.3168194e-06,0.07996247,0.9107477,0.9907102,0.9907102,0.00022587336,0.015029084,0.00014174894
2025-06-03,5.7045105e-07,0.14296547,0.8499607,0.9929262,0.9929261,0.00020938968,0.014470303,8.0642574e-05
2025-06-04,1.3652304e-06,0.10303165,0.8869782,0.99000984,0.99000984,0.00018286977,0.013522935,0.00013665757
2025-06-05,1.4878731e-06,0.106201656,0.883292,0.98949367,0.98949367,0.00016358796,0.012790151,0.0001416168
2025-06-06,3.794011e-06,0.051081106,0.934326,0.9854071,0.9854071,0.0001486707,0.01219306,0.00025999045
2025-06-09,5.9945546e-07,0.15131038,0.8412974,0.9926078,0.9926078,0.00014784098,0.012158988,8.1092665e-05
2025-06-10,1.1215967e-06,0.124054536,0.866441,0.99049556,0.99049556,0.00012505514,0.0111828055,0.00011800769
2025-06-11,1.5369218e-06,0.098977104,0.890527,0.9895041,0.9895041,0.00011318405,0.0106387995,0.00014643067
2025-06-12,2.1200328e-06,0.07738848,0.9109101,0.9882986,0.9882986,0.00010324601,0.010161005,0.00018117763
2025-06-13,1.0100739e-06,0.12620172,0.8647485,0.9909502,0.9909502,9.7274264e-05,0.009862771,0.000111613175
2025-06-16,3.8509193e-06,0.045077834,0.94050354,0.9855814,0.9855814,0.00010161109,0.010080232,0.00026707994
2025-06-17,8.2327574e-07,0.116077006,0.8759238,0.9920008,0.9920008,0.00010330177,0.010163748,0.00010291999
2025-06-18,2.6971597e-06,0.052164797,0.93544334,0.98760813,0.98760813,0.00010022991,0.010011489,0.00021765567
2025-06-20,1.8280604e-06,0.07349992,0.9157299,0.9892298,0.9892298,9.6462456e-05,0.00982153,0.00016973316
2025-06-23,2.9725675e-06,0.049533866,0.93756455,0.9870984,0.9870984,9.23758e-05,0.009611233,0.00023040293
2025-06-24,7.693471e-07,0.11523722,0.8770326,0.9922698,0.9922698,9.418747e-05,0.009705023,9.9525045e-05
2025-06-25,6.3846727e-07,0.1382139,0.8543849,0.99259883,0.9925988,9.681926e-05,0.009839678,8.626574e-05
2025-06-26,1.1217613e-06,0.11537435,0.87532276,0.9906971,0.9906971,8.337879e-05,0.009131199,0.00012058172
2025-06-27,7.643394e-07,0.13196927,0.8600596,0.9920289,0.9920289,8.078314e-05,0.008987944,9.5888725e-05
2025-06-30,8.586567e-07,0.12899542,0.86261994,0.99161536,0.99161536,7.324615e-05,0.008558396,0.00010240823
2025-07-01,1.0666425e-06,0.121831976,0.868984,0.99081594,0.99081594,6.675331e-05,0.008170269,0.0001161406
2025-07-02,1.7888182e-06,0.1029591,0.8856312,0.9885903,0.9885903,5.9105772e-05,0.007688028,0.00015678047
2025-07-03,1.2347174e-06,0.12740873,0.86259574,0.9900045,0.9900045,5.6071935e-05,0.0074881194,0.00012352708
2025-07-07,7.3049165e-07,0.16276972,0.8288698,0.99163955,0.99163955,5.7087887e-05,0.007555653,8.737473e-05
2025-07-08,3.5558462e-06,0.059372988,0.9261388,0.9855118,0.9855118,5.7612753e-05,0.0075903065,0.00024543016
2025-07-09,2.0483853e-06,0.094033174,0.893991,0.9880242,0.9880242,5.6945177e-05,0.0075462027,0.00017104336
2025-07-10,1.3367019e-06,0.11646833,0.8733854,0.98985374,0.98985374,5.6112898e-05,0.0074908542,0.0001317433
2025-07-11,1.3727425e-06,0.119735025,0.8698912,0.9896262,0.9896262,5.1151037e-05,0.0071519953,0.0001323282
2025-07-14,3.6473773e-06,0.06708459,0.91795546,0.98504007,0.98504007,4.751396e-05,0.006893037,0.00024380976
2025-07-15,1.8020014e-06,0.1146566,0.87357485,0.9882315,0.9882314,4.746177e-05,0.00688925,0.00015312048
2025-07-16,4.5760316e-06,0.055297997,0.9284647,0.9837627,0.9837627,4.5552122e-05,0.0067492314,0.00028182188
2025-07-17,3.3876931e-06,0.07031656,0.9151828,0.9854994,0.9854994,4.741905e-05,0.0068861493,0.00023362406
2025-07-18,1.4875725e-06,0.11919075,0.87003785,0.9892286,0.9892286,4.924548e-05,0.0070175123,0.00013810399
2025-07-21,2.8164293e-06,0.08718924,0.8990096,0.98619884,0.98619884,4.4433455e-05,0.0066658426,0.00020407196
2025-07-22,2.577913e-06,0.09829118,0.8881725,0.98646367,0.98646367,4.301718e-05,0.0065587484,0.00019044396
2025-07-23,3.2386222e-06,0.09006337,0.8950097,0.9850731,0.9850731,4.0784766e-05,0.006386295,0.00021696535
2025-07-24,1.565132e-06,0.12568673,0.8631097,0.9887965,0.9887965,4.5925135e-05,0.0067768088,0.00013969993
2025-07-25,3.1909478e-06,0.08953334,0.89569837,0.9852317,0.9852317,4.120623e-05,0.006419208,0.00021606735
2025-07-28,1.5347831e-06,0.13345647,0.85523623,0.9886927,0.9886927,4.1553423e-05,0.0064461944,0.00013573383
2025-07-29,2.6157893e-06,0.10602088,0.8800719,0.98609275,0.98609275,3.7098205e-05,0.0060908296,0.00018808813
2025-07-30,3.959337e-06,0.07535403,0.90867186,0.9840259,0.9840259,3.6111876e-05,0.0060093156,0.00024785972
2025-07-31,6.3642437e-06,0.057893224,0.92272437,0.9806176,0.9806176,3.6930633e-05,0.0060770577,0.0003283514
2025-08-01,6.5704708e-06,0.049044523,0.93178546,0.98083,0.98083,4.1341427e-05,0.00642973,0.0003427478
2025-08-04,7.63594e-06,0.03039327,0.95053095,0.9809242,0.9809242,5.878886e-05,0.007667389,0.0004002944
2025-08-05,5.4381974e-07,0.15544906,0.8374386,0.9928876,0.9928876,7.0264214e-05,0.008382375,7.6460965e-05
2025-08-06,2.4585433e-06,0.061643586,0.926202,0.9878456,0.9878456,6.370021e-05,0.007981241,0.00020227599
2025-08-07,8.1084517e-07,0.12300831,0.8689526,0.9919609,0.9919609,6.4874686e-05,0.008054483,0.00010086247
2025-08-08,1.7283935e-06,0.08078726,0.9085807,0.98936796,0.98936796,5.7312693e-05,0.007570515,0.00016256464
2025-08-11,6.041474e-07,0.14805833,0.8445926,0.99265087,0.99265087,5.844567e-05,0.0076449765,8.2206614e-05
2025-08-12,2.0117564e-06,0.09268992,0.89546996,0.9881599,0.9881599,5.06608e-05,0.00711764,0.00016991034
2025-08-13,7.9449944e-07,0.13973646,0.85197943,0.9917159,0.9917159,5.7410725e-05,0.0075769867,9.5906646e-05
2025-08-14,1.1001421e-06,0.12709853,0.8634497,0.99054825,0.99054825,5.116682e-05,0.0071530985,0.00011639563
2025-08-15,1.5078036e-06,0.113505885,0.8757632,0.9892691,0.9892691,4.5281202e-05,0.0067291306,0.00014051016
2025-08-18,2.8195386e-06,0.07667912,0.9098454,0.9865245,0.9865245,4.1889623e-05,0.0064722192,0.00020923479
2025-08-19,1.2065295e-06,0.13577081,0.85409856,0.98986936,0.98986936,4.0945073e-05,0.006398834,0.00011909702
2025-08-20,6.048161e-06,0.04822614,0.9334477,0.98167384,0.98167384,4.047399e-05,0.006361917,0.00033002876
2025-08-21,5.8894025e-06,0.049293734,0.93256444,0.9818582,0.9818582,4.421913e-05,0.0066497466,0.00032463155
2025-08-22,3.41599e-06,0.07603924,0.9090799,0.98511916,0.98511916,4.7998332e-05,0.006928083,0.00022955633
2025-08-25,1.076749e-06,0.11499963,0.87587,0.99086964,0.99086964,6.428409e-05,0.008017736,0.00011793063
2025-08-26,1.1823979e-06,0.107614696,0.8829529,0.9905676,0.9905676,5.9810558e-05,0.0077337287,0.00012535526
2025-08-27,1.136757e-06,0.11322601,0.87743574,0.99066174,0.99066174,5.5707977e-05,0.0074637774,0.00012173114
2025-08-28,9.169998e-07,0.12966377,0.8616328,0.9912966,0.9912966,5.051178e-05,0.007107164,0.000105360974
2025-08-29,1.1026565e-06,0.115375526,0.87540495,0.9907805,0.9907805,4.5894543e-05,0.0067745512,0.00011960011
2025-09-02,3.6729657e-06,0.056584038,0.9287984,0.98538244,0.98538244,4.566691e-05,0.0067577297,0.00025127074
2025-09-03,3.6062772e-06,0.051029347,0.9347,0.98572934,0.98572934,4.937661e-05,0.0070268493,0.00025270565
2025-09-04,1.6172539e-06,0.10270131,0.8864779,0.9891792,0.9891792,5.1148803e-05,0.0071518393,0.0001494578
2025-09-05,1.0278193e-06,0.125843,0.8650525,0.9908955,0.9908955,5.3759963e-05,0.0073321187,0.00011289147
2025-09-08,3.697993e-06,0.058786076,0.9264622,0.98524827,0.98524827,4.8731337e-05,0.0069807833,0.00025068194
2025-09-09,1.2999576e-06,0.115947515,0.87404263,0.9899902,0.9899901,4.9148177e-05,0.007010576,0.00012986816
2025-09-10,2.0580053e-06,0.09492306,0.89307046,0.98799354,0.98799354,4.478054e-05,0.0066918265,0.00017140814
2025-09-11,2.3243988e-06,0.0873795,0.9001094,0.9874889,0.9874889,4.2742828e-05,0.0065377997,0.0001857873
2025-09-12,1.1537469e-06,0.12919724,0.8610881,0.99028534,0.99028534,4.6517074e-05,0.0068203425,0.00011876345
2025-09-15,2.5242575e-06,0.08751684,0.89941895,0.9869358,0.9869358,4.1243988e-05,0.006422148,0.00019321937
2025-09-16,1.2087082e-06,0.12881869,0.8612478,0.99006647,0.99006647,4.1918036e-05,0.006474414,0.00012167961
2025-09-17,2.4202986e-06,0.089133635,0.89799124,0.98712486,0.98712486,3.76253e-05,0.0061339466,0.00018798232
2025-09-18,4.2282154e-06,0.05920721,0.9250294,0.9842366,0.9842366,3.6389403e-05,0.006032363,0.00026822987
2025-09-19,2.1408682e-06,0.092913955,0.8949146,0.98782855,0.9878286,3.9075792e-05,0.006251063,0.00017589265
2025-09-22,3.0446433e-06,0.07660077,0.90944844,0.98604923,0.98604923,3.7477064e-05,0.0061218515,0.00021824203
2025-09-23,1.6041234e-06,0.11973943,0.8690539,0.9887933,0.9887933,3.870316e-05,0.0062211864,0.00014313986
2025-09-24,4.5694132e-06,0.05665903,0.9270348,0.98369384,0.98369384,3.905333e-05,0.0062492667,0.00028022617
2025-09-25,2.9250778e-06,0.08044463,0.9056975,0.98614216,0.98614216,4.1417457e-05,0.0064356397,0.00021107744
2025-09-26,5.392407e-06,0.051337168,0.9312127,0.9825499,0.9825499,4.229761e-05,0.0065036616,0.00030901877
2025-09-29,1.7127787e-06,0.10780265,0.8809361,0.9887387,0.9887387,4.63489e-05,0.006808003,0.00015209444
2025-09-30,3.239544e-06,0.0760532,0.90957975,0.98563296,0.98563296,4.3283802e-05,0.006579043,0.00022548437
2025-10-01,3.1855852e-06,0.073286146,0.9125569,0.985843,0.98584306,4.3581298e-05,0.0066016135,0.00022501842
2025-10-02,1.8654415e-06,0.10852544,0.87969995,0.9882254,0.9882254,4.3714128e-05,0.006611666,0.00015842929
2025-10-03,1.9847962e-06,0.12150683,0.8659761,0.9874829,0.9874829,4.0421986e-05,0.0063578286,0.00015856685
2025-10-06,4.5829966e-06,0.07517183,0.90769374,0.9828656,0.9828656,3.6994144e-05,0.006082281,0.000267473
2025-10-07,1.978656e-06,0.12426069,0.8631548,0.9874155,0.9874155,3.9028502e-05,0.0062472797,0.00015722952
2025-10-08,6.164077e-06,0.05695262,0.92401993,0.9809725,0.9809725,3.755609e-05,0.0061283023,0.00032395672
2025-10-09,1.8272169e-06,0.121229656,0.8667694,0.987999,0.987999,4.275616e-05,0.0065388195,0.00015225567
2025-10-10,4.3499144e-06,0.07010789,0.91339016,0.98349804,0.98349804,4.0041927e-05,0.006327869,0.00026359982
2025-10-13,1.7575361e-05,0.017151473,0.955817,0.97296846,0.97296846,9.427167e-05,0.00970936,0.0006501798
2025-10-14,4.9963717e-07,0.14563335,0.8476844,0.9933177,0.9933177,0.0001115626,0.01056232,7.47705e-05
2025-10-15,1.7733801e-06,0.06665151,0.9228363,0.9894878,0.9894878,9.535813e-05,0.009765149,0.00016869776
2025-10-16,1.0120384e-06,0.091174975,0.90043694,0.9916119,0.9916119,9.097401e-05,0.009538029,0.00012065165
2025-10-17,2.1933117e-06,0.05452181,0.9341898,0.9887116,0.9887116,8.742017e-05,0.009349875,0.00019429777
2025-10-20,7.954658e-07,0.1092007,0.8830533,0.992254,0.992254,8.54946e-05,0.009246329,0.000102694
2025-10-21,5.673347e-07,0.14752033,0.84535694,0.99287724,0.99287724,8.7567096e-05,0.009357729,7.965102e-05
2025-10-22,1.2920037e-06,0.10126866,0.88904834,0.990317,0.990317,7.4598705e-05,0.008637054,0.00013342993
2025-10-23,2.7178035e-06,0.057043154,0.93032914,0.9873723,0.9873723,7.056454e-05,0.008400271,0.00021522518
2025-10-24,7.2065365e-07,0.13070957,0.8615519,0.99226147,0.99226147,7.0237016e-05,0.008380753,9.312538e-05
2025-10-27,7.564625e-07,0.12510507,0.86707705,0.99218214,0.99218214,6.950284e-05,0.0083368365,9.676076e-05
2025-10-28,5.303331e-07,0.15399835,0.83900714,0.9930055,0.9930055,7.769061e-05,0.008814228,7.5821605e-05
2025-10-29,9.0577015e-07,0.11939755,0.8721461,0.99154365,0.99154365,6.665063e-05,0.008163984,0.00010711125
2025-10-30,1.5041638e-06,0.09107499,0.89876,0.989835,0.989835,5.904524e-05,0.00768409,0.00014797515
2025-10-31,1.6119226e-06,0.06949542,0.9204281,0.98992354,0.98992354,6.6086955e-05,0.008129388,0.00015996909
2025-11-03,1.3748181e-06,0.084298916,0.9061302,0.9904291,0.9904291,6.310352e-05,0.007943773,0.0001436457
2025-11-04,1.2982291e-06,0.1074183,0.8827216,0.9901399,0.9901399,5.8795467e-05,0.0076678204,0.00013166493
2025-11-05,4.3698524e-06,0.036061358,0.9491389,0.9852002,0.9852002,6.8950874e-05,0.0083036665,0.00029526482
2025-11-06,1.7768446e-06,0.07413212,0.91524315,0.9893753,0.9893753,7.0200374e-05,0.008378566,0.00016723704
2025-11-07,3.367967e-06,0.041163575,0.94554496,0.9867085,0.9867085,7.495287e-05,0.008657533,0.00025339297
2025-11-10,2.6948794e-06,0.05537258,0.93211704,0.98748964,0.98748964,7.426553e-05,0.008617745,0.00021541183
2025-11-11,5.1862077e-07,0.13709718,0.85622454,0.9933217,0.9933217,8.487856e-05,0.009212956,7.7657794e-05
2025-11-12,7.732064e-07,0.13111128,0.86087805,0.9919893,0.9919893,7.379904e-05,0.008590637,9.652188e-05
2025-11-13,1.5419291e-06,0.09215092,0.8975063,0.9896572,0.9896572,6.432321e-05,0.008020176,0.0001490827
2025-11-14,3.600645e-06,0.042810455,0.9433862,0.98619664,0.98619664,8.564976e-05,0.009254715,0.00026085274
2025-11-17,1.5534195e-06,0.07446101,0.9155382,0.9899992,0.9899992,8.440666e-05,0.00918731,0.00015532914
2025-11-18,4.0081277e-06,0.041537426,0.9439394,0.9854768,0.9854768,8.561561e-05,0.00925287,0.00027598088
2025-11-19,4.9441232e-06,0.034266897,0.95010346,0.98437035,0.98437035,8.790931e-05,0.009375997,0.00031632977
2025-11-20,2.3632365e-06,0.059914052,0.92820543,0.9881195,0.9881195,8.892868e-05,0.009430201,0.00019891697
2025-11-21,1.161655e-05,0.023722572,0.9534213,0.9771439,0.9771439,9.938539e-05,0.009969222,0.0005082469
2025-11-24,1.4086949e-06,0.07362072,0.9169102,0.9905309,0.9905309,0.00010861699,0.010421948,0.00014876768
2025-11-25,5.5585684e-07,0.12375497,0.8695201,0.9932751,0.9932751,0.00011632159,0.010785249,8.2656596e-05
2025-11-26,5.9871184e-07,0.11545121,0.87770844,0.99315965,0.99315965,0.000112121204,0.01058873,8.752651e-05
2025-11-28,5.9216194e-07,0.11942322,0.87373537,0.9931586,0.9931586,0.0001041823,0.010206973,8.65554e-05
2025-12-01,5.127497e-07,0.15215182,0.8410045,0.9931563,0.9931563,9.492187e-05,0.009742785,7.492303e-05
2025-12-02,7.5689655e-07,0.10070407,0.89184636,0.99255043,0.99255043,8.379177e-05,0.009153784,0.00010160275
2025-12-03,9.971469e-07,0.101328954,0.8901472,0.9914762,0.9914762,7.576549e-05,0.008704337,0.000116983545
2025-12-04,9.20927e-07,0.11559468,0.8759359,0.9915306,0.9915306,6.9524016e-05,0.008338106,0.00010873577
2025-12-05,1.7369885e-06,0.084180325,0.9050431,0.9892235,0.9892235,6.18539e-05,0.007864725,0.00016118269
2025-12-08,2.5772658e-06,0.06841892,0.91899735,0.98741627,0.98741627,5.7964244e-05,0.007613425,0.00020480933
2025-12-09,1.6255044e-06,0.09575538,0.8934975,0.9892529,0.9892529,5.654432e-05,0.007519596,0.00015125086
2025-12-10,2.8090265e-06,0.07317802,0.91349566,0.9866737,0.9866737,5.2253054e-05,0.0072286273,0.00021078838
2025-12-11,2.259181e-06,0.07579655,0.91218835,0.9879849,0.9879849,5.356267e-05,0.0073186522,0.00018802841
2025-12-12,2.0829036e-06,0.077823326,0.91055894,0.9883823,0.9883823,5.1465187e-05,0.0071739242,0.00017928678
2025-12-15,3.5826838e-06,0.040889025,0.94541657,0.9863056,0.9863056,5.835415e-05,0.007638989,0.0002616166
2025-12-16,1.8851807e-06,0.0695292,0.9196186,0.9891478,0.9891478,5.886947e-05,0.007672644,0.00017371387
2025-12-17,3.1492732e-06,0.050457686,0.93623877,0.9866964,0.9866965,5.6616074e-05,0.0075243656,0.00023672378
2025-12-18,4.4579388e-06,0.03616268,0.948881,0.98504364,0.98504364,6.2541396e-05,0.007908312,0.00029806318
2025-12-19,1.8320419e-06,0.070893146,0.91841394,0.9893071,0.9893071,6.574926e-05,0.008108592,0.00017133265
2025-12-22,1.396171e-06,0.08659463,0.9037312,0.99032587,0.99032587,6.467372e-05,0.008041997,0.00014432003
2025-12-23,6.920767e-07,0.13128266,0.86114216,0.9924248,0.99242485,6.298743e-05,0.007936462,9.136068e-05
2025-12-24,9.1842867e-07,0.12936898,0.86196166,0.9913306,0.9913306,5.7445664e-05,0.0075792917,0.00010593941
2025-12-26,7.500118e-07,0.16458717,0.8268883,0.99147546,0.99147546,5.186555e-05,0.007201774,8.79827e-05
2025-12-29,1.7410777e-06,0.12392156,0.86426085,0.9881824,0.9881824,4.365057e-05,0.0066068578,0.00014732953
2025-12-30,4.1747626e-06,0.062770136,0.9213887,0.9841588,0.9841588,4.1214233e-05,0.0064198314,0.0002635385
2025-12-31,2.2850888e-06,0.104311615,0.88270557,0.9870172,0.98701715,4.2273405e-05,0.0065018,0.00017600913
2026-01-02,5.894709e-06,0.045937333,0.9360979,0.9820353,0.9820353,4.5659926e-05,0.006757213,0.00032812695
2026-01-05,4.9630694e-06,0.05643715,0.9265874,0.98302454,0.98302454,4.876133e-05,0.0069829314,0.00029236724
2026-01-06,1.6260723e-06,0.103182405,0.8859483,0.9891307,0.98913074,5.249455e-05,0.0072453124,0.00014960197
2026-01-07,1.6954735e-06,0.09874567,0.8902545,0.98900014,0.98900014,5.153814e-05,0.007179007,0.00015413594
2026-01-08,2.8716531e-06,0.06826463,0.91843784,0.98670244,0.98670244,4.8728456e-05,0.006980577,0.00021595342
2026-01-09,1.9170286e-06,0.09831164,0.88999814,0.9883098,0.9883098,4.7631333e-05,0.0069015455,0.00016398597
2026-01-12,1.5852124e-06,0.10193076,0.8873759,0.9893066,0.9893066,4.8343503e-05,0.0069529493,0.00014824253
2026-01-13,1.7020417e-06,0.107645325,0.881103,0.9887483,0.9887483,4.467925e-05,0.006684254,0.0001512699
2026-01-14,4.19441e-06,0.05957308,0.92470723,0.9842803,0.9842803,4.1583866e-05,0.0064485553,0.00026682485
2026-01-15,4.2437055e-06,0.05315196,0.93127775,0.9844297,0.9844297,4.4204557e-05,0.006648651,0.0002725516
2026-01-16,2.1399057e-06,0.09197729,0.8958802,0.9878575,0.9878575,4.5751756e-05,0.0067640045,0.00017623302
2026-01-20,4.5593883e-06,0.06267139,0.9207798,0.98345125,0.98345125,4.3224372e-05,0.0065745246,0.00027551252
2026-01-21,8.529476e-06,0.025712306,0.95463175,0.98034406,0.98034406,7.134922e-05,0.008446847,0.00043393878
2026-01-22,1.3495456e-06,0.089275494,0.9011087,0.99038416,0.99038416,7.991887e-05,0.008939736,0.00014034612
2026-01-23,7.1099015e-07,0.1249364,0.867493,0.9924294,0.9924294,7.561866e-05,0.008695899,9.3914336e-05
2026-01-26,1.2873643e-06,0.09917841,0.8912216,0.9904,0.9904,6.631357e-05,0.008143314,0.00013410067
2026-01-27,8.631407e-07,0.11976621,0.87199086,0.9917571,0.9917571,6.274921e-05,0.00792144,0.00010471317
2026-01-28,1.0263913e-06,0.12916331,0.8616479,0.9908112,0.9908112,5.7301066e-05,0.0075697466,0.0001117006
2026-01-29,2.54813e-06,0.08832768,0.89849055,0.98681825,0.98681825,5.0410305e-05,0.0071000215,0.00019330747
2026-01-30,5.0438935e-06,0.053062525,0.92995244,0.98301494,0.98301494,4.8257923e-05,0.0069467924,0.0002969606
2026-02-02,3.6835609e-06,0.05836166,0.92692506,0.9852867,0.9852867,5.0455496e-05,0.0071032033,0.00025035607
2026-02-03,1.8274269e-06,0.097120635,0.8914959,0.9886165,0.9886165,5.1781928e-05,0.0071959663,0.00016053332
2026-02-04,5.1932448e-06,0.042223923,0.9411746,0.98339856,0.98339856,5.5302557e-05,0.007436569,0.00031281888
2026-02-05,3.9882125e-06,0.05063671,0.9343552,0.9849919,0.9849919,5.8315625e-05,0.007636467,0.00026573747
2026-02-06,4.457632e-06,0.03697638,0.9480116,0.984988,0.984988,6.671162e-05,0.008167718,0.0002969374
2026-02-09,5.1622567e-07,0.1436296,0.84957945,0.99320906,0.99320906,8.0794554e-05,0.008988579,7.601686e-05
2026-02-10,7.4850834e-07,0.10752547,0.88500017,0.99252564,0.99252564,7.2229675e-05,0.008498805,0.00010014343
2026-02-11,1.1040408e-06,0.08679646,0.90452975,0.9913262,0.9913262,6.55305e-05,0.008095091,0.00012728476
2026-02-12,1.2021725e-06,0.08536497,0.90562785,0.9909928,0.9909928,6.0393384e-05,0.007771318,0.00013346772
2026-02-13,2.828574e-06,0.045033295,0.9425861,0.9876194,0.9876194,7.708499e-05,0.008779806,0.00022846826
2026-02-17,1.9935883e-06,0.06668005,0.92222005,0.9889001,0.9889001,7.549994e-05,0.00868907,0.00017960457
2026-02-18,2.3864948e-06,0.06469452,0.9232376,0.98793215,0.98793215,7.1756884e-05,0.008470943,0.00019775635
2026-02-19,1.459305e-06,0.08323071,0.9069152,0.9901459,0.9901459,7.0150454e-05,0.008375587,0.00014809148
2026-02-20,1.7944272e-06,0.07527522,0.9139995,0.98927474,0.98927474,6.5744636e-05,0.008108307,0.0001673085
2026-02-23,2.2075883e-06,0.07593452,0.9121996,0.98813415,0.98813415,6.559497e-05,0.008099073,0.00018604546
2026-02-24,2.7588567e-06,0.051876068,0.9355825,0.9874586,0.9874586,7.033425e-05,0.008386551,0.00021997973
2026-02-25,8.90218e-07,0.10822348,0.88358796,0.99181145,0.99181145,7.1145725e-05,0.008434793,0.00010871503
2026-02-26,6.018372e-07,0.13894665,0.85385835,0.992805,0.992805,7.106172e-05,0.008429811,8.3646635e-05
2026-02-27,1.804162e-06,0.06766729,0.9217412,0.9894085,0.9894085,6.588085e-05,0.008116702,0.00017034044
2026-03-02,2.126418e-06,0.05862213,0.93013006,0.9887522,0.9887522,6.4220214e-05,0.008013751,0.00018905167
2026-03-03,1.781626e-06,0.07380125,0.91553414,0.98933536,0.9893354,6.1868166e-05,0.007865632,0.00016705914
2026-03-04,3.5198357e-06,0.042887274,0.9434083,0.9862956,0.9862956,6.445362e-05,0.008028301,0.00025683947
2026-03-05,1.2329956e-06,0.091136694,0.89962786,0.99076456,0.99076456,6.633548e-05,0.00814466,0.00013350694
2026-03-06,3.0560793e-06,0.04865777,0.9382897,0.9869475,0.9869475,6.395139e-05,0.0079969615,0.00023413706
2026-03-09,3.3645072e-06,0.037896693,0.94900686,0.98690355,0.98690355,7.1770824e-05,0.0084717665,0.0002569022
2026-03-10,1.5631199e-06,0.07618426,0.9137705,0.98995477,0.98995477,7.4237054e-05,0.008616093,0.00015560817
2026-03-11,1.4922017e-06,0.07319186,0.9170211,0.990213,0.990213,6.964388e-05,0.008345291,0.00015246737
2026-03-12,1.9289225e-06,0.071125105,0.91785276,0.98897785,0.98897785,6.5509164e-05,0.008093773,0.00017500418
2026-03-13,4.1206113e-06,0.03365837,0.95214623,0.9858046,0.9858046,7.911539e-05,0.008894683,0.0002902783
2026-03-16,2.2868398e-06,0.054677036,0.93376297,0.98844,0.98844,8.060649e-05,0.008978112,0.00019782313
2026-03-17,8.801763e-07,0.09616963,0.8959324,0.992102,0.992102,8.295655e-05,0.009108049,0.00011144331
2026-03-18,1.7669626e-06,0.06571067,0.9238426,0.9895533,0.9895533,7.577701e-05,0.008704999,0.0001691403
2026-03-19,3.0383144e-06,0.04071634,0.94668376,0.9874001,0.9874001,8.5092666e-05,0.0092245685,0.00024113826
2026-03-20,2.200835e-06,0.053886853,0.9348187,0.9887055,0.9887055,8.3880695e-05,0.00915864,0.00019485928
2026-03-23,4.711381e-06,0.030204821,0.95488435,0.9850892,0.9850892,9.683932e-05,0.009840697,0.00031597065
2026-03-24,1.0479355e-06,0.07949159,0.912191,0.9916826,0.9916826,0.00010036124,0.010018046,0.00012599298
2026-03-25,1.8086076e-06,0.05433726,0.9353838,0.98972106,0.98972106,9.3597155e-05,0.009674562,0.00017595274
2026-03-26,9.581405e-07,0.082274765,0.9096862,0.991961,0.991961,9.0925896e-05,0.009535507,0.00011918657
2026-03-27,3.3245285e-06,0.034035407,0.95319456,0.98722994,0.98722994,0.00011094144,0.010532874,0.0002603378
2026-03-30,3.0650094e-06,0.03542551,0.952224,0.9876495,0.9876495,0.00011935932,0.010925169,0.00024816886
2026-03-31,2.302235e-06,0.04888792,0.93973875,0.98862666,0.98862666,0.00011716437,0.010824249,0.00020242382
2026-04-01,5.247799e-07,0.12697741,0.8663572,0.9933346,0.99333465,0.00015202642,0.0123299,7.873184e-05
2026-04-02,6.435861e-07,0.09947121,0.8936582,0.99312943,0.99312943,0.00013903924,0.01179149,9.367291e-05
2026-04-06,6.709132e-07,0.099921264,0.893055,0.9929763,0.9929763,0.00012494795,0.011178012,9.552144e-05
2026-04-07,4.997987e-07,0.14686328,0.84643495,0.99329823,0.99329823,0.000114307026,0.010691446,7.457715e-05
2026-04-08,7.59928e-07,0.09459451,0.8980596,0.99265414,0.9926541,9.726278e-05,0.009862189,0.0001034499
2026-04-09,3.6500165e-07,0.17038007,0.82350576,0.9938858,0.9938858,0.00014706486,0.01212703,5.9697515e-05
2026-04-10,5.168231e-07,0.13929905,0.8540067,0.99330574,0.99330574,0.00012675431,0.011258522,7.720395e-05
2026-04-13,5.848291e-07,0.13568258,0.85723734,0.9929199,0.9929199,0.00010886588,0.010433882,8.260207e-05
2026-04-14,5.112508e-07,0.13688429,0.8564864,0.99337065,0.99337065,0.00010625628,0.010308069,7.711932e-05
2026-04-15,4.6292715e-07,0.14767505,0.8458627,0.9935377,0.9935377,0.00011098679,0.010535027,7.163531e-05
2026-04-16,5.2942323e-07,0.14470927,0.84845024,0.99315953,0.99315953,0.00010304056,0.01015089,7.7395765e-05
2026-04-17,6.103708e-07,0.13869399,0.85405433,0.9927483,0.9927483,8.869917e-05,0.009418024,8.416957e-05
2026-04-20,4.992453e-07,0.14430034,0.8490512,0.9933515,0.9933515,9.576727e-05,0.009786075,7.509163e-05
2026-04-21,5.7462756e-07,0.14815506,0.8446531,0.9928082,0.9928082,8.250079e-05,0.009082994,7.990064e-05
2026-04-22,2.1190056e-06,0.06454117,0.92411387,0.98865503,0.98865503,7.7017234e-05,0.008775947,0.00018677932
2026-04-23,5.0051113e-07,0.16683942,0.82617325,0.99301267,0.99301267,7.960508e-05,0.008922168,7.1631206e-05
2026-04-24,1.6615985e-06,0.08494516,0.90447795,0.9894231,0.9894231,6.903676e-05,0.008308836,0.00015709687
2026-04-27,6.7289056e-07,0.15016674,0.842033,0.9921998,0.9921998,6.8925445e-05,0.008302135,8.626557e-05
2026-04-28,7.433551e-07,0.15338513,0.83834183,0.99172693,0.991727,5.9064645e-05,0.0076853526,8.985244e-05
2026-04-29,2.1604446e-06,0.08876861,0.8990391,0.9878077,0.9878077,5.4191933e-05,0.007361517,0.00017719733
2026-04-30,2.165196e-06,0.1132145,0.873921,0.98713547,0.98713547,5.089137e-05,0.0071338187,0.00016830744
2026-05-01,1.3673837e-06,0.125638,0.863904,0.989542,0.989542,5.7325688e-05,0.0075713727,0.00013075011
2026-05-04,1.0350416e-06,0.1549196,0.8353057,0.9902253,0.9902253,5.17275e-05,0.0071921833,0.000105890016
2026-05-05,3.0930048e-06,0.08506084,0.9004934,0.9855542,0.9855542,4.6546178e-05,0.006822476,0.00021411128
2026-05-06,6.9577226e-07,0.17322864,0.8183806,0.9916092,0.9916092,5.018898e-05,0.007084418,8.2921004e-05
2026-05-07,5.5857157e-07,0.17447524,0.8179858,0.992461,0.992461,7.389626e-05,0.008596294,7.409119e-05
2026-05-08,1.2777826e-06,0.12422879,0.8656412,0.98986995,0.98986995,6.285461e-05,0.00792809,0.00012613786
2026-05-11,5.8905397e-07,0.169499,0.8228829,0.9923819,0.9923819,6.371124e-05,0.007981932,7.732266e-05
2026-05-12,7.289e-07,0.16165097,0.8300329,0.99168384,0.99168384,5.3756045e-05,0.0073318514,8.764863e-05
2026-05-13,1.916233e-06,0.10343164,0.8847386,0.98817027,0.98817027,4.5816174e-05,0.0067687645,0.00016198446
2026-05-14,1.0910903e-06,0.15160449,0.8384374,0.99004185,0.99004185,4.5460783e-05,0.006742461,0.0001095676
2026-05-15,8.350705e-07,0.16202278,0.8290577,0.99108046,0.99108046,4.8144135e-05,0.0069385977,9.362263e-05
2026-05-18,3.7299071e-06,0.057100445,0.9281244,0.9852249,0.98522484,6.5212706e-05,0.008075438,0.00025244552
2026-05-19,1.6275985e-06,0.11158881,0.8772917,0.9888805,0.9888805,6.430055e-05,0.008018762,0.00014637355
2026-05-20,3.2070989e-06,0.06184315,0.9243075,0.9861507,0.9861507,6.330234e-05,0.007956277,0.00023157088
2026-05-21,6.81006e-07,0.15222137,0.83989716,0.99211854,0.99211854,6.791644e-05,0.008241143,8.640604e-05
2026-05-22,1.7514108e-06,0.11084073,0.877659,0.98849976,0.98849976,5.8214693e-05,0.0076298555,0.00015229342
2026-05-26,1.2091625e-06,0.13588345,0.85400206,0.9898855,0.9898855,5.4393175e-05,0.007375173,0.00011954754
2026-05-27,9.003258e-07,0.1496394,0.84134805,0.9909874,0.9909874,5.3281357e-05,0.007299408,9.989657e-05
2026-05-28,1.3836507e-06,0.13315776,0.85609007,0.9892478,0.9892478,4.5747736e-05,0.0067637074,0.00012868534
2026-05-29,1.19434e-06,0.14705195,0.84263706,0.989689,0.989689,4.431085e-05,0.0066566397,0.00011583156
2026-06-01,2.1961134e-06,0.10816786,0.8790581,0.98722595,0.987226,3.9312174e-05,0.006269942,0.0001719199
2026-06-02,1.2746254e-06,0.14548439,0.8439056,0.98939,0.98939,3.7448382e-05,0.0061195083,0.00012013453
2026-06-03,1.6798753e-06,0.141737,0.84614164,0.9878786,0.9878786,3.3077224e-05,0.00575128,0.0001385878
2026-06-04,4.645277e-06,0.06252226,0.920709,0.98323125,0.9832313,3.7071328e-05,0.006088623,0.0002770198
2026-06-05,2.0243392e-06,0.11362988,0.8739289,0.9875588,0.9875588,3.9581257e-05,0.006291364,0.0001627123
2026-06-08,1.2710372e-05,0.019978875,0.956784,0.9767629,0.9767629,0.000115413764,0.01074308,0.00054698595
2026-06-09,1.0514691e-06,0.109791666,0.8812915,0.99108315,0.99108315,0.00012322255,0.011100565,0.00011791928
2026-06-10,6.0825632e-06,0.043836012,0.93804574,0.98188174,0.98188174,0.000110718785,0.010522299,0.0003357145
2026-06-11,4.0809878e-06,0.03466227,0.9511588,0.98582107,0.98582107,0.000121271485,0.011012333,0.00028782053
2026-06-12,8.921478e-07,0.095042594,0.8970553,0.9920979,0.9920979,0.00012906009,0.011360462,0.00011290029
2026-06-15,6.36058e-07,0.12310157,0.8697455,0.9928471,0.9928471,0.00011924433,0.010919905,8.892291e-05
2026-06-16,4.3261252e-07,0.15387718,0.83978283,0.99366003,0.99366003,0.00014116973,0.0118814865,6.8235764e-05
2026-06-17,7.373085e-07,0.09126125,0.901543,0.9928043,0.9928043,0.00012483267,0.011172854,0.00010246499
2026-06-18,1.0445418e-06,0.074332915,0.9174249,0.9917578,0.9917578,0.00012811931,0.01131898,0.0001267311
2026-06-22,5.93143e-07,0.11380126,0.8794376,0.99323887,0.99323887,0.00012286092,0.011084264,8.772834e-05
2026-06-23,6.563923e-07,0.12017457,0.8725742,0.9927488,0.9927488,0.00010990916,0.010483757,9.052185e-05
2026-06-24,4.673107e-06,0.030605912,0.9545053,0.98511124,0.98511124,0.00012293254,0.011087495,0.00031386805
2026-06-25,1.8469162e-06,0.06686821,0.9224552,0.9893234,0.9893234,0.00012202577,0.011046528,0.00017298694
2026-06-26,1.4531495e-06,0.08273377,0.90741277,0.9901465,0.9901465,0.000114516246,0.010701226,0.00014747573
2026-06-29,4.7146395e-06,0.041212205,0.9430407,0.9842529,0.9842529,0.00010995001,0.010485705,0.00029939789
2026-06-30,5.199381e-07,0.13113861,0.8622521,0.99339074,0.99339074,0.00011915801,0.010915952,7.866811e-05
2026-07-01,6.4674975e-07,0.11599729,0.87688017,0.9928775,0.9928775,0.00011078154,0.010525281,9.080354e-05
2026-07-02,6.965023e-07,0.11363709,0.8790018,0.9926389,0.9926389,9.806357e-05,0.009902705,9.461914e-05
2026-07-06,8.6962626e-07,0.09218745,0.8999858,0.99217325,0.99217325,8.715035e-05,0.009335435,0.00011110956
2026-07-07,5.3002003e-07,0.13858312,0.8546461,0.9932292,0.9932292,8.597075e-05,0.009272042,7.828038e-05
2026-07-08,1.1209577e-06,0.09043616,0.9007151,0.9911513,0.9911513,7.739833e-05,0.008797632,0.00012668011
2026-07-09,1.5766633e-06,0.08035416,0.90943813,0.9897923,0.9897923,7.180752e-05,0.008473932,0.00015445804
2026-07-10,6.418074e-07,0.14271538,0.84977,0.9924854,0.9924854,7.2342606e-05,0.008505446,8.54081e-05
2026-07-13,7.2700857e-07,0.13380598,0.8583506,0.99215657,0.99215657,6.4533604e-05,0.008033281,9.2690076e-05
2026-07-14,2.192471e-06,0.06969263,0.9185772,0.9882698,0.9882698,6.440916e-05,0.008025532,0.00018690832
2026-07-15,8.6555985e-07,0.1373524,0.854018,0.9913704,0.9913704,6.2143576e-05,0.007883119,0.00010030104
2026-07-16,1.072342e-06,0.122371204,0.86837065,0.99074185,0.99074185,5.5889886e-05,0.007475954,0.0001158268
2026-07-17,2.3059386e-06,0.07643736,0.91132563,0.987763,0.987763,5.346878e-05,0.007312235,0.00018843966
2026-07-20,3.769749e-06,0.045222316,0.9404904,0.98571277,0.98571277,5.8880047e-05,0.0076733334,0.00026385437
2026-07-21,1.9874444e-06,0.082682416,0.9058083,0.98849076,0.98849076,5.9292564e-05,0.0077001667,0.00017268251
2026-07-22,7.447601e-07,0.14773044,0.84408164,0.99181205,0.9918121,6.114853e-05,0.007819752,9.095807e-05
2026-07-23,1.9393328e-06,0.09991947,0.8882272,0.9881467,0.98814666,5.2627878e-05,0.0072545074,0.00016361152
2026-07-24,4.5208985e-06,0.043661032,0.9408078,0.9844689,0.9844689,6.457721e-05,0.008035994,0.00029108638
2026-07-27,1.5511457e-06,0.10589011,0.8833754,0.9892655,0.9892655,6.530573e-05,0.008081196,0.000144501
2026-07-28,1.8758611e-06,0.10078376,0.8875305,0.9883143,0.9883143,5.9240723e-05,0.0076967995,0.00016052581
2026-07-29,3.0408994e-06,0.07553904,0.91048175,0.9860208,0.9860208,5.4944503e-05,0.007412456,0.00021753034
2026-07-30,6.244206e-06,0.034081664,0.94837534,0.982457,0.982457,7.166866e-05,0.008465734,0.00035593682
2026-07-31,5.131835e-07,0.14854836,0.8446371,0.99318546,0.99318546,8.3425955e-05,0.009133781,7.530714e-05
2026-08-03,6.6121623e-07,0.12542523,0.8672482,0.9926734,0.9926734,7.823306e-05,0.008844946,9.024868e-05
2026-08-04,4.3607008e-07,0.15505338,0.8385709,0.99362427,0.99362427,9.294173e-05,0.009640629,6.839532e-05
2026-08-05,3.9167298e-07,0.16333476,0.8304907,0.99382544,0.99382544,0.00012685778,0.011263115,6.34333e-05
2026-08-06,5.145707e-07,0.15561531,0.8374659,0.9930812,0.9930812,0.00010652496,0.010321093,7.437295e-05
2026-08-07,5.8105036e-07,0.14832284,0.844438,0.99276084,0.99276084,9.022113e-05,0.009498481,8.026486e-05
2026-08-10,5.3155463e-07,0.15357003,0.8394418,0.99301183,0.99301183,8.1950166e-05,0.009052633,7.606495e-05
2026-08-11,7.416473e-07,0.14167091,0.85026956,0.9919405,0.9919405,6.935975e-05,0.00832825,9.202148e-05
2026-08-12,2.4879243e-06,0.08954277,0.8973303,0.98687303,0.98687303,6.1340164e-05,0.007831996,0.00018952771
2026-08-13,1.4560914e-06,0.12916912,0.8598565,0.9890256,0.9890256,5.801066e-05,0.007616473,0.00013268064
2026-08-14,9.296155e-07,0.14795466,0.8428963,0.9908509,0.9908509,5.7253335e-05,0.0075665936,0.0001016076
2026-08-17,1.6655792e-06,0.11914268,0.86935747,0.9885001,0.9885001,4.988306e-05,0.007062794,0.00014483447
2026-08-18,2.481566e-06,0.09111714,0.89570814,0.9868253,0.9868253,4.792046e-05,0.0069224606,0.00018835827
2026-08-19,3.726232e-06,0.061605684,0.92343026,0.98503596,0.98503596,4.9823346e-05,0.0070585655,0.00024901237
2026-08-20,1.7036375e-06,0.111354835,0.8772653,0.9886201,0.9886201,4.995942e-05,0.0070681977,0.00014970587
2026-08-21,5.314786e-06,0.048943736,0.93378997,0.9827337,0.9827337,5.380693e-05,0.0073353206,0.00030781314
2026-08-24,1.6324472e-06,0.110211976,0.8786827,0.98889464,0.98889464,5.630264e-05,0.0075035086,0.00014699635
2026-08-25,2.2860818e-06,0.100701794,0.8863912,0.98709303,0.98709303,5.2183048e-05,0.0072237835,0.00017711996
2026-08-26,1.4518417e-06,0.13253538,0.85641646,0.98895186,0.98895186,4.9450286e-05,0.00703209,0.00013141053
2026-08-27,2.1290039e-06,0.11459496,0.87256104,0.987156,0.987156,4.3802058e-05,0.006618312,0.00016575829
2026-08-28,1.2321588e-06,0.14057414,0.84908247,0.9896566,0.9896566,4.4963926e-05,0.0067055146,0.000119125434
