Date,omega,alpha,beta,rho,persistence,sigma2,sigma,sigma_bar2
2005-01-04,7.777943e-06,0.0629458,0.92545044,0.9883962,0.9883962,0.0007232377,0.02689308,0.00067029434
2005-01-05,7.331753e-06,0.065734625,0.92277,0.98850465,0.98850465,0.00078488706,0.028015835,0.00063780154
2005-01-06,7.6303595e-06,0.0640889,0.92433596,0.98842484,0.98842484,0.00074130803,0.027226973,0.00065920106
2005-01-07,7.125456e-06,0.066393256,0.9222562,0.9886494,0.9886494,0.0008439927,0.029051552,0.0006277618
2005-01-10,7.673015e-06,0.06383047,0.92457205,0.98840255,0.98840255,0.0007861392,0.028038174,0.00066161196
2005-01-11,7.5767834e-06,0.06399569,0.9244758,0.98847145,0.9884715,0.000734896,0.027108965,0.00065721903
2005-01-12,7.4844293e-06,0.064666115,0.9238109,0.988477,0.988477,0.00069052534,0.02627785,0.0006495204
2005-01-13,7.452916e-06,0.064857185,0.9236465,0.9885037,0.9885037,0.0006594755,0.025680255,0.00064828794
2005-01-14,7.1518093e-06,0.06574906,0.9229362,0.98868525,0.98868525,0.00069667626,0.026394626,0.00063207845
2005-01-18,7.4754344e-06,0.064735495,0.9237401,0.98847556,0.98847556,0.0006531925,0.025557632,0.0006486593
2005-01-19,7.246364e-06,0.06587492,0.9226808,0.9885557,0.9885557,0.0006108592,0.024715565,0.00063318707
2005-01-20,7.530458e-06,0.06399229,0.9245281,0.9885204,0.9885204,0.00059114787,0.024313532,0.00065598515
2005-01-21,7.5687894e-06,0.064323805,0.92414105,0.98846483,0.98846483,0.0005662308,0.023795605,0.00065614906
2005-01-24,7.2959137e-06,0.06547907,0.9230825,0.9885615,0.9885615,0.0006039543,0.024575481,0.00063783897
2005-01-25,7.482446e-06,0.06422155,0.92431337,0.9885349,0.9885349,0.000566787,0.02380729,0.00065262965
2005-01-26,7.270867e-06,0.06575985,0.922786,0.98854584,0.98854584,0.0005491182,0.023433272,0.00063477934
2005-01-27,7.5895355e-06,0.06416642,0.92429173,0.98845816,0.98845816,0.0005346259,0.02312198,0.000657567
2005-01-28,7.515208e-06,0.064361714,0.9241257,0.98848736,0.98848736,0.00050180283,0.022400957,0.000652779
2005-01-31,7.5096464e-06,0.06474588,0.92375624,0.98850214,0.98850214,0.0005492685,0.023436477,0.00065313454
2005-02-01,7.562235e-06,0.06414554,0.9243358,0.98848134,0.98848134,0.0005438641,0.023320895,0.00065652054
2005-02-02,7.7106e-06,0.06360433,0.92480594,0.9884103,0.9884103,0.0005439131,0.023321945,0.00066529727
2005-02-03,7.692449e-06,0.06360145,0.92480624,0.9884077,0.9884077,0.00051635166,0.022723373,0.000663581
2005-02-04,7.4282348e-06,0.06530179,0.9232025,0.9885043,0.9885043,0.00048706663,0.022069586,0.00064617454
2005-02-07,7.4430177e-06,0.06467232,0.92386377,0.9885361,0.9885361,0.00045710022,0.021379903,0.00064925815
2005-02-08,7.1947584e-06,0.066686235,0.921923,0.9886092,0.9886092,0.0004747981,0.021789862,0.0006316286
2005-02-09,7.248315e-06,0.065575175,0.92306125,0.98863643,0.98863643,0.00044530886,0.021102343,0.0006378557
2005-02-10,7.345078e-06,0.06522992,0.9233397,0.9885697,0.9885696,0.0004183725,0.020454157,0.0006425958
2005-02-11,6.9480075e-06,0.06719734,0.92148995,0.9886873,0.9886873,0.0004744764,0.021782478,0.0006141764
2005-02-14,7.450142e-06,0.06476574,0.92374235,0.9885081,0.9885081,0.0004442452,0.021077124,0.0006482954
2005-02-15,7.375952e-06,0.06487044,0.92371136,0.9885818,0.9885818,0.00041990879,0.020491676,0.0006459807
2005-02-16,7.329332e-06,0.0650995,0.9234994,0.9885989,0.9885989,0.00039630913,0.019907514,0.0006428609
2005-02-17,7.003567e-06,0.06705432,0.92162627,0.9886806,0.9886806,0.00040525998,0.02013107,0.0006187225
2005-02-18,7.002498e-06,0.06743837,0.9212477,0.9886861,0.9886861,0.00039924582,0.019981137,0.00061892794
2005-02-22,7.0287574e-06,0.066558786,0.9221455,0.98870426,0.98870426,0.00039351676,0.019837257,0.00062224874
2005-02-23,6.3983216e-06,0.07111072,0.9177604,0.9888711,0.9888711,0.00057907007,0.024063874,0.00057492836
2005-02-24,7.09963e-06,0.06633666,0.92232263,0.9886593,0.98865926,0.0005378476,0.023191541,0.00062603224
2005-02-25,7.394526e-06,0.065080695,0.9234478,0.9885285,0.9885285,0.00050425774,0.022455683,0.0006445992
2005-02-28,7.2328753e-06,0.06545704,0.92319816,0.9886552,0.9886552,0.0004732396,0.021754071,0.0006375504
2005-03-01,7.1541995e-06,0.06627744,0.92233264,0.9886101,0.9886101,0.000445634,0.021110045,0.00062811724
2005-03-02,6.150763e-06,0.07251537,0.9164181,0.98893344,0.98893344,0.00041834495,0.020453483,0.0005557974
2005-03-03,6.7904957e-06,0.068116516,0.92065954,0.9887761,0.9887761,0.00043827042,0.02093491,0.00060500257
2005-03-04,7.0533597e-06,0.06659468,0.92207795,0.9886726,0.9886726,0.00041645672,0.02040727,0.00062268204
2005-03-07,7.18606e-06,0.065772004,0.92288035,0.98865235,0.98865235,0.00039195793,0.019797927,0.0006332641
2005-03-08,7.1351387e-06,0.06617295,0.9224717,0.98864466,0.98864466,0.00036913063,0.019212773,0.00062835094
2005-03-09,6.7796673e-06,0.06821575,0.9205523,0.98876804,0.98876804,0.0003582663,0.018927924,0.00060360506
2005-03-10,6.976034e-06,0.06695832,0.9217684,0.98872674,0.98872674,0.00033721863,0.018363513,0.0006188122
2005-03-11,7.0581564e-06,0.06663511,0.9220381,0.9886732,0.9886732,0.00035308616,0.018790588,0.0006231383
2005-03-14,7.0239225e-06,0.0668265,0.92184037,0.9886669,0.9886669,0.00035020892,0.01871387,0.0006197702
2005-03-15,7.1929812e-06,0.06558098,0.9231,0.98868096,0.98868096,0.0003356032,0.018319476,0.0006354762
2005-03-16,7.1403965e-06,0.0663426,0.92226964,0.98861223,0.98861223,0.000317152,0.017808761,0.0006270235
2005-03-17,7.035669e-06,0.06684628,0.92180336,0.98864967,0.9886496,0.0003412779,0.018473707,0.0006198645
2005-03-18,7.150527e-06,0.0660316,0.92262197,0.98865354,0.98865354,0.00032174,0.017937113,0.000630199
2005-03-21,7.163597e-06,0.06601565,0.9226219,0.98863757,0.98863757,0.00030593429,0.017490977,0.00063046324
2005-03-22,7.1034747e-06,0.066463396,0.9221721,0.98863554,0.98863554,0.0002896901,0.017020285,0.00062506046
2005-03-23,7.1951745e-06,0.065964915,0.9226446,0.98860955,0.98860955,0.0002818759,0.01678916,0.00063168496
2005-03-24,7.5650564e-06,0.064158,0.92430806,0.9884661,0.9884661,0.0003763549,0.019399868,0.0006558966
2005-03-28,7.4219115e-06,0.06464424,0.9238893,0.9885335,0.9885335,0.0003779218,0.019440211,0.00064726896
2005-03-29,7.5550984e-06,0.06391759,0.9245921,0.98850965,0.98850965,0.00037064124,0.019252045,0.0006575171
2005-03-30,7.132213e-06,0.06615054,0.9224948,0.9886454,0.9886454,0.00035085596,0.018731149,0.00062813284
2005-03-31,7.284006e-06,0.06571978,0.92281973,0.9885395,0.9885395,0.00033223993,0.01822745,0.00063557585
2005-04-01,6.9617577e-06,0.06725282,0.9214148,0.9886676,0.9886676,0.00035675842,0.018888049,0.0006143237
2005-04-04,7.155178e-06,0.06625621,0.9223235,0.98857975,0.98857975,0.000408741,0.020217344,0.0006265343
2005-04-05,7.3762994e-06,0.06494778,0.92360353,0.9885513,0.9885513,0.00038566586,0.019638376,0.0006442925
2005-04-06,7.444832e-06,0.06458391,0.92396003,0.9885439,0.9885439,0.00038324037,0.019576525,0.000649859
2005-04-07,7.527209e-06,0.06428595,0.92420805,0.988494,0.988494,0.00036239673,0.019036721,0.0006541974
2005-04-08,7.146346e-06,0.06677723,0.9218477,0.98862493,0.98862493,0.00040782892,0.020194774,0.00062824634
2005-04-11,7.512062e-06,0.064606234,0.9238919,0.98849815,0.98849815,0.00039801895,0.019950412,0.0006531178
2005-04-12,7.646489e-06,0.063642435,0.9248015,0.988444,0.988444,0.00037844916,0.01945377,0.0006616883
2005-04-13,7.494343e-06,0.0650203,0.9234421,0.98846245,0.98846245,0.00043689448,0.02090202,0.00064956094
2005-04-14,7.5154794e-06,0.06487602,0.9236239,0.98849994,0.98849994,0.00047908165,0.021887934,0.0006535165
2005-04-15,7.4436048e-06,0.06458046,0.9239493,0.98852974,0.98852974,0.00047037727,0.021688182,0.0006489483
2005-04-18,7.641727e-06,0.06408684,0.9243606,0.9884474,0.9884474,0.0004526861,0.021276422,0.00066147407
2005-04-19,7.651381e-06,0.063763276,0.92472345,0.9884867,0.9884867,0.0004265261,0.020652508,0.00066456926
2005-04-20,6.910079e-06,0.067538135,0.92116344,0.9887016,0.9887016,0.0004901716,0.02213982,0.00061159703
2005-04-21,7.486616e-06,0.064714365,0.9237799,0.9884943,0.9884943,0.00045890405,0.021422045,0.00065068627
2005-04-22,7.4210748e-06,0.06467718,0.9238507,0.9885279,0.9885279,0.00050092087,0.022381261,0.0006468799
2005-04-25,7.4000004e-06,0.064820774,0.923715,0.98853576,0.98853576,0.0005000383,0.022361537,0.0006454856
2005-04-26,7.671222e-06,0.063679926,0.9247593,0.98843926,0.98843926,0.00048417668,0.022004016,0.0006635582
2005-04-27,7.5702856e-06,0.0641551,0.9243143,0.9884694,0.9884694,0.0004585756,0.021414379,0.00065654
2005-04-28,7.0080755e-06,0.068000816,0.920649,0.9886498,0.9886498,0.0005867581,0.02422309,0.0006174399
2005-04-29,7.614998e-06,0.06385674,0.92460185,0.9884586,0.9884586,0.0005477614,0.023404302,0.000659797
2005-05-02,7.3071246e-06,0.06629825,0.9222719,0.98857015,0.98857015,0.0006195519,0.0248908,0.0006393021
2005-05-03,7.429727e-06,0.06491534,0.9235924,0.98850775,0.98850775,0.00061565987,0.024812493,0.00064649875
2005-05-04,7.4613044e-06,0.065613925,0.9228567,0.9884706,0.9884706,0.00062885485,0.025076978,0.0006471554
2005-05-05,7.601633e-06,0.06399877,0.92447186,0.9884706,0.9884706,0.00059790723,0.024452142,0.0006593268
2005-05-06,7.80962e-06,0.06311252,0.9252749,0.9883874,0.9883874,0.00057223754,0.023921486,0.000672513
2005-05-09,7.669678e-06,0.06390809,0.92452323,0.98843133,0.98843133,0.00053762516,0.023186745,0.00066296995
2005-05-10,7.6679335e-06,0.06347003,0.9249772,0.9884472,0.9884472,0.0005316821,0.023058234,0.0006637288
2005-05-11,7.4519303e-06,0.06478099,0.9237156,0.9884966,0.9884966,0.0004994796,0.02234904,0.0006478025
2005-05-12,7.5557987e-06,0.06468966,0.92377245,0.9884621,0.9884621,0.00053452136,0.023119718,0.0006548672
2005-05-13,7.393917e-06,0.06569537,0.922835,0.98853034,0.98853034,0.00059888297,0.024472086,0.0006446499
2005-05-16,7.85171e-06,0.06293641,0.92545664,0.98839307,0.98839307,0.00056045403,0.02367391,0.0006764673
2005-05-17,7.669876e-06,0.06396833,0.9244882,0.9884565,0.9884565,0.0005266639,0.02294916,0.0006644318
2005-05-18,7.471107e-06,0.064731754,0.92379355,0.98852533,0.98852533,0.00049782585,0.022312012,0.00065109564
2005-05-19,7.614149e-06,0.06446147,0.92399573,0.9884572,0.9884572,0.00055122137,0.023478104,0.00065964507
2005-05-20,7.565437e-06,0.06400577,0.92453563,0.9885414,0.9885414,0.0005203257,0.02281065,0.00066024234
2005-05-23,7.606477e-06,0.06422937,0.92425746,0.9884868,0.9884868,0.00048912654,0.022116205,0.000660676
2005-05-24,7.710861e-06,0.063828476,0.9246154,0.98844385,0.98844385,0.00061364117,0.024771782,0.00066725176
2005-05-25,7.583594e-06,0.0643181,0.92414385,0.988462,0.988462,0.0005815816,0.024116004,0.0006572695
2005-05-26,7.392199e-06,0.06523365,0.9232844,0.98851806,0.98851806,0.00058784167,0.024245447,0.00064381096
2005-05-27,7.3418378e-06,0.06527061,0.92329186,0.98856246,0.98856246,0.0005501452,0.023455175,0.00064190733
2005-05-31,7.29156e-06,0.065225996,0.9233988,0.9886248,0.9886248,0.00053219474,0.023069346,0.00064100564
2005-06-01,7.482813e-06,0.06481542,0.92366964,0.98848504,0.98848504,0.00049899996,0.022338307,0.00064983394
2005-06-02,6.3334246e-06,0.071227975,0.91766137,0.98888934,0.98888934,0.00062483596,0.024996718,0.0005700312
2005-06-03,7.600098e-06,0.0642781,0.924143,0.98842114,0.98842114,0.0006032202,0.02456054,0.0006563772
2005-06-06,7.027553e-06,0.06706955,0.92154473,0.98861426,0.98861426,0.0006069623,0.024636606,0.00061722414
2005-06-07,7.4946083e-06,0.06435763,0.9241568,0.9885144,0.9885144,0.0005732115,0.023941835,0.0006525235
2005-06-08,7.671624e-06,0.06376722,0.92465526,0.98842245,0.98842245,0.00054935674,0.02343836,0.00066262955
2005-06-09,7.647269e-06,0.064101405,0.9243217,0.9884231,0.9884231,0.00054993894,0.023450777,0.00066056324
2005-06-10,6.816096e-06,0.06820165,0.92049277,0.9886944,0.9886944,0.0005830214,0.024145836,0.00060289714
2005-06-13,7.595792e-06,0.06419564,0.924237,0.98843265,0.98843265,0.0005567838,0.023596266,0.0006566577
2005-06-14,7.076991e-06,0.06669992,0.9219064,0.98860633,0.98860633,0.0006142882,0.024784839,0.0006211338
2005-06-15,7.616164e-06,0.06408959,0.92433167,0.98842126,0.98842126,0.0005821345,0.024127465,0.0006577715
2005-06-16,7.44665e-06,0.064739935,0.9237499,0.98848987,0.98848987,0.00055220316,0.023499003,0.0006469647
2005-06-17,7.3533683e-06,0.06526901,0.92324686,0.98851585,0.98851585,0.0005379963,0.023194747,0.00064030604
2005-06-20,7.1380396e-06,0.066386685,0.92221576,0.98860246,0.98860246,0.0005735071,0.023948008,0.0006262789
2005-06-21,7.3875617e-06,0.06504239,0.923485,0.98852736,0.98852736,0.00055104605,0.02347437,0.00064392854
2005-06-22,7.228657e-06,0.06599539,0.9225552,0.9885506,0.9885506,0.000520629,0.022817295,0.000631357
2005-06-23,7.5805597e-06,0.0640214,0.92443615,0.98845756,0.98845756,0.0005006318,0.022374803,0.0006567554
2005-06-24,7.098845e-06,0.06664535,0.92195064,0.98859596,0.98859596,0.0005025034,0.022416588,0.00062248524
2005-06-27,7.492399e-06,0.06442021,0.92406696,0.9884872,0.9884872,0.00047346865,0.021759335,0.0006507877
2005-06-28,7.1966933e-06,0.06580619,0.92281944,0.98862565,0.98862565,0.00045336908,0.021292465,0.00063271227
2005-06-29,7.3063957e-06,0.06572292,0.9228186,0.98854154,0.98854154,0.0005290674,0.023001466,0.0006376422
2005-06-30,7.7466275e-06,0.06322157,0.9251891,0.98841065,0.98841065,0.00051347906,0.022660077,0.0006684265
2005-07-01,7.765889e-06,0.06312728,0.925273,0.9884003,0.9884003,0.00049450505,0.022237469,0.0006694894
2005-07-05,6.708059e-06,0.06894128,0.9197606,0.9887019,0.9887019,0.00056041253,0.023673033,0.00059373234
2005-07-06,7.2416024e-06,0.065870956,0.9226593,0.9885302,0.9885302,0.0005355857,0.023142723,0.0006313636
2005-07-07,6.589798e-06,0.06989117,0.91882503,0.9887162,0.9887162,0.00055204716,0.023495683,0.00058400445
2005-07-08,7.437902e-06,0.06465769,0.9238436,0.9885013,0.9885013,0.0005198097,0.022799335,0.00064684777
2005-07-11,7.652101e-06,0.06354909,0.9249013,0.9884504,0.9884504,0.0005098311,0.02257944,0.000662543
2005-07-12,7.727552e-06,0.063316934,0.9250761,0.98839307,0.98839307,0.0004886798,0.022106104,0.00066577044
2005-07-13,6.8023764e-06,0.068556584,0.920095,0.98865163,0.98865163,0.00051016733,0.022586884,0.0005994146
2005-07-14,7.794938e-06,0.063083254,0.9252722,0.98835546,0.98835546,0.00048355144,0.021989804,0.000669407
2005-07-15,7.6015526e-06,0.06415342,0.9243141,0.9884675,0.9884675,0.00054516003,0.023348663,0.0006591426
2005-07-18,7.664666e-06,0.06360029,0.92481464,0.98841494,0.98841494,0.00051295816,0.02264858,0.00066159933
2005-07-19,7.584881e-06,0.063917495,0.92456454,0.98848206,0.98848206,0.00049378857,0.022221355,0.0006585275
2005-07-20,7.503244e-06,0.06449744,0.9239702,0.98846763,0.9884677,0.00046443398,0.02155073,0.00065062486
2005-07-21,7.840816e-06,0.06287785,0.9254709,0.9883487,0.9883487,0.00044786508,0.021162823,0.00067295757
2005-07-22,7.5196704e-06,0.06412875,0.92438275,0.9885115,0.9885115,0.00042537655,0.020624658,0.0006545391
2005-07-25,7.3935685e-06,0.06481385,0.9237178,0.98853165,0.98853165,0.00044414806,0.02107482,0.00064469327
2005-07-26,7.652946e-06,0.06364585,0.92479205,0.9884379,0.9884379,0.00041977543,0.020488422,0.0006618988
2005-07-27,7.549653e-06,0.06409043,0.9243901,0.9884805,0.9884805,0.0003964878,0.019912,0.0006553808
2005-07-28,7.411276e-06,0.06494003,0.92355496,0.988495,0.988495,0.0003742575,0.019345736,0.00064417825
2005-07-29,7.573632e-06,0.06404078,0.924417,0.9884578,0.9884578,0.00036525732,0.019111706,0.0006561688
2005-08-01,7.492392e-06,0.0643813,0.92411137,0.98849267,0.98849267,0.00035190932,0.018759247,0.0006510972
2005-08-02,7.133318e-06,0.06647925,0.92210764,0.9885869,0.9885869,0.0003494604,0.01869386,0.00062501157
2005-08-03,7.1430673e-06,0.06630377,0.9222934,0.9885972,0.9885972,0.00033099946,0.01819339,0.0006264318
2005-08-04,7.716343e-06,0.06331213,0.92509973,0.98841184,0.98841184,0.00033163017,0.018210717,0.00066588185
2005-08-05,7.385612e-06,0.06496752,0.9235503,0.9885178,0.9885178,0.0003188371,0.01785601,0.00064322393
2005-08-08,7.3449582e-06,0.06521057,0.9233156,0.98852617,0.98852617,0.0003160775,0.017778568,0.00064014853
2005-08-09,7.4527725e-06,0.0646897,0.9237896,0.9884793,0.9884793,0.00034187033,0.018489735,0.00064690365
2005-08-10,7.584397e-06,0.06380309,0.9246827,0.98848575,0.98848575,0.00033583643,0.018325841,0.00065869675
2005-08-11,6.6561593e-06,0.06918141,0.9195676,0.98874897,0.988749,0.00036945785,0.019221287,0.00059160433
2005-08-12,7.161054e-06,0.066434346,0.92210865,0.988543,0.988543,0.00035906953,0.01894913,0.000625036
2005-08-15,7.19271e-06,0.06610621,0.9224539,0.9885601,0.9885601,0.00035472692,0.018834196,0.00062873785
2005-08-16,7.530955e-06,0.0640243,0.92448556,0.98850983,0.9885099,0.00033988844,0.018436063,0.0006554261
2005-08-17,7.2559765e-06,0.065815,0.92272735,0.9885424,0.9885423,0.0003223719,0.017954718,0.0006332882
2005-08-18,7.1018853e-06,0.06680789,0.9218452,0.98865306,0.98865306,0.0004321889,0.020789154,0.00062588573
2005-08-19,7.346248e-06,0.06496909,0.9236007,0.9885698,0.98856974,0.00040551357,0.020137368,0.0006427049
2005-08-22,7.326831e-06,0.0652749,0.9232435,0.9885184,0.9885184,0.00044885653,0.021186234,0.0006381377
2005-08-23,7.650667e-06,0.06352356,0.9249337,0.9884572,0.9884572,0.00042183948,0.02053873,0.0006628087
2005-08-24,7.5152548e-06,0.06451103,0.92391837,0.9884294,0.9884294,0.00039870632,0.019967632,0.0006495145
2005-08-25,6.9979665e-06,0.06724773,0.92136747,0.9886152,0.9886152,0.00041294674,0.020321092,0.0006146771
2005-08-26,7.417197e-06,0.06477204,0.9237374,0.9885094,0.9885094,0.0003878244,0.019693257,0.00064550224
2005-08-29,7.709912e-06,0.063255206,0.9251766,0.9884318,0.9884318,0.0003931389,0.019827731,0.00066647533
2005-08-30,6.04974e-06,0.073216826,0.9157667,0.9889835,0.9889835,0.00038724887,0.01967864,0.00054915325
2005-08-31,4.9817936e-06,0.083104104,0.9062499,0.98935395,0.989354,0.00046565896,0.021579133,0.00046794783
2005-09-01,7.193466e-06,0.066022605,0.9225385,0.98856115,0.98856115,0.00044055606,0.020989427,0.0006288629
2005-09-02,7.065228e-06,0.06666927,0.92200553,0.9886748,0.9886748,0.00041725853,0.020426907,0.00062385126
2005-09-06,7.068332e-06,0.06658742,0.92214346,0.98873085,0.9887309,0.0004439336,0.021069732,0.00062722835
2005-09-07,7.4918526e-06,0.0643191,0.92421454,0.9885336,0.9885336,0.00045593246,0.021352574,0.00065337535
2005-09-08,7.4975565e-06,0.064645916,0.9238304,0.9884763,0.9884763,0.00046791811,0.021631414,0.0006506193
2005-09-09,7.7357945e-06,0.06327403,0.92510766,0.9883817,0.9883817,0.00043994506,0.020974867,0.0006658275
2005-09-12,7.755896e-06,0.063157186,0.92524755,0.98840475,0.98840475,0.000417502,0.020432865,0.0006688857
2005-09-13,7.489659e-06,0.064571284,0.92394805,0.9885193,0.9885193,0.00040316052,0.020078858,0.00065237016
2005-09-14,7.429568e-06,0.06475547,0.9237515,0.9885069,0.9885069,0.0003808817,0.01951619,0.000646438
2005-09-15,7.13659e-06,0.066093124,0.92253816,0.9886313,0.9886313,0.0004201158,0.020496726,0.00062774064
2005-09-16,7.828239e-06,0.06281356,0.9255522,0.98836577,0.98836577,0.00039669094,0.019917103,0.00067286263
2005-09-19,7.3478714e-06,0.06537171,0.92322236,0.98859406,0.98859406,0.0004229644,0.020566098,0.00064421416
2005-09-20,5.116755e-06,0.08064929,0.90878403,0.98943335,0.9894333,0.0006923759,0.026313037,0.00048423617
2005-09-21,7.4095124e-06,0.065641485,0.9228056,0.98844707,0.98844707,0.0006593225,0.025677275,0.00064135354
2005-09-22,7.3038805e-06,0.06567868,0.9227851,0.98846376,0.98846376,0.0006203922,0.024907673,0.00063312484
2005-09-23,7.4441114e-06,0.064997725,0.92341304,0.9884108,0.9884108,0.0005812679,0.024109498,0.00064233015
2005-09-26,7.492042e-06,0.064793855,0.92372835,0.9885222,0.9885222,0.0006265362,0.025030706,0.0006527404
2005-09-27,7.1602844e-06,0.066365816,0.9221769,0.98854274,0.98854274,0.0006262144,0.025024276,0.00062495586
2005-09-28,7.5349394e-06,0.06449574,0.9238915,0.9883872,0.9883872,0.000593723,0.024366431,0.0006488493
2005-09-29,6.272256e-06,0.07166019,0.91721106,0.9888713,0.9888712,0.0005799501,0.024082154,0.00056360965
2005-09-30,7.762767e-06,0.06338647,0.9249581,0.9883446,0.98834455,0.0005411179,0.023261942,0.0006660238
2005-10-03,7.6061538e-06,0.063993745,0.9244623,0.9884561,0.9884561,0.00051286153,0.022646446,0.00065888773
2005-10-04,7.609209e-06,0.063747525,0.92471397,0.9884615,0.9884615,0.0004908363,0.022154825,0.0006594623
2005-10-05,7.666005e-06,0.06363908,0.9247802,0.9884193,0.9884193,0.0004997909,0.022356004,0.0006619636
2005-10-06,7.633048e-06,0.063816816,0.92464316,0.98846,0.98845994,0.00048993964,0.02213458,0.0006614429
2005-10-07,7.197486e-06,0.066224165,0.922408,0.98863214,0.98863214,0.0004952263,0.022253681,0.0006331436
2005-10-10,7.6601455e-06,0.06352894,0.92489934,0.9884283,0.9884283,0.0004677771,0.021628156,0.00066197204
2005-10-11,7.694301e-06,0.06352597,0.9248808,0.9884068,0.9884068,0.00044035667,0.020984678,0.00066368957
2005-10-12,7.1268278e-06,0.066266425,0.92233896,0.9886054,0.9886054,0.00046256228,0.021507261,0.0006254555
2005-10-13,7.758332e-06,0.06323206,0.92512566,0.9883577,0.9883577,0.00043914068,0.020955684,0.00066639297
2005-10-14,7.36705e-06,0.06523367,0.92332023,0.9885539,0.9885539,0.0004314236,0.02077074,0.00064362865
2005-10-17,7.637135e-06,0.06347165,0.9250069,0.9884786,0.9884786,0.0004092791,0.020230647,0.0006628653
2005-10-18,7.0155284e-06,0.06678826,0.9218785,0.9886668,0.9886668,0.00043252713,0.020797286,0.000619023
2005-10-19,7.278744e-06,0.06594876,0.9226305,0.9885793,0.9885793,0.00042842943,0.020698536,0.00063732755
2005-10-20,7.717242e-06,0.06324037,0.9252142,0.9884545,0.9884545,0.00041339462,0.020332107,0.0006684211
2005-10-21,7.4048876e-06,0.06532235,0.9232113,0.9885336,0.9885336,0.0004224914,0.020554595,0.000645791
2005-10-24,7.6028514e-06,0.063801765,0.9246551,0.98845685,0.98845685,0.0004004866,0.02001216,0.0006586459
2005-10-25,7.5968387e-06,0.0638901,0.9246084,0.9884985,0.9884985,0.00037975083,0.019487197,0.00066050905
2005-10-26,6.199218e-06,0.07165901,0.91734177,0.9890008,0.9890008,0.00043390173,0.020830307,0.00056360615
2005-10-27,7.417956e-06,0.065482214,0.9230198,0.988502,0.988502,0.0004651667,0.021567723,0.0006451533
2005-10-28,7.652982e-06,0.06363349,0.9247994,0.9884329,0.9884329,0.00043982663,0.020972043,0.00066161546
2005-10-31,7.4924997e-06,0.06463194,0.92386836,0.9885003,0.9885003,0.0004146311,0.020362493,0.00065153855
2005-11-01,6.9130524e-06,0.06830573,0.9204152,0.98872095,0.98872095,0.00042895967,0.020711342,0.00061291107
2005-11-02,7.085915e-06,0.06653537,0.9221369,0.98867226,0.98867226,0.00040184366,0.020046039,0.0006255363
2005-11-03,7.413487e-06,0.06491083,0.9236444,0.98855525,0.98855525,0.0003778836,0.019439228,0.00064776326
2005-11-04,7.244119e-06,0.06551908,0.9230781,0.9885972,0.9885972,0.0004278713,0.02068505,0.0006352938
2005-11-07,7.5529497e-06,0.06433663,0.9241624,0.988499,0.98849905,0.00042802672,0.020688806,0.0006567203
2005-11-08,7.711127e-06,0.06324393,0.925204,0.9884479,0.9884479,0.00042569186,0.0206323,0.000667509
2005-11-09,7.591299e-06,0.06391262,0.92453015,0.9884428,0.9884428,0.00040247102,0.020061681,0.00065684464
2005-11-10,7.688727e-06,0.06351935,0.9249244,0.98844373,0.98844373,0.00039114253,0.019777324,0.00066532963
2005-11-11,7.4281747e-06,0.06482504,0.92374337,0.9885684,0.9885684,0.00039386703,0.019846084,0.0006497945
2005-11-14,7.62632e-06,0.06353231,0.9249769,0.9885092,0.9885092,0.0003728297,0.019308798,0.00066368794
2005-11-15,7.5981884e-06,0.063771,0.92470866,0.9884797,0.9884797,0.00035289474,0.018785493,0.0006595463
2005-11-16,7.447854e-06,0.06482135,0.92371935,0.9885407,0.9885407,0.00034408228,0.018549455,0.0006499402
2005-11-17,7.0061124e-06,0.06652521,0.92221725,0.9887425,0.9887425,0.000340723,0.018458683,0.00062234903
2005-11-18,7.387015e-06,0.065400094,0.9231459,0.98854595,0.988546,0.0003711088,0.019264184,0.0006449263
2005-11-21,7.397465e-06,0.06493184,0.92365956,0.9885914,0.98859143,0.00035083017,0.018730462,0.00064840977
2005-11-22,7.5433845e-06,0.06395016,0.92458695,0.98853713,0.98853713,0.00037937972,0.019477673,0.00065807137
2005-11-23,7.3668434e-06,0.06480171,0.92378557,0.98858726,0.98858726,0.00038219913,0.019549914,0.000645493
2005-11-28,7.628211e-06,0.063913345,0.9245556,0.98846895,0.98846895,0.00036082588,0.018995417,0.00066153624
2005-11-29,7.3324672e-06,0.06553964,0.92306435,0.988604,0.988604,0.0003765312,0.019404411,0.00064342516
2005-11-30,7.4315803e-06,0.06436979,0.9242393,0.9886091,0.9886091,0.00037032718,0.019243887,0.0006524124
2005-12-01,7.063332e-06,0.06631581,0.92238206,0.9886979,0.9886979,0.00036262855,0.019042809,0.00062495674
2005-12-02,6.227267e-06,0.07189255,0.9170303,0.98892283,0.98892283,0.00036708885,0.019159563,0.0005621715
2005-12-05,7.114296e-06,0.066205375,0.9224489,0.98865426,0.98865426,0.00035734393,0.018903542,0.00062704535
2005-12-06,7.5147354e-06,0.064591415,0.923847,0.9884384,0.9884384,0.0003429221,0.018518155,0.0006499752
2005-12-07,7.4504883e-06,0.064505756,0.9240237,0.98852944,0.98852944,0.00032432674,0.018009074,0.00064953155
2005-12-08,7.563074e-06,0.06402939,0.92447525,0.98850465,0.98850465,0.00031720198,0.017810166,0.00065792457
2005-12-09,6.3699217e-06,0.07019081,0.9188136,0.9890044,0.9890044,0.00033755376,0.018372636,0.00057931413
2005-12-12,7.180198e-06,0.06681595,0.9217311,0.9885471,0.9885471,0.00034865414,0.018672282,0.000626932
2005-12-13,7.0186397e-06,0.06656964,0.9221439,0.9887135,0.9887135,0.00039448947,0.01986176,0.00062186166
2005-12-14,7.120189e-06,0.0664522,0.9221487,0.9886009,0.9886009,0.00037084898,0.01925744,0.0006246278
2005-12-15,7.397695e-06,0.0652351,0.9232423,0.98847735,0.98847735,0.00035418296,0.01881975,0.00064201327
2005-12-16,7.201127e-06,0.06630693,0.92227894,0.9885859,0.9885859,0.0003480574,0.018656297,0.0006308969
2005-12-19,7.4447275e-06,0.06473337,0.92383784,0.9885712,0.9885712,0.0004001494,0.020003734,0.00065140217
2005-12-20,7.643921e-06,0.0634138,0.92506933,0.98848313,0.98848313,0.0003878754,0.019694552,0.0006637152
2005-12-21,7.517163e-06,0.06447806,0.92397976,0.9884578,0.9884578,0.00037417863,0.019343698,0.0006512764
2005-12-22,7.4330183e-06,0.06462614,0.92388546,0.9885116,0.9885116,0.00035933685,0.018956183,0.0006470033
2005-12-23,6.79599e-06,0.06850636,0.9202666,0.988773,0.988773,0.00034105495,0.018467674,0.0006053249
2005-12-27,7.084548e-06,0.06641035,0.92230195,0.9887123,0.9887123,0.00032103012,0.017917313,0.00062763493
2005-12-28,6.4137953e-06,0.071141995,0.9178098,0.9889518,0.9889518,0.00030474624,0.017456982,0.00058052863
2005-12-29,6.801027e-06,0.067584574,0.9212811,0.9888657,0.9888657,0.0003415063,0.01847989,0.00061081623
2005-12-30,7.175646e-06,0.06577326,0.9228804,0.98865366,0.98865366,0.00032584261,0.018051112,0.0006324194
2006-01-03,7.138684e-06,0.06591877,0.92277896,0.98869777,0.98869777,0.00031678178,0.017798364,0.00063161715
2006-01-04,6.618978e-06,0.069407694,0.9194173,0.988825,0.988825,0.00037381958,0.019334415,0.0005923035
2006-01-05,6.9700473e-06,0.066767015,0.92199063,0.98875767,0.98875767,0.00035153166,0.018749177,0.0006199824
2006-01-06,6.8421436e-06,0.067883074,0.9209041,0.9887872,0.9887872,0.0003380549,0.018386269,0.0006102069
2006-01-09,7.052399e-06,0.06619058,0.92255557,0.98874617,0.98874617,0.00035138772,0.018745339,0.00062666635
2006-01-10,7.2536477e-06,0.06568151,0.9229452,0.9886267,0.9886267,0.0003397649,0.018432712,0.00063777965
2006-01-11,7.3802753e-06,0.064675346,0.9239252,0.98860055,0.98860055,0.00032118175,0.017921545,0.0006474239
2006-01-12,7.324864e-06,0.0651182,0.9234904,0.9886086,0.9886086,0.00030904188,0.017579587,0.00064301695
2006-01-13,7.1525837e-06,0.06586796,0.9228107,0.98867863,0.98867863,0.00029272574,0.01710923,0.00063177745
2006-01-17,7.1708637e-06,0.06569399,0.9229949,0.9886889,0.9886889,0.000277303,0.016652418,0.0006339662
2006-01-18,6.484926e-06,0.069652736,0.919277,0.98892975,0.98892975,0.00035049792,0.01872159,0.00058579753
2006-01-19,6.936237e-06,0.06749804,0.92122966,0.9887277,0.9887277,0.0003343609,0.018285537,0.000615334
2006-01-20,7.0013994e-06,0.06651281,0.9222492,0.988762,0.988762,0.00033302166,0.01824888,0.0006230123
2006-01-23,6.678428e-06,0.06854083,0.9203069,0.98884773,0.98884773,0.0003470619,0.018629597,0.00059884036
2006-01-24,6.691677e-06,0.06869799,0.9201317,0.9888297,0.9888297,0.0003271258,0.01808662,0.0005990582
2006-01-25,7.2047064e-06,0.06537237,0.923329,0.98870134,0.98870134,0.00032446833,0.018013004,0.00063766044
2006-01-26,7.1730747e-06,0.0661213,0.92255354,0.9886748,0.9886748,0.0003290403,0.018139469,0.000633374
2006-01-27,7.2226867e-06,0.06548449,0.9231567,0.98864114,0.98864114,0.00031308606,0.017694239,0.00063586386
2006-01-30,7.08625e-06,0.06608075,0.9226364,0.98871714,0.98871714,0.00032837084,0.018121006,0.0006280544
2006-01-31,6.6049206e-06,0.06865648,0.920273,0.9889295,0.9889295,0.0003147505,0.017741209,0.00059662404
2006-02-01,7.237058e-06,0.065798864,0.9228203,0.9886192,0.9886192,0.0002992062,0.017297579,0.0006359011
2006-02-02,6.8799854e-06,0.06762161,0.92116374,0.9887853,0.9887853,0.00031090825,0.01763259,0.0006134807
2006-02-03,7.1165923e-06,0.06664062,0.92204994,0.98869056,0.98869056,0.0003497164,0.018700706,0.00062926096
2006-02-06,7.3049273e-06,0.06498462,0.92363995,0.9886246,0.9886246,0.0003367433,0.018350568,0.0006421673
2006-02-07,6.9839025e-06,0.06753054,0.9211838,0.98871434,0.98871434,0.00031949373,0.017874388,0.0006188296
2006-02-08,7.271799e-06,0.06587035,0.9227725,0.9886429,0.9886429,0.00036938902,0.019219495,0.00064028497
2006-02-09,7.500707e-06,0.06458381,0.92397606,0.98855984,0.98855984,0.00035327466,0.018795602,0.00065564713
2006-02-10,7.3781243e-06,0.06503647,0.9235762,0.98861265,0.98861265,0.00033396808,0.018274793,0.000647923
2006-02-13,7.212576e-06,0.06614332,0.92250425,0.9886476,0.9886476,0.000326433,0.018067457,0.00063533377
2006-02-14,7.435627e-06,0.0647319,0.92387235,0.98860425,0.98860425,0.00031494693,0.017746745,0.0006524911
2006-02-15,7.3049223e-06,0.06576666,0.9228622,0.9886288,0.98862886,0.00034874651,0.018674755,0.0006424058
2006-02-16,7.4661257e-06,0.06481751,0.9237756,0.9885931,0.9885931,0.00039705654,0.019926278,0.0006545272
2006-02-17,7.273794e-06,0.065395504,0.92326343,0.98865896,0.9886589,0.00038495564,0.019620286,0.0006413695
2006-02-21,7.424151e-06,0.06478076,0.9237949,0.9885757,0.9885757,0.0003996124,0.019990308,0.00064985594
2006-02-22,7.253767e-06,0.065377645,0.9232782,0.98865587,0.98865587,0.00040231794,0.020057864,0.00063942885
2006-02-23,7.335197e-06,0.06603945,0.922534,0.98857343,0.98857343,0.00037889683,0.019465273,0.00064194226
2006-02-24,7.256614e-06,0.0653863,0.92327976,0.98866606,0.98866606,0.00036107705,0.019002028,0.00064025505
2006-02-27,6.9470443e-06,0.06756581,0.9211562,0.988722,0.988722,0.00043585914,0.02087724,0.0006159834
2006-02-28,7.0297597e-06,0.06776081,0.92093456,0.9886954,0.9886954,0.00047366368,0.021763816,0.00062184857
2006-03-01,6.993311e-06,0.06714829,0.9215872,0.9887355,0.9887355,0.00044607127,0.0211204,0.0006208273
2006-03-02,6.0186007e-06,0.07294244,0.91613615,0.9890786,0.9890786,0.00042333364,0.020575073,0.0005510823
2006-03-03,7.0675437e-06,0.0665999,0.9221183,0.9887182,0.9887182,0.0004289748,0.020711707,0.000626456
2006-03-06,7.3320716e-06,0.064847976,0.9237796,0.98862755,0.98862755,0.00040406847,0.020101454,0.00064472243
2006-03-07,7.1483178e-06,0.0664246,0.9222495,0.9886741,0.9886741,0.0004071315,0.0201775,0.0006311481
2006-03-08,7.377324e-06,0.06476246,0.92384213,0.9886046,0.9886046,0.00039495912,0.019873578,0.0006473952
2006-03-09,7.633162e-06,0.06384549,0.9246531,0.9884986,0.9884986,0.00041569234,0.020388534,0.000663674
2006-03-10,7.497532e-06,0.06426253,0.9242718,0.98853433,0.98853433,0.00039534297,0.019883234,0.00065391144
2006-03-13,7.582772e-06,0.063868314,0.9246602,0.9885285,0.9885285,0.00037777485,0.01943643,0.00066100905
2006-03-14,6.9085827e-06,0.06725659,0.9214799,0.98873645,0.98873645,0.00041248475,0.02030972,0.0006133575
2006-03-15,6.7517826e-06,0.06852628,0.9201994,0.98872566,0.98872566,0.00041684814,0.02041686,0.0005988629
2006-03-16,7.426843e-06,0.06472598,0.923851,0.988577,0.988577,0.00040593182,0.02014775,0.0006501662
2006-03-17,7.17458e-06,0.06583204,0.92280376,0.9886358,0.9886358,0.00041431302,0.02035468,0.00063133053
2006-03-20,7.355922e-06,0.06492744,0.9236798,0.9886073,0.9886073,0.00040073268,0.02001831,0.00064566906
2006-03-21,7.362491e-06,0.06532376,0.92327595,0.9885997,0.9885997,0.00047322086,0.02175364,0.00064581656
2006-03-22,7.254511e-06,0.06562447,0.9229645,0.988589,0.988589,0.00044460408,0.021085637,0.0006357465
2006-03-23,7.669403e-06,0.06349527,0.9249939,0.98848915,0.98848915,0.00044225546,0.021029871,0.0006662761
2006-03-24,6.8478507e-06,0.067773126,0.9209467,0.9887198,0.9887198,0.0004893775,0.022121878,0.00060706935
2006-03-27,7.490105e-06,0.064326786,0.92417705,0.9885038,0.9885038,0.00045938746,0.021433325,0.0006515295
2006-03-28,7.29169e-06,0.065145,0.9234817,0.9886267,0.9886267,0.00043225285,0.020790692,0.00064112456
2006-03-29,6.8116638e-06,0.067958,0.92080426,0.98876226,0.98876226,0.00046162153,0.021485379,0.00060614175
2006-03-30,7.194328e-06,0.065622315,0.92304,0.9886623,0.9886623,0.000433928,0.020830939,0.0006345493
2006-03-31,7.164985e-06,0.065746695,0.9229398,0.98868644,0.98868644,0.00041460953,0.020361964,0.00063330965
2006-04-03,7.1863637e-06,0.06579536,0.92284846,0.9886438,0.9886438,0.00039404538,0.019850576,0.0006328155
2006-04-04,7.3203255e-06,0.06490191,0.923734,0.9886359,0.9886359,0.00037096158,0.019260364,0.00064416224
2006-04-05,7.0942106e-06,0.06608506,0.92263174,0.9887168,0.9887168,0.00035405002,0.018816218,0.00062873994
2006-04-06,7.1402014e-06,0.065764785,0.9229417,0.98870647,0.98870647,0.000343856,0.018543355,0.0006322382
2006-04-07,6.9995785e-06,0.06651257,0.92225355,0.98876613,0.98876613,0.00033502292,0.01830363,0.0006230783
2006-04-10,7.0361752e-06,0.06644238,0.9222907,0.98873305,0.98873305,0.00032063155,0.017906187,0.0006244971
2006-04-11,6.919125e-06,0.0671668,0.9215882,0.988755,0.988755,0.0003282667,0.018118132,0.00061530614
2006-04-12,6.9090697e-06,0.06706579,0.9217233,0.9887891,0.9887891,0.00031015405,0.01761119,0.0006162804
2006-04-13,7.0910705e-06,0.0660299,0.92270243,0.98873234,0.98873234,0.00029479255,0.017169524,0.00062932936
2006-04-17,7.0911683e-06,0.0659825,0.922759,0.9887415,0.9887415,0.00028558302,0.016899202,0.0006298511
2006-04-18,6.8272166e-06,0.06773153,0.9210496,0.98878115,0.9887811,0.0002859034,0.016908677,0.00060854893
2006-04-19,6.8654367e-06,0.06760284,0.9211587,0.98876154,0.98876154,0.0002818989,0.016789844,0.0006108879
2006-04-20,7.1401137e-06,0.06587814,0.92282456,0.9887027,0.9887027,0.00027500227,0.016583193,0.0006320203
2006-04-21,7.0240512e-06,0.06645817,0.9222999,0.9887581,0.9887581,0.00026163258,0.01617506,0.00062480924
2006-04-24,7.083724e-06,0.06608509,0.9226465,0.9887316,0.9887316,0.00037432942,0.019347595,0.00062863744
2006-04-25,7.0321116e-06,0.06668236,0.92202324,0.9887056,0.9887056,0.00039382876,0.019845119,0.00062261795
2006-04-26,7.20115e-06,0.06571799,0.92293745,0.98865545,0.98865545,0.00037287743,0.019310035,0.00063476723
2006-04-27,7.58951e-06,0.06363088,0.9248839,0.9885148,0.9885148,0.00036307197,0.019054448,0.0006608067
2006-04-28,7.154954e-06,0.06627965,0.9223806,0.9886603,0.9886603,0.00035528722,0.018849064,0.00063096365
2006-05-01,7.1449294e-06,0.06588739,0.92278546,0.98867285,0.98867285,0.0003452254,0.018580241,0.00063077925
2006-05-02,7.0955753e-06,0.066144176,0.92254794,0.9886921,0.9886921,0.00036612785,0.019134467,0.0006274886
2006-05-03,7.1545905e-06,0.065944195,0.9227118,0.988656,0.988656,0.00035444417,0.018826688,0.0006306929
2006-05-04,7.3388223e-06,0.065258466,0.9233539,0.98861235,0.98861235,0.0004015851,0.020039588,0.00064445473
2006-05-05,7.5907683e-06,0.064033434,0.9244837,0.98851717,0.98851717,0.000449849,0.021209644,0.0006610535
2006-05-08,7.1319646e-06,0.066173926,0.9224722,0.9886461,0.9886461,0.00042417884,0.020595603,0.00062815053
2006-05-09,7.6745655e-06,0.0633498,0.92511964,0.9884694,0.9884694,0.00040100183,0.02002503,0.00066558376
2006-05-10,7.02204e-06,0.066814415,0.9218486,0.988663,0.988663,0.000389129,0.019726353,0.0006193923
2006-05-11,6.9592547e-06,0.067037605,0.9216644,0.988702,0.988702,0.00039227272,0.019805877,0.0006159722
2006-05-12,7.1116306e-06,0.06608553,0.9225984,0.98868394,0.98868394,0.00038593425,0.01964521,0.0006284546
2006-05-15,6.9975013e-06,0.06698891,0.92176294,0.9887518,0.9887518,0.0003842306,0.019601801,0.00062210124
2006-05-16,6.969555e-06,0.06781488,0.9209452,0.9887601,0.9887601,0.00045501266,0.021331025,0.00062007346
2006-05-17,7.4469685e-06,0.06460953,0.9239337,0.9885432,0.9885432,0.00042616169,0.020643683,0.00065000495
2006-05-18,7.560043e-06,0.06434529,0.92415756,0.98850286,0.98850286,0.00041088343,0.02027026,0.00065755856
2006-05-19,7.5052385e-06,0.06418592,0.92435837,0.9885443,0.9885443,0.0003945377,0.019862972,0.00065515237
2006-05-22,7.675438e-06,0.06350339,0.92500216,0.98850554,0.98850554,0.0003840254,0.019596566,0.0006677512
2006-05-23,7.5027747e-06,0.06413276,0.92443156,0.9885643,0.9885643,0.0003691546,0.019213395,0.0006560843
2006-05-24,7.121635e-06,0.06650106,0.92207205,0.98857313,0.98857313,0.00043029,0.020743433,0.00062323606
2006-05-25,7.057724e-06,0.0672999,0.9213902,0.9886901,0.9886901,0.00045261905,0.021274846,0.00062402943
2006-05-26,7.0519923e-06,0.066532455,0.922134,0.9886664,0.9886664,0.0004522285,0.021265665,0.0006222208
2006-05-30,7.5017583e-06,0.064123094,0.92444193,0.988565,0.988565,0.00042408152,0.020593239,0.0006560364
2006-05-31,7.328582e-06,0.065104656,0.92347604,0.9885807,0.9885807,0.00040469618,0.020117061,0.00064177177
2006-06-01,7.720318e-06,0.06323736,0.9252163,0.9884537,0.9884537,0.00038832254,0.0197059,0.00066863914
2006-06-02,7.791431e-06,0.06290303,0.92549175,0.9883948,0.9883948,0.00037879168,0.01946257,0.000671374
2006-06-05,7.1685777e-06,0.06605552,0.92253464,0.9885902,0.9885902,0.00040648622,0.020161504,0.00062828144
2006-06-06,7.5443686e-06,0.06405651,0.92444706,0.9885036,0.9885036,0.00038296968,0.019569611,0.0006562361
2006-06-07,7.546298e-06,0.063853204,0.9246748,0.988528,0.988528,0.00036174696,0.019019647,0.0006578022
2006-06-08,7.015186e-06,0.06728612,0.92140746,0.9886936,0.9886936,0.00037785995,0.01943862,0.00062046124
2006-06-09,7.491528e-06,0.06420065,0.9243426,0.9885432,0.9885432,0.0003583788,0.018930895,0.00065389427
2006-06-12,7.5157805e-06,0.06427319,0.9242012,0.98847437,0.98847437,0.0003590815,0.018949445,0.00065209274
2006-06-13,7.60783e-06,0.063866474,0.9246463,0.9885128,0.9885128,0.0003604993,0.01898682,0.0006622884
2006-06-14,7.440551e-06,0.065010294,0.9235376,0.9885479,0.9885479,0.00038462866,0.019611951,0.0006497118
2006-06-15,7.4113486e-06,0.064599685,0.9239526,0.9885523,0.9885523,0.0003670159,0.01915766,0.00064740784
2006-06-16,7.40505e-06,0.0648269,0.9236909,0.9885178,0.9885178,0.00034810274,0.018657511,0.0006449168
2006-06-19,7.846222e-06,0.06270391,0.92565954,0.98836344,0.98836344,0.00033070706,0.018185353,0.0006742736
2006-06-20,7.420366e-06,0.06488058,0.9236716,0.98855215,0.9885522,0.0003248956,0.01802486,0.00064818875
2006-06-21,7.2001617e-06,0.06586902,0.92280674,0.9886758,0.9886758,0.00030756067,0.017537408,0.0006358193
2006-06-22,7.34917e-06,0.064885154,0.9237134,0.9885985,0.9885985,0.00031664368,0.017794484,0.0006445807
2006-06-23,7.488399e-06,0.06415525,0.92438924,0.9885445,0.98854446,0.00030300478,0.017407032,0.000653696
2006-06-26,7.428446e-06,0.064351045,0.9242565,0.9886075,0.9886075,0.00028758496,0.01695833,0.00065204856
2006-06-27,7.1180993e-06,0.06588141,0.9228487,0.98873013,0.98873013,0.00028377236,0.016845545,0.0006316045
2006-06-28,7.3164074e-06,0.064929575,0.92372155,0.98865116,0.98865116,0.00026913206,0.016405245,0.0006446831
2006-06-29,7.2528173e-06,0.06533117,0.9233238,0.988655,0.988655,0.00025671895,0.016022451,0.00063929474
2006-06-30,7.0102697e-06,0.066644184,0.9220765,0.9887207,0.9887207,0.00026549632,0.016294058,0.0006215172
2006-07-05,6.298601e-06,0.07047587,0.91862446,0.98910034,0.98910034,0.0002542167,0.015944174,0.00057787116
2006-07-06,5.843763e-06,0.07566673,0.9134091,0.98907584,0.98907584,0.00025783674,0.016057296,0.00053493935
2006-07-07,7.1228233e-06,0.065729186,0.9230152,0.9887444,0.9887444,0.00024141597,0.0155375665,0.0006328236
2006-07-10,7.315949e-06,0.064880155,0.9237585,0.98863864,0.98863864,0.0002434146,0.0156017495,0.0006439325
2006-07-11,7.4417135e-06,0.064437136,0.92413676,0.9885739,0.9885739,0.00023511774,0.015333549,0.0006512913
2006-07-12,7.3337123e-06,0.06514034,0.9234227,0.98856306,0.98856306,0.0002280685,0.015101937,0.0006412303
2006-07-13,7.299697e-06,0.06516973,0.92343694,0.9886067,0.9886067,0.00022492609,0.014997536,0.00064070034
2006-07-14,7.163265e-06,0.066070974,0.9225433,0.98861426,0.98861426,0.00024900824,0.015779994,0.0006291436
2006-07-17,7.301047e-06,0.06530661,0.9232706,0.9885772,0.9885772,0.00023797057,0.015426295,0.00063916366
2006-07-18,6.850568e-06,0.06773953,0.9210602,0.98879975,0.98879975,0.00026141846,0.01616844,0.00061164424
2006-07-19,7.3354936e-06,0.06494561,0.9236883,0.9886339,0.9886339,0.00028629036,0.016920118,0.00064538186
2006-07-20,7.6357155e-06,0.06339122,0.92511797,0.9885092,0.9885092,0.0002815669,0.016779955,0.0006645056
2006-07-21,7.744802e-06,0.06304959,0.9253804,0.98843,0.98843,0.0002700537,0.01643331,0.00066938787
2006-07-24,7.5101707e-06,0.064210825,0.92427856,0.9884894,0.9884894,0.00027822555,0.016680093,0.0006524563
2006-07-25,7.4020672e-06,0.06450452,0.9240982,0.9886027,0.9886027,0.0002688366,0.016396238,0.00064945786
2006-07-26,7.548147e-06,0.06405049,0.9244564,0.9885069,0.9885069,0.00027606916,0.01661533,0.0006567554
2006-07-27,7.349602e-06,0.06474199,0.9238872,0.98862916,0.98862916,0.0002631112,0.016220704,0.0006463554
2006-07-28,7.755893e-06,0.06307712,0.9253377,0.9884148,0.98841476,0.00025441783,0.01595048,0.00066946703
2006-07-31,7.816679e-06,0.062671706,0.9257431,0.9884148,0.9884148,0.0002632366,0.016224569,0.00067471387
2006-08-01,6.923233e-06,0.066978596,0.92180663,0.9887852,0.9887852,0.0002665165,0.016325332,0.0006173304
2006-08-02,6.9528796e-06,0.06751862,0.9211203,0.9886389,0.9886389,0.00025551152,0.015984727,0.0006119888
2006-08-03,7.0794263e-06,0.066133045,0.92258227,0.9887153,0.9887153,0.00025155945,0.015860626,0.0006273468
2006-08-04,7.265062e-06,0.06540066,0.9232082,0.98860884,0.98860884,0.00024072942,0.015515458,0.0006377805
2006-08-07,7.4665136e-06,0.06413728,0.9244432,0.98858047,0.98858047,0.00023548305,0.015345457,0.00065383693
2006-08-08,7.3155584e-06,0.06525051,0.9233279,0.98857844,0.98857844,0.0002791876,0.016708909,0.00064050424
2006-08-09,7.408413e-06,0.06440979,0.92419666,0.98860645,0.98860645,0.00027035907,0.016442599,0.0006502288
2006-08-10,7.5510798e-06,0.063856624,0.92467284,0.98852944,0.98852944,0.00025727862,0.016039908,0.0006583011
2006-08-11,7.160847e-06,0.066533506,0.9221252,0.9886587,0.9886587,0.00030881603,0.017573163,0.00063139707
2006-08-14,7.3893007e-06,0.064771764,0.9237914,0.9885632,0.9885632,0.00029326344,0.017124936,0.00064609747
2006-08-15,7.1872296e-06,0.06614736,0.9225073,0.9886546,0.9886546,0.00028661592,0.016929734,0.0006334936
2006-08-16,7.5069397e-06,0.06411693,0.92443377,0.9885507,0.9885507,0.00027463996,0.016572265,0.0006556693
2006-08-17,7.6150754e-06,0.06385425,0.92463565,0.98848987,0.98848987,0.0002783144,0.016682757,0.00066159747
2006-08-18,7.464664e-06,0.06477414,0.9237837,0.9885579,0.9885579,0.00030819778,0.017555563,0.0006523844
2006-08-21,7.5566395e-06,0.06387337,0.9246337,0.98850703,0.98850703,0.00030686284,0.017517501,0.00065750116
2006-08-22,7.700093e-06,0.063497014,0.924932,0.988429,0.988429,0.00031200718,0.017663725,0.00066546537
2006-08-23,7.289946e-06,0.06504406,0.9235981,0.98864216,0.98864216,0.00029660502,0.017222224,0.00064184243
2006-08-24,7.324862e-06,0.065605514,0.92297906,0.9885846,0.9885846,0.00029105676,0.017060386,0.00064166373
2006-08-25,7.430494e-06,0.06431501,0.9242771,0.98859215,0.98859215,0.00028025598,0.016740847,0.0006513491
2006-08-28,7.4019777e-06,0.064802475,0.9237744,0.9885769,0.9885769,0.00026668067,0.01633036,0.00064798264
2006-08-29,6.799548e-06,0.06896123,0.91983175,0.988793,0.988793,0.00030026713,0.017328218,0.0006067241
2006-08-30,7.3276515e-06,0.06479741,0.9238889,0.9886863,0.9886863,0.00029476834,0.017168818,0.00064768083
2006-08-31,7.3997994e-06,0.06507106,0.92351854,0.9885896,0.9885896,0.00028088232,0.016759545,0.00064851274
2006-09-01,7.479844e-06,0.06429109,0.9242902,0.9885813,0.9885813,0.00026740148,0.016352415,0.00065505214
2006-09-04,7.529304e-06,0.0641787,0.92436475,0.98854345,0.98854345,0.0002702513,0.016439322,0.00065720524
2006-09-05,7.465244e-06,0.064368956,0.9242453,0.98861426,0.98861426,0.00027653234,0.016629262,0.00065566617
2006-09-06,7.387968e-06,0.06479106,0.92381066,0.98860174,0.98860174,0.00026743277,0.016353372,0.0006481665
2006-09-07,7.6073106e-06,0.063835524,0.92468774,0.98852324,0.98852324,0.00027187812,0.016488727,0.0006628451
2006-09-08,7.4969353e-06,0.06427373,0.92432946,0.9886032,0.9886032,0.00025954965,0.016110545,0.0006578091
2006-09-11,7.46431e-06,0.064651385,0.92394006,0.98859143,0.98859143,0.0002643998,0.016260374,0.0006542723
2006-09-12,7.554071e-06,0.06409611,0.9244642,0.9885603,0.9885603,0.00025814885,0.016067011,0.0006603393
2006-09-13,7.5062453e-06,0.064606555,0.92397285,0.9885794,0.9885794,0.00029951645,0.017306544,0.0006572545
2006-09-14,7.5554194e-06,0.06412415,0.9244364,0.98856056,0.98856056,0.0002848523,0.01687757,0.0006604709
2006-09-15,7.099879e-06,0.066925876,0.9218237,0.98874956,0.98874956,0.00028016607,0.016738161,0.0006310759
2006-09-18,7.376693e-06,0.06474529,0.92394245,0.98868775,0.98868775,0.00026551422,0.016294608,0.000652098
2006-09-19,7.578379e-06,0.06388038,0.92465323,0.9885336,0.9885336,0.00025601182,0.01600037,0.00066092145
2006-09-20,7.3182264e-06,0.06564584,0.9229699,0.9886157,0.9886157,0.00031970075,0.017880177,0.0006428345
2006-09-21,7.5076064e-06,0.06485945,0.92368245,0.9885419,0.9885419,0.00032836708,0.018120902,0.0006552227
2006-09-22,7.407622e-06,0.06473585,0.9239014,0.9886372,0.9886372,0.0003324862,0.018234205,0.0006519192
2006-09-25,7.5592134e-06,0.06438593,0.92416453,0.9885505,0.9885505,0.00033389597,0.01827282,0.0006602212
2006-09-26,7.667209e-06,0.06370358,0.92478347,0.98848706,0.98848706,0.00032970135,0.01815768,0.00066596473
2006-09-27,7.458551e-06,0.06444143,0.9241598,0.98860127,0.98860127,0.00031608096,0.017778667,0.0006543316
2006-09-28,7.205725e-06,0.06611822,0.92254,0.98865825,0.98865825,0.00036239263,0.019036613,0.0006353274
2006-09-29,6.4674114e-06,0.069196776,0.91988945,0.9890862,0.9890862,0.00034230074,0.018501371,0.00059259083
2006-10-02,7.634055e-06,0.064220496,0.9241989,0.9884194,0.9884194,0.00032166584,0.017935045,0.0006592114
2006-10-03,7.737011e-06,0.06327322,0.9251609,0.98843414,0.9884341,0.00036496375,0.019104024,0.0006689523
2006-10-04,7.661133e-06,0.06400564,0.9244381,0.98844373,0.98844373,0.0004441333,0.02107447,0.00066294183
2006-10-05,7.384173e-06,0.06475737,0.92380345,0.9885608,0.9885608,0.00042764528,0.020679586,0.0006455146
2006-10-06,7.772387e-06,0.062956885,0.925444,0.9884009,0.9884009,0.00040910745,0.020226404,0.00067008403
2006-10-09,7.927624e-06,0.0623043,0.9260439,0.98834825,0.98834825,0.00038779658,0.019692551,0.0006803803
2006-10-10,7.748341e-06,0.06298421,0.9254526,0.9884368,0.9884368,0.00036764416,0.019174049,0.0006700873
2006-10-11,7.603818e-06,0.06407213,0.92439103,0.98846316,0.98846316,0.000385938,0.019645305,0.0006590904
2006-10-12,7.4760037e-06,0.064605236,0.9239553,0.98856056,0.98856056,0.0003812969,0.019526826,0.00065352867
2006-10-13,7.390706e-06,0.06479396,0.9238214,0.98861533,0.98861533,0.00036105042,0.019001327,0.0006491807
2006-10-16,7.4584104e-06,0.06427741,0.92429966,0.98857707,0.98857707,0.00035020206,0.018713687,0.0006529331
2006-10-17,6.969484e-06,0.066619284,0.92215806,0.98877734,0.98877734,0.00036480828,0.019099955,0.0006210189
2006-10-18,7.679599e-06,0.06381673,0.92458546,0.9884022,0.9884022,0.00036316237,0.01905682,0.00066215923
2006-10-19,7.726656e-06,0.063010685,0.9254472,0.9884579,0.9884579,0.0003749008,0.019362355,0.00066943344
2006-10-20,7.3238625e-06,0.06501854,0.9235721,0.98859066,0.98859066,0.00036774026,0.019176554,0.00064191804
2006-10-23,7.739142e-06,0.063470416,0.92493033,0.98840076,0.98840076,0.0004030686,0.02007657,0.000667211
2006-10-24,7.662795e-06,0.063819624,0.9246407,0.98846036,0.98846036,0.00045472334,0.021324243,0.0006640412
2006-10-25,7.3259957e-06,0.06500898,0.92357874,0.98858774,0.98858774,0.00043317582,0.020812877,0.0006419407
2006-10-26,6.8793383e-06,0.067438185,0.9213082,0.9887464,0.9887464,0.0004813136,0.02193886,0.0006113014
2006-10-27,7.542997e-06,0.06467876,0.9237815,0.98846024,0.9884603,0.00047055117,0.021692192,0.000653653
2006-10-30,7.579322e-06,0.063857414,0.92465323,0.98851067,0.98851067,0.00044471747,0.021088326,0.0006596834
2006-10-31,7.268087e-06,0.065931626,0.92270774,0.98863935,0.98863935,0.0005228832,0.02286664,0.00063976005
2006-11-01,7.646376e-06,0.06380223,0.9246641,0.9884663,0.9884663,0.00049217505,0.022185018,0.00066296075
2006-11-02,7.1815543e-06,0.06593026,0.92267823,0.9886085,0.9886085,0.00046276435,0.021511959,0.00063042983
2006-11-03,7.808503e-06,0.06300937,0.92534256,0.98835194,0.98835194,0.00044798086,0.021165559,0.0006703695
2006-11-06,7.3327633e-06,0.06515132,0.9233948,0.98854613,0.98854613,0.00045092384,0.021234967,0.0006401998
2006-11-07,7.315596e-06,0.06534026,0.9232141,0.98855436,0.98855436,0.00043747228,0.020915838,0.00063916
2006-11-08,7.619919e-06,0.06362583,0.9248564,0.98848224,0.98848224,0.0004337182,0.020825902,0.0006615798
2006-11-09,7.3670444e-06,0.06495709,0.9235894,0.9885465,0.9885465,0.00042290802,0.020564727,0.0006432129
2006-11-10,7.493789e-06,0.06423721,0.9242791,0.98851633,0.98851633,0.00042868324,0.020704668,0.0006525605
2006-11-13,7.4746804e-06,0.06483858,0.92364836,0.98848695,0.98848695,0.00044795944,0.021165052,0.0006492352
2006-11-14,7.846128e-06,0.062678546,0.9257058,0.9883843,0.98838437,0.00044071052,0.020993106,0.0006754765
2006-11-15,7.6003694e-06,0.0638332,0.9246238,0.98845696,0.98845696,0.00041762364,0.020435842,0.00065843767
2006-11-16,7.4784975e-06,0.06438324,0.92411757,0.98850083,0.98850083,0.0003977939,0.01994477,0.0006503513
2006-11-17,7.281382e-06,0.06609215,0.9224762,0.9885683,0.9885683,0.0004981278,0.022318777,0.0006369469
2006-11-20,7.517313e-06,0.06396835,0.9245701,0.98853844,0.98853844,0.00047131145,0.021709708,0.00065587193
2006-11-21,7.5610055e-06,0.06442649,0.9239811,0.98840755,0.98840755,0.0006159191,0.024817718,0.00065223547
2006-11-22,6.995139e-06,0.06716199,0.9214622,0.98862416,0.98862416,0.0006101318,0.024700847,0.0006149116
2006-11-27,7.2051726e-06,0.06610532,0.9225598,0.9886651,0.9886651,0.0005860069,0.024207579,0.0006356629
2006-11-28,7.011877e-06,0.067174084,0.9215081,0.98868215,0.98868215,0.00056884345,0.02385044,0.0006195415
2006-11-29,7.1434943e-06,0.06631182,0.922276,0.98858786,0.98858786,0.0005390525,0.023217503,0.0006259555
2006-11-30,6.6614666e-06,0.06893064,0.9198617,0.9887923,0.9887923,0.0005411634,0.023262918,0.0005943652
2006-12-01,7.5747485e-06,0.06410092,0.9243323,0.98843324,0.98843324,0.00051195774,0.022626484,0.0006548722
2006-12-04,7.089165e-06,0.066366024,0.9222886,0.9886546,0.9886546,0.00048209337,0.021956624,0.00062485004
2006-12-05,6.9570006e-06,0.067373455,0.9213092,0.9886826,0.9886826,0.00046864257,0.021648154,0.0006147187
2006-12-06,7.3186297e-06,0.06501744,0.92358416,0.9886016,0.9886016,0.0004387324,0.02094594,0.0006420766
2006-12-07,7.4992595e-06,0.06414463,0.9243839,0.9885285,0.9885285,0.00041361252,0.020337466,0.0006537291
2006-12-08,7.4119534e-06,0.06463785,0.9239074,0.98854524,0.98854524,0.0003911781,0.019778222,0.00064706313
2006-12-11,7.4445975e-06,0.06452402,0.9239983,0.9885223,0.9885223,0.00037258404,0.019302435,0.00064861355
2006-12-12,7.421534e-06,0.06469678,0.923826,0.98852277,0.98852277,0.00036326714,0.019059569,0.000646631
2006-12-13,7.4055597e-06,0.06461359,0.9239501,0.98856366,0.98856366,0.00034381446,0.018542234,0.00064754614
2006-12-14,7.3079027e-06,0.065029435,0.92357963,0.9886091,0.9886091,0.00032701416,0.018083533,0.0006415548
2006-12-15,7.0508095e-06,0.06646298,0.922222,0.988685,0.988685,0.00033079425,0.01818775,0.0006231389
2006-12-18,7.181352e-06,0.06572171,0.92293173,0.9886534,0.9886534,0.00032584512,0.018051181,0.000632909
2006-12-19,7.107227e-06,0.06642445,0.92223567,0.9886601,0.9886601,0.00033331517,0.018256921,0.00062674494
2006-12-20,7.070694e-06,0.06634606,0.92234135,0.9886874,0.9886874,0.00032897125,0.018137565,0.000625028
2006-12-21,7.088551e-06,0.06644242,0.92221195,0.9886544,0.9886544,0.00031557106,0.01776432,0.00062478276
2006-12-22,7.4685827e-06,0.06426228,0.924301,0.9885633,0.9885633,0.00031734424,0.017814158,0.00065303646
2006-12-26,7.4309132e-06,0.06447245,0.9240881,0.98856056,0.98856056,0.0003019433,0.017376516,0.000649587
2006-12-27,6.832611e-06,0.06867807,0.920074,0.98875207,0.98875207,0.0003161224,0.01777983,0.0006074548
2006-12-28,7.269981e-06,0.065453716,0.9232354,0.9886891,0.9886891,0.00030886158,0.017574457,0.00064274255
2006-12-29,7.2913467e-06,0.064983115,0.9236816,0.98866475,0.98866475,0.00029297452,0.017116498,0.0006432451
2007-01-02,7.673037e-06,0.06353045,0.92493457,0.988465,0.988465,0.00028240035,0.016804771,0.0006651967
2007-01-03,7.115676e-06,0.06600953,0.92268735,0.9886969,0.9886969,0.00026887847,0.016397513,0.0006295316
2007-01-04,7.0448414e-06,0.06763632,0.9210157,0.988652,0.988652,0.00039479972,0.019869568,0.0006207998
2007-01-05,7.357442e-06,0.065858595,0.92274326,0.98860186,0.98860186,0.00052766653,0.022970993,0.00064549514
2007-01-08,7.612727e-06,0.06395753,0.9245449,0.9885024,0.9885024,0.0005047647,0.02246697,0.0006621135
2007-01-09,7.844155e-06,0.06291266,0.92548054,0.9883932,0.9883932,0.0004753934,0.021803519,0.00067582336
2007-01-10,7.689569e-06,0.063643076,0.9247942,0.9884373,0.9884373,0.0004521387,0.021263553,0.0006650321
2007-01-11,7.636661e-06,0.06419828,0.9242752,0.9884735,0.9884735,0.00048229023,0.021961108,0.0006625294
2007-01-12,6.9805014e-06,0.06848061,0.92025036,0.98873097,0.98873097,0.0005595364,0.023654522,0.00061944104
2007-01-16,7.1719924e-06,0.065871224,0.9228165,0.98868775,0.98868775,0.0005518977,0.023492502,0.0006340025
2007-01-17,7.4477234e-06,0.06562721,0.92287993,0.98850715,0.98850715,0.0005944519,0.024381384,0.0006480311
2007-01-18,7.349713e-06,0.06602553,0.9225554,0.98858094,0.98858094,0.0005814613,0.024113508,0.0006436357
2007-01-19,7.710538e-06,0.06398263,0.92450196,0.98848456,0.98848456,0.0006224104,0.024948154,0.00066958263
2007-01-22,6.926733e-06,0.06714194,0.92158926,0.9887312,0.9887312,0.0006378188,0.025255075,0.0006146827
2007-01-23,7.697195e-06,0.06390045,0.92447734,0.9883778,0.9883778,0.00061395153,0.024778046,0.0006622843
2007-01-24,6.6572343e-06,0.06931004,0.9194319,0.988742,0.988742,0.0009200232,0.030331884,0.0005913333
2007-01-25,7.7348805e-06,0.06403442,0.9242921,0.9883265,0.9883265,0.0008548391,0.029237632,0.0006626011
2007-01-26,7.2616767e-06,0.06674745,0.9218256,0.988573,0.988573,0.0008262079,0.028743833,0.00063548493
2007-01-29,7.1080085e-06,0.06623299,0.92241436,0.98864734,0.98864734,0.0007996435,0.028277969,0.0006261096
2007-01-30,7.3875876e-06,0.066174544,0.9223154,0.98849,0.98849,0.00078951713,0.028098347,0.00064184
2007-01-31,6.077481e-06,0.07266121,0.9163617,0.9890229,0.9890229,0.0009222802,0.030369066,0.0005536514
2007-02-01,7.480211e-06,0.06550021,0.9228801,0.9883803,0.9883803,0.00088054873,0.029674042,0.0006437532
2007-02-02,7.586127e-06,0.06423017,0.92417556,0.9884057,0.9884057,0.0008344519,0.02888688,0.00065429823
2007-02-05,7.2837997e-06,0.06569183,0.9228121,0.98850393,0.98850393,0.00083404843,0.028879896,0.00063359056
2007-02-06,7.673686e-06,0.06371918,0.92466354,0.98838276,0.9883827,0.00077859196,0.02790326,0.00066054275
2007-02-07,7.4324835e-06,0.06494871,0.92350876,0.98845744,0.98845744,0.0007279017,0.026979653,0.0006439199
2007-02-08,7.701894e-06,0.06372135,0.92465526,0.9883766,0.9883766,0.0007064453,0.02657904,0.0006626207
2007-02-09,6.950723e-06,0.06754235,0.9210763,0.9886187,0.9886187,0.0007338508,0.027089681,0.00061071286
2007-02-12,7.488473e-06,0.064674735,0.9237493,0.98842406,0.98842406,0.00068340224,0.026141964,0.0006468999
2007-02-13,6.6892103e-06,0.0699345,0.9188158,0.9887503,0.9887503,0.00072068244,0.02684553,0.0005946112
2007-02-14,6.8203117e-06,0.068078175,0.9206289,0.98870707,0.98870707,0.00070015836,0.026460506,0.00060394505
2007-02-15,7.5853277e-06,0.06434509,0.9240576,0.9884027,0.9884027,0.00067432766,0.02596782,0.00065406115
2007-02-16,7.6955985e-06,0.06353044,0.9248586,0.9883891,0.9883891,0.00063071377,0.025114015,0.00066278945
2007-02-20,7.076576e-06,0.066720314,0.9218685,0.9885888,0.9885888,0.00062645157,0.025029015,0.00062014355
2007-02-21,7.713011e-06,0.06355004,0.92480576,0.9883558,0.9883558,0.0006190081,0.024879873,0.00066239166
2007-02-22,7.077873e-06,0.06673875,0.9218504,0.9885891,0.9885891,0.0006520195,0.025534673,0.0006202734
2007-02-23,7.184531e-06,0.06614922,0.9224091,0.98855835,0.98855835,0.0006217994,0.024935905,0.000627928
2007-02-26,7.4767445e-06,0.064525135,0.92395526,0.9884804,0.9884804,0.0005812844,0.02410984,0.0006490449
2007-02-27,7.3074916e-06,0.06528514,0.92327416,0.9885593,0.9885593,0.0005455102,0.02335616,0.000638728
2007-02-28,6.9901735e-06,0.06699751,0.92167956,0.9886771,0.9886771,0.000511016,0.022605663,0.0006173475
2007-03-01,6.943492e-06,0.06706465,0.92166656,0.9887312,0.9887312,0.00047973724,0.021902904,0.0006161699
2007-03-02,6.949135e-06,0.06693397,0.9218112,0.9887452,0.9887452,0.00044976865,0.02120775,0.0006174381
2007-03-05,7.2334024e-06,0.06546416,0.923173,0.98863715,0.98863715,0.0004240103,0.02059151,0.0006365834
2007-03-06,7.355796e-06,0.06496251,0.9236131,0.9885756,0.9885756,0.0004430539,0.021048846,0.0006438659
2007-03-07,7.1972927e-06,0.06576696,0.9228561,0.988623,0.988623,0.00042310162,0.020569434,0.0006326191
2007-03-08,7.2028397e-06,0.06574826,0.92286336,0.98861164,0.98861164,0.00041946725,0.0204809,0.00063247373
2007-03-09,7.302453e-06,0.065143146,0.92345256,0.9885957,0.9885957,0.0003949679,0.0198738,0.0006403259
2007-03-12,7.382093e-06,0.06483727,0.9237245,0.98856175,0.98856175,0.00041734148,0.020428937,0.0006453865
2007-03-13,7.3975125e-06,0.064734034,0.923849,0.988583,0.988583,0.00041730516,0.020428048,0.00064794
2007-03-14,7.3870333e-06,0.06478853,0.92377406,0.9885626,0.9885626,0.00041166277,0.020289475,0.00064586557
2007-03-15,7.5224134e-06,0.063972995,0.9245578,0.9885308,0.9885308,0.00038856902,0.019712154,0.0006558804
2007-03-16,7.3951737e-06,0.06486686,0.9236819,0.98854876,0.98854876,0.00037421382,0.019344607,0.00064579654
2007-03-19,7.3703304e-06,0.06474846,0.9238332,0.98858166,0.98858166,0.00035711154,0.018897396,0.00064548163
2007-03-20,7.3072156e-06,0.06503349,0.92358,0.9886135,0.9886135,0.000342985,0.018519854,0.000641743
2007-03-21,7.200926e-06,0.06575965,0.9228729,0.98863256,0.98863256,0.00032440547,0.018011259,0.00063346943
2007-03-22,7.5441812e-06,0.063950464,0.92456645,0.9885169,0.9885169,0.00046629712,0.021593913,0.00065698277
2007-03-23,7.2859875e-06,0.065556295,0.92298156,0.98853785,0.98853785,0.0005128557,0.022646317,0.0006356562
2007-03-26,7.4705295e-06,0.064444736,0.9240591,0.9885038,0.9885038,0.00048628828,0.022051945,0.0006498268
2007-03-27,6.9591733e-06,0.06714864,0.92154706,0.9886957,0.9886957,0.0004630525,0.021518655,0.00061562075
2007-03-28,7.307081e-06,0.06523795,0.9233477,0.98858565,0.98858565,0.00043368427,0.020825088,0.0006401662
2007-03-29,7.3376377e-06,0.0650282,0.9235608,0.988589,0.988589,0.00042858388,0.020702267,0.0006430313
2007-03-30,6.8670665e-06,0.06768744,0.92102665,0.9887141,0.9887141,0.0004606708,0.021463243,0.0006084642
2007-04-02,7.425233e-06,0.064563535,0.9239941,0.98855764,0.98855764,0.0004316376,0.02077589,0.0006489248
2007-04-03,7.3069587e-06,0.065271735,0.9233103,0.988582,0.988582,0.00040629966,0.020156877,0.0006399517
2007-04-04,7.3069177e-06,0.06530922,0.92325443,0.98856366,0.98856366,0.0004089497,0.020222506,0.0006389208
2007-04-05,7.061489e-06,0.066659495,0.92196566,0.98862517,0.98862517,0.00038606158,0.01964845,0.0006207995
2007-04-09,7.5334337e-06,0.06399179,0.92452115,0.98851293,0.98851293,0.00036321123,0.0190581,0.00065581873
2007-04-10,7.531529e-06,0.0643197,0.92416704,0.9884867,0.98848677,0.00046883963,0.021652704,0.0006541594
2007-04-11,7.2276025e-06,0.06586873,0.9226812,0.98854995,0.98854995,0.00044307232,0.021049283,0.0006312288
2007-04-12,7.6112374e-06,0.063920714,0.9244934,0.9884141,0.9884141,0.0004162322,0.020401768,0.00065694016
2007-04-13,7.5483745e-06,0.06422334,0.9242153,0.98843867,0.98843867,0.00044618238,0.02112303,0.0006528982
2007-04-16,7.666179e-06,0.06357485,0.9248443,0.9884192,0.9884192,0.0004207913,0.020513197,0.00066197175
2007-04-17,7.1036775e-06,0.06643653,0.9222045,0.988641,0.988641,0.00039685203,0.019921144,0.0006253801
2007-04-18,7.2529488e-06,0.065745026,0.92284596,0.988591,0.98859096,0.0003776462,0.019433122,0.00063572254
2007-04-19,7.375408e-06,0.06496375,0.9235743,0.9885381,0.9885381,0.00035576592,0.018861758,0.0006434709
2007-04-20,7.5910416e-06,0.06372834,0.9247662,0.9884945,0.9884945,0.00036472536,0.019097785,0.0006597759
2007-04-23,7.234998e-06,0.06580596,0.9227669,0.9885729,0.9885729,0.00038319657,0.019575408,0.0006331436
2007-04-24,7.1445534e-06,0.06619609,0.9224083,0.98860437,0.98860437,0.00045888466,0.021421593,0.00062695536
2007-04-25,7.785911e-06,0.063051544,0.92532957,0.9883811,0.9883811,0.00045775643,0.021395244,0.00067010673
2007-04-26,7.1680397e-06,0.06620333,0.9223675,0.98857087,0.98857087,0.0004543259,0.021314923,0.00062717276
2007-04-27,7.632599e-06,0.063627586,0.92483085,0.98845845,0.98845845,0.00043600603,0.020880757,0.00066131516
2007-04-30,7.0958426e-06,0.06644186,0.9221813,0.98862314,0.98862314,0.00043906365,0.020953845,0.0006237085
2007-05-01,7.5773687e-06,0.06399968,0.92443955,0.98843926,0.9884392,0.00042091313,0.020516168,0.00065543986
2007-05-02,6.8566383e-06,0.06822691,0.9205225,0.98874944,0.98874944,0.0004232568,0.020573206,0.0006094489
2007-05-03,7.759919e-06,0.06320292,0.9251867,0.9883896,0.9883896,0.0004054678,0.020136232,0.00066836
2007-05-04,7.793379e-06,0.06289977,0.9254859,0.9883857,0.9883857,0.00038690073,0.019669792,0.00067101454
2007-05-07,7.746767e-06,0.063122354,0.92528987,0.9884122,0.9884122,0.0003919885,0.0197987,0.0006685279
2007-05-08,7.5294247e-06,0.064298056,0.9241951,0.98849314,0.98849314,0.00037418611,0.01934389,0.0006543425
2007-05-09,7.4014297e-06,0.06479254,0.9237615,0.988554,0.988554,0.00036344788,0.01906431,0.00064663903
2007-05-10,7.767153e-06,0.062909454,0.92551124,0.98842067,0.9884207,0.00035202145,0.018762235,0.0006707771
2007-05-11,7.1993186e-06,0.06576711,0.92284906,0.98861617,0.98861617,0.000334562,0.018291036,0.0006324161
2007-05-14,7.546632e-06,0.06385677,0.9246706,0.98852736,0.98852736,0.00032102052,0.017917046,0.0006577937
2007-05-15,7.622149e-06,0.06364272,0.9248385,0.9884812,0.9884812,0.00030447738,0.01744928,0.00066171517
2007-05-16,7.3847045e-06,0.06480954,0.9237571,0.98856664,0.98856664,0.00029700645,0.017233875,0.00064589083
2007-05-17,7.5499315e-06,0.063913524,0.9245987,0.9885122,0.9885122,0.0002883597,0.016981157,0.000657214
2007-05-18,6.9247058e-06,0.06741453,0.9212705,0.988685,0.988685,0.00035712152,0.018897658,0.00061199407
2007-05-21,7.4515706e-06,0.06440923,0.92413986,0.9885491,0.9885491,0.0003359969,0.018330218,0.0006507418
2007-05-22,7.4765853e-06,0.06427054,0.92427456,0.9885451,0.9885451,0.00034381417,0.018542226,0.0006526987
2007-05-23,7.307367e-06,0.06534404,0.92323166,0.9885757,0.9885757,0.00035109182,0.018737445,0.0006396335
2007-05-24,7.55071e-06,0.06400705,0.9244875,0.9884945,0.9884945,0.0003408558,0.01846228,0.0006562705
2007-05-25,7.763597e-06,0.06293576,0.92549,0.9884258,0.9884258,0.00036175046,0.019019738,0.000670767
2007-05-29,7.668557e-06,0.06335062,0.92510986,0.9884605,0.9884605,0.00035773803,0.018913964,0.00066454744
2007-05-30,7.3202436e-06,0.06557793,0.92300326,0.9885812,0.9885812,0.00040423794,0.02010567,0.0006410683
2007-05-31,7.658405e-06,0.06350554,0.9249382,0.98844373,0.98844373,0.0003821599,0.01954891,0.00066270574
2007-06-01,7.958446e-06,0.062274262,0.92603004,0.9883043,0.9883043,0.00036511483,0.019107979,0.0006804601
2007-06-04,7.739919e-06,0.06315508,0.9252581,0.98841316,0.98841316,0.0003626921,0.019044477,0.00066799193
2007-06-05,7.5371745e-06,0.064070314,0.92442083,0.9884912,0.9884912,0.00036152394,0.019013783,0.00065490406
2007-06-06,7.528121e-06,0.06418741,0.924307,0.9884944,0.9884944,0.00034732858,0.018636754,0.0006543004
2007-06-07,7.654495e-06,0.06353721,0.9249152,0.9884524,0.98845243,0.0003302242,0.018172072,0.00066286314
2007-06-08,7.3560823e-06,0.06492842,0.92364585,0.98857427,0.98857427,0.00032618688,0.018060645,0.00064381707
2007-06-11,7.2538373e-06,0.06584609,0.9227593,0.9886054,0.9886054,0.00038019265,0.019498529,0.00063660194
2007-06-12,7.5690787e-06,0.06395163,0.92452264,0.98847425,0.98847425,0.00038006803,0.019495333,0.0006567103
2007-06-13,7.8159055e-06,0.06275501,0.9256363,0.9883913,0.9883913,0.00036494414,0.01910351,0.0006732789
2007-06-14,7.618529e-06,0.06382709,0.9246096,0.9884367,0.9884367,0.00035721285,0.018900076,0.00065885414
2007-06-15,7.227493e-06,0.06586374,0.9226836,0.9885473,0.9885473,0.00036478374,0.019099312,0.00063107465
2007-06-18,7.65934e-06,0.063599385,0.9248284,0.9884278,0.9884278,0.00034540315,0.018585024,0.0006618751
2007-06-19,7.372239e-06,0.06484408,0.9237245,0.98856854,0.98856854,0.00034270278,0.018512234,0.00064490817
2007-06-20,7.251876e-06,0.06537532,0.9232608,0.98863614,0.98863614,0.00032393576,0.017998215,0.0006381523
2007-06-21,7.3987744e-06,0.06473731,0.9238242,0.9885615,0.9885615,0.00031823487,0.01783914,0.00064683147
2007-06-22,7.495445e-06,0.06411907,0.92442226,0.9885413,0.98854136,0.00030411434,0.017438874,0.0006541273
2007-06-25,7.1135537e-06,0.065919414,0.9227882,0.9887076,0.9887076,0.00029165528,0.017077917,0.0006299418
2007-06-26,7.045163e-06,0.066324905,0.92240757,0.98873246,0.98873246,0.00027625723,0.016620988,0.0006252617
2007-06-27,7.284743e-06,0.06543523,0.92319113,0.98862636,0.98862636,0.0002906459,0.01704834,0.0006404936
2007-06-28,7.2690978e-06,0.06535251,0.9232632,0.9886157,0.9886157,0.0002952219,0.017182022,0.00063851906
2007-06-29,7.053146e-06,0.06629623,0.9224269,0.9887231,0.9887231,0.00028447376,0.01686635,0.00062545075
2007-07-02,7.2741345e-06,0.06523296,0.92339313,0.9886261,0.9886261,0.00028557458,0.016898952,0.0006395475
2007-07-03,7.4318764e-06,0.064687304,0.92384315,0.98853046,0.98853046,0.000272978,0.016522046,0.0006479662
2007-07-05,7.182348e-06,0.06569942,0.92296535,0.98866475,0.98866475,0.00026079084,0.01614902,0.0006336292
2007-07-06,7.0405604e-06,0.066397,0.92233247,0.9887295,0.9887295,0.00024976197,0.015803859,0.000624688
2007-07-09,7.005744e-06,0.0664932,0.92226183,0.98875505,0.98875505,0.00024966925,0.015800925,0.0006230123
2007-07-10,7.2198595e-06,0.06535334,0.92332,0.9886733,0.9886733,0.00024240364,0.015569317,0.00063742115
2007-07-11,6.94999e-06,0.067210436,0.92149836,0.9887088,0.9887088,0.0002355528,0.015347729,0.0006155224
2007-07-12,7.265574e-06,0.06541434,0.9232012,0.9886156,0.9886155,0.00022492059,0.014997353,0.0006382028
2007-07-13,7.298292e-06,0.065175265,0.9234345,0.98860973,0.9886098,0.00021498678,0.014662428,0.000640748
2007-07-16,7.4577674e-06,0.06430613,0.92426145,0.9885676,0.9885676,0.00023008628,0.015168595,0.0006523356
2007-07-17,6.84791e-06,0.06790354,0.9208818,0.9887853,0.9887853,0.00022059803,0.014852542,0.00061062054
2007-07-18,7.269676e-06,0.06540372,0.9232412,0.9886449,0.9886449,0.00021026234,0.014500425,0.0006402123
2007-07-19,6.7553237e-06,0.06833198,0.92043495,0.9887669,0.9887669,0.00021345596,0.014610132,0.0006013771
2007-07-20,7.4406794e-06,0.06453752,0.924007,0.9885445,0.9885445,0.00021193335,0.014557931,0.0006495303
2007-07-23,7.119577e-06,0.06618011,0.9224902,0.9886703,0.9886703,0.0002047923,0.014310566,0.00062839885
2007-07-24,6.872207e-06,0.06758477,0.92120034,0.9887851,0.9887851,0.00020173442,0.014203324,0.00061277405
2007-07-25,7.2316366e-06,0.06590043,0.9227241,0.9886246,0.9886246,0.00021499174,0.014662596,0.0006357244
2007-07-26,7.3681394e-06,0.064809665,0.9237612,0.98857087,0.98857087,0.0002681803,0.016376212,0.00064468064
2007-07-27,7.769186e-06,0.06316704,0.9252541,0.98842114,0.98842114,0.0002653432,0.016289359,0.0006709803
2007-07-30,7.4170607e-06,0.06471593,0.9238088,0.98852473,0.98852473,0.00029934713,0.01730165,0.000646352
2007-07-31,7.5002167e-06,0.06422531,0.92428994,0.98851526,0.98851526,0.00028443118,0.016865088,0.0006530592
2007-08-01,7.0729097e-06,0.06643626,0.9222317,0.98866796,0.98866796,0.00029021033,0.01703556,0.0006241518
2007-08-02,7.335374e-06,0.06543838,0.9231643,0.9886027,0.9886027,0.0003067318,0.01751376,0.0006436062
2007-08-03,7.452035e-06,0.06437778,0.9241676,0.98854536,0.98854536,0.00029158028,0.017075721,0.000650569
2007-08-06,7.759217e-06,0.063166186,0.92528045,0.98844665,0.98844665,0.00029861287,0.017280418,0.000671599
2007-08-07,7.328799e-06,0.06607947,0.92252564,0.9886051,0.98860514,0.00042126985,0.02052486,0.0006431638
2007-08-08,7.513012e-06,0.06433729,0.924167,0.9885043,0.9885043,0.00039744892,0.01993612,0.0006535492
2007-08-09,7.919686e-06,0.062342223,0.92601925,0.9883615,0.9883615,0.00037583793,0.01938654,0.0006804718
2007-08-10,7.673583e-06,0.063401625,0.9250387,0.98844033,0.98844033,0.0003599729,0.018972952,0.00066382403
2007-08-13,7.838974e-06,0.062733226,0.92562586,0.9883591,0.9883591,0.00034089515,0.018463345,0.00067339896
2007-08-14,7.643997e-06,0.06359857,0.9248558,0.9884544,0.9884544,0.000323597,0.017988801,0.00066207023
2007-08-15,7.3780493e-06,0.06479521,0.92376655,0.98856175,0.98856175,0.00031369447,0.017711421,0.000645033
2007-08-16,7.463477e-06,0.06443155,0.9240873,0.98851883,0.98851883,0.00030777723,0.01754358,0.00065006263
2007-08-17,7.63808e-06,0.06387495,0.9245995,0.9884745,0.9884745,0.00036005044,0.018974995,0.00066271075
2007-08-20,7.3589945e-06,0.06498594,0.92355454,0.9885405,0.9885405,0.00035213048,0.01876514,0.00064217247
2007-08-21,6.3487387e-06,0.07192931,0.91701776,0.9889471,0.9889471,0.00034233532,0.018502306,0.0005743954
2007-08-22,7.3721985e-06,0.065347604,0.9232313,0.9885789,0.9885789,0.0003607187,0.018992595,0.00064549025
2007-08-23,7.611752e-06,0.06368735,0.9248593,0.9885466,0.9885466,0.0003410959,0.018468782,0.0006645851
2007-08-24,7.6023953e-06,0.06364618,0.92488354,0.98852974,0.98852974,0.0003271107,0.018086202,0.000662792
2007-08-27,7.5324583e-06,0.06409095,0.92441344,0.9885044,0.9885044,0.00032995688,0.018164715,0.00065524766
2007-08-28,7.4680574e-06,0.06430575,0.924271,0.98857677,0.98857677,0.00032187763,0.017940948,0.00065376057
2007-08-29,7.4914574e-06,0.06435175,0.92420006,0.9885518,0.9885518,0.00030579368,0.017486958,0.0006543784
2007-08-30,6.9942444e-06,0.06669888,0.9220207,0.9887196,0.9887196,0.00032802418,0.018111438,0.0006200342
2007-08-31,7.550008e-06,0.06398195,0.92455417,0.9885361,0.9885361,0.00030978632,0.017600749,0.0006585909
2007-09-04,7.4571017e-06,0.064423695,0.92411476,0.98853844,0.98853844,0.00029913345,0.017295474,0.00065061863
2007-09-05,7.393587e-06,0.06466432,0.9239186,0.9885829,0.9885829,0.00029600094,0.017204678,0.0006475894
2007-09-06,7.3340893e-06,0.06500567,0.9235754,0.98858106,0.98858106,0.00028541748,0.016894303,0.00064227416
2007-09-07,7.1576114e-06,0.065936446,0.9227269,0.9886634,0.9886634,0.00027436524,0.016563974,0.0006313706
2007-09-10,7.1683107e-06,0.065659866,0.92302394,0.9886838,0.9886838,0.00026196393,0.0161853,0.00063345674
2007-09-11,7.068439e-06,0.06620246,0.9225305,0.98873293,0.98873293,0.00025554505,0.015985776,0.000627354
2007-09-12,7.1852064e-06,0.06578235,0.92285687,0.98863924,0.98863924,0.00024850076,0.015763907,0.000632458
2007-09-13,6.8252225e-06,0.067627095,0.92116874,0.9887958,0.9887958,0.00026555225,0.016295774,0.0006091673
2007-09-14,6.933345e-06,0.066992685,0.92176145,0.98875415,0.98875415,0.00025171734,0.015865602,0.00061652495
2007-09-17,7.3744673e-06,0.06456946,0.9240501,0.98861957,0.98861957,0.00024972172,0.015802586,0.0006479953
2007-09-18,7.2152716e-06,0.06560933,0.92302006,0.9886294,0.9886294,0.00025945975,0.016107755,0.00063455506
2007-09-19,7.268704e-06,0.06529439,0.92331445,0.98860884,0.98860884,0.00025517037,0.015974052,0.00063810026
2007-09-20,7.0629867e-06,0.066198945,0.92252624,0.9887252,0.9887252,0.00024443973,0.015634568,0.0006264393
2007-09-21,7.0638375e-06,0.06610844,0.92263556,0.988744,0.988744,0.0002507742,0.015835851,0.0006275631
2007-09-24,7.417079e-06,0.064449914,0.9241315,0.9885814,0.9885814,0.00026718274,0.016345726,0.0006495622
2007-09-25,7.527955e-06,0.06392615,0.924611,0.98853713,0.98853713,0.00025896472,0.01609238,0.0006567253
2007-09-26,7.5022363e-06,0.064179994,0.9243509,0.98853093,0.98853093,0.0002675337,0.016356457,0.0006541279
2007-09-27,7.682821e-06,0.063281864,0.92517376,0.9884556,0.98845565,0.00026046473,0.01613892,0.0006655016
2007-09-28,6.827653e-06,0.06781576,0.92092705,0.9887428,0.9887428,0.0003109951,0.017635053,0.00060651585
2007-10-01,7.653903e-06,0.06355547,0.92488945,0.9884449,0.9884449,0.00030862793,0.01756781,0.0006623845
2007-10-02,7.5231037e-06,0.06410158,0.9244283,0.98852986,0.98852986,0.00031319336,0.01769727,0.000655886
2007-10-03,7.396848e-06,0.064776,0.92376316,0.98853916,0.98853916,0.0002974842,0.01724773,0.0006454019
2007-10-04,7.648725e-06,0.063524105,0.9249215,0.98844564,0.98844564,0.0002823704,0.016803881,0.00066197733
2007-10-05,7.3233045e-06,0.06513071,0.9234295,0.9885602,0.9885602,0.00029021376,0.017035661,0.0006401602
2007-10-08,7.396081e-06,0.06474952,0.92378926,0.9885388,0.9885388,0.00027587946,0.01660962,0.0006453148
2007-10-09,7.361718e-06,0.06505004,0.9235417,0.9885918,0.9885918,0.00031192804,0.017661484,0.0006453
2007-10-10,7.420048e-06,0.06459222,0.92394954,0.9885418,0.9885418,0.00031073202,0.017627593,0.0006475743
2007-10-11,7.623263e-06,0.0636735,0.92477316,0.98844665,0.98844665,0.00030483477,0.017459517,0.00065983157
2007-10-12,7.5085172e-06,0.06416739,0.92433137,0.98849875,0.98849875,0.00031873997,0.01785329,0.00065284345
2007-10-15,7.5938224e-06,0.063720316,0.92475927,0.98847955,0.9884796,0.00030534388,0.017474093,0.0006591605
2007-10-16,6.715006e-06,0.06839135,0.92041767,0.988809,0.988809,0.00034172018,0.018485675,0.0006000357
2007-10-17,7.1614895e-06,0.065839365,0.9228189,0.98865825,0.98865825,0.00034054116,0.018453756,0.00063142716
2007-10-18,7.513902e-06,0.06401742,0.9245145,0.9885319,0.9885319,0.0003218775,0.017940946,0.0006551995
2007-10-19,7.2144085e-06,0.065576315,0.9230477,0.98862404,0.98862404,0.00033946155,0.018424483,0.00063418
2007-10-22,7.32523e-06,0.06501024,0.923577,0.98858726,0.98858726,0.0003271241,0.018086571,0.00064184674
2007-10-23,7.4311065e-06,0.06443093,0.92413104,0.988562,0.988562,0.00031888264,0.017857285,0.00064968516
2007-10-24,7.5678136e-06,0.0638074,0.9246962,0.9885036,0.9885036,0.0003481898,0.018659845,0.0006582754
2007-10-25,7.2486882e-06,0.06552398,0.92306143,0.9885854,0.9885854,0.00035766585,0.018912056,0.00063503726
2007-10-26,6.853136e-06,0.067856655,0.9208328,0.9886895,0.9886895,0.00043009373,0.0207387,0.0006059082
2007-10-29,7.369851e-06,0.06490163,0.9236392,0.9885408,0.9885408,0.00041840994,0.020455072,0.00064313994
2007-10-30,7.168493e-06,0.06588235,0.92274356,0.9886259,0.9886259,0.000414343,0.020355416,0.0006302462
2007-10-31,7.3137694e-06,0.06488515,0.92375004,0.9886352,0.9886352,0.0004679059,0.021631133,0.00064354483
2007-11-01,6.6971684e-06,0.06911222,0.91956943,0.9886817,0.9886817,0.0005689332,0.02385232,0.00059171015
2007-11-02,7.618155e-06,0.063780434,0.92464983,0.98843026,0.98843026,0.0005386973,0.023209853,0.00065845525
2007-11-05,6.900898e-06,0.06761606,0.921047,0.988663,0.988663,0.0005472826,0.02339407,0.0006087068
2007-11-06,7.2890057e-06,0.065550976,0.9230385,0.98858947,0.98858947,0.0005401569,0.023241276,0.0006387962
2007-11-07,6.847098e-06,0.06759941,0.9211562,0.98875564,0.98875564,0.00055834814,0.023629392,0.0006089364
2007-11-08,7.325703e-06,0.06516119,0.9233897,0.98855084,0.98855084,0.00052207685,0.022849001,0.00063984643
2007-11-09,7.531767e-06,0.06405742,0.9244398,0.9884972,0.9884972,0.0004955699,0.0222614,0.0006547767
2007-11-12,7.4768463e-06,0.064441696,0.92404515,0.9884868,0.9884868,0.0004705388,0.021691907,0.00064941664
2007-11-13,7.662265e-06,0.06343724,0.92501235,0.9884496,0.9884496,0.0004632603,0.021523483,0.000663375
2007-11-14,7.381749e-06,0.06500114,0.9235837,0.9885848,0.9885848,0.0005248284,0.022909133,0.00064666057
2007-11-15,7.1824643e-06,0.06608503,0.9224754,0.98856044,0.98856044,0.00055573526,0.023574037,0.0006278618
2007-11-16,7.696251e-06,0.06346079,0.92495793,0.9884187,0.9884187,0.00052333454,0.022876507,0.0006645411
2007-11-19,7.264513e-06,0.06557773,0.9229692,0.98854697,0.98854697,0.0005111452,0.02260852,0.0006342873
2007-11-20,7.5183157e-06,0.06431677,0.9241344,0.9884511,0.9884511,0.00048073282,0.02192562,0.0006509997
2007-11-21,6.7702176e-06,0.06795296,0.92084825,0.98880124,0.98880124,0.00053036603,0.023029678,0.0006045507
2007-11-23,7.469906e-06,0.06429913,0.9242324,0.98853153,0.98853153,0.0004993076,0.02234519,0.00065134285
2007-11-26,7.1954255e-06,0.06577236,0.9228426,0.988615,0.988615,0.00047400282,0.021771606,0.00063200796
2007-11-27,7.4469012e-06,0.06440714,0.9241663,0.98857343,0.98857343,0.00044636262,0.021127297,0.0006517181
2007-11-28,7.429747e-06,0.064727865,0.9238469,0.98857474,0.98857474,0.00049611885,0.022273725,0.00065029145
2007-11-29,7.1279387e-06,0.06676098,0.9219261,0.98868704,0.98868704,0.00057625974,0.024005411,0.0006300683
2007-11-30,7.610977e-06,0.06369084,0.92476994,0.9884608,0.9884608,0.0005394952,0.023227036,0.0006595746
2007-12-03,7.604778e-06,0.064031176,0.9244392,0.9884704,0.9884704,0.0005490303,0.023431396,0.00065958593
2007-12-04,7.813555e-06,0.06294388,0.9254431,0.988387,0.988387,0.0005178574,0.02275648,0.00067282765
2007-12-05,7.639468e-06,0.06369769,0.92475575,0.98845345,0.98845345,0.0004952199,0.022253538,0.0006616233
2007-12-06,7.665307e-06,0.06347349,0.92499757,0.9884711,0.98847103,0.00047156596,0.02171557,0.000664877
2007-12-07,6.990074e-06,0.06701027,0.9216463,0.9886566,0.9886566,0.00050329394,0.022434214,0.0006162228
2007-12-10,7.4967734e-06,0.064539246,0.9239856,0.98852485,0.98852485,0.0005035381,0.022439655,0.00065330527
2007-12-11,7.614855e-06,0.063792124,0.9247063,0.9884984,0.9884984,0.00047437687,0.021780195,0.0006620686
2007-12-12,7.2453345e-06,0.065612964,0.92295706,0.98857003,0.98857003,0.0004831684,0.021981092,0.00063388946
2007-12-13,6.466922e-06,0.07005747,0.9188076,0.9888651,0.9888651,0.00059914787,0.024477497,0.00058077835
2007-12-14,7.4099225e-06,0.06496619,0.9235726,0.9885388,0.9885388,0.00059458235,0.024384059,0.0006465225
2007-12-17,7.630781e-06,0.06369355,0.9247755,0.98846906,0.988469,0.00056429463,0.023754887,0.0006617659
2007-12-18,7.699633e-06,0.063279085,0.92515284,0.98843193,0.98843193,0.0005328477,0.023083495,0.0006655936
2007-12-19,7.680546e-06,0.06341423,0.92504174,0.98845595,0.98845595,0.0005008666,0.02238005,0.0006653252
2007-12-20,7.398839e-06,0.06479025,0.9237359,0.98852617,0.98852617,0.00047507766,0.021796277,0.0006448445
2007-12-21,7.5235444e-06,0.064048715,0.9244653,0.988514,0.988514,0.00044656245,0.021132024,0.000655019
2007-12-24,7.1750023e-06,0.06570283,0.92295957,0.9886624,0.9886624,0.00045777287,0.021395627,0.0006328514
2007-12-26,7.241937e-06,0.06540015,0.92323256,0.9886327,0.9886327,0.00043444047,0.020843236,0.0006370839
2007-12-27,6.7234405e-06,0.06815034,0.92069495,0.9888453,0.9888453,0.00043224174,0.020790424,0.00060274446
2007-12-28,7.008836e-06,0.066499576,0.92224574,0.98874533,0.98874533,0.00040757612,0.020188514,0.0006227492
2007-12-31,7.4461623e-06,0.06419282,0.9244046,0.98859745,0.98859745,0.00038585786,0.019643266,0.0006530262
2008-01-02,7.2933535e-06,0.065097116,0.92352223,0.9886193,0.9886193,0.00036414774,0.019082656,0.00064085436
2008-01-03,6.230931e-06,0.07135546,0.91766524,0.9890207,0.9890207,0.00043263694,0.020799926,0.0005675165
2008-01-04,7.231817e-06,0.06557207,0.92303544,0.9886075,0.9886075,0.00040479956,0.020119632,0.000634789
2008-01-07,7.5681473e-06,0.063666806,0.92486966,0.9885365,0.9885365,0.00039217353,0.019803371,0.00066019385
2008-01-08,7.4941713e-06,0.06428496,0.9242561,0.98854107,0.98854107,0.0004255454,0.020628752,0.00065400254
2008-01-09,7.073439e-06,0.066598944,0.92202574,0.9886247,0.9886247,0.00041120473,0.020278184,0.00062182394
2008-01-10,7.703812e-06,0.06318476,0.9252634,0.98844814,0.98844814,0.00038958463,0.019737897,0.0006668895
2008-01-11,7.6455e-06,0.06346648,0.9250038,0.9884703,0.9884703,0.00039587266,0.019896548,0.0006631144
2008-01-14,7.681245e-06,0.06339655,0.92504144,0.988438,0.988438,0.00038176563,0.019538824,0.0006643532
2008-01-15,7.208312e-06,0.06568095,0.92293286,0.98861384,0.98861384,0.00037690048,0.019413926,0.0006330769
2008-01-16,7.3184465e-06,0.06536158,0.9231889,0.9885505,0.9885505,0.0003959728,0.019899065,0.00063919264
2008-01-17,7.582753e-06,0.06381711,0.9246932,0.9885103,0.9885104,0.0003820383,0.0195458,0.00065996154
2008-01-18,7.62057e-06,0.06363135,0.9248489,0.98848027,0.98848027,0.0003650224,0.01910556,0.0006615233
2008-01-22,7.4398336e-06,0.06444354,0.92410284,0.9885464,0.9885464,0.00034657624,0.018616559,0.0006495613
2008-01-23,7.1254753e-06,0.0666112,0.92198384,0.988595,0.988595,0.00033206592,0.018222677,0.00062476814
2008-01-24,7.3983983e-06,0.06482678,0.9237805,0.9886073,0.9886073,0.00038401881,0.019596398,0.00064939744
2008-01-25,7.32555e-06,0.06498375,0.92360854,0.98859227,0.98859227,0.00041011313,0.02025125,0.0006421565
2008-01-28,7.4612176e-06,0.06444125,0.9240699,0.98851115,0.98851115,0.00039920694,0.019980164,0.0006494309
2008-01-29,7.7428695e-06,0.06305698,0.9253631,0.9884201,0.9884201,0.00037687743,0.019413332,0.00066864904
2008-01-30,7.530376e-06,0.064084955,0.9244099,0.9884949,0.9884949,0.0003594761,0.018959856,0.0006545235
2008-01-31,7.395073e-06,0.06445341,0.9241619,0.98861533,0.98861533,0.00034321425,0.018526042,0.0006495644
2008-02-01,7.5032267e-06,0.06405165,0.92449796,0.9885496,0.9885496,0.0003273373,0.018092465,0.0006552802
2008-02-04,7.1117242e-06,0.066814706,0.9218406,0.9886553,0.9886553,0.00037215266,0.01929126,0.00062687794
2008-02-05,7.3699944e-06,0.06462693,0.92398274,0.9886097,0.9886097,0.00035917826,0.018951999,0.0006470397
2008-02-06,7.62328e-06,0.063687116,0.92478216,0.9884693,0.98846924,0.00036085182,0.0189961,0.00066112913
2008-02-07,7.713e-06,0.06333272,0.9251065,0.98843926,0.98843926,0.00035510852,0.018844323,0.0006671719
2008-02-08,7.481781e-06,0.0642202,0.9243133,0.9885335,0.9885335,0.0003436569,0.018537985,0.0006524902
2008-02-11,6.808201e-06,0.067852765,0.9209157,0.9887685,0.98876846,0.00043026346,0.020742793,0.0006061712
2008-02-12,7.3170063e-06,0.065150015,0.9234186,0.9885686,0.9885686,0.00042858126,0.020702204,0.00064007984
2008-02-13,7.5915964e-06,0.06385613,0.92460537,0.9884615,0.9884615,0.00040827307,0.020205768,0.00065793586
2008-02-14,7.3767324e-06,0.06472841,0.9238509,0.9885793,0.9885793,0.00038669814,0.019664641,0.0006459074
2008-02-15,6.7075907e-06,0.068397306,0.9204213,0.9888186,0.9888186,0.00039878194,0.019969525,0.0005998875
2008-02-19,7.3644806e-06,0.06480208,0.9237783,0.98858035,0.98858035,0.0003737572,0.019332802,0.00064489525
2008-02-20,6.2444697e-06,0.07142162,0.9175637,0.9889853,0.9889853,0.00048919296,0.022117706,0.00056692143
2008-02-21,7.2696434e-06,0.06522088,0.92341393,0.9886348,0.9886348,0.00045864438,0.021415984,0.000639642
2008-02-22,7.467843e-06,0.06429682,0.9242491,0.98854595,0.98854595,0.00047309662,0.021750784,0.00065198296
2008-02-25,7.259171e-06,0.06537118,0.9232352,0.98860633,0.98860633,0.00044677863,0.021137139,0.00063712336
2008-02-26,7.438412e-06,0.06446421,0.9240803,0.9885445,0.9885445,0.00042078862,0.020513132,0.0006493324
2008-02-27,7.179167e-06,0.06576509,0.9228848,0.9886499,0.9886499,0.00041330975,0.020330021,0.0006325204
2008-02-28,7.130038e-06,0.06612478,0.922532,0.9886568,0.9886568,0.00039906765,0.019976677,0.0006285748
2008-02-29,6.7425863e-06,0.068021335,0.92081887,0.9888402,0.9888402,0.00043065805,0.020752301,0.00060418644
2008-03-03,7.403097e-06,0.064684615,0.92386246,0.9885471,0.9885471,0.00040720453,0.020179309,0.0006463942
2008-03-04,6.586299e-06,0.06917572,0.9196727,0.98884845,0.98884845,0.0003857306,0.019640025,0.00059061724
2008-03-05,7.0316332e-06,0.06668104,0.9220259,0.98870695,0.98870695,0.00042053452,0.020506939,0.0006226512
2008-03-06,6.205969e-06,0.0719719,0.9169642,0.98893607,0.98893607,0.00055345235,0.023525568,0.0005609189
2008-03-07,7.3128062e-06,0.06524306,0.9233176,0.9885607,0.9885607,0.00051928806,0.022787893,0.0006392691
2008-03-10,7.4119425e-06,0.0647051,0.9238204,0.98852545,0.9885255,0.00048748121,0.022078976,0.00064594625
2008-03-11,7.2906414e-06,0.06532169,0.9232534,0.9885751,0.9885751,0.0005000917,0.02236273,0.0006381362
2008-03-12,7.165287e-06,0.06585539,0.9227927,0.98864806,0.98864806,0.0004727835,0.021743584,0.0006311948
2008-03-13,7.1897825e-06,0.06555044,0.9231287,0.9886792,0.9886792,0.00045065576,0.021228654,0.00063509325
2008-03-14,7.10247e-06,0.066091426,0.9226189,0.98871034,0.98871034,0.0004239991,0.020591239,0.00062911306
2008-03-17,6.9005664e-06,0.06724129,0.92151344,0.98875475,0.98875475,0.00039840836,0.019960169,0.00061364274
2008-03-18,6.24005e-06,0.07209983,0.91688734,0.98898715,0.98898715,0.0004938431,0.02222258,0.00056661526
2008-03-19,6.20549e-06,0.07173795,0.91723514,0.9889731,0.9889731,0.00054505334,0.023346378,0.0005627583
2008-03-20,6.834134e-06,0.06838623,0.9203701,0.98875636,0.9887563,0.0006608377,0.025706764,0.00060782215
2008-03-24,7.624854e-06,0.06381438,0.92461896,0.98843336,0.98843336,0.0006606795,0.025703685,0.00065921084
2008-03-25,7.603501e-06,0.06392083,0.924497,0.98841786,0.98841786,0.0006247659,0.024995318,0.0006564852
2008-03-26,7.4919635e-06,0.06455632,0.9238766,0.9884329,0.9884329,0.0005859042,0.02420546,0.00064769504
2008-03-27,6.9845332e-06,0.06724439,0.9213721,0.9886165,0.9886165,0.0006792932,0.026063254,0.0006135678
2008-03-28,7.447481e-06,0.06470542,0.9237861,0.98849154,0.98849154,0.0006490244,0.025475956,0.0006471307
2008-03-31,7.675445e-06,0.0633029,0.925159,0.98846185,0.98846185,0.00062945345,0.025088912,0.0006652233
2008-04-01,7.705458e-06,0.06335763,0.92508525,0.9884429,0.9884429,0.00068748905,0.026220012,0.0006667293
2008-04-02,7.3053984e-06,0.06596497,0.9225683,0.98853326,0.98853326,0.00064609747,0.025418447,0.00063709455
2008-04-03,6.8338254e-06,0.0678731,0.9208466,0.9887197,0.9887197,0.0006945576,0.026354462,0.0006058196
2008-04-04,7.2902244e-06,0.06553375,0.9229974,0.9885312,0.9885312,0.0006529644,0.025553169,0.0006356556
2008-04-07,7.3759625e-06,0.0648846,0.92365456,0.98853916,0.98853916,0.00064348633,0.025367033,0.0006435795
2008-04-08,6.990107e-06,0.0668522,0.921849,0.9887012,0.9887012,0.0006467119,0.02543053,0.0006186606
2008-04-09,7.5393177e-06,0.064214796,0.9242475,0.9884623,0.9884623,0.00060530344,0.024602916,0.0006534523
2008-04-10,6.9983116e-06,0.06686442,0.9218218,0.9886862,0.9886862,0.0005963148,0.024419557,0.00061856443
2008-04-11,7.628468e-06,0.06362798,0.92482454,0.9884525,0.9884525,0.00056008087,0.023666028,0.0006606161
2008-04-14,7.487216e-06,0.064297564,0.9242091,0.9885067,0.9885067,0.00052560505,0.022926077,0.00065144035
2008-04-15,7.462742e-06,0.06424223,0.9243172,0.9885594,0.9885594,0.0005065209,0.02250602,0.0006523048
2008-04-16,6.9808084e-06,0.067082524,0.92159045,0.988673,0.988673,0.000495918,0.022269215,0.00061629654
2008-04-17,7.187392e-06,0.06570318,0.92293966,0.9886429,0.9886428,0.00047036546,0.02168791,0.0006328529
2008-04-18,7.3917213e-06,0.0646028,0.92398095,0.98858374,0.98858374,0.0004413535,0.021008415,0.0006474733
2008-04-21,7.2152266e-06,0.06545797,0.9232044,0.9886624,0.98866236,0.00043085252,0.020756988,0.00063639926
2008-04-22,7.2932257e-06,0.0650625,0.9235759,0.9886384,0.9886384,0.00040775348,0.020192906,0.000641919
2008-04-23,6.9058583e-06,0.06723151,0.9215254,0.98875695,0.98875695,0.00039996585,0.019999146,0.0006142338
2008-04-24,7.2885186e-06,0.06503491,0.92360514,0.98864007,0.98864007,0.00038122758,0.01952505,0.0006415989
2008-04-25,7.560651e-06,0.0638078,0.9247056,0.9885134,0.9885134,0.00038375478,0.01958966,0.00065821543
2008-04-28,7.319971e-06,0.065127574,0.9234443,0.9885718,0.9885718,0.0003898575,0.01974481,0.00064051955
2008-04-29,7.562196e-06,0.06383674,0.92467344,0.9885102,0.9885102,0.00036751997,0.01917081,0.00065816555
2008-04-30,7.0471287e-06,0.066667534,0.92200077,0.9886683,0.9886683,0.000393465,0.019835953,0.00062189635
2008-05-01,7.707328e-06,0.06322423,0.9252095,0.9884338,0.9884338,0.00039435577,0.019858392,0.00066636526
2008-05-02,7.447462e-06,0.064514115,0.92401195,0.98852605,0.98852605,0.00037719915,0.019421615,0.0006490755
2008-05-05,6.9679027e-06,0.06711417,0.9215583,0.9886725,0.9886725,0.00042613692,0.020643083,0.0006151313
2008-05-06,7.022691e-06,0.066929884,0.9216939,0.9886238,0.9886238,0.00046276132,0.021511888,0.0006173142
2008-05-07,7.2642183e-06,0.065651916,0.92288893,0.9885408,0.9885408,0.00044906893,0.021191247,0.00063392177
2008-05-08,7.2871585e-06,0.06538368,0.92319775,0.9885814,0.9885814,0.0004337359,0.020826327,0.00063818425
2008-05-09,7.263422e-06,0.06537153,0.923236,0.9886075,0.9886075,0.0004077841,0.020193664,0.0006375632
2008-05-12,6.8974664e-06,0.06743721,0.9212969,0.9887341,0.9887341,0.00040480186,0.020119688,0.00061224424
2008-05-13,7.2626203e-06,0.06521345,0.92341995,0.9886334,0.9886334,0.0003931864,0.019828929,0.00063894363
2008-05-14,6.880533e-06,0.06761754,0.9211086,0.98872614,0.98872614,0.0003802377,0.019499686,0.0006103085
2008-05-15,7.5774724e-06,0.06372829,0.9247791,0.9885074,0.9885074,0.0003683336,0.01919202,0.00065933436
2008-05-16,7.4942986e-06,0.06418012,0.9243434,0.98852354,0.98852354,0.0003482741,0.018662103,0.000653015
2008-05-19,7.0104634e-06,0.06659071,0.9221247,0.9887154,0.9887154,0.00034817235,0.018659377,0.0006212422
2008-05-20,7.3158794e-06,0.064831436,0.9238089,0.9886403,0.9886403,0.00033027935,0.018173588,0.00064402097
2008-05-21,6.714822e-06,0.068510756,0.9202825,0.98879325,0.98879325,0.00032807898,0.01811295,0.0005991768
2008-05-22,6.7160904e-06,0.06848903,0.9203015,0.9887905,0.9887905,0.00037462055,0.019355116,0.0005991434
2008-05-23,7.4943746e-06,0.064245544,0.92427933,0.98852485,0.98852485,0.00037396443,0.01933816,0.00065309624
2008-05-27,7.3836786e-06,0.06490782,0.9236063,0.9885141,0.98851407,0.00035989992,0.018971028,0.0006428486
2008-05-28,7.578086e-06,0.06381117,0.924671,0.9884822,0.9884822,0.00038309378,0.019572781,0.0006579443
2008-05-29,7.376195e-06,0.06500116,0.92350376,0.9885049,0.9885049,0.00037926875,0.019474823,0.0006416809
2008-05-30,7.141282e-06,0.06597235,0.9226734,0.98864573,0.98864573,0.00043488355,0.020853862,0.00062895135
2008-06-02,7.6277483e-06,0.06363301,0.9248168,0.9884498,0.9884498,0.00041040004,0.020258334,0.0006604004
2008-06-03,7.6024803e-06,0.06398886,0.9244249,0.98841375,0.98841375,0.00038773622,0.019691018,0.0006561641
2008-06-04,7.674378e-06,0.06344536,0.9249829,0.9884283,0.98842824,0.00041482673,0.020367296,0.000663202
2008-06-05,7.5674425e-06,0.063953884,0.9245269,0.98848075,0.98848075,0.00040873804,0.020217272,0.00065693865
2008-06-06,6.6898974e-06,0.06898951,0.91972655,0.98871607,0.98871607,0.00050743786,0.022526382,0.00059286924
2008-06-09,6.071721e-06,0.07329377,0.9156325,0.98892623,0.98892623,0.00092082436,0.030345088,0.00054829766
2008-06-10,7.289444e-06,0.06542082,0.92320603,0.98862684,0.98862684,0.0009194117,0.030321803,0.0006409338
2008-06-11,7.680806e-06,0.06370224,0.9246774,0.9883796,0.9883796,0.0008910828,0.02985101,0.00066097593
2008-06-12,6.712958e-06,0.06927383,0.9193512,0.98862505,0.98862505,0.000921925,0.030363219,0.00059015275
2008-06-13,7.561828e-06,0.064422324,0.92393184,0.98835415,0.98835415,0.00085468416,0.029234981,0.0006493151
2008-06-16,7.5629487e-06,0.06405502,0.92439145,0.9884465,0.9884465,0.00081000756,0.028460631,0.0006546009
2008-06-17,7.768917e-06,0.0632448,0.9250931,0.98833793,0.98833793,0.00075660786,0.027506506,0.0006661699
2008-06-18,7.746675e-06,0.06339702,0.92493546,0.9883325,0.9883325,0.0007091021,0.026628971,0.00066395383
2008-06-19,7.3372294e-06,0.06531938,0.92317915,0.9884985,0.9884985,0.00068770174,0.026224067,0.0006379372
2008-06-20,7.238381e-06,0.06578126,0.9228252,0.98860645,0.98860645,0.00072503503,0.026926475,0.0006353053
2008-06-23,7.2501907e-06,0.065774076,0.92274475,0.98851883,0.98851883,0.00070249033,0.026504533,0.0006314856
2008-06-24,7.680064e-06,0.06370355,0.9246563,0.9883598,0.9883598,0.0006710424,0.025904486,0.0006597885
2008-06-25,7.644068e-06,0.063870355,0.9244912,0.9883616,0.9883616,0.0006283395,0.0250667,0.000656797
2008-06-26,7.615652e-06,0.06372473,0.924718,0.9884428,0.9884428,0.00060988887,0.024695927,0.0006589518
2008-06-27,6.801996e-06,0.068242185,0.9204499,0.9886921,0.9886921,0.0006583287,0.025657916,0.00060152623
2008-06-30,7.690159e-06,0.06361765,0.92475444,0.9883721,0.9883721,0.00061376445,0.02477427,0.00066135335
2008-07-01,7.684001e-06,0.06356477,0.9248158,0.98838055,0.98838055,0.0005754635,0.02398882,0.0006613051
2008-07-02,7.4734808e-06,0.06470846,0.9237244,0.9884329,0.9884329,0.0005427067,0.023296066,0.0006460972
2008-07-03,7.2183293e-06,0.0659937,0.9225452,0.9885389,0.98853886,0.00052983774,0.023018204,0.00062981236
2008-07-07,7.307674e-06,0.06526172,0.92330295,0.98856467,0.98856467,0.00050500623,0.022472344,0.0006390436
2008-07-08,7.028256e-06,0.06660577,0.9220738,0.9886795,0.9886795,0.00052325707,0.022874814,0.0006208448
2008-07-09,7.0032083e-06,0.066913754,0.9218273,0.98874104,0.98874104,0.0005891094,0.024271576,0.000622012
2008-07-10,7.493437e-06,0.064243816,0.92425305,0.98849684,0.98849684,0.0005500621,0.023453403,0.0006514242
2008-07-11,6.6815874e-06,0.06903233,0.9196858,0.9887181,0.9887181,0.0006191868,0.024883464,0.00059223914
2008-07-14,7.3909528e-06,0.06498538,0.9234881,0.9884735,0.9884735,0.00061487406,0.024796654,0.00064121257
2008-07-15,7.5956973e-06,0.06382286,0.9246284,0.98845124,0.98845124,0.000575233,0.023984015,0.00065770687
2008-07-16,6.9406565e-06,0.06743341,0.92131793,0.98875135,0.98875135,0.00067224615,0.02592771,0.0006170214
2008-07-17,7.5768503e-06,0.064009875,0.92447233,0.9884822,0.98848224,0.00068915676,0.026251795,0.000657837
2008-07-18,6.7852693e-06,0.0684857,0.9203504,0.98883605,0.98883605,0.0007496122,0.027379047,0.0006077839
2008-07-21,7.542126e-06,0.06399206,0.9245027,0.98849475,0.98849475,0.00069748954,0.026410026,0.000655538
2008-07-22,7.463384e-06,0.06479427,0.92361915,0.9884134,0.98841345,0.00066954776,0.02587562,0.0006441389
2008-07-23,7.3383126e-06,0.06534414,0.92320293,0.9885471,0.9885471,0.0006635077,0.025758643,0.00064073765
2008-07-24,7.2530365e-06,0.065771475,0.9229173,0.98868877,0.98868877,0.00067131844,0.025909813,0.0006412242
2008-07-25,7.2909447e-06,0.065191224,0.9234293,0.9886205,0.9886205,0.0006312083,0.025123859,0.0006407098
2008-07-28,7.4552413e-06,0.06439587,0.9242059,0.98860174,0.98860174,0.0006116861,0.024732288,0.0006540686
2008-07-29,7.3914916e-06,0.0648431,0.9236827,0.9885258,0.9885258,0.00058147,0.02411369,0.00064418407
2008-07-30,7.5712323e-06,0.06397085,0.92456996,0.9885408,0.9885408,0.0005725726,0.02392849,0.00066071376
2008-07-31,7.0656065e-06,0.06659826,0.9220287,0.98862696,0.98862696,0.0006224552,0.024949051,0.0006212591
2008-08-01,7.4561126e-06,0.06463124,0.9239292,0.98856044,0.98856044,0.0006123075,0.024744848,0.0006517831
2008-08-04,7.4963696e-06,0.06433178,0.92415005,0.9884818,0.9884818,0.00057726837,0.02402641,0.00065082934
2008-08-05,6.9849757e-06,0.06757607,0.92114985,0.9887259,0.9887259,0.00059956807,0.02448608,0.00061955955
2008-08-06,7.5851217e-06,0.06384099,0.92472064,0.98856163,0.98856163,0.00058331504,0.024151916,0.0006631296
2008-08-07,7.696727e-06,0.063289374,0.9251877,0.9884771,0.9884771,0.0005487158,0.023424683,0.0006679512
2008-08-08,7.587761e-06,0.06381442,0.9246848,0.9884992,0.9884992,0.00052422256,0.022895908,0.0006597608
2008-08-11,7.0847873e-06,0.067054026,0.9216518,0.9887058,0.9887058,0.000600791,0.02451104,0.00062729506
2008-08-12,7.655583e-06,0.06351007,0.92499,0.98850006,0.98850006,0.0005638781,0.023746118,0.0006657063
2008-08-13,7.632337e-06,0.063755,0.9247342,0.98848915,0.98848915,0.0005398058,0.023233721,0.0006630559
2008-08-14,7.319935e-06,0.065236725,0.92330647,0.9885432,0.9885432,0.0005494962,0.023441335,0.00063891686
2008-08-15,7.553712e-06,0.06405467,0.9244545,0.9885092,0.9885092,0.000519736,0.022797719,0.00065736915
2008-08-18,7.5925414e-06,0.06372591,0.92478913,0.988515,0.988515,0.0004958876,0.022268534,0.00066108437
2008-08-19,7.5659436e-06,0.06383215,0.92470086,0.988533,0.988533,0.0004704484,0.021689823,0.00065980264
2008-08-20,7.3582496e-06,0.06491795,0.92363477,0.98855275,0.9885527,0.0004557561,0.021348445,0.0006427962
2008-08-21,7.4695076e-06,0.06429071,0.9242584,0.9885491,0.9885491,0.00042919107,0.020716928,0.0006523082
2008-08-22,6.7696583e-06,0.06826596,0.9204754,0.9887414,0.9887414,0.0005798761,0.024080617,0.00060128764
2008-08-25,6.6930975e-06,0.069587514,0.91925836,0.9888459,0.9888459,0.0007557985,0.02749179,0.0006000563
2008-08-26,7.614327e-06,0.06375686,0.9246814,0.9884383,0.9884383,0.00070274755,0.026509386,0.00065858243
2008-08-27,6.9932466e-06,0.06720324,0.92140687,0.9886101,0.9886101,0.0006635409,0.025759287,0.00061398605
2008-08-28,7.4919585e-06,0.064769566,0.9236167,0.9883863,0.9883863,0.0006351647,0.025202474,0.00064509513
2008-08-29,7.5092166e-06,0.06436495,0.92414135,0.9885063,0.9885063,0.0006259004,0.025018001,0.00065333425
2008-09-02,7.601528e-06,0.063638955,0.92485297,0.98849195,0.9884919,0.0005860493,0.024208454,0.0006605402
2008-09-03,6.459667e-06,0.07160388,0.9172588,0.9888627,0.9888627,0.0007172318,0.026781183,0.0005800026
2008-09-04,7.576346e-06,0.06383477,0.92464715,0.98848194,0.98848194,0.00066523656,0.02579218,0.00065777963
2008-09-05,7.774795e-06,0.06302204,0.92541075,0.98843277,0.98843277,0.00063463126,0.025191888,0.0006721395
2008-09-08,7.742777e-06,0.06312549,0.925331,0.9884565,0.9884565,0.00061069056,0.024712155,0.000670747
2008-09-09,7.582161e-06,0.063956395,0.92448735,0.98844373,0.98844373,0.00057287375,0.023934782,0.0006561081
2008-09-10,7.3958536e-06,0.06492772,0.92365605,0.98858374,0.98858374,0.0005933449,0.024358673,0.00064783526
2008-09-11,7.5842854e-06,0.06374139,0.9247921,0.9885335,0.9885335,0.00055848487,0.023632284,0.00066142966
2008-09-12,7.407863e-06,0.06451536,0.92408615,0.9886015,0.9886015,0.00054259354,0.023293637,0.0006498984
2008-09-15,7.5575103e-06,0.06381354,0.92471373,0.98852724,0.9885273,0.00050932786,0.022568293,0.00065873505
2008-09-16,7.0243836e-06,0.067677535,0.9210583,0.98873585,0.98873585,0.00067735044,0.026025956,0.00062360556
2008-09-17,7.2293738e-06,0.06644756,0.9221964,0.98864394,0.98864394,0.00079375907,0.02817373,0.00063660956
2008-09-18,6.7749697e-06,0.06847862,0.9202051,0.98868376,0.98868376,0.0010081304,0.03175107,0.00059869443
2008-09-19,7.737539e-06,0.06379934,0.92453367,0.988333,0.988333,0.00093795743,0.03062609,0.00066319795
2008-09-22,7.1087006e-06,0.06682311,0.9216864,0.98850954,0.98850954,0.0011501743,0.03391422,0.0006186609
2008-09-23,6.686424e-06,0.06995983,0.9186668,0.9886266,0.9886266,0.002476537,0.049764816,0.00058790017
2008-09-24,6.9945236e-06,0.06888187,0.91972,0.98860186,0.98860186,0.0033958345,0.05827379,0.000613655
2008-09-25,7.2158455e-06,0.067157954,0.92125344,0.9884114,0.9884114,0.0031352194,0.05599303,0.000622669
2008-09-26,7.096664e-06,0.06750503,0.92087257,0.9883776,0.9883776,0.0029257007,0.054089747,0.00061060075
2008-09-29,7.285122e-06,0.06665428,0.9217625,0.9884168,0.9884168,0.0027091014,0.05204903,0.00062893814
2008-09-30,6.578983e-06,0.07237402,0.9164711,0.98884517,0.98884517,0.0032231982,0.05677322,0.00058978784
2008-10-01,6.619084e-06,0.07020512,0.91836965,0.98857474,0.98857474,0.0030950932,0.05563356,0.0005793379
2008-10-02,7.3727692e-06,0.06587232,0.9225584,0.98843074,0.98843074,0.0028812909,0.053677656,0.00063727226
2008-10-03,7.032413e-06,0.06848971,0.9201444,0.9886341,0.9886341,0.0028149316,0.053055927,0.0006187296
2008-10-06,7.360031e-06,0.066242404,0.922206,0.9884484,0.9884484,0.0025972738,0.050963454,0.0006371428
2008-10-07,6.586939e-06,0.07168089,0.9171956,0.9888765,0.9888765,0.0027006562,0.051967837,0.0005921654
2008-10-08,7.262319e-06,0.06647296,0.92201847,0.9884914,0.9884914,0.0025286418,0.050285604,0.00063103496
2008-10-09,7.56188e-06,0.06483897,0.9235593,0.98839825,0.98839825,0.002349337,0.04846996,0.0006517881
2008-10-10,7.533732e-06,0.064969115,0.9234809,0.98845005,0.98845005,0.0022250318,0.047170244,0.000652274
2008-10-13,6.347764e-06,0.07413954,0.91481555,0.9889551,0.9889551,0.0028280902,0.053179793,0.00057472254
2008-10-14,6.414519e-06,0.07121289,0.91750365,0.98871654,0.98871654,0.0027351035,0.052298218,0.0005684888
2008-10-15,7.314128e-06,0.06682577,0.921631,0.9884567,0.9884567,0.0025900723,0.05089275,0.0006336268
2008-10-16,7.2651824e-06,0.06712732,0.92147326,0.98860055,0.9886006,0.0025867913,0.05086051,0.00063732755
2008-10-17,7.1668433e-06,0.06791081,0.92073435,0.98864514,0.98864514,0.002676496,0.051734865,0.0006311695
2008-10-20,6.9332536e-06,0.06853,0.9199932,0.98852324,0.98852324,0.0025247214,0.050246608,0.0006041127
2008-10-21,7.159409e-06,0.06740738,0.9210016,0.988409,0.988409,0.0024025755,0.049016073,0.00061766873
2008-10-22,7.41155e-06,0.06626766,0.9221789,0.9884466,0.9884466,0.0023659794,0.048641335,0.00064150343
2008-10-23,7.1359677e-06,0.06805851,0.92061764,0.98867613,0.98867613,0.0024311293,0.049306482,0.00063017046
2008-10-24,7.3530214e-06,0.06637278,0.92216647,0.9885393,0.9885392,0.0022626112,0.047566913,0.0006415845
2008-10-27,7.2402036e-06,0.06730222,0.9213217,0.9886239,0.9886239,0.0023032385,0.047992066,0.0006364408
2008-10-28,7.3487463e-06,0.066399224,0.9221603,0.98855954,0.98855954,0.0021440887,0.046304304,0.0006423473
2008-10-29,7.507967e-06,0.065319195,0.9231232,0.98844236,0.98844236,0.0019888123,0.044596102,0.0006496108
2008-10-30,6.789096e-06,0.06877892,0.9198157,0.98859465,0.98859465,0.0021919855,0.046818644,0.00059525546
2008-10-31,7.586325e-06,0.0650065,0.9233758,0.9883823,0.9883823,0.0020604068,0.045391705,0.000652996
2008-11-03,7.45318e-06,0.06491654,0.9234954,0.98841196,0.98841196,0.001959002,0.044260617,0.0006431788
2008-11-04,7.5314974e-06,0.06537052,0.92306,0.9884305,0.9884305,0.0020461876,0.045234807,0.00065097865
2008-11-05,5.8538913e-06,0.07560013,0.9132755,0.9888756,0.9888756,0.0025282628,0.050281834,0.00052622217
2008-11-06,7.035934e-06,0.068726145,0.9198745,0.9886006,0.9886006,0.0027664034,0.05259661,0.0006172203
2008-11-07,7.064732e-06,0.06883563,0.9197842,0.9886198,0.9886198,0.0029093842,0.05393871,0.0006207918
2008-11-10,7.144953e-06,0.06773296,0.9207015,0.9884345,0.98843443,0.0026842814,0.051810052,0.00061778125
2008-11-11,7.143159e-06,0.06719818,0.92116797,0.9883661,0.9883661,0.002511224,0.050112113,0.00061399664
2008-11-12,7.005831e-06,0.0691863,0.9193952,0.98858154,0.98858154,0.002494149,0.049941454,0.0006135529
2008-11-13,7.2604835e-06,0.06731558,0.9212607,0.9885763,0.9885763,0.0025105353,0.050105244,0.0006355628
2008-11-14,7.0837837e-06,0.067425564,0.9210375,0.98846304,0.98846304,0.0024079876,0.04907125,0.00061400805
2008-11-17,7.4028017e-06,0.065924495,0.9225472,0.9884717,0.98847175,0.0022548295,0.047485046,0.0006421409
2008-11-18,7.4187024e-06,0.06584623,0.9226154,0.9884616,0.9884616,0.0021806292,0.046697207,0.0006429584
2008-11-19,7.4101927e-06,0.06587811,0.9225665,0.98844457,0.98844457,0.002026535,0.045017052,0.00064127345
2008-11-20,7.46501e-06,0.06507691,0.9233584,0.98843527,0.98843527,0.0018908676,0.043484107,0.00064549793
2008-11-21,6.8155446e-06,0.07030456,0.9183862,0.9886908,0.9886908,0.0021469733,0.046335444,0.00060265453
2008-11-24,6.8346944e-06,0.06867361,0.9199084,0.988582,0.988582,0.0019810887,0.044509422,0.00059859024
2008-11-25,6.605769e-06,0.0702732,0.9183058,0.98857903,0.98857903,0.0023531213,0.048508983,0.00057838974
2008-11-26,7.027728e-06,0.06913843,0.9194307,0.9885691,0.9885691,0.0025230693,0.050230164,0.0006147999
2008-11-28,6.5199724e-06,0.07074293,0.91788274,0.98862565,0.98862565,0.0026613022,0.051587813,0.00057321694
2008-12-01,7.320387e-06,0.06691124,0.9214804,0.98839164,0.98839164,0.002449296,0.049490362,0.00063061324
2008-12-02,7.252666e-06,0.067361735,0.9211766,0.9885383,0.9885383,0.002928541,0.054115996,0.00063277537
2008-12-03,7.1467543e-06,0.06822062,0.92028713,0.98850775,0.98850775,0.002863149,0.0535084,0.00062187586
2008-12-04,7.3006604e-06,0.066661745,0.92175055,0.9884123,0.98841226,0.0026430849,0.05141094,0.00063003646
2008-12-05,7.011398e-06,0.06926475,0.91938925,0.988654,0.988654,0.0027632134,0.052566275,0.000617963
2008-12-08,7.0056376e-06,0.069414124,0.9192497,0.98866385,0.98866385,0.0028675003,0.053549048,0.000617991
2008-12-09,6.539473e-06,0.07123898,0.91739655,0.98863554,0.98863554,0.0029678214,0.054477714,0.0005754319
2008-12-10,7.2932758e-06,0.0672158,0.921234,0.9884498,0.9884498,0.0028346942,0.053241845,0.0006314422
2008-12-11,7.0805827e-06,0.0680556,0.92039835,0.9884539,0.988454,0.0026948084,0.051911544,0.0006132458
2008-12-12,6.3549287e-06,0.07250964,0.91612935,0.988639,0.988639,0.0031320162,0.055964418,0.00055936334
2008-12-15,7.3021406e-06,0.0668097,0.92156726,0.988377,0.988377,0.0029712985,0.054509617,0.00062824786
2008-12-16,7.3724495e-06,0.06613998,0.9222982,0.9884382,0.9884382,0.0028483956,0.053370364,0.00063765526
2008-12-17,7.1503523e-06,0.06746872,0.9209198,0.9883885,0.9883885,0.0026633192,0.051607355,0.00061579805
2008-12-18,7.1714667e-06,0.06810225,0.920425,0.98852724,0.98852724,0.0029463638,0.05428042,0.00062508637
2008-12-19,6.849714e-06,0.07032578,0.91842306,0.98874885,0.98874885,0.0034138598,0.058428243,0.00060880114
2008-12-22,6.8282557e-06,0.07020103,0.918453,0.988654,0.988654,0.0034609332,0.058829695,0.00060182146
2008-12-23,6.3485068e-06,0.07542281,0.91333586,0.9887587,0.9887587,0.0050704153,0.071206845,0.0005647476
2008-12-24,6.6302914e-06,0.071238585,0.9173312,0.9885698,0.9885698,0.0046801222,0.06841142,0.00058006763
2008-12-26,6.5975337e-06,0.07277729,0.9159394,0.98871666,0.98871666,0.0049838684,0.070596516,0.0005847147
2008-12-29,6.248474e-06,0.07403766,0.9146256,0.98866326,0.98866326,0.0048732464,0.06980864,0.0005511701
2008-12-30,6.6435396e-06,0.07120977,0.91723764,0.9884474,0.9884474,0.004723058,0.068724506,0.00057507015
2008-12-31,6.8963213e-06,0.06996564,0.918463,0.98842865,0.98842865,0.004384344,0.06621438,0.00059598254
2009-01-02,5.914842e-06,0.076540366,0.91220593,0.9887463,0.9887463,0.0052744495,0.072625406,0.0005255902
2009-01-05,6.3128787e-06,0.073133335,0.9154295,0.9885628,0.9885628,0.004928018,0.07019984,0.00055196125
2009-01-06,6.166015e-06,0.074768946,0.9137786,0.98854756,0.98854756,0.004712979,0.06865114,0.000538402
2009-01-07,6.394879e-06,0.073223226,0.91522264,0.9884459,0.9884459,0.0043146256,0.06568581,0.0005534717
2009-01-08,6.5780528e-06,0.072556876,0.91613287,0.9886897,0.9886897,0.0052097496,0.072178595,0.0005815995
2009-01-09,6.6198872e-06,0.0715848,0.91690445,0.9884893,0.9884893,0.0048154676,0.06939357,0.0005751058
2009-01-12,6.7221486e-06,0.07063796,0.9177893,0.9884272,0.9884272,0.0044544884,0.06674195,0.0005808587
2009-01-13,6.7156384e-06,0.071239315,0.9173406,0.98857987,0.98857987,0.00458066,0.067680575,0.0005880527
2009-01-14,6.418385e-06,0.0730453,0.91547066,0.988516,0.988516,0.0042103846,0.06488748,0.00055889675
2009-01-15,7.02414e-06,0.06868979,0.9197233,0.98841304,0.9884131,0.0038743352,0.06224416,0.00060621055
2009-01-16,7.0748774e-06,0.06821359,0.92025405,0.98846763,0.98846763,0.0037559588,0.061285876,0.0006134801
2009-01-20,6.9434464e-06,0.06892076,0.9195614,0.9884822,0.9884821,0.0035275342,0.05939305,0.00060284365
2009-01-21,6.7887213e-06,0.070419766,0.91809464,0.9885144,0.9885144,0.0034910338,0.05908497,0.0005910649
2009-01-22,6.386856e-06,0.072331965,0.9163211,0.98865306,0.98865306,0.004172551,0.06459529,0.0005628705
2009-01-23,6.6841217e-06,0.070804305,0.91764975,0.98845404,0.98845404,0.0038302403,0.061888937,0.00057891454
2009-01-26,6.182347e-06,0.0739662,0.91467494,0.98864114,0.98864114,0.0037928626,0.06158622,0.00054427545
2009-01-27,6.706112e-06,0.07029331,0.91817653,0.98846984,0.98846984,0.0034950485,0.059118934,0.0005816148
2009-01-28,6.83903e-06,0.0701504,0.9182979,0.98844826,0.98844826,0.003855172,0.06209003,0.0005920347
2009-01-29,6.352828e-06,0.072977684,0.9155213,0.988499,0.988499,0.0035600378,0.059666052,0.00055237114
2009-01-30,6.7218834e-06,0.070295304,0.9181055,0.98840076,0.9884008,0.0032878998,0.057340212,0.0005795105
2009-02-02,6.5883787e-06,0.071252145,0.91718936,0.9884415,0.9884415,0.0030275155,0.05502286,0.0005700042
2009-02-03,7.055001e-06,0.06859856,0.91989213,0.9884907,0.9884907,0.0028939021,0.053795002,0.00061298267
2009-02-04,6.729707e-06,0.07029519,0.91817266,0.9884679,0.9884679,0.0026891355,0.051856875,0.0005835616
2009-02-05,7.0466317e-06,0.06780453,0.9205882,0.9883927,0.9883927,0.0024852506,0.04985229,0.00060708675
2009-02-06,6.8962004e-06,0.06868328,0.91975886,0.9884421,0.9884421,0.0023237795,0.048205595,0.0005966667
2009-02-09,7.4372324e-06,0.06547955,0.9228256,0.98830515,0.9883051,0.0021865503,0.046760563,0.0006359409
2009-02-10,7.219943e-06,0.06652588,0.92187804,0.9884039,0.9884039,0.0020410547,0.045178033,0.0006226191
2009-02-11,7.1647814e-06,0.06752516,0.9208892,0.98841435,0.98841435,0.002071372,0.04551233,0.00061841845
2009-02-12,7.369945e-06,0.0657787,0.92261004,0.9883887,0.9883888,0.0020457588,0.045230065,0.0006347227
2009-02-13,7.3362735e-06,0.06642389,0.92196834,0.98839223,0.98839223,0.0021034314,0.04586318,0.00063201424
2009-02-17,6.9845187e-06,0.06914318,0.91930795,0.9884511,0.9884511,0.002592367,0.05091529,0.00060477905
2009-02-18,6.92982e-06,0.07012354,0.9183992,0.98852277,0.98852277,0.002743642,0.052379787,0.0006037884
2009-02-19,7.075878e-06,0.06808116,0.92042476,0.9885059,0.9885059,0.002532563,0.050324574,0.0006156096
2009-02-20,6.2424847e-06,0.07464223,0.9140216,0.98866385,0.98866385,0.0035086707,0.059234034,0.0005506707
2009-02-23,7.0816727e-06,0.06870981,0.91964275,0.98835254,0.98835254,0.0032278951,0.056814566,0.0006080013
2009-02-24,7.114263e-06,0.06797378,0.92041916,0.98839295,0.98839295,0.0029874947,0.05465798,0.000612926
2009-02-25,6.607239e-06,0.07113471,0.91731197,0.98844665,0.98844665,0.0028578364,0.053458735,0.00057188957
2009-02-26,6.4856663e-06,0.07227625,0.9161956,0.9884718,0.9884718,0.0028961953,0.05381631,0.0005625917
2009-02-27,6.0170614e-06,0.07467542,0.9141019,0.98877734,0.98877734,0.002935982,0.054184705,0.00053615286
2009-03-02,6.76966e-06,0.06985497,0.91861206,0.98846704,0.98846704,0.0026979786,0.05194207,0.00058698363
2009-03-03,6.862808e-06,0.070207596,0.9183608,0.9885684,0.9885684,0.003314056,0.05756784,0.0006003379
2009-03-04,6.367215e-06,0.07276618,0.9157782,0.9885444,0.9885444,0.0031435923,0.056067746,0.00055581704
2009-03-05,6.157348e-06,0.074624285,0.9139314,0.9885557,0.9885557,0.003417536,0.058459695,0.00053802883
2009-03-06,6.79173e-06,0.07073059,0.91769314,0.9884237,0.9884237,0.0032490885,0.057000775,0.0005866929
2009-03-09,6.2343875e-06,0.07409187,0.9144767,0.98856854,0.98856854,0.0031169802,0.055829924,0.00054537127
2009-03-10,6.5665145e-06,0.071420304,0.91704005,0.98846036,0.98846036,0.0029385325,0.054208234,0.0005690399
2009-03-11,6.7055435e-06,0.0708219,0.91756684,0.9883887,0.9883887,0.0027637125,0.052571025,0.00057750236
2009-03-12,6.877239e-06,0.07009859,0.91838574,0.9884843,0.9884843,0.0029631457,0.054434784,0.00059720664
2009-03-13,5.7035118e-06,0.07785505,0.91093904,0.9887941,0.9887941,0.0035017808,0.059175845,0.0005089735
2009-03-16,6.5598556e-06,0.07210769,0.916255,0.98836267,0.98836267,0.003218013,0.056727532,0.0005636908
2009-03-17,6.3487596e-06,0.07318444,0.9153017,0.9884861,0.9884861,0.0029941164,0.05471852,0.0005514001
2009-03-18,6.1302494e-06,0.07475885,0.91380596,0.9885648,0.9885648,0.0028485544,0.05337185,0.0005360854
2009-03-19,6.5187423e-06,0.07163258,0.9168866,0.9885192,0.9885192,0.0026427722,0.0514079,0.0005677947
2009-03-20,5.7189104e-06,0.077407956,0.9114172,0.98882514,0.98882514,0.0027742898,0.05267153,0.00051176583
2009-03-23,6.5008135e-06,0.07212128,0.9163282,0.98844945,0.98844945,0.0025435395,0.050433517,0.0005628144
2009-03-24,6.1589767e-06,0.07423148,0.9143945,0.988626,0.988626,0.002532487,0.05032382,0.00054149627
2009-03-25,6.366037e-06,0.07296012,0.9155308,0.98849094,0.98849094,0.0023225653,0.048193,0.0005531326
2009-03-26,6.673922e-06,0.07053678,0.9179226,0.9884594,0.9884594,0.0021710373,0.046594393,0.0005782998
2009-03-27,6.296439e-06,0.072553046,0.91613424,0.9886873,0.9886873,0.0020591654,0.04537803,0.0005565803
2009-03-30,6.710774e-06,0.070006594,0.91856825,0.98857486,0.98857486,0.001991954,0.04463131,0.0005873692
2009-03-31,7.1194827e-06,0.06833688,0.9201723,0.9885092,0.9885092,0.002273995,0.047686424,0.0006195799
2009-04-01,6.5293066e-06,0.07157448,0.9169384,0.98851293,0.9885129,0.0021431735,0.04629442,0.000568405
2009-04-02,7.013539e-06,0.06874133,0.91962445,0.98836577,0.98836577,0.0020206124,0.044951223,0.0006028365
2009-04-03,6.0883726e-06,0.07431074,0.91438395,0.98869467,0.98869467,0.0023496202,0.04847288,0.0005385399
2009-04-06,6.8847535e-06,0.06919032,0.9191803,0.9883706,0.9883706,0.0021550895,0.046422943,0.00059201266
2009-04-07,7.179048e-06,0.067318246,0.9210438,0.9883621,0.9883621,0.0020437494,0.045207847,0.00061686663
2009-04-08,7.1929735e-06,0.06758654,0.92079186,0.9883784,0.9883784,0.0019876251,0.04458279,0.0006189317
2009-04-09,7.1635877e-06,0.06716896,0.92122114,0.9883901,0.9883901,0.0018387086,0.042880166,0.00061702344
2009-04-13,6.6683824e-06,0.07027337,0.91822743,0.98850083,0.98850083,0.0019121502,0.04372814,0.0005799014
2009-04-14,7.3732754e-06,0.06646819,0.92185134,0.9883195,0.9883195,0.0018927814,0.04350611,0.0006312474
2009-04-15,7.0869223e-06,0.067896314,0.9204594,0.9883557,0.9883557,0.0017636566,0.041995913,0.0006086171
2009-04-16,7.194931e-06,0.06712049,0.92122585,0.98834634,0.98834634,0.0016312842,0.04038916,0.0006173966
2009-04-17,6.972588e-06,0.0682631,0.920168,0.9884311,0.9884311,0.0015240401,0.039038956,0.0006027008
2009-04-20,7.1054233e-06,0.06727034,0.9211461,0.98841643,0.98841643,0.0014124467,0.03758253,0.0006134055
2009-04-21,6.894172e-06,0.06992494,0.9187262,0.98865116,0.98865116,0.0018876249,0.043446805,0.00060747797
2009-04-22,7.0159413e-06,0.0685018,0.91998386,0.98848563,0.9884857,0.0017536598,0.041876722,0.0006093207
2009-04-23,7.358281e-06,0.06650464,0.92184544,0.9883501,0.9883501,0.001783814,0.04223522,0.00063161715
2009-04-24,7.281005e-06,0.06712038,0.9212378,0.9883582,0.9883582,0.0016675342,0.04083545,0.00062541914
2009-04-27,6.938976e-06,0.06863083,0.9198464,0.98847723,0.98847723,0.0016399908,0.0404968,0.0006021969
2009-04-28,7.3359915e-06,0.06639903,0.92202026,0.9884193,0.9884193,0.0015691752,0.039612815,0.0006334667
2009-04-29,7.28835e-06,0.0665665,0.9217876,0.9883541,0.9883541,0.0014555741,0.038151987,0.000625829
2009-04-30,6.9801213e-06,0.06802372,0.9204494,0.9884731,0.9884731,0.0013772044,0.037110705,0.0006055515
2009-05-01,7.3062274e-06,0.066353776,0.9219996,0.9883534,0.9883534,0.001275123,0.035708863,0.00062732556
2009-05-04,6.723558e-06,0.069571115,0.91899925,0.9885704,0.9885704,0.0012872558,0.035878345,0.000588258
2009-05-05,6.6246807e-06,0.070119075,0.9184875,0.9886066,0.9886066,0.0012276537,0.03503789,0.00058144756
2009-05-06,7.116926e-06,0.06732764,0.9211127,0.98844033,0.98844033,0.0011440916,0.03382442,0.0006156689
2009-05-07,6.4823844e-06,0.07084381,0.9178544,0.98869824,0.98869824,0.0011982021,0.034615055,0.0005735732
2009-05-08,6.9008897e-06,0.06859335,0.91989577,0.98848915,0.98848915,0.0011090761,0.033302795,0.0005995118
2009-05-11,6.7434203e-06,0.06949286,0.9190565,0.98854935,0.98854935,0.0011020951,0.033197816,0.00058891164
2009-05-12,7.1743734e-06,0.067011826,0.92139655,0.9884084,0.9884084,0.001020051,0.031938236,0.00061892794
2009-05-13,6.944233e-06,0.0683627,0.9201126,0.9884753,0.9884753,0.00094924355,0.030809795,0.00060255337
2009-05-14,7.0999254e-06,0.06729698,0.9211464,0.9884434,0.9884434,0.0008946142,0.029910102,0.00061435974
2009-05-15,6.9769508e-06,0.067947745,0.92054623,0.988494,0.988494,0.0008379676,0.02894767,0.0006063739
2009-05-18,7.113852e-06,0.0673838,0.92110956,0.9884934,0.9884934,0.00088658935,0.02977565,0.0006182401
2009-05-19,6.5665035e-06,0.07023384,0.9184383,0.98867214,0.98867214,0.0009688517,0.031126382,0.0005796772
2009-05-20,6.830679e-06,0.069046095,0.9194597,0.9885058,0.9885058,0.0009037187,0.030061914,0.0005942708
2009-05-21,6.993012e-06,0.067651115,0.92089486,0.98854595,0.98854595,0.00094303564,0.030708885,0.0006105277
2009-05-22,6.939121e-06,0.06809784,0.9205014,0.98859924,0.98859924,0.0008934578,0.029890765,0.0006086543
2009-05-26,6.9541215e-06,0.06754175,0.9210664,0.9886081,0.9886081,0.00083599694,0.028913612,0.00061044557
2009-05-27,7.1066675e-06,0.066986576,0.9215168,0.98850334,0.98850334,0.0007872319,0.028057653,0.00061815046
2009-05-28,7.0207307e-06,0.06727175,0.92129534,0.9885671,0.9885671,0.00074895576,0.027367055,0.0006140821
2009-05-29,6.8111044e-06,0.06866607,0.9199461,0.9886121,0.9886122,0.00073950284,0.027193801,0.00059810095
2009-06-01,6.806289e-06,0.0686536,0.9199847,0.9886383,0.9886383,0.000710577,0.02665665,0.00059905456
2009-06-02,6.4320684e-06,0.07088615,0.91791135,0.9887975,0.9887975,0.0007372147,0.027151698,0.0005741629
2009-06-03,6.793894e-06,0.06888078,0.9197318,0.9886126,0.9886126,0.0006831622,0.02613737,0.0005966146
2009-06-04,6.917223e-06,0.067980684,0.9206699,0.9886506,0.9886506,0.0007260354,0.026945043,0.00060948025
2009-06-05,6.815888e-06,0.06849741,0.9201309,0.9886283,0.9886283,0.00078217353,0.027967365,0.0005993743
2009-06-08,7.3992514e-06,0.06525235,0.92318213,0.9884345,0.9884345,0.00072868896,0.02699424,0.0006397689
2009-06-09,7.3053584e-06,0.06560732,0.92289615,0.98850346,0.98850346,0.00068199035,0.026114944,0.00063543953
2009-06-10,7.053643e-06,0.06723388,0.92128927,0.9885231,0.9885231,0.0006865785,0.026202643,0.0006145962
2009-06-11,7.075525e-06,0.06683996,0.92172635,0.9885663,0.9885663,0.00066245446,0.02573819,0.0006188296
2009-06-12,7.0655315e-06,0.06708323,0.9214505,0.98853374,0.98853374,0.00064058043,0.025309691,0.00061620167
2009-06-15,7.2230127e-06,0.06603619,0.92250216,0.9885383,0.9885383,0.0006028631,0.024553271,0.0006301882
2009-06-16,7.405951e-06,0.0653501,0.92304945,0.98839957,0.98839957,0.00059016794,0.024293372,0.0006384201
2009-06-17,7.2460484e-06,0.06619287,0.92228353,0.9884764,0.9884764,0.00055252557,0.023505863,0.00062880054
2009-06-18,7.4803957e-06,0.064641796,0.9238197,0.9884615,0.9884615,0.0005207324,0.022819562,0.0006482985
2009-06-19,7.272665e-06,0.06561684,0.92292136,0.9885382,0.9885382,0.0004898739,0.022133095,0.0006345136
2009-06-22,7.176714e-06,0.0662226,0.9223937,0.9886163,0.9886163,0.0005039837,0.022449581,0.00063043705
2009-06-23,7.3567953e-06,0.06568146,0.92283547,0.9885169,0.9885169,0.00057090586,0.023893636,0.0006406643
2009-06-24,7.2335056e-06,0.06609221,0.9224076,0.9884998,0.9884998,0.00060877245,0.024673315,0.00062899065
2009-06-25,7.558748e-06,0.06444548,0.92400193,0.9884474,0.9884474,0.0005735501,0.023948906,0.00065429136
2009-06-26,7.2431553e-06,0.066001095,0.9224843,0.9884854,0.9884854,0.000569353,0.02386112,0.00062904076
2009-06-29,7.761013e-06,0.06352821,0.92482436,0.98835254,0.98835254,0.00054850616,0.023420209,0.0006663265
2009-06-30,7.161561e-06,0.066473044,0.92205036,0.9885234,0.9885234,0.0005837822,0.024161585,0.00062401546
2009-07-01,7.444742e-06,0.06534016,0.92311764,0.9884578,0.9884578,0.00058021577,0.024087667,0.00064500194
2009-07-02,7.655688e-06,0.063850045,0.92454016,0.9883902,0.9883902,0.0005478529,0.023406258,0.00065941643
2009-07-06,7.297904e-06,0.06622153,0.9223479,0.98856944,0.98856944,0.00060720724,0.024641575,0.00063845544
2009-07-07,7.459161e-06,0.06560062,0.9229156,0.9885162,0.9885162,0.0006799187,0.02607525,0.00064953836
2009-07-08,7.7081995e-06,0.06398183,0.924437,0.9884188,0.9884188,0.00065593724,0.025611272,0.0006655797
2009-07-09,7.243282e-06,0.06712563,0.9214444,0.98857003,0.98857003,0.00074704085,0.027332049,0.0006337099
2009-07-10,7.5768394e-06,0.06473254,0.92368895,0.9884215,0.9884215,0.0006968074,0.026397109,0.0006543887
2009-07-13,7.826636e-06,0.0633325,0.9250517,0.9883842,0.9883842,0.00065631844,0.025618713,0.0006737915
2009-07-14,7.644639e-06,0.064423606,0.924009,0.98843265,0.98843265,0.0006157683,0.02481468,0.00066088047
2009-07-15,7.5248304e-06,0.064510606,0.92398924,0.9884998,0.9884998,0.00057723536,0.024025723,0.00065432285
2009-07-16,7.223673e-06,0.06594866,0.92260456,0.9885532,0.9885532,0.00061171956,0.024732964,0.0006310663
2009-07-17,7.409711e-06,0.06491361,0.923639,0.98855263,0.98855263,0.00057533954,0.023986237,0.000647285
2009-07-20,7.4942004e-06,0.06471223,0.9236895,0.9884017,0.9884017,0.0005771125,0.024023166,0.00064614706
2009-07-21,7.546714e-06,0.06423694,0.92420256,0.9884395,0.9884395,0.00054317457,0.023306105,0.0006528017
2009-07-22,7.4589084e-06,0.06509132,0.923336,0.98842734,0.98842734,0.00051769667,0.022752948,0.0006445285
2009-07-23,7.503664e-06,0.06439548,0.9240679,0.9884634,0.9884634,0.00049225724,0.022186872,0.0006504226
2009-07-24,6.9893463e-06,0.06671314,0.92200863,0.9887218,0.9887218,0.0005069833,0.02251629,0.00061972113
2009-07-27,7.3665037e-06,0.06485772,0.92370546,0.9885632,0.9885632,0.00048557998,0.02203588,0.0006441042
2009-07-28,7.4564105e-06,0.064436324,0.92409045,0.98852676,0.98852676,0.00045727135,0.021383904,0.00064989587
2009-07-29,7.556101e-06,0.06423574,0.92422706,0.9884628,0.9884628,0.00044907702,0.021191437,0.00065493403
2009-07-30,7.1864024e-06,0.06703905,0.92158574,0.9886248,0.9886248,0.0006514167,0.025522867,0.00063176116
2009-07-31,6.342361e-06,0.07130267,0.9175166,0.98881924,0.98881924,0.0008094585,0.028450985,0.00056725676
2009-08-03,7.5419193e-06,0.06472109,0.9236074,0.9883285,0.9883285,0.0008444023,0.029058602,0.00064618344
2009-08-04,7.2033895e-06,0.06626098,0.9222243,0.9884853,0.9884853,0.00084557245,0.029078728,0.0006255808
2009-08-05,7.5429402e-06,0.06465109,0.92371565,0.9883667,0.9883667,0.00078741706,0.028060952,0.0006483934
2009-08-06,7.4753734e-06,0.06467943,0.92377317,0.9884526,0.9884526,0.0007384646,0.027174706,0.00064736494
2009-08-07,7.1317895e-06,0.066180974,0.9224428,0.9886238,0.98862374,0.0006896769,0.0262617,0.00062690425
2009-08-10,7.4610516e-06,0.06454162,0.9239525,0.98849416,0.98849416,0.00065699924,0.025631996,0.0006484577
2009-08-11,7.489041e-06,0.06439958,0.9240833,0.9884829,0.9884829,0.0006160478,0.024820311,0.0006502536
2009-08-12,7.5192925e-06,0.06428807,0.9241747,0.9884628,0.9884628,0.00059464586,0.024385361,0.0006517436
2009-08-13,7.510083e-06,0.064303875,0.9241704,0.98847425,0.98847425,0.0005634191,0.02373645,0.0006515917
2009-08-14,7.3951974e-06,0.06475141,0.923795,0.9885464,0.9885464,0.00052973646,0.023016004,0.0006456642
2009-08-17,7.184725e-06,0.06647333,0.922145,0.9886183,0.9886183,0.0006213184,0.02492626,0.0006312531
2009-08-18,7.5997946e-06,0.063807584,0.9246895,0.9884971,0.9884971,0.00058901304,0.02426959,0.00066068384
2009-08-19,7.388813e-06,0.06505126,0.9234268,0.98847806,0.98847806,0.0006334114,0.025167666,0.0006412823
2009-08-20,7.4520904e-06,0.06477748,0.9236684,0.9884459,0.9884459,0.0007263072,0.026950087,0.00064497243
2009-08-21,7.420671e-06,0.06530888,0.92321175,0.9885206,0.9885206,0.0006784493,0.026047058,0.00064643496
2009-08-24,7.295519e-06,0.06527269,0.9233072,0.98857987,0.98857987,0.0006554086,0.02560095,0.0006388297
2009-08-25,7.174899e-06,0.066086434,0.92249477,0.9885812,0.9885812,0.0006149781,0.02479875,0.0006283398
2009-08-26,7.419849e-06,0.065229855,0.9232896,0.98851943,0.98851943,0.00064186804,0.025335114,0.00064629625
2009-08-27,7.728852e-06,0.063301906,0.9250885,0.98839045,0.98839045,0.0006051943,0.024600698,0.000665732
2009-08-28,7.442132e-06,0.06458885,0.9239202,0.98850906,0.98850906,0.0005808824,0.024101503,0.0006476521
2009-08-31,7.4873974e-06,0.064490825,0.9239725,0.9884633,0.9884633,0.0005447944,0.023340832,0.0006490059
2009-09-01,7.3584592e-06,0.06572718,0.9228308,0.988558,0.988558,0.0006099921,0.024698017,0.0006431092
2009-09-02,6.9711937e-06,0.06835925,0.9203027,0.98866194,0.98866194,0.0006215107,0.024930118,0.00061484915
2009-09-03,7.4554987e-06,0.06462121,0.9239273,0.9885485,0.9885485,0.00057895307,0.024061443,0.00065105094
2009-09-04,7.4588065e-06,0.06487977,0.9236703,0.98855007,0.98855007,0.00054252363,0.023292137,0.00065142795
2009-09-08,7.531617e-06,0.06418389,0.92435634,0.98854023,0.98854023,0.0005085987,0.022552133,0.00065722247
2009-09-09,7.0723836e-06,0.06694406,0.92162013,0.9885642,0.9885642,0.0006021856,0.02453947,0.000618442
2009-09-10,7.678099e-06,0.06361597,0.9247805,0.98839647,0.98839647,0.00056255073,0.023718152,0.00066170347
2009-09-11,7.3222513e-06,0.065157205,0.9234139,0.9885711,0.98857105,0.00053257286,0.02307754,0.000640679
2009-09-14,7.03862e-06,0.067855455,0.920803,0.9886585,0.9886585,0.00059205946,0.024332272,0.0006206068
2009-09-15,7.423864e-06,0.06460728,0.92392427,0.98853153,0.98853153,0.00055504346,0.02355936,0.0006473282
2009-09-16,7.4078407e-06,0.06525679,0.923159,0.9884158,0.9884158,0.0005760091,0.02400019,0.00063947676
2009-09-17,7.0450733e-06,0.06682787,0.9217812,0.9886091,0.9886091,0.000570148,0.023877772,0.00061848125
2009-09-18,7.4012687e-06,0.06528938,0.923196,0.9884854,0.9884854,0.00053263846,0.023078961,0.0006427723
2009-09-21,7.4097297e-06,0.06458427,0.9239748,0.98855907,0.98855907,0.0005016321,0.022397146,0.00064765086
2009-09-22,7.3039696e-06,0.0662582,0.9222972,0.9885554,0.9885554,0.0005417328,0.023275154,0.00063820067
2009-09-23,7.198823e-06,0.06601874,0.9225467,0.98856544,0.98856544,0.00055109645,0.023475444,0.00062956737
2009-09-24,7.669069e-06,0.06397507,0.92445433,0.9884294,0.9884294,0.0006058107,0.024613222,0.0006628081
2009-09-25,7.537155e-06,0.06506039,0.9234042,0.9884646,0.9884646,0.0007026331,0.026507227,0.0006533931
2009-09-28,7.872317e-06,0.0628835,0.9254479,0.9883314,0.9883314,0.00065654685,0.02562317,0.00067465694
2009-09-29,7.756995e-06,0.06348219,0.92490286,0.988385,0.988385,0.0006246877,0.024993753,0.0006678441
2009-09-30,6.6476537e-06,0.0686287,0.92023766,0.9888663,0.9888663,0.0005858355,0.024204038,0.00059707655
2009-10-01,6.8135246e-06,0.06917732,0.9193356,0.98851293,0.98851293,0.0007654462,0.0276667,0.0005931475
2009-10-02,7.404017e-06,0.0650087,0.9234605,0.9884692,0.9884692,0.0007110316,0.026665175,0.0006421069
2009-10-05,7.80845e-06,0.062958114,0.92541164,0.98836976,0.98836976,0.0006743328,0.025967918,0.0006713922
2009-10-06,7.690726e-06,0.06365391,0.9247088,0.98836267,0.98836267,0.00063435576,0.02518642,0.0006608669
2009-10-07,7.5951925e-06,0.06420135,0.9241802,0.98838156,0.98838156,0.0005969043,0.024431625,0.00065371906
2009-10-08,7.665863e-06,0.063872464,0.92450863,0.9883811,0.9883811,0.0005821589,0.02412797,0.00065977464
2009-10-09,7.2025946e-06,0.066039234,0.9225012,0.9885405,0.9885404,0.0006025206,0.024546295,0.00062852446
2009-10-12,7.5898015e-06,0.064149596,0.9242374,0.988387,0.988387,0.0005630794,0.023729293,0.00065356016
2009-10-13,7.4357654e-06,0.06472983,0.92375153,0.98848134,0.98848134,0.000554827,0.023554767,0.000645541
2009-10-14,7.3047668e-06,0.065594375,0.92289966,0.98849404,0.98849404,0.0005288199,0.022996085,0.000634868
2009-10-15,7.3526185e-06,0.06502437,0.923521,0.98854536,0.98854536,0.00050740805,0.02252572,0.00064188987
2009-10-16,6.836608e-06,0.0678069,0.9209252,0.9887321,0.9887321,0.00053919596,0.023220593,0.0006067331
2009-10-19,7.1962436e-06,0.06582623,0.9227731,0.98859936,0.98859936,0.0005130508,0.022650626,0.000631214
2009-10-20,7.351246e-06,0.06507802,0.92345726,0.9885353,0.9885353,0.0004924822,0.02219194,0.00064120616
2009-10-21,7.124554e-06,0.066215776,0.92242193,0.9886377,0.9886377,0.00046513928,0.021567088,0.0006270337
2009-10-22,6.978597e-06,0.06711903,0.921541,0.98866004,0.98866,0.0004887696,0.022108134,0.0006153986
2009-10-23,7.3181823e-06,0.065308996,0.92322475,0.98853374,0.98853374,0.0004578036,0.021396346,0.00063823594
2009-10-26,7.3371084e-06,0.065079115,0.923479,0.9885581,0.9885581,0.00043500052,0.020856665,0.0006412499
2009-10-27,7.3054016e-06,0.065296434,0.9232599,0.9885563,0.9885563,0.00044379715,0.021066494,0.000638379
2009-10-28,7.1778068e-06,0.06586245,0.92275846,0.9886209,0.9886209,0.00042460335,0.020605905,0.00063078734
2009-10-29,6.9612342e-06,0.0674187,0.92127794,0.98869663,0.98869663,0.00044650963,0.021130774,0.00061585504
2009-10-30,6.65788e-06,0.06859581,0.9202537,0.9888495,0.9888495,0.0004806282,0.021923235,0.0005970936
2009-11-02,7.3174724e-06,0.06581504,0.9227384,0.9885534,0.9885534,0.0005420205,0.023281334,0.00063927064
2009-11-03,7.1998975e-06,0.065804966,0.92279714,0.9886021,0.9886021,0.0005209764,0.022824908,0.0006316864
2009-11-04,7.54508e-06,0.06418875,0.9242519,0.9884407,0.98844063,0.00051023863,0.022588462,0.0006527277
2009-11-05,7.4873515e-06,0.064362146,0.9241304,0.98849255,0.98849255,0.00048525093,0.022028413,0.00065065245
2009-11-06,7.67838e-06,0.063418366,0.9250115,0.9884299,0.9884299,0.00046234208,0.02150214,0.0006636401
2009-11-09,7.3197716e-06,0.06554187,0.9230349,0.98857677,0.98857677,0.00048553033,0.022034753,0.0006407795
2009-11-10,7.101182e-06,0.06640325,0.9222141,0.98861736,0.98861736,0.0004973132,0.02230052,0.00062386075
2009-11-11,7.4966015e-06,0.06442376,0.92404866,0.9884724,0.9884724,0.00046741302,0.021619737,0.00065031776
2009-11-12,7.4917666e-06,0.06433536,0.9241551,0.98849046,0.98849046,0.00043986723,0.020973012,0.0006509181
2009-11-13,7.406633e-06,0.06512845,0.9234168,0.98854524,0.98854524,0.0004726667,0.021740898,0.00064659864
2009-11-16,7.7575105e-06,0.06307151,0.9253381,0.9884096,0.9884096,0.00044797696,0.021165466,0.0006693036
2009-11-17,6.997518e-06,0.067028746,0.92161214,0.9886409,0.9886409,0.0004893792,0.022121917,0.00061602774
2009-11-18,7.562273e-06,0.06409285,0.92434925,0.9884421,0.9884421,0.00045854045,0.021413557,0.000654296
2009-11-19,7.448102e-06,0.064608194,0.9238945,0.98850274,0.98850274,0.00043321835,0.020813897,0.00064781547
2009-11-20,7.634492e-06,0.063682854,0.92481375,0.9884966,0.9884966,0.00045563452,0.021345597,0.00066367275
2009-11-23,7.688284e-06,0.06335263,0.92510045,0.9884531,0.9884531,0.0004351745,0.020860836,0.00066583045
2009-11-24,7.5166095e-06,0.06418765,0.92430574,0.9884934,0.9884934,0.00041745554,0.020431729,0.00065324234
2009-11-25,7.697372e-06,0.063467816,0.92496973,0.98843753,0.98843753,0.00041980762,0.020489207,0.00066572055
2009-11-27,6.81402e-06,0.06786106,0.9208904,0.9887515,0.9887515,0.00043555105,0.02086986,0.00060576986
2009-11-30,7.5647977e-06,0.06443729,0.92400587,0.98844314,0.98844314,0.00045046813,0.021224234,0.00065457186
2009-12-01,6.9657344e-06,0.06690727,0.9218157,0.988723,0.988723,0.00043989805,0.020973748,0.00061769283
2009-12-02,7.2700686e-06,0.06543917,0.92313194,0.9885711,0.9885711,0.00042515312,0.020619242,0.0006361131
2009-12-03,7.270707e-06,0.06574155,0.9228592,0.98860073,0.98860073,0.00043460837,0.020847263,0.0006378222
2009-12-04,7.5513954e-06,0.06395727,0.9245475,0.98850477,0.98850477,0.00040863408,0.0202147,0.0006569154
2009-12-07,7.699018e-06,0.06326649,0.9251893,0.98845583,0.98845583,0.00039661667,0.019915238,0.0006669184
2009-12-08,7.797586e-06,0.06275335,0.92565954,0.9884129,0.98841286,0.0004021605,0.02005394,0.000672955
2009-12-09,7.602426e-06,0.063860886,0.9245887,0.9884496,0.9884496,0.00040065753,0.020016432,0.0006581944
2009-12-10,7.13873e-06,0.0670158,0.9216155,0.9886313,0.98863125,0.00042619155,0.020644408,0.0006279289
2009-12-11,7.638786e-06,0.06345946,0.9250345,0.988494,0.988494,0.00040021323,0.02000533,0.00066389464
2009-12-14,7.5545504e-06,0.06420278,0.92428213,0.9884849,0.9884849,0.00038392184,0.019593924,0.0006560571
2009-12-15,7.697685e-06,0.06318533,0.9252894,0.9884747,0.9884747,0.00036428156,0.019086162,0.00066789606
2009-12-16,7.4968957e-06,0.06424207,0.92426485,0.9885069,0.9885069,0.00036216495,0.019030632,0.0006522961
2009-12-17,7.3396573e-06,0.06515133,0.9233919,0.9885432,0.9885432,0.00038993236,0.019746706,0.00064063835
2009-12-18,7.566992e-06,0.06372296,0.9248012,0.98852414,0.98852414,0.00036740923,0.019167922,0.00065938337
2009-12-21,7.434374e-06,0.064602435,0.923914,0.98851645,0.98851645,0.00035308299,0.018790502,0.00064739335
2009-12-22,7.5727453e-06,0.06414376,0.9243228,0.98846656,0.98846656,0.0003436572,0.018537993,0.0006565904
2009-12-23,7.3980323e-06,0.06464823,0.9239139,0.9885621,0.9885621,0.0003687344,0.019202458,0.00064680027
2009-12-24,6.9687762e-06,0.06702443,0.9216672,0.9886916,0.9886916,0.0004055498,0.020138267,0.0006162493
2009-12-28,7.31425e-06,0.06517692,0.9233953,0.9885722,0.9885722,0.0004015145,0.020037826,0.000640039
2009-12-29,6.986693e-06,0.06662834,0.9221229,0.98875123,0.98875123,0.00038328493,0.019577663,0.0006211074
2009-12-30,7.120973e-06,0.0661884,0.92246866,0.98865706,0.98865706,0.00036049326,0.01898666,0.00062778883
2009-12-31,7.1357176e-06,0.06584362,0.92285377,0.9886974,0.9886974,0.00034128432,0.018473882,0.0006313347
2010-01-04,7.1555755e-06,0.0657519,0.922937,0.9886889,0.9886889,0.0003221303,0.017947989,0.0006326146
2010-01-05,6.5794525e-06,0.068858854,0.92007124,0.9889301,0.9889301,0.00035061152,0.018724624,0.0005943555
2010-01-06,6.9174566e-06,0.06718337,0.92156124,0.9887446,0.9887446,0.00032976482,0.018159429,0.00061459094
2010-01-07,6.9762254e-06,0.06652621,0.9222637,0.9887899,0.9887899,0.0003299096,0.018163415,0.00062231696
2010-01-08,7.100651e-06,0.066146754,0.9225377,0.9886844,0.9886844,0.0003140587,0.017721701,0.0006275108
2010-01-11,6.9563184e-06,0.06669656,0.92209214,0.9887887,0.9887887,0.0002968794,0.017230188,0.00062047516
2010-01-12,6.8074232e-06,0.06771907,0.9210861,0.9888052,0.9888052,0.00028131544,0.01677246,0.0006080866
2010-01-13,7.265209e-06,0.0651386,0.9235159,0.9886545,0.9886545,0.00029701027,0.017233986,0.0006403601
2010-01-14,7.4271475e-06,0.06448172,0.9240838,0.98856556,0.98856556,0.00029515888,0.01718019,0.0006495421
2010-01-15,7.162232e-06,0.06576204,0.92291164,0.9886737,0.9886737,0.00028097216,0.016762225,0.00063235336
2010-01-19,7.5385014e-06,0.06389813,0.92462933,0.9885275,0.9885275,0.00028754983,0.016957294,0.00065709185
2010-01-20,7.220163e-06,0.06550829,0.92313975,0.98864806,0.98864806,0.00028380926,0.01684664,0.0006360288
2010-01-21,7.404913e-06,0.06461577,0.9239519,0.9885677,0.9885677,0.00029071022,0.017050227,0.00064771913
2010-01-22,7.4716772e-06,0.06433113,0.9242209,0.98855203,0.98855203,0.00030257693,0.017394738,0.00065266417
2010-01-25,7.659329e-06,0.06348852,0.92498434,0.9884729,0.9884729,0.0003146523,0.017738441,0.0006644616
2010-01-26,7.340951e-06,0.06498871,0.9236116,0.9886003,0.9886003,0.00030428745,0.017443838,0.0006439608
2010-01-27,7.177673e-06,0.066160336,0.9224725,0.9886328,0.9886328,0.0002921116,0.017091272,0.0006314371
2010-01-28,7.2515527e-06,0.0659063,0.9227171,0.9886234,0.9886234,0.0002900896,0.017032018,0.0006374084
2010-01-29,7.375936e-06,0.06491766,0.92369205,0.98860973,0.98860973,0.00027494965,0.016581606,0.0006475647
2010-02-01,7.4057034e-06,0.06469142,0.92391515,0.9886066,0.9886066,0.00026846808,0.016384996,0.00064999785
2010-02-02,7.18197e-06,0.06558376,0.92309403,0.9886778,0.9886778,0.00028308516,0.016825134,0.00063432637
2010-02-03,6.6898483e-06,0.068784185,0.9199872,0.9887714,0.9887714,0.0003567855,0.018888766,0.0005957854
2010-02-04,7.462367e-06,0.064369746,0.9241944,0.98856413,0.98856413,0.00033576123,0.018323788,0.0006525406
2010-02-05,7.1761006e-06,0.06661955,0.9220307,0.98865026,0.98865026,0.00048788975,0.022088226,0.0006322702
2010-02-08,7.536631e-06,0.06467302,0.92384654,0.98851955,0.98851955,0.00050653546,0.022506343,0.0006564752
2010-02-09,7.639144e-06,0.063988514,0.9244766,0.98846513,0.98846513,0.00048139173,0.021940641,0.00066226535
2010-02-10,7.3617443e-06,0.065359235,0.9231548,0.988514,0.988514,0.000493651,0.022218259,0.0006409323
2010-02-11,7.83469e-06,0.06292524,0.925434,0.9883592,0.9883592,0.00046980922,0.021675084,0.00067303784
2010-02-12,7.6446895e-06,0.06344236,0.92503166,0.988474,0.988474,0.00044879032,0.021184672,0.00066325674
2010-02-16,7.649226e-06,0.06376484,0.9246974,0.9884622,0.9884622,0.00043829356,0.02093546,0.0006629715
2010-02-17,6.754241e-06,0.06840294,0.9203864,0.9887893,0.9887893,0.00050441845,0.022459261,0.0006024827
2010-02-18,7.5090666e-06,0.06404254,0.92449415,0.9885367,0.9885367,0.00047205904,0.02172692,0.00065505365
2010-02-19,6.886685e-06,0.067238666,0.92153996,0.98877865,0.98877865,0.00047460326,0.021785391,0.0006137127
2010-02-22,7.2263474e-06,0.06545702,0.9231874,0.9886444,0.9886444,0.00044994798,0.021211978,0.0006363698
2010-02-23,6.929061e-06,0.066898264,0.9218922,0.9887905,0.9887905,0.0004237333,0.020584783,0.0006181425
2010-02-24,7.017371e-06,0.0668264,0.921877,0.9887034,0.9887034,0.00041597505,0.020395467,0.00062119483
2010-02-25,7.111234e-06,0.06599391,0.9227046,0.9886985,0.9886985,0.00040380785,0.02009497,0.00062922825
2010-02-26,7.160825e-06,0.066303335,0.92234015,0.98864347,0.98864347,0.00041577726,0.020390617,0.00063054677
2010-03-01,7.0842166e-06,0.06627142,0.9224054,0.98867685,0.98867685,0.00041369454,0.020339482,0.00062563986
2010-03-02,7.0802653e-06,0.06619203,0.922512,0.988704,0.988704,0.00039880705,0.019970154,0.00062679546
2010-03-03,6.9982048e-06,0.06659381,0.9221471,0.9887409,0.9887409,0.0003847355,0.019614676,0.000621561
2010-03-04,6.977654e-06,0.06677163,0.92196304,0.98873466,0.98873466,0.00037594902,0.019389404,0.00061939145
2010-03-05,6.976802e-06,0.06678461,0.9219494,0.988734,0.988734,0.00035833727,0.018929798,0.0006192798
2010-03-08,6.869801e-06,0.06727481,0.9215222,0.988797,0.988797,0.0003538422,0.018810693,0.0006132113
2010-03-09,6.8241416e-06,0.067433886,0.9214024,0.9888363,0.9888363,0.00033418217,0.01828065,0.0006112789
2010-03-10,6.961182e-06,0.06678354,0.9219892,0.98877275,0.98877275,0.00031635328,0.017786322,0.00062002556
2010-03-11,6.7698647e-06,0.0677471,0.9211125,0.9888596,0.9888596,0.0003019998,0.017378142,0.00060768565
2010-03-12,6.828275e-06,0.06753971,0.9212789,0.9888186,0.9888186,0.00028494565,0.016880333,0.00061068084
2010-03-15,6.967905e-06,0.066721775,0.9220486,0.9887704,0.9887704,0.0002773529,0.016653916,0.0006204959
2010-03-16,7.161754e-06,0.065790705,0.9228847,0.9886754,0.9886754,0.00028461363,0.016870497,0.00063240767
2010-03-17,6.6241055e-06,0.06867126,0.9202299,0.98890114,0.98890114,0.00030552046,0.017479144,0.0005968275
2010-03-18,6.9257535e-06,0.0668645,0.9219323,0.9887968,0.9887968,0.00030262177,0.017396027,0.0006181926
2010-03-19,6.9161238e-06,0.067131355,0.9216465,0.9887778,0.9887778,0.00029143508,0.017071469,0.0006162904
2010-03-22,7.398139e-06,0.064593665,0.924017,0.9886107,0.9886107,0.00029950333,0.017306164,0.0006495684
2010-03-23,6.9560683e-06,0.067035474,0.92172426,0.98875976,0.98875976,0.00028713275,0.016944991,0.00061885384
2010-03-24,7.1110744e-06,0.06585862,0.92287457,0.9887332,0.9887332,0.00027574637,0.016605612,0.00063115143
2010-03-25,7.2001612e-06,0.0657348,0.9229116,0.9886464,0.9886464,0.0002789526,0.016701873,0.00063417363
2010-03-26,7.1316495e-06,0.06607012,0.9226232,0.98869336,0.98869336,0.00026474838,0.01627109,0.0006307486
2010-03-29,7.035424e-06,0.06641315,0.92232424,0.9887374,0.9887374,0.00025448704,0.01595265,0.00062467164
2010-03-30,6.801265e-06,0.0676286,0.9212013,0.9888299,0.9888299,0.000288483,0.016984787,0.0006088819
2010-03-31,7.0963088e-06,0.0659182,0.92282796,0.98874617,0.98874617,0.00027287734,0.016518999,0.00063056813
2010-04-01,6.6877237e-06,0.06828248,0.9206017,0.9888842,0.9888842,0.00027685272,0.016638892,0.00060164183
2010-04-05,6.9032676e-06,0.06695159,0.9218668,0.98881835,0.98881835,0.0002729691,0.016521776,0.00061737455
2010-04-06,6.8254026e-06,0.067573465,0.92123985,0.98881334,0.98881334,0.00028578716,0.01690524,0.0006101377
2010-04-07,6.6899943e-06,0.06830988,0.92057145,0.98888135,0.98888135,0.00027046085,0.016445694,0.0006016912
2010-04-08,7.0384663e-06,0.066366345,0.92237544,0.98874176,0.98874176,0.0002644755,0.016262703,0.0006251833
2010-04-09,7.0073756e-06,0.06655541,0.9221915,0.9887469,0.9887469,0.00025334177,0.015916714,0.0006227052
2010-04-12,7.247835e-06,0.065112785,0.9235754,0.9886882,0.9886882,0.00024284332,0.015583431,0.0006407306
2010-04-13,7.0633564e-06,0.06623129,0.9224947,0.988726,0.988726,0.00023480658,0.0153234,0.00062651845
2010-04-14,7.0234737e-06,0.066312276,0.9224589,0.98877114,0.98877114,0.00022456935,0.014985638,0.00062548416
2010-04-15,7.0834903e-06,0.066083536,0.92264557,0.9887291,0.9887291,0.00024296521,0.015587341,0.0006284771
2010-04-16,6.877568e-06,0.06726456,0.92153174,0.9887963,0.9887963,0.00023235969,0.015243349,0.00061386544
2010-04-19,7.359598e-06,0.06483385,0.92377484,0.9886087,0.9886087,0.0002705633,0.016448809,0.00064607285
2010-04-20,7.2734715e-06,0.065478064,0.9231855,0.9886636,0.9886636,0.00028861294,0.016988613,0.00064160407
2010-04-21,7.024843e-06,0.06685675,0.92183805,0.9886948,0.9886948,0.00031149524,0.017649228,0.00062138087
2010-04-22,7.42125e-06,0.06447925,0.9240892,0.9885684,0.9885684,0.0002945956,0.017163787,0.00064918876
2010-04-23,7.4203567e-06,0.064446874,0.9241259,0.9885728,0.9885728,0.00027965388,0.016722854,0.0006493578
2010-04-26,7.161834e-06,0.06589847,0.92274004,0.9886385,0.9886385,0.00028358237,0.016839905,0.000630361
2010-04-27,7.4043564e-06,0.06458286,0.9239983,0.9885812,0.9885812,0.00027696192,0.016642174,0.0006484345
2010-04-28,7.3004744e-06,0.0651528,0.923457,0.98860985,0.98860985,0.00029278907,0.01711108,0.0006409463
2010-04-29,7.483593e-06,0.06412822,0.9244298,0.988558,0.988558,0.00028316764,0.016827585,0.00065404555
2010-04-30,6.872685e-06,0.06744386,0.92134124,0.9887851,0.9887851,0.0003029501,0.017405462,0.00061281666
2010-05-03,7.104825e-06,0.06601046,0.92269087,0.98870134,0.98870134,0.00029445702,0.01715975,0.00062882033
2010-05-04,7.0762717e-06,0.066212855,0.9224906,0.9887034,0.9887034,0.000278801,0.016697334,0.00062640884
2010-05-05,6.953675e-06,0.06765728,0.9210731,0.9887304,0.9887304,0.0003760567,0.019392181,0.00061702786
2010-05-06,7.212156e-06,0.066385254,0.9222547,0.98863995,0.98863995,0.00043288016,0.020805772,0.00063487014
2010-05-07,7.2948383e-06,0.06615448,0.9224461,0.98860055,0.98860055,0.0004956414,0.022263005,0.0006399291
2010-05-10,7.681044e-06,0.06397362,0.9244926,0.9884662,0.9884662,0.00051101565,0.022605656,0.00066595967
2010-05-11,7.4758955e-06,0.06473038,0.92372197,0.9884524,0.9884524,0.0005111103,0.02260775,0.0006473968
2010-05-12,7.718214e-06,0.06348853,0.9249106,0.98839915,0.98839915,0.00048181717,0.021950334,0.0006653144
2010-05-13,7.868893e-06,0.06268721,0.92566335,0.9883506,0.9883506,0.00045934293,0.021432288,0.00067547447
2010-05-14,7.72116e-06,0.06345737,0.9249755,0.9884329,0.9884329,0.00045096935,0.02123604,0.0006675095
2010-05-17,7.2880093e-06,0.066269934,0.9223403,0.9886102,0.9886102,0.0005187185,0.022775393,0.00063987204
2010-05-18,7.335018e-06,0.06595766,0.92265874,0.9886164,0.9886164,0.0005173198,0.022744665,0.00064434996
2010-05-19,7.4877908e-06,0.064895235,0.923673,0.9885682,0.9885682,0.00049103715,0.022159358,0.0006549959
2010-05-20,7.372117e-06,0.06558976,0.9230066,0.9885964,0.9885964,0.00046367644,0.021533147,0.0006464716
2010-05-21,7.3873716e-06,0.06577519,0.9227661,0.9885413,0.9885413,0.00048394536,0.021998757,0.0006446957
2010-05-24,7.611741e-06,0.06431352,0.92417693,0.98849046,0.98849046,0.00050993654,0.022581775,0.000661342
2010-05-25,7.718081e-06,0.063503355,0.92497385,0.98847723,0.98847723,0.00047919064,0.021890424,0.00066981127
2010-05-26,7.647401e-06,0.06425502,0.92419386,0.98844886,0.98844886,0.00047963866,0.021900654,0.0006620472
2010-05-27,7.4897794e-06,0.06449171,0.92401826,0.98850995,0.98850995,0.0005492726,0.023436565,0.0006518493
2010-05-28,7.2347175e-06,0.065836355,0.9227153,0.9885517,0.9885517,0.00062553457,0.025010688,0.00063194556
2010-06-01,7.796511e-06,0.06338635,0.92495966,0.988346,0.988346,0.00058869,0.024262935,0.00066899764
2010-06-02,7.675709e-06,0.06419172,0.9241955,0.9883872,0.9883872,0.00057569833,0.023993714,0.0006609712
2010-06-03,7.4663267e-06,0.06461337,0.9238666,0.98848003,0.98848,0.0005405711,0.023250185,0.0006481204
2010-06-04,7.383746e-06,0.06512811,0.9233516,0.9884797,0.9884797,0.0005425541,0.02329279,0.000640932
2010-06-07,7.327156e-06,0.06612532,0.9223687,0.98849404,0.98849404,0.000626963,0.02503923,0.0006368139
2010-06-08,7.7748955e-06,0.06345825,0.9248829,0.98834115,0.98834115,0.0005857162,0.024201574,0.00066686654
2010-06-09,7.672242e-06,0.06407268,0.9242862,0.98835886,0.98835886,0.0005529979,0.023515908,0.00065906247
2010-06-10,7.509598e-06,0.06447233,0.92397445,0.9884468,0.9884468,0.0005861513,0.024210563,0.00065
2010-06-11,7.794724e-06,0.063036725,0.92532086,0.9883576,0.9883576,0.0005625464,0.02371806,0.000669512
2010-06-14,7.830856e-06,0.06292517,0.9254219,0.98834705,0.98834705,0.00056173024,0.023700848,0.0006720065
2010-06-15,7.576706e-06,0.06409707,0.9243325,0.98842955,0.98842955,0.0005475182,0.023399107,0.0006548322
2010-06-16,7.336896e-06,0.065500475,0.9229842,0.9884847,0.9884847,0.0005496707,0.023445057,0.0006371422
2010-06-17,7.437163e-06,0.0648269,0.9236573,0.9884842,0.9884842,0.00052022416,0.022808423,0.0006458227
2010-06-18,7.670948e-06,0.063547485,0.9248741,0.9884216,0.9884216,0.0004967186,0.022287184,0.0006625234
2010-06-21,7.4137824e-06,0.06485653,0.92365015,0.9885067,0.9885067,0.00046855424,0.021646114,0.0006450511
2010-06-22,7.4813133e-06,0.064346716,0.9241758,0.9885225,0.9885225,0.00044436543,0.021079978,0.000651826
2010-06-23,7.388116e-06,0.06513753,0.923359,0.9884965,0.9884965,0.00042238296,0.020551957,0.00064224843
2010-06-24,7.54993e-06,0.06415466,0.92431414,0.9884688,0.9884688,0.0004059228,0.020147527,0.0006547408
2010-06-25,7.625222e-06,0.063727394,0.92471755,0.9884449,0.9884449,0.00038297093,0.019569643,0.0006599024
2010-06-28,7.1491777e-06,0.066139884,0.9224735,0.98861337,0.98861337,0.00041917496,0.020473763,0.00062785705
2010-06-29,7.458489e-06,0.06459654,0.9239069,0.98850346,0.98850346,0.00039806368,0.019951534,0.00064875925
2010-06-30,7.245981e-06,0.066066176,0.92251754,0.98858374,0.9885837,0.0004341605,0.02083652,0.0006347073
2010-07-01,7.8308685e-06,0.06287624,0.9255205,0.9883967,0.9883967,0.00040900463,0.020223863,0.00067488314
2010-07-02,7.741365e-06,0.06332756,0.92508584,0.9884134,0.9884134,0.00046930206,0.02166338,0.0006681305
2010-07-06,7.570207e-06,0.06427488,0.9242326,0.9885075,0.9885075,0.00045012162,0.02121607,0.000658709
2010-07-07,7.829434e-06,0.06289659,0.9254975,0.9883941,0.9883941,0.00042397578,0.020590672,0.00067460706
2010-07-08,7.568924e-06,0.06397723,0.9244877,0.98846495,0.98846495,0.0004508907,0.021234186,0.0006561675
2010-07-09,7.741029e-06,0.06313649,0.9252769,0.9884134,0.98841333,0.00044534556,0.021103213,0.0006681015
2010-07-12,7.717522e-06,0.06321184,0.92522496,0.9884368,0.9884368,0.00042420143,0.02059615,0.00066742196
2010-07-13,7.6114484e-06,0.063901715,0.9245541,0.98845583,0.98845583,0.0004150621,0.020373072,0.0006593328
2010-07-14,7.249721e-06,0.065764,0.92279047,0.9885545,0.9885545,0.0004439653,0.021070484,0.0006334111
2010-07-15,7.677253e-06,0.06344865,0.92499346,0.9884421,0.9884421,0.000417119,0.020423492,0.00066424423
2010-07-16,7.730154e-06,0.063238345,0.92517275,0.98841107,0.98841107,0.00039557458,0.019889057,0.00066702906
2010-07-19,7.775737e-06,0.06303805,0.9253509,0.98838896,0.98838896,0.00037798984,0.01944196,0.00066968455
2010-07-20,7.749705e-06,0.063014485,0.92541015,0.98842466,0.98842466,0.00036038746,0.018983874,0.00066950126
2010-07-21,7.513944e-06,0.06435739,0.9241309,0.9884883,0.9884883,0.00034951977,0.018695448,0.0006527233
2010-07-22,7.607279e-06,0.063814364,0.9246514,0.9884657,0.9884657,0.00033927622,0.018419452,0.00065953686
2010-07-23,7.0098563e-06,0.06688229,0.92177796,0.9886603,0.9886603,0.00039915837,0.019978948,0.00061816815
2010-07-26,7.6293823e-06,0.06370897,0.92474085,0.9884498,0.9884498,0.0003761714,0.019395139,0.0006605418
2010-07-27,7.834206e-06,0.062703624,0.92567724,0.98838085,0.98838085,0.00035549406,0.018854551,0.0006742495
2010-07-28,7.719771e-06,0.06340132,0.9249955,0.9883968,0.9883968,0.00035991383,0.018971395,0.0006653153
2010-07-29,7.857113e-06,0.062639706,0.92572236,0.9883621,0.9883621,0.00034360526,0.018536592,0.00067513
2010-07-30,7.604179e-06,0.06391192,0.92451835,0.98843026,0.98843026,0.00034490463,0.018571608,0.00065724726
2010-08-02,7.840319e-06,0.06274353,0.92561686,0.9883604,0.9883604,0.00032984617,0.018161668,0.00067359034
2010-08-03,6.912849e-06,0.067389674,0.9213202,0.98870987,0.98870987,0.00036806884,0.01918512,0.0006122912
2010-08-04,7.0919805e-06,0.06622606,0.9224599,0.98868597,0.98868597,0.00036024576,0.018980142,0.0006268304
2010-08-05,7.4412415e-06,0.064546585,0.9239862,0.9885328,0.9885328,0.00033950087,0.018425548,0.00064891425
2010-08-06,7.404811e-06,0.06463698,0.9239199,0.9885569,0.9885569,0.00032333046,0.017981391,0.0006470996
2010-08-09,7.359453e-06,0.0650082,0.92354226,0.9885505,0.9885505,0.000323396,0.017983215,0.00064277416
2010-08-10,7.367891e-06,0.06472206,0.9238707,0.98859274,0.98859274,0.00031175007,0.017656446,0.00064589514
2010-08-11,7.520685e-06,0.06411553,0.92439103,0.98850656,0.98850656,0.00031083217,0.017630434,0.0006543456
2010-08-12,7.450724e-06,0.06487144,0.923651,0.9885224,0.9885224,0.00034663646,0.018618176,0.00064915407
2010-08-13,7.545134e-06,0.06455345,0.9239529,0.9885063,0.9885063,0.00038560593,0.01963685,0.0006564592
2010-08-16,7.856611e-06,0.062657855,0.9257228,0.9883806,0.9883806,0.00036535785,0.019114336,0.0006761639
2010-08-17,7.7305895e-06,0.063250504,0.92520237,0.98845285,0.98845285,0.00034638823,0.018611507,0.0006694804
2010-08-18,7.4351437e-06,0.06468938,0.9238346,0.988524,0.988524,0.00033111832,0.018196657,0.0006478875
2010-08-19,7.730818e-06,0.06310418,0.92532825,0.9884324,0.9884324,0.0003148668,0.017744487,0.0006683169
2010-08-20,7.4343875e-06,0.06467762,0.9239019,0.9885795,0.9885795,0.00031050443,0.017621135,0.00065096933
2010-08-23,7.5269045e-06,0.06437819,0.92415905,0.98853725,0.98853725,0.00030584793,0.01748851,0.0006566405
2010-08-24,7.481997e-06,0.064575456,0.9239733,0.98854876,0.98854876,0.00029188712,0.017084705,0.0006533785
2010-08-25,7.5208486e-06,0.06456568,0.9239626,0.98852825,0.98852825,0.00030445532,0.017448649,0.0006555974
2010-08-26,7.386065e-06,0.06487882,0.9237209,0.9885997,0.9885997,0.0002982951,0.017271223,0.0006478844
2010-08-27,7.3353594e-06,0.06490202,0.92370856,0.98861057,0.98861057,0.00029118,0.017063998,0.0006440495
2010-08-30,7.1685135e-06,0.06581504,0.9228508,0.9886658,0.9886658,0.0003141065,0.01772305,0.0006324686
2010-08-31,7.5867533e-06,0.06379855,0.924721,0.98851955,0.98851955,0.0002998315,0.017315643,0.00066084106
2010-09-01,7.5754356e-06,0.06457802,0.9238799,0.9884579,0.9884579,0.0003777689,0.019436277,0.00065633183
2010-09-02,7.688133e-06,0.06345471,0.92497075,0.98842543,0.98842543,0.00040385994,0.020096267,0.0006642265
2010-09-03,7.702709e-06,0.06331708,0.92509884,0.9884159,0.9884159,0.00039489957,0.01987208,0.0006649379
2010-09-07,7.70878e-06,0.06334113,0.92510015,0.9884413,0.9884413,0.00037519255,0.019369887,0.0006669238
2010-09-08,7.684634e-06,0.06351769,0.92490685,0.98842454,0.98842454,0.00035799088,0.018920647,0.0006638728
2010-09-09,7.5322973e-06,0.06396249,0.924557,0.98851943,0.98851943,0.00034242275,0.018504668,0.0006560909
2010-09-10,7.523784e-06,0.06410714,0.9244231,0.9885302,0.9885302,0.00032633223,0.018064668,0.00065596576
2010-09-13,7.2794032e-06,0.065292746,0.9232999,0.9885926,0.9885926,0.00036296155,0.01905155,0.0006381313
2010-09-14,7.5870375e-06,0.0638526,0.9246141,0.9884667,0.9884667,0.00034816467,0.01865917,0.0006578364
2010-09-15,7.51553e-06,0.064253815,0.9242374,0.9884912,0.9884912,0.000331301,0.018201675,0.00065302337
2010-09-16,7.65482e-06,0.063446574,0.92501247,0.98845905,0.98845905,0.0003207283,0.017908888,0.0006632748
2010-09-17,7.665773e-06,0.06350568,0.9249691,0.9884747,0.9884747,0.0003284491,0.018123165,0.00066512724
2010-09-20,7.653094e-06,0.06343496,0.9250309,0.98846585,0.98846585,0.00032142008,0.017928192,0.0006635158
2010-09-21,7.2594817e-06,0.06528311,0.9233392,0.9886223,0.9886223,0.000321057,0.017918063,0.0006380452
2010-09-22,7.454866e-06,0.06453357,0.9240231,0.9885567,0.9885567,0.0003255679,0.0180435,0.00065146026
2010-09-23,7.814712e-06,0.06275728,0.9256332,0.98839045,0.98839045,0.00032443457,0.018012067,0.00067312765
2010-09-24,7.594031e-06,0.063772015,0.9246988,0.98847085,0.98847085,0.00031040635,0.017618353,0.00065868103
2010-09-27,7.2682606e-06,0.06522028,0.9234045,0.9886248,0.9886248,0.00031313577,0.017695643,0.00063895737
2010-09-28,7.400711e-06,0.06456177,0.9240154,0.9885772,0.9885772,0.0002964208,0.017216876,0.0006478887
2010-09-29,7.310696e-06,0.06510898,0.9234952,0.9886041,0.9886041,0.00028271903,0.01681425,0.0006415215
2010-09-30,6.9010766e-06,0.06738793,0.921336,0.98872393,0.98872393,0.00029870772,0.017283162,0.000612011
2010-10-01,6.8927875e-06,0.0671886,0.9215845,0.9887731,0.9887731,0.00032943793,0.018150425,0.0006139533
2010-10-04,6.90821e-06,0.06707112,0.92170715,0.9887783,0.9887783,0.0003365579,0.018345514,0.0006156113
2010-10-05,7.185231e-06,0.065647215,0.9230138,0.988661,0.98866105,0.00031728504,0.017812496,0.0006336736
2010-10-06,6.8401496e-06,0.06740829,0.92140734,0.9888156,0.98881567,0.00031726464,0.017811924,0.0006115798
2010-10-07,6.9872467e-06,0.06667649,0.92206407,0.98874056,0.98874056,0.00030065922,0.017339528,0.00062056805
2010-10-08,6.7468263e-06,0.06820938,0.9206054,0.9888148,0.98881483,0.00030869016,0.017569581,0.00060319074
2010-10-11,6.991848e-06,0.066693075,0.92203534,0.9887284,0.9887284,0.00030044367,0.017333312,0.0006203068
2010-10-12,7.2950425e-06,0.06511267,0.9235021,0.98861474,0.98861474,0.00028617622,0.016916744,0.00064074434
2010-10-13,7.306762e-06,0.06497264,0.9236565,0.98862916,0.98862916,0.00027461545,0.016571525,0.00064258784
2010-10-14,7.001371e-06,0.06679722,0.9218918,0.988689,0.988689,0.00027766536,0.016663294,0.0006189881
2010-10-15,7.2354273e-06,0.06539895,0.92323935,0.9886383,0.9886383,0.000264102,0.016251216,0.0006368251
2010-10-18,7.0964943e-06,0.06611212,0.92258054,0.98869264,0.98869264,0.00027180006,0.01648636,0.00062759966
2010-10-19,6.827686e-06,0.06745552,0.92136574,0.98882127,0.98882127,0.00028995398,0.017028036,0.0006107746
2010-10-20,7.1089125e-06,0.066530555,0.92220235,0.98873293,0.98873293,0.00040702673,0.020174904,0.0006309462
2010-10-21,6.915614e-06,0.06747745,0.9212149,0.98869234,0.98869234,0.00043478253,0.020851439,0.00061158685
2010-10-22,7.2162006e-06,0.06586951,0.92277336,0.9886429,0.9886429,0.000422924,0.020565117,0.00063538953
2010-10-25,7.3629944e-06,0.064903125,0.9236517,0.98855484,0.98855484,0.00040982632,0.020244168,0.00064332795
2010-10-26,7.5653884e-06,0.06391634,0.92456275,0.9884791,0.9884791,0.00039222342,0.01980463,0.0006566652
2010-10-27,7.2346515e-06,0.06541251,0.92322516,0.9886377,0.9886377,0.00037020154,0.019240621,0.0006367234
2010-10-28,7.259812e-06,0.06527354,0.9233566,0.9886301,0.9886301,0.00035284727,0.018784229,0.00063851237
2010-10-29,6.643263e-06,0.06856614,0.92033035,0.9888965,0.9888965,0.00033353473,0.018262934,0.0005983029
2010-11-01,7.58969e-06,0.06409374,0.924333,0.98842674,0.9884267,0.00031967222,0.01787938,0.0006557956
2010-11-02,6.9936295e-06,0.06670261,0.9220301,0.9887327,0.9887327,0.00032443446,0.018012064,0.00062070123
2010-11-03,7.0796323e-06,0.06610753,0.9226144,0.9887219,0.9887219,0.00031442373,0.017731998,0.0006277331
2010-11-04,7.007002e-06,0.06653328,0.92220557,0.98873883,0.98873883,0.00030268644,0.017397886,0.0006222271
2010-11-05,6.9555267e-06,0.06681683,0.9219405,0.9887573,0.9887573,0.00031491162,0.01774575,0.0006186712
2010-11-08,7.1187837e-06,0.06588298,0.9228303,0.98871326,0.98871326,0.00029830966,0.017271644,0.0006307212
2010-11-09,7.0352426e-06,0.06638958,0.9223423,0.98873186,0.98873186,0.00028272017,0.016814284,0.00062434823
2010-11-10,7.229451e-06,0.06538263,0.92326987,0.98865247,0.98865247,0.00026894407,0.016399514,0.00063709455
2010-11-11,6.7522683e-06,0.06782446,0.9210368,0.98886126,0.98886126,0.000265353,0.016289659,0.00060619693
2010-11-12,7.0065903e-06,0.06647361,0.9222808,0.9887544,0.9887544,0.000251156,0.0158479,0.00062305125
2010-11-15,7.098418e-06,0.06615865,0.9225358,0.9886944,0.9886944,0.00031628014,0.017784268,0.00062786904
2010-11-16,7.4770605e-06,0.06416158,0.92439604,0.98855764,0.98855764,0.00029889302,0.017288523,0.0006534542
2010-11-17,7.313288e-06,0.06518067,0.92341846,0.9885991,0.9885991,0.00034300622,0.018520428,0.00064146705
2010-11-18,7.690519e-06,0.06328947,0.9251516,0.98844105,0.98844105,0.0003603042,0.01898168,0.0006653302
2010-11-19,7.1889704e-06,0.06593858,0.9226447,0.98858327,0.98858327,0.0003596163,0.018963551,0.00062968716
2010-11-22,7.551139e-06,0.06384136,0.9246821,0.9885234,0.9885234,0.00034026406,0.018446248,0.00065796095
2010-11-23,7.572999e-06,0.063693695,0.92482775,0.98852146,0.98852146,0.00032261197,0.017961401,0.00065975264
2010-11-24,7.533722e-06,0.063933186,0.924592,0.9885252,0.9885252,0.00030842223,0.017561954,0.0006565456
2010-11-26,6.7706837e-06,0.06802692,0.92076075,0.98878765,0.98878765,0.00035565248,0.018858751,0.00060385955
2010-11-29,7.492175e-06,0.06407974,0.9244741,0.9885539,0.9885539,0.0003343809,0.018286085,0.00065456034
2010-11-30,6.665045e-06,0.06838377,0.9205052,0.988889,0.988889,0.00035054344,0.018722806,0.00059985893
2010-12-01,7.3619212e-06,0.064734906,0.92386746,0.98860234,0.9886024,0.00035485567,0.018837614,0.00064591516
2010-12-02,6.9710954e-06,0.06690436,0.921807,0.98871136,0.98871136,0.00039608125,0.01990179,0.00061753177
2010-12-03,6.9896455e-06,0.06681915,0.9218844,0.98870355,0.98870355,0.00038532278,0.01962964,0.000618747
2010-12-06,7.3115584e-06,0.06493624,0.9236883,0.9886245,0.9886245,0.00037384452,0.01933506,0.00064274686
2010-12-07,7.413127e-06,0.064469,0.92411184,0.9885808,0.9885808,0.00035285926,0.01878455,0.00064918224
2010-12-08,7.141251e-06,0.065783724,0.92291206,0.9886958,0.9886958,0.00033760816,0.018374117,0.0006317343
2010-12-09,7.4109175e-06,0.06444663,0.92414236,0.988589,0.988589,0.00032028527,0.017896516,0.0006494532
2010-12-10,6.992572e-06,0.06660982,0.922136,0.9887458,0.9887458,0.0003034394,0.017419511,0.00062133046
2010-12-13,7.249932e-06,0.06520953,0.9234521,0.9886616,0.9886616,0.00028990605,0.017026627,0.0006394133
2010-12-14,7.2214893e-06,0.06536082,0.9233104,0.98867124,0.98867124,0.00028031558,0.016742628,0.00063744764
2010-12-15,6.9550947e-06,0.06678661,0.92198205,0.98876864,0.98876864,0.0002670696,0.016342264,0.0006192565
2010-12-16,6.9559833e-06,0.06665643,0.9221412,0.9887976,0.9887976,0.00025405682,0.01593916,0.00062093715
2010-12-17,6.9601924e-06,0.06677446,0.9219887,0.98876315,0.9887632,0.00024882666,0.01577424,0.000619408
2010-12-20,6.9918347e-06,0.06639195,0.9224071,0.98879904,0.98879904,0.00023714927,0.015399652,0.0006242172
2010-12-21,6.7350916e-06,0.06791993,0.9209533,0.9888732,0.9888732,0.00023076171,0.015190843,0.0006053027
2010-12-22,6.6831763e-06,0.06813933,0.9207695,0.9889088,0.9889088,0.00022757938,0.015085734,0.00060256716
2010-12-23,6.8528543e-06,0.06711046,0.92175186,0.98886234,0.98886234,0.00021964978,0.014820586,0.00061528647
2010-12-27,6.7761925e-06,0.06753436,0.92135644,0.9888908,0.98889077,0.00021755608,0.014749782,0.0006099637
2010-12-28,7.0472975e-06,0.06605127,0.9227382,0.98878944,0.98878944,0.00020951596,0.014474666,0.0006286302
2010-12-29,6.9034454e-06,0.06674879,0.92211294,0.98886174,0.98886174,0.00020211523,0.014216724,0.00061979564
2010-12-30,7.0739634e-06,0.065897845,0.92288417,0.988782,0.988782,0.00019450528,0.013946515,0.0006305898
2010-12-31,7.1136164e-06,0.06578114,0.922963,0.98874414,0.98874414,0.00020021654,0.01414979,0.00063199224
2011-01-03,6.7362444e-06,0.06794256,0.9209213,0.9888639,0.9888639,0.00021037963,0.014504469,0.00060490076
2011-01-04,7.1350382e-06,0.06552189,0.9232476,0.9887695,0.9887695,0.00020065774,0.014165372,0.00063532527
2011-01-05,7.128485e-06,0.06591254,0.9227876,0.98870015,0.98870015,0.00023084856,0.015193701,0.0006308478
2011-01-06,6.872697e-06,0.06704555,0.9217917,0.98883724,0.98883724,0.00022674701,0.015058121,0.00061568094
2011-01-07,7.209585e-06,0.065398335,0.92328084,0.9886792,0.9886792,0.00024754484,0.015733559,0.00063684245
2011-01-10,7.269374e-06,0.06514788,0.923504,0.9886519,0.9886519,0.00023692007,0.015392208,0.0006405791
2011-01-11,6.94173e-06,0.06680503,0.92197615,0.98878115,0.98878115,0.00023798415,0.015426734,0.00061875617
2011-01-12,6.92853e-06,0.066850096,0.9219407,0.98879075,0.98879075,0.0002541261,0.015941333,0.0006181083
2011-01-13,7.244549e-06,0.06514783,0.9235341,0.9886819,0.9886819,0.0002454533,0.015666949,0.00064008596
2011-01-14,6.976819e-06,0.06659162,0.92218316,0.9887748,0.9887748,0.00023573045,0.015353516,0.0006215305
2011-01-18,6.833101e-06,0.06732724,0.9215172,0.98884445,0.98884445,0.00022447469,0.01498248,0.0006125295
2011-01-19,6.936339e-06,0.06668818,0.9221312,0.98881936,0.98881936,0.00021395639,0.014627248,0.0006203884
2011-01-20,7.078197e-06,0.065864585,0.9229184,0.98878294,0.98878294,0.00020658915,0.014373209,0.0006310208
2011-01-21,7.054861e-06,0.06630964,0.92243594,0.98874557,0.98874557,0.00023107523,0.015201159,0.0006268519
2011-01-24,7.056266e-06,0.06620876,0.9225277,0.98873645,0.98873645,0.00022064535,0.014854136,0.00062646915
2011-01-25,6.9375574e-06,0.06698669,0.9217766,0.9887633,0.9887633,0.00022405473,0.014968458,0.00061740016
2011-01-26,6.9390067e-06,0.06697802,0.9218109,0.98878896,0.98878896,0.0002390489,0.015461206,0.0006189442
2011-01-27,6.5781514e-06,0.06892925,0.9199868,0.98891604,0.98891604,0.00023844553,0.015441681,0.00059348386
2011-01-28,6.9076846e-06,0.06720518,0.9215775,0.9887827,0.9887827,0.00025291293,0.015903236,0.00061580655
2011-01-31,6.7596256e-06,0.067907125,0.92092645,0.98883355,0.98883355,0.0003588674,0.018943796,0.0006053512
2011-02-01,7.158967e-06,0.065844186,0.92281055,0.98865473,0.98865473,0.0004032019,0.020079888,0.0006310091
2011-02-02,7.1659133e-06,0.06571749,0.9229516,0.98866904,0.98866904,0.0003955945,0.019889558,0.0006324188
2011-02-03,7.4518207e-06,0.06418937,0.92439973,0.9885891,0.9885891,0.00037231774,0.019295536,0.00065304455
2011-02-04,7.2097387e-06,0.06541805,0.9232569,0.98867494,0.98867494,0.00035253278,0.018775856,0.00063661806
2011-02-07,7.1785066e-06,0.06571538,0.9229759,0.9886913,0.9886913,0.00035172002,0.018754201,0.0006347757
2011-02-08,6.867347e-06,0.067315735,0.92149085,0.9888066,0.9888066,0.0003526321,0.018778501,0.0006135178
2011-02-09,6.7497695e-06,0.06770723,0.92118937,0.9888966,0.9888966,0.00033459798,0.01829202,0.0006079016
2011-02-10,6.938389e-06,0.06675685,0.9220445,0.98880136,0.98880136,0.0003155423,0.01776351,0.0006195743
2011-02-11,6.9267926e-06,0.06709947,0.9216751,0.98877454,0.98877454,0.00029788242,0.01725927,0.0006170608
2011-02-14,6.9337907e-06,0.066784814,0.9220257,0.9888105,0.9888105,0.00029386368,0.017142452,0.0006196683
2011-02-15,6.6383736e-06,0.068364404,0.9205736,0.988938,0.988938,0.00028363062,0.016841337,0.0006001047
2011-02-16,6.911571e-06,0.066779815,0.9220661,0.9888459,0.9888459,0.00027022915,0.016438648,0.00061964313
2011-02-17,6.572507e-06,0.06880298,0.9201449,0.9889479,0.98894787,0.0002600157,0.016125001,0.0005946855
2011-02-18,6.9905536e-06,0.06647835,0.92231745,0.9887958,0.9887958,0.0002628981,0.016214132,0.00062392355
2011-02-22,6.8808504e-06,0.06682755,0.92204875,0.9888763,0.9888763,0.0002497572,0.015803708,0.00061857473
2011-02-23,6.28328e-06,0.071452126,0.91751146,0.9889636,0.9889636,0.000684344,0.026159968,0.00056932354
2011-02-24,6.212857e-06,0.07146541,0.9175548,0.9890202,0.9890202,0.0007922785,0.028147442,0.00056584575
2011-02-25,6.9340917e-06,0.06698324,0.9217679,0.9887511,0.9887511,0.000738497,0.027175302,0.0006164247
2011-02-28,6.9793614e-06,0.06684422,0.92187107,0.9887153,0.9887153,0.00068999693,0.026267793,0.0006184795
2011-03-01,7.3475653e-06,0.064843394,0.9237531,0.9885965,0.9885965,0.00064920075,0.025479417,0.0006443254
2011-03-02,5.418818e-06,0.07712189,0.9122851,0.989407,0.989407,0.0006537032,0.02556762,0.0005115472
2011-03-03,6.5001154e-06,0.06917495,0.9198225,0.98899746,0.98899746,0.0006520242,0.025534764,0.00059078314
2011-03-04,6.8639724e-06,0.06719701,0.9216303,0.98882735,0.98882735,0.00060703384,0.024638057,0.0006143548
2011-03-07,6.7162846e-06,0.06806447,0.92081386,0.9888783,0.9888783,0.00060533034,0.024603462,0.0006038906
2011-03-08,7.0533324e-06,0.06613862,0.92262185,0.9887605,0.9887605,0.0005702332,0.023879556,0.000627547
2011-03-09,6.8284e-06,0.06749358,0.92133147,0.988825,0.988825,0.0005343461,0.023115927,0.00061104377
2011-03-10,6.512023e-06,0.069226295,0.91974163,0.98896796,0.9889679,0.0005018606,0.022402246,0.0005902825
2011-03-11,6.8378254e-06,0.06734995,0.9214776,0.9888276,0.9888276,0.0004868593,0.022064889,0.0006120276
2011-03-14,7.1712407e-06,0.06557136,0.9231317,0.9887031,0.9887031,0.00047133045,0.021710146,0.00063479564
2011-03-15,7.085302e-06,0.06608646,0.92263484,0.9887213,0.9887213,0.00044227156,0.021030253,0.00062820263
2011-03-16,6.7926553e-06,0.06810948,0.92072546,0.988835,0.988835,0.00052446825,0.022901272,0.00060838705
2011-03-17,7.0365945e-06,0.066496335,0.9222059,0.98870224,0.98870224,0.0004939997,0.022226105,0.0006228308
2011-03-18,6.726539e-06,0.06840047,0.9203819,0.98878235,0.9887824,0.0005406953,0.023252856,0.0005996387
2011-03-21,7.3885244e-06,0.064613365,0.9239724,0.98858577,0.98858577,0.00050530676,0.02247903,0.0006473082
2011-03-22,7.1440054e-06,0.06589237,0.92277944,0.98867184,0.9886718,0.00048381847,0.021995874,0.00063064124
2011-03-23,6.8162685e-06,0.06749506,0.92135036,0.9888454,0.9888454,0.0004703644,0.021687886,0.0006110729
2011-03-24,7.2378607e-06,0.06524946,0.92341995,0.9886694,0.9886694,0.00045844808,0.0214114,0.00063878857
2011-03-25,6.959009e-06,0.06665349,0.92213273,0.9887862,0.9887862,0.00043075727,0.020754693,0.0006205766
2011-03-28,7.2263038e-06,0.06521809,0.92347807,0.98869616,0.98869616,0.0004044779,0.020111635,0.00063927856
2011-03-29,7.2709313e-06,0.06505241,0.92361003,0.9886624,0.9886624,0.00039317703,0.019828692,0.00064131257
2011-03-30,6.830028e-06,0.06732281,0.92152494,0.98884773,0.98884773,0.00037409342,0.019341495,0.000612434
2011-03-31,7.2066564e-06,0.065303266,0.9234039,0.9887072,0.9887072,0.0003533959,0.018798828,0.00063816295
2011-04-01,6.976432e-06,0.06654826,0.9222368,0.9887851,0.988785,0.0003680393,0.019184351,0.0006220675
2011-04-04,6.924048e-06,0.06676157,0.9220596,0.98882115,0.98882115,0.00035463768,0.018831827,0.0006193882
2011-04-05,6.8986087e-06,0.066867866,0.9219721,0.98884,0.98884,0.0003353708,0.018313132,0.000618154
2011-04-06,6.7855917e-06,0.067422,0.9214747,0.9888967,0.9888967,0.0003162393,0.017783118,0.0006111344
2011-04-07,6.874667e-06,0.06696937,0.92188597,0.98885536,0.98885536,0.00029942396,0.017303871,0.0006168587
2011-04-08,6.7611213e-06,0.067619465,0.92127717,0.9888966,0.9888966,0.00029454048,0.017162181,0.00060892396
2011-04-11,6.4172423e-06,0.069632076,0.91940784,0.9890399,0.9890399,0.00031109725,0.01763795,0.00058550935
2011-04-12,7.1621585e-06,0.06552534,0.92320365,0.988729,0.988729,0.00033956132,0.01842719,0.0006354501
2011-04-13,7.2215657e-06,0.06540854,0.92325187,0.9886604,0.9886604,0.00039727066,0.01993165,0.00063684455
2011-04-14,7.0706933e-06,0.066219434,0.9224898,0.9887093,0.9887093,0.0003780057,0.019442368,0.0006262389
2011-04-15,7.477642e-06,0.0641311,0.9244308,0.98856187,0.98856187,0.0003612062,0.019005425,0.0006537468
2011-04-18,7.1661507e-06,0.065676354,0.92300487,0.9886812,0.9886812,0.0003539525,0.018813625,0.00063311914
2011-04-19,7.261351e-06,0.06508746,0.92358345,0.9886709,0.9886709,0.00037067244,0.019252855,0.00064094603
2011-04-20,7.165502e-06,0.0656479,0.92304724,0.98869514,0.98869514,0.00035527552,0.018848754,0.0006338429
2011-04-21,7.1024656e-06,0.06608989,0.9226029,0.98869276,0.98869276,0.00039347244,0.019836139,0.00062813435
2011-04-25,7.37307e-06,0.06469395,0.9238931,0.988587,0.988587,0.00037361484,0.01932912,0.00064602506
2011-04-26,7.4034097e-06,0.0644431,0.9241565,0.9885996,0.9885996,0.00035256016,0.018776586,0.000649399
2011-04-27,7.0203705e-06,0.06635849,0.92240644,0.98876494,0.98876494,0.00033327204,0.01825574,0.00062486285
2011-04-28,6.9032394e-06,0.06686864,0.9219593,0.98882794,0.98882794,0.0003158683,0.017772684,0.0006179023
2011-04-29,7.2168846e-06,0.06541531,0.9232553,0.98867065,0.98867065,0.00029814904,0.017266992,0.00063700764
2011-05-02,7.1305467e-06,0.06591121,0.92278653,0.98869777,0.98869777,0.00028801875,0.016971115,0.0006308972
2011-05-03,7.1048207e-06,0.06604718,0.92267746,0.98872465,0.98872465,0.000273884,0.016549442,0.0006301197
2011-05-04,7.221564e-06,0.0654095,0.9232471,0.9886566,0.9886566,0.00029246975,0.017101746,0.0006366302
2011-05-05,7.266553e-06,0.06514252,0.923504,0.9886465,0.9886465,0.00029542335,0.017187884,0.000640028
2011-05-06,6.016216e-06,0.07501159,0.9141123,0.98912394,0.98912394,0.00081500877,0.028548358,0.0005531614
2011-05-09,7.604302e-06,0.064358175,0.92412746,0.98848563,0.98848563,0.0008050692,0.028373742,0.00066041865
2011-05-10,6.7099363e-06,0.068983264,0.9196964,0.98867965,0.98867965,0.0009361262,0.03059618,0.0005927321
2011-05-11,7.3566157e-06,0.06549481,0.9229215,0.9884163,0.9884163,0.0008786965,0.029642815,0.0006350842
2011-05-12,6.965484e-06,0.068522416,0.9201691,0.9886915,0.9886915,0.001026414,0.032037698,0.00061595166
2011-05-13,7.728295e-06,0.06368873,0.9246958,0.98838454,0.98838454,0.000955264,0.030907346,0.00066534587
2011-05-16,7.736963e-06,0.063298106,0.92506975,0.98836786,0.98836786,0.00089383876,0.029897137,0.00066513644
2011-05-17,7.4955283e-06,0.06484523,0.92368644,0.98853165,0.98853165,0.0008692127,0.029482413,0.0006535838
2011-05-18,7.4744044e-06,0.06517268,0.92328835,0.988461,0.988461,0.00081197964,0.028495256,0.0006477525
2011-05-19,7.507439e-06,0.0641992,0.92430305,0.98850226,0.98850226,0.00082452415,0.028714528,0.0006529493
2011-05-20,7.4123154e-06,0.06491661,0.92363095,0.98854756,0.98854756,0.0007880854,0.028072858,0.00064722606
2011-05-23,7.597333e-06,0.06394003,0.9245051,0.98844516,0.98844516,0.0007422955,0.0272451,0.0006575024
2011-05-24,7.762293e-06,0.06323807,0.92516774,0.9884058,0.9884058,0.00071548636,0.026748577,0.0006694993
2011-05-25,7.485587e-06,0.06459941,0.92387205,0.98847145,0.98847145,0.000692349,0.026312524,0.00064930855
2011-05-26,7.649612e-06,0.06362468,0.9247983,0.988423,0.988423,0.0006657613,0.025802352,0.0006607588
2011-05-27,7.60397e-06,0.06373002,0.9247439,0.9884739,0.9884739,0.0006311196,0.025122093,0.0006597171
2011-05-31,7.5630246e-06,0.064013824,0.924445,0.9884588,0.9884588,0.0005919419,0.024329856,0.0006553073
2011-06-01,7.26899e-06,0.06563807,0.92290086,0.9885389,0.9885389,0.0005817377,0.02411924,0.0006342326
2011-06-02,7.148385e-06,0.06639729,0.92222077,0.9886181,0.9886181,0.0005819134,0.02412288,0.00062804716
2011-06-03,7.692565e-06,0.063417375,0.9249883,0.9884057,0.9884057,0.0005438499,0.02332059,0.00066347845
2011-06-06,7.629368e-06,0.0637052,0.9247261,0.98843133,0.98843133,0.0005110094,0.022605518,0.0006594856
2011-06-07,7.657123e-06,0.06342289,0.92504334,0.9884662,0.98846626,0.000489945,0.0221347,0.00066388573
2011-06-08,7.430986e-06,0.06479232,0.9236996,0.98849195,0.98849195,0.00046089804,0.021468537,0.0006457208
2011-06-09,7.5606313e-06,0.06386522,0.92464453,0.9885098,0.9885098,0.00045032674,0.021220904,0.0006580055
2011-06-10,7.2058197e-06,0.06554946,0.92309344,0.9886429,0.98864293,0.00043240652,0.020794386,0.0006344755
2011-06-13,7.64653e-06,0.06339784,0.9250911,0.9884889,0.9884889,0.000452319,0.021267792,0.00066427526
2011-06-14,7.633215e-06,0.063527085,0.92494273,0.98846984,0.98846984,0.00045268438,0.02127638,0.0006620216
2011-06-15,7.4349186e-06,0.06449849,0.92403394,0.9885324,0.9885324,0.0004538591,0.021303969,0.00064834266
2011-06-16,7.0796377e-06,0.06689026,0.92181176,0.988702,0.988702,0.00057059166,0.02388706,0.0006266275
2011-06-17,7.6395345e-06,0.06368868,0.9247905,0.9884792,0.9884792,0.0005331602,0.023090262,0.00066310784
2011-06-20,7.703905e-06,0.06326107,0.92521673,0.9884778,0.9884778,0.0005284719,0.022988517,0.00066861557
2011-06-21,7.689462e-06,0.06327468,0.92522734,0.988502,0.988502,0.00049703347,0.022294248,0.0006687667
2011-06-22,7.683303e-06,0.06359543,0.92486316,0.9884586,0.9884586,0.00046765915,0.021625428,0.0006657152
2011-06-23,7.220442e-06,0.06552516,0.9231094,0.9886346,0.9886346,0.00046839358,0.021642402,0.00063529954
2011-06-24,6.7297146e-06,0.06935052,0.91949475,0.9888453,0.9888453,0.000586461,0.024216957,0.0006033069
2011-06-27,7.6916585e-06,0.06357195,0.92491466,0.9884866,0.9884866,0.0005460945,0.023368664,0.00066806073
2011-06-28,7.86946e-06,0.06258281,0.9258183,0.9884011,0.9884011,0.0005152976,0.022700166,0.0006784669
2011-06-29,7.4128097e-06,0.06484173,0.9236542,0.98849595,0.98849595,0.00052285456,0.022866013,0.000644365
2011-06-30,7.256339e-06,0.06559672,0.92296374,0.98856044,0.98856044,0.0005157667,0.022710497,0.0006343197
2011-07-01,7.637996e-06,0.06352357,0.924955,0.9884786,0.9884786,0.00048614515,0.022048699,0.00066294
2011-07-05,7.5784933e-06,0.06390285,0.92458,0.98848283,0.98848283,0.00045907218,0.02142597,0.0006580171
2011-07-06,7.5375037e-06,0.064041264,0.92445904,0.9885003,0.9885003,0.00045782668,0.021396885,0.000655452
2011-07-07,7.3661986e-06,0.064723454,0.923871,0.9885944,0.9885944,0.00043125273,0.020766625,0.00064584124
2011-07-08,6.6937664e-06,0.06835803,0.9204868,0.9888448,0.9888448,0.00043284625,0.020804957,0.0006000586
2011-07-11,7.5795633e-06,0.063763164,0.9247421,0.98850524,0.98850524,0.0004498866,0.02121053,0.00065939315
2011-07-12,7.798615e-06,0.06289792,0.9254817,0.9883796,0.9883796,0.0004316256,0.020775601,0.000671114
2011-07-13,7.5933144e-06,0.063863695,0.9245829,0.9884466,0.9884466,0.00044182234,0.02101957,0.00065723597
2011-07-14,7.607215e-06,0.0637361,0.92472017,0.98845625,0.98845625,0.0004184751,0.020456664,0.0006589899
2011-07-15,7.770917e-06,0.06292431,0.9254831,0.98840743,0.98840743,0.00043315638,0.020812409,0.0006703362
2011-07-18,7.594675e-06,0.063861735,0.9245881,0.9884498,0.9884498,0.0004244181,0.02060141,0.0006575369
2011-07-19,7.766068e-06,0.06288488,0.9255426,0.98842746,0.98842746,0.00041217127,0.020302001,0.0006710772
2011-07-20,7.5488742e-06,0.06394523,0.92455107,0.9884963,0.9884963,0.00040533737,0.020132992,0.0006562129
2011-07-21,7.5128833e-06,0.06409847,0.9244136,0.9885121,0.9885121,0.0003848455,0.01961748,0.0006539822
2011-07-22,7.421069e-06,0.06448924,0.92408174,0.988571,0.988571,0.00036942385,0.019220402,0.0006493185
2011-07-25,7.385112e-06,0.06466866,0.9239117,0.98858035,0.98858035,0.00035214113,0.018765423,0.0006467019
2011-07-26,7.4306927e-06,0.06440995,0.9241649,0.98857486,0.98857486,0.00033587374,0.018326858,0.00065038103
2011-07-27,7.10053e-06,0.06610792,0.9225944,0.98870236,0.98870236,0.00031870828,0.017852403,0.0006284966
2011-07-28,7.561706e-06,0.06374823,0.9247766,0.98852485,0.98852485,0.00033452804,0.018290108,0.0006589638
2011-07-29,7.3622286e-06,0.06477923,0.92381024,0.98858947,0.98858947,0.0003169273,0.017802453,0.0006452133
2011-08-01,7.315718e-06,0.06487681,0.92375165,0.98862845,0.98862845,0.00032173455,0.01793696,0.000643335
2011-08-02,7.54557e-06,0.063927606,0.92459196,0.98851955,0.98851955,0.00030947226,0.017591823,0.00065725384
2011-08-03,7.425265e-06,0.064458795,0.924102,0.9885608,0.9885608,0.00030273135,0.017399177,0.00064910675
2011-08-04,7.2121775e-06,0.06573723,0.9229091,0.9886463,0.9886463,0.00031366188,0.017710501,0.00063522864
2011-08-05,6.7360575e-06,0.06966056,0.9191535,0.98881406,0.98881406,0.0005303557,0.023029454,0.00060218945
2011-08-08,7.3156007e-06,0.06515327,0.9234637,0.988617,0.98861694,0.00049470115,0.022241877,0.0006426779
2011-08-09,7.097928e-06,0.06744192,0.9212789,0.98872083,0.98872083,0.000752253,0.02742723,0.0006292955
2011-08-10,7.5420576e-06,0.06448573,0.9240685,0.98855424,0.98855424,0.00074319605,0.027261622,0.00065893895
2011-08-11,7.19436e-06,0.06619162,0.9223268,0.9885184,0.9885184,0.0008193663,0.028624576,0.0006266
2011-08-12,7.693386e-06,0.06362094,0.92473245,0.9883534,0.9883534,0.0008364649,0.028921703,0.0006605676
2011-08-15,7.88747e-06,0.062742926,0.9255876,0.98833054,0.98833054,0.00078232866,0.027970139,0.0006759072
2011-08-16,7.5754792e-06,0.06397154,0.92447555,0.98844707,0.98844707,0.00078340183,0.027989317,0.0006557193
2011-08-17,7.5140247e-06,0.06439642,0.9241017,0.98849815,0.98849815,0.0007449541,0.027293848,0.00065328844
2011-08-18,7.6457745e-06,0.06357476,0.9248761,0.9884509,0.9884509,0.00070294266,0.026513066,0.00066202256
2011-08-19,7.3635338e-06,0.06572818,0.9228668,0.988595,0.988595,0.0008978319,0.029963844,0.00064564135
2011-08-22,7.5539456e-06,0.06423124,0.92422646,0.9884577,0.9884577,0.00083613186,0.028915945,0.00065445644
2011-08-23,7.730373e-06,0.06359394,0.9247684,0.9883623,0.9883623,0.00081176043,0.02849141,0.00066425337
2011-08-24,7.5744133e-06,0.0642137,0.92418015,0.98839384,0.98839384,0.0007733694,0.02780952,0.0006526203
2011-08-25,7.893818e-06,0.06263868,0.9256803,0.988319,0.988319,0.000723103,0.026890574,0.0006757816
2011-08-26,7.2710054e-06,0.06524237,0.9233737,0.98861605,0.98861605,0.00067737955,0.026026517,0.00063870667
2011-08-29,7.6007427e-06,0.063858286,0.92459625,0.9884545,0.9884545,0.00063276757,0.025154872,0.0006583306
2011-08-30,7.489949e-06,0.06416845,0.9243565,0.988525,0.988525,0.00062293006,0.024958568,0.00065271737
2011-08-31,6.953138e-06,0.06721229,0.92146116,0.98867345,0.98867345,0.0006047118,0.024590889,0.0006138795
2011-09-01,7.4159852e-06,0.0647681,0.92374593,0.988514,0.988514,0.0005642768,0.023754511,0.0006456546
2011-09-02,7.331849e-06,0.06514995,0.9234272,0.9885772,0.9885772,0.00052874454,0.022994446,0.0006418602
2011-09-06,7.2504167e-06,0.06539251,0.92324066,0.98863316,0.98863316,0.0005485873,0.023421941,0.0006378566
2011-09-07,7.5356716e-06,0.06401442,0.92448866,0.9885031,0.9885031,0.0005155135,0.022704922,0.0006554524
2011-09-08,7.1861587e-06,0.06603769,0.9225282,0.9885659,0.9885659,0.0005747735,0.023974435,0.00062848604
2011-09-09,7.668739e-06,0.063401304,0.92504746,0.98844874,0.98844874,0.00053823506,0.023199894,0.00066388765
2011-09-12,7.414718e-06,0.06473448,0.9238273,0.98856175,0.98856175,0.00053292146,0.023085091,0.0006482388
2011-09-13,7.710821e-06,0.06315329,0.9252976,0.9884509,0.9884509,0.0005070053,0.022516778,0.0006676547
2011-09-14,7.5426037e-06,0.063978024,0.9245193,0.9884973,0.9884973,0.0005085533,0.022551127,0.0006557256
2011-09-15,7.813385e-06,0.06281245,0.92556596,0.9883784,0.9883784,0.00049163646,0.022172876,0.0006723161
2011-09-16,7.181695e-06,0.06569473,0.9229481,0.9886429,0.9886429,0.00046459178,0.021554392,0.00063235126
2011-09-19,7.5016187e-06,0.06406603,0.924484,0.98855007,0.98855007,0.0004538109,0.021302838,0.00065516704
2011-09-20,7.484083e-06,0.06428803,0.92429703,0.98858505,0.98858505,0.0004712473,0.021708231,0.000655639
2011-09-21,7.4707737e-06,0.064453535,0.9240491,0.9885026,0.9885026,0.00045486336,0.021327525,0.0006497806
2011-09-22,7.545332e-06,0.06387313,0.92464846,0.9885216,0.9885216,0.0004362584,0.0208868,0.0006573491
2011-09-23,7.2915177e-06,0.06613536,0.9224779,0.98861325,0.98861325,0.0006830701,0.02613561,0.000640351
2011-09-26,7.791764e-06,0.06302648,0.925426,0.9884525,0.9884525,0.000642153,0.025340738,0.0006747573
2011-09-27,7.83477e-06,0.06273424,0.92565846,0.9883927,0.9883927,0.0006034103,0.024564411,0.0006749871
2011-09-28,6.9172743e-06,0.06768215,0.9209428,0.98862493,0.98862493,0.00072891434,0.026998414,0.0006081083
2011-09-29,7.6134124e-06,0.06419021,0.92429715,0.98848736,0.98848736,0.00078305666,0.02798315,0.00066130917
2011-09-30,7.845691e-06,0.06274662,0.92564946,0.9883961,0.9883961,0.00073936855,0.027191332,0.0006761258
2011-10-03,7.707831e-06,0.063491985,0.92497504,0.98846704,0.98846704,0.00077669515,0.02786925,0.0006683306
2011-10-04,7.58263e-06,0.06447218,0.9240159,0.9884881,0.9884881,0.0007528614,0.02743832,0.0006586763
2011-10-05,7.640733e-06,0.063934356,0.92456305,0.98849744,0.9884974,0.00074533524,0.027300829,0.0006642635
2011-10-06,7.253587e-06,0.06574318,0.92278695,0.9885301,0.98853016,0.0008656531,0.029421983,0.0006324019
2011-10-07,7.0729684e-06,0.06675963,0.92182386,0.9885835,0.9885835,0.0008895357,0.029825086,0.0006195394
2011-10-10,7.5881844e-06,0.06416454,0.924284,0.9884485,0.9884485,0.0008284038,0.028782004,0.0006569004
2011-10-11,7.2880157e-06,0.065419234,0.92313325,0.9885525,0.9885525,0.00082584564,0.02873753,0.0006366475
2011-10-12,7.321234e-06,0.06526531,0.92328084,0.98854613,0.98854613,0.0007709398,0.027765803,0.0006391932
2011-10-13,7.349052e-06,0.06498534,0.9235667,0.98855203,0.98855203,0.00071971794,0.026827559,0.0006419526
2011-10-14,7.4756e-06,0.06431748,0.92420447,0.98852193,0.98852193,0.0006887382,0.026243823,0.00065129437
2011-10-17,6.9200705e-06,0.0675195,0.9211403,0.9886598,0.9886598,0.00070119306,0.02648005,0.00061022467
2011-10-18,7.551889e-06,0.064109825,0.9243648,0.9884746,0.9884746,0.0006545657,0.025584482,0.0006552392
2011-10-19,7.3237984e-06,0.06520028,0.92334473,0.988545,0.988545,0.0006442013,0.025381122,0.0006393539
2011-10-20,7.5337784e-06,0.0641052,0.9244342,0.9885394,0.9885394,0.0006455626,0.025407923,0.0006573632
2011-10-21,7.312402e-06,0.06518598,0.92338336,0.9885693,0.9885693,0.0006103323,0.024704903,0.0006397171
2011-10-24,7.548543e-06,0.06405238,0.9244201,0.9884725,0.9884725,0.00060868904,0.024671623,0.00065483036
2011-10-25,7.385763e-06,0.064923,0.9235931,0.9885161,0.9885161,0.00068915414,0.026251746,0.0006431402
2011-10-26,7.3641604e-06,0.06501032,0.9235178,0.98852813,0.98852813,0.0006708106,0.025900012,0.0006419321
2011-10-27,7.515994e-06,0.06425505,0.9242438,0.98849887,0.98849887,0.0006961068,0.026383836,0.0006535003
2011-10-28,6.815226e-06,0.06809956,0.92060435,0.9887039,0.9887039,0.00075681176,0.027510213,0.0006033259
2011-10-31,7.200915e-06,0.06562619,0.92301255,0.98863876,0.98863876,0.00070694624,0.02658846,0.00063381414
2011-11-01,7.5981143e-06,0.06402037,0.92438895,0.98840934,0.98840934,0.00065989606,0.025688441,0.0006555377
2011-11-02,7.4367167e-06,0.06464581,0.9238568,0.9885026,0.9885026,0.0006253833,0.025007665,0.0006468185
2011-11-03,7.5008797e-06,0.064253256,0.92424536,0.9884986,0.9884986,0.0005858744,0.024204843,0.0006521726
2011-11-04,7.3210795e-06,0.065101,0.9234743,0.98857534,0.98857534,0.000566452,0.023800252,0.0006408137
2011-11-07,7.282769e-06,0.06530535,0.9232825,0.98858786,0.98858786,0.0005306311,0.023035431,0.0006381596
2011-11-08,6.942402e-06,0.066983804,0.9217544,0.98873824,0.98873824,0.00050831056,0.022545744,0.0006164579
2011-11-09,7.1122304e-06,0.06599529,0.9226982,0.9886935,0.9886935,0.00048692795,0.022066444,0.00062903774
2011-11-10,7.1409095e-06,0.06586968,0.9228114,0.9886811,0.9886811,0.00046475098,0.021558084,0.00063088245
2011-11-11,7.1192903e-06,0.066015944,0.9226645,0.9886805,0.9886805,0.0004646415,0.021555545,0.00062893936
2011-11-14,7.1102218e-06,0.06607788,0.92260534,0.9886832,0.9886832,0.00044542993,0.021105211,0.0006282904
2011-11-15,7.0196343e-06,0.06648719,0.9222477,0.9887349,0.9887349,0.00042325573,0.02057318,0.00062313117
2011-11-16,6.7693086e-06,0.06779086,0.92105347,0.98884434,0.98884434,0.00040728983,0.020181423,0.00060680456
2011-11-17,6.9785506e-06,0.06667308,0.92208046,0.98875356,0.98875356,0.0004498208,0.02120898,0.0006205118
2011-11-18,7.1925892e-06,0.06583123,0.92286617,0.9886974,0.9886974,0.00051640405,0.022724526,0.0006363664
2011-11-21,7.426658e-06,0.06463366,0.9239392,0.9885729,0.9885729,0.00049781497,0.022311768,0.000649916
2011-11-22,7.495389e-06,0.06415481,0.9243728,0.9885276,0.9885276,0.00046918017,0.021660566,0.0006533408
2011-11-23,7.1960853e-06,0.06584304,0.9227529,0.98859596,0.98859596,0.00044887868,0.021186758,0.0006310121
2011-11-25,7.5764247e-06,0.06392008,0.9246089,0.98852897,0.98852897,0.00044564815,0.02111038,0.0006604832
2011-11-28,7.5748876e-06,0.06375162,0.92475843,0.9885101,0.9885101,0.0004219135,0.020540534,0.0006592633
2011-11-29,6.757832e-06,0.06788478,0.92095786,0.98884267,0.98884267,0.0004112074,0.020278249,0.0006056852
2011-11-30,6.8662375e-06,0.067202084,0.9216158,0.9888179,0.9888179,0.00040224174,0.020055965,0.0006140367
2011-12-01,7.2455427e-06,0.06543149,0.92317736,0.98860884,0.98860884,0.00037958013,0.019482816,0.000636067
2011-12-02,7.335158e-06,0.064761244,0.92387134,0.98863256,0.98863256,0.00035788535,0.018917859,0.0006452779
2011-12-05,6.9218854e-06,0.066922255,0.92186296,0.9887852,0.9887852,0.00034144332,0.018478185,0.0006172103
2011-12-06,6.9622015e-06,0.0667165,0.9220512,0.9887677,0.9887677,0.00032168606,0.01793561,0.0006198367
2011-12-07,6.745208e-06,0.06773656,0.92116094,0.9888975,0.9888975,0.00030403442,0.017436583,0.00060753967
2011-12-08,6.968204e-06,0.06670016,0.922072,0.98877215,0.98877215,0.00029122006,0.017065171,0.00062061806
2011-12-09,7.3365013e-06,0.06474179,0.9238972,0.988639,0.988639,0.00030738374,0.017532364,0.0006457618
2011-12-12,7.0229494e-06,0.066455536,0.92227554,0.9887311,0.9887311,0.00029857949,0.017279454,0.0006232144
2011-12-13,7.23078e-06,0.065331966,0.9233558,0.98868775,0.98868775,0.00030131583,0.017358452,0.0006391993
2011-12-14,6.85579e-06,0.06739309,0.9213971,0.98879015,0.98879015,0.00032218974,0.017949644,0.0006115865
2011-12-15,6.782452e-06,0.06890479,0.9199319,0.98883665,0.98883665,0.00049630663,0.02227794,0.000607564
2011-12-16,7.6047268e-06,0.063818,0.92470723,0.9885252,0.9885252,0.0004727473,0.021742754,0.0006627335
2011-12-19,7.667849e-06,0.06359868,0.9249057,0.9885044,0.9885044,0.00044571186,0.021111889,0.0006670252
2011-12-20,7.637829e-06,0.06369004,0.9248333,0.98852336,0.98852336,0.000420687,0.020510655,0.0006655112
2011-12-21,6.6945454e-06,0.068682395,0.920099,0.9887814,0.9887814,0.00047348402,0.021759689,0.00059673586
2011-12-22,7.0357137e-06,0.06637417,0.92235804,0.9887322,0.9887322,0.0004569194,0.021375673,0.0006244099
2011-12-23,7.2039206e-06,0.06544595,0.92322886,0.9886748,0.9886748,0.000433207,0.020813625,0.0006360976
2011-12-27,7.026641e-06,0.06627191,0.92249054,0.98876244,0.98876244,0.0004072583,0.020180643,0.00062528165
2011-12-28,6.9310545e-06,0.066756725,0.9220621,0.9888188,0.9888188,0.00040027857,0.020006964,0.00061988604
2011-12-29,7.269157e-06,0.06515277,0.9235196,0.9886724,0.9886724,0.00040263482,0.020065762,0.00064171944
2011-12-30,6.9393145e-06,0.06672622,0.9220771,0.9888033,0.9888033,0.00037957693,0.019482734,0.0006197658
2012-01-03,7.0658994e-06,0.06606933,0.922692,0.9887613,0.9887613,0.00036176073,0.019020008,0.0006287118
2012-01-04,6.3810107e-06,0.07022914,0.918753,0.9889822,0.9889822,0.00045030867,0.021220477,0.00057915476
2012-01-05,6.875284e-06,0.06721501,0.9215867,0.9888017,0.9888017,0.00042046976,0.02050536,0.0006139588
2012-01-06,6.9380544e-06,0.06695313,0.92182875,0.98878187,0.98878187,0.0004075348,0.020187492,0.000618468
2012-01-09,7.0029137e-06,0.06642585,0.9223462,0.98877203,0.98877203,0.00038310228,0.019573,0.0006237028
2012-01-10,7.0233027e-06,0.06637146,0.92237705,0.9887485,0.9887485,0.0003608411,0.018995818,0.0006242098
2012-01-11,6.6488647e-06,0.06833748,0.9205846,0.9889221,0.9889221,0.0003451117,0.018577183,0.0006001928
2012-01-12,6.668335e-06,0.06834668,0.9205411,0.9888878,0.9888878,0.00033723333,0.018363914,0.00060009066
2012-01-13,6.8559575e-06,0.067205295,0.9216271,0.9888324,0.9888324,0.00033910587,0.018414827,0.0006139158
2012-01-17,6.947595e-06,0.06666177,0.92214155,0.9888033,0.9888033,0.00032061778,0.017905803,0.0006205053
2012-01-18,6.474309e-06,0.06941109,0.91956973,0.9889808,0.9889808,0.00032905952,0.018139997,0.0005875496
2012-01-19,6.6745697e-06,0.06798737,0.92096686,0.98895425,0.98895425,0.0003092095,0.017584354,0.00060426566
2012-01-20,6.6377743e-06,0.06838317,0.9205474,0.9889306,0.9889306,0.00029178392,0.017081684,0.00059964985
2012-01-23,6.715751e-06,0.067755416,0.9211849,0.9889403,0.9889403,0.00030164426,0.017367909,0.00060722715
2012-01-24,6.9608236e-06,0.06653397,0.9222815,0.9888155,0.9888155,0.0002928931,0.01711412,0.00062236266
2012-01-25,6.7896945e-06,0.0675058,0.92136425,0.98887,0.98887,0.00027997573,0.016732475,0.0006100368
2012-01-26,6.865995e-06,0.06697925,0.92188877,0.988868,0.988868,0.00026599705,0.016309416,0.0006167799
2012-01-27,6.7131505e-06,0.06797131,0.9209189,0.9888902,0.9888902,0.00025260155,0.015893443,0.00060425326
2012-01-30,6.4416813e-06,0.06923493,0.919846,0.9890809,0.9890809,0.00023952227,0.015476507,0.0005899465
2012-01-31,6.936253e-06,0.06667272,0.92216283,0.9888356,0.9888356,0.00023131177,0.015208937,0.0006212816
2012-02-01,6.1882733e-06,0.071128555,0.91799605,0.9891246,0.9891246,0.00022096062,0.014864744,0.0005690155
2012-02-02,6.509532e-06,0.068994015,0.92001927,0.9890133,0.9890133,0.0002149347,0.014660652,0.00059249275
2012-02-03,6.8890213e-06,0.06664736,0.92226005,0.9889074,0.9889074,0.00021614254,0.014701786,0.0006210464
2012-02-06,6.5285644e-06,0.06899688,0.9199811,0.988978,0.988978,0.00022123236,0.014873882,0.0005923227
2012-02-07,6.7031424e-06,0.067756176,0.9212073,0.9889635,0.9889635,0.00021666968,0.014719704,0.0006073604
2012-02-08,6.4952565e-06,0.06908972,0.91992253,0.98901224,0.98901224,0.00022179389,0.014892746,0.0005911357
2012-02-09,6.556151e-06,0.06859028,0.9204317,0.98902196,0.98902196,0.00021107226,0.014528326,0.0005972058
2012-02-10,6.5735812e-06,0.06847603,0.92054313,0.98901916,0.98901916,0.00020935245,0.014469017,0.00059864076
2012-02-13,6.822917e-06,0.067181215,0.92171454,0.9888958,0.9888958,0.00020919518,0.014463581,0.00061444327
2012-02-14,6.6035705e-06,0.068355255,0.9206387,0.98899394,0.98899394,0.00023278025,0.015257138,0.0005999942
2012-02-15,6.7800875e-06,0.06732337,0.92161113,0.9889345,0.9889345,0.00022116321,0.014871557,0.00061272405
2012-02-16,6.5433624e-06,0.06875849,0.9202472,0.9890057,0.9890057,0.00021765074,0.014752991,0.0005951587
2012-02-17,6.640911e-06,0.06813266,0.92085403,0.9889867,0.9889867,0.00020839312,0.014435828,0.0006029885
2012-02-21,6.9911557e-06,0.06623031,0.9226103,0.9888406,0.9888406,0.00020382961,0.014276891,0.0006264802
2012-02-22,6.1472415e-06,0.071171135,0.9180238,0.9891949,0.989195,0.00023523688,0.015337434,0.0005689219
2012-02-23,6.5805084e-06,0.06843975,0.9205793,0.98901904,0.98901904,0.00022318857,0.014939497,0.0005992651
2012-02-24,6.4620986e-06,0.06909855,0.9199749,0.98907346,0.98907346,0.00022592247,0.0150307175,0.0005914128
2012-02-27,6.406746e-06,0.06946862,0.91962004,0.98908865,0.98908865,0.00023569222,0.015352271,0.00058716367
2012-02-28,6.639234e-06,0.06823246,0.9207323,0.9889648,0.9889648,0.00023205981,0.015233509,0.00060164125
2012-02-29,6.9752045e-06,0.06635882,0.9224752,0.988834,0.988834,0.00024474683,0.015644386,0.0006246838
2012-03-01,7.0464553e-06,0.066019565,0.9227729,0.9887924,0.9887924,0.00023417073,0.015302638,0.00062872225
2012-03-02,5.373355e-06,0.07698984,0.9125274,0.9895172,0.9895172,0.00024036891,0.015503836,0.00051258836
2012-03-05,6.8153217e-06,0.06724399,0.9216575,0.9889015,0.9889015,0.00025580885,0.015994025,0.0006140757
2012-03-06,6.698996e-06,0.06800146,0.92091215,0.9889136,0.9889136,0.00024258363,0.015575096,0.00060425326
2012-03-07,6.764905e-06,0.067438625,0.92149115,0.98892975,0.98892975,0.00025555256,0.01598601,0.00061108865
2012-03-08,6.6047537e-06,0.06845338,0.92051536,0.98896873,0.98896873,0.0002547463,0.015960773,0.0005987301
2012-03-09,6.6736807e-06,0.0680099,0.92094177,0.9889517,0.9889517,0.00024204495,0.015557794,0.000604045
2012-03-12,6.7327887e-06,0.06757022,0.92137945,0.98894966,0.98894966,0.00023333347,0.015275257,0.0006092832
2012-03-13,6.8130553e-06,0.06728025,0.921603,0.98888326,0.98888326,0.00022869225,0.015122575,0.0006128643
2012-03-14,6.4621604e-06,0.06908521,0.91999125,0.98907644,0.9890765,0.00021828071,0.014774326,0.0005915798
2012-03-15,6.7680644e-06,0.06744129,0.9214799,0.98892117,0.98892117,0.0002177404,0.0147560295,0.0006109004
2012-03-16,6.741734e-06,0.067715645,0.92120355,0.9889192,0.9889192,0.00020813616,0.014426925,0.00060841575
2012-03-19,6.5677923e-06,0.0686368,0.92035955,0.9889963,0.9889963,0.00022076917,0.014858304,0.0005968727
2012-03-20,6.9555886e-06,0.06643053,0.9224163,0.98884684,0.98884684,0.00021573793,0.014688021,0.00062364276
2012-03-21,6.7348105e-06,0.067670956,0.92125285,0.9889238,0.9889238,0.00024248408,0.015571901,0.00060804276
2012-03-22,7.049027e-06,0.06599192,0.92280275,0.9887947,0.9887947,0.0002460847,0.015687088,0.00062907883
2012-03-23,6.8820036e-06,0.06699673,0.92183626,0.988833,0.988833,0.00025623455,0.016007328,0.000616281
2012-03-26,6.8200065e-06,0.067203015,0.9216863,0.98888934,0.98888934,0.00025638298,0.016011963,0.00061382534
2012-03-27,6.925864e-06,0.0666628,0.92217386,0.98883665,0.98883665,0.000243231,0.0155958645,0.00062041066
2012-03-28,6.738947e-06,0.06756271,0.92138344,0.98894614,0.98894614,0.0002316643,0.015220522,0.0006096465
2012-03-29,6.9022317e-06,0.066760026,0.9220951,0.9888551,0.9888551,0.00024278926,0.015581696,0.0006193188
2012-03-30,6.919129e-06,0.06673466,0.92210114,0.9888358,0.9888358,0.00027420482,0.016559131,0.00061976106
2012-04-02,7.008352e-06,0.06630014,0.9224954,0.9887956,0.9887956,0.00026005637,0.016126264,0.00062549877
2012-04-03,6.91682e-06,0.0668254,0.921994,0.98881936,0.98881936,0.00027611165,0.016616607,0.0006186426
2012-04-04,7.033884e-06,0.066119686,0.9226675,0.9887872,0.9887872,0.00027095265,0.016460638,0.000627307
2012-04-05,6.9508637e-06,0.066864915,0.92193794,0.98880285,0.98880285,0.0002982327,0.017269416,0.0006207708
2012-04-09,7.012666e-06,0.06632528,0.92245185,0.9887771,0.98877716,0.00030292853,0.017404841,0.00062485336
2012-04-10,7.2228568e-06,0.065194964,0.9235195,0.98871446,0.98871446,0.00029124157,0.0170658,0.00064000965
2012-04-11,6.870172e-06,0.06751855,0.92129993,0.98881847,0.98881847,0.00028969438,0.01702041,0.00061442127
2012-04-12,6.875992e-06,0.06709019,0.92176205,0.98885226,0.98885226,0.00029160644,0.017076489,0.00061680604
2012-04-13,6.697547e-06,0.0678601,0.92108285,0.9889429,0.988943,0.00028094978,0.016761556,0.0006057248
2012-04-16,7.0371957e-06,0.066117235,0.9226703,0.98878753,0.98878753,0.0002699108,0.016428962,0.00062762236
2012-04-17,7.085354e-06,0.066025704,0.922727,0.98875266,0.9887527,0.00025611144,0.016003482,0.00062995835
2012-04-18,6.803398e-06,0.06773704,0.921106,0.988843,0.988843,0.00025295318,0.015904501,0.0006097887
2012-04-19,7.1066124e-06,0.06583433,0.922926,0.98876035,0.98876035,0.00025510276,0.015971936,0.0006322807
2012-04-20,7.0240035e-06,0.066305585,0.9224821,0.98878765,0.98878765,0.00024367696,0.015610156,0.00062645244
2012-04-23,6.8876025e-06,0.066874504,0.92199045,0.98886496,0.98886496,0.00023540313,0.015342853,0.00061855203
2012-04-24,7.0807605e-06,0.0658832,0.92290956,0.9887928,0.9887928,0.00022393496,0.014964457,0.0006318033
2012-04-25,6.9643975e-06,0.06676906,0.9220105,0.98877954,0.98877954,0.00021481716,0.014656642,0.0006206876
2012-04-26,6.9530333e-06,0.06644239,0.92241085,0.9888532,0.9888532,0.00020686927,0.014382951,0.00062377035
2012-04-27,6.786813e-06,0.06742762,0.9214692,0.98889685,0.98889685,0.00019877336,0.0140987,0.000611251
2012-04-30,6.991354e-06,0.06633456,0.92250353,0.9888381,0.9888381,0.00019072513,0.013810327,0.00062635745
2012-05-01,7.1455615e-06,0.06575693,0.9229676,0.9887245,0.9887245,0.0001829795,0.013526991,0.00063372625
2012-05-02,7.0702185e-06,0.0661476,0.922609,0.9887566,0.9887566,0.00018547925,0.013619076,0.0006288326
2012-05-03,6.810121e-06,0.0677331,0.921113,0.9888461,0.9888461,0.00018371163,0.013554026,0.0006105609
2012-05-04,7.3533743e-06,0.064630195,0.9240296,0.9886598,0.9886598,0.00022195319,0.014898093,0.0006484342
2012-05-07,7.091707e-06,0.06695028,0.92174965,0.9886999,0.9886999,0.00031864404,0.017850604,0.00062757987
2012-05-08,7.597982e-06,0.06368778,0.92486864,0.98855644,0.98855644,0.00030308368,0.017409299,0.0006639529
2012-05-09,7.5229964e-06,0.06400903,0.9245524,0.9885614,0.9885614,0.00029400122,0.017146464,0.0006576846
2012-05-10,7.5812163e-06,0.06363411,0.924919,0.9885531,0.9885531,0.00027968176,0.016723689,0.0006622947
2012-05-11,7.5256794e-06,0.06400284,0.92455125,0.9885541,0.9885541,0.00026667694,0.016330246,0.00065750116
2012-05-14,7.3314063e-06,0.06492235,0.9237363,0.9886586,0.9886586,0.00026057527,0.016142344,0.0006464291
2012-05-15,7.145471e-06,0.06620635,0.92250174,0.9887081,0.9887081,0.0002614615,0.016169772,0.000632795
2012-05-16,7.2940143e-06,0.06502705,0.9236641,0.98869115,0.98869115,0.00025337219,0.015917668,0.0006449829
2012-05-17,7.4686873e-06,0.06434627,0.9242336,0.98857987,0.98857987,0.00025192215,0.015872056,0.00065399316
2012-05-18,7.283538e-06,0.06551537,0.9231303,0.9886456,0.9886457,0.0002408581,0.015519604,0.00064147345
2012-05-21,7.411805e-06,0.064511426,0.92412424,0.98863566,0.98863566,0.00023902173,0.015460327,0.00065219845
2012-05-22,7.070583e-06,0.0662776,0.9224774,0.98875505,0.98875505,0.00023698792,0.015394412,0.00062877836
2012-05-23,7.196648e-06,0.06564852,0.92306334,0.98871183,0.98871183,0.00023247067,0.015246989,0.00063753914
2012-05-24,7.3500905e-06,0.065007344,0.92360127,0.9886086,0.9886086,0.00024706934,0.01571844,0.00064523146
2012-05-25,7.3102465e-06,0.06520086,0.9234528,0.98865366,0.98865366,0.00023989353,0.015488497,0.0006442823
2012-05-29,7.252147e-06,0.065227486,0.9234853,0.9887128,0.9887128,0.00022909245,0.0151358005,0.00064251
2012-05-30,7.0782153e-06,0.06667057,0.9220619,0.98873246,0.98873246,0.00021893266,0.014796373,0.0006281951
2012-05-31,7.265861e-06,0.06557812,0.923096,0.9886741,0.9886741,0.00028229156,0.016801534,0.00064152636
2012-06-01,7.4641907e-06,0.06464441,0.9239333,0.9885777,0.9885777,0.0002826747,0.016812934,0.0006534766
2012-06-04,6.684142e-06,0.06988718,0.91895247,0.9888396,0.9888396,0.00036757454,0.019172234,0.0005989174
2012-06-05,7.622788e-06,0.06380119,0.9247352,0.98853636,0.98853636,0.00034979713,0.018702865,0.00066495343
2012-06-06,7.694044e-06,0.06341305,0.92507297,0.988486,0.988486,0.00033185026,0.018216757,0.0006682334
2012-06-07,7.5945027e-06,0.06390443,0.92460537,0.9885098,0.9885098,0.0003191382,0.01786444,0.0006609533
2012-06-08,7.271369e-06,0.06568628,0.922956,0.9886423,0.9886423,0.0003031012,0.017409801,0.00064021355
2012-06-11,7.317123e-06,0.06504343,0.9236323,0.9886758,0.9886758,0.00029206456,0.017089896,0.0006461477
2012-06-12,7.24677e-06,0.06592939,0.9227084,0.9886378,0.9886378,0.00029593077,0.017202638,0.00063779665
2012-06-13,7.4087206e-06,0.06479615,0.9238289,0.98862505,0.98862505,0.00028375167,0.01684493,0.00065131893
2012-06-14,7.3884926e-06,0.06497625,0.9236465,0.9886228,0.9886228,0.00027442304,0.01656572,0.00064941135
2012-06-15,7.177345e-06,0.06566169,0.92304283,0.9887045,0.9887045,0.0002759789,0.016612614,0.0006354165
2012-06-18,7.507471e-06,0.06443386,0.9240721,0.98850596,0.98850596,0.0002620108,0.016186748,0.000653162
2012-06-19,7.4575123e-06,0.06433068,0.924248,0.9885787,0.9885787,0.0002552258,0.015975788,0.0006529465
2012-06-20,7.2869893e-06,0.065269545,0.92336446,0.988634,0.988634,0.00024838495,0.015760234,0.0006411212
2012-06-21,7.37854e-06,0.06514292,0.9234167,0.9885596,0.9885596,0.00028469472,0.0168729,0.0006449549
2012-06-22,7.556137e-06,0.06430513,0.92421865,0.9885238,0.9885238,0.0004036305,0.020090558,0.00065841695
2012-06-25,7.856016e-06,0.06272148,0.92566794,0.98838943,0.98838943,0.00040508687,0.02012677,0.00067662634
2012-06-26,7.654278e-06,0.06376103,0.9247021,0.98846316,0.98846316,0.0003860455,0.01964804,0.0006634642
2012-06-27,7.8071325e-06,0.062781416,0.9256129,0.9883943,0.9883943,0.00036480572,0.019099887,0.0006726993
2012-06-28,7.7889035e-06,0.06283882,0.92556655,0.98840535,0.98840535,0.00035228668,0.018769301,0.0006717668
2012-06-29,7.599726e-06,0.06398823,0.92451066,0.98849887,0.98849887,0.0003988451,0.019971106,0.0006607806
2012-07-02,6.600852e-06,0.069329,0.91948813,0.98881716,0.98881716,0.00088564714,0.029759824,0.0005902659
2012-07-03,7.47338e-06,0.06471572,0.9238014,0.98851717,0.98851717,0.00083568593,0.028908232,0.00065083057
2012-07-05,6.94607e-06,0.06765621,0.9209416,0.9885978,0.9885978,0.00091281976,0.030212907,0.00060918735
2012-07-06,7.746106e-06,0.06340748,0.9249376,0.9883451,0.9883451,0.00084947894,0.029145822,0.00066462153
2012-07-09,7.453285e-06,0.06505637,0.923472,0.9885284,0.9885284,0.000860486,0.029334042,0.0006497146
2012-07-10,7.5484577e-06,0.06412554,0.9243286,0.98845416,0.98845416,0.0008227773,0.028684095,0.00065378175
2012-07-11,7.5366497e-06,0.06445499,0.9240123,0.9884673,0.9884673,0.0008072647,0.028412404,0.00065350125
2012-07-12,7.649919e-06,0.063614905,0.92480844,0.98842335,0.98842335,0.0007850892,0.028019443,0.0006608058
2012-07-13,7.708592e-06,0.06344117,0.9249389,0.9883801,0.9883801,0.0007342433,0.027096923,0.0006633943
2012-07-16,7.7157e-06,0.06327831,0.92513615,0.98841447,0.98841447,0.0006952896,0.026368344,0.00066597713
2012-07-17,7.549075e-06,0.0640031,0.9244819,0.98848504,0.98848504,0.00066503213,0.025788218,0.00065558834
2012-07-18,7.435949e-06,0.06448387,0.9240711,0.98855495,0.98855495,0.0006271545,0.025043052,0.000649709
2012-07-19,7.2546345e-06,0.06547581,0.9231304,0.9886062,0.9886062,0.0005901497,0.024292998,0.0006367185
2012-07-20,7.1780178e-06,0.0659238,0.92269576,0.98861957,0.98861957,0.0006122893,0.02474448,0.0006307332
2012-07-23,7.534857e-06,0.063980736,0.9245358,0.98851657,0.98851657,0.00058413536,0.024168892,0.00065615034
2012-07-24,7.4864165e-06,0.06435378,0.9241802,0.988534,0.988534,0.0006351541,0.025202263,0.0006529216
2012-07-25,7.711224e-06,0.06321864,0.9252128,0.98843145,0.98843145,0.00059543113,0.024401458,0.00066656806
2012-07-26,7.660144e-06,0.06355248,0.9248781,0.9884306,0.9884306,0.0005602294,0.023669166,0.00066210487
2012-07-27,7.660586e-06,0.063499086,0.9249383,0.9884374,0.9884374,0.0005270747,0.022958107,0.0006625322
2012-07-30,7.4107425e-06,0.06470556,0.92382306,0.9885286,0.9885286,0.00049924216,0.022343727,0.0006460195
2012-07-31,7.213411e-06,0.065676466,0.92295593,0.9886324,0.9886324,0.00046972535,0.021673148,0.0006345578
2012-08-01,7.516577e-06,0.06424194,0.9242563,0.9884983,0.9884983,0.00046593338,0.02158549,0.00065351714
2012-08-02,7.5604567e-06,0.063888,0.92462206,0.9885101,0.9885101,0.00044379634,0.021066474,0.00065800734
2012-08-03,7.186042e-06,0.0655584,0.9231185,0.98867685,0.98867685,0.00044465298,0.021086797,0.00063463254
2012-08-06,7.2043376e-06,0.06563368,0.92299306,0.9886267,0.9886267,0.0005662306,0.023795601,0.00063344405
2012-08-07,7.6001074e-06,0.06364373,0.9248504,0.98849416,0.98849416,0.00053454697,0.023120271,0.00066054333
2012-08-08,6.959622e-06,0.06721834,0.92144996,0.9886683,0.9886683,0.00051742396,0.022746954,0.00061417406
2012-08-09,7.5478624e-06,0.06396123,0.9245355,0.9884967,0.9884967,0.0004846405,0.022014553,0.00065614877
2012-08-10,7.293373e-06,0.065185584,0.9234177,0.9886033,0.9886033,0.0004556163,0.02134517,0.00063995447
2012-08-13,7.098563e-06,0.06603638,0.9226622,0.9886986,0.9886986,0.00042998977,0.020736195,0.0006281137
2012-08-14,7.300647e-06,0.06499433,0.92363834,0.9886327,0.9886327,0.00040403538,0.02010063,0.0006422487
2012-08-15,7.0679353e-06,0.06633368,0.9223659,0.98869956,0.98869956,0.00038392984,0.019594127,0.0006254564
2012-08-16,6.7817637e-06,0.067827486,0.920979,0.9888065,0.9888065,0.000366989,0.019156957,0.0006058655
2012-08-17,7.1075137e-06,0.06595796,0.92275506,0.988713,0.988713,0.00035647355,0.018880507,0.0006297094
2012-08-20,7.2257576e-06,0.065269575,0.9234159,0.9886855,0.9886855,0.00033712253,0.018360896,0.00063862745
2012-08-21,7.1088502e-06,0.06594945,0.92276406,0.9887135,0.9887135,0.00031855807,0.017848196,0.00062985445
2012-08-22,6.7253895e-06,0.068110734,0.92074287,0.9888536,0.9888536,0.00030441795,0.017447578,0.00060336734
2012-08-23,6.894005e-06,0.067044474,0.92176175,0.98880625,0.98880625,0.0002892625,0.01700772,0.0006158797
2012-08-24,7.156306e-06,0.06567377,0.9230216,0.9886954,0.9886954,0.00028087368,0.016759286,0.0006330428
2012-08-27,7.081691e-06,0.06602229,0.9227125,0.9887348,0.9887348,0.0002665537,0.016326472,0.00062863325
2012-08-28,6.8180584e-06,0.0673447,0.92151207,0.9888568,0.9888568,0.0002565869,0.016018331,0.0006118578
2012-08-29,7.076421e-06,0.066010885,0.92273396,0.98874485,0.98874485,0.00024839793,0.015760645,0.00062872766
2012-08-30,7.2450066e-06,0.06520121,0.92346734,0.98866856,0.98866856,0.00024162441,0.015544273,0.00063937216
2012-08-31,7.2618413e-06,0.0651821,0.92346585,0.98864794,0.98864794,0.00023612722,0.015366431,0.0006396936
2012-09-04,7.0981346e-06,0.06619046,0.92247945,0.98866993,0.98866993,0.0002491585,0.015784755,0.0006264865
2012-09-05,7.103717e-06,0.06596319,0.92276984,0.98873305,0.98873305,0.00024718576,0.015722143,0.00063049176
2012-09-06,7.3352644e-06,0.06482999,0.92377985,0.98860985,0.98860985,0.00023520937,0.015336537,0.0006440007
2012-09-07,7.062725e-06,0.066117115,0.92262006,0.98873717,0.98873717,0.00022477127,0.014992374,0.0006270824
2012-09-10,7.072295e-06,0.06605416,0.9226796,0.98873377,0.98873377,0.0002198385,0.014826952,0.00062774273
2012-09-11,7.0966057e-06,0.0659031,0.9228345,0.98873764,0.9887376,0.00020997958,0.014490672,0.00063011725
2012-09-12,6.9266493e-06,0.067170285,0.9215731,0.98874336,0.98874336,0.0002034608,0.014263969,0.00061533926
2012-09-13,7.3108527e-06,0.06496721,0.9236594,0.9886266,0.9886266,0.00019466961,0.013952405,0.0006428027
2012-09-14,7.155973e-06,0.06564688,0.92305315,0.98870003,0.98870003,0.00019822305,0.01407917,0.00063327374
2012-09-17,6.85246e-06,0.067150965,0.9216908,0.9888418,0.9888418,0.00019312263,0.013896856,0.00061411725
2012-09-18,7.0337946e-06,0.06623272,0.9225258,0.98875856,0.98875856,0.00022539744,0.015013242,0.0006257025
2012-09-19,7.2252137e-06,0.065263495,0.9234153,0.9886788,0.9886788,0.00022813489,0.015104135,0.0006382028
2012-09-20,7.3464107e-06,0.064904936,0.9237366,0.9886415,0.9886415,0.0003005633,0.017336762,0.0006467765
2012-09-21,7.104743e-06,0.066266514,0.9223779,0.9886444,0.9886444,0.00028512135,0.016885536,0.000625661
2012-09-24,7.4380614e-06,0.064609446,0.92389506,0.9885045,0.9885045,0.00027782825,0.01666818,0.00064704276
2012-09-25,7.5802154e-06,0.063696675,0.9248069,0.9885036,0.9885036,0.00027141848,0.016474783,0.00065935415
2012-09-26,7.137315e-06,0.06605873,0.92257845,0.9886372,0.9886372,0.00026115705,0.016160354,0.00062813045
2012-09-27,7.0974834e-06,0.06626689,0.9223831,0.98865,0.98865,0.00026408536,0.016250703,0.00062533026
2012-09-28,7.033732e-06,0.066685796,0.9219753,0.9886611,0.9886611,0.000278077,0.016675642,0.0006203193
2012-10-01,6.645612e-06,0.068909466,0.9198886,0.9887981,0.9887981,0.00026421066,0.016254557,0.0005932566
2012-10-02,6.420652e-06,0.07011313,0.9189284,0.9890415,0.9890415,0.0002502705,0.01581994,0.0005859065
2012-10-03,7.243757e-06,0.06530356,0.9233372,0.9886408,0.9886408,0.00023949116,0.015475502,0.00063769874
2012-10-04,7.2838193e-06,0.06532337,0.9233035,0.98862684,0.98862684,0.00034304426,0.018521454,0.0006404392
2012-10-05,6.7142837e-06,0.06844977,0.9203368,0.9887866,0.9887866,0.0004257669,0.02063412,0.0005987721
2012-10-08,7.6185333e-06,0.0635558,0.92492145,0.98847723,0.98847723,0.0004270332,0.020664781,0.00066117203
2012-10-09,7.716627e-06,0.06310451,0.9253386,0.98844314,0.98844314,0.00040517465,0.02012895,0.00066770945
2012-10-10,7.073127e-06,0.06658363,0.9220266,0.9886102,0.9886102,0.00045321905,0.021288943,0.00062100583
2012-10-11,7.671433e-06,0.063378274,0.9250622,0.98844045,0.98844045,0.00043561475,0.020871386,0.00066364487
2012-10-12,7.546075e-06,0.06405145,0.92442036,0.9884718,0.9884718,0.000415448,0.020382542,0.00065457565
2012-10-15,7.4667196e-06,0.06420399,0.9243482,0.98855215,0.98855215,0.00039200197,0.019799039,0.0006522379
2012-10-16,7.4434743e-06,0.06435357,0.92421573,0.9885693,0.9885693,0.00036982074,0.019230723,0.00065118383
2012-10-17,7.2579846e-06,0.06513567,0.9235203,0.988656,0.988656,0.0003495995,0.01869758,0.0006398074
2012-10-18,7.2948847e-06,0.06493849,0.92371047,0.98864895,0.98864895,0.00033012073,0.018169224,0.0006426617
2012-10-19,7.240409e-06,0.06524346,0.9234214,0.98866487,0.98866487,0.00031224432,0.017670436,0.0006387581
2012-10-22,7.307334e-06,0.06492266,0.92370903,0.98863167,0.9886317,0.0003293353,0.018147597,0.00064277963
2012-10-23,7.214318e-06,0.065722525,0.9229348,0.9886573,0.9886573,0.00032613517,0.018059213,0.00063603156
2012-10-24,7.3704673e-06,0.064636424,0.9239956,0.988632,0.988632,0.00034522047,0.018580109,0.0006483535
2012-10-25,7.464531e-06,0.06423567,0.92432266,0.98855835,0.98855835,0.00033437856,0.018286021,0.00065239996
2012-10-26,7.398733e-06,0.064504944,0.92408293,0.98858786,0.98858786,0.00031731947,0.017813463,0.00064832106
2012-10-31,7.2514995e-06,0.06519571,0.92345905,0.98865473,0.98865473,0.00030100945,0.017349623,0.00063916517
2012-11-01,7.086151e-06,0.06605114,0.9226968,0.98874795,0.98874795,0.0002852535,0.01688945,0.00062976556
2012-11-02,7.1496092e-06,0.065961465,0.9227202,0.9886817,0.9886817,0.00027633755,0.016623404,0.0006316843
2012-11-05,7.149009e-06,0.06623774,0.9224693,0.98870707,0.98870707,0.00030733243,0.0175309,0.0006330515
2012-11-06,7.297912e-06,0.064886115,0.92379344,0.9886795,0.9886795,0.00029605263,0.01720618,0.000644665
2012-11-07,7.040341e-06,0.06642532,0.92227846,0.9887038,0.9887038,0.00035966348,0.018964795,0.00062324794
2012-11-08,7.1478353e-06,0.06631699,0.9223703,0.9886873,0.9886873,0.0005019669,0.022404619,0.0006318404
2012-11-09,7.695611e-06,0.06314587,0.92532057,0.98846644,0.98846644,0.00047380824,0.021767136,0.0006672365
2012-11-12,7.3079245e-06,0.06509105,0.9235188,0.98860985,0.98860985,0.0004540598,0.02130868,0.0006416004
2012-11-13,7.658837e-06,0.06323273,0.92526376,0.9884965,0.9884965,0.00042903455,0.020713149,0.00066578214
2012-11-14,7.5862713e-06,0.06365052,0.92485726,0.98850775,0.98850775,0.000405012,0.02012491,0.0006601205
2012-11-15,7.357304e-06,0.06470164,0.9239053,0.9886069,0.9886069,0.0003894672,0.019734923,0.0006457701
2012-11-16,7.349933e-06,0.064664245,0.92397046,0.9886347,0.9886347,0.0003741435,0.01934279,0.00064669974
2012-11-19,7.3872648e-06,0.064409874,0.9242301,0.98863995,0.98863995,0.00036560994,0.01912093,0.0006502846
2012-11-20,6.9290973e-06,0.066920295,0.9218527,0.988773,0.988773,0.0004010875,0.02002717,0.0006171809
2012-11-21,7.5443313e-06,0.06372522,0.9248353,0.98856056,0.98856056,0.00043289567,0.020806145,0.00065950165
2012-11-23,7.46992e-06,0.06431409,0.92421174,0.9885258,0.9885258,0.00041102205,0.020273678,0.0006510193
2012-11-26,7.4898203e-06,0.06408322,0.9244676,0.98855084,0.98855084,0.00039378423,0.019843997,0.0006541809
2012-11-27,7.2645253e-06,0.06516771,0.92347294,0.98864067,0.98864067,0.0003741341,0.019342547,0.00063952035
2012-11-28,7.3515625e-06,0.06460659,0.92403466,0.98864126,0.98864126,0.00035564147,0.018858459,0.0006472165
2012-11-29,7.2577727e-06,0.065132424,0.92352974,0.9886622,0.9886622,0.00034030428,0.018447338,0.00064013846
2012-11-30,7.0405226e-06,0.066129245,0.92264646,0.98877573,0.98877573,0.00034232627,0.01850206,0.00062725885
2012-12-03,7.1938352e-06,0.06546881,0.92321473,0.9886835,0.9886835,0.0003285503,0.018125957,0.0006356956
2012-12-04,7.306093e-06,0.06474965,0.923929,0.98867863,0.98867863,0.00031072472,0.017627385,0.0006453367
2012-12-05,7.1138775e-06,0.0657579,0.9229835,0.9887414,0.9887414,0.000297461,0.017247058,0.0006318615
2012-12-06,7.324359e-06,0.064623855,0.9240594,0.9886832,0.9886832,0.0002851396,0.016886078,0.0006472125
2012-12-07,7.28758e-06,0.065103866,0.9235358,0.9886397,0.9886397,0.00029375905,0.017139401,0.0006414961
2012-12-10,7.1096824e-06,0.065853745,0.9228859,0.9887396,0.9887396,0.00027966368,0.016723149,0.0006313886
2012-12-11,7.1182835e-06,0.065791495,0.9229547,0.98874617,0.98874617,0.00026657272,0.016327055,0.00063252077
2012-12-12,6.9850585e-06,0.0663384,0.9224854,0.98882383,0.98882383,0.00025354655,0.015923144,0.0006249958
2012-12-13,6.9862294e-06,0.06630589,0.92251843,0.9888243,0.9888243,0.00024908138,0.015782312,0.0006251272
2012-12-14,7.0643296e-06,0.06600296,0.92276955,0.9887725,0.9887725,0.00024398389,0.015619984,0.00062919944
2012-12-17,6.8440067e-06,0.06704381,0.92184293,0.9888867,0.9888867,0.00023815478,0.015432265,0.0006158401
2012-12-18,7.1335658e-06,0.06550174,0.92327136,0.9887731,0.9887731,0.00022817466,0.015105451,0.00063539983
2012-12-19,6.8662744e-06,0.06696625,0.9219027,0.98886895,0.98886895,0.00022209669,0.014902908,0.00061685784
2012-12-20,6.590865e-06,0.06865288,0.92031884,0.9889717,0.9889717,0.00023229318,0.0152411675,0.00059763255
2012-12-21,6.8993004e-06,0.06662644,0.9222676,0.98889405,0.98889405,0.00022342383,0.014947369,0.00062122534
2012-12-24,7.1482045e-06,0.06555596,0.92318106,0.98873705,0.988737,0.0002314982,0.015215064,0.0006346652
2012-12-26,6.9732273e-06,0.066370085,0.92245704,0.9888271,0.9888271,0.00022090516,0.014862878,0.00062412024
2012-12-27,6.515197e-06,0.069107905,0.9198877,0.9889956,0.9889956,0.00025615763,0.016004926,0.00059205445
2012-12-28,6.974439e-06,0.066391125,0.92243135,0.98882246,0.98882246,0.00024229636,0.015565871,0.00062396907
2012-12-31,7.19943e-06,0.06515685,0.92359376,0.98875064,0.9887506,0.00023054377,0.015183668,0.00063998555
2013-01-02,6.7523256e-06,0.067564726,0.9213517,0.9889164,0.9889164,0.00022791584,0.015096881,0.00060921756
2013-01-03,6.541009e-06,0.06889362,0.9201025,0.9889961,0.9889961,0.0002296485,0.015154158,0.00059442583
2013-01-04,6.781573e-06,0.06731762,0.92160803,0.98892564,0.98892564,0.00021823416,0.01477275,0.0006123668
2013-01-07,6.975757e-06,0.06625486,0.92259896,0.9888538,0.9888538,0.00020807803,0.01442491,0.0006258424
2013-01-08,6.784677e-06,0.067398064,0.9215074,0.9889055,0.9889055,0.00019899456,0.014106543,0.00061153463
2013-01-09,6.484499e-06,0.06901942,0.92004067,0.9890601,0.9890601,0.00019018968,0.013790927,0.0005927386
2013-01-10,6.487882e-06,0.06909432,0.9199383,0.9890326,0.9890326,0.00018150822,0.013472498,0.000591562
2013-01-11,6.584219e-06,0.068279624,0.92076695,0.9890466,0.9890466,0.00017731528,0.013315978,0.00060111046
2013-01-14,6.9553253e-06,0.06645324,0.9223985,0.9888517,0.9888517,0.00017047027,0.013056426,0.0006238926
2013-01-15,6.6466e-06,0.068183534,0.9207853,0.98896885,0.98896885,0.00016654303,0.012905155,0.0006025301
2013-01-16,6.8536183e-06,0.06700375,0.92188513,0.98888886,0.98888886,0.00016604165,0.012885715,0.000616824
2013-01-17,6.7997626e-06,0.06731833,0.9215839,0.9889022,0.9889022,0.00016662631,0.012908381,0.0006127133
2013-01-18,6.7403225e-06,0.06750989,0.9214424,0.9889523,0.9889523,0.0001716294,0.0131007405,0.00061010977
2013-01-22,6.78533e-06,0.06728221,0.9216505,0.9889327,0.9889327,0.00016490344,0.012841473,0.00061309873
2013-01-23,6.478473e-06,0.06908188,0.9199737,0.9890556,0.9890556,0.00016192804,0.012725094,0.0005919427
2013-01-24,6.7507294e-06,0.06747742,0.92146516,0.98894256,0.98894256,0.00016348818,0.01278625,0.0006105149
2013-01-25,6.5170384e-06,0.06883397,0.9202022,0.98903614,0.98903614,0.00016098925,0.012688154,0.0005944111
2013-01-28,6.73136e-06,0.067560025,0.92139703,0.98895705,0.98895705,0.0001547242,0.012438818,0.0006095616
2013-01-29,6.2939175e-06,0.07002872,0.9191299,0.98915863,0.98915863,0.00015140147,0.0123045305,0.00058054633
2013-01-30,6.1401665e-06,0.0709523,0.91829133,0.9892436,0.9892436,0.00015456963,0.012432603,0.00057083985
2013-01-31,6.318682e-06,0.069896005,0.91925704,0.989153,0.989153,0.00014897266,0.012205436,0.0005825296
2013-02-01,6.5630607e-06,0.06850494,0.920526,0.98903096,0.98903096,0.00014490259,0.012037549,0.00059832574
2013-02-04,6.293122e-06,0.07003474,0.9191309,0.98916566,0.98916566,0.0001404234,0.011850039,0.0005808498
2013-02-05,6.768573e-06,0.067394935,0.9215437,0.9889386,0.9889386,0.00015498289,0.012449212,0.0006119109
2013-02-06,6.4352084e-06,0.06941011,0.9196455,0.9890556,0.9890556,0.00015104123,0.012289883,0.0005879896
2013-02-07,6.6172415e-06,0.06820845,0.9207955,0.98900396,0.98900396,0.00014535333,0.012056257,0.00060178386
2013-02-08,6.487361e-06,0.06913609,0.9198912,0.98902726,0.98902726,0.00014532615,0.01205513,0.00059122534
2013-02-11,6.314099e-06,0.06997103,0.9191731,0.98914415,0.98914415,0.00014030456,0.011845022,0.00058163085
2013-02-12,6.589041e-06,0.068410024,0.92060626,0.9890163,0.9890163,0.00014775744,0.012155551,0.00059989234
2013-02-13,6.3578154e-06,0.06969789,0.9194262,0.98912406,0.98912406,0.00014412441,0.012005183,0.00058457616
2013-02-14,6.7417177e-06,0.06742535,0.92154527,0.98897064,0.98897064,0.00014088627,0.011869553,0.0006112518
2013-02-15,6.1855853e-06,0.070712306,0.9184922,0.9892045,0.9892045,0.00013712223,0.01170992,0.0005729795
2013-02-19,6.528942e-06,0.0686248,0.920434,0.9890588,0.9890588,0.00014857887,0.012189293,0.0005967296
2013-02-20,6.8136833e-06,0.067028865,0.92191225,0.98894113,0.98894113,0.00014775811,0.012155579,0.0006161285
2013-02-21,6.8281906e-06,0.06732424,0.92154557,0.9888698,0.9888698,0.0001793028,0.0133903995,0.00061348244
2013-02-22,6.920614e-06,0.066715986,0.922124,0.98884,0.98884,0.00019276958,0.013884149,0.0006201258
2013-02-25,6.895891e-06,0.06674548,0.92212313,0.9888686,0.9888686,0.00018523166,0.013609984,0.00061949866
2013-02-26,7.138677e-06,0.0654408,0.92334133,0.9887821,0.9887821,0.00017771599,0.0133310165,0.00063636526
2013-02-27,6.925328e-06,0.0669348,0.9218764,0.9888112,0.9888112,0.00017314426,0.013158429,0.0006189515
2013-02-28,6.9041816e-06,0.06710129,0.9217195,0.9888208,0.9888208,0.00016663366,0.012908666,0.00061759126
2013-03-01,6.8188115e-06,0.06725286,0.9216769,0.98892975,0.98892975,0.00016470466,0.012833731,0.0006159581
2013-03-04,6.295061e-06,0.07045069,0.91872203,0.9891727,0.9891727,0.00017422964,0.013199608,0.00058140623
2013-03-05,7.1278014e-06,0.0656445,0.9231274,0.9887719,0.9887719,0.0001692791,0.01301073,0.000634819
2013-03-06,6.6673438e-06,0.068089604,0.92087036,0.98895997,0.98895997,0.00016708563,0.01292616,0.00060392433
2013-03-07,6.844902e-06,0.06720614,0.9216602,0.9888663,0.9888663,0.00016193604,0.012725409,0.0006147929
2013-03-08,7.08453e-06,0.06570195,0.9231067,0.98880863,0.98880863,0.00016606535,0.012886635,0.0006330352
2013-03-11,6.8008726e-06,0.06729544,0.9216261,0.9889215,0.9889215,0.00016143822,0.012705834,0.00061388157
2013-03-12,7.0209994e-06,0.06617714,0.9226394,0.98881656,0.98881656,0.00015564823,0.012475906,0.00062780315
2013-03-13,6.779663e-06,0.06753604,0.92136955,0.9889056,0.9889056,0.00015225772,0.012339275,0.0006110892
2013-03-14,6.984205e-06,0.066312745,0.92252666,0.9888394,0.9888394,0.00014707923,0.012127623,0.0006257905
2013-03-15,7.032531e-06,0.06600535,0.92282176,0.9888271,0.9888271,0.00014450272,0.012020928,0.0006294281
2013-03-18,6.909773e-06,0.066748716,0.92211634,0.9888651,0.9888651,0.00014158413,0.0118989125,0.0006205497
2013-03-19,6.9542534e-06,0.06647267,0.92237943,0.9888521,0.9888521,0.00013801287,0.011747887,0.00062381645
2013-03-20,7.0725146e-06,0.065948315,0.92282844,0.98877674,0.98877674,0.0001540044,0.012409851,0.000630166
2013-03-21,6.6635034e-06,0.06851183,0.9204311,0.9889429,0.9889429,0.0001538508,0.01240366,0.0006026459
2013-03-22,7.033436e-06,0.06613361,0.9226713,0.98880494,0.98880494,0.00015052954,0.012269048,0.00062826223
2013-03-25,7.0092806e-06,0.06624037,0.9225743,0.98881465,0.98881465,0.00015761887,0.012554635,0.0006266484
2013-03-26,6.9037333e-06,0.066866025,0.9219825,0.98884857,0.98884857,0.00016108097,0.012691768,0.00061908935
2013-03-27,6.8882055e-06,0.06683107,0.9220474,0.9888784,0.9888784,0.00017204764,0.013116693,0.0006193554
2013-03-28,7.070077e-06,0.06591813,0.9228745,0.98879266,0.98879266,0.00016586258,0.012878764,0.00063084334
2013-04-01,6.855127e-06,0.067004286,0.9218868,0.98889107,0.98889107,0.0001628993,0.012763201,0.0006170823
2013-04-02,6.581511e-06,0.068521634,0.92048675,0.98900837,0.98900837,0.00015726798,0.012540653,0.00059877464
2013-04-03,6.7275296e-06,0.06770248,0.9212433,0.9889458,0.9889458,0.00015141275,0.012304989,0.0006085939
2013-04-04,6.731626e-06,0.06811617,0.92076707,0.98888326,0.98888326,0.00020250931,0.014230576,0.0006055394
2013-04-05,7.2766074e-06,0.06495539,0.9237253,0.9886807,0.9886807,0.0002045615,0.0143025,0.00064285076
2013-04-08,7.422484e-06,0.06431855,0.9242855,0.988604,0.988604,0.00019878159,0.014098993,0.00065132417
2013-04-09,7.0914657e-06,0.06589744,0.9228514,0.98874885,0.98874885,0.00019417697,0.01393474,0.000630288
2013-04-10,6.9781954e-06,0.06646278,0.92234856,0.9888113,0.9888113,0.00019129744,0.0138310315,0.0006236832
2013-04-11,7.1646123e-06,0.06552908,0.9232085,0.9887375,0.9887376,0.00018472063,0.013591196,0.0006361489
2013-04-12,7.2375115e-06,0.06521012,0.92347854,0.98868865,0.98868865,0.0001875338,0.013694298,0.0006398449
2013-04-15,7.4017435e-06,0.064445704,0.9241718,0.9886175,0.98861754,0.00021881725,0.014792473,0.0006502728
2013-04-16,7.1992595e-06,0.065941334,0.92272335,0.9886647,0.9886647,0.00026347785,0.016232,0.0006351178
2013-04-17,7.322307e-06,0.06491255,0.923758,0.9886705,0.9886705,0.00025031745,0.015821423,0.0006463061
2013-04-18,7.3556816e-06,0.065065965,0.92356306,0.98862904,0.98862904,0.00027440427,0.016565152,0.0006468833
2013-04-19,7.472224e-06,0.064107545,0.9244699,0.9885774,0.9885774,0.000269849,0.016427081,0.00065416284
2013-04-22,7.4193736e-06,0.0643455,0.92425305,0.9885985,0.9885985,0.00025749672,0.016046705,0.0006507381
2013-04-23,7.106418e-06,0.066282205,0.9224199,0.9887021,0.9887021,0.00024978828,0.015804691,0.00062900444
2013-04-24,7.2389143e-06,0.06527163,0.92340994,0.98868155,0.98868155,0.00023884786,0.015454704,0.0006395679
2013-04-25,7.045423e-06,0.06623996,0.9225438,0.9887838,0.9887838,0.00026754604,0.016356835,0.00062814576
2013-04-26,6.9648354e-06,0.066578545,0.9222451,0.98882365,0.98882365,0.0002909045,0.017055923,0.00062317634
2013-04-29,7.271419e-06,0.065019086,0.92365885,0.9886779,0.9886779,0.00027860288,0.016691402,0.0006422334
2013-04-30,7.3824535e-06,0.064481586,0.9241475,0.98862904,0.9886291,0.000280759,0.016755864,0.00064923766
2013-05-01,7.3947863e-06,0.06469263,0.92389536,0.988588,0.988588,0.00027508548,0.0165857,0.000647982
2013-05-02,7.2287567e-06,0.06571001,0.9229438,0.9886538,0.9886538,0.00030725924,0.017528811,0.000637107
2013-05-03,6.762499e-06,0.06802794,0.9208386,0.98886657,0.98886657,0.00035709754,0.018897025,0.0006074047
2013-05-06,7.3142683e-06,0.06473416,0.9239338,0.98866796,0.98866796,0.0003549082,0.018839007,0.00064545055
2013-05-07,7.4202785e-06,0.064384095,0.92420655,0.98859066,0.98859066,0.00033718263,0.018362533,0.00065036863
2013-05-08,7.3372235e-06,0.06483514,0.92378706,0.9886222,0.9886222,0.00032126496,0.017923865,0.00064487127
2013-05-09,7.3629963e-06,0.06457767,0.9240626,0.9886403,0.9886403,0.00031081753,0.017630018,0.0006481687
2013-05-10,7.2561143e-06,0.065168954,0.92350525,0.9886742,0.9886742,0.00029502166,0.017176194,0.0006406726
2013-05-13,7.148162e-06,0.06578003,0.9229194,0.98869944,0.98869944,0.0002806892,0.016753782,0.0006325491
2013-05-14,7.3361725e-06,0.06479822,0.92383575,0.988634,0.988634,0.0002719379,0.01649054,0.0006454484
2013-05-15,7.3548313e-06,0.06472628,0.9238991,0.9886254,0.9886254,0.00026553927,0.016295375,0.0006466017
2013-05-16,7.2637317e-06,0.06514339,0.92352676,0.9886702,0.9886702,0.00025271956,0.015897157,0.0006411157
2013-05-17,6.968824e-06,0.066595435,0.9221965,0.98879194,0.98879194,0.00024574797,0.015676351,0.0006217691
2013-05-20,7.1701406e-06,0.06545999,0.9232748,0.9887348,0.9887348,0.00023870537,0.015450093,0.0006364848
2013-05-21,7.263415e-06,0.06511551,0.9235587,0.9886742,0.9886742,0.00023069733,0.015188724,0.00064131716
2013-05-22,7.1612685e-06,0.065756895,0.9229499,0.9887068,0.9887068,0.00022262464,0.014920611,0.0006341237
2013-05-23,7.3847013e-06,0.06465903,0.92393434,0.98859334,0.98859334,0.0002388899,0.015456064,0.0006474026
2013-05-24,7.4614336e-06,0.06417256,0.92441994,0.9885925,0.9885925,0.00022812332,0.015103752,0.0006540817
2013-05-28,7.3809347e-06,0.06446202,0.9241708,0.9886328,0.9886328,0.00021845159,0.014780108,0.0006493185
2013-05-29,7.0925016e-06,0.06597545,0.9227654,0.9887408,0.9887408,0.00021432166,0.014639729,0.00062992953
2013-05-30,7.356614e-06,0.064773,0.92383695,0.98860997,0.98860997,0.00023184594,0.015226488,0.00064588187
2013-05-31,7.196344e-06,0.06558959,0.92310923,0.98869884,0.98869884,0.00022310135,0.0149365775,0.00063677924
2013-06-03,7.330347e-06,0.06498053,0.9236548,0.9886353,0.9886353,0.00023418939,0.015303248,0.00064501027
2013-06-04,7.4296076e-06,0.0643776,0.92422044,0.98859805,0.98859805,0.00023971025,0.015482579,0.00065160845
2013-06-05,7.2545313e-06,0.06522619,0.92343765,0.98866385,0.98866385,0.00022916906,0.015138331,0.0006399468
2013-06-06,7.421883e-06,0.06431872,0.9242915,0.9886102,0.9886102,0.0002201175,0.014836357,0.00065162586
2013-06-07,6.991017e-06,0.06652324,0.9222663,0.98878956,0.98878956,0.00021807992,0.014767529,0.00062361656
2013-06-10,7.0176734e-06,0.06625198,0.9225512,0.9888032,0.9888032,0.00021949128,0.014815238,0.0006267575
2013-06-11,7.240784e-06,0.06522535,0.9234555,0.98868084,0.98868084,0.00021008596,0.014494342,0.00063969265
2013-06-12,7.0654933e-06,0.06626477,0.92247546,0.9887402,0.9887402,0.0002024624,0.014228928,0.00062749756
2013-06-13,7.2120115e-06,0.06535979,0.92333835,0.9886981,0.9886981,0.00019548227,0.013981497,0.00063812523
2013-06-14,6.9571274e-06,0.066605,0.92219853,0.98880357,0.9888035,0.00019207566,0.013859136,0.0006213699
2013-06-17,6.8778836e-06,0.066951156,0.9218989,0.98885006,0.98885006,0.00019318699,0.013899173,0.0006168537
2013-06-18,7.2345892e-06,0.06522896,0.92346805,0.988697,0.988697,0.00018505145,0.013603362,0.0006400588
2013-06-19,7.0278084e-06,0.06630098,0.92246693,0.9887679,0.9887679,0.00018095755,0.013452047,0.00062569085
2013-06-20,7.1652385e-06,0.06553085,0.9231977,0.9887285,0.9887285,0.00017429741,0.013202175,0.0006356965
2013-06-21,6.8620525e-06,0.06797986,0.92078316,0.98876303,0.98876303,0.00022538737,0.015012907,0.00061066775
2013-06-24,7.3194315e-06,0.06509351,0.9235475,0.988641,0.988641,0.00023722384,0.015402072,0.00064437423
2013-06-25,7.5377297e-06,0.063884035,0.92465323,0.98853725,0.98853725,0.00024212667,0.01556042,0.00065758487
2013-06-26,7.3506394e-06,0.064789884,0.92382854,0.98861843,0.98861843,0.00023151784,0.015215711,0.0006458372
2013-06-27,7.609225e-06,0.063494556,0.9250401,0.9885347,0.9885347,0.00022140946,0.014879834,0.0006636737
2013-06-28,7.093484e-06,0.06608306,0.92263126,0.98871434,0.98871434,0.00022839698,0.015112809,0.0006285394
2013-07-01,7.243824e-06,0.0651911,0.9235017,0.98869276,0.98869276,0.00021967597,0.01482147,0.0006406359
2013-07-02,7.22128e-06,0.065410115,0.92326397,0.9886741,0.9886741,0.0002237508,0.0149583025,0.0006375902
2013-07-03,7.0861774e-06,0.06601285,0.9227306,0.9887435,0.9887435,0.00023066999,0.015187824,0.00062951783
2013-07-05,6.912547e-06,0.06698255,0.9218126,0.98879516,0.98879516,0.00023702986,0.0153957745,0.0006169252
2013-07-08,6.775611e-06,0.06756243,0.9213133,0.98887575,0.98887575,0.00024992364,0.015808973,0.00060908456
2013-07-09,7.1515797e-06,0.06566823,0.9230494,0.9887176,0.9887176,0.00023710298,0.015398148,0.0006338713
2013-07-10,6.762907e-06,0.06765449,0.9212266,0.9888811,0.9888811,0.00022683037,0.015060889,0.0006082359
2013-07-11,6.5193462e-06,0.06896381,0.92003554,0.98899937,0.98899937,0.0002696529,0.016421111,0.00059263373
2013-07-12,7.1647887e-06,0.06559104,0.9231079,0.98869896,0.98869896,0.00027111,0.016465418,0.0006339937
2013-07-15,6.522534e-06,0.069173165,0.91977865,0.9889518,0.9889518,0.00026350643,0.016232882,0.00059037085
2013-07-16,7.1783056e-06,0.065555826,0.92314434,0.98870015,0.98870015,0.00024961983,0.015799362,0.0006352568
2013-07-17,6.8507657e-06,0.067314155,0.9215017,0.98881584,0.98881584,0.00023830697,0.015437194,0.00061254203
2013-07-18,7.1128425e-06,0.0659075,0.9228104,0.98871785,0.98871785,0.00022768405,0.015089204,0.0006304512
2013-07-19,6.917721e-06,0.0669111,0.9218962,0.9888073,0.9888073,0.00023071095,0.015189173,0.0006180576
2013-07-22,7.09246e-06,0.065957926,0.92277515,0.98873305,0.98873305,0.0002196107,0.014819268,0.0006294926
2013-07-23,6.9295024e-06,0.066981986,0.9217963,0.9887783,0.9887783,0.00021750128,0.014747924,0.0006175088
2013-07-24,6.9491857e-06,0.066716634,0.9220811,0.9887977,0.9887977,0.0002079281,0.014419712,0.00062033697
2013-07-25,7.248749e-06,0.06516841,0.92349815,0.98866653,0.98866653,0.00021921666,0.014805967,0.00063958805
2013-07-26,7.1883264e-06,0.065518536,0.9231695,0.98868805,0.98868805,0.00020972779,0.014481981,0.00063546316
2013-07-29,7.098601e-06,0.06583478,0.92291117,0.9887459,0.9887459,0.0002047432,0.01430885,0.00063075847
2013-07-30,7.045338e-06,0.06624137,0.9225084,0.9887498,0.9887498,0.00019624241,0.014008655,0.00062624126
2013-07-31,7.051017e-06,0.066038266,0.9227403,0.98877853,0.98877853,0.00020181318,0.0142060965,0.00062835065
2013-08-01,7.0038523e-06,0.06641152,0.92235774,0.98876923,0.98876923,0.00021587954,0.01469284,0.0006236308
2013-08-02,7.111808e-06,0.065990634,0.92270666,0.9886973,0.9886973,0.0002532109,0.015912602,0.00062921265
2013-08-05,7.2497805e-06,0.06511926,0.92355853,0.9886778,0.9886778,0.00024619483,0.015690597,0.0006403155
2013-08-06,7.363449e-06,0.06457132,0.92406124,0.98863256,0.98863256,0.00023556445,0.015348109,0.0006477667
2013-08-07,7.3446463e-06,0.064683154,0.92395324,0.9886364,0.9886364,0.00023454493,0.01531486,0.0006463295
2013-08-08,7.315098e-06,0.06495663,0.9236748,0.9886314,0.9886314,0.00022942066,0.015146638,0.00064344914
2013-08-09,7.424722e-06,0.064317465,0.92428654,0.988604,0.988604,0.00022518117,0.015006037,0.0006515205
2013-08-12,7.065222e-06,0.066117376,0.9226121,0.9887295,0.9887295,0.00025357556,0.015924057,0.00062687614
2013-08-13,7.3416527e-06,0.064758435,0.9238666,0.98862505,0.98862505,0.0002410945,0.015527218,0.00064542284
2013-08-14,7.0184756e-06,0.06641189,0.9223297,0.98874164,0.98874164,0.00023283732,0.015259008,0.000623401
2013-08-15,7.135789e-06,0.065691635,0.9230293,0.98872095,0.98872095,0.00022177144,0.014891992,0.0006326589
2013-08-16,7.188986e-06,0.065530226,0.9231549,0.98868513,0.98868513,0.00021302052,0.014595223,0.0006353574
2013-08-19,7.069087e-06,0.06603011,0.92272055,0.98875064,0.98875064,0.00020390187,0.014279421,0.00062839885
2013-08-20,7.1870004e-06,0.0653447,0.92338336,0.98872805,0.98872805,0.00019606641,0.014002372,0.00063760026
2013-08-21,7.0208644e-06,0.066567004,0.9221658,0.9887328,0.9887328,0.00021522996,0.0146707175,0.00062312494
2013-08-22,7.414572e-06,0.06435233,0.92424846,0.9886008,0.9886008,0.00021350246,0.014611723,0.00065044616
2013-08-23,7.342628e-06,0.064802885,0.9238032,0.9886061,0.9886061,0.00021261603,0.014581359,0.00064443477
2013-08-26,7.114104e-06,0.06586917,0.9228384,0.98870754,0.98870754,0.00021455732,0.014647775,0.0006299872
2013-08-27,7.4128693e-06,0.064273566,0.92435217,0.98862576,0.98862576,0.00020672829,0.0143780485,0.00065172464
2013-08-28,6.562342e-06,0.06930668,0.919554,0.98886067,0.98886067,0.00025077228,0.015835792,0.00058911444
2013-08-29,6.829684e-06,0.06738081,0.9214489,0.9888297,0.9888297,0.00024369705,0.015610799,0.00061141304
2013-08-30,7.4053073e-06,0.06437063,0.9242426,0.98861325,0.98861325,0.00024127524,0.015533037,0.0006503441
2013-09-03,7.395643e-06,0.06444292,0.924166,0.98860896,0.98860896,0.00023800011,0.015427252,0.0006492507
2013-09-04,7.206749e-06,0.0653999,0.9232979,0.98869777,0.98869777,0.00023146675,0.015214032,0.00063763943
2013-09-05,7.47326e-06,0.06419051,0.9243574,0.9885479,0.9885479,0.00023094448,0.015196858,0.000652568
2013-09-06,7.3190477e-06,0.06483983,0.9237909,0.9886307,0.9886307,0.00022780747,0.015093292,0.000643756
2013-09-09,7.1932163e-06,0.06536055,0.9233436,0.98870414,0.98870414,0.00024241429,0.015569659,0.0006368014
2013-09-10,7.4127993e-06,0.064323425,0.9242886,0.988612,0.988612,0.00023682236,0.015389034,0.0006509305
2013-09-11,7.354634e-06,0.06474812,0.9238682,0.9886163,0.9886163,0.0002517223,0.015865758,0.0006460664
2013-09-12,7.472641e-06,0.064106435,0.9244604,0.9885669,0.9885669,0.00024002972,0.015492893,0.00065359566
2013-09-13,7.2102407e-06,0.065560415,0.92307323,0.98863363,0.98863363,0.00023501621,0.015330238,0.0006343487
2013-09-16,7.464282e-06,0.06418746,0.92437595,0.9885634,0.9885634,0.00022511206,0.015003735,0.00065266725
2013-09-17,7.4849595e-06,0.064058036,0.92450666,0.98856467,0.9885647,0.00023062204,0.015186246,0.0006545469
2013-09-18,7.345642e-06,0.06476505,0.9238619,0.98862696,0.98862696,0.0002288408,0.015127485,0.00064588187
2013-09-19,7.1937225e-06,0.06564621,0.92298883,0.98863506,0.98863506,0.00025791975,0.01605988,0.00063297513
2013-09-20,7.452801e-06,0.064169385,0.924422,0.98859143,0.98859143,0.00026185895,0.016182056,0.00065326353
2013-09-23,7.623556e-06,0.06343896,0.9250639,0.98850286,0.98850286,0.00026686795,0.016336093,0.0006630828
2013-09-24,7.333144e-06,0.06492545,0.923712,0.98863745,0.98863745,0.00026176416,0.016179128,0.0006453782
2013-09-25,7.278094e-06,0.06509684,0.92357576,0.9886726,0.9886726,0.00025055517,0.015828935,0.00064252195
2013-09-26,7.456872e-06,0.06413874,0.92446613,0.98860484,0.9886049,0.00024018832,0.01549801,0.0006543896
2013-09-27,7.3616593e-06,0.06454352,0.9240913,0.9886348,0.9886348,0.00023022667,0.015173222,0.0006477383
2013-09-30,7.4306568e-06,0.06427851,0.9243423,0.98862076,0.98862076,0.00022031946,0.014843162,0.000653001
2013-10-01,7.3328847e-06,0.06474234,0.9238905,0.9886328,0.9886328,0.00021302668,0.014595433,0.00064509147
2013-10-02,7.283539e-06,0.06489402,0.9237856,0.98867965,0.98867965,0.00020475888,0.014309398,0.00064340216
2013-10-03,7.1032096e-06,0.06585282,0.92288023,0.98873305,0.98873305,0.00022174654,0.014891156,0.0006304467
2013-10-04,7.256007e-06,0.06497742,0.92371726,0.98869467,0.98869467,0.00021581298,0.014690574,0.00064182165
2013-10-07,7.3191122e-06,0.06468891,0.92397606,0.988665,0.988665,0.00020815284,0.014427503,0.0006457082
2013-10-08,7.2429816e-06,0.065183476,0.923509,0.98869246,0.98869246,0.00020385944,0.014277935,0.0006405446
2013-10-09,7.2389535e-06,0.065231785,0.92343473,0.98866653,0.98866653,0.00019666791,0.014023834,0.0006387237
2013-10-10,7.355158e-06,0.06462352,0.92400295,0.9886265,0.9886265,0.0002113468,0.014537772,0.0006466914
2013-10-11,7.0444935e-06,0.06637259,0.92233855,0.9887111,0.9887111,0.00021432363,0.014639797,0.0006240205
2013-10-14,7.469266e-06,0.06406227,0.92452276,0.98858505,0.988585,0.00021122271,0.014533503,0.00065434095
2013-10-15,7.4366694e-06,0.064227894,0.9243634,0.98859125,0.98859125,0.00020356927,0.014267771,0.0006518393
2013-10-16,7.336494e-06,0.06471715,0.92391586,0.98863304,0.98863304,0.00020489618,0.014314195,0.0006454225
2013-10-17,7.1892155e-06,0.06538226,0.92332274,0.988705,0.988705,0.00020361102,0.014269234,0.00063649425
2013-10-18,7.3236065e-06,0.0647404,0.92390853,0.98864895,0.98864895,0.00021235179,0.014572295,0.00064519205
2013-10-21,7.1587033e-06,0.065554954,0.9231596,0.9887146,0.9887146,0.00020360308,0.014268955,0.0006343318
2013-10-22,7.228412e-06,0.06513591,0.9235646,0.9887005,0.9887005,0.00021218575,0.0145665975,0.0006397113
2013-10-23,7.042442e-06,0.0665831,0.92212445,0.98870754,0.98870754,0.0002171815,0.014737079,0.00062364124
2013-10-24,7.331088e-06,0.0648071,0.9238539,0.988661,0.988661,0.00021383163,0.0146229835,0.00064653694
2013-10-25,7.391333e-06,0.06443986,0.9242108,0.9886506,0.9886507,0.00020523497,0.014326025,0.0006512543
2013-10-28,7.4663417e-06,0.06400573,0.9246001,0.98860586,0.98860586,0.00020055582,0.014161773,0.0006552789
2013-10-29,6.8474214e-06,0.06715764,0.9217002,0.9888578,0.9888578,0.00019721282,0.014043248,0.00061454874
2013-10-30,6.947616e-06,0.066483214,0.9223555,0.9888387,0.9888387,0.00019037513,0.013797649,0.0006224722
2013-10-31,7.107749e-06,0.065808795,0.9229641,0.98877287,0.98877287,0.00019731582,0.014046915,0.00063308683
2013-11-01,7.22504e-06,0.06524315,0.92344403,0.98868716,0.98868716,0.00019042674,0.013799519,0.00063865824
2013-11-04,6.965925e-06,0.067031465,0.92175597,0.9887874,0.9887874,0.00020606865,0.014355091,0.0006212594
2013-11-05,7.1602685e-06,0.06557355,0.9231785,0.98875207,0.98875207,0.00019691212,0.014032538,0.0006365853
2013-11-06,7.2054036e-06,0.06528652,0.9234509,0.9887374,0.9887374,0.00020096172,0.014176097,0.000639764
2013-11-07,7.295029e-06,0.06488205,0.92380583,0.9886879,0.9886879,0.00020739701,0.014401285,0.0006448857
2013-11-08,7.384754e-06,0.06447786,0.92415744,0.9886353,0.9886353,0.00020170519,0.014202295,0.0006497976
2013-11-11,7.1305412e-06,0.065682136,0.9230791,0.9887612,0.9887612,0.00019482328,0.013957911,0.00063445675
2013-11-12,7.1547256e-06,0.065443486,0.92331576,0.9887593,0.9887593,0.00018892148,0.013744871,0.0006365006
2013-11-13,7.260969e-06,0.06521615,0.9234735,0.9886896,0.9886896,0.0002148913,0.014659171,0.0006419729
2013-11-14,7.035941e-06,0.066159844,0.922619,0.9887788,0.9887788,0.00021070002,0.01451551,0.0006270238
2013-11-15,7.065023e-06,0.065972365,0.9228109,0.9887833,0.9887833,0.00020158407,0.01419803,0.00062986644
2013-11-18,7.3214574e-06,0.06467498,0.92399615,0.9886711,0.9886711,0.00019311393,0.0138965435,0.0006462651
2013-11-19,7.213229e-06,0.065201834,0.92350966,0.9887115,0.9887115,0.00019088942,0.013816274,0.0006389878
2013-11-20,6.9147814e-06,0.06660705,0.9222579,0.98886496,0.98886496,0.00018412338,0.013569207,0.00062099285
2013-11-21,6.9069165e-06,0.06683019,0.9220083,0.98883843,0.98883843,0.00017673196,0.013294057,0.0006188125
2013-11-22,6.7690885e-06,0.06764633,0.9212271,0.9888734,0.9888734,0.0002025488,0.014231964,0.0006083711
2013-11-25,7.1729214e-06,0.06536881,0.9233764,0.9887452,0.9887452,0.00019626015,0.0140092885,0.0006373218
2013-11-26,7.082795e-06,0.0658502,0.9229229,0.9887731,0.9887731,0.00019276647,0.013884037,0.0006308776
2013-11-27,7.1882855e-06,0.06529841,0.9234328,0.98873127,0.98873127,0.00018638796,0.013652397,0.0006378964
2013-11-29,7.2024154e-06,0.06532095,0.92338663,0.9887076,0.9887076,0.00019415194,0.013933842,0.00063781097
2013-12-02,7.2242683e-06,0.06514013,0.92357373,0.98871386,0.98871386,0.00018768852,0.013699946,0.0006401009
2013-12-03,7.1364784e-06,0.06565871,0.92307657,0.98873526,0.98873526,0.00018926674,0.013757424,0.0006335235
2013-12-04,6.860167e-06,0.06710555,0.9217382,0.98884374,0.98884374,0.00021702755,0.014731855,0.0006149163
2013-12-05,7.0985147e-06,0.065729626,0.9230402,0.9887698,0.9887698,0.00021619537,0.014703584,0.00063209323
2013-12-06,7.115431e-06,0.065704845,0.9230542,0.98875904,0.98875904,0.00020682631,0.014381457,0.00063299143
2013-12-09,6.9709736e-06,0.06638924,0.92243713,0.9888264,0.9888264,0.0001984481,0.014087161,0.0006238786
2013-12-10,7.15093e-06,0.06543362,0.9233285,0.98876214,0.98876214,0.00019080246,0.013813126,0.00063632487
2013-12-11,6.9048197e-06,0.06679187,0.9220539,0.98884577,0.98884577,0.00019229662,0.013867105,0.00061903126
2013-12-12,7.2088783e-06,0.06518947,0.92353773,0.9887272,0.9887272,0.00019253056,0.013875538,0.0006394938
2013-12-13,7.1969084e-06,0.06529394,0.92342556,0.98871946,0.98871946,0.00018502738,0.0136024775,0.00063799345
2013-12-16,7.098069e-06,0.065775745,0.92298836,0.9887641,0.9887641,0.00018396346,0.0135633135,0.00063173164
2013-12-17,6.955136e-06,0.066447556,0.9223897,0.98883724,0.98883724,0.00018202301,0.0134915905,0.0006230661
2013-12-18,6.9805037e-06,0.06627337,0.92256504,0.98883843,0.98883843,0.00017541359,0.013244379,0.0006254054
2013-12-19,6.701995e-06,0.06774249,0.9212204,0.9889629,0.9889629,0.00017097165,0.0130756125,0.00060722366
2013-12-20,6.6642933e-06,0.06811606,0.92083275,0.9889488,0.9889488,0.00017048813,0.01305711,0.00060303917
2013-12-23,6.6120456e-06,0.06826068,0.92073846,0.9889991,0.9889991,0.00016557945,0.012867767,0.0006010474
2013-12-24,6.9225475e-06,0.06648002,0.92240655,0.9888866,0.9888866,0.00016037385,0.012663879,0.00062290067
2013-12-26,6.547564e-06,0.0685279,0.9205224,0.98905027,0.98905027,0.00015540807,0.012466277,0.0005979658
2013-12-27,6.674274e-06,0.06777859,0.9212293,0.9890079,0.9890079,0.00015025517,0.012257862,0.00060718774
2013-12-30,6.5822437e-06,0.0683852,0.92064685,0.98903203,0.98903203,0.00014887258,0.012201335,0.00060013327
2013-12-31,6.902513e-06,0.066619664,0.92226815,0.9888878,0.9888878,0.00015126496,0.012298983,0.00062116457
2014-01-02,6.46475e-06,0.069118075,0.9199456,0.9890637,0.9890637,0.00015185254,0.012322846,0.0005911267
2014-01-03,7.092054e-06,0.065883696,0.9228822,0.9887659,0.9887659,0.0002125167,0.014577952,0.0006312968
2014-01-06,7.218224e-06,0.06532658,0.9233698,0.9886964,0.9886964,0.00021980671,0.01482588,0.0006385772
2014-01-07,7.2125054e-06,0.06521146,0.92350435,0.9887158,0.9887158,0.0002124512,0.014575706,0.00063917006
2014-01-08,6.975566e-06,0.06639931,0.92241925,0.9888186,0.9888186,0.00020376529,0.014274638,0.00062385364
2014-01-09,7.0670103e-06,0.06610343,0.9226413,0.98874474,0.98874474,0.00020917764,0.014462975,0.0006278849
2014-01-10,6.718519e-06,0.0681035,0.92078537,0.98888886,0.98888886,0.00020380237,0.014275936,0.00060466514
2014-01-13,6.9205616e-06,0.06659727,0.9222945,0.9888918,0.9888918,0.00020301121,0.0142482,0.00062301266
2014-01-14,7.2673197e-06,0.06484921,0.9238704,0.9887196,0.9887196,0.00020109922,0.014180945,0.0006442421
2014-01-15,7.114719e-06,0.0657342,0.9230191,0.9887533,0.9887533,0.00019755733,0.014055509,0.0006326061
2014-01-16,6.9541175e-06,0.06650455,0.9223254,0.9888299,0.9888299,0.00020775766,0.014413801,0.000622566
2014-01-17,7.104546e-06,0.06564054,0.92314553,0.9887861,0.9887861,0.00019898027,0.014106037,0.00063354825
2014-01-21,6.8528466e-06,0.066963576,0.9219253,0.98888886,0.98888886,0.00019190427,0.013852952,0.0006167546
2014-01-22,6.798981e-06,0.0671969,0.921746,0.9889429,0.9889429,0.00018644056,0.013654324,0.00061489845
2014-01-23,6.72502e-06,0.06786175,0.9210419,0.98890364,0.98890364,0.00020021356,0.014149684,0.0006060565
2014-01-24,6.9906146e-06,0.06625437,0.92257285,0.9888272,0.9888272,0.00019344666,0.01390851,0.0006256831
2014-01-27,6.6758907e-06,0.06805416,0.92089015,0.9889443,0.9889443,0.00018894178,0.01374561,0.0006038411
2014-01-28,6.605281e-06,0.068906814,0.9199909,0.98889774,0.9888977,0.00018721136,0.01368252,0.0005949493
2014-01-29,6.8649383e-06,0.0668899,0.921998,0.9888879,0.9888879,0.00019937397,0.014119985,0.0006177898
2014-01-30,6.5309227e-06,0.06903944,0.9199334,0.98897284,0.98897284,0.00019072514,0.013810327,0.00059225806
2014-01-31,6.365765e-06,0.07025631,0.918745,0.9890013,0.9890013,0.00018716061,0.013680666,0.0005787729
2014-02-03,6.7707047e-06,0.06733555,0.92161316,0.9889487,0.9889487,0.0001825932,0.013512705,0.00061266153
2014-02-04,6.66498e-06,0.068814375,0.92011726,0.98893166,0.98893166,0.00018345339,0.013544497,0.00060216594
2014-02-05,6.9946545e-06,0.06621384,0.92262185,0.9888357,0.9888357,0.00017945116,0.013395938,0.0006265193
2014-02-06,6.6355246e-06,0.06846189,0.9204707,0.9889326,0.9889326,0.00017275491,0.013143626,0.00059955637
2014-02-07,6.724342e-06,0.067584634,0.9213859,0.9889705,0.9889705,0.00016702198,0.012923698,0.0006096698
2014-02-10,6.437525e-06,0.06925201,0.91983163,0.98908365,0.98908365,0.00018873584,0.013738116,0.0005897139
2014-02-11,6.623174e-06,0.068420246,0.9205363,0.9889565,0.9889565,0.00018021175,0.013424297,0.00059973565
2014-02-12,6.7225014e-06,0.067683004,0.92127043,0.9889534,0.9889534,0.00017265615,0.013139868,0.00060855906
2014-02-13,6.8307877e-06,0.067165084,0.92172223,0.9888873,0.9888873,0.00016689848,0.012918919,0.00061468355
2014-02-14,6.8919508e-06,0.06666703,0.9222324,0.9888994,0.9888994,0.0001606777,0.01267587,0.00062086346
2014-02-18,6.6677235e-06,0.0680169,0.9209505,0.98896736,0.98896736,0.00015511029,0.012454328,0.00060436333
2014-02-19,6.656691e-06,0.068034135,0.92094755,0.98898166,0.98898166,0.00017887466,0.013374403,0.0006041467
2014-02-20,6.7638393e-06,0.067457855,0.9214754,0.98893327,0.98893327,0.00017609615,0.013270122,0.00061118655
2014-02-21,6.73286e-06,0.067724764,0.92119807,0.98892283,0.98892283,0.00017012248,0.013043101,0.00060781435
2014-02-24,7.086455e-06,0.06577133,0.9230168,0.9887881,0.9887881,0.00016701756,0.0129235275,0.0006320492
2014-02-25,6.2810695e-06,0.0707432,0.9183218,0.989065,0.989065,0.00016346664,0.012785408,0.00057440007
2014-02-26,6.4493665e-06,0.06930804,0.91974896,0.989057,0.989057,0.0001633483,0.012780779,0.00058936025
2014-02-27,6.5683953e-06,0.068525724,0.9204944,0.9890201,0.9890201,0.00016027915,0.01266014,0.00059822045
2014-02-28,6.488126e-06,0.06934003,0.91965604,0.9889961,0.9889961,0.00015440433,0.012425954,0.00058962
2014-03-03,6.7283213e-06,0.06745733,0.9215281,0.9889854,0.9889854,0.00014866797,0.012192948,0.0006108559
2014-03-04,5.6667304e-06,0.07459428,0.9148092,0.9894035,0.9894035,0.00017703403,0.013305414,0.0005347731
2014-03-05,7.0352485e-06,0.06603109,0.9227862,0.9888173,0.9888173,0.00018556029,0.013622052,0.00062911754
2014-03-06,6.853749e-06,0.06735648,0.92146176,0.9888182,0.9888182,0.00020111178,0.014181389,0.0006129394
2014-03-07,7.0710666e-06,0.065823965,0.9229797,0.9888037,0.9888037,0.00019221871,0.0138642965,0.000631553
2014-03-10,6.932453e-06,0.066619985,0.9222248,0.9888448,0.9888448,0.00019074888,0.013811187,0.0006214555
2014-03-11,7.1244585e-06,0.06575876,0.9229831,0.9887419,0.9887419,0.00019699459,0.014035476,0.00063282816
2014-03-12,6.8581385e-06,0.067072645,0.92179537,0.988868,0.988868,0.00019701438,0.014036181,0.00061607413
2014-03-13,6.8977943e-06,0.06708233,0.92171973,0.9888021,0.9888021,0.00021760337,0.014751386,0.0006159886
2014-03-14,7.0359433e-06,0.06637719,0.9223716,0.98874885,0.9887488,0.00020770993,0.014412145,0.0006253532
2014-03-17,6.9979733e-06,0.066245295,0.92258084,0.98882616,0.98882616,0.00020165827,0.014200644,0.0006262816
2014-03-18,7.1538793e-06,0.06569927,0.92302394,0.9887232,0.9887232,0.00019778853,0.014063731,0.00063439016
2014-03-19,6.892889e-06,0.067002796,0.92184,0.9888428,0.9888428,0.00020684036,0.014381945,0.00061779656
2014-03-20,7.062413e-06,0.0659627,0.9228344,0.9887971,0.98879707,0.00020036231,0.014154939,0.0006304109
2014-03-21,6.727988e-06,0.06787975,0.9210556,0.98893535,0.98893535,0.00019810339,0.014074921,0.0006080616
2014-03-24,6.9568564e-06,0.06655303,0.92228997,0.988843,0.98884296,0.0001891925,0.013754726,0.00062354316
2014-03-25,6.9906864e-06,0.06640813,0.9224061,0.9888142,0.98881423,0.00018153807,0.013473607,0.0006249594
2014-03-26,6.9250973e-06,0.06662299,0.92224914,0.9888721,0.9888721,0.00017570672,0.013255442,0.00062231906
2014-03-27,6.912107e-06,0.06673108,0.9221278,0.9888589,0.9888589,0.00017630357,0.013277936,0.0006204139
2014-03-28,6.907984e-06,0.0666148,0.92227215,0.98888695,0.98888695,0.00017600555,0.013266708,0.0006216102
2014-03-31,6.8856652e-06,0.06696715,0.9218873,0.9888544,0.9888544,0.00017009876,0.013042192,0.0006177927
2014-04-01,6.842683e-06,0.06722118,0.92164695,0.9888681,0.9888681,0.00016378213,0.012797739,0.00061469234
2014-04-02,6.9163907e-06,0.06702664,0.9217801,0.9888067,0.9888067,0.00018084359,0.01344781,0.00061790587
2014-04-03,7.1384566e-06,0.06557747,0.9231932,0.98877066,0.98877066,0.0001737538,0.01318157,0.0006356971
2014-04-04,6.9481493e-06,0.06651897,0.9223238,0.9888428,0.9888428,0.00017028749,0.013049425,0.00062274945
2014-04-07,6.9949956e-06,0.066338405,0.922476,0.9888144,0.9888144,0.00016848267,0.012980088,0.00062535796
2014-04-08,7.122336e-06,0.065679714,0.9230822,0.9887619,0.9887619,0.00016583933,0.012877862,0.000633767
2014-04-09,6.666367e-06,0.06811103,0.92084634,0.9889574,0.9889574,0.00018821072,0.013718992,0.0006036957
2014-04-10,6.921783e-06,0.06665302,0.9222032,0.9888562,0.9888562,0.0001865893,0.01365977,0.0006211329
2014-04-11,7.1396735e-06,0.0655762,0.9231804,0.9887566,0.9887566,0.00017930905,0.013390633,0.00063501
2014-04-14,6.9475605e-06,0.066628926,0.92219794,0.9888269,0.9888269,0.00017328211,0.013163666,0.00062180974
2014-04-15,6.760745e-06,0.06754147,0.9213858,0.9889273,0.9889273,0.00016725023,0.012932526,0.00061057805
2014-04-16,6.774141e-06,0.06743494,0.9214958,0.9889307,0.9889307,0.00016152259,0.012709154,0.0006119757
2014-04-17,6.7451997e-06,0.06765291,0.9212769,0.98892987,0.98892987,0.00015561789,0.01247469,0.0006093152
2014-04-21,7.021852e-06,0.06601627,0.9228229,0.98883915,0.98883915,0.00015177178,0.012319569,0.00062915025
2014-04-22,6.838624e-06,0.0670814,0.9218178,0.9888992,0.9888992,0.00014709268,0.012128177,0.00061604625
2014-04-23,6.834526e-06,0.06722758,0.9216513,0.9888789,0.9888789,0.00017470434,0.013217577,0.0006145552
2014-04-24,7.1104214e-06,0.06580126,0.9229537,0.988755,0.988755,0.00017116139,0.013082867,0.0006323178
2014-04-25,7.0245783e-06,0.06622861,0.9225696,0.9887982,0.9887982,0.00016652484,0.01290445,0.0006270938
2014-04-28,7.084496e-06,0.06597395,0.9227808,0.98875475,0.98875475,0.00017267268,0.013140498,0.0006299989
2014-04-29,7.330577e-06,0.06470018,0.92396814,0.9886683,0.9886683,0.00016672695,0.012912279,0.0006469101
2014-04-30,6.9521125e-06,0.06661542,0.92221415,0.98882955,0.98882955,0.00016247689,0.012746642,0.00062236656
2014-05-01,7.1438517e-06,0.06582363,0.9228881,0.9887117,0.9887117,0.00017291996,0.013149903,0.00063285534
2014-05-02,7.0680517e-06,0.066259146,0.9224744,0.98873353,0.98873353,0.00016751388,0.012942716,0.0006273528
2014-05-05,7.0340093e-06,0.066183954,0.92261136,0.98879534,0.9887953,0.00016226359,0.012738273,0.0006277753
2014-05-06,7.2137977e-06,0.0653354,0.9233708,0.9887062,0.9887062,0.00015735548,0.012544141,0.00063873804
2014-05-07,7.184612e-06,0.06545211,0.92327654,0.98872864,0.98872864,0.00015251135,0.012349549,0.0006374221
2014-05-08,6.8585255e-06,0.06714805,0.9217149,0.98886293,0.98886293,0.00015813149,0.012575034,0.0006158286
2014-05-09,6.9356574e-06,0.06678189,0.92203456,0.98881644,0.98881644,0.00015450545,0.0124300225,0.00062016543
2014-05-12,7.0499354e-06,0.06611104,0.9226808,0.9887918,0.9887918,0.00014997026,0.012246234,0.0006289993
2014-05-13,6.9233256e-06,0.066748925,0.92210245,0.98885137,0.98885137,0.00014760617,0.012149328,0.0006210023
2014-05-14,6.7775004e-06,0.06753359,0.9213769,0.9889105,0.9889105,0.00015072525,0.012277021,0.00061116356
2014-05-15,6.8853988e-06,0.06678411,0.9221014,0.98888546,0.9888855,0.00014835673,0.0121801775,0.0006194948
2014-05-16,7.2152166e-06,0.065212466,0.9235139,0.9887264,0.9887264,0.00014882562,0.012199411,0.0006400087
2014-05-19,7.0751867e-06,0.0659244,0.922854,0.9887784,0.9887784,0.00014620554,0.012091548,0.0006304978
2014-05-20,7.169462e-06,0.065423444,0.923326,0.98874944,0.98874944,0.00014401635,0.012000681,0.00063725404
2014-05-21,6.976213e-06,0.06654136,0.92227125,0.9888126,0.9888126,0.00014037878,0.0118481545,0.00062357914
2014-05-22,6.905834e-06,0.066821784,0.92202485,0.9888466,0.98884666,0.00015252971,0.012350292,0.0006191685
2014-05-23,6.913079e-06,0.06671613,0.9221436,0.9888597,0.9888597,0.00014832096,0.01217871,0.0006205476
2014-05-27,7.0069045e-06,0.06619864,0.9226297,0.98882836,0.98882836,0.00014579696,0.012074641,0.0006272047
2014-05-28,7.166166e-06,0.0654985,0.92324615,0.9887446,0.9887446,0.00014195088,0.011914314,0.00063668785
2014-05-29,7.337927e-06,0.06468753,0.92397237,0.9886599,0.9886599,0.00015047828,0.012266959,0.00064707885
2014-05-30,7.137811e-06,0.0656966,0.9230407,0.9887373,0.9887373,0.00015061899,0.012272693,0.0006337558
2014-06-02,7.2859298e-06,0.06493173,0.92375165,0.9886834,0.9886834,0.00015110707,0.012292562,0.0006438269
2014-06-03,7.3602046e-06,0.0646151,0.9240277,0.98864275,0.9886428,0.00014730275,0.012136835,0.0006480623
2014-06-04,7.2260104e-06,0.065252244,0.92345536,0.9887076,0.9887076,0.0001436404,0.011985008,0.00063990045
2014-06-05,7.281354e-06,0.0650576,0.92362124,0.9886788,0.9886788,0.00013988375,0.011827246,0.0006431617
2014-06-06,7.080629e-06,0.06594052,0.922835,0.9887755,0.9887755,0.00013669133,0.011691507,0.00063081866
2014-06-09,7.1912023e-06,0.065453164,0.92326516,0.98871833,0.98871833,0.00013337587,0.011548847,0.0006374236
2014-06-10,6.8372906e-06,0.06726327,0.9216263,0.9888896,0.9888896,0.00014850954,0.012186449,0.00061539415
2014-06-11,6.878562e-06,0.06707242,0.9217733,0.98884577,0.9888457,0.00014375207,0.011989665,0.0006166772
2014-06-12,6.9301755e-06,0.06658867,0.9222702,0.9888589,0.9888588,0.00013938927,0.011806323,0.0006220357
2014-06-13,6.3937346e-06,0.070091695,0.91890574,0.98899746,0.98899746,0.0001620103,0.012728327,0.0005811144
2014-06-16,7.16204e-06,0.06558849,0.9231333,0.9887218,0.9887218,0.00015603968,0.012491584,0.0006350333
2014-06-17,7.00695e-06,0.06622339,0.9225901,0.98881346,0.98881346,0.00015121468,0.012296938,0.0006263733
2014-06-18,6.886545e-06,0.06693662,0.92192274,0.98885936,0.98885936,0.0001483781,0.012181055,0.00061814603
2014-06-19,7.020457e-06,0.06614629,0.9226605,0.98880684,0.98880684,0.00014470394,0.012029295,0.0006272098
2014-06-20,6.8328495e-06,0.0670683,0.921831,0.9888993,0.9888993,0.00014164131,0.011901315,0.0006155327
2014-06-23,6.8499294e-06,0.06714677,0.9217204,0.98886716,0.98886716,0.00014120512,0.011882976,0.0006152906
2014-06-24,7.006057e-06,0.06631115,0.9224843,0.98879546,0.9887954,0.00014433765,0.01201406,0.0006252873
2014-06-25,6.900953e-06,0.066944286,0.9218913,0.9888356,0.9888356,0.00014031617,0.011845513,0.0006181198
2014-06-26,7.139728e-06,0.06575864,0.92296493,0.9887236,0.9887236,0.00013742951,0.011723033,0.00063315534
2014-06-27,6.870328e-06,0.06705166,0.9217933,0.98884493,0.98884493,0.00013672208,0.011692822,0.00061589293
2014-06-30,7.087724e-06,0.06576838,0.92302155,0.9887899,0.9887899,0.00013299374,0.011532291,0.00063226325
2014-07-01,7.1139584e-06,0.06586415,0.92287844,0.9887426,0.9887426,0.00013076546,0.011435272,0.0006319356
2014-07-02,7.0166357e-06,0.06636947,0.92241114,0.9887806,0.9887806,0.0001278126,0.011305423,0.000625403
2014-07-03,6.988325e-06,0.066468045,0.9223234,0.98879147,0.98879147,0.00012963536,0.011385753,0.0006234825
2014-07-07,7.226699e-06,0.06514793,0.92357165,0.9887196,0.9887196,0.00012776387,0.011303268,0.0006406411
2014-07-08,6.8032537e-06,0.06763288,0.9212103,0.98884314,0.98884314,0.00012708662,0.0112732705,0.0006097823
2014-07-09,6.982661e-06,0.066553496,0.9222684,0.98882186,0.98882186,0.00012402785,0.01113678,0.00062467135
2014-07-10,7.118498e-06,0.065941654,0.9227901,0.98873174,0.98873174,0.00012946848,0.011378421,0.00063173013
2014-07-11,6.9269495e-06,0.06671304,0.92213994,0.988853,0.988853,0.00012896382,0.011356223,0.000621417
2014-07-14,7.270778e-06,0.06522891,0.92344403,0.988673,0.988673,0.00015485531,0.012444087,0.00064189633
2014-07-15,7.2225766e-06,0.065310284,0.92341113,0.98872143,0.98872143,0.00015029107,0.012259326,0.00064038055
2014-07-16,7.198067e-06,0.065703124,0.92298007,0.9886832,0.9886832,0.00015214454,0.012334689,0.0006360528
2014-07-17,7.344744e-06,0.064664975,0.92399424,0.9886592,0.9886592,0.00015722876,0.01253909,0.00064763916
2014-07-18,7.0272117e-06,0.0666785,0.92205536,0.9887339,0.9887339,0.0001765483,0.013287148,0.0006237477
2014-07-21,7.225465e-06,0.06519809,0.92352223,0.98872036,0.9887203,0.00016985936,0.01303301,0.0006405757
2014-07-22,6.9971734e-06,0.066402465,0.9224187,0.98882115,0.98882115,0.00017654555,0.013287044,0.00062592956
2014-07-23,6.988474e-06,0.06677008,0.922008,0.98877805,0.98877805,0.00017007705,0.013041359,0.00062275067
2014-07-24,7.20263e-06,0.065423116,0.9232814,0.9887045,0.9887045,0.00017468256,0.013216753,0.000637655
2014-07-25,7.4113805e-06,0.064394064,0.92423797,0.988632,0.988632,0.00017565933,0.013253653,0.00065195246
2014-07-28,6.9751786e-06,0.066593796,0.9221976,0.98879135,0.98879135,0.00016976251,0.013029294,0.000622303
2014-07-29,7.260714e-06,0.0650508,0.9236518,0.9887026,0.9887026,0.0001647961,0.012837294,0.00064268865
2014-07-30,7.153072e-06,0.065721616,0.9230075,0.9887291,0.9887291,0.00016279775,0.012759222,0.0006346507
2014-07-31,7.282607e-06,0.06508422,0.92357403,0.98865825,0.98865825,0.00016081907,0.012681446,0.00064210605
2014-08-01,7.4106183e-06,0.06441135,0.924215,0.98862636,0.98862636,0.00018562833,0.013624549,0.0006515609
2014-08-04,7.1673408e-06,0.066003636,0.9226813,0.9886849,0.9886849,0.0001796293,0.013402586,0.0006334311
2014-08-05,7.4042705e-06,0.06434126,0.9242926,0.9886339,0.9886339,0.00017393351,0.013188385,0.0006514329
2014-08-06,7.407477e-06,0.06452883,0.9241096,0.9886384,0.9886384,0.0001740252,0.013191861,0.0006519749
2014-08-07,7.318525e-06,0.064861715,0.92380166,0.9886634,0.9886634,0.0001698218,0.013031569,0.00064556475
2014-08-08,7.0579545e-06,0.06606613,0.92271596,0.9887821,0.9887821,0.00016528298,0.012856243,0.0006291694
2014-08-11,7.340862e-06,0.06469505,0.9239745,0.9886696,0.9886696,0.00016013882,0.012654597,0.00064788933
2014-08-12,7.3021497e-06,0.06484227,0.9238227,0.988665,0.988665,0.00015642226,0.012506888,0.0006442117
2014-08-13,7.2604366e-06,0.06511034,0.9235855,0.9886958,0.9886958,0.00015545942,0.012468337,0.0006422778
2014-08-14,6.725376e-06,0.067792654,0.921128,0.9889206,0.9889206,0.0001511058,0.01229251,0.00060701784
2014-08-15,7.0670653e-06,0.06637529,0.9223998,0.98877513,0.98877513,0.00017595118,0.013264659,0.0006295902
2014-08-18,7.021444e-06,0.06628082,0.9225081,0.98878896,0.98878896,0.00019113571,0.013825184,0.00062629743
2014-08-19,7.348004e-06,0.06468987,0.9239749,0.98866475,0.98866475,0.00018989579,0.013780268,0.00064824347
2014-08-20,7.300994e-06,0.065022305,0.92363775,0.98866004,0.98866004,0.00020988687,0.014487473,0.00064382877
2014-08-21,7.4984946e-06,0.064210005,0.92433614,0.98854613,0.98854613,0.00021875699,0.014790436,0.00065466925
2014-08-22,7.5466432e-06,0.06381066,0.9247538,0.98856443,0.98856443,0.00024205448,0.0155581,0.00065992726
2014-08-25,7.556195e-06,0.06374548,0.9248075,0.988553,0.988553,0.00023218841,0.01523773,0.00066010194
2014-08-26,7.4886693e-06,0.0640394,0.9245577,0.9885971,0.9885971,0.00022304311,0.014934628,0.00065673346
2014-08-27,7.3223287e-06,0.0649213,0.92370975,0.98863107,0.98863107,0.00021544333,0.014677988,0.00064406486
2014-08-28,7.4382647e-06,0.06421215,0.9243977,0.98860985,0.98860985,0.00020632947,0.014364173,0.0006530436
2014-08-29,7.3525803e-06,0.06475226,0.9238952,0.98864746,0.98864746,0.00020120223,0.014184577,0.00064765953
2014-09-02,7.2413327e-06,0.06514319,0.9235455,0.98868865,0.98868865,0.00020697764,0.014386717,0.00064018276
2014-09-03,6.3092334e-06,0.07180441,0.9172048,0.9890092,0.9890092,0.00026874073,0.016393313,0.00057404686
2014-09-04,6.942038e-06,0.066836156,0.9219341,0.9887703,0.9887703,0.00030908803,0.0175809,0.00061818585
2014-09-05,7.582736e-06,0.06361584,0.92492557,0.9885414,0.9885414,0.00030106993,0.017351367,0.00066175207
2014-09-08,7.696838e-06,0.06311707,0.92537063,0.9884877,0.9884877,0.00029614306,0.017208807,0.0006685764
2014-09-09,7.748993e-06,0.06287321,0.9255918,0.988465,0.988465,0.00028484425,0.016877329,0.0006717816
2014-09-10,7.5155e-06,0.06394657,0.92460954,0.9885561,0.9885561,0.00027143225,0.0164752,0.0006567247
2014-09-11,7.4709315e-06,0.064288326,0.92429507,0.9885834,0.9885834,0.0002676173,0.016359013,0.0006543912
2014-09-12,7.2186835e-06,0.06546938,0.9232083,0.9886777,0.9886777,0.00026461223,0.016266907,0.00063756225
2014-09-15,7.4645636e-06,0.06407476,0.92453665,0.9886114,0.9886114,0.00025410036,0.015940527,0.0006554417
2014-09-16,7.5092607e-06,0.06395556,0.9246123,0.9885678,0.9885678,0.0002453365,0.015663221,0.00065685343
2014-09-17,7.3308906e-06,0.06481437,0.92381465,0.98862904,0.98862904,0.00026158494,0.016173588,0.00064470305
2014-09-18,7.478949e-06,0.06408349,0.92449474,0.9885782,0.9885782,0.00025067155,0.01583261,0.000654796
2014-09-19,7.3714914e-06,0.06452159,0.92412513,0.98864675,0.98864675,0.00025295705,0.015904624,0.00064928445
2014-09-22,7.2926337e-06,0.06484111,0.92386734,0.98870844,0.98870844,0.00024462573,0.015640516,0.000645848
2014-09-23,7.444589e-06,0.06442668,0.9241757,0.98860234,0.98860234,0.00023966997,0.015481278,0.0006531682
2014-09-24,7.205897e-06,0.06543386,0.92329156,0.9887254,0.9887254,0.0002289443,0.015130905,0.000639128
2014-09-25,7.409752e-06,0.06428619,0.9243478,0.988634,0.988634,0.00023001355,0.015166198,0.000651922
2014-09-26,7.430262e-06,0.06428483,0.9243289,0.9886137,0.9886137,0.00022066098,0.014854662,0.000652563
2014-09-29,7.407842e-06,0.06449571,0.92409945,0.9885951,0.9885951,0.0002186412,0.014786521,0.0006495331
2014-09-30,7.271076e-06,0.065009825,0.9236664,0.98867625,0.98867625,0.00021685597,0.014726031,0.0006421085
2014-10-01,7.1625227e-06,0.06618393,0.9224728,0.9886567,0.9886567,0.0002963908,0.017216004,0.000631432
2014-10-02,7.2007388e-06,0.065846786,0.922797,0.9886438,0.9886438,0.0002822074,0.016799029,0.00063408137
2014-10-03,7.487835e-06,0.0642145,0.92434466,0.9885592,0.9885591,0.00026815312,0.016375381,0.0006544845
2014-10-06,7.641415e-06,0.06329562,0.9252222,0.9885178,0.9885178,0.0002684686,0.016385011,0.00066550216
2014-10-07,7.4142677e-06,0.064452,0.9241588,0.9886108,0.9886108,0.0002586478,0.01608253,0.00065099134
2014-10-08,7.3932947e-06,0.06453301,0.92408365,0.98861665,0.98861665,0.00026478656,0.016272264,0.00064948294
2014-10-09,7.3314873e-06,0.06529744,0.92331,0.9886074,0.9886074,0.00027234788,0.016502965,0.00064353104
2014-10-10,7.4609475e-06,0.06439632,0.9242123,0.9886086,0.9886086,0.0002800293,0.016734075,0.0006549631
2014-10-13,7.526087e-06,0.06388228,0.92468286,0.98856515,0.98856515,0.0002662751,0.016317938,0.00065817084
2014-10-14,7.633721e-06,0.06340885,0.9251107,0.98851955,0.98851955,0.0002538337,0.01593216,0.0006649322
2014-10-15,7.0527935e-06,0.067367375,0.92134506,0.98871243,0.98871243,0.00038128876,0.019526618,0.00062482833
2014-10-16,7.5210264e-06,0.06417352,0.9244023,0.9885758,0.9885758,0.0003584149,0.018931849,0.00065834256
2014-10-17,7.4133136e-06,0.06447599,0.92415434,0.98863035,0.98863035,0.0003465332,0.018615402,0.0006520268
2014-10-20,7.466134e-06,0.06413931,0.9244586,0.9885979,0.9885979,0.00032767214,0.018101716,0.0006548051
2014-10-21,7.3653514e-06,0.06474596,0.9239135,0.98865944,0.98865944,0.00031041887,0.017618708,0.0006494699
2014-10-22,6.902411e-06,0.06741852,0.9213784,0.9887969,0.9887969,0.00029422645,0.01715303,0.0006161156
2014-10-23,7.21853e-06,0.06593925,0.92272294,0.9886622,0.9886622,0.00033192046,0.018218685,0.00063667726
2014-10-24,7.133611e-06,0.065766685,0.9229855,0.9887522,0.9887522,0.00033747486,0.018370489,0.000634222
2014-10-27,7.473844e-06,0.06429824,0.9243008,0.988599,0.98859906,0.00033057167,0.01818163,0.000655543
2014-10-28,7.378137e-06,0.064867765,0.92375803,0.98862576,0.98862576,0.0003130299,0.01769265,0.00064867106
2014-10-29,7.3330702e-06,0.06485432,0.92377836,0.9886327,0.9886327,0.00029812087,0.017266177,0.000645101
2014-10-30,7.2906964e-06,0.06504737,0.92359585,0.9886432,0.9886432,0.00028833523,0.016980436,0.00064196915
2014-10-31,7.5097532e-06,0.06399366,0.9245738,0.9885675,0.9885675,0.00028538756,0.016893419,0.00065687596
2014-11-03,7.4880536e-06,0.06409461,0.92446893,0.98856354,0.98856354,0.00027488903,0.016579777,0.0006547526
2014-11-04,7.5435023e-06,0.06386322,0.9246788,0.988542,0.988542,0.00029358262,0.017134253,0.00065836235
2014-11-05,7.5419234e-06,0.06408878,0.924432,0.98852074,0.98852074,0.00030618635,0.017498182,0.0006570044
2014-11-06,7.6872075e-06,0.0632615,0.92519134,0.98845285,0.98845285,0.00031343708,0.017704153,0.00066572346
2014-11-07,7.4715576e-06,0.06424709,0.92429626,0.98854333,0.98854333,0.00030409516,0.017438324,0.000652158
2014-11-10,7.635382e-06,0.063553356,0.92490816,0.9884615,0.9884615,0.00029400125,0.017146464,0.00066173053
2014-11-11,7.3400547e-06,0.065107495,0.9234644,0.98857194,0.9885719,0.00029636038,0.01721512,0.00064228364
2014-11-12,7.508695e-06,0.0639577,0.92461294,0.98857063,0.98857063,0.00028395344,0.016850919,0.00065696496
2014-11-13,7.3667984e-06,0.064740375,0.9238679,0.98860824,0.98860824,0.00027649917,0.016628264,0.00064667786
2014-11-14,6.785029e-06,0.06893629,0.91986084,0.9887971,0.9887971,0.00036372285,0.01907152,0.0006056509
2014-11-17,7.26337e-06,0.06519506,0.9234652,0.9886603,0.9886603,0.00037241518,0.019298062,0.00064052443
2014-11-18,7.518613e-06,0.063897885,0.9246561,0.988554,0.988554,0.00035162168,0.018751578,0.00065687695
2014-11-19,7.5912e-06,0.063851565,0.9246459,0.98849744,0.9884975,0.0003450805,0.018576343,0.0006599572
2014-11-20,7.641843e-06,0.06333383,0.9251867,0.9885205,0.9885205,0.00032669466,0.018074697,0.00066569494
2014-11-21,7.4414174e-06,0.06438733,0.9241968,0.9885841,0.9885841,0.00032073274,0.017909013,0.0006518468
2014-11-24,7.0609644e-06,0.06629995,0.9224263,0.98872626,0.98872626,0.00031312025,0.017695203,0.0006263195
2014-11-25,7.2340845e-06,0.06535789,0.9233085,0.9886664,0.9886664,0.0003022917,0.017386539,0.0006382874
2014-11-26,7.5105586e-06,0.06397079,0.92460114,0.98857194,0.98857194,0.00032029473,0.017896779,0.0006572034
2014-11-28,7.672545e-06,0.06327605,0.9251978,0.98847383,0.98847383,0.00030569872,0.017484242,0.0006656631
2014-12-01,6.3918105e-06,0.073205985,0.91568273,0.98888874,0.98888874,0.0010310247,0.032109573,0.00057525525
2014-12-02,7.5757084e-06,0.064601555,0.92391896,0.9885205,0.9885205,0.0010792706,0.032852255,0.00065993384
2014-12-03,7.414499e-06,0.06602127,0.92250955,0.9885308,0.9885308,0.0010686108,0.032689612,0.0006464713
2014-12-04,7.805126e-06,0.06350522,0.92491335,0.9884186,0.9884186,0.0009966502,0.031569768,0.0006739351
2014-12-05,7.705969e-06,0.06416739,0.92427623,0.9884436,0.9884436,0.0009344642,0.030569008,0.00066681474
2014-12-08,7.726921e-06,0.063324764,0.9251468,0.98847157,0.98847157,0.0008855851,0.029758781,0.00067024905
2014-12-09,6.9380385e-06,0.068773374,0.91994226,0.98871565,0.98871565,0.00094705715,0.030774293,0.00061483716
2014-12-10,7.312692e-06,0.0653445,0.92328864,0.98863316,0.98863316,0.00088791543,0.02979791,0.0006433353
2014-12-11,7.424524e-06,0.065811016,0.9227287,0.98853976,0.98853976,0.0009678906,0.03111094,0.0006478504
2014-12-12,7.4620475e-06,0.06513928,0.9234259,0.9885652,0.9885652,0.0009186972,0.030310018,0.0006525739
2014-12-15,7.712625e-06,0.06387815,0.92458093,0.98845905,0.9884591,0.0009430085,0.030708443,0.00066828344
2014-12-16,7.382607e-06,0.065648,0.9229486,0.9885966,0.9885966,0.00095196016,0.03085385,0.00064740505
2014-12-17,7.2844914e-06,0.06629966,0.92230725,0.9886069,0.9886069,0.0008859938,0.029765649,0.00063937914
2014-12-18,7.343275e-06,0.065106735,0.9235113,0.9886181,0.9886181,0.0008302644,0.028814308,0.0006451699
2014-12-19,7.215932e-06,0.06673172,0.92196465,0.9886964,0.98869634,0.0008940857,0.029901266,0.0006383745
2014-12-22,7.030196e-06,0.067772605,0.92088693,0.98865956,0.98865956,0.0009568616,0.030933179,0.0006199227
2014-12-23,7.030368e-06,0.06796079,0.92072386,0.98868465,0.98868465,0.0009233716,0.030387029,0.0006213127
2014-12-24,7.2487737e-06,0.06572245,0.9229073,0.98862976,0.98862976,0.00093061355,0.030505959,0.0006375215
2014-12-26,7.281958e-06,0.06678642,0.9218289,0.98861533,0.98861533,0.0009005906,0.030009842,0.0006396286
2014-12-29,7.5610255e-06,0.06454248,0.924013,0.9885555,0.9885555,0.00086503976,0.029411558,0.0006606684
2014-12-30,7.5232215e-06,0.06505504,0.9234611,0.9885161,0.9885161,0.00083510124,0.028898118,0.0006551099
2014-12-31,7.4587247e-06,0.06511388,0.92341506,0.98852897,0.98852897,0.0007842488,0.028004443,0.0006502226
2015-01-02,7.1751374e-06,0.06695329,0.92167974,0.98863304,0.98863304,0.0007484585,0.02735797,0.0006312273
2015-01-05,7.489094e-06,0.06479446,0.92378795,0.98858243,0.98858243,0.00070539163,0.02655921,0.0006559273
2015-01-06,7.1105765e-06,0.06785639,0.92078745,0.9886438,0.9886438,0.00083325716,0.028866194,0.00062614185
2015-01-07,7.430951e-06,0.06544014,0.9231368,0.9885769,0.9885769,0.0009017002,0.030028323,0.00065051904
2015-01-08,7.447554e-06,0.065523714,0.92301667,0.98854035,0.9885404,0.00085391063,0.029221749,0.0006498937
2015-01-09,7.6075803e-06,0.064149685,0.92435074,0.9885004,0.9885004,0.0007960764,0.028214825,0.00066155265
2015-01-12,7.643632e-06,0.0641249,0.9243383,0.98846316,0.98846316,0.0007487626,0.027363528,0.00066254137
2015-01-13,7.0687747e-06,0.068026796,0.92064536,0.98867214,0.98867214,0.0008521461,0.029191542,0.0006240166
2015-01-14,7.341589e-06,0.065360196,0.9232716,0.9886318,0.9886318,0.00079276646,0.02815611,0.0006457996
2015-01-15,6.718932e-06,0.06852138,0.9202451,0.9887665,0.9887665,0.0009346,0.030571228,0.0005981152
2015-01-16,7.271021e-06,0.06685968,0.9216736,0.98853326,0.98853326,0.0010202645,0.031941578,0.0006340965
2015-01-20,7.0680217e-06,0.06688869,0.92170346,0.98859215,0.98859215,0.001122712,0.033506896,0.00061957515
2015-01-21,6.9760395e-06,0.06912737,0.9194838,0.98861116,0.98861116,0.0012000459,0.03464168,0.000612533
2015-01-22,7.4782547e-06,0.06454993,0.9239101,0.98846,0.98846,0.0011696831,0.03420063,0.00064802926
2015-01-23,7.5955836e-06,0.065119624,0.9232822,0.98840183,0.98840183,0.0011521586,0.033943463,0.00065489503
2015-01-26,7.649691e-06,0.06382868,0.9245831,0.9884117,0.9884118,0.0010878422,0.032982454,0.0006601233
2015-01-27,7.524485e-06,0.06528101,0.9231774,0.98845845,0.98845845,0.001019752,0.031933557,0.0006519478
2015-01-28,7.1785184e-06,0.06615801,0.9224029,0.9885609,0.9885609,0.0009846829,0.03137966,0.0006275431
2015-01-29,7.3707906e-06,0.06616728,0.92233807,0.98850536,0.98850536,0.0010186875,0.031916883,0.00064123736
2015-01-30,7.408312e-06,0.06532091,0.92323554,0.98855644,0.98855644,0.00094710605,0.030775089,0.0006473785
2015-02-02,6.7315686e-06,0.06889255,0.91987514,0.9887677,0.9887677,0.0012976436,0.03602282,0.0005993037
2015-02-03,6.6167036e-06,0.06958133,0.91913724,0.98871857,0.98871857,0.0012504718,0.03536201,0.0005865128
2015-02-04,6.8828026e-06,0.06837941,0.920191,0.9885704,0.9885704,0.0014740435,0.038393274,0.0006021906
2015-02-05,6.6859707e-06,0.071034476,0.9177063,0.9887408,0.9887408,0.0019287969,0.04391807,0.000593823
2015-02-06,6.986425e-06,0.06798432,0.9205451,0.98852944,0.98852944,0.0018950402,0.04353206,0.00060907466
2015-02-09,7.279184e-06,0.06627514,0.92211187,0.988387,0.988387,0.0017888375,0.04229465,0.0006268128
2015-02-10,7.2433777e-06,0.0665643,0.9218176,0.9883819,0.9883819,0.001689287,0.041100938,0.0006234575
2015-02-11,7.399505e-06,0.06621824,0.922174,0.98839223,0.98839223,0.0017692136,0.04206202,0.0006374616
2015-02-12,7.4603145e-06,0.06526348,0.9231113,0.9883748,0.9883748,0.0016774193,0.04095631,0.00064173806
2015-02-13,6.5414215e-06,0.070722245,0.9179202,0.9886424,0.9886424,0.0017009748,0.041242875,0.0005759508
2015-02-17,7.0904994e-06,0.067189015,0.92127377,0.9884628,0.9884628,0.0016313777,0.040390316,0.00061457744
2015-02-18,7.2728653e-06,0.06656866,0.92181575,0.9883844,0.9883844,0.0015229648,0.03902518,0.0006261305
2015-02-19,7.5137327e-06,0.0647559,0.92362297,0.9883789,0.9883789,0.0014580834,0.03818486,0.00064655853
2015-02-20,7.114696e-06,0.0667716,0.9217547,0.9885263,0.98852634,0.0013781362,0.037123255,0.0006200865
2015-02-23,6.979684e-06,0.067728505,0.92081684,0.98854536,0.98854536,0.0012953689,0.035991233,0.00060933235
2015-02-24,7.03941e-06,0.067172,0.92138374,0.9885557,0.9885557,0.0012219072,0.03495579,0.0006151034
2015-02-25,6.9161565e-06,0.0685697,0.9200683,0.98863804,0.98863804,0.0011337956,0.033671882,0.00060871174
2015-02-26,6.4491783e-06,0.07062354,0.9181761,0.98879963,0.98879963,0.0011287612,0.03359704,0.00057580054
2015-02-27,7.0758438e-06,0.06725841,0.92131877,0.9885772,0.9885772,0.001273366,0.035684254,0.00061944843
2015-03-02,6.5828035e-06,0.07012573,0.91853034,0.9886561,0.98865604,0.0012501475,0.035357423,0.00058029476
2015-03-03,6.387713e-06,0.07213209,0.916752,0.9888841,0.9888841,0.0011558208,0.033997364,0.00057464605
2015-03-04,6.827472e-06,0.06852702,0.92018294,0.98871,0.98871,0.0010902557,0.03301902,0.0006047355
2015-03-05,7.558035e-06,0.064283304,0.92411745,0.98840076,0.98840076,0.001036271,0.032191165,0.0006515973
2015-03-06,7.638836e-06,0.063817784,0.9245814,0.9883992,0.9883992,0.0009802299,0.031308625,0.0006584754
2015-03-09,7.4426093e-06,0.06469269,0.923792,0.9884847,0.9884847,0.00094815565,0.030792136,0.00064632244
2015-03-10,7.090766e-06,0.0666901,0.9219207,0.9886108,0.9886108,0.0008870703,0.029783726,0.00062258705
2015-03-11,7.653425e-06,0.06380759,0.92462444,0.98843205,0.98843205,0.00090676616,0.030112559,0.00066160597
2015-03-12,7.485722e-06,0.06469121,0.9237381,0.9884293,0.9884293,0.00084654585,0.029095462,0.00064695545
2015-03-13,7.3816764e-06,0.06529137,0.92322135,0.9885127,0.9885127,0.00082600466,0.028740296,0.00064259424
2015-03-16,7.4362465e-06,0.065219015,0.9233204,0.9885394,0.98853946,0.0009225904,0.030374173,0.000648853
2015-03-17,7.5944536e-06,0.06436732,0.9241188,0.9884861,0.9884861,0.0008905059,0.029841345,0.00065959065
2015-03-18,7.5169464e-06,0.064693056,0.9237629,0.98845595,0.98845595,0.00083678035,0.028927157,0.0006511534
2015-03-19,7.028153e-06,0.067061804,0.92152137,0.98858315,0.98858315,0.00082766154,0.028769108,0.0006155946
2015-03-20,7.40672e-06,0.06549293,0.9230359,0.98852885,0.98852885,0.0007869819,0.028053198,0.00064568233
2015-03-23,7.1663003e-06,0.066685066,0.92187446,0.98855954,0.98855954,0.0008335235,0.028870808,0.0006263999
2015-03-24,7.413663e-06,0.065105245,0.9233749,0.98848015,0.98848015,0.00086638134,0.029434357,0.00064355554
2015-03-25,7.655219e-06,0.063935205,0.92441905,0.98835427,0.98835427,0.0008074769,0.028416138,0.00065734104
2015-03-26,7.14869e-06,0.066491485,0.92207086,0.98856235,0.98856235,0.0008320582,0.028845418,0.00062501366
2015-03-27,6.92439e-06,0.0675593,0.9211116,0.9886709,0.9886709,0.00090243004,0.030040473,0.00061120314
2015-03-30,7.0898295e-06,0.06746151,0.92113596,0.98859745,0.98859745,0.0010159321,0.031873688,0.0006217759
2015-03-31,7.566234e-06,0.064413995,0.92397404,0.988388,0.98838806,0.0009440541,0.030725464,0.0006515876
2015-04-01,7.719355e-06,0.06408909,0.9242294,0.9883185,0.98831844,0.000912963,0.030215278,0.000660819
2015-04-02,7.0741835e-06,0.06727961,0.92126393,0.98854357,0.9885435,0.0010165748,0.03188377,0.00061748584
2015-04-06,7.664692e-06,0.06438759,0.9239646,0.9883522,0.9883522,0.0009688934,0.031127052,0.00065803656
2015-04-07,6.572133e-06,0.070179366,0.9185371,0.9887164,0.9887164,0.0011271791,0.03357349,0.00058245123
2015-04-08,7.289598e-06,0.06618004,0.9222229,0.98840296,0.98840296,0.001125183,0.033543747,0.00062857417
2015-04-09,6.9644607e-06,0.06893641,0.9197102,0.9886466,0.9886466,0.0013551657,0.036812577,0.00061342656
2015-04-10,7.1758705e-06,0.06695957,0.9215667,0.9885263,0.9885263,0.0012567734,0.035451,0.0006254182
2015-04-13,7.2846215e-06,0.06608631,0.9223407,0.988427,0.988427,0.0011832955,0.034399062,0.0006294488
2015-04-14,7.460816e-06,0.065196484,0.9231707,0.9883672,0.9883672,0.0011003229,0.033171117,0.0006413603
2015-04-15,7.1017625e-06,0.06723304,0.92121714,0.98845017,0.98845017,0.0010673162,0.032669805,0.00061488023
2015-04-16,6.4056767e-06,0.071205825,0.9175638,0.9887696,0.98876965,0.0012034765,0.03469116,0.00057038676
2015-04-17,7.1000018e-06,0.06707571,0.92142713,0.98850286,0.98850286,0.0011127642,0.03335812,0.00061754504
2015-04-20,7.09315e-06,0.06698103,0.92154783,0.98852885,0.98852885,0.0010529514,0.032449212,0.0006183468
2015-04-21,7.006656e-06,0.06723954,0.9213714,0.9886109,0.9886109,0.0009858077,0.031397574,0.0006152084
2015-04-22,7.4014797e-06,0.06548765,0.9229555,0.98844314,0.98844314,0.00094301987,0.030708628,0.00064044015
2015-04-23,7.137281e-06,0.06667078,0.92183566,0.98850644,0.98850644,0.00089435873,0.029905831,0.0006209807
2015-04-24,6.7406395e-06,0.068734504,0.91996264,0.9886972,0.9886972,0.0008820353,0.02969908,0.00059636746
2015-04-27,7.2690927e-06,0.06579712,0.92270184,0.988499,0.9884989,0.0008257712,0.028736236,0.0006320393
2015-04-28,7.289627e-06,0.06561653,0.92289567,0.9885122,0.9885122,0.0007698185,0.027745603,0.0006345548
2015-04-29,7.2369817e-06,0.065964215,0.92255557,0.9885198,0.9885198,0.000717816,0.026792089,0.00063038745
2015-04-30,7.1270297e-06,0.06652654,0.9220316,0.9885581,0.9885581,0.00071423163,0.026725112,0.0006228894
2015-05-01,7.0722895e-06,0.06704923,0.92148036,0.98852956,0.98852956,0.0006861083,0.026193669,0.0006165667
2015-05-04,7.3609485e-06,0.065348566,0.9231304,0.98847896,0.98847896,0.00064394943,0.025376158,0.0006389135
2015-05-05,7.4025215e-06,0.0650647,0.9234115,0.98847616,0.98847616,0.00060283736,0.024552746,0.0006423657
2015-05-06,6.989316e-06,0.06737062,0.9212346,0.98860526,0.98860526,0.0006028082,0.024552153,0.0006133809
2015-05-07,7.3199026e-06,0.0652736,0.92327714,0.9885507,0.9885507,0.0005671827,0.023815598,0.00063933316
2015-05-08,7.2391713e-06,0.065824084,0.9227492,0.9885733,0.9885733,0.00060399517,0.024576314,0.00063353195
2015-05-11,7.454072e-06,0.064938664,0.9234827,0.9884214,0.9884214,0.00056814833,0.023835862,0.000643779
2015-05-12,7.3734386e-06,0.06519204,0.9233084,0.9885004,0.9885004,0.0005325677,0.023077428,0.0006411918
2015-05-13,6.9638572e-06,0.06755094,0.9210445,0.9885955,0.9885955,0.00053907395,0.023217967,0.00061062287
2015-05-14,7.622014e-06,0.06394334,0.92445874,0.98840207,0.98840207,0.00050476025,0.02246687,0.00065718737
2015-05-15,7.5959565e-06,0.06404324,0.9243727,0.9884159,0.9884159,0.00048135428,0.021939788,0.00065572246
2015-05-18,7.5992307e-06,0.063939266,0.92449903,0.9884383,0.9884383,0.00045329417,0.021290706,0.0006572767
2015-05-19,7.5347275e-06,0.06417069,0.9243121,0.98848283,0.98848283,0.0004280243,0.020688748,0.0006542171
2015-05-20,7.28792e-06,0.065933876,0.92258453,0.9885184,0.9885184,0.00049309083,0.022205649,0.0006347487
2015-05-21,7.458996e-06,0.06465501,0.92382103,0.98847604,0.98847604,0.00051903335,0.022782303,0.0006472597
2015-05-22,7.467224e-06,0.064695776,0.92374736,0.98844314,0.98844314,0.00054071646,0.02325331,0.0006461289
2015-05-26,7.6145175e-06,0.06392987,0.92451274,0.9884426,0.9884426,0.000525309,0.022919621,0.00065884343
2015-05-27,7.502743e-06,0.06499571,0.9234523,0.988448,0.988448,0.0005468312,0.023384422,0.000649477
2015-05-28,7.638793e-06,0.06408399,0.9243387,0.9884227,0.9884227,0.00051802385,0.022760138,0.00065980735
2015-05-29,7.4182426e-06,0.0649677,0.92356956,0.98853725,0.98853725,0.00048694012,0.02206672,0.0006471609
2015-06-01,6.859591e-06,0.06785884,0.92082405,0.98868287,0.98868287,0.00058396923,0.024165455,0.0006061244
2015-06-02,7.567084e-06,0.06411985,0.9243694,0.9884893,0.9884893,0.0005448369,0.023341741,0.00065739395
2015-06-03,7.4010545e-06,0.06512503,0.923331,0.9884561,0.9884561,0.00053020316,0.02302614,0.0006411209
2015-06-04,7.4789286e-06,0.064761735,0.92374706,0.9885088,0.9885088,0.0005445669,0.023335958,0.0006508408
2015-06-05,7.623157e-06,0.06429187,0.92414284,0.98843473,0.98843473,0.0005617366,0.023700982,0.0006591423
2015-06-08,7.3722554e-06,0.065206096,0.9233158,0.98852193,0.98852193,0.00055009726,0.023454152,0.0006422907
2015-06-09,7.8718385e-06,0.06284479,0.9254907,0.9883355,0.9883355,0.00053440355,0.02311717,0.0006748538
2015-06-10,6.9371304e-06,0.067943096,0.9205984,0.9885415,0.9885415,0.000573335,0.023944415,0.00060541264
2015-06-11,7.3747697e-06,0.06529764,0.9231446,0.98844224,0.98844224,0.0005646682,0.023762748,0.0006380796
2015-06-12,7.582458e-06,0.06407783,0.9243722,0.98845005,0.98845005,0.0005366042,0.02316472,0.0006564927
2015-06-15,7.567527e-06,0.0641392,0.9243442,0.98848337,0.98848337,0.00051555556,0.02270585,0.0006570956
2015-06-16,7.763256e-06,0.0633692,0.9249735,0.9883427,0.9883427,0.0004878264,0.022086792,0.0006659567
2015-06-17,7.595853e-06,0.06422946,0.924142,0.98837143,0.9883715,0.00046236097,0.02150258,0.0006532062
2015-06-18,7.6225238e-06,0.06380318,0.9246308,0.988434,0.988434,0.00043495692,0.02085562,0.00065904675
2015-06-19,7.439502e-06,0.06461995,0.923889,0.98850894,0.98850894,0.00041448098,0.020358806,0.0006474165
2015-06-22,7.4780196e-06,0.06451046,0.9240123,0.98852277,0.98852277,0.00040346172,0.020086357,0.0006515525
2015-06-23,7.3919723e-06,0.065175414,0.92334896,0.9885244,0.9885244,0.00038033805,0.019502258,0.00064414565
2015-06-24,7.200686e-06,0.06589148,0.92268825,0.98857975,0.98857975,0.00038955794,0.019737223,0.0006305191
2015-06-25,7.622384e-06,0.06381203,0.92463696,0.988449,0.988449,0.00037684068,0.019412385,0.00065988826
2015-06-26,7.794853e-06,0.06302979,0.92534816,0.9883779,0.9883779,0.00036211775,0.019029392,0.000670694
2015-06-29,7.561982e-06,0.064005956,0.92448694,0.9884929,0.9884929,0.00034300543,0.018520406,0.00065715826
2015-06-30,7.782118e-06,0.06311733,0.92526823,0.98838556,0.98838556,0.00035643988,0.018879615,0.00067003805
2015-07-01,7.263385e-06,0.065673776,0.9228674,0.9885412,0.9885412,0.00036065193,0.018990839,0.00063386885
2015-07-02,7.2906587e-06,0.06614285,0.92239136,0.9885342,0.9885342,0.00046357553,0.021530805,0.000635862
2015-07-06,7.773635e-06,0.06326301,0.92512524,0.98838824,0.98838824,0.00043492744,0.020854915,0.00066946226
2015-07-07,6.8276368e-06,0.06992515,0.9187868,0.98871195,0.98871195,0.00082189357,0.028668687,0.0006048555
2015-07-08,7.652547e-06,0.0642698,0.92420286,0.98847264,0.98847264,0.0007631212,0.027624648,0.0006638595
2015-07-09,7.862398e-06,0.06305514,0.9253216,0.98837674,0.98837674,0.0007243306,0.026913391,0.00067643635
2015-07-10,7.862623e-06,0.06289381,0.9254483,0.9883421,0.9883421,0.00070698827,0.02658925,0.00067444623
2015-07-13,7.975177e-06,0.062363848,0.9259449,0.9883088,0.9883088,0.00066220615,0.025733367,0.0006821514
2015-07-14,7.647794e-06,0.06400268,0.9244464,0.9884491,0.9884491,0.00062805647,0.025061054,0.00066209486
2015-07-15,7.677428e-06,0.06410296,0.92429423,0.9883972,0.9883972,0.00060407986,0.024578037,0.0006616864
2015-07-16,7.4699365e-06,0.065183125,0.9233482,0.9885313,0.9885313,0.00062943704,0.025088584,0.00065133197
2015-07-17,7.651509e-06,0.064042665,0.9244487,0.9884914,0.9884914,0.0005951929,0.024396576,0.0006648523
2015-07-20,7.876031e-06,0.06272426,0.9256749,0.98839915,0.98839915,0.0005579023,0.023619955,0.0006789183
2015-07-21,7.656639e-06,0.06369019,0.92479813,0.9884883,0.9884883,0.0005382117,0.02319939,0.000665119
2015-07-22,7.646996e-06,0.06408573,0.9243381,0.9884238,0.9884238,0.0005063828,0.022502951,0.0006605805
2015-07-23,7.6097945e-06,0.06431969,0.9241061,0.9884258,0.9884258,0.0005118495,0.02262409,0.0006574786
2015-07-24,7.5168105e-06,0.06469342,0.9238187,0.9885121,0.98851216,0.0004958596,0.022267906,0.0006543241
2015-07-27,7.567946e-06,0.06441206,0.92410064,0.9885127,0.9885127,0.00046846826,0.021644128,0.0006588095
2015-07-28,7.6706665e-06,0.0640034,0.92446804,0.98847145,0.98847145,0.00045684673,0.021373972,0.0006653626
2015-07-29,7.676632e-06,0.06392929,0.9245126,0.9884419,0.98844194,0.00043943556,0.020962719,0.00066417677
2015-07-30,7.709074e-06,0.063534565,0.92491335,0.9884479,0.9884479,0.00043135122,0.020768996,0.0006673313
2015-07-31,7.462591e-06,0.064718135,0.92383856,0.9885567,0.9885567,0.0004087997,0.020218795,0.0006521353
2015-08-03,7.696623e-06,0.06379878,0.9246596,0.9884584,0.9884584,0.00044151273,0.021012204,0.0006668589
2015-08-04,7.0210567e-06,0.06813235,0.92056304,0.9886954,0.9886954,0.00053119654,0.0230477,0.0006210787
2015-08-05,7.5448297e-06,0.06436829,0.9241431,0.9885114,0.9885114,0.0005063318,0.022501817,0.00065672223
2015-08-06,7.778848e-06,0.06346266,0.9249304,0.98839307,0.98839307,0.00048671936,0.022061717,0.00067018985
2015-08-07,7.862075e-06,0.0629014,0.9254775,0.9883789,0.9883789,0.00046585067,0.021583574,0.0006765335
2015-08-10,7.76387e-06,0.06351042,0.92489433,0.98840475,0.98840475,0.00045957117,0.021437611,0.0006695733
2015-08-11,7.2803177e-06,0.065455355,0.92313135,0.9885867,0.9885867,0.00047033405,0.021687187,0.0006378815
2015-08-12,7.697811e-06,0.06411736,0.92427605,0.9883934,0.9883934,0.00056222035,0.023711186,0.00066322857
2015-08-13,7.4977997e-06,0.06446635,0.924042,0.98850834,0.98850834,0.00052885624,0.022996875,0.00065245596
2015-08-14,7.3256433e-06,0.06609365,0.9224303,0.9885239,0.98852396,0.0005373171,0.023180101,0.00063833914
2015-08-17,7.8484945e-06,0.06281957,0.92559457,0.9884141,0.98841417,0.0005054508,0.022482233,0.00067741825
2015-08-18,7.693606e-06,0.06387811,0.924551,0.9884291,0.9884291,0.0004901529,0.022139397,0.0006649116
2015-08-19,7.696405e-06,0.06349656,0.9249674,0.988464,0.988464,0.000480463,0.021919467,0.000667164
2015-08-20,7.4122636e-06,0.06569358,0.92287576,0.9885693,0.9885693,0.0005743675,0.023965966,0.00064845337
2015-08-21,7.595679e-06,0.06464253,0.92379946,0.988442,0.988442,0.0005417504,0.023275532,0.00065717957
2015-08-24,7.683567e-06,0.0639533,0.9245177,0.988471,0.988471,0.00052708265,0.02295828,0.00066645397
2015-08-25,7.253235e-06,0.06696064,0.9216509,0.9886115,0.9886115,0.0006985781,0.026430627,0.0006368922
2015-08-26,7.750935e-06,0.063638784,0.9247924,0.9884312,0.9884312,0.0007012179,0.02648052,0.00066998694
2015-08-27,7.5808907e-06,0.06476051,0.923707,0.9884675,0.9884675,0.00067792996,0.026037088,0.000657351
2015-08-28,6.525886e-06,0.07058998,0.91818655,0.9887765,0.9887765,0.0012484648,0.035333622,0.00058144866
2015-08-31,7.303177e-06,0.066093564,0.922297,0.98839056,0.98839056,0.0014102568,0.037553385,0.00062907254
2015-09-01,6.7372293e-06,0.06928088,0.91933215,0.988613,0.988613,0.0017756228,0.04213814,0.0005916602
2015-09-02,6.418022e-06,0.0730559,0.91583127,0.9888872,0.9888872,0.0020869619,0.04568328,0.00057753373
2015-09-03,7.0164697e-06,0.06803359,0.920496,0.98852956,0.98852956,0.0019416326,0.04406396,0.0006117003
2015-09-04,7.4794166e-06,0.06510498,0.9232485,0.9883535,0.9883535,0.001801803,0.04244765,0.00064220245
2015-09-08,7.505209e-06,0.06542972,0.92297614,0.9884058,0.9884058,0.0016862812,0.041064356,0.00064732577
2015-09-09,7.5833773e-06,0.064899124,0.92339665,0.9882958,0.9882958,0.001564355,0.03955193,0.00064791896
2015-09-10,7.2530706e-06,0.06680908,0.92170656,0.9885156,0.9885156,0.0015558458,0.039444212,0.00063155935
2015-09-11,7.223604e-06,0.06638094,0.9220695,0.9884504,0.9884504,0.0015432655,0.03928442,0.00062544236
2015-09-14,7.58985e-06,0.064803064,0.9235597,0.9883628,0.9883628,0.0014850234,0.038536,0.00065220526
2015-09-15,7.571763e-06,0.064755924,0.9236628,0.9884187,0.9884187,0.0013926378,0.037318062,0.00065379206
2015-09-16,7.481275e-06,0.06514315,0.9232514,0.98839456,0.98839456,0.0013049813,0.036124524,0.0006446351
2015-09-17,7.2630182e-06,0.06600181,0.92248076,0.9884826,0.9884826,0.001413588,0.037597712,0.00063061237
2015-09-18,7.5687853e-06,0.06445511,0.92391104,0.9883661,0.9883661,0.0013133071,0.03623958,0.00065058173
2015-09-21,7.539883e-06,0.06504489,0.9233952,0.9884401,0.9884401,0.0013740034,0.03706755,0.00065224443
2015-09-22,7.1668455e-06,0.066342525,0.92219687,0.9885394,0.9885394,0.0013996613,0.037412047,0.0006253463
2015-09-23,7.459883e-06,0.06543774,0.9229526,0.9883903,0.9883903,0.0013209193,0.036344454,0.0006425575
2015-09-24,7.5036023e-06,0.06513199,0.92329407,0.988426,0.9884261,0.001286041,0.035861414,0.00064831704
2015-09-25,7.541109e-06,0.06464505,0.9237405,0.98838556,0.98838556,0.0012006314,0.03465013,0.00064928725
2015-09-28,7.4132695e-06,0.06511797,0.9233163,0.98843426,0.98843426,0.0011357367,0.033700693,0.00064096774
2015-09-29,7.471219e-06,0.06533609,0.92311555,0.98845166,0.98845166,0.0011086591,0.033296533,0.0006469517
2015-09-30,7.4209515e-06,0.06515899,0.9232609,0.9884199,0.9884199,0.0010511472,0.032421403,0.000640836
2015-10-01,7.579445e-06,0.06421458,0.92420924,0.9884238,0.9884238,0.0009786303,0.031283066,0.00065474515
2015-10-02,7.487995e-06,0.06476265,0.9236933,0.98845595,0.98845595,0.00091617997,0.030268464,0.00064864545
2015-10-05,7.699543e-06,0.063509844,0.92489034,0.98840016,0.98840016,0.00087355654,0.02955599,0.0006637629
2015-10-06,7.2361254e-06,0.065578684,0.9230179,0.9885966,0.9885966,0.00083080016,0.028823605,0.0006345596
2015-10-07,6.9515463e-06,0.06753545,0.921095,0.9886305,0.9886305,0.0009230792,0.030382218,0.00061141915
2015-10-08,7.3641886e-06,0.06555329,0.9229304,0.9884837,0.9884837,0.0008727689,0.029542662,0.00063945935
2015-10-09,7.265965e-06,0.06564127,0.9229078,0.9885491,0.9885491,0.0008846225,0.029742604,0.00063453295
2015-10-12,7.5716134e-06,0.064229354,0.92417854,0.9884079,0.9884079,0.0008246387,0.028716523,0.0006531707
2015-10-13,7.368753e-06,0.06597867,0.92255324,0.9885319,0.9885319,0.0009471273,0.030775433,0.0006425428
2015-10-14,7.665271e-06,0.06427186,0.9241343,0.9884062,0.9884062,0.00088725507,0.029786827,0.00066115154
2015-10-15,7.743e-06,0.063360415,0.92499435,0.98835474,0.98835474,0.00082763674,0.028768677,0.0006649059
2015-10-16,7.765932e-06,0.06338111,0.92497563,0.98835677,0.98835677,0.0007754547,0.027846986,0.00066699117
2015-10-19,7.695122e-06,0.06356053,0.9248073,0.98836786,0.98836786,0.0007468702,0.027328925,0.0006615394
2015-10-20,7.364371e-06,0.06586156,0.92266315,0.98852473,0.98852473,0.0007543035,0.027464585,0.0006417604
2015-10-21,7.1699774e-06,0.066554986,0.922045,0.98859996,0.98859996,0.0007072119,0.026593456,0.000628943
2015-10-22,7.6239335e-06,0.06409794,0.9243281,0.988426,0.988426,0.0006634595,0.025757708,0.00065871375
2015-10-23,7.570565e-06,0.06390751,0.9245666,0.98847413,0.98847413,0.0006217729,0.024935374,0.0006568324
2015-10-26,7.323954e-06,0.06560903,0.9229384,0.98854744,0.98854744,0.0006021829,0.024539415,0.0006395039
2015-10-27,6.634e-06,0.06952908,0.91932726,0.9888563,0.9888563,0.00057640026,0.024008337,0.0005953148
2015-10-28,7.403017e-06,0.06499795,0.92358756,0.98858553,0.98858553,0.0005593953,0.023651538,0.00064856437
2015-10-29,6.9380685e-06,0.06766369,0.9209848,0.9886485,0.9886485,0.0007679565,0.027712028,0.0006112014
2015-10-30,7.3911738e-06,0.064952336,0.92358214,0.98853445,0.98853445,0.00071459456,0.0267319,0.0006446419
2015-11-02,7.214046e-06,0.066123396,0.9223964,0.9885198,0.9885198,0.0006755296,0.025990952,0.0006283896
2015-11-03,7.541295e-06,0.06466304,0.9237512,0.9884142,0.9884142,0.0006368585,0.025236055,0.00065091
2015-11-04,6.7007522e-06,0.069008596,0.9197035,0.9887121,0.9887121,0.0006853092,0.02617841,0.0005936211
2015-11-05,7.3438e-06,0.06593812,0.92259586,0.988534,0.988534,0.00071572664,0.026753068,0.00064048346
2015-11-06,7.74567e-06,0.063497014,0.9248895,0.9883865,0.9883865,0.0007079472,0.026607277,0.0006669546
2015-11-09,7.82808e-06,0.063185245,0.9251493,0.98833454,0.98833454,0.0006894025,0.026256476,0.0006710475
2015-11-10,7.836267e-06,0.0633713,0.92497355,0.98834485,0.98834485,0.0006516552,0.025527539,0.00067234365
2015-11-11,7.84661e-06,0.06294377,0.92538,0.98832375,0.98832375,0.0006141477,0.024782004,0.00067201443
2015-11-12,7.480802e-06,0.06527835,0.9231958,0.98847413,0.98847413,0.00063138374,0.025127351,0.0006490445
2015-11-13,7.589649e-06,0.06473609,0.923742,0.98847806,0.98847806,0.00064195157,0.025336763,0.00065871305
2015-11-16,7.752717e-06,0.06362676,0.9248151,0.9884419,0.9884419,0.0006401693,0.025301568,0.0006707596
2015-11-17,7.727556e-06,0.06384325,0.9245278,0.9883711,0.9883711,0.00063647435,0.025228443,0.00066451164
2015-11-18,7.730698e-06,0.06404308,0.9243591,0.9884022,0.9884022,0.00064001547,0.025298527,0.00066656515
2015-11-19,7.704979e-06,0.06363782,0.92478085,0.9884187,0.9884187,0.0005995258,0.024485216,0.0006652947
2015-11-20,7.633904e-06,0.06400477,0.9244517,0.9884565,0.9884565,0.00056399405,0.023748558,0.0006613155
2015-11-23,7.2844728e-06,0.066202156,0.92235756,0.9885597,0.9885597,0.0005300154,0.023022063,0.0006367392
2015-11-24,7.4256527e-06,0.06488232,0.92363745,0.9885198,0.9885198,0.00056771457,0.023826761,0.0006468219
2015-11-25,7.050927e-06,0.06661262,0.92204034,0.98865294,0.98865294,0.0005764435,0.024009237,0.00062138826
2015-11-27,7.528818e-06,0.064325064,0.9241216,0.98844665,0.9884467,0.00053947663,0.023226636,0.0006516569
2015-11-30,7.705908e-06,0.063806556,0.92461854,0.9884251,0.9884251,0.0005704143,0.023883348,0.0006657415
2015-12-01,7.815076e-06,0.063207075,0.9251674,0.9883745,0.9883745,0.00053530117,0.023136577,0.00067223405
2015-12-02,7.389321e-06,0.065064564,0.92347074,0.9885353,0.9885353,0.000504368,0.022458138,0.00064452726
2015-12-03,6.995758e-06,0.068262264,0.920383,0.98864526,0.98864526,0.00061659084,0.024831247,0.0006161088
2015-12-04,7.344108e-06,0.065292336,0.92326784,0.9885602,0.9885602,0.0006276502,0.025052948,0.0006419787
2015-12-07,7.75931e-06,0.06381222,0.9245642,0.9883764,0.9883764,0.0006366803,0.025232524,0.00066754676
2015-12-08,7.003047e-06,0.06892868,0.9197262,0.98865485,0.98865485,0.00082639896,0.028747156,0.0006172724
2015-12-09,7.636128e-06,0.06464506,0.9238175,0.98846257,0.98846257,0.00076814677,0.027715461,0.0006618568
2015-12-10,7.755458e-06,0.0636746,0.9247737,0.98844826,0.98844826,0.00072323723,0.02689307,0.0006713672
2015-12-11,7.5547937e-06,0.064602554,0.9239373,0.9885399,0.9885399,0.0006843764,0.026160588,0.00065922434
2015-12-14,7.398381e-06,0.066060625,0.9225206,0.9885812,0.9885812,0.00070496317,0.026551142,0.0006479112
2015-12-15,7.2533503e-06,0.06665996,0.92196167,0.9886216,0.9886216,0.0006814583,0.026104756,0.0006374662
2015-12-16,7.3510378e-06,0.06578819,0.9227711,0.9885593,0.9885593,0.0006877984,0.026225911,0.0006425342
2015-12-17,7.5314565e-06,0.06528209,0.923232,0.9885141,0.9885141,0.000809643,0.028454227,0.00065571466
2015-12-18,7.675392e-06,0.06397376,0.9245395,0.9885133,0.9885133,0.00077261165,0.027795892,0.00066819764
2015-12-21,7.762486e-06,0.06350816,0.9249316,0.98843974,0.98843974,0.0007247324,0.026920855,0.0006714802
2015-12-22,7.6174547e-06,0.06433133,0.92411643,0.9884478,0.9884478,0.00067809055,0.026040172,0.00065939344
2015-12-23,7.5030703e-06,0.065712206,0.92273426,0.9884465,0.9884465,0.00073346065,0.027082479,0.0006494182
2015-12-24,6.762248e-06,0.068217866,0.9205484,0.98876625,0.98876625,0.0007728111,0.027799482,0.00060195837
2015-12-28,7.6002984e-06,0.06430108,0.92411435,0.9884154,0.9884154,0.0007348485,0.02710809,0.00065607025
2015-12-29,7.761449e-06,0.06365329,0.9247194,0.9883727,0.9883727,0.00076403236,0.027641136,0.00066751847
2015-12-30,6.8946147e-06,0.06802526,0.920586,0.9886113,0.9886112,0.0007647223,0.027653612,0.0006053898
2015-12-31,7.021741e-06,0.0686306,0.91997635,0.9886069,0.9886069,0.0007911483,0.028127357,0.00061631686
2016-01-04,7.113812e-06,0.066468336,0.9221382,0.9886066,0.9886066,0.0007442736,0.027281377,0.00062437856
2016-01-05,7.637684e-06,0.06417227,0.92419547,0.98836774,0.98836774,0.0006975083,0.026410382,0.0006565948
2016-01-06,7.66818e-06,0.064372055,0.9239667,0.98833877,0.98833877,0.00068322726,0.026138617,0.00065757893
2016-01-07,7.026578e-06,0.06872921,0.91986567,0.9885949,0.9885949,0.00085137587,0.029178346,0.0006160903
2016-01-08,7.734291e-06,0.06383833,0.9245653,0.9884037,0.9884037,0.0008206609,0.028647179,0.0006669607
2016-01-11,7.711146e-06,0.06405573,0.92433375,0.9883895,0.9883895,0.00076729344,0.027700063,0.0006641524
2016-01-12,7.249465e-06,0.06731708,0.9212388,0.98855585,0.98855585,0.0009069026,0.030114824,0.0006334646
2016-01-13,7.195278e-06,0.06762751,0.92095274,0.9885802,0.9885802,0.0009099732,0.030165762,0.0006300719
2016-01-14,7.5754183e-06,0.06491312,0.92357427,0.98848736,0.98848736,0.00084531575,0.029074315,0.00065800897
2016-01-15,7.280752e-06,0.06649757,0.9220685,0.98856604,0.98856604,0.00082295306,0.028687159,0.0006367656
2016-01-19,7.2159814e-06,0.06756321,0.92104393,0.98860717,0.98860717,0.0009974339,0.031582177,0.0006333791
2016-01-20,7.5305875e-06,0.06538883,0.92315423,0.9885431,0.98854303,0.0010013278,0.031643763,0.00065729674
2016-01-21,7.2826797e-06,0.06736067,0.9211948,0.9885555,0.98855543,0.0012496491,0.035350375,0.00063634705
2016-01-22,7.0489186e-06,0.0686194,0.91993546,0.98855484,0.98855484,0.0019173003,0.043786988,0.0006158862
2016-01-25,6.664582e-06,0.0706276,0.91791654,0.98854417,0.9885441,0.0022784784,0.047733407,0.00058176316
2016-01-26,7.1031477e-06,0.068778135,0.91974777,0.9885259,0.9885259,0.0023475443,0.048451465,0.0006190607
2016-01-27,6.984261e-06,0.06872121,0.9197814,0.9885026,0.9885026,0.0022538784,0.04747503,0.0006074655
2016-01-28,7.3032543e-06,0.06676907,0.9215656,0.98833466,0.98833466,0.0021280644,0.046130948,0.0006260642
2016-01-29,7.3801666e-06,0.066386364,0.9218899,0.98827624,0.98827624,0.0020202294,0.04494696,0.00062950526
2016-02-01,7.323129e-06,0.06619489,0.92214596,0.98834085,0.98834085,0.0018789447,0.043346796,0.0006281017
2016-02-02,6.837031e-06,0.069994435,0.9186381,0.98863256,0.98863256,0.0019909162,0.044619683,0.0006014574
2016-02-03,6.8985632e-06,0.070077114,0.9185332,0.9886103,0.9886103,0.0020618958,0.045408104,0.0006056858
2016-02-04,6.7714363e-06,0.06999585,0.91853285,0.9885287,0.9885287,0.0023165238,0.04813028,0.0005902952
2016-02-05,7.3577576e-06,0.066824466,0.9215059,0.9883304,0.98833036,0.0021565994,0.0464392,0.0006305077
2016-02-08,7.493169e-06,0.06592445,0.92245674,0.9883812,0.9883812,0.0020425052,0.045194082,0.000644918
2016-02-09,7.4367613e-06,0.066394985,0.92197657,0.98837155,0.98837155,0.0019963603,0.044680648,0.00063953164
2016-02-10,7.021831e-06,0.06957377,0.9189523,0.98852605,0.98852605,0.0020950022,0.045771193,0.0006119801
2016-02-11,7.050082e-06,0.06806786,0.92051333,0.9885812,0.9885812,0.0019545993,0.04421085,0.000617409
2016-02-12,7.2935127e-06,0.06705311,0.9214498,0.98850286,0.98850286,0.0019532333,0.0441954,0.00063437625
2016-02-16,6.0946927e-06,0.07448388,0.9143051,0.98878896,0.98878896,0.002708979,0.052047852,0.00054363324
2016-02-17,6.9650196e-06,0.069750585,0.9187356,0.98848623,0.98848623,0.002497357,0.049973562,0.0006049296
2016-02-18,6.626202e-06,0.070633136,0.91791177,0.9885449,0.9885449,0.0025051185,0.05005116,0.000578449
2016-02-19,7.0766514e-06,0.06847329,0.91992956,0.98840284,0.98840284,0.0023068935,0.04803013,0.00061020575
2016-02-22,7.2257403e-06,0.06756252,0.9208534,0.9884159,0.9884159,0.0022263376,0.04718408,0.0006237635
2016-02-23,6.7157453e-06,0.070099816,0.91851586,0.9886157,0.9886157,0.0023004953,0.047963478,0.00058991247
2016-02-24,7.139688e-06,0.06811767,0.92028165,0.9883993,0.9883993,0.0021299773,0.04615168,0.0006154546
2016-02-25,6.816682e-06,0.06912718,0.9194005,0.9885277,0.9885277,0.0019722509,0.04441003,0.00059418695
2016-02-26,6.9066277e-06,0.06866131,0.91984594,0.9885073,0.9885073,0.001874207,0.043292113,0.00060095626
2016-02-29,7.2149533e-06,0.067028165,0.92135227,0.98838043,0.98838043,0.0017365072,0.041671418,0.00062093127
2016-03-01,6.675175e-06,0.06970047,0.9189711,0.9886716,0.9886716,0.001663224,0.04078264,0.00058924255
2016-03-02,5.448551e-06,0.07814346,0.9110462,0.9891897,0.9891897,0.0015598645,0.03949512,0.000504014
2016-03-03,6.6348985e-06,0.07003208,0.91862017,0.9886522,0.9886522,0.0014307117,0.03782475,0.0005846874
2016-03-04,6.844194e-06,0.068356946,0.9202685,0.9886254,0.9886254,0.0013214797,0.03635216,0.00060170895
2016-03-07,6.6857533e-06,0.06922818,0.91946155,0.9886897,0.9886897,0.0013220302,0.036359735,0.00059112185
2016-03-08,6.4040055e-06,0.07116052,0.91761464,0.98877513,0.98877513,0.0014197885,0.037680082,0.00057051954
2016-03-09,7.0519677e-06,0.06750645,0.9209677,0.98847413,0.98847413,0.001411315,0.037567474,0.00061183824
2016-03-10,6.4221667e-06,0.07115834,0.91757166,0.98873,0.98873,0.0014600271,0.0382103,0.0005698469
2016-03-11,6.9263306e-06,0.06822761,0.9203025,0.9885301,0.9885301,0.0013564517,0.036830038,0.00060387014
2016-03-14,6.829332e-06,0.06880658,0.9197457,0.9885523,0.9885523,0.0012751137,0.035708733,0.0005965666
2016-03-15,6.973356e-06,0.067860715,0.92066765,0.9885284,0.9885284,0.0012645032,0.035559855,0.00060787844
2016-03-16,7.194274e-06,0.06670348,0.92173064,0.98843414,0.98843414,0.0012073409,0.03474681,0.0006220265
2016-03-17,6.676018e-06,0.06971508,0.9189093,0.9886244,0.9886244,0.0013326807,0.0365059,0.0005868714
2016-03-18,6.8476893e-06,0.068844214,0.919664,0.9885082,0.9885082,0.0013663188,0.03696375,0.0005958774
2016-03-21,7.038415e-06,0.06763339,0.9208616,0.988495,0.988495,0.0012891116,0.0359042,0.0006117697
2016-03-22,6.685664e-06,0.06957118,0.9190906,0.9886618,0.9886618,0.0012032454,0.03468783,0.00058965967
2016-03-23,6.728944e-06,0.069306344,0.91930795,0.98861426,0.9886143,0.0012110532,0.03480019,0.0005909976
2016-03-24,6.9874063e-06,0.06805698,0.9205148,0.9885718,0.9885718,0.0012371925,0.035173748,0.00061141915
2016-03-28,7.1526892e-06,0.066820346,0.921642,0.9884623,0.9884623,0.0011508358,0.03392397,0.0006199422
2016-03-29,7.2766406e-06,0.066244766,0.92215866,0.98840344,0.98840344,0.0010680823,0.03268153,0.00062748266
2016-03-30,7.3625297e-06,0.06610829,0.9222439,0.9883522,0.9883522,0.0010472506,0.03236125,0.00063209503
2016-03-31,7.323192e-06,0.06615499,0.9221977,0.98835266,0.98835266,0.0009732259,0.031196568,0.00062874355
2016-04-01,7.0600436e-06,0.06727693,0.9212467,0.98852366,0.98852366,0.00090483524,0.030080479,0.0006151826
2016-04-04,7.2907446e-06,0.06636143,0.92209035,0.9884518,0.9884518,0.0009565371,0.030927934,0.00063133053
2016-04-05,7.5685434e-06,0.06501124,0.9233551,0.98836637,0.98836637,0.00095028494,0.030826692,0.0006505743
2016-04-06,7.27419e-06,0.0665049,0.9219431,0.988448,0.988448,0.00088668993,0.029777339,0.0006296923
2016-04-07,6.9987314e-06,0.067965165,0.92058617,0.9885513,0.9885513,0.0009929386,0.03151093,0.0006113133
2016-04-08,7.5316307e-06,0.06500475,0.9233115,0.98831624,0.98831624,0.0009331128,0.030546896,0.00064462377
2016-04-11,6.4744117e-06,0.07120899,0.91747826,0.9886873,0.9886873,0.001132824,0.03365745,0.0005723124
2016-04-12,7.026915e-06,0.067477785,0.92104053,0.9885183,0.9885183,0.0010634714,0.03261091,0.00061200984
2016-04-13,6.746305e-06,0.069477126,0.9190853,0.98856246,0.98856246,0.0011149856,0.0333914,0.00058983907
2016-04-14,7.1826835e-06,0.06690222,0.9215075,0.9884097,0.9884097,0.0010384725,0.03222534,0.00061971496
2016-04-15,7.052836e-06,0.06751625,0.9209983,0.98851454,0.98851454,0.0009669554,0.031095907,0.0006140666
2016-04-18,7.2125335e-06,0.066777445,0.9217047,0.9884822,0.9884822,0.00095089996,0.030836666,0.00062620634
2016-04-19,7.457062e-06,0.06551314,0.92280793,0.98832107,0.98832107,0.00089811743,0.029968608,0.0006385054
2016-04-20,6.7241212e-06,0.06968778,0.91883475,0.9885225,0.9885225,0.00090299296,0.030049842,0.00058585394
2016-04-21,6.599619e-06,0.07091606,0.9177102,0.98862624,0.98862624,0.0009307922,0.030508887,0.00058024965
2016-04-22,7.29217e-06,0.06642793,0.92193425,0.9883622,0.9883622,0.00087202166,0.029530013,0.00062659313
2016-04-25,7.1950567e-06,0.066699654,0.92172956,0.98842925,0.9884292,0.00082148355,0.028661534,0.0006218314
2016-04-26,7.135237e-06,0.06711347,0.92140156,0.988515,0.988515,0.0008076836,0.028419776,0.0006212668
2016-04-27,6.8355466e-06,0.06855994,0.9200341,0.98859406,0.98859406,0.00082034984,0.02864175,0.0005992968
2016-04-28,7.0372084e-06,0.06732221,0.921222,0.98854417,0.98854417,0.00081779226,0.028597068,0.00061429036
2016-04-29,7.0906376e-06,0.067270316,0.92118466,0.988455,0.988455,0.00077572704,0.027851876,0.00061417377
2016-05-02,7.251864e-06,0.06652074,0.9218633,0.98838407,0.98838407,0.0007221441,0.02687274,0.00062430324
2016-05-03,6.8021773e-06,0.06891859,0.9197495,0.9886681,0.9886681,0.0007158101,0.026754627,0.0006002672
2016-05-04,7.3683054e-06,0.06593052,0.9224689,0.98839945,0.98839945,0.00071103073,0.02666516,0.0006351684
2016-05-05,7.3694396e-06,0.065820955,0.9225559,0.98837686,0.98837686,0.00066376536,0.025763644,0.0006340315
2016-05-06,7.1711506e-06,0.066757865,0.92173994,0.9884978,0.9884978,0.0006292411,0.025084678,0.0006234587
2016-05-09,7.3731558e-06,0.065594174,0.9228026,0.9883968,0.9883968,0.00059082743,0.024306942,0.00063544285
2016-05-10,7.296567e-06,0.06639384,0.9220625,0.98845637,0.98845637,0.00060378073,0.02457195,0.00063208595
2016-05-11,6.8592876e-06,0.06845622,0.9201314,0.9885876,0.9885876,0.00061408215,0.024780681,0.0006010391
2016-05-12,6.8206837e-06,0.06857759,0.9200249,0.98860246,0.98860246,0.00065249205,0.025543924,0.0005984347
2016-05-13,7.283517e-06,0.06603705,0.92242235,0.9884594,0.9884594,0.00061381975,0.024775386,0.0006311216
2016-05-16,7.3443716e-06,0.06558238,0.9228988,0.9884812,0.9884812,0.00058116746,0.024107415,0.00063759997
2016-05-17,7.056933e-06,0.066947535,0.9216477,0.98859525,0.98859525,0.00061050814,0.024708463,0.00061877124
2016-05-18,7.09417e-06,0.06695724,0.9215674,0.9885246,0.9885246,0.0005794509,0.024071787,0.0006182076
2016-05-19,7.2275093e-06,0.06592653,0.92262065,0.9885472,0.9885472,0.0005415946,0.023272185,0.00063106953
2016-05-20,7.2410294e-06,0.06585402,0.922692,0.988546,0.988546,0.0005069627,0.022515832,0.0006321842
2016-05-23,7.127076e-06,0.06688846,0.9216752,0.98856366,0.98856366,0.00048009728,0.021911122,0.0006231954
2016-05-24,7.3278943e-06,0.06546926,0.92302096,0.9884902,0.9884902,0.00045257795,0.02127388,0.00063666695
2016-05-25,7.010074e-06,0.067077085,0.92156696,0.98864406,0.98864406,0.00043288866,0.020805977,0.0006173048
2016-05-26,7.2345797e-06,0.06574417,0.92283165,0.9885758,0.9885758,0.0004299342,0.020734856,0.00063326885
2016-05-27,7.2364987e-06,0.06584585,0.9227091,0.98855495,0.98855495,0.0004042174,0.020105159,0.00063228223
2016-05-31,7.163386e-06,0.06662041,0.9218752,0.9884956,0.9884956,0.0003809175,0.019517109,0.0006226642
2016-06-01,7.362671e-06,0.06553675,0.9229195,0.98845625,0.98845625,0.000359929,0.018971795,0.0006378058
2016-06-02,7.376311e-06,0.06532877,0.9231333,0.9884621,0.9884621,0.0003398298,0.018434472,0.00063931086
2016-06-03,7.253387e-06,0.06585774,0.9226701,0.9885279,0.9885279,0.00032168077,0.01793546,0.0006322629
2016-06-06,7.278446e-06,0.06565509,0.9228893,0.9885444,0.9885444,0.00031274854,0.017684698,0.00063536165
2016-06-07,7.4339555e-06,0.06481975,0.92367,0.98848975,0.98848975,0.00032634594,0.018065047,0.0006458551
2016-06-08,7.2467965e-06,0.06601541,0.9225024,0.9885178,0.9885178,0.00032008774,0.017890995,0.00063113426
2016-06-09,7.1730205e-06,0.06622039,0.92234147,0.98856187,0.98856187,0.00032136045,0.017926529,0.0006271147
2016-06-10,7.496151e-06,0.06461145,0.9238261,0.98843753,0.98843753,0.0003154725,0.017761545,0.0006483176
2016-06-13,7.181492e-06,0.06657876,0.9220084,0.98858714,0.98858714,0.00035767574,0.018912317,0.00062924565
2016-06-14,7.5845264e-06,0.06423821,0.9241915,0.98842967,0.98842967,0.00033809044,0.018387236,0.0006555149
2016-06-15,7.576854e-06,0.06446838,0.92393893,0.9884073,0.9884073,0.00032441592,0.01801155,0.00065358914
2016-06-16,7.578727e-06,0.06450785,0.92391026,0.9884181,0.9884181,0.000314007,0.017720243,0.0006543597
2016-06-17,7.4182417e-06,0.06565367,0.9228213,0.98847497,0.98847497,0.00039306816,0.019825947,0.0006436633
2016-06-20,7.2288326e-06,0.06583287,0.92271364,0.9885465,0.9885465,0.00046173728,0.021488072,0.00063114567
2016-06-21,7.0086116e-06,0.06720642,0.9213842,0.98859066,0.98859066,0.0004860812,0.02204725,0.0006142871
2016-06-22,7.4837585e-06,0.065454766,0.9229034,0.9883582,0.9883582,0.0004627541,0.02151172,0.00064283516
2016-06-23,7.6235956e-06,0.06436739,0.92404205,0.98840946,0.98840946,0.0004365248,0.020893175,0.0006577429
2016-06-24,7.621788e-06,0.06391294,0.92448854,0.9884015,0.9884015,0.00043549793,0.020868586,0.0006571341
2016-06-27,7.191503e-06,0.06711036,0.92143023,0.9885406,0.9885406,0.00057508075,0.023980841,0.0006275631
2016-06-28,7.69014e-06,0.06417795,0.9242124,0.9883903,0.9883903,0.0005901594,0.024293195,0.00066239067
2016-06-29,7.1588192e-06,0.06679417,0.9216655,0.98845965,0.98845965,0.00061901816,0.024880076,0.0006203293
2016-06-30,7.531683e-06,0.065100595,0.9232227,0.98832333,0.98832333,0.00069167634,0.026299741,0.0006450198
2016-07-01,7.7013565e-06,0.06439025,0.923925,0.9883152,0.9883152,0.0007119596,0.02668257,0.00065909326
2016-07-05,7.5324997e-06,0.06464753,0.92373097,0.9883785,0.9883785,0.0006769323,0.026017923,0.0006481535
2016-07-06,6.8339536e-06,0.06984325,0.9188055,0.9886487,0.9886487,0.0007961006,0.028215254,0.0006020422
2016-07-07,7.6148103e-06,0.06443926,0.92393684,0.9883761,0.9883761,0.00075948064,0.027558677,0.00065509835
2016-07-08,7.268501e-06,0.06734072,0.9211405,0.9884812,0.9884812,0.0008686542,0.029472942,0.0006310133
2016-07-11,7.693627e-06,0.06426986,0.92409045,0.9883603,0.9883603,0.0008096285,0.028453972,0.0006609807
2016-07-12,7.6740125e-06,0.064433455,0.9239291,0.98836255,0.98836255,0.00076966814,0.027742894,0.00065942394
2016-07-13,7.3591737e-06,0.06572923,0.92267513,0.9884044,0.9884044,0.0008454147,0.029076016,0.00063465186
2016-07-14,7.2947973e-06,0.06704107,0.9214395,0.9884806,0.98848057,0.0009206814,0.030342732,0.00063326344
2016-07-15,7.4820996e-06,0.06495303,0.923508,0.988461,0.988461,0.00088335807,0.02972134,0.0006484194
2016-07-18,7.831114e-06,0.063409455,0.9248658,0.98827523,0.98827523,0.0008253475,0.028728861,0.00066791195
2016-07-19,7.63349e-06,0.064455375,0.9239491,0.9884045,0.9884045,0.0007870172,0.028053828,0.00065831555
2016-07-20,7.716872e-06,0.0638676,0.9245043,0.98837185,0.98837185,0.0007463116,0.027318705,0.000663637
2016-07-21,7.5485505e-06,0.06516093,0.9232263,0.9883872,0.9883872,0.00070016854,0.026460698,0.00065002136
2016-07-22,7.667715e-06,0.0641538,0.9242201,0.9883739,0.9883739,0.00065526745,0.025598193,0.00065952464
2016-07-25,7.76934e-06,0.06356783,0.92479485,0.98836267,0.98836267,0.00062384136,0.024976816,0.00066762225
2016-07-26,7.5122484e-06,0.06521332,0.92322916,0.9884425,0.9884425,0.00062290695,0.024958104,0.00064998795
2016-07-27,7.6092933e-06,0.06441749,0.924026,0.9884435,0.9884435,0.0005843071,0.024172446,0.0006584424
2016-07-28,7.4748527e-06,0.065252185,0.9232229,0.9884751,0.9884751,0.00058405317,0.024167191,0.000648582
2016-07-29,7.764446e-06,0.06343559,0.9249762,0.98841184,0.98841184,0.0005702927,0.023880802,0.0006700329
2016-08-01,7.695409e-06,0.06392743,0.9244872,0.9884146,0.9884146,0.00054278225,0.023297688,0.00066423253
2016-08-02,7.4617806e-06,0.0655041,0.9229774,0.98848146,0.98848146,0.0006016076,0.024527691,0.0006478062
2016-08-03,7.75498e-06,0.06370661,0.9246999,0.98840654,0.98840654,0.00057568634,0.023993464,0.00066890987
2016-08-04,7.5489543e-06,0.06427652,0.9241875,0.988464,0.988464,0.0006079014,0.024655657,0.00065438217
2016-08-05,7.855244e-06,0.06300493,0.9252939,0.98829883,0.98829883,0.00061397953,0.02477861,0.0006713214
2016-08-08,7.882549e-06,0.06301919,0.9253099,0.9883291,0.9883291,0.0005766711,0.024013977,0.0006754027
2016-08-09,7.703445e-06,0.063703045,0.92468834,0.9883914,0.9883914,0.00059277925,0.024347058,0.00066359807
2016-08-10,7.416596e-06,0.06539133,0.9231068,0.98849815,0.9884981,0.0005581839,0.023625916,0.0006448177
2016-08-11,7.5571297e-06,0.06466547,0.923785,0.9884504,0.9884504,0.0005646498,0.023762362,0.00065432006
2016-08-12,7.043525e-06,0.06679144,0.9218427,0.9886341,0.9886341,0.0006408212,0.025314447,0.0006197073
2016-08-15,7.810507e-06,0.063044555,0.9252868,0.9883314,0.9883314,0.0006315785,0.025131226,0.0006693598
2016-08-16,7.512466e-06,0.0644356,0.9240104,0.988446,0.988446,0.00063977705,0.025293814,0.0006502046
2016-08-17,7.5354064e-06,0.064415246,0.9240079,0.9884231,0.9884231,0.0006194572,0.024888897,0.0006509007
2016-08-18,7.3902797e-06,0.06495797,0.9235647,0.98852265,0.98852265,0.0005810877,0.024105761,0.0006439012
2016-08-19,7.1774966e-06,0.065978535,0.9226182,0.98859674,0.98859674,0.00060200394,0.024535768,0.0006294248
2016-08-22,7.349688e-06,0.064985655,0.92357457,0.9885602,0.9885602,0.0005649441,0.023768554,0.0006424665
2016-08-23,7.6302085e-06,0.06410335,0.924285,0.98838836,0.98838836,0.00059158297,0.024322478,0.00065711717
2016-08-24,7.3367078e-06,0.06547784,0.92300767,0.9884855,0.9884855,0.0005849784,0.024186326,0.000637172
2016-08-25,7.763342e-06,0.063270465,0.92507356,0.988344,0.988344,0.00059963675,0.024487482,0.00066603906
2016-08-26,7.681321e-06,0.063565284,0.924826,0.9883913,0.9883913,0.00057107955,0.023897272,0.0006616855
2016-08-29,7.733323e-06,0.0633949,0.9249595,0.9883544,0.9883544,0.00053834554,0.023202274,0.00066405453
2016-08-30,7.5421044e-06,0.06430128,0.9241365,0.9884378,0.9884378,0.0005184443,0.022769371,0.00065230543
2016-08-31,7.573124e-06,0.06424831,0.9241762,0.98842454,0.98842454,0.00049879286,0.02233367,0.00065423956
2016-09-01,7.602021e-06,0.0643735,0.92404836,0.98842186,0.98842186,0.00055407465,0.02353879,0.0006565838
2016-09-02,6.8897543e-06,0.06887247,0.9198148,0.9886873,0.9886873,0.00059979816,0.024490777,0.00060902705
2016-09-06,7.3091237e-06,0.06553129,0.92297876,0.9885101,0.9885101,0.00061646505,0.024828715,0.00063613313
2016-09-07,7.6931765e-06,0.06400869,0.9243269,0.9883356,0.9883356,0.00058102724,0.024104506,0.0006595438
2016-09-08,7.761294e-06,0.063129455,0.9252455,0.98837495,0.98837495,0.0005583898,0.023630273,0.00066763524
2016-09-09,6.9123876e-06,0.06780333,0.9208212,0.9886245,0.9886245,0.0006539692,0.025572821,0.00060765643
2016-09-12,7.263778e-06,0.066343024,0.9221788,0.9885218,0.9885218,0.0007042551,0.026537804,0.0006328333
2016-09-13,7.3095657e-06,0.06558648,0.92290986,0.98849636,0.9884963,0.0006616865,0.025723267,0.00063541345
2016-09-14,7.738402e-06,0.063742325,0.92459005,0.9883324,0.9883324,0.0006799075,0.026075035,0.000663238
2016-09-15,7.814962e-06,0.06353438,0.9248108,0.9883452,0.9883452,0.00069403974,0.026344635,0.0006705363
2016-09-16,7.2428215e-06,0.06583674,0.9226845,0.9885212,0.9885212,0.00065306126,0.025555063,0.00063097477
2016-09-19,7.768706e-06,0.063222855,0.9251183,0.98834115,0.9883412,0.0006374338,0.02524745,0.0006663357
2016-09-20,7.750509e-06,0.06338855,0.92499995,0.9883885,0.9883885,0.0005997592,0.024489982,0.0006674844
2016-09-21,7.538395e-06,0.06486821,0.9235256,0.9883938,0.9883938,0.0005630944,0.02372961,0.00064951356
2016-09-22,7.433052e-06,0.0649775,0.92344797,0.98842543,0.9884255,0.0006451292,0.025399392,0.00064218836
2016-09-23,7.733074e-06,0.063443065,0.9249059,0.98834896,0.98834896,0.000632231,0.025144204,0.000663724
2016-09-26,7.5951943e-06,0.064493276,0.9239219,0.9884152,0.9884152,0.00069795444,0.026418827,0.00065561617
2016-09-27,7.401474e-06,0.064970635,0.92350835,0.98847896,0.98847896,0.0007178355,0.026792452,0.00064243097
2016-09-28,7.789793e-06,0.06364708,0.9246695,0.9883166,0.9883166,0.0007214645,0.026860092,0.00066674
2016-09-29,6.7648148e-06,0.06873278,0.91992855,0.98866135,0.98866135,0.0008448337,0.029066022,0.0005966155
2016-09-30,7.669341e-06,0.06384685,0.92448974,0.98833656,0.98833656,0.00080199854,0.028319579,0.00065755413
2016-10-03,7.473104e-06,0.06461026,0.9238466,0.98845685,0.98845685,0.0007535042,0.02745003,0.0006474057
2016-10-04,7.5046787e-06,0.06446823,0.9239739,0.9884421,0.9884421,0.0007121526,0.026686188,0.0006493129
2016-10-05,7.2166e-06,0.066006914,0.9225273,0.9885342,0.9885342,0.0006659851,0.025806688,0.0006294029
2016-10-06,7.42404e-06,0.06484734,0.92363536,0.9884827,0.9884827,0.00065623695,0.025617123,0.0006445998
2016-10-07,7.431443e-06,0.06481465,0.9236579,0.9884725,0.9884725,0.0006227755,0.02495547,0.000644672
2016-10-11,7.544844e-06,0.06425106,0.92418134,0.9884324,0.9884324,0.0005932937,0.02435762,0.0006522398
2016-10-12,7.32911e-06,0.065355,0.9231599,0.9885149,0.9885149,0.00057965366,0.024075998,0.0006381407
2016-10-13,7.5003218e-06,0.06456476,0.9238592,0.98842394,0.98842394,0.0005523638,0.02350242,0.0006479168
2016-10-14,7.213674e-06,0.06595426,0.9225991,0.98855335,0.98855335,0.0005193758,0.022789817,0.0006301993
2016-10-17,7.373756e-06,0.065027185,0.9234853,0.98851246,0.98851246,0.00048665953,0.02206036,0.00064189144
2016-10-18,7.4586733e-06,0.06456009,0.92393154,0.98849165,0.98849165,0.00046140092,0.021480246,0.00064810994
2016-10-19,7.2218795e-06,0.06563676,0.9229711,0.9886079,0.9886079,0.00043669937,0.020897353,0.0006339366
2016-10-20,7.2364555e-06,0.06558009,0.92302096,0.988601,0.988601,0.00045288657,0.021281132,0.0006348341
2016-10-21,7.312781e-06,0.06555376,0.92296076,0.98851454,0.98851454,0.00046047792,0.021458749,0.00063669914
2016-10-24,7.072108e-06,0.06627075,0.922427,0.98869777,0.98869777,0.0004365698,0.020894254,0.00062572665
2016-10-25,7.111312e-06,0.06632737,0.9223008,0.9886282,0.9886282,0.00041279447,0.020317344,0.00062534667
2016-10-26,7.2994044e-06,0.06523415,0.9233443,0.98857844,0.98857844,0.00039642904,0.019910526,0.0006390899
2016-10-27,7.4215304e-06,0.06470549,0.9238201,0.98852557,0.98852557,0.00038998533,0.019748047,0.00064678857
2016-10-28,7.323783e-06,0.06505649,0.92352444,0.98858094,0.98858094,0.00037508106,0.01936701,0.0006413649
2016-10-31,7.3733595e-06,0.06482037,0.92374444,0.9885648,0.9885648,0.0003823187,0.019552972,0.0006447944
2016-11-01,7.2760995e-06,0.066063,0.9225295,0.9885925,0.9885925,0.00045788428,0.021398231,0.000637835
2016-11-02,7.1462655e-06,0.06618355,0.92248917,0.98867273,0.98867273,0.00043091003,0.020758372,0.00063089054
2016-11-03,7.2200482e-06,0.066460975,0.9221551,0.98861605,0.98861605,0.0004608942,0.021468446,0.00063423044
2016-11-04,7.629516e-06,0.064001255,0.9244926,0.98849386,0.98849386,0.00044789497,0.021163529,0.0006630822
2016-11-07,7.5248263e-06,0.06483984,0.92366457,0.9885044,0.9885044,0.00043343374,0.020819072,0.00065458374
2016-11-08,7.650495e-06,0.0636637,0.92479944,0.98846316,0.98846316,0.00042934393,0.020720616,0.00066313625
2016-11-09,7.1844156e-06,0.06656906,0.9220557,0.9886248,0.9886248,0.00040490576,0.020122271,0.0006315865
2016-11-10,7.4366144e-06,0.0646651,0.92390364,0.9885687,0.9885687,0.00038307943,0.019572414,0.0006505498
2016-11-14,7.3696647e-06,0.06537505,0.9231968,0.9885718,0.9885718,0.00037368806,0.019331014,0.0006448679
2016-11-15,7.433613e-06,0.065417446,0.9231398,0.9885573,0.9885573,0.00041398092,0.02034652,0.00064963684
2016-11-16,6.79739e-06,0.06840813,0.92033124,0.9887394,0.9887394,0.00059218705,0.024334894,0.00060364214
2016-11-17,7.788172e-06,0.06333884,0.925043,0.9883818,0.9883818,0.00055386825,0.023534406,0.0006703426
2016-11-18,7.636398e-06,0.063710034,0.92475325,0.9884633,0.9884633,0.00052093173,0.02282393,0.00066192116
2016-11-21,7.680482e-06,0.063482545,0.9249564,0.9884389,0.9884389,0.00049143145,0.022168253,0.0006643386
2016-11-22,6.488922e-06,0.070502564,0.918287,0.98878956,0.98878956,0.0005558494,0.023576459,0.0005788284
2016-11-23,7.5152357e-06,0.064356595,0.9241003,0.98845685,0.98845685,0.00052555534,0.022924993,0.0006510556
2016-11-25,7.6261085e-06,0.063738115,0.92469347,0.9884316,0.9884316,0.00049336633,0.022211852,0.0006592174
2016-11-28,7.5841776e-06,0.06458073,0.92386526,0.988446,0.988446,0.0005692161,0.02385825,0.0006564113
2016-11-29,7.0585447e-06,0.06686157,0.9217307,0.98859227,0.98859227,0.000563776,0.023743968,0.00061875087
2016-11-30,7.5772614e-06,0.064749524,0.92363775,0.9883873,0.9883873,0.0006354375,0.025207885,0.00065249705
2016-12-01,6.260533e-06,0.072125986,0.9166906,0.98881656,0.98881656,0.0011046211,0.03323584,0.00055980386
2016-12-02,7.1357163e-06,0.06693321,0.9215051,0.9884383,0.9884383,0.001092729,0.033056453,0.0006171862
2016-12-05,7.3124374e-06,0.06558162,0.92289275,0.98847437,0.98847437,0.0010234602,0.031991564,0.00063445006
2016-12-06,7.37443e-06,0.06523781,0.92321587,0.9884537,0.9884537,0.0009520902,0.03085596,0.0006386826
2016-12-07,7.3594388e-06,0.065516904,0.92296046,0.98847735,0.98847735,0.00090517564,0.030086137,0.0006386932
2016-12-08,7.474508e-06,0.06484794,0.9236007,0.9884486,0.9884486,0.0008783021,0.029636161,0.0006470662
2016-12-09,7.5678504e-06,0.06430069,0.9240785,0.98837924,0.98837924,0.0008473623,0.029109487,0.0006512354
2016-12-12,7.49828e-06,0.06472578,0.9236599,0.9883857,0.9883857,0.0008009032,0.028300233,0.0006456063
2016-12-13,6.8177546e-06,0.06810604,0.92059964,0.9887057,0.9887057,0.0007885572,0.02808126,0.00060364534
2016-12-14,7.315892e-06,0.06561159,0.9228518,0.9884634,0.9884634,0.0007332226,0.027078083,0.0006341464
2016-12-15,7.461476e-06,0.06464828,0.92382354,0.9884718,0.9884718,0.00077645003,0.027864853,0.0006472372
2016-12-16,7.301267e-06,0.06537785,0.9231654,0.9885432,0.9885432,0.00072534033,0.026932143,0.00063728745
2016-12-19,7.387031e-06,0.06499851,0.92349845,0.98849696,0.98849696,0.00070105545,0.026477452,0.00064218073
2016-12-20,7.4271024e-06,0.06482925,0.92364776,0.988477,0.988477,0.0006558463,0.025609497,0.0006445454
2016-12-21,6.868533e-06,0.06787925,0.9208249,0.98870414,0.98870414,0.0006134248,0.024767414,0.00060805783
2016-12-22,7.2146563e-06,0.06568052,0.9229223,0.9886028,0.9886028,0.0005732423,0.02394248,0.000633021
2016-12-23,7.197085e-06,0.06594128,0.92264915,0.9885904,0.9885904,0.0005410038,0.023259489,0.0006307931
2016-12-27,7.178033e-06,0.06596064,0.9226391,0.9885997,0.9885997,0.0005064311,0.022504024,0.0006296364
2016-12-28,6.878306e-06,0.06754279,0.921186,0.98872876,0.98872876,0.0004917912,0.022176364,0.0006102529
2016-12-29,7.109252e-06,0.06625011,0.9223913,0.9886414,0.9886414,0.00046041128,0.021457197,0.0006258905
2016-12-30,6.95125e-06,0.06709939,0.9216142,0.9887136,0.9887136,0.00043387891,0.02082976,0.0006158973
2017-01-03,7.0317365e-06,0.06647704,0.92224276,0.9887198,0.9887198,0.00040691186,0.020172056,0.000623371
2017-01-04,6.4026694e-06,0.07110451,0.9177964,0.9889009,0.9889009,0.00042882405,0.020708067,0.0005768638
2017-01-05,6.9691937e-06,0.06682073,0.92191654,0.9887373,0.9887373,0.00042144768,0.02052919,0.0006187845
2017-01-06,7.2995713e-06,0.065123156,0.92348146,0.9886046,0.9886046,0.00040104936,0.020026216,0.00064057205
2017-01-09,7.236383e-06,0.065398596,0.92324114,0.9886397,0.9886397,0.0003787194,0.019460713,0.0006369894
2017-01-10,6.742909e-06,0.06903005,0.9197734,0.98880345,0.98880345,0.00045413998,0.02131056,0.0006022308
2017-01-11,7.4986547e-06,0.064273976,0.92427,0.9885439,0.9885439,0.00045915475,0.021427896,0.0006545572
2017-01-12,6.9613234e-06,0.06708149,0.9216248,0.9887063,0.9887063,0.00048053009,0.021920996,0.00061638944
2017-01-13,7.5075864e-06,0.06428507,0.9241899,0.98847497,0.98847497,0.0004633607,0.021525815,0.0006514155
2017-01-17,7.743315e-06,0.06324839,0.92515516,0.98840356,0.98840356,0.00044560127,0.02110927,0.00066773203
2017-01-18,7.3585215e-06,0.06506157,0.92349774,0.9885593,0.9885593,0.00042021245,0.020499084,0.00064318837
2017-01-19,7.1187796e-06,0.06662801,0.9220406,0.98866856,0.98866856,0.00044383292,0.021067342,0.0006282326
2017-01-20,7.466115e-06,0.06426785,0.92428076,0.98854864,0.98854864,0.0004183102,0.020452634,0.0006519848
2017-01-23,6.7280703e-06,0.068991326,0.9197959,0.9887872,0.9887872,0.00041979802,0.020488974,0.00060003344
2017-01-24,7.4829886e-06,0.06429741,0.92423046,0.9885279,0.9885279,0.0003953713,0.019883946,0.0006522768
2017-01-25,7.222566e-06,0.06556587,0.9230665,0.9886324,0.9886324,0.00037689006,0.019413657,0.00063536316
2017-01-26,7.277608e-06,0.065556504,0.9230244,0.98858094,0.98858094,0.00035969607,0.018965656,0.0006373212
2017-01-27,7.0804826e-06,0.066302426,0.9223795,0.9886819,0.9886819,0.00036320058,0.019057821,0.00062559004
2017-01-30,7.4175473e-06,0.06476859,0.9237559,0.9885245,0.9885245,0.00035108117,0.01873716,0.000646381
2017-01-31,7.099118e-06,0.066727705,0.921941,0.9886687,0.9886687,0.00033879862,0.018406482,0.0006265041
2017-02-01,7.0046653e-06,0.06689639,0.92183775,0.9887341,0.9887341,0.00032012453,0.017892024,0.0006217596
2017-02-02,6.8382883e-06,0.06760802,0.9211657,0.9887737,0.9887737,0.00032838804,0.01812148,0.0006091313
2017-02-03,7.2107528e-06,0.065899126,0.9227119,0.98861104,0.98861104,0.0003122551,0.017670741,0.00063313544
2017-02-06,6.902634e-06,0.06720722,0.9215886,0.9887958,0.9887958,0.00029708937,0.017236281,0.0006160765
2017-02-07,7.1904574e-06,0.0660159,0.9226238,0.9886397,0.9886397,0.0002970286,0.017234517,0.0006329468
2017-02-08,7.359871e-06,0.06511793,0.92346686,0.9885848,0.9885848,0.0002985853,0.017279621,0.00064474397
2017-02-09,6.829592e-06,0.06764089,0.9211644,0.9888053,0.9888053,0.00028368548,0.016842965,0.0006100734
2017-02-10,7.270617e-06,0.06524846,0.92337155,0.98862004,0.98862004,0.0002783719,0.016684482,0.0006388967
2017-02-13,6.9858543e-06,0.066778846,0.9219769,0.98875576,0.98875576,0.00028071963,0.01675469,0.0006212831
2017-02-14,6.978277e-06,0.067375615,0.92133874,0.98871434,0.98871434,0.00028662026,0.016929863,0.00061833113
2017-02-15,7.01442e-06,0.06677457,0.92195815,0.9887327,0.9887327,0.00027263738,0.016511735,0.0006225464
2017-02-16,7.278072e-06,0.06526349,0.9233711,0.9886346,0.9886346,0.00025862377,0.016081784,0.0006403702
2017-02-17,7.082864e-06,0.066578045,0.92210746,0.9886855,0.9886855,0.00024738075,0.015728343,0.00062599825
2017-02-21,7.2027533e-06,0.06558086,0.92309225,0.9886731,0.9886731,0.00023521189,0.01533662,0.0006358975
2017-02-22,6.296375e-06,0.07205926,0.9168969,0.98895615,0.98895615,0.0002338405,0.0152918445,0.0005701252
2017-02-23,6.9696252e-06,0.06665807,0.92216104,0.9888191,0.9888191,0.00022650236,0.015049996,0.00062335224
2017-02-24,6.9226207e-06,0.06700709,0.9217904,0.9887975,0.9887975,0.00023223445,0.015239241,0.00061795244
2017-02-27,7.2586386e-06,0.06551165,0.923129,0.98864067,0.98864067,0.00022609183,0.01503635,0.00063900213
2017-02-28,7.1380446e-06,0.06586855,0.9228482,0.9887168,0.9887168,0.00021602042,0.014697633,0.00063262484
2017-03-01,7.1693325e-06,0.0661344,0.9225338,0.9886682,0.9886682,0.00020655518,0.0143720275,0.00063267397
2017-03-02,6.1424676e-06,0.071660355,0.91745657,0.9891169,0.9891169,0.00019856941,0.014091466,0.0005644046
2017-03-03,6.962149e-06,0.06735777,0.9213841,0.9887419,0.9887419,0.00022676875,0.015058843,0.00061841105
2017-03-06,7.112056e-06,0.06620195,0.9225195,0.98872143,0.98872143,0.0002279162,0.0150968935,0.0006305814
2017-03-07,7.156715e-06,0.06570027,0.9229971,0.9886974,0.9886974,0.0002178443,0.014759549,0.0006331925
2017-03-08,6.961863e-06,0.06702292,0.92174935,0.9887723,0.9887723,0.0002083491,0.014434303,0.0006200599
2017-03-09,7.3172514e-06,0.0657815,0.9228004,0.9885819,0.9885819,0.0004059075,0.020147147,0.00064084644
2017-03-10,7.5682287e-06,0.064524926,0.9239874,0.98851234,0.98851234,0.00040906976,0.020225473,0.00065881363
2017-03-13,7.556571e-06,0.06469375,0.9238123,0.9885061,0.9885061,0.00040289585,0.020072266,0.0006574406
2017-03-14,7.655517e-06,0.064009614,0.92446995,0.98847955,0.98847955,0.00038004096,0.01949464,0.0006645157
2017-03-15,7.3133724e-06,0.066173084,0.9223931,0.98856616,0.98856616,0.0003722419,0.01929357,0.00063962524
2017-03-16,7.4279465e-06,0.064722225,0.92386,0.98858225,0.98858225,0.00038680827,0.019667441,0.00065056153
2017-03-17,7.319485e-06,0.06556078,0.9230601,0.9886209,0.9886209,0.00036518663,0.019109856,0.0006432381
2017-03-20,7.394809e-06,0.064759,0.9238536,0.9886126,0.9886126,0.00034441802,0.018558502,0.00064938475
2017-03-21,7.526663e-06,0.06410569,0.92445314,0.9885588,0.9885588,0.00033458034,0.018291537,0.00065785774
2017-03-22,7.2993403e-06,0.06596552,0.9225741,0.98853964,0.98853964,0.00033914353,0.01841585,0.00063692045
2017-03-23,7.1895115e-06,0.06636375,0.9222946,0.98865837,0.98865837,0.0003339394,0.01827401,0.00063390454
2017-03-24,7.5002904e-06,0.064428896,0.9241245,0.98855335,0.9885534,0.0003187562,0.017853744,0.00065523863
2017-03-27,7.46211e-06,0.06459955,0.9239635,0.98856306,0.98856306,0.00030395374,0.01743427,0.0006524569
2017-03-28,7.3916344e-06,0.064981245,0.9236092,0.9885904,0.9885904,0.00029008748,0.017031955,0.0006478445
2017-03-29,7.2194493e-06,0.06565555,0.9230008,0.98865634,0.98865634,0.0002864389,0.016924506,0.00063643046
2017-03-30,7.12947e-06,0.06594102,0.92274785,0.9886889,0.9886889,0.00030650583,0.017507307,0.0006303066
2017-03-31,7.2386697e-06,0.06542384,0.9232206,0.9886444,0.9886444,0.0003080965,0.017552678,0.0006374549
2017-04-03,7.1842805e-06,0.0656318,0.923042,0.9886738,0.9886738,0.00029313395,0.017121155,0.0006343067
2017-04-04,7.2282123e-06,0.065553635,0.9230957,0.9886493,0.98864937,0.00028133212,0.016772958,0.0006368081
2017-04-05,6.9698094e-06,0.06690055,0.9218228,0.98872334,0.98872334,0.00028239854,0.016804717,0.0006180738
2017-04-06,7.1700806e-06,0.06577828,0.92289424,0.9886725,0.9886725,0.00026758926,0.016358156,0.0006329797
2017-04-07,7.19885e-06,0.06550826,0.92317045,0.9886787,0.9886787,0.0002613195,0.01616538,0.0006358675
2017-04-10,6.830345e-06,0.06744628,0.92139584,0.9888421,0.9888421,0.00025519342,0.015974775,0.0006121549
2017-04-11,6.896595e-06,0.06702427,0.92179805,0.98882234,0.98882234,0.0002586179,0.016081601,0.0006169982
2017-04-12,6.7563788e-06,0.0679651,0.9208885,0.9888536,0.9888536,0.00024752325,0.015732871,0.0006061475
2017-04-13,7.088914e-06,0.066102386,0.9226253,0.9887277,0.9887277,0.0002368933,0.015391339,0.0006288785
2017-04-17,7.1641407e-06,0.06577873,0.92290294,0.9886817,0.9886817,0.00022572961,0.015024301,0.0006329682
2017-04-18,7.110051e-06,0.06609181,0.92260665,0.9886985,0.9886985,0.00022240744,0.014913331,0.00062912353
2017-04-19,7.138405e-06,0.065859236,0.92284596,0.9887052,0.9887052,0.0002138319,0.014622992,0.0006320091
2017-04-20,7.2760777e-06,0.06555675,0.9230645,0.98862123,0.98862123,0.0003023518,0.017388266,0.0006394435
2017-04-21,7.124666e-06,0.06672313,0.92191195,0.98863506,0.98863506,0.00028722265,0.016947644,0.00062689884
2017-04-24,7.3118395e-06,0.06556008,0.9230222,0.9885823,0.9885823,0.00028363764,0.016841546,0.00064039585
2017-04-25,7.4545387e-06,0.06473577,0.92381936,0.98855513,0.98855513,0.00027344795,0.016536262,0.00065134343
2017-04-26,7.440037e-06,0.064900026,0.92364043,0.9885405,0.9885405,0.00026275808,0.016209815,0.0006492445
2017-04-27,7.438238e-06,0.064642176,0.9239042,0.9885464,0.9885464,0.0002501953,0.015817562,0.00064942194
2017-04-28,7.457338e-06,0.06485543,0.92365944,0.9885149,0.9885149,0.00025024402,0.015819103,0.00064930547
2017-05-01,7.45638e-06,0.06480054,0.92373353,0.9885341,0.9885341,0.00024185436,0.015551668,0.0006503088
2017-05-02,7.290637e-06,0.06564623,0.92298096,0.9886272,0.9886272,0.00023763505,0.015415416,0.00064105884
2017-05-03,7.426254e-06,0.065411426,0.9230867,0.98849815,0.98849815,0.00026665855,0.016329683,0.0006456574
2017-05-04,7.5192e-06,0.064418904,0.9241113,0.9885302,0.9885302,0.0002542092,0.015943939,0.0006555661
2017-05-05,7.1152094e-06,0.06758659,0.9210292,0.9886158,0.9886158,0.00040047313,0.020011825,0.000625008
2017-05-08,7.4877107e-06,0.064625196,0.92392635,0.98855156,0.98855156,0.0003912155,0.019779168,0.00065403746
2017-05-09,7.5921484e-06,0.06429432,0.9241777,0.98847204,0.98847204,0.0003701341,0.019238869,0.00065858586
2017-05-10,7.724865e-06,0.0637648,0.92462814,0.98839295,0.98839295,0.00035916053,0.018951531,0.00066553213
2017-05-11,7.325274e-06,0.06540962,0.92316407,0.9885737,0.9885737,0.00040060678,0.020015163,0.00064108724
2017-05-12,7.656721e-06,0.06367052,0.9247594,0.9884299,0.9884299,0.00038405063,0.01959721,0.0006617682
2017-05-15,7.684671e-06,0.06365322,0.9247568,0.98841006,0.98841006,0.0003628112,0.019047603,0.0006630464
2017-05-16,7.4357104e-06,0.064878576,0.92365766,0.98853624,0.98853624,0.00037035046,0.019244492,0.00064862747
2017-05-17,7.33466e-06,0.06530436,0.9232782,0.98858255,0.98858255,0.0003506222,0.018724909,0.000642408
2017-05-18,7.3782626e-06,0.064880356,0.923687,0.98856735,0.98856735,0.0003353966,0.018313836,0.0006453678
2017-05-19,7.3997485e-06,0.0646628,0.9239031,0.9885659,0.9885659,0.000319108,0.017863594,0.00064716616
2017-05-22,7.164742e-06,0.06595995,0.9226676,0.98862755,0.98862755,0.0003266248,0.018072763,0.0006300088
2017-05-23,7.1283325e-06,0.06640881,0.9222432,0.988652,0.988652,0.00031241917,0.017675383,0.0006281571
2017-05-24,7.002136e-06,0.06686652,0.9218367,0.9887032,0.9887032,0.00030872753,0.017570645,0.0006198331
2017-05-25,7.2344533e-06,0.06553906,0.9230895,0.98862857,0.98862857,0.00029197652,0.01708732,0.00063619536
2017-05-26,7.2187004e-06,0.06646283,0.92210686,0.9885697,0.9885697,0.00043617937,0.020884907,0.0006315395
2017-05-30,7.566516e-06,0.06407797,0.92438906,0.98846704,0.98846704,0.00043095497,0.020759456,0.0006560774
2017-05-31,7.517838e-06,0.064669475,0.92381126,0.98848075,0.98848075,0.000406534,0.020162689,0.00065263244
2017-06-01,7.400669e-06,0.06541184,0.92312413,0.988536,0.988536,0.0004323143,0.02079217,0.0006455573
2017-06-02,7.5966523e-06,0.0642691,0.9242256,0.98849475,0.98849475,0.00040650312,0.020161923,0.00066027726
2017-06-05,7.508292e-06,0.06457562,0.92393804,0.98851365,0.98851365,0.0003974106,0.019935159,0.00065367075
2017-06-06,7.3827287e-06,0.06533576,0.92323005,0.9885658,0.9885658,0.00037679536,0.019411217,0.0006456709
2017-06-07,7.4874383e-06,0.06463831,0.9238774,0.98851573,0.98851573,0.00037259143,0.019302627,0.00065197365
2017-06-08,7.0706496e-06,0.06791046,0.92071354,0.98862404,0.988624,0.0005322855,0.023071313,0.0006215429
2017-06-09,7.6804e-06,0.06378893,0.9246956,0.98848456,0.98848456,0.0004974219,0.022302957,0.0006669655
2017-06-12,7.804988e-06,0.06310587,0.9253009,0.9884068,0.9884068,0.00046862254,0.021647692,0.00067323714
2017-06-13,7.695231e-06,0.06375467,0.9246853,0.98844,0.98844,0.00044312945,0.02105064,0.0006656761
2017-06-14,7.53182e-06,0.06458257,0.9239123,0.9884949,0.9884949,0.00042150478,0.020530581,0.000654649
2017-06-15,7.0265564e-06,0.067878574,0.9207835,0.98866206,0.9886621,0.0004911354,0.022161575,0.0006197386
2017-06-16,7.6925435e-06,0.06350109,0.9249631,0.98846424,0.98846424,0.00046194386,0.02149288,0.000666843
2017-06-19,7.654183e-06,0.063669585,0.9248067,0.9884763,0.9884763,0.0004372901,0.020911483,0.0006642109
2017-06-20,7.3496626e-06,0.06557731,0.9230387,0.98861605,0.98861605,0.00042182353,0.020538343,0.00064561615
2017-06-21,7.3526494e-06,0.06611307,0.9223967,0.9885098,0.9885098,0.00042969655,0.020729123,0.0006399047
2017-06-22,7.4315903e-06,0.06532929,0.9232383,0.9885676,0.9885676,0.00042184087,0.020538766,0.00065004587
2017-06-23,7.50498e-06,0.06445439,0.92412347,0.98857784,0.98857784,0.0003983266,0.019958122,0.00065705454
2017-06-26,7.658598e-06,0.0638819,0.924591,0.9884729,0.9884729,0.00037797424,0.01944156,0.0006643982
2017-06-27,7.676943e-06,0.06364998,0.92480946,0.9884594,0.98845947,0.0003615604,0.019014742,0.0006652122
2017-06-28,7.3866863e-06,0.06519564,0.9233332,0.98852885,0.98852885,0.00036598853,0.019130826,0.00064393587
2017-06-29,7.342171e-06,0.06505319,0.9235254,0.98857856,0.98857856,0.00035320525,0.018793756,0.000642841
2017-06-30,7.3648653e-06,0.06505517,0.92350584,0.98856103,0.98856103,0.00033457676,0.01829144,0.0006438401
2017-07-03,7.2089615e-06,0.06565787,0.92298186,0.9886397,0.9886397,0.00035434237,0.018823983,0.0006345756
2017-07-05,7.11088e-06,0.06611876,0.9225706,0.98868936,0.98868936,0.00036571335,0.019123632,0.0006286896
2017-07-06,7.0790647e-06,0.067362554,0.9212424,0.98860496,0.98860496,0.00046296313,0.021516578,0.00062124105
2017-07-07,7.551111e-06,0.06406398,0.924437,0.98850095,0.98850095,0.0004382954,0.020935506,0.00065667275
2017-07-10,7.534225e-06,0.064747766,0.9237343,0.98848206,0.98848206,0.00046655623,0.021599913,0.0006541294
2017-07-11,7.795459e-06,0.06302695,0.92537874,0.9884057,0.9884057,0.00043934642,0.020960592,0.00067235297
2017-07-12,7.5043267e-06,0.06453077,0.92392594,0.9884567,0.9884567,0.00042684018,0.020660112,0.00065010384
2017-07-13,7.5173966e-06,0.064404204,0.9241008,0.988505,0.988505,0.0004079489,0.020197745,0.00065397134
2017-07-14,7.5807625e-06,0.063844725,0.9246443,0.98848903,0.98848903,0.0003948066,0.019869741,0.00065856864
2017-07-17,7.188486e-06,0.06580764,0.922831,0.98863864,0.98863864,0.00037863723,0.019458603,0.0006327135
2017-07-18,7.619987e-06,0.06383659,0.9246034,0.98844,0.98844,0.0003652709,0.019112062,0.0006591671
2017-07-19,7.3306855e-06,0.06524392,0.9233084,0.9885523,0.9885523,0.00034942108,0.018692808,0.0006403616
2017-07-20,7.1570494e-06,0.06591362,0.9227397,0.9886533,0.9886533,0.00034494838,0.018572787,0.00063076057
2017-07-21,7.148561e-06,0.066401586,0.92218995,0.98859155,0.98859155,0.00032893472,0.018136557,0.0006266024
2017-07-24,7.188235e-06,0.06607613,0.9225435,0.9886197,0.9886197,0.00034344726,0.01853233,0.00063163764
2017-07-25,7.341981e-06,0.06493412,0.9236618,0.98859596,0.98859596,0.000333769,0.018269347,0.0006438054
2017-07-26,6.9118996e-06,0.06757688,0.9211054,0.98868227,0.98868227,0.00038490776,0.019619066,0.0006107143
2017-07-27,7.320025e-06,0.065097824,0.9234898,0.9885876,0.9885876,0.0003822907,0.019552255,0.00064141076
2017-07-28,7.3544625e-06,0.06496384,0.92359626,0.9885601,0.9885601,0.0003624713,0.01903868,0.00064287713
2017-07-31,6.9714974e-06,0.06684576,0.9218978,0.9887436,0.9887436,0.00035367763,0.01880632,0.0006193365
2017-08-01,6.7663104e-06,0.067816734,0.9210255,0.98884225,0.98884225,0.00033840802,0.018395869,0.0006064224
2017-08-02,7.324756e-06,0.06531122,0.92323065,0.9885419,0.98854184,0.00034715806,0.018632177,0.00063926453
2017-08-03,7.357966e-06,0.0649657,0.9235983,0.988564,0.988564,0.00033251796,0.018235074,0.0006434046
2017-08-04,7.4690893e-06,0.0644525,0.9240525,0.988505,0.988505,0.0003232054,0.017977914,0.00064976886
2017-08-07,7.308247e-06,0.06504197,0.92357177,0.9886137,0.9886137,0.00031380935,0.017714664,0.00064184703
2017-08-08,7.5497596e-06,0.06405499,0.924423,0.98847795,0.98847795,0.00029821528,0.017268911,0.0006552442
2017-08-09,7.330928e-06,0.065151304,0.9234148,0.98856616,0.98856616,0.00028464335,0.016871376,0.00064116064
2017-08-10,7.308304e-06,0.06519677,0.9233925,0.9885892,0.9885892,0.0002739998,0.016552938,0.000640474
2017-08-11,7.589663e-06,0.06398113,0.9244709,0.988452,0.988452,0.0002864083,0.0169236,0.00065722846
2017-08-14,7.4492345e-06,0.06450196,0.9240253,0.98852724,0.98852724,0.00027365226,0.016542438,0.00064929744
2017-08-15,7.3824262e-06,0.06506347,0.92348444,0.9885479,0.9885479,0.00030309844,0.017409723,0.00064463634
2017-08-16,7.448359e-06,0.06452827,0.92401385,0.98854214,0.98854214,0.0002873649,0.01695184,0.0006500654
2017-08-17,7.4565387e-06,0.06462302,0.92390376,0.98852676,0.98852676,0.00029068248,0.017049413,0.00064990704
2017-08-18,7.497415e-06,0.06424478,0.92426324,0.988508,0.988508,0.00027863865,0.016692473,0.0006524022
2017-08-21,7.345895e-06,0.06496999,0.9235965,0.9885665,0.9885665,0.00032083207,0.017911786,0.00064248976
2017-08-22,7.512396e-06,0.06448621,0.92406017,0.9885464,0.9885464,0.00034114748,0.018470177,0.0006558966
2017-08-23,6.9091707e-06,0.068049595,0.9206435,0.9886931,0.9886931,0.00032466534,0.018018473,0.0006110589
2017-08-24,7.368789e-06,0.064888075,0.9236658,0.9885539,0.9885539,0.00032278826,0.01796631,0.0006437806
2017-08-25,7.5938156e-06,0.06380072,0.92466295,0.98846364,0.98846364,0.0003332935,0.018256327,0.0006582506
2017-08-28,7.569234e-06,0.0638598,0.92462933,0.98848915,0.98848915,0.00032094098,0.017914826,0.0006575739
2017-08-29,7.428453e-06,0.064558744,0.923977,0.98853576,0.98853576,0.00035357,0.018803457,0.00064796745
2017-08-30,7.0230994e-06,0.066874504,0.9217686,0.9886431,0.9886431,0.00033471314,0.018295167,0.0006183999
2017-08-31,7.052884e-06,0.0664765,0.9222003,0.98867685,0.98867685,0.00032310485,0.017975118,0.0006228727
2017-09-01,5.773247e-06,0.07484896,0.9143054,0.98915434,0.98915434,0.00035355205,0.01880298,0.00053230935
2017-09-05,6.0791313e-06,0.073428124,0.9156685,0.98909664,0.98909664,0.00032910742,0.018141318,0.0005575467
2017-09-06,6.959162e-06,0.06714776,0.9215646,0.9887123,0.9887123,0.00036632433,0.0191396,0.0006165267
2017-09-07,7.5114085e-06,0.06418176,0.92431945,0.9885012,0.9885012,0.00035124493,0.01874153,0.0006532336
2017-09-08,7.365717e-06,0.06490217,0.923657,0.9885592,0.9885592,0.00033235145,0.018230509,0.0006438106
2017-09-11,7.3372717e-06,0.06517768,0.92337865,0.9885563,0.9885563,0.00038755115,0.019686319,0.00064116396
2017-09-12,7.687591e-06,0.0634205,0.9250125,0.988433,0.988433,0.00037475448,0.019358577,0.0006646143
2017-09-13,7.530075e-06,0.06420023,0.92427146,0.9884717,0.9884717,0.00035494365,0.018839948,0.000653181
2017-09-14,7.681443e-06,0.06340921,0.9250178,0.988427,0.988427,0.0003658384,0.019126903,0.0006637373
2017-09-15,7.673237e-06,0.06348031,0.9249418,0.9884221,0.9884221,0.00035470675,0.01883366,0.00066274835
2017-09-18,7.2714474e-06,0.065343276,0.923252,0.98859525,0.98859525,0.00033575992,0.018323753,0.00063758047
2017-09-19,7.357199e-06,0.06497461,0.9235772,0.9885518,0.9885518,0.00031726417,0.017811911,0.00064265094
2017-09-20,7.4278682e-06,0.06454847,0.9239981,0.9885466,0.9885466,0.00030551146,0.017478887,0.0006485301
2017-09-21,7.0214724e-06,0.0670165,0.9216633,0.98867977,0.98867977,0.00031153255,0.017650284,0.0006202586
2017-09-22,7.04861e-06,0.0664083,0.9222913,0.98869956,0.98869956,0.0002945803,0.017163342,0.00062374625
2017-09-25,7.296556e-06,0.065164976,0.9234333,0.9885983,0.9885983,0.0002789862,0.01670288,0.0006399526
2017-09-26,6.910989e-06,0.067035854,0.92174476,0.9887806,0.9887806,0.00032392537,0.017997926,0.0006159866
2017-09-27,7.2771936e-06,0.06533442,0.923256,0.9885904,0.9885904,0.00030856035,0.017565886,0.0006378143
2017-09-28,7.382431e-06,0.06477488,0.9237869,0.98856175,0.98856175,0.00029363818,0.017135873,0.0006454161
2017-09-29,7.4561676e-06,0.064433284,0.9240968,0.9885301,0.9885301,0.0002870958,0.016943902,0.00065006386
2017-10-02,7.4291893e-06,0.06457923,0.92395145,0.9885307,0.9885307,0.00027299134,0.01652245,0.0006477454
2017-10-03,7.0809792e-06,0.066613734,0.9220575,0.98867124,0.98867124,0.00028967648,0.017019885,0.0006250447
2017-10-04,7.3515766e-06,0.06483487,0.9237554,0.9885903,0.9885903,0.0002749524,0.01658169,0.0006443269
2017-10-05,7.478421e-06,0.06430363,0.9242229,0.9885265,0.9885265,0.00026659574,0.01632776,0.0006518008
2017-10-06,7.4000777e-06,0.064650595,0.92390716,0.98855776,0.98855776,0.0002700031,0.016431771,0.0006467331
2017-10-09,7.193487e-06,0.06624746,0.92237985,0.9886273,0.9886273,0.00031588628,0.01777319,0.00063252315
2017-10-10,7.438666e-06,0.06440302,0.9241635,0.9885665,0.9885665,0.00030065904,0.017339522,0.00065060373
2017-10-11,7.2502776e-06,0.06549395,0.9231019,0.98859584,0.98859584,0.00033028494,0.018173743,0.00063575746
2017-10-12,7.4788145e-06,0.06429381,0.9242279,0.9885217,0.9885217,0.0003155291,0.017763138,0.0006515609
2017-10-13,7.670682e-06,0.0634923,0.92496186,0.98845416,0.98845416,0.0003116606,0.017653912,0.00066436775
2017-10-16,7.257936e-06,0.065355726,0.9232579,0.9886136,0.9886136,0.00031306484,0.017693639,0.0006374218
2017-10-17,7.363494e-06,0.06481758,0.92375386,0.98857147,0.9885714,0.00030036794,0.017331127,0.0006443078
2017-10-18,7.3461374e-06,0.06491556,0.92366374,0.9885793,0.9885793,0.00028482967,0.016876897,0.00064322853
2017-10-19,7.1762406e-06,0.06568641,0.9229788,0.9886652,0.9886652,0.00027095695,0.01646077,0.00063311704
2017-10-20,7.489215e-06,0.064238556,0.9243243,0.9885628,0.9885628,0.00027156455,0.016479217,0.0006548132
2017-10-23,6.8267977e-06,0.06784954,0.9209515,0.988801,0.988801,0.00025918774,0.01609931,0.0006095901
2017-10-24,7.5039607e-06,0.06413978,0.9243805,0.98852026,0.98852026,0.00024995735,0.015810039,0.00065367017
2017-10-25,6.971797e-06,0.06683346,0.9219054,0.98873883,0.98873883,0.00024588182,0.015680619,0.0006191009
2017-10-26,7.2091175e-06,0.0654974,0.9231605,0.9886579,0.9886579,0.00023588481,0.015358542,0.00063560647
2017-10-27,7.0268056e-06,0.066337764,0.92241555,0.9887533,0.9887533,0.0002297441,0.015157311,0.0006247893
2017-10-30,6.59009e-06,0.06875032,0.9201835,0.9889338,0.9889338,0.0002553199,0.015978733,0.00059551524
2017-10-31,7.0284914e-06,0.06640864,0.9223272,0.98873585,0.98873585,0.00024285575,0.01558383,0.00062397023
2017-11-01,6.9314046e-06,0.0669549,0.9218161,0.988771,0.988771,0.0002320836,0.015234291,0.0006172783
2017-11-02,7.0811425e-06,0.066177756,0.9225316,0.9887094,0.98870933,0.0002210657,0.014868278,0.00062717096
2017-11-03,7.1573013e-06,0.065756865,0.9229234,0.98868024,0.98868024,0.00021217306,0.014566162,0.00063228403
2017-11-06,6.9620714e-06,0.0667325,0.92204034,0.98877287,0.98877287,0.00022857342,0.015118645,0.00062011136
2017-11-07,6.803968e-06,0.06776064,0.9210355,0.9887962,0.9887962,0.00027790433,0.016670464,0.0006072897
2017-11-08,7.0946103e-06,0.06615818,0.9225285,0.9886867,0.9886867,0.00026331688,0.016227042,0.00062710245
2017-11-09,7.21433e-06,0.06541786,0.92324984,0.9886677,0.9886677,0.00025332798,0.01591628,0.00063661806
2017-11-10,7.2368475e-06,0.06535678,0.9232881,0.9886449,0.9886449,0.00024351651,0.015605016,0.0006373212
2017-11-13,7.2869857e-06,0.06513904,0.9234811,0.98862016,0.98862016,0.00023603687,0.015363491,0.0006403418
2017-11-14,7.091044e-06,0.06606608,0.9226462,0.9887123,0.9887123,0.00022526341,0.015008778,0.00062821043
2017-11-15,7.061609e-06,0.06634274,0.9223578,0.9887005,0.9887005,0.00023900557,0.015459805,0.0006249493
2017-11-16,7.34573e-06,0.06485724,0.92373824,0.9885955,0.9885955,0.00023067169,0.01518788,0.00064410723
2017-11-17,7.3694573e-06,0.064792104,0.92378265,0.98857474,0.98857474,0.00022130343,0.014876271,0.0006450146
2017-11-20,7.1146715e-06,0.06599942,0.92268884,0.9886883,0.98868823,0.0002523382,0.015885158,0.00062896515
2017-11-21,6.936906e-06,0.06714804,0.9215901,0.9887381,0.9887381,0.00024460777,0.015639942,0.0006159634
2017-11-22,7.110948e-06,0.065968126,0.92273545,0.98870355,0.9887036,0.00024348477,0.015603999,0.0006294851
2017-11-24,7.0373194e-06,0.06639385,0.9223307,0.9887245,0.9887245,0.00025946595,0.016107947,0.00062412646
2017-11-27,6.5929576e-06,0.068737544,0.92019314,0.9889307,0.9889307,0.00026264036,0.016206183,0.00059560756
2017-11-28,7.1947725e-06,0.06548053,0.923204,0.98868454,0.98868454,0.00026290506,0.016214347,0.00063583534
2017-11-29,7.2619105e-06,0.06527216,0.92336035,0.9886325,0.9886325,0.00025025778,0.015819538,0.00063883094
2017-11-30,7.3842252e-06,0.06467992,0.9239089,0.9885888,0.9885888,0.00024806827,0.015750183,0.0006471039
2017-12-01,6.9260823e-06,0.067187846,0.9215867,0.98877454,0.98877454,0.00023672331,0.015385815,0.00061699754
2017-12-04,7.056082e-06,0.066264816,0.9224591,0.98872393,0.98872393,0.00024304392,0.015589866,0.0006257574
2017-12-05,6.8971895e-06,0.0674415,0.9213294,0.9887709,0.9887709,0.00024739254,0.015728718,0.0006142247
2017-12-06,6.8621684e-06,0.067249686,0.92156696,0.9888167,0.9888166,0.00023520549,0.01533641,0.00061360735
2017-12-07,7.063018e-06,0.06680466,0.9219,0.9887046,0.9887046,0.0002820281,0.016793692,0.0006253016
2017-12-08,6.7251367e-06,0.06799488,0.9208995,0.9888944,0.9888944,0.00027787776,0.016669666,0.0006055628
2017-12-11,7.0837395e-06,0.06616235,0.92254,0.98870236,0.98870236,0.00027163242,0.016481275,0.00062701036
2017-12-12,7.1881077e-06,0.065641895,0.9230152,0.98865706,0.98865706,0.00026522946,0.016285866,0.0006337075
2017-12-13,6.787675e-06,0.068423666,0.92037165,0.98879534,0.98879534,0.00026677715,0.016333314,0.00060579035
2017-12-14,7.1814147e-06,0.065808214,0.9228754,0.98868364,0.98868364,0.00025880453,0.016087404,0.0006346047
2017-12-15,6.9685825e-06,0.06664184,0.9221399,0.98878175,0.9887817,0.00024973298,0.015802942,0.00062118267
2017-12-18,7.0571996e-06,0.06645302,0.92228496,0.988738,0.988738,0.00023849503,0.015443284,0.00062663824
2017-12-19,6.9857592e-06,0.06655039,0.9222224,0.98877275,0.98877275,0.00022749648,0.015082986,0.00062221463
2017-12-20,6.6416897e-06,0.06884781,0.9200391,0.98888695,0.98888695,0.0002184495,0.014780037,0.0005976479
2017-12-21,6.681593e-06,0.06811342,0.92081213,0.9889255,0.9889256,0.00021545652,0.014678437,0.00060333224
2017-12-22,6.7885053e-06,0.06754432,0.9213301,0.98887444,0.98887444,0.00020639462,0.0143664405,0.00061017176
2017-12-26,6.835848e-06,0.06726464,0.92159224,0.98885685,0.98885685,0.00019712883,0.014040258,0.0006134575
2017-12-27,6.414935e-06,0.0699675,0.9190241,0.9889916,0.9889916,0.00023085995,0.015194076,0.00058273185
2017-12-28,6.9056027e-06,0.06686378,0.9219689,0.98883265,0.98883265,0.0002208991,0.014862675,0.0006183745
2017-12-29,6.9774565e-06,0.06655161,0.92223346,0.9887851,0.9887851,0.00021121425,0.014533212,0.0006221588
2018-01-02,6.858182e-06,0.067194425,0.92164785,0.98884225,0.98884225,0.00020765628,0.014410283,0.0006146563
2018-01-03,7.034396e-06,0.066232465,0.9225374,0.9887698,0.9887698,0.00019832051,0.014082632,0.0006263837
2018-01-04,6.648337e-06,0.0683537,0.9205735,0.9889272,0.9889272,0.00021760516,0.014751446,0.0006004198
2018-01-05,6.6586304e-06,0.06836871,0.92053735,0.9889061,0.9889061,0.00020935622,0.014469148,0.0006002057
2018-01-08,6.8310956e-06,0.067459196,0.92136264,0.98882186,0.98882186,0.00020551386,0.014335754,0.0006111122
2018-01-09,6.9356342e-06,0.066707,0.9221127,0.9888197,0.9888197,0.00019753222,0.014054616,0.00062034524
2018-01-10,6.606352e-06,0.06866643,0.9202603,0.9889267,0.98892677,0.00021442537,0.0146432705,0.0005966024
2018-01-11,6.866077e-06,0.06717165,0.92165697,0.9888286,0.9888286,0.00021000582,0.014491578,0.000614612
2018-01-12,6.95319e-06,0.06660987,0.9222005,0.98881036,0.98881036,0.00020118375,0.014183925,0.00062139536
2018-01-16,6.962717e-06,0.06665018,0.92213845,0.9887886,0.9887886,0.00019630026,0.014010719,0.0006210393
2018-01-17,6.7183532e-06,0.068095446,0.92077863,0.9888741,0.9888741,0.00019354973,0.013912215,0.00060384686
2018-01-18,6.996739e-06,0.066486485,0.92228276,0.98876923,0.98876923,0.00018577882,0.013630071,0.00062299747
2018-01-19,6.88164e-06,0.06704668,0.92178535,0.98883206,0.98883206,0.00017835751,0.013355056,0.0006161958
2018-01-22,7.070484e-06,0.06603708,0.9227207,0.9887577,0.9887577,0.00017714941,0.013309749,0.0006289196
2018-01-23,6.5711088e-06,0.06891127,0.92004395,0.9889552,0.9889552,0.0001707105,0.013065623,0.00059495046
2018-01-24,6.6910125e-06,0.06827876,0.9205922,0.988871,0.988871,0.00017930176,0.01339036,0.000601222
2018-01-25,6.897036e-06,0.06689927,0.9219401,0.9888394,0.9888394,0.00019216604,0.013862397,0.0006179801
2018-01-26,6.819568e-06,0.06738787,0.92146605,0.98885393,0.98885393,0.00018427068,0.013574634,0.0006118362
2018-01-29,6.789981e-06,0.06752522,0.92134595,0.98887116,0.98887116,0.00018248809,0.013508815,0.0006101246
2018-01-30,7.1252243e-06,0.065771066,0.9229597,0.9887307,0.9887307,0.00018045052,0.013433187,0.0006322702
2018-01-31,6.0906423e-06,0.07297019,0.9161286,0.9890988,0.9890988,0.00019166412,0.013844281,0.00055871235
2018-02-01,6.5582885e-06,0.068932824,0.9200288,0.98896164,0.98896164,0.0001824846,0.013508686,0.00059413596
2018-02-02,6.650306e-06,0.06844553,0.9204633,0.9889088,0.9889089,0.0001924438,0.013872411,0.0005996035
2018-02-05,6.9585108e-06,0.066783324,0.92198676,0.98877007,0.98877007,0.00018591256,0.013634976,0.0006196396
2018-02-06,6.8558634e-06,0.06774951,0.92105234,0.98880184,0.98880184,0.00020588972,0.014348858,0.0006122311
2018-02-07,7.039048e-06,0.06662897,0.92211086,0.98873985,0.98873985,0.00020650271,0.014370202,0.00062512903
2018-02-08,6.9470225e-06,0.06764999,0.9211072,0.9887572,0.98875713,0.00024181796,0.015550497,0.0006179082
2018-02-09,7.2155867e-06,0.06577533,0.9229103,0.9886856,0.9886856,0.00023736017,0.015406498,0.00063773524
2018-02-12,6.702951e-06,0.06973239,0.9191058,0.9888382,0.9888382,0.000296381,0.01721572,0.00060052576
2018-02-13,7.264775e-06,0.06589117,0.92276734,0.9886585,0.9886585,0.00027922288,0.016709963,0.0006405473
2018-02-14,7.3857327e-06,0.06495428,0.92367,0.9886243,0.9886243,0.00026516704,0.01628395,0.0006492538
2018-02-15,7.0708916e-06,0.066383585,0.92234576,0.98872936,0.98872936,0.00028758784,0.016958416,0.00062737253
2018-02-16,7.396746e-06,0.06470288,0.9239133,0.98861617,0.98861617,0.0002817254,0.016784677,0.0006497589
2018-02-20,7.1533173e-06,0.06580881,0.92291623,0.98872507,0.98872507,0.00026949678,0.016416358,0.0006344443
2018-02-21,6.81341e-06,0.06796075,0.92085224,0.988813,0.988813,0.00025660262,0.01601882,0.0006090462
2018-02-22,7.2856105e-06,0.065123476,0.9235156,0.9886391,0.9886391,0.00024408719,0.01562329,0.00064128905
2018-02-23,7.017644e-06,0.06659046,0.92217624,0.98876673,0.9887667,0.0002521481,0.015879173,0.0006247196
2018-02-26,6.8935447e-06,0.06701751,0.9218067,0.9888242,0.9888242,0.00024931066,0.015789574,0.0006168272
2018-02-27,6.98395e-06,0.06645425,0.92234945,0.9888037,0.9888037,0.0002386717,0.015449003,0.00062377215
2018-02-28,7.2404123e-06,0.06546334,0.9231825,0.98864585,0.98864585,0.0002409422,0.015522313,0.00063768873
2018-03-01,7.125497e-06,0.06664648,0.92201984,0.9886663,0.9886663,0.00026199705,0.016186323,0.0006286998
2018-03-02,6.583934e-06,0.06910604,0.9198499,0.9889559,0.9889559,0.0002565223,0.016016314,0.00059615023
2018-03-05,7.3004635e-06,0.065287255,0.9233477,0.98863494,0.98863494,0.00024366031,0.015609622,0.00064236054
2018-03-06,7.1358063e-06,0.0659612,0.92273325,0.9886944,0.9886944,0.00026130566,0.016164951,0.0006311761
2018-03-07,7.274238e-06,0.06519163,0.9234453,0.9886369,0.9886369,0.00024825506,0.015756112,0.0006401638
2018-03-08,7.275417e-06,0.06553343,0.92308307,0.9886165,0.98861647,0.0002730602,0.016524533,0.000639121
2018-03-09,7.278244e-06,0.06574786,0.9228627,0.98861057,0.98861057,0.0002787778,0.01669664,0.0006390347
2018-03-12,7.0416136e-06,0.06653949,0.92219406,0.98873353,0.98873353,0.00032854758,0.018125882,0.0006250062
2018-03-13,7.5987095e-06,0.06384085,0.924662,0.98850286,0.98850286,0.00031846177,0.017845497,0.00066092174
2018-03-14,7.414722e-06,0.06482481,0.9237387,0.98856354,0.98856354,0.00030963644,0.017596489,0.0006483405
2018-03-15,7.1233094e-06,0.06599097,0.92272997,0.98872095,0.98872095,0.00029440937,0.017158361,0.0006315524
2018-03-16,7.1900854e-06,0.06566966,0.9230131,0.98868275,0.98868275,0.00027960486,0.01672139,0.0006353207
2018-03-19,7.184044e-06,0.06549615,0.9232033,0.98869944,0.98869944,0.00028745693,0.016954554,0.0006357244
2018-03-20,7.2219177e-06,0.065496184,0.9231793,0.98867553,0.98867553,0.00027403666,0.016554052,0.00063772703
2018-03-21,6.391565e-06,0.07054386,0.91843367,0.98897755,0.98897755,0.00028943273,0.017012723,0.000579868
2018-03-22,6.60144e-06,0.06869525,0.9202362,0.9889314,0.9889314,0.00032478073,0.018021675,0.0005964124
2018-03-23,7.149733e-06,0.065758504,0.9229347,0.98869324,0.98869324,0.00031832804,0.017841749,0.0006323413
2018-03-26,6.864445e-06,0.06724216,0.9215763,0.98881847,0.98881847,0.0003389393,0.018410305,0.0006139091
2018-03-27,7.292017e-06,0.065102674,0.9235246,0.9886273,0.9886273,0.0003210832,0.017918795,0.0006411869
2018-03-28,7.2015036e-06,0.065503456,0.9231694,0.98867285,0.98867285,0.00030533617,0.01747387,0.0006357738
2018-03-29,7.278055e-06,0.06515678,0.9234778,0.9886346,0.9886346,0.0003013035,0.017358096,0.0006403687
2018-04-02,7.235885e-06,0.065334536,0.9233251,0.9886597,0.9886597,0.00029014735,0.017033713,0.0006380671
2018-04-03,6.988866e-06,0.06725468,0.9214507,0.98870534,0.98870534,0.00033555005,0.018318025,0.00061877596
2018-04-04,7.2394146e-06,0.065438256,0.92320794,0.9886462,0.9886462,0.00032013375,0.017892282,0.0006376209
2018-04-05,7.36952e-06,0.0648779,0.9237076,0.98858553,0.9885855,0.00030318063,0.017412083,0.0006456297
2018-04-06,7.23085e-06,0.06553548,0.9231212,0.9886567,0.9886567,0.0002878063,0.016964855,0.00063745555
2018-04-09,7.403584e-06,0.06474291,0.92381364,0.98855656,0.98855656,0.00031005224,0.0176083,0.0006469721
2018-04-10,6.9755583e-06,0.06672015,0.9220382,0.9887583,0.9887583,0.0003235928,0.017988686,0.00062050886
2018-04-11,6.6134035e-06,0.0688723,0.9200058,0.9888781,0.98887813,0.0003744557,0.019350858,0.0005946274
2018-04-12,7.0838187e-06,0.066117756,0.9225954,0.98871315,0.98871315,0.0003774686,0.019428551,0.0006276167
2018-04-13,7.321364e-06,0.06506915,0.92352504,0.9885942,0.9885942,0.0003561428,0.018871745,0.0006418969
2018-04-16,7.1064787e-06,0.06607484,0.9226253,0.98870015,0.98870015,0.00033755845,0.018372763,0.00062890036
2018-04-17,7.345931e-06,0.06493308,0.92365575,0.9885888,0.9885888,0.0003393696,0.018421987,0.00064374803
2018-04-18,7.186757e-06,0.0657212,0.92293584,0.98865706,0.98865706,0.0003219971,0.017944278,0.0006335884
2018-04-19,7.138056e-06,0.06587636,0.92280984,0.9886862,0.9886862,0.0003583332,0.01892969,0.0006309161
2018-04-20,7.1725262e-06,0.06557159,0.9231334,0.988705,0.988705,0.00033835432,0.01839441,0.00063501665
2018-04-23,6.8015834e-06,0.06791466,0.92089534,0.98881,0.98881,0.000319595,0.017877221,0.0006078271
2018-04-24,7.009488e-06,0.06652639,0.92222315,0.98874956,0.98874956,0.00030197436,0.01737741,0.0006230414
2018-04-25,7.2599823e-06,0.065386206,0.92323935,0.9886255,0.9886255,0.00029858778,0.017279692,0.00063826976
2018-04-26,7.119112e-06,0.066030025,0.9226611,0.98869115,0.98869115,0.0002845097,0.016867416,0.00062951696
2018-04-27,7.068476e-06,0.066256985,0.9224547,0.9887117,0.9887117,0.00026984315,0.016426904,0.000626178
2018-04-30,7.053647e-06,0.06632099,0.92240477,0.9887258,0.9887258,0.00025614758,0.01600461,0.000625644
2018-05-01,7.0351316e-06,0.06637662,0.92236847,0.9887451,0.9887451,0.0002462492,0.015692329,0.0006250724
2018-05-02,7.178925e-06,0.065888755,0.9227552,0.98864394,0.98864394,0.0002598659,0.016120356,0.0006321671
2018-05-03,6.990138e-06,0.06674791,0.92199457,0.9887425,0.9887425,0.0002533286,0.0159163,0.00062093005
2018-05-04,7.1409695e-06,0.06590291,0.9227837,0.98868656,0.98868656,0.00024391805,0.015617876,0.0006311936
2018-05-07,7.0016413e-06,0.06658784,0.9221611,0.98874897,0.98874897,0.0002546281,0.01595707,0.000622311
2018-05-08,7.105274e-06,0.066039994,0.92266524,0.9887052,0.9887052,0.00025513157,0.015972838,0.0006290758
2018-05-09,7.1282752e-06,0.06619683,0.9224552,0.988652,0.988652,0.00028096634,0.01676205,0.00062815205
2018-05-10,6.9535163e-06,0.066941984,0.9217928,0.9887348,0.9887348,0.0003236647,0.017990684,0.00061725534
2018-05-11,7.4199397e-06,0.06459338,0.9239495,0.98854285,0.98854285,0.00030584884,0.017488534,0.00064762554
2018-05-14,7.479097e-06,0.06428717,0.9242436,0.9885308,0.9885308,0.0002958755,0.017201032,0.00065210357
2018-05-15,7.486882e-06,0.06425487,0.9242674,0.9885223,0.9885223,0.0002816976,0.01678385,0.00065229763
2018-05-16,7.160975e-06,0.06587077,0.92279357,0.9886643,0.9886643,0.00026925933,0.016409123,0.00063172047
2018-05-17,7.0034907e-06,0.06656679,0.9221733,0.9887401,0.9887401,0.000255975,0.015999218,0.0006219844
2018-05-18,7.2835583e-06,0.065102324,0.92354363,0.988646,0.988646,0.00024306058,0.0155904,0.00064149546
2018-05-21,7.2169764e-06,0.06545941,0.92320347,0.9886629,0.9886629,0.00023241897,0.015245293,0.0006365804
2018-05-22,7.0849064e-06,0.065987796,0.92275345,0.9887413,0.9887413,0.00023308894,0.01526725,0.0006292816
2018-05-23,6.687286e-06,0.068718866,0.9201255,0.98884434,0.98884434,0.00022237342,0.01491219,0.000599452
2018-05-24,7.1662053e-06,0.065746695,0.9229399,0.98868656,0.98868656,0.00021254986,0.014579089,0.00063342415
2018-05-25,7.355419e-06,0.064838886,0.9237601,0.988599,0.988599,0.00022036354,0.014844647,0.0006451557
2018-05-29,7.2826497e-06,0.06556204,0.92301714,0.98857915,0.98857915,0.0003203588,0.01789857,0.0006376629
2018-05-30,7.2198554e-06,0.06603144,0.92256886,0.9886003,0.9886003,0.00032265804,0.017962685,0.00063333806
2018-05-31,7.5218945e-06,0.06416651,0.9243176,0.9884841,0.9884841,0.00033598265,0.018329829,0.00065317383
2018-06-01,7.7148725e-06,0.06346772,0.9249453,0.98841304,0.98841304,0.00033781736,0.018379807,0.00066582346
2018-06-04,7.6963015e-06,0.063558,0.92487776,0.98843575,0.98843575,0.00034250447,0.018506877,0.0006655251
2018-06-05,7.520241e-06,0.06443318,0.9240674,0.98850054,0.98850054,0.00034172507,0.018485807,0.00065396447
2018-06-06,7.4907252e-06,0.06463288,0.9238662,0.9884991,0.9884991,0.00033194263,0.018219292,0.0006513167
2018-06-07,7.5733074e-06,0.064145684,0.9243294,0.9884751,0.9884751,0.00032404932,0.01800137,0.00065712474
2018-06-08,7.333945e-06,0.065123856,0.92343235,0.9885562,0.9885562,0.00032889858,0.01813556,0.0006408666
2018-06-11,7.5547177e-06,0.06408104,0.9244138,0.9884949,0.9884949,0.0003118146,0.017658273,0.0006566392
2018-06-12,7.662484e-06,0.06352882,0.92492545,0.9884543,0.9884543,0.0002975485,0.017249595,0.00066366454
2018-06-13,7.5222683e-06,0.06421813,0.9242759,0.988494,0.98849404,0.0002837365,0.01684448,0.000653768
2018-06-14,7.310189e-06,0.06527441,0.9233124,0.98858684,0.98858684,0.00027078638,0.016455589,0.00064050546
2018-06-15,7.3764354e-06,0.06484772,0.9237222,0.9885699,0.9885699,0.00025813308,0.01606652,0.00064535264
2018-06-18,7.3137903e-06,0.06563978,0.9229354,0.9885752,0.9885752,0.00029657982,0.017221494,0.000640169
2018-06-19,7.289152e-06,0.065110706,0.92350155,0.98861223,0.98861223,0.00029022602,0.01703602,0.00064008625
2018-06-20,7.4304767e-06,0.064438924,0.9241265,0.98856544,0.98856544,0.00028493154,0.016879914,0.0006498265
2018-06-21,7.3587516e-06,0.06546662,0.92306805,0.9885347,0.9885347,0.00028998617,0.01702898,0.0006418275
2018-06-22,7.716674e-06,0.06356997,0.9248383,0.98840827,0.98840827,0.00028233635,0.016802868,0.000665705
2018-06-25,7.0873166e-06,0.066451855,0.92222697,0.9886788,0.9886788,0.000398146,0.019953595,0.0006260224
2018-06-26,7.577249e-06,0.06398942,0.92450255,0.98849195,0.98849195,0.00037806193,0.019443816,0.00065843045
2018-06-27,7.5164344e-06,0.06429404,0.92418057,0.9884746,0.9884746,0.00043600568,0.02088075,0.000652163
2018-06-28,7.2467165e-06,0.06576103,0.92278314,0.98854417,0.98854417,0.0004718133,0.021721264,0.0006325787
2018-06-29,7.3935066e-06,0.064722165,0.92384225,0.98856443,0.98856443,0.0004481944,0.021170601,0.000646536
2018-07-02,7.3051024e-06,0.0651222,0.9234701,0.98859227,0.98859227,0.0004269886,0.020663703,0.0006403641
2018-07-03,6.9241587e-06,0.06748344,0.9212493,0.9887327,0.9887327,0.00040223182,0.020055719,0.00061453553
2018-07-05,7.3673505e-06,0.064937726,0.9236153,0.988553,0.988553,0.0003778893,0.019439375,0.00064360467
2018-07-06,7.39086e-06,0.06471521,0.92385364,0.98856884,0.98856884,0.00037419162,0.019344034,0.00064655393
2018-07-09,7.5419507e-06,0.06404394,0.92444485,0.9884888,0.9884888,0.00036162292,0.019016385,0.00065518334
2018-07-10,7.264563e-06,0.06527498,0.92334867,0.9886237,0.9886236,0.00034185473,0.018489314,0.0006385687
2018-07-11,7.190767e-06,0.06567587,0.92297924,0.9886551,0.9886551,0.00032361632,0.01798934,0.000633832
2018-07-12,6.9900575e-06,0.067820065,0.92088103,0.9887011,0.9887011,0.00048264826,0.021969257,0.00061864965
2018-07-13,7.5731823e-06,0.06407773,0.92444044,0.9885182,0.9885182,0.00045151275,0.021248829,0.0006595802
2018-07-16,7.6166057e-06,0.063554056,0.92493725,0.9884913,0.9884913,0.00043061253,0.020751206,0.00066181266
2018-07-17,7.155689e-06,0.06707677,0.921563,0.98863983,0.98863983,0.00052161736,0.022838945,0.00062989286
2018-07-18,7.620411e-06,0.063879475,0.92462605,0.98850554,0.98850554,0.0004878592,0.022087535,0.00066296395
2018-07-19,7.638755e-06,0.063451655,0.9250304,0.98848206,0.98848206,0.0004647187,0.021557335,0.0006632049
2018-07-20,7.757707e-06,0.06306025,0.92537963,0.98843986,0.98843986,0.00044372477,0.021064775,0.0006710737
2018-07-23,7.3858537e-06,0.06531995,0.92320246,0.9885224,0.9885224,0.00043083026,0.020756451,0.00064350216
2018-07-24,7.511649e-06,0.06416044,0.92436635,0.98852676,0.9885268,0.00049647025,0.022281613,0.00065471046
2018-07-25,7.715737e-06,0.06328903,0.9251286,0.9884176,0.9884176,0.00047162749,0.021716986,0.00066616194
2018-07-26,7.673154e-06,0.06340074,0.92503947,0.9884402,0.9884402,0.0004518031,0.02125566,0.00066378
2018-07-27,7.6151873e-06,0.063665785,0.92479855,0.98846436,0.98846436,0.00042674062,0.020657701,0.0006601441
2018-07-30,7.931463e-06,0.06234786,0.926002,0.98834985,0.9883499,0.0004139411,0.020345543,0.0006808038
2018-07-31,7.5118055e-06,0.064089224,0.924435,0.98852426,0.98852426,0.00041746575,0.020431979,0.00065458124
2018-08-01,7.59749e-06,0.064008325,0.92445695,0.98846525,0.9884653,0.00041898206,0.02046905,0.00065866095
2018-08-02,7.396454e-06,0.06528561,0.92325425,0.9885399,0.9885399,0.00041207115,0.020299535,0.00064540777
2018-08-03,7.5623275e-06,0.06399778,0.92446584,0.98846364,0.98846364,0.00041090063,0.020270685,0.0006555211
2018-08-06,7.916649e-06,0.06241901,0.92591757,0.98833656,0.98833656,0.00039063132,0.019764395,0.00067875785
2018-08-07,7.872104e-06,0.06253642,0.9258219,0.9883583,0.9883583,0.00037295863,0.019312138,0.0006761999
2018-08-08,7.449763e-06,0.064631775,0.92386043,0.9884922,0.9884922,0.0003534353,0.018799875,0.0006473659
2018-08-09,7.420353e-06,0.065189295,0.9233376,0.9885269,0.9885269,0.00040439586,0.020109596,0.0006467599
2018-08-10,7.729337e-06,0.06320164,0.9252233,0.98842496,0.98842496,0.0003811247,0.019522415,0.0006677588
2018-08-13,7.674912e-06,0.063427754,0.92501,0.9884378,0.9884378,0.00036939624,0.019219683,0.0006637918
2018-08-14,7.713305e-06,0.06329346,0.92512816,0.9884216,0.9884216,0.000352147,0.01876558,0.0006661817
2018-08-15,7.713489e-06,0.063265935,0.92516434,0.98843026,0.98843026,0.00033392955,0.01827374,0.0006666952
2018-08-16,7.5264984e-06,0.0644347,0.92404985,0.98848456,0.98848456,0.00037739912,0.019426763,0.00065360067
2018-08-17,7.6907945e-06,0.063238636,0.9252224,0.988461,0.988461,0.00035912002,0.018950462,0.0006665054
2018-08-20,7.768584e-06,0.06296018,0.9254509,0.98841107,0.98841107,0.000342722,0.018512752,0.00067034515
2018-08-21,7.6518545e-06,0.06340115,0.9250847,0.9884859,0.9884859,0.000328597,0.018127244,0.0006645623
2018-08-22,7.3914757e-06,0.065200925,0.9233197,0.9885206,0.9885206,0.00032321396,0.017978152,0.0006438917
2018-08-23,7.0892306e-06,0.06628496,0.92239344,0.9886784,0.9886784,0.00030930122,0.017586961,0.0006261684
2018-08-24,7.4976815e-06,0.06424457,0.92426765,0.9885122,0.9885122,0.00029241736,0.017100215,0.00065266574
2018-08-27,7.174421e-06,0.06572355,0.9229335,0.98865706,0.98865706,0.00028829122,0.016979141,0.00063250086
2018-08-28,7.2631397e-06,0.06522763,0.92340577,0.9886334,0.9886334,0.00027349594,0.016537713,0.0006389893
2018-08-29,7.227045e-06,0.06549198,0.9231481,0.98864007,0.98864007,0.00026156608,0.016173005,0.00063618744
2018-08-30,7.104435e-06,0.06619843,0.9224615,0.9886599,0.9886599,0.00026145595,0.0161696,0.0006264889
2018-08-31,7.1046743e-06,0.066059366,0.9226299,0.98868924,0.98868924,0.00025538076,0.015980637,0.00062813435
2018-09-04,7.4077034e-06,0.06455633,0.9240134,0.9885697,0.98856974,0.00024566066,0.015673565,0.0006480747
2018-09-05,6.6667335e-06,0.0690844,0.9197179,0.9888023,0.9888023,0.00023443914,0.015311406,0.00059536705
2018-09-06,7.3000547e-06,0.06510084,0.9235055,0.98860633,0.98860633,0.00024186284,0.015551941,0.00064071163
2018-09-07,7.4195646e-06,0.06459316,0.92397785,0.988571,0.988571,0.0002437129,0.015611307,0.0006491869
2018-09-10,7.427246e-06,0.06446683,0.9240936,0.98856044,0.98856044,0.00023262326,0.015251992,0.00064925966
2018-09-11,7.5029056e-06,0.06416457,0.9243597,0.98852426,0.98852426,0.00022311322,0.014936975,0.00065380574
2018-09-12,7.0860683e-06,0.06643875,0.9221975,0.98863626,0.98863626,0.00025309186,0.015908862,0.0006235681
2018-09-13,7.363667e-06,0.06482448,0.9237481,0.98857254,0.98857254,0.00025708447,0.016033854,0.0006443834
2018-09-14,7.360624e-06,0.064970054,0.9236066,0.98857665,0.98857665,0.00028819102,0.016976189,0.000644349
2018-09-17,7.4190393e-06,0.06455879,0.92399275,0.98855156,0.98855156,0.0002755562,0.016599886,0.00064803916
2018-09-18,7.5836188e-06,0.06374477,0.9247486,0.9884934,0.9884934,0.0002621572,0.01619127,0.0006590659
2018-09-19,7.112846e-06,0.06628322,0.9223565,0.9886397,0.9886397,0.00026130668,0.016164983,0.00062611495
2018-09-20,7.553843e-06,0.06390312,0.92459714,0.9885003,0.98850024,0.00026908552,0.016403826,0.0006568729
2018-09-21,7.1952772e-06,0.065816,0.9228418,0.9886578,0.9886578,0.00025779003,0.016055841,0.00063437957
2018-09-24,7.3904152e-06,0.06477406,0.92378205,0.9885561,0.9885561,0.00024511255,0.01565607,0.00064579444
2018-09-25,7.1418717e-06,0.06608368,0.9225439,0.98862755,0.98862755,0.0002547191,0.015959922,0.0006279978
2018-09-26,7.253013e-06,0.06542512,0.92318606,0.98861116,0.98861116,0.00024255528,0.015574186,0.00063685275
2018-09-27,7.2763155e-06,0.065204844,0.92341167,0.9886165,0.9886165,0.00023786351,0.015422825,0.0006391999
2018-09-28,7.2097164e-06,0.0655456,0.9230989,0.98864454,0.98864454,0.0002305095,0.015182539,0.0006349119
2018-10-01,7.067742e-06,0.06615375,0.9225697,0.98872346,0.98872346,0.00023535354,0.015341236,0.00062676496
2018-10-02,6.9899497e-06,0.066800036,0.9219059,0.98870593,0.98870593,0.00027373183,0.016544843,0.0006189046
2018-10-03,7.2292155e-06,0.065527424,0.9230965,0.9886239,0.9886239,0.0002594361,0.01610702,0.0006354749
2018-10-04,7.130283e-06,0.06597657,0.92270005,0.9886766,0.9886766,0.00026210377,0.01618962,0.00062969496
2018-10-05,7.15686e-06,0.06584446,0.922814,0.9886585,0.9886585,0.00030009935,0.017323377,0.0006310323
2018-10-08,7.4664404e-06,0.06429352,0.9242447,0.9885382,0.9885382,0.00028409343,0.016855072,0.00065141986
2018-10-09,7.379689e-06,0.06483165,0.9237178,0.9885495,0.9885495,0.00027009164,0.016434465,0.00064448453
2018-10-10,7.306597e-06,0.06504591,0.9235597,0.9886056,0.9886056,0.0002618205,0.01618087,0.0006412456
2018-10-11,7.3836554e-06,0.06469199,0.92388225,0.98857427,0.98857427,0.00028786267,0.016966516,0.0006462303
2018-10-12,7.0725937e-06,0.06680141,0.9218924,0.98869383,0.98869383,0.00033457065,0.018291272,0.00062555185
2018-10-15,7.416563e-06,0.06458567,0.92395884,0.9885445,0.9885445,0.00031715524,0.017808853,0.0006474251
2018-10-16,7.6660945e-06,0.06340419,0.925045,0.9884492,0.9884492,0.00030271118,0.017398598,0.0006636861
2018-10-17,7.434416e-06,0.06455651,0.9239669,0.98852336,0.98852336,0.000287873,0.01696682,0.00064778706
2018-10-18,7.4500585e-06,0.06460112,0.92395335,0.9885545,0.9885545,0.00033495977,0.018301906,0.0006509147
2018-10-19,7.164927e-06,0.06593322,0.9227332,0.9886664,0.9886664,0.00033375437,0.018268947,0.00063218543
2018-10-22,7.4069276e-06,0.06451329,0.9240659,0.98857915,0.98857915,0.00031798996,0.017832274,0.0006485446
2018-10-23,7.1678774e-06,0.06638078,0.92222023,0.988601,0.988601,0.00030126577,0.017357009,0.00062881794
2018-10-24,7.2360813e-06,0.066062145,0.9225825,0.98864466,0.98864466,0.00039472646,0.019867724,0.00063724036
2018-10-25,7.4589598e-06,0.064476945,0.92406625,0.9885432,0.9885432,0.00037348695,0.019325811,0.0006510516
2018-10-26,7.6284473e-06,0.06359117,0.92487115,0.9884623,0.9884623,0.00035608333,0.018870171,0.0006611774
2018-10-29,7.5468743e-06,0.06399292,0.9244949,0.98848784,0.98848784,0.00033779105,0.018379092,0.00065555674
2018-10-30,7.622034e-06,0.06368307,0.9247893,0.9884724,0.9884724,0.00032435774,0.018009935,0.0006611988
2018-10-31,7.3471497e-06,0.0651753,0.9234203,0.9885956,0.9885956,0.00031859582,0.017849253,0.00064423843
2018-11-01,7.4978334e-06,0.06413123,0.9244102,0.9885414,0.9885415,0.00031337296,0.017702343,0.0006543425
2018-11-02,7.255403e-06,0.06602919,0.9225946,0.9886238,0.9886238,0.00033841413,0.018396035,0.0006377702
2018-11-05,7.5645626e-06,0.06401406,0.924507,0.9885211,0.9885211,0.00032471793,0.018019931,0.0006589971
2018-11-06,7.4497057e-06,0.06429938,0.9242644,0.9885638,0.9885638,0.00030781724,0.017544722,0.00065141305
2018-11-07,7.4573254e-06,0.064747445,0.92375034,0.9884978,0.9884978,0.00030536755,0.017474769,0.0006483387
2018-11-08,7.4566688e-06,0.06437553,0.92416626,0.9885418,0.9885418,0.00029473458,0.017167836,0.0006507704
2018-11-09,7.3336623e-06,0.06523881,0.923376,0.98861486,0.98861486,0.0002975509,0.017249664,0.0006441432
2018-11-12,7.4842405e-06,0.064159915,0.9244095,0.98856944,0.98856944,0.00028645174,0.016924886,0.000654757
2018-11-13,7.4758186e-06,0.06438984,0.9241462,0.988536,0.988536,0.00027362132,0.016541503,0.0006521126
2018-11-14,7.0621068e-06,0.06735734,0.9213586,0.98871595,0.98871595,0.0006092802,0.024683602,0.0006258484
2018-11-15,6.90096e-06,0.06754859,0.9211291,0.9886777,0.9886777,0.00057485345,0.023976102,0.00060950057
2018-11-16,6.4901833e-06,0.071372665,0.91750526,0.98887795,0.98887795,0.00053723704,0.023178374,0.0005835421
2018-11-19,7.3612964e-06,0.06483508,0.92382425,0.9886593,0.9886593,0.000499412,0.022347528,0.0006491055
2018-11-20,7.1855284e-06,0.06619796,0.92238724,0.9885852,0.98858523,0.000470391,0.021688499,0.0006294908
2018-11-21,6.809637e-06,0.06970309,0.91901135,0.98871446,0.98871446,0.0006849553,0.02617165,0.0006033947
2018-11-23,7.5276557e-06,0.06443557,0.9241154,0.98855096,0.988551,0.0006699435,0.025883267,0.0006574924
2018-11-26,6.724708e-06,0.070647396,0.9181114,0.9887588,0.9887588,0.0010435025,0.03230329,0.00059821986
2018-11-27,7.422056e-06,0.06518296,0.9233606,0.98854357,0.98854357,0.0010037142,0.03168145,0.0006478507
2018-11-28,7.716322e-06,0.06413879,0.92421824,0.988357,0.988357,0.000934378,0.030567598,0.00066274387
2018-11-29,7.742891e-06,0.063416705,0.92497736,0.9883941,0.9883941,0.0009119457,0.030198438,0.00066715025
2018-11-30,7.4129775e-06,0.065416194,0.923052,0.9884682,0.9884682,0.0008835652,0.029724825,0.00064283086
2018-12-03,7.553866e-06,0.06443716,0.9240191,0.98845625,0.98845625,0.0008300604,0.02881077,0.0006543684
2018-12-04,7.2693797e-06,0.066283464,0.92226094,0.9885444,0.9885444,0.00087084156,0.029510025,0.0006345702
2018-12-06,7.6069127e-06,0.06382076,0.92462623,0.988447,0.988447,0.00081235357,0.028501816,0.00065843674
2018-12-07,7.4535224e-06,0.06548976,0.9229876,0.98847735,0.98847735,0.0008318507,0.028841821,0.0006468583
2018-12-10,7.2695193e-06,0.06533968,0.92325836,0.98859805,0.98859805,0.0008048986,0.028370736,0.000637568
2018-12-11,7.4443265e-06,0.06542836,0.9230287,0.9884571,0.9884571,0.0008144886,0.028539248,0.000644926
2018-12-12,7.457278e-06,0.065008566,0.92346627,0.98847485,0.98847485,0.00076934375,0.027737046,0.0006470437
2018-12-13,7.4557142e-06,0.06537529,0.92309886,0.98847413,0.98847413,0.00072437694,0.026914252,0.00064686785
2018-12-14,7.250564e-06,0.06550924,0.9230808,0.98859006,0.98859006,0.0007249761,0.026925381,0.0006354604
2018-12-17,7.0788146e-06,0.067569055,0.9210449,0.98861396,0.98861396,0.00072363485,0.026900461,0.00062171015
2018-12-18,7.198127e-06,0.06649976,0.92214197,0.98864174,0.98864174,0.00072052097,0.026842522,0.000633735
2018-12-19,7.5196212e-06,0.06501973,0.92354083,0.98856056,0.98856056,0.001055856,0.032493938,0.00065734156
2018-12-20,6.904531e-06,0.0686929,0.91993934,0.98863226,0.98863226,0.0010094672,0.031772114,0.0006073795
2018-12-21,7.288281e-06,0.066818886,0.9217248,0.9885437,0.9885437,0.0009917523,0.0314921,0.00063618046
2018-12-24,7.756373e-06,0.0635075,0.92488223,0.98838973,0.98838973,0.0009243032,0.030402355,0.0006680614
2018-12-26,6.7686083e-06,0.070640236,0.91812944,0.9887697,0.98876965,0.0011713032,0.03422431,0.00060271
2018-12-27,6.5077675e-06,0.07026098,0.91857445,0.98883545,0.98883545,0.0015684034,0.039603073,0.0005828958
2018-12-28,7.591128e-06,0.064903766,0.9235132,0.9884169,0.9884169,0.001536714,0.039200943,0.00065536296
2018-12-31,7.337577e-06,0.066748105,0.9217385,0.9884866,0.9884866,0.0014429137,0.037985705,0.0006373069
2019-01-02,7.4315813e-06,0.065844946,0.9226578,0.98850274,0.98850274,0.0013374819,0.0365716,0.0006463785
2019-01-03,7.5165967e-06,0.064531736,0.9239264,0.98845816,0.98845816,0.0012804836,0.035783846,0.0006512475
2019-01-04,7.331859e-06,0.065346524,0.92316014,0.9885067,0.9885067,0.0011991387,0.03462858,0.0006379232
2019-01-07,7.3446886e-06,0.06524497,0.9232767,0.9885217,0.9885217,0.0011356623,0.03369959,0.0006398757
2019-01-08,7.0877104e-06,0.066960305,0.92160726,0.9885676,0.9885676,0.0010643108,0.032623775,0.0006199665
2019-01-09,7.033613e-06,0.066868044,0.9217743,0.9886424,0.9886424,0.0010311607,0.03211169,0.0006192866
2019-01-10,6.7343003e-06,0.068567954,0.9201814,0.9887493,0.9887493,0.0011266556,0.033565693,0.0005985686
2019-01-11,7.150567e-06,0.066421434,0.9221404,0.98856187,0.98856187,0.0010446399,0.03232089,0.0006251517
2019-01-14,7.4906857e-06,0.064646766,0.9237925,0.98843926,0.98843926,0.0009955474,0.031552296,0.00064794184
2019-01-15,7.5113016e-06,0.06427802,0.9242051,0.98848313,0.98848313,0.0009567611,0.030931555,0.00065219996
2019-01-16,6.958263e-06,0.06806589,0.9204735,0.9885394,0.9885394,0.0009533163,0.03087582,0.00060714636
2019-01-17,7.2734606e-06,0.06577847,0.9227283,0.9885068,0.9885068,0.0008853391,0.029754648,0.0006328487
2019-01-18,7.5177118e-06,0.06455351,0.92384607,0.98839957,0.98839957,0.0008257398,0.028735688,0.0006480543
2019-01-22,7.2099892e-06,0.06592763,0.9226373,0.9885649,0.9885649,0.0008383335,0.02895399,0.00063051435
2019-01-23,6.394576e-06,0.07217855,0.916633,0.98881155,0.98881155,0.0008166825,0.028577657,0.0005715338
2019-01-24,7.215802e-06,0.06578231,0.9228017,0.988584,0.988584,0.0007550294,0.027477797,0.00063207693
2019-01-25,7.336185e-06,0.06511929,0.92343193,0.9885512,0.9885512,0.0007097797,0.026641691,0.00064078195
2019-01-28,7.2611974e-06,0.06571176,0.922837,0.98854876,0.98854876,0.00066960667,0.025876759,0.0006340968
2019-01-29,6.671299e-06,0.06989958,0.9188757,0.98877525,0.98877525,0.00069423835,0.026348403,0.0005943385
2019-01-30,6.868027e-06,0.067595385,0.9211494,0.98874474,0.98874474,0.00068770006,0.026224036,0.00061020575
2019-01-31,7.0441056e-06,0.06679919,0.921841,0.9886402,0.9886402,0.00065958465,0.02568238,0.00062009005
2019-02-01,7.2902603e-06,0.0655371,0.92300963,0.9885467,0.9885467,0.0006197727,0.024895234,0.00063652213
2019-02-04,6.7438623e-06,0.06821322,0.920585,0.9887982,0.9887982,0.0006261493,0.025022976,0.00060203386
2019-02-05,7.128815e-06,0.06636289,0.92225087,0.9886137,0.9886137,0.0005946716,0.024385888,0.0006260884
2019-02-06,7.3172428e-06,0.065322526,0.9232225,0.988545,0.988545,0.0005744551,0.023967793,0.0006387816
2019-02-07,7.1019876e-06,0.06619463,0.9224733,0.98866796,0.98866796,0.00054022943,0.023242837,0.00062671775
2019-02-08,7.1472627e-06,0.06656599,0.9220407,0.9886067,0.9886067,0.00054996007,0.023451228,0.0006273211
2019-02-11,7.242369e-06,0.06549116,0.9231136,0.9886047,0.9886047,0.000514342,0.02267911,0.0006355589
2019-02-12,7.3909673e-06,0.064847186,0.9236913,0.98853844,0.98853844,0.000484504,0.022011451,0.0006448485
2019-02-13,7.1080435e-06,0.066295244,0.9223489,0.9886442,0.9886442,0.00046561623,0.021578142,0.0006259385
2019-02-14,6.8436875e-06,0.06755632,0.92122793,0.98878425,0.98878425,0.0004509244,0.02123498,0.00061018567
2019-02-15,6.762702e-06,0.06793232,0.9208959,0.9888282,0.9888282,0.00042794,0.02068671,0.00060533587
2019-02-19,6.674883e-06,0.06858884,0.92024046,0.9888293,0.9888293,0.00043143172,0.020770935,0.0005975357
2019-02-20,6.9170073e-06,0.06713498,0.9216303,0.9887653,0.9887653,0.00040890637,0.020221433,0.0006156824
2019-02-21,6.365206e-06,0.070529595,0.9184356,0.98896515,0.98896515,0.00039779732,0.019944858,0.0005768278
2019-02-22,6.773454e-06,0.06787231,0.92095286,0.98882514,0.98882514,0.0003717316,0.019280342,0.00060613337
2019-02-25,6.8154363e-06,0.06764,0.92116964,0.98880965,0.98880965,0.00035082758,0.018730393,0.0006090456
2019-02-26,7.2025446e-06,0.065848835,0.9227729,0.9886217,0.9886217,0.00039846456,0.019961577,0.00063300773
2019-02-27,6.7432197e-06,0.06832574,0.92045695,0.9887827,0.9887827,0.0003748958,0.019362226,0.00060114486
2019-02-28,6.8423137e-06,0.067576125,0.92120063,0.98877674,0.98877674,0.0003958192,0.019895205,0.00060965493
2019-03-01,7.1698405e-06,0.06580283,0.9228487,0.9886515,0.9886515,0.0003729432,0.019311737,0.0006317883
2019-03-04,6.8798267e-06,0.067543775,0.9211718,0.9887155,0.9887155,0.0003936861,0.019841524,0.0006096721
2019-03-05,7.124515e-06,0.06604154,0.92262715,0.9886687,0.9886687,0.00038243306,0.019555897,0.00062874536
2019-03-06,7.019325e-06,0.06662965,0.9220692,0.98869884,0.98869884,0.00036000667,0.018973842,0.00062111544
2019-03-07,7.0072774e-06,0.066634655,0.92208475,0.9887194,0.9887194,0.00034158787,0.018482096,0.0006211797
2019-03-08,7.072937e-06,0.06629276,0.92239803,0.9886908,0.9886908,0.0003257863,0.018049551,0.0006254141
2019-03-11,7.058942e-06,0.066349305,0.9223567,0.98870605,0.98870605,0.0003151757,0.01775319,0.0006250199
2019-03-12,6.8289273e-06,0.06755856,0.9212469,0.9888054,0.9888054,0.0003081655,0.017554643,0.0006100205
2019-03-13,6.951361e-06,0.066893384,0.9218647,0.9887581,0.9887581,0.00029081784,0.017053382,0.00061834324
2019-03-14,6.854352e-06,0.0674404,0.9213454,0.9887858,0.9887858,0.00031328673,0.017699908,0.00061122095
2019-03-15,7.1051886e-06,0.06611766,0.92257065,0.9886883,0.9886883,0.00029773047,0.017254869,0.00062812684
2019-03-18,6.9394487e-06,0.06696446,0.9217971,0.98876154,0.98876154,0.00028199088,0.016792584,0.0006174735
2019-03-19,6.9985836e-06,0.06659732,0.92215174,0.9887491,0.9887491,0.0002728641,0.016518598,0.00062204583
2019-03-20,6.973399e-06,0.06672469,0.9220406,0.9887653,0.98876524,0.00025872546,0.016084945,0.0006207018
2019-03-21,6.3886628e-06,0.070511974,0.91844857,0.98896056,0.98896056,0.00025719582,0.016037326,0.0005787128
2019-03-22,6.9849943e-06,0.06666108,0.9220932,0.9887543,0.9887543,0.00024297174,0.015587551,0.0006211243
2019-03-25,6.9831826e-06,0.06676068,0.9219856,0.9887463,0.9887463,0.0002481659,0.015753282,0.0006205225
2019-03-26,7.039187e-06,0.06637285,0.9223567,0.9887296,0.9887296,0.00023684157,0.015389658,0.00062457274
2019-03-27,6.919421e-06,0.06708758,0.9216802,0.9887678,0.9887678,0.00024851292,0.015764292,0.0006160345
2019-03-28,7.0791853e-06,0.066479705,0.92218673,0.9886664,0.9886664,0.00024154849,0.01554183,0.0006246201
2019-03-29,7.1667537e-06,0.06578694,0.9228823,0.9886693,0.9886693,0.00023012281,0.015169799,0.0006325063
2019-04-01,6.96378e-06,0.06684639,0.9219207,0.9887671,0.9887671,0.0002321217,0.01523554,0.0006199443
2019-04-02,7.0761307e-06,0.06615086,0.9225783,0.9887291,0.9887291,0.00025814853,0.016067002,0.0006278241
2019-04-03,6.7917704e-06,0.067785084,0.9210441,0.9888292,0.9888292,0.00026156052,0.016172832,0.00060799293
2019-04-04,6.976021e-06,0.066667505,0.9221009,0.9887684,0.9887684,0.00024801612,0.015748527,0.00062110653
2019-04-05,6.9959574e-06,0.066686675,0.922054,0.9887407,0.9887407,0.00023808685,0.015430063,0.00062134827
2019-04-08,6.850976e-06,0.06736073,0.921455,0.9888157,0.9888158,0.00024238054,0.015568576,0.0006125543
2019-04-09,6.8929025e-06,0.067110255,0.9216983,0.9888085,0.9888085,0.00025842377,0.016075565,0.00061590585
2019-04-10,6.9903645e-06,0.06671942,0.9220214,0.9887408,0.9887408,0.00024816784,0.015753344,0.0006208581
2019-04-11,6.616257e-06,0.06862988,0.92028785,0.9889177,0.9889177,0.00024190471,0.015553286,0.00059701165
2019-04-12,6.9911403e-06,0.066763654,0.92197496,0.9887386,0.9887386,0.00024749144,0.01573186,0.0006208054
2019-04-15,7.1037616e-06,0.0660294,0.9226806,0.98871,0.98871005,0.00023660054,0.015381825,0.0006292075
2019-04-16,6.9772846e-06,0.066868134,0.92186654,0.98873466,0.98873466,0.00022957029,0.015151577,0.0006193587
2019-04-17,6.817351e-06,0.067512006,0.921329,0.98884106,0.98884106,0.00022524646,0.015008213,0.0006109316
2019-04-18,7.076931e-06,0.0660966,0.9226369,0.98873353,0.98873353,0.00021588361,0.014692978,0.00062814093
2019-04-22,6.977649e-06,0.06648896,0.9223135,0.9888025,0.9888025,0.00020707754,0.014390189,0.00062314305
2019-04-23,6.438656e-06,0.06988508,0.9190976,0.9889827,0.9889827,0.00024283702,0.015583229,0.000584412
2019-04-24,6.70169e-06,0.06836125,0.9204937,0.988855,0.988855,0.00023510664,0.015333188,0.0006013183
2019-04-25,7.0369397e-06,0.0663573,0.92238265,0.98873997,0.98873997,0.00022595239,0.015031713,0.0006249484
2019-04-26,7.1950008e-06,0.06553757,0.92314094,0.9886785,0.9886785,0.00022292444,0.014930654,0.0006355174
2019-04-29,7.3093092e-06,0.06520666,0.9233921,0.98859876,0.98859876,0.00027183487,0.016487416,0.00064109795
2019-04-30,7.409842e-06,0.06467821,0.9238759,0.9885541,0.9885541,0.00025887406,0.016089564,0.0006473807
2019-05-01,6.957305e-06,0.06683736,0.921923,0.98876035,0.98876035,0.00024906173,0.01578169,0.0006189967
2019-05-02,7.4055893e-06,0.06471834,0.9238422,0.98856056,0.98856056,0.00023831191,0.015437354,0.00064737326
2019-05-03,7.14789e-06,0.066285364,0.922351,0.9886364,0.9886364,0.0002811979,0.016768957,0.0006290149
2019-05-06,7.283012e-06,0.06528171,0.92335826,0.98863995,0.98863995,0.00026674103,0.01633221,0.00064110744
2019-05-07,7.144295e-06,0.06609969,0.9225531,0.9886528,0.9886528,0.00025505605,0.015970474,0.00062961003
2019-05-08,7.256369e-06,0.065725,0.9228865,0.9886115,0.98861146,0.00025537837,0.015980562,0.0006371674
2019-05-09,7.35294e-06,0.06486427,0.9237185,0.9885828,0.9885828,0.00025151306,0.015859162,0.0006440225
2019-05-10,7.296085e-06,0.065280035,0.9233372,0.98861724,0.98861724,0.00024287883,0.01558457,0.0006409769
2019-05-13,7.330656e-06,0.06501378,0.92359656,0.9886103,0.9886103,0.00023160648,0.015218623,0.00064362306
2019-05-14,7.3169745e-06,0.06523658,0.92335236,0.9885889,0.9885889,0.00022819832,0.015106235,0.00064121716
2019-05-15,7.26135e-06,0.065402135,0.92320704,0.9886092,0.9886092,0.0002271265,0.015070717,0.0006374747
2019-05-16,6.9322214e-06,0.066873066,0.9219129,0.988786,0.988786,0.00021781221,0.014758462,0.0006181746
2019-05-17,7.019952e-06,0.06652697,0.922194,0.98872095,0.98872095,0.00021969715,0.014822184,0.0006223888
2019-05-20,7.321586e-06,0.064940706,0.92368484,0.9886255,0.9886255,0.00020988664,0.014487465,0.0006436857
2019-05-21,7.3514834e-06,0.06484924,0.92376584,0.9886151,0.9886151,0.00020292285,0.014245099,0.00064572203
2019-05-22,6.6704474e-06,0.06897897,0.9198634,0.98884237,0.98884237,0.00019505969,0.013966377,0.0005978372
2019-05-23,7.05244e-06,0.066794604,0.92189634,0.9886909,0.988691,0.00023087763,0.015194658,0.00062360824
2019-05-24,7.186286e-06,0.06693513,0.9216978,0.9886329,0.9886329,0.00045306946,0.021285428,0.00063220144
2019-05-28,7.677723e-06,0.06375144,0.92472243,0.9884739,0.9884739,0.0004346089,0.020847276,0.00066611584
2019-05-29,7.609676e-06,0.06415735,0.92427766,0.98843503,0.98843503,0.000414093,0.020349275,0.00065799354
2019-05-30,7.864017e-06,0.06296159,0.92539823,0.9883598,0.9883598,0.00039253008,0.019812372,0.00067559176
2019-05-31,7.0320784e-06,0.06798734,0.9206855,0.98867285,0.98867285,0.00046549478,0.021575328,0.00062081637
2019-06-03,6.8377294e-06,0.06959057,0.9191575,0.9887481,0.9887481,0.0006517861,0.025530102,0.0006076941
2019-06-04,7.2531516e-06,0.06673068,0.9218891,0.9886198,0.9886198,0.0006076178,0.024649905,0.00063734857
2019-06-05,7.6636015e-06,0.064057544,0.9244167,0.98847425,0.98847425,0.0005685157,0.023843566,0.0006649113
2019-06-06,7.33331e-06,0.06645171,0.92211735,0.9885691,0.9885691,0.0006093435,0.024684884,0.0006415328
2019-06-07,7.589753e-06,0.06451264,0.92399764,0.9885103,0.98851025,0.00058891723,0.024267618,0.00066057075
2019-06-10,7.4713334e-06,0.064650945,0.92390305,0.988554,0.988554,0.00059547473,0.02440235,0.0006527463
2019-06-11,7.695752e-06,0.06393584,0.9245133,0.9884491,0.9884491,0.0005700366,0.02387544,0.0006662468
2019-06-12,7.5817366e-06,0.0641797,0.92433006,0.9885098,0.9885098,0.0005347023,0.023123631,0.0006598423
2019-06-13,7.234328e-06,0.066919535,0.9216715,0.988591,0.9885911,0.00060994417,0.024697049,0.00063409045
2019-06-14,7.469398e-06,0.065000474,0.92354465,0.9885451,0.9885451,0.0006012306,0.024520004,0.00065207126
2019-06-17,7.773967e-06,0.06314241,0.92527735,0.9884198,0.9884198,0.00056385295,0.023745589,0.0006713138
2019-06-18,7.5843614e-06,0.064631574,0.9238474,0.98847896,0.98847896,0.0005376216,0.023186669,0.0006583052
2019-06-19,7.5024386e-06,0.064515345,0.9240042,0.98851955,0.98851955,0.0005927243,0.02434593,0.0006534969
2019-06-20,7.510486e-06,0.064456895,0.9241093,0.98856616,0.98856616,0.0005557022,0.023573337,0.0006568647
2019-06-21,6.6191014e-06,0.06992465,0.9189035,0.9888282,0.9888282,0.00069616444,0.026384927,0.00059248204
2019-06-24,7.2683133e-06,0.0652355,0.9233906,0.9886261,0.9886261,0.00065895135,0.025670048,0.00063903566
2019-06-25,7.609912e-06,0.064022526,0.92441344,0.988436,0.988436,0.0006198219,0.024896223,0.0006580682
2019-06-26,7.5184635e-06,0.06451332,0.9239613,0.9884746,0.9884746,0.00058071583,0.024098046,0.000652339
2019-06-27,6.9090684e-06,0.06723041,0.92151517,0.98874557,0.98874557,0.00058840093,0.024256976,0.0006138977
2019-06-28,7.4526656e-06,0.06469906,0.9238067,0.9885058,0.9885058,0.0005491539,0.023434034,0.0006483838
2019-07-01,7.508503e-06,0.06437432,0.92413133,0.98850566,0.98850566,0.00053242943,0.023074433,0.0006532349
2019-07-02,7.32257e-06,0.06529455,0.92326224,0.9885568,0.9885568,0.00050638546,0.02250301,0.0006399059
2019-07-03,7.2069706e-06,0.06656585,0.9220269,0.98859274,0.98859274,0.00063479773,0.025195193,0.0006317883
2019-07-05,7.457266e-06,0.06466155,0.9238235,0.98848504,0.98848504,0.00061642204,0.024827847,0.00064761535
2019-07-08,7.701325e-06,0.063436836,0.924965,0.98840183,0.9884019,0.00057740154,0.02402918,0.00066401204
2019-07-09,7.717746e-06,0.063536875,0.9248764,0.9884133,0.9884133,0.0005421329,0.023283748,0.0006660851
2019-07-10,7.631872e-06,0.06380778,0.92463887,0.98844665,0.98844665,0.0005095888,0.022574075,0.0006605767
2019-07-11,6.841113e-06,0.067948356,0.92076737,0.9887157,0.9887157,0.00060089224,0.024513103,0.000606251
2019-07-12,7.378228e-06,0.06493446,0.923612,0.9885465,0.9885465,0.00056123844,0.023690471,0.0006441893
2019-07-15,7.6164124e-06,0.06380403,0.92464244,0.9884465,0.9884465,0.00052574516,0.022929134,0.0006592284
2019-07-16,7.3468364e-06,0.065257125,0.923291,0.98854816,0.98854816,0.00050112524,0.022385826,0.00064154196
2019-07-17,7.1932254e-06,0.0663855,0.92222875,0.98861426,0.98861426,0.0005440926,0.023325793,0.000631775
2019-07-18,7.693058e-06,0.06342102,0.925026,0.988447,0.988447,0.0005237565,0.022885727,0.0006658933
2019-07-19,7.504725e-06,0.06456078,0.9239773,0.9885381,0.9885381,0.0005372227,0.023178065,0.00065475324
2019-07-22,7.564818e-06,0.0639133,0.92460614,0.98851943,0.98851943,0.0005059924,0.022494275,0.0006589236
2019-07-23,7.515256e-06,0.06468322,0.9237556,0.9884388,0.9884388,0.00048220446,0.021959154,0.00065004034
2019-07-24,7.551025e-06,0.06410145,0.92436785,0.9884693,0.9884693,0.00045878853,0.02141935,0.00065486284
2019-07-25,7.36709e-06,0.06505803,0.9234971,0.98855513,0.98855513,0.00044813193,0.021169126,0.0006437026
2019-07-26,7.421191e-06,0.06452538,0.92404246,0.9885678,0.9885678,0.00042154908,0.02053166,0.00064914976
2019-07-29,7.312464e-06,0.06522913,0.9233771,0.9886062,0.9886062,0.0003975195,0.019937892,0.00064179406
2019-07-30,7.4268273e-06,0.06461985,0.9239373,0.98855716,0.98855716,0.00038316965,0.01957472,0.0006490371
2019-07-31,7.1828495e-06,0.06583289,0.92279935,0.98863226,0.98863226,0.00038807688,0.019699667,0.00063186267
2019-08-01,7.4012914e-06,0.064770974,0.92377293,0.9885439,0.9885439,0.00037045666,0.01924725,0.00064605835
2019-08-02,6.691733e-06,0.07062165,0.91813856,0.98876023,0.98876023,0.0007912568,0.028129287,0.0005953622
2019-08-05,7.4975524e-06,0.06469952,0.9238082,0.98850775,0.98850775,0.0008008928,0.02830005,0.0006524006
2019-08-06,7.529479e-06,0.06502772,0.9234506,0.9884783,0.9884783,0.0007679124,0.027711233,0.00065350434
2019-08-07,7.746541e-06,0.063636184,0.9247749,0.98841107,0.98841107,0.0007421791,0.027242964,0.0006684431
2019-08-08,7.3715046e-06,0.06641001,0.92211723,0.98852724,0.98852724,0.0008453807,0.02907543,0.00064252224
2019-08-09,7.640051e-06,0.063924484,0.9245122,0.9884367,0.9884367,0.0008380433,0.028948978,0.0006607154
2019-08-12,7.81335e-06,0.06324627,0.9250776,0.98832387,0.98832387,0.0008670612,0.029445903,0.00066917273
2019-08-13,7.927172e-06,0.06275601,0.9255639,0.9883199,0.9883199,0.0008135853,0.028523417,0.0006786889
2019-08-14,7.042409e-06,0.06716402,0.92139846,0.98856246,0.98856246,0.00085400237,0.02922332,0.00061572785
2019-08-15,7.430503e-06,0.06561925,0.92286956,0.9884888,0.9884888,0.00086945604,0.02948654,0.00064550166
2019-08-16,7.749605e-06,0.06350953,0.92487776,0.9883873,0.9883873,0.00082286046,0.028685544,0.000667338
2019-08-19,7.5691187e-06,0.06404159,0.92440593,0.98844755,0.98844755,0.00077197695,0.027784472,0.0006551958
2019-08-20,7.730668e-06,0.06329888,0.9250859,0.9883848,0.9883848,0.0007577388,0.027527055,0.0006655638
2019-08-21,7.3561832e-06,0.06588038,0.9225672,0.98844755,0.98844755,0.00070897583,0.0266266,0.00063676375
2019-08-22,7.6013484e-06,0.06399787,0.9244239,0.98842174,0.98842174,0.00067095563,0.025902811,0.00065651897
2019-08-23,7.5829143e-06,0.064127594,0.9243064,0.988434,0.98843396,0.0006302951,0.025105678,0.0006556221
2019-08-26,7.65533e-06,0.06391537,0.9245204,0.98843575,0.98843575,0.0006206102,0.02491205,0.0006619821
2019-08-27,7.756077e-06,0.06339742,0.92499363,0.98839104,0.98839104,0.00058790395,0.02424673,0.0006681114
2019-08-28,7.5411112e-06,0.064323455,0.924114,0.9884374,0.9884374,0.0005866533,0.024220927,0.0006521994
2019-08-29,7.557547e-06,0.064089246,0.92435914,0.9884484,0.9884484,0.00056437595,0.023756597,0.0006542414
2019-08-30,7.778588e-06,0.0631467,0.9251972,0.9883439,0.9883439,0.0005462651,0.023372315,0.00066734024
2019-09-03,7.3918095e-06,0.06545818,0.9230429,0.9885011,0.9885011,0.0005664312,0.023799816,0.00064282597
2019-09-04,7.2304797e-06,0.06638701,0.9221977,0.9885847,0.9885847,0.0005605342,0.023675604,0.0006334024
2019-09-05,6.8842464e-06,0.06789258,0.9207388,0.9886314,0.98863137,0.0006405547,0.025309183,0.00060555065
2019-09-06,7.828005e-06,0.063083455,0.92520946,0.98829293,0.98829293,0.000596683,0.024427095,0.0006686564
2019-09-09,7.614897e-06,0.063891284,0.92451864,0.98840994,0.98840994,0.00056073064,0.023679752,0.00065701944
2019-09-10,7.539197e-06,0.064287476,0.9241473,0.9884348,0.9884348,0.00055987993,0.023661783,0.000651886
2019-09-11,7.5147655e-06,0.06456884,0.9238521,0.9884209,0.9884209,0.0005291139,0.023002477,0.0006489941
2019-09-12,7.5751004e-06,0.06425719,0.9241686,0.9884258,0.9884258,0.00055216806,0.023498256,0.00065448106
2019-09-13,7.764792e-06,0.06324779,0.92511857,0.98836637,0.98836637,0.00052735326,0.022964174,0.0006674433
2019-09-16,7.8331095e-06,0.06289985,0.9254216,0.9883214,0.9883214,0.0004969699,0.022292823,0.00067072466
2019-09-17,5.5842797e-06,0.07765529,0.91138506,0.9890404,0.9890404,0.0016432418,0.040536918,0.000509532
2019-09-18,7.0359915e-06,0.06785146,0.9207512,0.9886027,0.9886027,0.0017689735,0.04205917,0.00061733834
2019-09-19,7.259976e-06,0.06604003,0.922477,0.98851705,0.98851705,0.00166627,0.04081997,0.0006322394
2019-09-20,7.2901416e-06,0.065673895,0.92281455,0.98848844,0.98848844,0.0015443565,0.0392983,0.0006332885
2019-09-23,7.5960616e-06,0.06497239,0.9233722,0.9883446,0.9883446,0.0014325011,0.037848398,0.0006517209
2019-09-24,7.718235e-06,0.06371649,0.92457575,0.9882922,0.9882922,0.0013358095,0.036548726,0.00065923965
2019-09-25,7.5940366e-06,0.06438026,0.9239814,0.9883617,0.9883617,0.0012780501,0.035749827,0.00065250485
2019-09-26,7.66483e-06,0.06390444,0.9244392,0.98834366,0.98834366,0.001201655,0.034664895,0.0006575673
2019-09-27,7.4787836e-06,0.06471708,0.92370284,0.9884199,0.9884199,0.001118697,0.033446927,0.0006458301
2019-09-30,7.723633e-06,0.063664325,0.92465454,0.98831886,0.98831886,0.0010462306,0.03234549,0.00066120544
2019-10-01,7.3127167e-06,0.065881684,0.9226809,0.9885626,0.9885626,0.001047437,0.03236413,0.0006393679
2019-10-02,7.4707878e-06,0.06474924,0.9237534,0.9885026,0.9885026,0.0009786305,0.03128307,0.00064978184
2019-10-03,7.5395624e-06,0.06448919,0.9239937,0.9884829,0.9884829,0.0009340876,0.030562848,0.00065464026
2019-10-04,7.604903e-06,0.06401697,0.9244163,0.98843324,0.98843324,0.0008715886,0.02952268,0.0006574792
2019-10-07,7.700082e-06,0.063550524,0.92481226,0.9883628,0.9883628,0.0008161059,0.028567567,0.0006616776
2019-10-08,7.483283e-06,0.06454904,0.92391694,0.98846596,0.98846596,0.000762565,0.02761458,0.00064880005
2019-10-09,7.3321926e-06,0.06521433,0.92332494,0.9885393,0.9885393,0.00071243854,0.026691545,0.0006397671
2019-10-10,7.273651e-06,0.0654651,0.9231081,0.9885732,0.9885732,0.0006652095,0.025791656,0.0006365428
2019-10-11,7.222313e-06,0.065640144,0.9229635,0.98860365,0.98860365,0.0006421962,0.02534159,0.0006337392
2019-10-14,7.325934e-06,0.06517997,0.92336965,0.9885496,0.9885496,0.00062892004,0.025078278,0.00063979666
2019-10-15,7.5996627e-06,0.06408515,0.92435837,0.9884435,0.9884435,0.00061608717,0.024821103,0.000657609
2019-10-16,7.6018373e-06,0.06399965,0.92444515,0.9884448,0.9884448,0.0005913128,0.024316926,0.00065787183
2019-10-17,7.565055e-06,0.063953854,0.9245184,0.9884723,0.9884723,0.00056079595,0.02368113,0.0006562492
2019-10-18,7.666441e-06,0.063491434,0.9249369,0.9884283,0.98842835,0.00053293153,0.02308531,0.0006625161
2019-10-21,7.658955e-06,0.063506916,0.92493165,0.98843855,0.98843855,0.0005011749,0.022386936,0.0006624561
2019-10-22,7.4697728e-06,0.064366534,0.92416537,0.9885319,0.9885319,0.00047637374,0.021825988,0.0006513515
2019-10-23,6.9331804e-06,0.06754258,0.9211674,0.98871,0.9887099,0.00046334285,0.0215254,0.0006140985
2019-10-24,7.2424123e-06,0.06558292,0.9230006,0.9885835,0.9885835,0.0005056852,0.022487447,0.00063438143
2019-10-25,7.4359573e-06,0.06458187,0.92393696,0.98851883,0.98851883,0.00047525772,0.021800406,0.0006476657
2019-10-28,7.4095774e-06,0.0646642,0.9238775,0.98854166,0.98854166,0.0004500614,0.021214651,0.0006466538
2019-10-29,7.4209142e-06,0.06463503,0.92390543,0.9885405,0.9885405,0.00043845474,0.020939311,0.0006475758
2019-10-30,7.1992995e-06,0.06609111,0.92247254,0.98856366,0.98856366,0.00041418476,0.02035153,0.0006295106
2019-10-31,7.619626e-06,0.06383471,0.9246004,0.98843515,0.98843515,0.0003945299,0.019862777,0.0006588607
2019-11-01,7.3533292e-06,0.065190196,0.9233516,0.9885418,0.9885418,0.00038946644,0.019734904,0.00064175157
2019-11-04,7.296953e-06,0.06542267,0.9231107,0.9885334,0.9885334,0.00045318418,0.021288123,0.0006363646
2019-11-05,7.5400308e-06,0.06415673,0.92430145,0.98845816,0.98845816,0.00042783192,0.020684099,0.00065327785
2019-11-06,7.456302e-06,0.06457421,0.92391443,0.9884887,0.9884887,0.00041205814,0.020299215,0.00064773613
2019-11-07,7.387382e-06,0.06502703,0.9234953,0.9885223,0.9885223,0.0004041492,0.020103462,0.00064362865
2019-11-08,7.3869264e-06,0.06470991,0.9238533,0.9885632,0.9885632,0.00039310707,0.019826928,0.0006458899
2019-11-11,7.521003e-06,0.064095534,0.92440987,0.9885054,0.9885054,0.00037067555,0.019252935,0.0006543088
2019-11-12,7.0588662e-06,0.06654512,0.9221248,0.98866993,0.98866993,0.00035322792,0.01879436,0.00062302063
2019-11-13,7.3471438e-06,0.064873934,0.92371404,0.988588,0.988588,0.00033289054,0.01824529,0.00064380723
2019-11-14,7.2201547e-06,0.06546274,0.92318773,0.9886505,0.98865044,0.00031672037,0.01779664,0.00063616503
2019-11-15,7.4079235e-06,0.06460551,0.92395574,0.9885613,0.9885613,0.0003022809,0.017386228,0.0006476178
2019-11-18,7.2685243e-06,0.065295234,0.92331606,0.9886113,0.9886113,0.00030398843,0.017435264,0.0006382214
2019-11-19,7.0782903e-06,0.06637818,0.92228615,0.9886643,0.9886643,0.00029721405,0.017239897,0.00062442623
2019-11-20,7.4250047e-06,0.06477453,0.9237919,0.9885664,0.9885664,0.00035357795,0.01880367,0.0006494021
2019-11-21,6.8254913e-06,0.06819602,0.92055297,0.98874897,0.98874897,0.0004071719,0.0201785,0.0006066547
2019-11-22,7.264719e-06,0.06551902,0.9230409,0.98855996,0.98855996,0.00042487317,0.020612452,0.00063502573
2019-11-25,7.790863e-06,0.06292961,0.9254613,0.9883909,0.9883909,0.0004125807,0.020312082,0.0006711009
2019-11-26,7.2417715e-06,0.0655751,0.92303157,0.9886067,0.9886067,0.0003905792,0.019763077,0.0006356162
2019-11-27,7.102341e-06,0.06613233,0.9225464,0.9886787,0.9886787,0.0003706442,0.019252121,0.0006273429
2019-11-29,7.4538107e-06,0.064398095,0.9241379,0.988536,0.988536,0.00035095838,0.018733883,0.00065019284
2019-12-02,6.469986e-06,0.07145928,0.91741925,0.98887855,0.98887855,0.0005069714,0.022516025,0.00058175734
2019-12-03,7.658498e-06,0.06348092,0.9250021,0.988483,0.988483,0.00048554054,0.022034984,0.00066497404
2019-12-04,7.694143e-06,0.06339939,0.9250263,0.9884257,0.9884257,0.0004571089,0.021380106,0.00066475937
2019-12-05,7.2008197e-06,0.066027105,0.9225494,0.98857653,0.98857653,0.000534294,0.0231148,0.00063035317
2019-12-06,7.77769e-06,0.06300765,0.9253711,0.98837876,0.98837876,0.0005001172,0.0223633,0.0006692653
2019-12-09,6.975945e-06,0.06681065,0.92192495,0.9887356,0.9887356,0.00048098192,0.0219313,0.0006192922
2019-12-10,7.071716e-06,0.06634446,0.9223391,0.9886835,0.9886835,0.00045112544,0.021239713,0.0006249043
2019-12-11,7.1407103e-06,0.065961175,0.9227015,0.98866266,0.98866266,0.0004239669,0.020590456,0.00062984
2019-12-12,7.1839067e-06,0.06605067,0.9225714,0.98862207,0.98862207,0.00040296098,0.020073889,0.00063138956
2019-12-13,7.2899193e-06,0.065194055,0.92340696,0.988601,0.988601,0.00038207436,0.019546723,0.0006395243
2019-12-16,6.7839333e-06,0.06778961,0.92103773,0.98882735,0.98882735,0.00037416606,0.019343372,0.00060719094
2019-12-17,7.0543183e-06,0.066248156,0.9224858,0.988734,0.988734,0.00035170102,0.018753694,0.00062616036
2019-12-18,6.776763e-06,0.06780342,0.92103225,0.9888357,0.9888357,0.00034073836,0.0184591,0.0006070025
2019-12-19,6.86432e-06,0.067198016,0.92163116,0.9888292,0.9888292,0.00032061877,0.017905831,0.0006144875
2019-12-20,6.4123788e-06,0.06986411,0.91914594,0.98901004,0.98901004,0.00030372338,0.01742766,0.00058347586
2019-12-23,6.9132634e-06,0.06689291,0.9219216,0.98881453,0.98881453,0.00029749674,0.017248094,0.0006180576
2019-12-24,6.7639717e-06,0.06788077,0.92096126,0.988842,0.988842,0.0002812606,0.016770827,0.00060619984
2019-12-26,6.589218e-06,0.06870128,0.9202508,0.98895204,0.98895204,0.0002718732,0.016488578,0.0005964195
2019-12-27,6.624064e-06,0.06854866,0.92037284,0.9889215,0.9889215,0.00026240252,0.016198844,0.0005979219
2019-12-30,6.613504e-06,0.06883098,0.9200591,0.98889005,0.98889005,0.00024814374,0.015752578,0.00059527764
2019-12-31,6.75194e-06,0.067741096,0.9211496,0.9888907,0.9888907,0.0002349745,0.015328879,0.00060777407
2020-01-02,6.8146733e-06,0.06753794,0.92130274,0.9888407,0.9888407,0.00023044254,0.015180334,0.00061067205
2020-01-03,6.6630864e-06,0.068295315,0.920623,0.9889183,0.9889183,0.00021932302,0.014809558,0.0006012696
2020-01-06,6.370687e-06,0.07005011,0.9189851,0.98903525,0.98903525,0.00026950895,0.016416728,0.0005810152
2020-01-07,6.8994095e-06,0.06705264,0.9217472,0.98879987,0.98879987,0.00025478302,0.015961925,0.00061601156
2020-01-08,7.030519e-06,0.06637439,0.92236924,0.9887436,0.98874366,0.00024752948,0.015733069,0.0006245799
2020-01-09,6.814652e-06,0.068647556,0.9201232,0.9887708,0.9887708,0.00040647306,0.020161178,0.00060686795
2020-01-10,7.482679e-06,0.06431355,0.92423755,0.9885511,0.9885511,0.0003808996,0.019516649,0.00065357075
2020-01-13,7.627799e-06,0.063683435,0.92481613,0.9884996,0.9884996,0.00036474224,0.019098226,0.00066326273
2020-01-14,7.4518966e-06,0.06482942,0.9237253,0.9885547,0.9885547,0.0003625637,0.019041106,0.00065108883
2020-01-15,7.5183953e-06,0.0642933,0.9242298,0.9885231,0.9885231,0.00034271646,0.018512603,0.00065509084
2020-01-16,7.09259e-06,0.06681984,0.9218707,0.98869056,0.98869056,0.00032786164,0.01810695,0.00062713865
2020-01-17,7.277322e-06,0.06540419,0.923264,0.9886682,0.9886682,0.00031891032,0.01785806,0.0006422037
2020-01-21,7.1994523e-06,0.06602917,0.92265046,0.98867965,0.98867965,0.00030171644,0.017369987,0.0006359742
2020-01-22,6.6584394e-06,0.06956536,0.91926914,0.9888345,0.9888345,0.00028646304,0.01692522,0.00059634045
2020-01-23,7.1317722e-06,0.06669718,0.9220059,0.9887031,0.9887031,0.0003247166,0.018019894,0.0006313019
2020-01-24,7.4141103e-06,0.065045424,0.92354405,0.98858947,0.98858947,0.00033514114,0.01830686,0.0006497601
2020-01-27,7.0932224e-06,0.067413636,0.92129356,0.9887072,0.9887072,0.00036004485,0.018974848,0.00062811817
2020-01-28,7.288297e-06,0.066309154,0.9223416,0.98865074,0.98865074,0.00036524155,0.019111294,0.00064218254
2020-01-29,7.227927e-06,0.065869555,0.92280376,0.9886733,0.9886733,0.00034666527,0.018618949,0.00063813344
2020-01-30,7.272811e-06,0.06586514,0.9228035,0.9886687,0.9886687,0.00032774344,0.018103685,0.00064183265
2020-01-31,7.0564292e-06,0.067738876,0.9209728,0.9887117,0.9887117,0.0003439697,0.018546421,0.0006251108
2020-02-03,7.294329e-06,0.06576212,0.92291075,0.98867285,0.98867285,0.0003326843,0.018239636,0.00064396876
2020-02-04,7.1865365e-06,0.06680487,0.9218879,0.98869276,0.98869276,0.0003687411,0.019202633,0.0006355695
2020-02-05,7.353797e-06,0.065552905,0.9230503,0.9886032,0.9886032,0.00035416565,0.01881929,0.0006452496
2020-02-06,6.960971e-06,0.067184135,0.9215853,0.9887695,0.9887695,0.00036739645,0.019167589,0.0006198258
2020-02-07,7.451545e-06,0.06470394,0.923866,0.9885699,0.9885699,0.0003464654,0.01861358,0.0006519239
2020-02-10,7.429251e-06,0.064933494,0.9236793,0.9886128,0.9886128,0.00033794306,0.018383227,0.0006524196
2020-02-11,7.021028e-06,0.06752787,0.9212185,0.9887464,0.9887464,0.00033469134,0.018294571,0.000623892
2020-02-12,7.2280327e-06,0.065818086,0.92285585,0.9886739,0.9886739,0.00031884378,0.017856197,0.00063817634
2020-02-13,6.749929e-06,0.06801721,0.92083746,0.98885465,0.98885465,0.00033968012,0.018430414,0.0006056272
2020-02-14,7.3342617e-06,0.065347895,0.92325443,0.98860234,0.98860234,0.0003210017,0.01791652,0.00064348837
2020-02-18,7.2911084e-06,0.06524344,0.9234039,0.98864734,0.98864734,0.00031301574,0.017692251,0.000642238
2020-02-19,7.1249437e-06,0.06593782,0.922768,0.9887058,0.9887058,0.00029633477,0.017214376,0.00063085055
2020-02-20,6.971624e-06,0.06684605,0.9219173,0.9887634,0.9887634,0.00031638765,0.017787289,0.0006204385
2020-02-21,6.713569e-06,0.06873154,0.92010975,0.9888413,0.9888413,0.00030396722,0.017434655,0.0006016441
2020-02-24,7.1514705e-06,0.066171214,0.92251056,0.9886818,0.9886818,0.0002904758,0.01704335,0.00063185545
2020-02-25,6.827818e-06,0.06874929,0.9200365,0.9887858,0.9887858,0.00036793732,0.019181693,0.00060885487
2020-02-26,7.2301896e-06,0.06651615,0.9220957,0.9886119,0.9886119,0.00040904153,0.020224774,0.0006348886
2020-02-27,7.0630886e-06,0.06787436,0.92079735,0.9886717,0.9886717,0.00042260546,0.02055737,0.0006234917
2020-02-28,7.074975e-06,0.067672804,0.9210116,0.9886844,0.9886844,0.00047685544,0.02183702,0.0006252417
2020-03-02,7.144955e-06,0.067300156,0.9213618,0.98866194,0.98866194,0.0006221713,0.024943363,0.00063017465
2020-03-03,6.439198e-06,0.07033253,0.9185636,0.98889613,0.98889613,0.000706344,0.026577134,0.0005799058
2020-03-04,7.712069e-06,0.06398321,0.9243749,0.9883581,0.9883581,0.0006608542,0.025707085,0.0006624397
2020-03-05,7.769743e-06,0.06338075,0.9250243,0.988405,0.988405,0.0006234907,0.024969796,0.00067009364
2020-03-06,7.286018e-06,0.066513054,0.92207515,0.9885882,0.9885882,0.0006079487,0.024656616,0.0006384643
2020-03-09,6.3656244e-06,0.07393508,0.91497695,0.98891205,0.98891205,0.0013197951,0.036328986,0.0005741027
2020-03-10,4.5575475e-06,0.09737667,0.8924125,0.9897891,0.9897891,0.0071121063,0.08433331,0.00044634266
2020-03-11,5.884774e-06,0.07750901,0.9113977,0.9889067,0.9889067,0.0072959354,0.08541625,0.0005304791
2020-03-12,6.5298404e-06,0.07391408,0.91467345,0.9885875,0.9885875,0.0067871427,0.08238412,0.0005721656
2020-03-13,6.340932e-06,0.07582476,0.9129212,0.9887459,0.9887459,0.0063719866,0.07982472,0.00056343444
2020-03-16,6.5773115e-06,0.073143795,0.9154856,0.9886294,0.9886294,0.005827217,0.07633621,0.000578449
2020-03-17,5.9270374e-06,0.07852271,0.9105898,0.98911256,0.9891125,0.0060816063,0.07798465,0.000544392
2020-03-18,6.4034252e-06,0.073831655,0.9150709,0.98890257,0.98890257,0.005856939,0.07653064,0.0005770187
2020-03-19,4.727739e-06,0.095289394,0.89446294,0.98975235,0.98975235,0.011160867,0.10564501,0.0004613487
2020-03-20,5.5165688e-06,0.083858304,0.90514046,0.9889988,0.9889988,0.014324537,0.11968516,0.0005014502
2020-03-23,5.46985e-06,0.0836241,0.90538377,0.9890079,0.9890079,0.014128533,0.11886351,0.000497616
2020-03-24,5.872212e-06,0.08020757,0.9085898,0.98879737,0.98879737,0.012933618,0.113726065,0.0005241814
2020-03-25,5.5211262e-06,0.082857646,0.9058098,0.9886675,0.9886675,0.011816598,0.10870417,0.00048719352
2020-03-26,6.36537e-06,0.07438182,0.9140275,0.98840934,0.98840934,0.0107408,0.10363783,0.000549181
2020-03-27,6.416347e-06,0.07466683,0.914026,0.9886929,0.9886929,0.010306402,0.10152045,0.0005674607
2020-03-30,6.5028785e-06,0.07348856,0.9150157,0.9885043,0.9885043,0.009610948,0.09803544,0.00056567875
2020-03-31,6.601859e-06,0.07387636,0.9145721,0.9884485,0.9884485,0.00914584,0.09563389,0.0005715153
2020-04-01,6.614577e-06,0.07376275,0.9146044,0.9883672,0.9883672,0.008397769,0.09163934,0.00056861434
2020-04-02,6.7199844e-06,0.07331862,0.9150823,0.9884009,0.9884009,0.0076926737,0.08770789,0.0005793528
2020-04-03,5.368115e-06,0.083904415,0.90510166,0.98900604,0.98900604,0.010602614,0.102969,0.0004882787
2020-04-06,6.2507515e-06,0.07532887,0.9130684,0.9883973,0.9883973,0.010662622,0.10325997,0.0005387325
2020-04-07,6.3920456e-06,0.07470229,0.91373324,0.9884355,0.9884355,0.010265202,0.10131733,0.0005527303
2020-04-08,6.302216e-06,0.07561507,0.91291356,0.9885286,0.9885286,0.010116579,0.10058121,0.00054938556
2020-04-09,6.135291e-06,0.0773867,0.9110131,0.9883998,0.9883998,0.00951149,0.09752687,0.00052889547
2020-04-13,6.322061e-06,0.07554895,0.9129809,0.98852986,0.98852986,0.009409951,0.097004905,0.0005511756
2020-04-14,6.1370106e-06,0.07609215,0.9124178,0.98850995,0.98850995,0.0086161345,0.09282313,0.00053411536
2020-04-15,6.1419328e-06,0.07748017,0.911173,0.9886532,0.9886532,0.008763894,0.09361567,0.00054129126
2020-04-16,6.334049e-06,0.07497994,0.9135196,0.9884996,0.9884996,0.008003183,0.08946051,0.0005507668
2020-04-17,6.13693e-06,0.07596892,0.9125612,0.9885301,0.9885301,0.0073174024,0.085541815,0.0005350465
2020-04-20,6.4023516e-06,0.07379492,0.91477,0.9885649,0.9885649,0.0072221654,0.08498333,0.00055988634
2020-04-21,6.520044e-06,0.07341122,0.9151832,0.9885944,0.9885944,0.0071360646,0.084475234,0.0005716535
2020-04-22,5.754836e-06,0.08079445,0.90813106,0.9889255,0.9889255,0.007057649,0.08400982,0.00051964825
2020-04-23,4.3113646e-06,0.10001261,0.8894534,0.989466,0.989466,0.0146571435,0.12106669,0.00040928132
2020-04-24,5.566837e-06,0.083329394,0.9052455,0.98857486,0.98857486,0.016278107,0.12758568,0.00048724463
2020-04-27,5.738035e-06,0.080947176,0.90758693,0.9885341,0.9885341,0.014797924,0.12164672,0.00050044316
2020-04-28,5.1026236e-06,0.08950768,0.89966184,0.98916954,0.98916954,0.01987496,0.14097857,0.00047113627
2020-04-29,5.3614426e-06,0.08437071,0.90420014,0.98857087,0.98857087,0.017997215,0.1341537,0.00046910325
2020-04-30,4.951946e-06,0.089794576,0.898946,0.98874056,0.98874056,0.019618198,0.14006498,0.00043980405
2020-05-01,4.622561e-06,0.095535986,0.8934038,0.9889398,0.9889398,0.022134198,0.14877567,0.00041794634
2020-05-04,4.5519687e-06,0.09601406,0.8927124,0.9887265,0.9887265,0.020003669,0.14143433,0.0004037759
2020-05-05,4.9015744e-06,0.08929612,0.89942616,0.98872226,0.98872226,0.017949268,0.13397488,0.000434624
2020-05-06,4.225548e-06,0.09866701,0.89054316,0.9892102,0.9892102,0.019232795,0.13868235,0.00039162388
2020-05-07,4.8605075e-06,0.09012926,0.8986891,0.98881835,0.98881835,0.017187374,0.13110062,0.00043468596
2020-05-08,4.917135e-06,0.08871182,0.9000517,0.9887635,0.9887635,0.01548265,0.1244293,0.0004376042
2020-05-11,4.702065e-06,0.09151932,0.8973713,0.9888906,0.9888906,0.014153599,0.1189689,0.00042325057
2020-05-12,4.803411e-06,0.089931466,0.898915,0.9888465,0.9888465,0.012761976,0.112968914,0.00043066323
2020-05-13,4.5335437e-06,0.09341014,0.89562005,0.9890302,0.9890302,0.011862452,0.10891488,0.0004132743
2020-05-14,4.7316043e-06,0.08988168,0.8991506,0.98903227,0.98903227,0.010664042,0.10326685,0.0004314114
2020-05-15,4.6098003e-06,0.09188047,0.89712167,0.98900217,0.9890021,0.010253725,0.10126068,0.00041915537
2020-05-18,4.514961e-06,0.093190365,0.89589006,0.9890804,0.9890804,0.009596568,0.097962074,0.0004134742
2020-05-19,4.4767094e-06,0.09382282,0.89528257,0.9891054,0.9891054,0.0091666635,0.095742695,0.000410911
2020-05-20,4.6767136e-06,0.091556504,0.89736706,0.98892355,0.98892355,0.008252241,0.090841845,0.00042222132
2020-05-21,4.5488805e-06,0.09236582,0.89676356,0.98912936,0.98912936,0.0074911,0.086551145,0.0004184558
2020-05-22,4.859992e-06,0.08818392,0.9007571,0.988941,0.988941,0.006736772,0.08207784,0.00043946088
2020-05-26,5.220974e-06,0.084300436,0.904419,0.98871946,0.98871946,0.006108996,0.07816007,0.00046283027
2020-05-27,5.033702e-06,0.08671925,0.90202904,0.9887483,0.9887483,0.005618312,0.0749554,0.00044737305
2020-05-28,5.1480874e-06,0.084766604,0.9040639,0.9888305,0.9888305,0.0052572656,0.072507,0.0004609061
2020-05-29,5.208745e-06,0.08444893,0.9042462,0.98869514,0.98869514,0.004819039,0.069419295,0.0004607529
2020-06-01,5.077546e-06,0.0858003,0.9029966,0.9887969,0.9887969,0.0045843422,0.06770777,0.00045322647
2020-06-02,5.317562e-06,0.08311197,0.9055853,0.9886973,0.9886973,0.004144956,0.06438133,0.00047046793
2020-06-03,5.2637088e-06,0.08358243,0.9051386,0.9887211,0.988721,0.003876994,0.06226551,0.00046668522
2020-06-04,5.6208833e-06,0.07970269,0.9089291,0.9886318,0.9886318,0.0035279987,0.05939696,0.0004944385
2020-06-05,5.580592e-06,0.08010761,0.9085451,0.9886527,0.9886527,0.0032130268,0.056683566,0.0004917994
2020-06-08,5.259352e-06,0.08300843,0.9058216,0.98883003,0.98883003,0.0031705291,0.056307454,0.00047084744
2020-06-09,5.864374e-06,0.07759044,0.91093886,0.9885293,0.9885293,0.0029802208,0.0545914,0.00051124924
2020-06-10,5.5314586e-06,0.08072453,0.90792245,0.988647,0.988647,0.0027492964,0.052433733,0.0004872237
2020-06-11,5.6166277e-06,0.07966327,0.90898174,0.988645,0.988645,0.0025238406,0.050237842,0.0004946399
2020-06-12,6.24639e-06,0.07492518,0.91349363,0.9884188,0.9884188,0.0028909645,0.05376769,0.00053935684
2020-06-15,5.7589273e-06,0.078774385,0.9097418,0.9885162,0.9885162,0.0026475708,0.05145455,0.0005014832
2020-06-16,5.7483567e-06,0.078570426,0.90998876,0.9885592,0.9885592,0.0024567733,0.049565848,0.000502443
2020-06-17,5.734834e-06,0.07886168,0.9096774,0.98853904,0.9885391,0.0023276876,0.048246115,0.0005003799
2020-06-18,6.1217706e-06,0.07550799,0.9128972,0.9884052,0.9884052,0.002133146,0.046185993,0.0005279768
2020-06-19,5.901267e-06,0.07674832,0.91184705,0.98859537,0.98859537,0.001992303,0.04463522,0.0005174447
2020-06-22,6.0364223e-06,0.07552463,0.9130543,0.9885789,0.9885789,0.0018628981,0.043161303,0.0005285332
2020-06-23,6.052884e-06,0.07549523,0.91308415,0.9885794,0.9885794,0.0017300025,0.0415933,0.0005299967
2020-06-24,6.1413834e-06,0.07491941,0.91358334,0.98850274,0.98850274,0.0015861496,0.039826494,0.00053416064
2020-06-25,6.5387267e-06,0.07202963,0.91647285,0.9885025,0.9885025,0.0017292267,0.04158397,0.0005687087
2020-06-26,6.100864e-06,0.07510952,0.91343033,0.9885399,0.9885399,0.0016153678,0.04019164,0.0005323558
2020-06-29,6.4059486e-06,0.07282129,0.915607,0.9884283,0.98842824,0.0014845104,0.038529344,0.0005535873
2020-06-30,5.9378017e-06,0.07642129,0.9121628,0.9885841,0.98858404,0.001434332,0.037872575,0.0005201344
2020-07-01,6.240744e-06,0.07488877,0.9134487,0.98833746,0.98833746,0.0013237465,0.036383327,0.00053511007
2020-07-02,6.128449e-06,0.07487545,0.9136643,0.98853976,0.98853976,0.00122941,0.035062943,0.0005347573
2020-07-06,6.13652e-06,0.074520774,0.91405445,0.9885752,0.9885752,0.0011605301,0.034066554,0.0005371237
2020-07-07,6.4890105e-06,0.07220665,0.9162221,0.9884288,0.9884288,0.001066964,0.032664414,0.0005607884
2020-07-08,6.2680315e-06,0.07394259,0.9145073,0.98844993,0.98844993,0.000984082,0.03137008,0.00054268347
2020-07-09,6.376181e-06,0.07275914,0.9157419,0.9885011,0.9885011,0.00090946985,0.030157417,0.0005545022
2020-07-10,6.702708e-06,0.0705171,0.9178993,0.98841643,0.98841643,0.0009138811,0.030230466,0.0005786394
2020-07-13,6.2852573e-06,0.07325382,0.91529024,0.98854405,0.98854405,0.00088273885,0.02971092,0.0005486455
2020-07-14,6.583031e-06,0.07129692,0.9171392,0.9884361,0.9884361,0.0008237638,0.028701285,0.0005692744
2020-07-15,6.5299814e-06,0.07177942,0.9166591,0.98843855,0.98843855,0.00076352566,0.027631968,0.0005648063
2020-07-16,6.3508355e-06,0.07287786,0.91563493,0.9885128,0.9885128,0.0007414701,0.027229948,0.0005528626
2020-07-17,6.5658273e-06,0.071289964,0.917179,0.98846895,0.98846895,0.0006944423,0.026352273,0.00056940387
2020-07-20,6.4954984e-06,0.071723275,0.9167615,0.9884848,0.9884848,0.00064473477,0.025391627,0.0005640804
2020-07-21,6.366468e-06,0.072333984,0.9162616,0.9885956,0.9885956,0.0005994785,0.02448425,0.00055824686
2020-07-22,6.0828556e-06,0.074813746,0.9138535,0.98866725,0.98866725,0.0006105526,0.024709363,0.0005367502
2020-07-23,6.800704e-06,0.06938811,0.91907316,0.98846126,0.98846126,0.00056424696,0.023753883,0.0005893799
2020-07-24,7.0761134e-06,0.067948334,0.920424,0.9883723,0.9883723,0.0005538277,0.023533544,0.00060855795
2020-07-27,6.797714e-06,0.06940268,0.9190684,0.9884711,0.9884711,0.0005186026,0.022772849,0.00058962335
2020-07-28,6.9085672e-06,0.06838456,0.92016256,0.9885471,0.9885471,0.00048706844,0.022069627,0.00060321484
2020-07-29,7.0795227e-06,0.06780917,0.9205625,0.9883717,0.9883717,0.00046809716,0.021635553,0.0006088168
2020-07-30,7.2837674e-06,0.06640569,0.92196923,0.98837495,0.98837495,0.00043993336,0.020974588,0.00062655786
2020-07-31,7.319743e-06,0.06621938,0.9222303,0.9884497,0.9884497,0.00048739783,0.02207709,0.0006337271
2020-08-03,7.434808e-06,0.06530884,0.92309546,0.9884043,0.9884043,0.0004615872,0.02148458,0.000641168
2020-08-04,6.8326985e-06,0.068787314,0.91974556,0.9885329,0.9885329,0.00045461548,0.021321714,0.0005958524
2020-08-05,7.393381e-06,0.066015325,0.9222963,0.9883116,0.9883116,0.00044357052,0.021061113,0.00063253945
2020-08-06,7.558315e-06,0.064788,0.9235391,0.9883271,0.9883271,0.00042514224,0.020618977,0.00064750883
2020-08-07,7.3834904e-06,0.06527537,0.92317194,0.9884473,0.9884473,0.00040248202,0.020061955,0.0006391143
2020-08-10,7.642091e-06,0.064345844,0.92398494,0.9883308,0.9883308,0.0003996094,0.019990232,0.0006548931
2020-08-11,7.357311e-06,0.065426156,0.9230494,0.98847556,0.98847556,0.00039564245,0.019890763,0.00063840946
2020-08-12,7.5701e-06,0.06451469,0.9238581,0.9883728,0.9883728,0.00037688747,0.01941359,0.00065106835
2020-08-13,7.328449e-06,0.06553933,0.9229158,0.9884551,0.9884552,0.0003958159,0.019895123,0.000634779
2020-08-14,7.682346e-06,0.06379436,0.92457116,0.98836553,0.98836553,0.00037967652,0.01948529,0.00066030916
2020-08-17,7.3921365e-06,0.06532361,0.9231007,0.9884243,0.9884243,0.00036079175,0.01899452,0.00063859095
2020-08-18,7.5240955e-06,0.06443668,0.9239814,0.9884181,0.9884181,0.0003678722,0.019179994,0.0006496427
2020-08-19,7.234989e-06,0.065883085,0.92266273,0.98854584,0.98854584,0.00034743486,0.018639605,0.000631647
2020-08-20,7.478645e-06,0.0644933,0.9239879,0.9884812,0.9884812,0.0003278319,0.018106129,0.00064925686
2020-08-21,7.2780804e-06,0.06610641,0.9224144,0.98852086,0.98852086,0.0003149685,0.017747352,0.00063402666
2020-08-24,7.598603e-06,0.06404217,0.92437303,0.9884152,0.9884152,0.00030010348,0.017323496,0.0006559104
2020-08-25,6.823305e-06,0.06818047,0.92051077,0.9886913,0.9886912,0.000287591,0.016958509,0.0006033662
2020-08-26,7.395881e-06,0.06496556,0.9235291,0.98849463,0.98849463,0.00029067099,0.017049076,0.00064282015
2020-08-27,7.3932624e-06,0.064918555,0.92359823,0.9885168,0.9885168,0.0002758694,0.016609317,0.00064383337
2020-08-28,7.3868164e-06,0.065065354,0.9234413,0.9885067,0.9885067,0.00026669825,0.016330898,0.0006427049
2020-08-31,7.259753e-06,0.06574287,0.9227976,0.9885405,0.9885405,0.00025389352,0.015934037,0.00063351233
2020-09-01,7.3638234e-06,0.06527874,0.92324007,0.9885188,0.98851883,0.00024647283,0.015699454,0.00064137956
2020-09-02,7.2045223e-06,0.066048,0.922544,0.988592,0.988592,0.00023561793,0.015349851,0.000631534
2020-09-03,7.445584e-06,0.06511732,0.9233699,0.9884872,0.9884872,0.00028364753,0.016841838,0.00064672134
2020-09-04,7.646604e-06,0.06383084,0.9246274,0.9884583,0.9884583,0.0002702089,0.016438032,0.0006625183
2020-09-08,7.745073e-06,0.06360962,0.9247831,0.9883927,0.9883927,0.0003579977,0.018920828,0.00066725945
2020-09-09,6.6999864e-06,0.07102995,0.91770864,0.9887386,0.9887386,0.0007352088,0.027114734,0.00059495127
2020-09-10,7.578609e-06,0.06435,0.9241456,0.9884956,0.9884956,0.00076474255,0.02765398,0.00065875676
2020-09-11,7.5563585e-06,0.06525894,0.9231898,0.98844874,0.98844874,0.0007404292,0.02721083,0.00065415876
2020-09-14,7.855492e-06,0.06341468,0.9249463,0.988361,0.988361,0.00069113396,0.026289428,0.0006749285
2020-09-15,7.96577e-06,0.062598936,0.9257077,0.98830664,0.98830664,0.00064740103,0.025444077,0.0006812218
2020-09-16,7.637102e-06,0.06409092,0.9243051,0.988396,0.988396,0.0006521269,0.025536776,0.00065814325
2020-09-17,7.519619e-06,0.064661786,0.9238003,0.9884621,0.9884621,0.0007562616,0.02750021,0.0006517315
2020-09-18,7.0407605e-06,0.066799894,0.92188764,0.9886875,0.9886875,0.0007313264,0.027043046,0.0006223885
2020-09-21,7.3582623e-06,0.06488022,0.9236945,0.98857474,0.98857474,0.0006819141,0.026113484,0.00064403476
2020-09-22,6.970244e-06,0.06876162,0.9199374,0.98869896,0.98869896,0.0007686834,0.02772514,0.00061677897
2020-09-23,7.4830223e-06,0.06522983,0.9232421,0.9884719,0.9884719,0.0007175887,0.026787845,0.0006491129
2020-09-24,7.247211e-06,0.06566923,0.922885,0.98855424,0.98855424,0.0006742293,0.025965925,0.0006331786
2020-09-25,7.704505e-06,0.06368382,0.9246671,0.9883509,0.9883509,0.000635082,0.025200834,0.0006613836
2020-09-28,7.667553e-06,0.06383779,0.92460173,0.9884395,0.9884395,0.0005951341,0.02439537,0.00066325447
2020-09-29,7.3432616e-06,0.06493528,0.92364615,0.9885814,0.9885814,0.0005624552,0.023716139,0.00064309756
2020-09-30,7.3795427e-06,0.06498119,0.92358613,0.98856735,0.98856735,0.00059772265,0.024448367,0.00064547977
2020-10-01,7.398172e-06,0.065538,0.9229116,0.9884496,0.9884496,0.0005942712,0.024377678,0.0006405107
2020-10-02,7.5285766e-06,0.06507215,0.92336035,0.9884325,0.9884325,0.0006517259,0.025528923,0.0006508402
2020-10-05,7.4712952e-06,0.065645464,0.9228722,0.98851764,0.98851764,0.000737161,0.02715071,0.000650676
2020-10-06,6.893044e-06,0.06780554,0.9208299,0.9886354,0.9886354,0.00089867285,0.029977873,0.00060653756
2020-10-07,7.3826773e-06,0.06579057,0.9225533,0.9883439,0.9883439,0.0009226143,0.030374566,0.00063337426
2020-10-08,7.733915e-06,0.063789,0.92457616,0.9883652,0.9883652,0.00088009774,0.02966644,0.00066472107
2020-10-09,7.3360266e-06,0.065433525,0.9230437,0.98847723,0.98847723,0.00088012574,0.029666914,0.0006366548
2020-10-12,7.738242e-06,0.06353807,0.924808,0.9883461,0.9883461,0.0008338042,0.028875668,0.0006640045
2020-10-13,7.793927e-06,0.06353386,0.92479765,0.9883315,0.9883315,0.00083406357,0.028880158,0.0006679457
2020-10-14,7.5487874e-06,0.064667605,0.92371905,0.98838663,0.98838663,0.0008023162,0.028325187,0.0006500084
2020-10-15,7.3986134e-06,0.06524395,0.92325324,0.9884972,0.9884972,0.0007756864,0.027851148,0.00064320094
2020-10-16,7.757151e-06,0.06336049,0.9249655,0.988326,0.988326,0.0007238664,0.026904766,0.0006644818
2020-10-19,7.5164403e-06,0.06446614,0.9239561,0.9884222,0.9884222,0.00067761337,0.026031008,0.0006492123
2020-10-20,7.5525104e-06,0.064240806,0.9241891,0.9884299,0.9884299,0.0006337392,0.025174178,0.00065276126
2020-10-21,7.00479e-06,0.06748137,0.9211538,0.9886352,0.9886352,0.0006078439,0.02465449,0.0006163574
2020-10-22,7.4934533e-06,0.065138236,0.92327136,0.9884096,0.9884096,0.0006511924,0.025518471,0.0006465212
2020-10-23,7.4677264e-06,0.06455695,0.9239219,0.98847884,0.98847884,0.00062315376,0.024963047,0.00064817484
2020-10-26,7.646304e-06,0.06416557,0.9242114,0.988377,0.988377,0.0006086979,0.024671804,0.0006578583
2020-10-27,7.697892e-06,0.06413114,0.9242455,0.9883766,0.9883766,0.000640704,0.025312131,0.0006622764
2020-10-28,7.3053343e-06,0.06557148,0.9229247,0.9884962,0.9884962,0.00064195215,0.025336774,0.00063503574
2020-10-29,7.239375e-06,0.06711433,0.92141,0.9885244,0.9885244,0.0008121201,0.02849772,0.0006308481
2020-10-30,7.723503e-06,0.06386565,0.92452353,0.9883892,0.9883892,0.0008304567,0.028817644,0.00066519954
2020-11-02,7.696833e-06,0.0641855,0.92416024,0.98834574,0.98834574,0.0007829491,0.027981227,0.000660431
2020-11-03,7.68729e-06,0.064156175,0.92419696,0.98835313,0.98835313,0.0007810967,0.027948108,0.00066003075
2020-11-04,7.606642e-06,0.06457741,0.9237978,0.9883752,0.9883752,0.0007623159,0.02761007,0.0006543453
2020-11-05,7.5038884e-06,0.06454115,0.9238903,0.98843145,0.98843145,0.00080786925,0.028423041,0.00064864574
2020-11-06,7.644581e-06,0.06412333,0.9242528,0.98837614,0.98837614,0.00075968215,0.027562331,0.0006576629
2020-11-09,7.6153565e-06,0.06481142,0.9236072,0.9884186,0.9884186,0.0008322734,0.02884915,0.0006575494
2020-11-10,6.631823e-06,0.069740064,0.9189452,0.98868525,0.98868525,0.0012033292,0.034689035,0.0005861219
2020-11-11,7.4774016e-06,0.06501245,0.9233381,0.9883506,0.9883506,0.0011594706,0.034051,0.00064186845
2020-11-12,7.593164e-06,0.0645565,0.92377913,0.9883356,0.9883356,0.0010783044,0.032837544,0.0006509696
2020-11-13,7.620549e-06,0.0645025,0.9238583,0.98836076,0.98836076,0.0010080824,0.031750314,0.0006547292
2020-11-16,7.659555e-06,0.06422359,0.9241322,0.9883558,0.9883558,0.0009780076,0.03127311,0.00065780093
2020-11-17,6.9359685e-06,0.06793014,0.9207287,0.98865885,0.98865885,0.0009672377,0.031100444,0.00061157515
2020-11-18,7.4589484e-06,0.064912304,0.9234923,0.98840463,0.98840463,0.00089775416,0.029962545,0.0006432696
2020-11-19,7.3633505e-06,0.06521808,0.9232637,0.9884818,0.9884818,0.0008419403,0.029016208,0.0006392807
2020-11-20,7.3884194e-06,0.065146625,0.92334044,0.98848706,0.98848706,0.0007849986,0.028017826,0.0006417494
2020-11-23,7.0797278e-06,0.066772565,0.92181736,0.98858994,0.98858994,0.00073813414,0.027168624,0.0006204813
2020-11-24,6.8905556e-06,0.06768735,0.92099094,0.9886783,0.9886783,0.0007172932,0.02678233,0.00060861366
2020-11-25,6.6556454e-06,0.0691304,0.91962385,0.9887543,0.9887543,0.000785934,0.028034514,0.0005918377
2020-11-27,6.9710486e-06,0.0672695,0.9213653,0.9886348,0.9886348,0.0007503934,0.02739331,0.0006133692
2020-11-30,7.0925125e-06,0.066614,0.9219824,0.9885964,0.98859644,0.000699535,0.026448725,0.0006219527
2020-12-01,7.1802688e-06,0.06605052,0.92252827,0.9885788,0.9885788,0.0006533529,0.025560768,0.0006286788
2020-12-02,7.2202793e-06,0.06596283,0.9225872,0.98855007,0.98855007,0.0006308813,0.02511735,0.0006305958
2020-12-03,6.9418056e-06,0.06720513,0.92149574,0.98870087,0.98870087,0.0006061815,0.024620753,0.0006143662
2020-12-04,6.687397e-06,0.06868089,0.9201173,0.9887982,0.9887982,0.00056950026,0.023864204,0.00059699314
2020-12-07,7.0345886e-06,0.06677652,0.92186683,0.98864335,0.98864335,0.0005427611,0.023297234,0.0006194245
2020-12-08,6.9236758e-06,0.06750739,0.92118,0.9886874,0.9886874,0.00051562383,0.022707352,0.000612032
2020-12-09,6.9568555e-06,0.06709941,0.92159885,0.98869824,0.98869824,0.00048285077,0.021973865,0.00061555527
2020-12-10,6.953961e-06,0.06704331,0.9216689,0.9887122,0.9887122,0.0004522184,0.021265427,0.00061605946
2020-12-11,6.768668e-06,0.06815182,0.9206181,0.98876995,0.98876995,0.0004728623,0.021745397,0.0006027281
2020-12-14,7.258895e-06,0.06552298,0.9230525,0.98857546,0.98857546,0.0004436238,0.02106238,0.00063537736
2020-12-15,6.9675384e-06,0.06694387,0.9217695,0.9887134,0.9887134,0.00042175216,0.020536605,0.00061732746
2020-12-16,6.9056364e-06,0.06723239,0.9215228,0.98875517,0.98875517,0.00040717854,0.020178664,0.0006141164
2020-12-17,6.864737e-06,0.067441754,0.921329,0.9887708,0.9887708,0.00038318048,0.019574996,0.00061132817
2020-12-18,6.8023965e-06,0.06777596,0.92102563,0.9888016,0.9888016,0.0003680469,0.019184548,0.0006074435
2020-12-21,6.8033546e-06,0.067673236,0.9211483,0.9888215,0.9888215,0.00036092653,0.018998066,0.00060861104
2020-12-22,6.9117273e-06,0.06775513,0.9209337,0.9886889,0.9886888,0.00039357477,0.019838719,0.0006110563
2020-12-23,7.3256942e-06,0.06508963,0.92348534,0.988575,0.988575,0.00038550963,0.0196344,0.0006411976
2020-12-24,6.728854e-06,0.06819037,0.92064023,0.9888306,0.9888306,0.00039743184,0.019935692,0.0006024379
2020-12-28,7.203541e-06,0.06573351,0.9228816,0.9886151,0.9886151,0.00037290578,0.019310769,0.0006327274
2020-12-29,6.9268053e-06,0.06763199,0.9211079,0.98873985,0.98873985,0.00036240346,0.019036897,0.0006151609
2020-12-30,6.7982037e-06,0.06787526,0.9209021,0.98877734,0.98877734,0.00034475976,0.018567707,0.0006057569
2020-12-31,6.920409e-06,0.06707439,0.92168903,0.9887634,0.98876345,0.00032869822,0.018130036,0.0006158806
2021-01-04,7.1540644e-06,0.06582589,0.9228444,0.9886703,0.9886703,0.00031021392,0.017612891,0.0006314428
2021-01-05,7.1420527e-06,0.066322386,0.92230797,0.98863035,0.98863035,0.00031710023,0.017807309,0.00062816846
2021-01-06,6.3075972e-06,0.0713283,0.9175602,0.9888885,0.9888885,0.00044692992,0.021140717,0.000567664
2021-01-07,7.269368e-06,0.06541486,0.9231688,0.9885836,0.9885836,0.00042974914,0.020730391,0.0006367492
2021-01-08,7.2976313e-06,0.0652299,0.92335373,0.9885836,0.9885836,0.00040489793,0.020122075,0.0006392249
2021-01-11,6.7083683e-06,0.0684251,0.9203845,0.98880965,0.98880965,0.0004291503,0.020715943,0.00059947773
2021-01-12,7.143868e-06,0.065990634,0.9226589,0.98864955,0.98864955,0.00040169182,0.020042252,0.0006293906
2021-01-13,6.755618e-06,0.068097584,0.92070705,0.98880464,0.98880464,0.00039907388,0.019976834,0.0006034301
2021-01-14,7.0986034e-06,0.066247374,0.9224175,0.98866487,0.98866487,0.00037655,0.019404896,0.00062624784
2021-01-15,6.9589546e-06,0.06694572,0.9217861,0.98873186,0.98873186,0.00036422838,0.019084768,0.000617578
2021-01-19,7.3400292e-06,0.06496067,0.9236204,0.98858106,0.98858106,0.0003783746,0.019451853,0.00064279436
2021-01-20,6.7986034e-06,0.06797851,0.9208173,0.9887958,0.9887958,0.00036545537,0.019116888,0.0006067915
2021-01-21,6.857601e-06,0.06746209,0.921315,0.9887771,0.9887771,0.00034479072,0.018568542,0.0006110365
2021-01-22,7.1139643e-06,0.066149265,0.92251265,0.98866194,0.9886619,0.00032487736,0.018024355,0.00062744133
2021-01-25,7.1380623e-06,0.06608348,0.92256093,0.9886444,0.9886444,0.0003249521,0.018026428,0.0006285952
2021-01-26,7.053369e-06,0.06639749,0.92229867,0.98869616,0.98869616,0.00031261964,0.017681053,0.0006239798
2021-01-27,7.009322e-06,0.06666538,0.9220457,0.98871106,0.9887111,0.00029609413,0.017207386,0.00062090164
2021-01-28,7.116598e-06,0.066017,0.92266786,0.9886849,0.9886849,0.00028126186,0.016770864,0.0006289466
2021-01-29,6.9987104e-06,0.06674881,0.9219648,0.9887136,0.9887136,0.00027314408,0.016527072,0.00062010245
2021-02-01,6.898781e-06,0.067321055,0.921433,0.98875403,0.98875403,0.00025939575,0.016105767,0.00061344495
2021-02-02,6.7969313e-06,0.06773566,0.9210747,0.98881036,0.98881036,0.00028898916,0.01699968,0.00060743076
2021-02-03,6.8768495e-06,0.06760276,0.9211241,0.98872685,0.98872685,0.00030607812,0.017495088,0.0006100205
2021-02-04,6.948853e-06,0.06701965,0.92170936,0.988729,0.988729,0.0003074467,0.017534157,0.00061652495
2021-02-05,7.135355e-06,0.06584781,0.9228471,0.9886949,0.9886949,0.00029626183,0.017212259,0.00063116284
2021-02-08,6.8968825e-06,0.06722315,0.9215563,0.9887794,0.9887794,0.0002881175,0.016974024,0.00061466394
2021-02-09,6.827311e-06,0.067554384,0.9212533,0.9888077,0.9888077,0.0002973787,0.01724467,0.0006099995
2021-02-10,6.819873e-06,0.06765491,0.92115384,0.98880875,0.98880875,0.00028361354,0.01684083,0.00060939335
2021-02-11,7.072681e-06,0.06611766,0.9226182,0.98873585,0.98873585,0.0002699221,0.016429307,0.00062789326
2021-02-12,7.0214187e-06,0.06646961,0.9222684,0.988738,0.988738,0.00026009406,0.016127432,0.0006234611
2021-02-16,6.782255e-06,0.06779288,0.92103446,0.98882735,0.98882735,0.0002752732,0.016591359,0.0006070407
2021-02-17,6.373226e-06,0.07059599,0.91832906,0.98892504,0.98892504,0.0002663946,0.0163216,0.00057546265
2021-02-18,7.014627e-06,0.066648915,0.92205644,0.98870534,0.98870534,0.0002732546,0.016530415,0.00062105677
2021-02-19,6.9066405e-06,0.06709141,0.9216938,0.9887852,0.9887852,0.0002662221,0.016316313,0.0006158509
2021-02-22,7.195683e-06,0.06548822,0.92319715,0.98868537,0.98868537,0.00028362792,0.016841257,0.0006359627
2021-02-23,6.5412673e-06,0.06971405,0.9191775,0.98889154,0.98889154,0.00035888422,0.01894424,0.00058885466
2021-02-24,7.0047336e-06,0.066693924,0.9220182,0.9887121,0.9887121,0.00033692204,0.018355437,0.0006205509
2021-02-25,6.9431076e-06,0.0669838,0.92176235,0.98874617,0.98874617,0.00035796402,0.018919937,0.0006169549
2021-02-26,6.98275e-06,0.0667462,0.92199147,0.98873764,0.98873764,0.00033835124,0.018394327,0.00062000786
2021-03-01,7.19974e-06,0.06575548,0.92289406,0.98864955,0.98864955,0.00039036875,0.019757751,0.00063431304
2021-03-02,7.176759e-06,0.065868475,0.9227627,0.9886312,0.9886312,0.000380954,0.019518044,0.0006312673
2021-03-03,7.506527e-06,0.06422045,0.9242834,0.9885038,0.9885038,0.00037357435,0.01932807,0.000652958
2021-03-04,7.211197e-06,0.06564504,0.9229811,0.9886261,0.9886261,0.00039308096,0.019826269,0.00063401397
2021-03-05,6.8618738e-06,0.06767378,0.92105436,0.98872817,0.98872817,0.00047785975,0.021860003,0.00060876284
2021-03-08,6.7628916e-06,0.068081945,0.92071545,0.98879737,0.9887974,0.0005278063,0.022974035,0.00060368766
2021-03-09,7.1559293e-06,0.065964215,0.9226938,0.988658,0.988658,0.0005103685,0.022591338,0.00063092366
2021-03-10,7.305018e-06,0.06526633,0.92330325,0.98856956,0.98856956,0.00049571454,0.022264648,0.00063908444
2021-03-11,7.348609e-06,0.065026745,0.923522,0.98854876,0.98854876,0.000467721,0.021626858,0.00064173015
2021-03-12,6.9301545e-06,0.06715795,0.9215688,0.98872674,0.98872674,0.00047670733,0.021833628,0.00061474246
2021-03-15,7.1606523e-06,0.06594817,0.9226864,0.9886346,0.9886346,0.0004490581,0.021190992,0.00063003885
2021-03-16,6.878709e-06,0.06769584,0.9210406,0.98873645,0.98873645,0.00042235374,0.020551248,0.0006107053
2021-03-17,7.283035e-06,0.06521787,0.92339027,0.9886081,0.9886081,0.0004017411,0.02004348,0.0006393182
2021-03-18,7.1331356e-06,0.06631313,0.92233115,0.9886443,0.9886443,0.00037896985,0.019467149,0.0006281547
2021-03-19,6.6787206e-06,0.06996975,0.9189207,0.98889047,0.98889047,0.0007208609,0.026848853,0.00060117035
2021-03-22,7.368722e-06,0.065197386,0.92333764,0.98853505,0.98853505,0.0007065998,0.026581945,0.0006427171
2021-03-23,7.3471692e-06,0.06574861,0.92271984,0.98846847,0.98846847,0.00066002837,0.025691018,0.00063713733
2021-03-24,7.0394053e-06,0.06826039,0.9203755,0.9886359,0.9886359,0.00088392396,0.029730858,0.00061944226
2021-03-25,6.7354185e-06,0.06898766,0.91968554,0.9886732,0.9886732,0.0010445877,0.032320082,0.000594645
2021-03-26,7.3609544e-06,0.06615816,0.92237043,0.9885286,0.9885286,0.0011010284,0.03318175,0.00064167933
2021-03-29,7.1033023e-06,0.067137696,0.92140764,0.98854536,0.98854536,0.0011292566,0.033604413,0.00062012434
2021-03-30,7.638347e-06,0.06432496,0.9240246,0.98834956,0.98834956,0.0010535313,0.032458145,0.00065562717
2021-03-31,7.708684e-06,0.06398173,0.9243819,0.9883636,0.9883636,0.0009992415,0.03161078,0.00066246436
2021-04-01,7.602446e-06,0.06467414,0.9237645,0.98843867,0.98843867,0.0009666094,0.031090343,0.00065757515
2021-04-05,6.9511993e-06,0.06756416,0.9210428,0.9886069,0.9886069,0.0009926377,0.031506155,0.0006101252
2021-04-06,6.9382454e-06,0.068570435,0.92013395,0.9887044,0.9887044,0.0010696661,0.03270575,0.0006142423
2021-04-07,7.483536e-06,0.06517473,0.92328155,0.98845625,0.98845625,0.0009999136,0.03162141,0.00064827595
2021-04-08,7.779009e-06,0.06345321,0.92487794,0.98833114,0.98833114,0.00093401765,0.030561702,0.0006666468
2021-04-09,7.691893e-06,0.06380044,0.9245932,0.98839366,0.98839366,0.00087223586,0.02953364,0.0006627323
2021-04-12,7.700952e-06,0.06369438,0.9247065,0.9884009,0.9884009,0.0008157168,0.028560756,0.0006639253
2021-04-13,7.4267477e-06,0.06480938,0.9237068,0.9885162,0.9885162,0.0007644065,0.027647903,0.0006467158
2021-04-14,7.4646664e-06,0.06469839,0.92376405,0.98846245,0.98846245,0.00071742677,0.026784824,0.00064698874
2021-04-15,6.8699037e-06,0.067817666,0.92086315,0.98868084,0.98868084,0.0008188566,0.02861567,0.000606927
2021-04-16,7.464548e-06,0.06464202,0.9238207,0.9884627,0.9884627,0.0007623966,0.02761153,0.0006469919
2021-04-19,7.5092844e-06,0.0644319,0.92402655,0.98845845,0.98845845,0.0007137037,0.026715234,0.00065063074
2021-04-20,7.329503e-06,0.06516459,0.92339355,0.9885581,0.9885581,0.0006678792,0.025843358,0.0006405852
2021-04-21,7.121933e-06,0.06696567,0.92160904,0.98857474,0.98857474,0.00063906197,0.025279675,0.0006233499
2021-04-22,7.352774e-06,0.065327235,0.92320615,0.9885334,0.9885334,0.00061742205,0.024847979,0.00064123276
2021-04-23,7.5689895e-06,0.0641233,0.9243094,0.98843265,0.98843265,0.00057743466,0.02402987,0.0006543406
2021-04-26,7.4414147e-06,0.06467504,0.92381436,0.9884894,0.9884894,0.0005494177,0.02343966,0.00064648304
2021-04-27,7.6091937e-06,0.06381905,0.9246305,0.9884496,0.9884496,0.0005160086,0.022715822,0.00065878034
2021-04-28,7.2058033e-06,0.06604148,0.92250115,0.9885426,0.9885426,0.0005016034,0.022396505,0.00062892225
2021-04-29,7.1411596e-06,0.06615887,0.9224563,0.9886152,0.9886152,0.00048338957,0.021986121,0.00062725466
2021-04-30,7.2088897e-06,0.06568923,0.9229313,0.9886205,0.9886205,0.00047356286,0.0217615,0.000633499
2021-05-03,7.4259524e-06,0.06474397,0.92377305,0.98851705,0.98851705,0.00047747212,0.021851135,0.0006466936
2021-05-04,7.3862434e-06,0.06494058,0.92357576,0.98851633,0.98851633,0.0004611426,0.021474231,0.0006431954
2021-05-05,7.0142805e-06,0.06698198,0.9216608,0.98864275,0.98864275,0.00045479342,0.021325886,0.0006176039
2021-05-06,7.2917287e-06,0.065191865,0.92341834,0.9886102,0.9886102,0.00042626847,0.02064627,0.0006401986
2021-05-07,7.4404284e-06,0.064563856,0.9239688,0.98853266,0.98853266,0.0004143504,0.020355599,0.0006488366
2021-05-10,7.2725293e-06,0.06540446,0.9231851,0.9885896,0.9885896,0.00039075574,0.019767543,0.00063735887
2021-05-11,7.272126e-06,0.06532641,0.9232849,0.9886113,0.9886113,0.00036801273,0.019183658,0.00063853763
2021-05-12,7.1137856e-06,0.06622538,0.9224334,0.9886587,0.9886588,0.00034888202,0.018678384,0.0006272475
2021-05-13,7.1715676e-06,0.06583651,0.9228089,0.9886454,0.9886454,0.00033837903,0.018395081,0.0006315988
2021-05-14,7.1730788e-06,0.06621067,0.9224109,0.9886216,0.9886216,0.0004002547,0.020006366,0.0006304115
2021-05-17,7.3908536e-06,0.06483502,0.9236971,0.9885321,0.9885321,0.0004137465,0.02034076,0.0006444833
2021-05-18,7.282027e-06,0.065597795,0.9229285,0.9885263,0.9885263,0.00040127087,0.020031746,0.0006346704
2021-05-19,7.435711e-06,0.06466028,0.9238541,0.9885144,0.9885144,0.00038719573,0.019677289,0.0006473955
2021-05-20,7.3491883e-06,0.0651111,0.92349076,0.98860186,0.98860186,0.00043686174,0.020901239,0.00064477103
2021-05-21,7.366364e-06,0.065662324,0.9228204,0.9884827,0.9884827,0.00043985897,0.020972814,0.000639592
2021-05-24,7.653427e-06,0.063740075,0.92467475,0.9884148,0.9884148,0.00045147864,0.021248028,0.00066062243
2021-05-25,7.4477844e-06,0.06479646,0.9236524,0.98844886,0.98844886,0.00051655975,0.022727951,0.0006447661
2021-05-26,7.742481e-06,0.06336624,0.92499065,0.9883569,0.9883569,0.0004845697,0.022012943,0.0006649838
2021-05-27,7.564556e-06,0.06427356,0.92413473,0.98840827,0.98840827,0.0004561885,0.02135857,0.00065258204
2021-05-28,7.5202356e-06,0.06421366,0.9242778,0.9884914,0.9884914,0.00043480113,0.020851886,0.0006534458
2021-06-01,7.671569e-06,0.06348313,0.92495286,0.988436,0.988436,0.0004137129,0.020339934,0.00066340005
2021-06-02,7.134834e-06,0.06645903,0.92210865,0.9885677,0.9885677,0.0004174119,0.020430662,0.0006240949
2021-06-03,7.438017e-06,0.064616725,0.92389584,0.9885126,0.9885126,0.00040908981,0.020225968,0.0006474921
2021-06-04,7.4267946e-06,0.06450074,0.92405605,0.9885568,0.9885568,0.00038541245,0.019631924,0.0006490139
2021-06-07,7.3956153e-06,0.06479083,0.92374915,0.98854,0.98854,0.00037204733,0.019288529,0.0006453413
2021-06-08,7.3932124e-06,0.06475167,0.92380804,0.9885597,0.9885597,0.00035329573,0.018796163,0.00064624415
2021-06-09,7.099347e-06,0.06639027,0.9222469,0.98863715,0.98863715,0.00034238884,0.018503752,0.0006247857
2021-06-10,7.3807114e-06,0.064802125,0.92376536,0.9885675,0.9885675,0.00032302056,0.017972773,0.00064558873
2021-06-11,7.3114766e-06,0.065139934,0.92344964,0.9885896,0.9885896,0.00030706936,0.017523395,0.00064077217
2021-06-14,7.490389e-06,0.064381555,0.9241207,0.98850226,0.98850226,0.0002956295,0.01719388,0.0006514664
2021-06-15,7.4365653e-06,0.064670205,0.9238447,0.9885149,0.9885149,0.0002807159,0.016754579,0.0006474968
2021-06-16,7.0474466e-06,0.0664874,0.9222187,0.98870605,0.9887061,0.00028569557,0.01690253,0.0006240021
2021-06-17,7.333605e-06,0.06497551,0.92362386,0.98859936,0.98859936,0.00027052336,0.016447594,0.0006432626
2021-06-18,7.463767e-06,0.064436436,0.92408806,0.9885245,0.9885245,0.00027329795,0.016531726,0.0006504087
2021-06-21,7.2856437e-06,0.06523525,0.9233634,0.98859864,0.98859864,0.00026431854,0.016257877,0.0006390156
2021-06-22,7.264887e-06,0.065176204,0.92347,0.9886462,0.9886462,0.00030092668,0.017347239,0.0006398644
2021-06-23,7.000684e-06,0.067121185,0.9215542,0.9886754,0.9886754,0.00028977936,0.017022908,0.0006181846
2021-06-24,7.395426e-06,0.0649189,0.9235931,0.988512,0.988512,0.00027404816,0.0165544,0.0006437511
2021-06-25,7.48158e-06,0.06436619,0.92414975,0.988516,0.988516,0.0002610017,0.016155547,0.000651477
2021-06-28,7.5603743e-06,0.06385226,0.9246619,0.9885141,0.9885141,0.000255048,0.015970223,0.00065823237
2021-06-29,7.584607e-06,0.063810214,0.9246794,0.9884896,0.9884896,0.00025923888,0.016100897,0.00065893674
2021-06-30,7.3521933e-06,0.065159224,0.92337257,0.98853177,0.98853177,0.00024733067,0.01572675,0.00064109213
2021-07-01,7.5430266e-06,0.06395593,0.92455685,0.9885128,0.98851275,0.00023844423,0.015441639,0.000656647
2021-07-02,7.3564024e-06,0.06488687,0.923701,0.98858786,0.98858786,0.00026312197,0.016221035,0.0006446118
2021-07-06,7.4295713e-06,0.06459958,0.92392707,0.98852664,0.98852664,0.0002504911,0.01582691,0.00064754987
2021-07-07,6.9140947e-06,0.06760918,0.92110336,0.98871255,0.98871255,0.0002771434,0.016647624,0.00061254704
2021-07-08,7.5266175e-06,0.0641295,0.9243798,0.9885093,0.9885093,0.00028018447,0.01673871,0.000655018
2021-07-09,7.463421e-06,0.06464774,0.9238165,0.98846424,0.98846424,0.00027288395,0.0165192,0.00064698106
2021-07-12,7.6346905e-06,0.06358441,0.924864,0.9884484,0.9884484,0.0002900806,0.017031753,0.0006609195
2021-07-13,7.820416e-06,0.06267608,0.9257235,0.98839957,0.98839957,0.00027854613,0.016689701,0.0006741485
2021-07-14,7.2837624e-06,0.065356776,0.92321664,0.98857343,0.98857343,0.00028008575,0.016735762,0.00063744094
2021-07-15,7.4868462e-06,0.06431513,0.92419225,0.9885074,0.9885074,0.00032013148,0.01789222,0.00065144873
2021-07-16,7.587628e-06,0.06391707,0.92456627,0.98848337,0.9884833,0.0003308649,0.018189691,0.00065884093
2021-07-19,7.691295e-06,0.06330136,0.9251364,0.9884378,0.9884378,0.00031374785,0.017712928,0.0006652087
2021-07-20,6.9388966e-06,0.0683637,0.9204353,0.98879904,0.988799,0.0006856853,0.026185594,0.000619491
2021-07-21,7.1890195e-06,0.06698561,0.9215182,0.9885038,0.9885038,0.00065285113,0.025550952,0.0006253395
2021-07-22,7.3032124e-06,0.065780185,0.92265826,0.9884384,0.9884384,0.0007246808,0.026919896,0.00063167984
2021-07-23,7.712761e-06,0.063741855,0.92455274,0.9882946,0.9882946,0.00070895744,0.026626255,0.0006589063
2021-07-26,7.903881e-06,0.06258041,0.9257169,0.9882973,0.9882973,0.0006634323,0.025757179,0.00067538855
2021-07-27,7.802633e-06,0.06303499,0.92531097,0.988346,0.988346,0.0006224333,0.024948614,0.0006695229
2021-07-28,7.506887e-06,0.06421702,0.92427367,0.9884907,0.9884907,0.0005846864,0.02418029,0.00065224536
2021-07-29,7.880782e-06,0.062569305,0.92576766,0.988337,0.988337,0.0005543861,0.023545405,0.0006757068
2021-07-30,7.5194685e-06,0.06429155,0.92416775,0.9884593,0.9884593,0.0005383766,0.023202945,0.00065156026
2021-08-02,7.4026007e-06,0.06466678,0.92387915,0.98854595,0.9885459,0.00050622236,0.022499386,0.000646287
2021-08-03,7.3600304e-06,0.06518605,0.92336416,0.9885502,0.9885502,0.0005650235,0.023770222,0.00064280786
2021-08-04,7.843763e-06,0.06289977,0.9254282,0.988328,0.988328,0.0005357454,0.023146175,0.0006720142
2021-08-05,7.892373e-06,0.062681235,0.9256539,0.98833513,0.98833513,0.00058064784,0.024096636,0.00067659345
2021-08-06,7.757477e-06,0.06318952,0.9251721,0.9883616,0.9883616,0.0005567283,0.023595091,0.00066654134
2021-08-09,7.8461935e-06,0.06283408,0.9255186,0.98835266,0.98835266,0.0005319738,0.023064557,0.00067364663
2021-08-10,7.613223e-06,0.064067446,0.9243954,0.9884628,0.9884628,0.00054584764,0.023363382,0.0006598851
2021-08-11,7.635911e-06,0.06377426,0.9246273,0.9884016,0.98840153,0.00055760535,0.023613669,0.00065835856
2021-08-12,7.826629e-06,0.06281853,0.9255313,0.98834985,0.98834985,0.00053522055,0.023134833,0.0006718053
2021-08-13,7.59492e-06,0.06378332,0.92468965,0.988473,0.98847294,0.00050359895,0.02244101,0.0006588808
2021-08-16,7.7399845e-06,0.0631028,0.9253366,0.9884394,0.9884394,0.00047925752,0.021891952,0.000669513
2021-08-17,7.757607e-06,0.06318819,0.925227,0.9884152,0.9884152,0.0004698483,0.021675985,0.0006696356
2021-08-18,7.500435e-06,0.06433972,0.9241853,0.988525,0.988525,0.00044970232,0.021206185,0.00065363117
2021-08-19,7.725965e-06,0.06315272,0.92530143,0.98845416,0.98845416,0.00044248387,0.0210353,0.00066915585
2021-08-20,7.3717897e-06,0.06532733,0.9232674,0.9885948,0.9885948,0.00046543847,0.021574022,0.0006463517
2021-08-23,7.4777163e-06,0.06527295,0.92323446,0.9885074,0.9885074,0.00046866667,0.02164871,0.0006506543
2021-08-24,6.884974e-06,0.067600444,0.9210983,0.9886987,0.9886987,0.0006143956,0.024787005,0.00060922076
2021-08-25,7.690298e-06,0.06375768,0.9245567,0.98831433,0.98831433,0.00062693097,0.025038589,0.00065809645
2021-08-26,7.160483e-06,0.06620536,0.9223567,0.9885621,0.9885621,0.00059624575,0.024418144,0.00062603166
2021-08-27,7.68975e-06,0.0634386,0.9250068,0.9884454,0.9884454,0.00057024497,0.023879802,0.00066551426
2021-08-30,7.606827e-06,0.064119205,0.92425764,0.98837686,0.98837686,0.0005584378,0.023631288,0.00065445516
2021-08-31,7.668906e-06,0.06354681,0.9248619,0.98840874,0.9884087,0.00052651984,0.02294602,0.0006616113
2021-09-01,7.846208e-06,0.06266819,0.92569375,0.98836195,0.98836195,0.00050169975,0.022398654,0.0006741861
2021-09-02,7.443853e-06,0.06464962,0.9238717,0.98852134,0.98852134,0.00047233893,0.02173336,0.0006484948
2021-09-03,7.2896955e-06,0.06558397,0.9229238,0.98850775,0.98850775,0.00046960003,0.021670256,0.0006343139
2021-09-07,7.790687e-06,0.06306886,0.925276,0.98834485,0.98834485,0.000447639,0.02115748,0.0006684329
2021-09-08,7.4987356e-06,0.06452275,0.92394173,0.9884645,0.9884645,0.00043416113,0.020836534,0.0006500558
2021-09-09,7.4231034e-06,0.06456185,0.9239823,0.98854417,0.98854417,0.00042051138,0.020506375,0.00064797583
2021-09-10,7.771545e-06,0.06318847,0.92517394,0.98836243,0.98836243,0.00041488823,0.020368805,0.000667798
2021-09-13,7.6004303e-06,0.063924864,0.92449445,0.9884193,0.9884193,0.00042413152,0.020594453,0.00065630116
2021-09-14,7.598589e-06,0.06375283,0.9247141,0.9884669,0.9884669,0.00040632937,0.020157613,0.0006588516
2021-09-15,7.644946e-06,0.063828796,0.9245622,0.98839104,0.98839104,0.00038333767,0.01957901,0.0006585385
2021-09-16,7.3951355e-06,0.06489962,0.9236054,0.988505,0.988505,0.00041882027,0.020465098,0.0006433353
2021-09-17,7.4943173e-06,0.06440444,0.92406905,0.9884735,0.9884735,0.00039422346,0.019855062,0.0006501801
2021-09-20,7.382074e-06,0.06485923,0.92368186,0.98854107,0.98854107,0.0003771074,0.019419253,0.00064422
2021-09-21,7.3086812e-06,0.06514074,0.9234595,0.9886002,0.9886002,0.0003926277,0.019814836,0.00064112333
2021-09-22,7.1599693e-06,0.066531435,0.92207164,0.98860306,0.98860306,0.00037072657,0.019254262,0.00062823587
2021-09-23,7.620213e-06,0.063685976,0.9247646,0.9884505,0.9884505,0.00038466413,0.019612856,0.00065978884
2021-09-24,7.3179676e-06,0.06529067,0.92324084,0.98853153,0.98853153,0.00037667286,0.019408062,0.0006380945
2021-09-27,7.5678568e-06,0.06406544,0.92437756,0.988443,0.988443,0.00036036153,0.01898319,0.0006548298
2021-09-28,6.8300506e-06,0.06785822,0.92088616,0.9887444,0.9887444,0.00036488188,0.019101882,0.00060681236
2021-09-29,7.4599193e-06,0.06466747,0.92381316,0.9884806,0.9884806,0.000343223,0.018526278,0.0006475977
2021-09-30,7.0540614e-06,0.06638981,0.9223044,0.9886942,0.9886942,0.0003271551,0.01808743,0.00062393246
2021-10-01,7.0567403e-06,0.06645179,0.92223406,0.98868585,0.98868585,0.00030918294,0.0175836,0.00062370906
2021-10-04,7.1865875e-06,0.06580756,0.9228092,0.98861676,0.98861676,0.00030027574,0.017328467,0.0006313308
2021-10-05,6.938699e-06,0.06711771,0.921599,0.98871666,0.98871666,0.00031740317,0.017815812,0.0006149509
2021-10-06,6.6320154e-06,0.06907496,0.91973364,0.98880863,0.98880863,0.00031772547,0.017824855,0.00059260096
2021-10-07,6.5166305e-06,0.06977402,0.919081,0.988855,0.988855,0.0003249198,0.018025532,0.0005847136
2021-10-08,7.2416974e-06,0.0653961,0.92323256,0.9886287,0.9886286,0.00031348754,0.01770558,0.0006368391
2021-10-11,7.2059293e-06,0.06555476,0.9230893,0.98864406,0.98864406,0.00030785633,0.017545836,0.00063455175
2021-10-12,7.0742276e-06,0.06621385,0.9224864,0.9887003,0.9887003,0.00030497616,0.017463567,0.00062605285
2021-10-13,7.1924787e-06,0.06566214,0.92298335,0.9886455,0.9886455,0.00028851422,0.016985707,0.0006334471
2021-10-14,7.1975655e-06,0.06566601,0.9229725,0.9886385,0.9886385,0.0002739726,0.016552119,0.000633506
2021-10-15,7.0806964e-06,0.066243686,0.92244434,0.98868805,0.98868805,0.00026733286,0.016350316,0.0006259484
2021-10-18,6.9046105e-06,0.06708349,0.92169225,0.98877573,0.98877573,0.00026262618,0.016205745,0.0006151501
2021-10-19,6.748577e-06,0.06796767,0.9208715,0.98883915,0.98883915,0.00024916002,0.015784804,0.00060466514
2021-10-20,6.8585396e-06,0.0670416,0.9218281,0.98886967,0.98886967,0.00023868032,0.015449283,0.00061620254
2021-10-21,6.497904e-06,0.06939626,0.91956913,0.9889654,0.9889654,0.00023451512,0.015313886,0.0005888659
2021-10-22,7.1509216e-06,0.06579635,0.9228813,0.9886777,0.9886777,0.00024152314,0.015541015,0.00063157745
2021-10-25,7.3001597e-06,0.06498976,0.9236434,0.98863316,0.98863316,0.00024469296,0.015642665,0.0006422328
2021-10-26,6.8503964e-06,0.06758928,0.9211734,0.9887627,0.9887627,0.0002333129,0.015274583,0.00060961104
2021-10-27,7.210188e-06,0.065620266,0.9229991,0.9886193,0.9886193,0.0002289862,0.01513229,0.00063354673
2021-10-28,7.5392322e-06,0.06385944,0.92467356,0.988533,0.988533,0.00025644823,0.016014,0.0006574732
2021-10-29,7.0173933e-06,0.06658333,0.92213583,0.98871917,0.98871917,0.00024482846,0.015646996,0.0006220633
2021-11-01,6.9689786e-06,0.06677528,0.9219665,0.98874176,0.98874176,0.00023805368,0.015428988,0.0006190111
2021-11-02,7.1700892e-06,0.06573887,0.92291737,0.9886562,0.9886562,0.00022845842,0.015114841,0.00063207245
2021-11-03,6.9401553e-06,0.066972435,0.92177314,0.98874557,0.98874557,0.00021825697,0.0147735225,0.0006166599
2021-11-04,7.242178e-06,0.06568893,0.922935,0.9886239,0.9886239,0.00030112092,0.017352836,0.0006366144
2021-11-05,7.632724e-06,0.06361566,0.92484903,0.9884647,0.9884647,0.0003292821,0.018146131,0.00066168484
2021-11-08,7.417868e-06,0.06466863,0.92385125,0.9885199,0.9885199,0.00037134276,0.019270256,0.0006461505
2021-11-09,7.604231e-06,0.0637146,0.92474526,0.9884599,0.9884599,0.00035446847,0.018827334,0.00065893895
2021-11-10,7.070135e-06,0.06629771,0.9223953,0.988693,0.988693,0.0003801323,0.019496981,0.00062528823
2021-11-11,7.2573685e-06,0.0655513,0.9230888,0.98864007,0.98864007,0.00043525285,0.020862713,0.0006388568
2021-11-12,7.4691816e-06,0.06437379,0.9241406,0.98851436,0.98851436,0.00040955958,0.020237578,0.0006503063
2021-11-15,7.1515287e-06,0.066217154,0.92245734,0.98867446,0.9886745,0.0003925158,0.019812012,0.00063145155
2021-11-16,7.5147827e-06,0.06403604,0.92449045,0.9885265,0.98852646,0.0003692813,0.019216694,0.00065496995
2021-11-17,7.4628474e-06,0.064567775,0.9239104,0.9884782,0.9884782,0.00034910193,0.01868427,0.0006477145
2021-11-18,6.926837e-06,0.067790285,0.9209832,0.98877347,0.98877347,0.00038969808,0.019740772,0.0006170058
2021-11-19,7.3385963e-06,0.0648276,0.9237786,0.9886062,0.9886062,0.00037019537,0.019240461,0.0006440876
2021-11-22,7.301901e-06,0.06577629,0.9228168,0.9885931,0.9885931,0.0004417713,0.021018356,0.00064013025
2021-11-23,7.13852e-06,0.06609231,0.9225857,0.98867804,0.98867804,0.00041947112,0.020480994,0.000630502
2021-11-24,7.1381087e-06,0.066122144,0.9224993,0.9886215,0.9886215,0.00042702424,0.020664565,0.00062733155
2021-11-26,7.784727e-06,0.0629131,0.9254798,0.98839295,0.98839295,0.00040124563,0.020031117,0.0006706895
2021-11-29,6.077088e-06,0.07562636,0.9135072,0.9891336,0.9891336,0.001616165,0.040201556,0.0005592548
2021-11-30,6.8772797e-06,0.0691707,0.9195259,0.98869663,0.98869663,0.0015329174,0.039152488,0.0006084276
2021-12-01,7.0685405e-06,0.068372756,0.9202988,0.9886716,0.98867154,0.0016305784,0.040380422,0.0006239664
2021-12-02,7.4868462e-06,0.065863386,0.9226464,0.9885098,0.9885098,0.0015138563,0.038908307,0.0006515839
2021-12-03,7.558709e-06,0.0652088,0.9232046,0.9884134,0.9884134,0.0014168667,0.03764129,0.0006523661
2021-12-06,7.660942e-06,0.06392537,0.92455125,0.98847663,0.98847663,0.001316585,0.036284775,0.0006648181
2021-12-07,6.7196193e-06,0.06940893,0.91933125,0.9887402,0.9887402,0.0013682827,0.036990307,0.0005967799
2021-12-08,7.0915676e-06,0.066456154,0.9222174,0.98867357,0.98867357,0.0013542755,0.03680048,0.0006261078
2021-12-09,7.3196215e-06,0.065300144,0.9232356,0.98853576,0.98853576,0.0012571209,0.0354559,0.0006384743
2021-12-10,7.5452467e-06,0.064724945,0.9237558,0.98848075,0.98848075,0.0011942086,0.034557324,0.0006550118
2021-12-13,7.63924e-06,0.063602254,0.9248406,0.9884429,0.9884429,0.0011171743,0.033424158,0.00066099956
2021-12-14,7.5051835e-06,0.0649326,0.9235457,0.9884783,0.9884783,0.0010428097,0.032292563,0.00065139565
2021-12-15,7.4693107e-06,0.06474391,0.92375976,0.9885037,0.9885037,0.0009748736,0.031222966,0.000649714
2021-12-16,7.555266e-06,0.064105436,0.924348,0.98845345,0.98845345,0.00090821413,0.03013659,0.00065433094
2021-12-17,7.200149e-06,0.06592775,0.9226464,0.98857415,0.98857415,0.0008749145,0.029578954,0.00063016295
2021-12-20,7.360608e-06,0.06559523,0.9229818,0.988577,0.988577,0.0008448047,0.029065523,0.00064436777
2021-12-21,7.4639975e-06,0.06497914,0.9235441,0.98852324,0.98852324,0.0008821186,0.02970048,0.0006503578
2021-12-22,7.0149795e-06,0.06718397,0.9213953,0.9885793,0.9885793,0.00093268394,0.030539874,0.0006142323
2021-12-23,7.6089796e-06,0.06405935,0.9243171,0.9883765,0.9883765,0.0009005776,0.030009625,0.00065462023
2021-12-27,7.328423e-06,0.065529674,0.9229815,0.98851115,0.9885112,0.0008522606,0.029193504,0.0006378724
2021-12-28,7.2736566e-06,0.06525969,0.92334986,0.98860955,0.98860955,0.0008304401,0.028817357,0.0006385751
2021-12-29,7.271877e-06,0.065580316,0.9229737,0.988554,0.988554,0.0007758065,0.027853303,0.00063532044
2021-12-30,7.2407915e-06,0.06551728,0.92308795,0.98860526,0.98860526,0.0007268794,0.0269607,0.0006354504
2021-12-31,6.477494e-06,0.06994025,0.9189597,0.98889995,0.98889995,0.0006800985,0.026078697,0.0005835552
2022-01-03,7.265683e-06,0.06518155,0.9235017,0.9886832,0.9886832,0.0006705122,0.02589425,0.00064202765
2022-01-04,7.1769773e-06,0.065865204,0.9227636,0.9886288,0.9886288,0.0006347535,0.025194315,0.00063115417
2022-01-05,6.9195416e-06,0.06733375,0.92137915,0.9887129,0.9887129,0.00060184655,0.02453256,0.000613049
2022-01-06,7.111558e-06,0.06592298,0.9227909,0.98871386,0.98871386,0.0005694045,0.023862198,0.0006301143
2022-01-07,7.080548e-06,0.066347964,0.9223244,0.9886724,0.9886724,0.00055953633,0.02365452,0.00062506914
2022-01-10,7.19456e-06,0.06549314,0.9231901,0.9886833,0.9886832,0.00052670063,0.02294996,0.0006357462
2022-01-11,7.32949e-06,0.06484129,0.9237825,0.9886238,0.9886238,0.00049847236,0.022326495,0.00064428267
2022-01-12,6.5304425e-06,0.06966724,0.9191784,0.98884565,0.98884565,0.00055787776,0.023619436,0.0005854613
2022-01-13,6.8696513e-06,0.06733615,0.92144436,0.9887805,0.9887805,0.0005396768,0.023230946,0.0006122956
2022-01-14,6.427009e-06,0.07065965,0.91822624,0.9888859,0.9888859,0.00050704106,0.022517571,0.0005782742
2022-01-18,6.866884e-06,0.06726359,0.92154276,0.98880637,0.98880637,0.00050098536,0.022382703,0.0006134634
2022-01-19,6.8897807e-06,0.06719613,0.9215897,0.9887858,0.9887858,0.00049228827,0.02218757,0.00061438023
2022-01-20,6.7139204e-06,0.06829588,0.9205404,0.9888363,0.9888363,0.00048118614,0.021935955,0.00060140574
2022-01-21,6.4393976e-06,0.06986489,0.9191036,0.9889685,0.9889685,0.00044972406,0.0212067,0.0005837277
2022-01-24,7.0951546e-06,0.0659152,0.9228288,0.988744,0.988744,0.00044971693,0.02120653,0.00063034537
2022-01-25,7.2736293e-06,0.06520048,0.92342734,0.9886278,0.9886278,0.00045391312,0.021305237,0.0006395969
2022-01-26,6.722003e-06,0.06837328,0.92042553,0.9887988,0.9887988,0.0004735336,0.021760827,0.0006001144
2022-01-27,6.777552e-06,0.0680168,0.92076623,0.98878306,0.988783,0.00046992238,0.021677693,0.00060422474
2022-01-28,5.827006e-06,0.07356557,0.9157282,0.9892938,0.9892938,0.00044466896,0.021087175,0.0005442653
2022-01-31,5.2790456e-06,0.08080236,0.908621,0.9894234,0.9894234,0.00041337364,0.020331591,0.00049912476
2022-02-01,6.551573e-06,0.06851692,0.920536,0.9890529,0.9890529,0.00039897402,0.019974334,0.0005984752
2022-02-02,6.8578547e-06,0.06740606,0.9213828,0.98878884,0.98878884,0.00037382892,0.019334655,0.0006116991
2022-02-03,6.669764e-06,0.06828123,0.9206191,0.9889003,0.9889003,0.00035131053,0.01874328,0.0006008961
2022-02-04,6.2485633e-06,0.071481965,0.91749495,0.9889769,0.9889769,0.00036398726,0.01907845,0.0005668606
2022-02-07,6.530612e-06,0.06925451,0.91967916,0.9889337,0.9889337,0.0003751462,0.019368691,0.0005901342
2022-02-08,6.657766e-06,0.06854197,0.9203263,0.98886824,0.98886824,0.00035995638,0.018972516,0.00059808727
2022-02-09,7.1747595e-06,0.06561303,0.9230747,0.98868775,0.98868775,0.00037091336,0.019259112,0.0006342471
2022-02-10,6.805683e-06,0.06763734,0.9211849,0.9888222,0.9888222,0.0003501915,0.018713403,0.0006088583
2022-02-11,6.9549874e-06,0.066780105,0.92199093,0.988771,0.988771,0.00032972786,0.01815841,0.00061937846
2022-02-14,6.6098196e-06,0.06885423,0.9200268,0.988881,0.988881,0.0003925822,0.019813687,0.0005944613
2022-02-15,6.8850186e-06,0.06717019,0.92162514,0.98879534,0.98879534,0.0004101266,0.020251583,0.00061447814
2022-02-16,7.1043573e-06,0.0661021,0.9226011,0.9887032,0.9887032,0.0004738482,0.021768054,0.0006288818
2022-02-17,7.2833095e-06,0.06533746,0.92323667,0.98857415,0.98857415,0.00046312055,0.021520237,0.00063744123
2022-02-18,7.2286757e-06,0.0657522,0.92287344,0.98862565,0.98862565,0.00046293894,0.021516016,0.00063552405
2022-02-22,7.435218e-06,0.064483985,0.92406136,0.98854536,0.98854536,0.00043844903,0.020939175,0.00064910087
2022-02-23,6.8341083e-06,0.06800346,0.9207046,0.9887081,0.9887081,0.00042472564,0.020608872,0.000605221
2022-02-24,7.3453357e-06,0.06489946,0.9236857,0.9885852,0.9885852,0.0003984724,0.019961772,0.0006434908
2022-02-25,6.919355e-06,0.06718993,0.92154855,0.9887385,0.9887385,0.00037900216,0.019467978,0.00061442447
2022-02-28,7.134531e-06,0.065909706,0.92276835,0.98867804,0.98867804,0.00036838025,0.019193234,0.00063014973
2022-03-01,6.485288e-06,0.06976532,0.91914403,0.98890936,0.98890936,0.00047389496,0.021769129,0.00058475346
2022-03-02,5.6142535e-06,0.07626829,0.9129217,0.98919004,0.98919004,0.0008560905,0.029259024,0.0005193594
2022-03-03,5.6075023e-06,0.07657662,0.9126147,0.98919135,0.9891913,0.0011293232,0.033605404,0.00051879784
2022-03-04,6.8773097e-06,0.06749222,0.9212452,0.9887374,0.98873746,0.0010924306,0.033051938,0.00061063276
2022-03-07,5.529935e-06,0.07696436,0.9122757,0.98924005,0.98924005,0.0013584897,0.036857694,0.0005139369
2022-03-08,6.5453e-06,0.06978472,0.91901994,0.98880464,0.98880464,0.0013207947,0.03634274,0.0005846439
2022-03-09,5.588386e-06,0.07726825,0.91186595,0.9891342,0.9891342,0.0013065622,0.0361464,0.00051430933
2022-03-10,4.8826514e-06,0.08592636,0.90398437,0.9899107,0.9899107,0.0024929205,0.049929153,0.00048394458
2022-03-11,6.93204e-06,0.06868705,0.91998637,0.98867345,0.98867345,0.0023130202,0.048093867,0.0006120168
2022-03-14,6.4745354e-06,0.07102916,0.9176271,0.9886562,0.9886563,0.0021987958,0.04689132,0.00057075656
2022-03-15,6.914022e-06,0.06875203,0.9199042,0.9886562,0.9886562,0.0022780078,0.04772848,0.0006094991
2022-03-16,6.837094e-06,0.06991082,0.91881037,0.9887212,0.9887212,0.002403248,0.049022935,0.0006061894
2022-03-17,7.275146e-06,0.066151835,0.92230976,0.9884616,0.9884616,0.002230407,0.047227185,0.00063051673
2022-03-18,5.8490223e-06,0.07613498,0.9126535,0.9887885,0.9887885,0.0024877593,0.049877442,0.0005216978
2022-03-21,6.8696277e-06,0.06863768,0.91986483,0.9885025,0.9885025,0.0022966042,0.047922898,0.00059748895
2022-03-22,6.582103e-06,0.0706097,0.9179625,0.9885722,0.9885722,0.002438989,0.04938612,0.0005759719
2022-03-23,7.2439198e-06,0.066617444,0.9217897,0.98840714,0.98840714,0.002246325,0.047395412,0.0006248602
2022-03-24,6.557826e-06,0.070653066,0.9179618,0.98861486,0.98861486,0.0021291135,0.046142317,0.00057599857
2022-03-25,7.106252e-06,0.06671838,0.92183167,0.98855007,0.98855007,0.0019984809,0.04470437,0.000620637
2022-03-28,7.126362e-06,0.06707828,0.921341,0.9884193,0.9884193,0.0018616237,0.04314654,0.0006153651
2022-03-29,6.55728e-06,0.0709781,0.9179049,0.988883,0.988883,0.0020748721,0.045550764,0.00058984355
2022-03-30,7.236114e-06,0.06667738,0.9217468,0.9884242,0.9884242,0.0019306607,0.043939285,0.00062510604
2022-03-31,6.8605195e-06,0.06860685,0.9199037,0.98851055,0.98851055,0.0018617747,0.043148287,0.0005971147
2022-04-01,7.2225957e-06,0.06686819,0.921676,0.98854417,0.98854417,0.0020824717,0.045634106,0.00063047314
2022-04-04,7.2207567e-06,0.06743742,0.9209944,0.9884318,0.9884318,0.0019337652,0.043974597,0.0006241908
2022-04-05,7.240871e-06,0.06655151,0.9218134,0.98836493,0.98836493,0.0018926937,0.0435051,0.0006223318
2022-04-06,7.470205e-06,0.06539676,0.92291343,0.9883102,0.9883102,0.0017633748,0.041992556,0.0006390372
2022-04-07,7.3238543e-06,0.06646862,0.92205733,0.9885259,0.9885259,0.0018554964,0.043075472,0.00063829595
2022-04-08,7.632392e-06,0.064413555,0.92389655,0.9883101,0.9883101,0.0017185553,0.041455463,0.00065290474
2022-04-11,7.257513e-06,0.066432185,0.92193145,0.9883636,0.9883636,0.0016286446,0.04035647,0.0006236918
2022-04-12,7.6170863e-06,0.064224534,0.9241826,0.98840714,0.98840714,0.0016230596,0.040287215,0.00065704953
2022-04-13,6.4208243e-06,0.071783096,0.91681635,0.9885995,0.9885994,0.0017751327,0.042132325,0.00056320446
2022-04-14,6.6328257e-06,0.07021602,0.9183543,0.9885703,0.9885703,0.0017238542,0.041519325,0.00058031356
2022-04-18,6.94425e-06,0.0681603,0.9203331,0.9884934,0.9884934,0.0016347975,0.04043263,0.0006035006
2022-04-19,7.0169935e-06,0.06720234,0.9213839,0.98858625,0.98858625,0.0015204762,0.038993284,0.0006147841
2022-04-20,7.086203e-06,0.06733492,0.92125,0.98858494,0.9885849,0.0016029358,0.040036682,0.00062077644
2022-04-21,7.2566686e-06,0.06634905,0.9220627,0.9884117,0.9884117,0.0014839659,0.038522277,0.0006262078
2022-04-22,7.4536943e-06,0.06514929,0.9232058,0.9883551,0.9883551,0.0013819808,0.037175003,0.0006400823
2022-04-25,7.4256527e-06,0.06513667,0.9232795,0.9884162,0.9884162,0.0013020218,0.036083538,0.0006410374
2022-04-26,7.5203025e-06,0.064621784,0.92376024,0.98838204,0.98838204,0.0012913417,0.03593524,0.0006472998
2022-04-27,6.25201e-06,0.07250826,0.9162515,0.98875976,0.98875976,0.0012638269,0.03555034,0.0005562166
2022-04-28,6.6355506e-06,0.069760956,0.918886,0.988647,0.988647,0.0011648464,0.034129847,0.0005844747
2022-04-29,6.3533653e-06,0.07192849,0.9168049,0.9887334,0.9887334,0.0011483246,0.03388694,0.00056391204
2022-05-02,6.9355597e-06,0.06739153,0.9213693,0.9887608,0.9887608,0.001062293,0.032592837,0.00061708817
2022-05-03,6.813236e-06,0.0686885,0.92014575,0.98883426,0.98883426,0.0009869669,0.03141603,0.00061019126
2022-05-04,7.488877e-06,0.06447899,0.923983,0.988462,0.988462,0.000964419,0.031055097,0.00064906036
2022-05-05,6.647676e-06,0.06950518,0.91916853,0.9886737,0.9886737,0.0010672787,0.03266923,0.0005869232
2022-05-06,7.4569007e-06,0.064776406,0.9236631,0.9884395,0.9884395,0.0009887286,0.031444054,0.00064503273
2022-05-09,6.7695073e-06,0.06849735,0.92018455,0.9886819,0.9886819,0.0009327134,0.030540356,0.00059811404
2022-05-10,6.4905657e-06,0.07047533,0.9184037,0.988879,0.988879,0.0011371035,0.033720966,0.0005836328
2022-05-11,7.5304515e-06,0.06435703,0.9240683,0.9884253,0.9884253,0.0011278995,0.033584215,0.00065059663
2022-05-12,6.8713853e-06,0.06859147,0.919904,0.98849547,0.98849547,0.0012640046,0.035552844,0.00059727643
2022-05-13,7.373291e-06,0.065731086,0.9226066,0.9883377,0.9883377,0.001170587,0.03421384,0.00063223275
2022-05-16,6.9474168e-06,0.06792889,0.92058825,0.98851717,0.98851717,0.0011926502,0.034534767,0.00060502626
2022-05-17,7.2727566e-06,0.0657014,0.9228079,0.9885093,0.9885093,0.0011779144,0.034320757,0.0006329253
2022-05-18,7.507007e-06,0.06443917,0.9240034,0.9884426,0.9884426,0.0011113461,0.03333686,0.00064954115
2022-05-19,7.360311e-06,0.065035656,0.9235138,0.9885495,0.9885495,0.0010764807,0.032809764,0.0006427922
2022-05-20,6.8757768e-06,0.06833572,0.9202285,0.9885642,0.9885642,0.0010370788,0.032203708,0.0006012498
2022-05-23,7.3918927e-06,0.06517538,0.92326295,0.9884383,0.9884383,0.0009665302,0.03108907,0.0006393435
2022-05-24,7.437751e-06,0.06476056,0.9237144,0.98847497,0.98847497,0.00094568235,0.03075195,0.000645356
2022-05-25,7.414999e-06,0.06556109,0.9227679,0.988329,0.988329,0.0008825741,0.029708149,0.000635335
2022-05-26,7.3712745e-06,0.06543199,0.92300016,0.98843217,0.98843217,0.00082336843,0.028694397,0.00063722185
2022-05-27,7.1133445e-06,0.066846386,0.9216634,0.9885098,0.9885098,0.00083978166,0.028978987,0.0006190779
2022-05-31,6.9473035e-06,0.06770184,0.9208711,0.9885729,0.9885729,0.00078573084,0.028030891,0.0006079671
2022-06-01,6.8559943e-06,0.06804947,0.920594,0.98864347,0.98864347,0.0007314412,0.02704517,0.0006037049
2022-06-02,7.1172412e-06,0.06608286,0.9225945,0.9886773,0.9886773,0.0006818461,0.026112184,0.0006285829
2022-06-03,6.84021e-06,0.06817649,0.9204651,0.9886416,0.9886416,0.00064846774,0.02546503,0.00060221704
2022-06-06,6.9796447e-06,0.06700916,0.921675,0.9886842,0.9886842,0.0006228143,0.024956247,0.000616804
2022-06-07,7.120322e-06,0.066180125,0.9224751,0.9886552,0.9886552,0.0005817666,0.02411984,0.0006276292
2022-06-08,7.2824487e-06,0.06560203,0.92291325,0.98851526,0.98851526,0.0005474211,0.023397032,0.0006340977
2022-06-09,6.7629267e-06,0.06813136,0.9206383,0.9887697,0.98876965,0.0005446064,0.023336804,0.0006022041
2022-06-10,6.997895e-06,0.06675103,0.9219675,0.98871857,0.9887185,0.0005099653,0.022582412,0.0006203021
2022-06-13,7.2623334e-06,0.0652289,0.92340535,0.9886342,0.9886342,0.000480606,0.021922728,0.0006389653
2022-06-14,7.1730155e-06,0.06565476,0.92302656,0.9886813,0.9886813,0.00045129546,0.021243716,0.0006337323
2022-06-15,6.261131e-06,0.071446426,0.91750115,0.9889476,0.9889476,0.00044251574,0.021036059,0.00056649366
2022-06-16,7.1596746e-06,0.06556997,0.9231552,0.9887252,0.9887252,0.00048159235,0.021945212,0.00063501485
2022-06-17,7.125373e-06,0.06626405,0.9223375,0.9886015,0.9886015,0.00047627368,0.021823695,0.0006251153
2022-06-21,6.6366397e-06,0.06937473,0.9195876,0.98896235,0.98896235,0.0007801642,0.02793142,0.00060127303
2022-06-22,7.2357493e-06,0.06596219,0.92255485,0.98851705,0.98851705,0.00073054177,0.027028536,0.0006301296
2022-06-23,7.4290424e-06,0.064908504,0.92353123,0.98843974,0.98843974,0.0007941499,0.028180664,0.0006426362
2022-06-24,7.1048476e-06,0.06633796,0.92235684,0.9886948,0.9886948,0.00076302915,0.027622983,0.00062845764
2022-06-27,7.081937e-06,0.066642985,0.92193854,0.98858154,0.98858154,0.00077623257,0.02786095,0.0006202181
2022-06-28,7.5517405e-06,0.06382944,0.9247062,0.98853564,0.98853564,0.00074364373,0.027269833,0.0006587147
2022-06-29,7.1755844e-06,0.066210836,0.92231727,0.98852813,0.98852813,0.0007196042,0.02682544,0.000625494
2022-06-30,7.343088e-06,0.064987056,0.92365396,0.988641,0.988641,0.00069260295,0.02631735,0.00064645684
2022-07-01,6.20632e-06,0.07271452,0.9163915,0.989106,0.989106,0.00073867216,0.027178524,0.0005697007
2022-07-05,7.0798546e-06,0.06631905,0.92238986,0.9887089,0.9887089,0.00072746066,0.026971478,0.0006270304
2022-07-06,6.1899955e-06,0.073924914,0.91516477,0.98908967,0.98908967,0.0011706951,0.03421542,0.0005673517
2022-07-07,7.359012e-06,0.065776944,0.9228604,0.9886373,0.9886373,0.0010850129,0.032939535,0.00064764806
2022-07-08,6.3261473e-06,0.071636476,0.9171441,0.9887806,0.9887806,0.0011219856,0.033496052,0.0005638588
2022-07-11,7.448172e-06,0.06540198,0.9229327,0.98833466,0.98833466,0.0010629132,0.03260235,0.0006384871
2022-07-12,7.592216e-06,0.06430973,0.92403275,0.98834246,0.98834246,0.0009915961,0.031489618,0.0006512711
2022-07-13,6.9914063e-06,0.06859248,0.9200676,0.9886601,0.9886601,0.0013649061,0.036944635,0.0006165314
2022-07-14,7.5427697e-06,0.06445737,0.9239274,0.9883848,0.9883848,0.0012642173,0.035555832,0.0006493869
2022-07-15,7.709634e-06,0.06396188,0.92437303,0.9883349,0.9883349,0.0011776475,0.034316868,0.0006609142
2022-07-18,7.5847884e-06,0.06438874,0.923943,0.98833174,0.98833174,0.0011181457,0.033438686,0.0006500357
2022-07-19,7.4536824e-06,0.06507015,0.9232956,0.98836577,0.98836577,0.0012005327,0.034648705,0.00064066827
2022-07-20,7.456293e-06,0.06486369,0.9235588,0.98842245,0.98842245,0.0011313882,0.033636115,0.0006440305
2022-07-21,7.5423e-06,0.06406337,0.9244383,0.98850167,0.98850167,0.0010763302,0.032807473,0.0006559473
2022-07-22,7.524706e-06,0.06491249,0.9235016,0.9884141,0.9884141,0.0012314025,0.035091344,0.0006494715
2022-07-25,7.6084384e-06,0.06422509,0.9241363,0.98836136,0.98836136,0.0011646328,0.034126718,0.0006537222
2022-07-26,7.172361e-06,0.06665196,0.92179453,0.9884465,0.9884465,0.0011113045,0.033336233,0.00062079413
2022-07-27,7.724558e-06,0.06385096,0.92440265,0.9882536,0.9882536,0.0010536087,0.03245934,0.0006576103
2022-07-28,7.4312306e-06,0.06528396,0.9230665,0.98835045,0.98835045,0.0010168946,0.031888783,0.00063789857
2022-07-29,7.405768e-06,0.064877056,0.9236132,0.9884902,0.9884902,0.0009512782,0.030842798,0.00064343284
2022-08-01,7.671961e-06,0.06332143,0.92513716,0.9884586,0.9884586,0.00091834593,0.030304223,0.0006647325
2022-08-02,6.4656956e-06,0.071255766,0.91770375,0.9889595,0.9889595,0.0010117228,0.03180759,0.00058563385
2022-08-03,7.2944463e-06,0.06599194,0.9225618,0.98855376,0.98855376,0.0009369983,0.030610427,0.00063727895
2022-08-04,7.735922e-06,0.06312773,0.9253038,0.9884316,0.9884316,0.0009819895,0.031336714,0.0006687099
2022-08-05,7.5881776e-06,0.064353116,0.92406803,0.98842114,0.98842114,0.0009524341,0.03086153,0.00065534766
2022-08-08,7.69282e-06,0.063828625,0.92455727,0.9883859,0.9883859,0.0008893472,0.029821925,0.0006623699
2022-08-09,7.596364e-06,0.064047,0.92441547,0.98846245,0.98846245,0.0008535528,0.029215626,0.00065840344
2022-08-10,7.2094845e-06,0.06603913,0.92249167,0.9885308,0.9885308,0.00079725205,0.028235652,0.00062859606
2022-08-11,7.292325e-06,0.06561114,0.9228874,0.9884985,0.9884985,0.0007584098,0.02753924,0.000634033
2022-08-12,7.4696154e-06,0.06456003,0.9239194,0.98847944,0.98847944,0.0007503511,0.027392538,0.00064837234
2022-08-15,7.804881e-06,0.06315593,0.9251459,0.9883019,0.9883019,0.0007390981,0.027186358,0.00066719064
2022-08-16,7.693391e-06,0.06332823,0.92512715,0.98845536,0.98845536,0.0007475581,0.02734151,0.00066640344
2022-08-17,7.641434e-06,0.06375826,0.92464554,0.9884038,0.9884038,0.0007681591,0.027715683,0.00065896
2022-08-18,7.6009846e-06,0.06442868,0.9238663,0.98829496,0.98829496,0.00073824625,0.027170688,0.000649377
2022-08-19,7.453618e-06,0.064874865,0.9235451,0.98842,0.98842,0.00073497416,0.027110407,0.0006436636
2022-08-22,7.606303e-06,0.063865125,0.9245675,0.98843265,0.98843265,0.00068672275,0.026205396,0.00065756636
2022-08-23,7.603025e-06,0.06387835,0.92457813,0.9884565,0.9884565,0.0006449868,0.025396591,0.0006586405
2022-08-24,7.3314086e-06,0.06552271,0.9229285,0.98845124,0.98845124,0.000695819,0.02637838,0.0006348223
2022-08-25,7.472523e-06,0.06455432,0.9239402,0.9884945,0.9884945,0.0006588874,0.025668802,0.00064947485
2022-08-26,7.7649365e-06,0.06314993,0.92521024,0.98836017,0.98836017,0.0006583261,0.025657866,0.0006671003
2022-08-29,7.647202e-06,0.06386517,0.92450047,0.98836565,0.98836565,0.0006188222,0.024876136,0.0006572952
2022-08-30,7.713556e-06,0.06317292,0.9252577,0.9884306,0.9884306,0.0006888486,0.026245926,0.0006667216
2022-08-31,7.278444e-06,0.06596697,0.92259586,0.9885628,0.9885628,0.0008516556,0.02918314,0.00063638465
2022-09-01,7.773086e-06,0.06307326,0.9253116,0.9883849,0.9883849,0.00082885264,0.028789802,0.00066922256
2022-09-02,7.3810797e-06,0.06515961,0.92343867,0.9885983,0.9885983,0.00084601255,0.029086296,0.0006473659
2022-09-06,7.3987662e-06,0.06516529,0.9232741,0.9884394,0.9884394,0.0007891179,0.028091243,0.0006399974
2022-09-07,7.508336e-06,0.064627945,0.92380494,0.9884329,0.9884329,0.00073597184,0.0271288,0.0006491105
2022-09-08,7.470845e-06,0.06473948,0.92379665,0.9885361,0.9885361,0.00091068866,0.03017762,0.0006516855
2022-09-09,7.656408e-06,0.063804865,0.92456174,0.9883666,0.9883666,0.0008723797,0.029536074,0.0006581404
2022-09-12,7.5016023e-06,0.06471675,0.9236672,0.98838395,0.98838395,0.0009060088,0.03009998,0.00064579624
2022-09-13,7.7372e-06,0.06344627,0.92488694,0.9883332,0.9883332,0.00085233175,0.029194722,0.0006631824
2022-09-14,7.7219065e-06,0.06358132,0.9247385,0.9883199,0.9883199,0.0007980423,0.028249642,0.000661115
2022-09-15,7.4119853e-06,0.06452836,0.9240376,0.9885659,0.9885659,0.00075656915,0.027505802,0.00064823637
2022-09-16,6.8612317e-06,0.068552606,0.9202028,0.9887554,0.9887554,0.00080560544,0.02838319,0.00061018043
2022-09-19,7.346389e-06,0.06495159,0.92363214,0.98858374,0.98858374,0.0007481826,0.027352927,0.00064350246
2022-09-20,7.271724e-06,0.06559158,0.9229477,0.9885393,0.9885393,0.00070159277,0.026487596,0.0006344909
2022-09-21,7.4818463e-06,0.06486434,0.92355317,0.9884175,0.9884175,0.0006701224,0.025886722,0.0006459616
2022-09-22,7.755893e-06,0.06320886,0.92515594,0.9883648,0.9883648,0.0006480513,0.025456851,0.00066658965
2022-09-23,7.197811e-06,0.06591216,0.92266595,0.9885781,0.9885781,0.0006098701,0.02469555,0.0006301753
2022-09-26,6.946544e-06,0.06769457,0.92109126,0.9887858,0.9887858,0.0007978987,0.028247101,0.00061944197
2022-09-27,7.6116676e-06,0.06385421,0.924678,0.98853225,0.98853225,0.0007889124,0.028087584,0.0006637452
2022-09-28,7.03868e-06,0.06703233,0.9215382,0.9885705,0.9885705,0.0007703781,0.027755685,0.0006158351
2022-09-29,7.0477226e-06,0.06714832,0.9213839,0.98853225,0.98853225,0.0008539818,0.029222967,0.00061456865
2022-09-30,7.755118e-06,0.063351154,0.925005,0.9883562,0.9883562,0.00080277387,0.028333263,0.00066602824
2022-10-03,7.7505665e-06,0.063090265,0.92533743,0.9884277,0.9884277,0.00078068586,0.027940756,0.00066975155
2022-10-04,7.4906475e-06,0.064381436,0.92410725,0.9884887,0.9884887,0.0008912537,0.029853873,0.0006507198
2022-10-05,6.4541523e-06,0.07051859,0.91827655,0.98879516,0.98879516,0.0009043742,0.030072814,0.00057601475
2022-10-06,7.4181075e-06,0.06537861,0.92301047,0.9883891,0.9883891,0.0008507256,0.029167201,0.0006388903
2022-10-07,7.164201e-06,0.06657143,0.92192805,0.98849946,0.98849946,0.0007964164,0.028220851,0.0006229449
2022-10-10,6.7635387e-06,0.06860975,0.9200964,0.9887062,0.9887062,0.00088254607,0.029707678,0.00059887033
2022-10-11,7.0067595e-06,0.06673913,0.9220063,0.98874545,0.98874545,0.0008378619,0.028945845,0.00062257133
2022-10-12,7.338405e-06,0.06517349,0.9233579,0.9885314,0.9885314,0.0008061205,0.02839226,0.0006398699
2022-10-13,7.5798253e-06,0.06404159,0.92438316,0.9884248,0.9884248,0.0007885705,0.028081497,0.00065483194
2022-10-14,6.8483596e-06,0.0680932,0.920555,0.9886482,0.9886482,0.00076376804,0.027636353,0.00060328277
2022-10-17,7.2283547e-06,0.06586829,0.9227686,0.9886369,0.98863685,0.0008205706,0.028645605,0.00063612586
2022-10-18,7.197066e-06,0.06591561,0.92266685,0.98858243,0.98858243,0.0007646865,0.027652966,0.0006303502
2022-10-19,7.183087e-06,0.06598155,0.9226929,0.98867446,0.98867446,0.00077863986,0.02790412,0.000634238
2022-10-20,7.0948095e-06,0.06632841,0.92232937,0.9886578,0.9886578,0.00079401204,0.028178219,0.0006255217
2022-10-21,7.3921938e-06,0.06499431,0.9235971,0.98859143,0.98859143,0.0007409481,0.027220361,0.0006479511
2022-10-24,7.012661e-06,0.06660587,0.9221003,0.9887062,0.9887062,0.00069975737,0.026452927,0.0006209286
2022-10-25,6.8773443e-06,0.06749922,0.9212336,0.9887328,0.9887328,0.00065448415,0.025582887,0.00061038707
2022-10-26,6.294391e-06,0.07130276,0.917602,0.9889048,0.9889048,0.0006146558,0.024792252,0.00056730624
2022-10-27,6.9647526e-06,0.06737353,0.92127335,0.98864686,0.98864686,0.00063305727,0.02516063,0.00061346515
2022-10-28,6.2665436e-06,0.07109918,0.91788846,0.9889876,0.9889876,0.0006015399,0.024526311,0.0005690456
2022-10-31,6.606449e-06,0.0685869,0.92036784,0.9889547,0.9889547,0.000571512,0.023906317,0.00059812434
2022-11-01,6.92911e-06,0.0671011,0.9217335,0.9888346,0.9888346,0.00055004965,0.023453137,0.0006205888
2022-11-02,5.7305083e-06,0.07682979,0.91254574,0.98937553,0.98937553,0.0005429678,0.02330167,0.00053936895
2022-11-03,6.3874318e-06,0.07018019,0.9187959,0.98897606,0.98897606,0.0005262139,0.022939352,0.00057941466
2022-11-04,7.155147e-06,0.06640181,0.9221506,0.9885524,0.98855245,0.0005201784,0.02280742,0.0006250342
2022-11-07,6.8535774e-06,0.06741679,0.9213718,0.9887886,0.9887886,0.00064556766,0.025408024,0.0006113046
2022-11-08,7.438569e-06,0.06434733,0.92422235,0.9885697,0.9885697,0.00060728355,0.024643123,0.00065077504
2022-11-09,6.913642e-06,0.067662425,0.9210792,0.98874164,0.98874164,0.00063507777,0.025200749,0.0006140894
2022-11-10,7.3187052e-06,0.06531227,0.9233368,0.9886491,0.9886491,0.00067711476,0.026021428,0.000644767
2022-11-11,7.4773207e-06,0.06436374,0.9241408,0.9885045,0.9885045,0.0006359007,0.025217071,0.000650458
2022-11-14,7.3244987e-06,0.065299205,0.92321944,0.98851866,0.98851866,0.00064614613,0.025419405,0.0006379478
2022-11-15,7.712783e-06,0.06318763,0.92528117,0.9884688,0.98846877,0.00068657263,0.026202532,0.00066886365
2022-11-16,7.3483e-06,0.06532293,0.9231542,0.9884771,0.9884771,0.0006519566,0.025533441,0.00063771335
2022-11-17,7.640559e-06,0.0635396,0.92491734,0.98845696,0.98845696,0.00062522007,0.025004402,0.00066191936
2022-11-18,7.602434e-06,0.06395942,0.92456734,0.98852676,0.98852676,0.0007292021,0.027003743,0.0006626232
2022-11-21,7.638151e-06,0.0638695,0.9245869,0.98845637,0.98845637,0.00070619787,0.026574384,0.00066167663
2022-11-22,6.957372e-06,0.0671777,0.92151767,0.9886954,0.9886954,0.00066194177,0.02572823,0.0006154452
2022-11-23,7.338579e-06,0.06542302,0.9230475,0.9884705,0.9884705,0.0006319576,0.025138767,0.00063650426
2022-11-25,7.684323e-06,0.063334666,0.9251438,0.9884784,0.9884784,0.00068578654,0.026187526,0.00066695054
2022-11-28,7.1525637e-06,0.06686247,0.92179084,0.9886533,0.9886533,0.00067214307,0.025925722,0.0006303652
2022-11-29,7.472686e-06,0.06452414,0.92405194,0.98857605,0.98857605,0.00063679164,0.02523473,0.0006541248
2022-11-30,7.1898935e-06,0.065762475,0.9228603,0.9886228,0.9886228,0.00060537,0.024604267,0.00063195545
2022-12-01,7.290327e-06,0.06581782,0.9226343,0.98845214,0.98845214,0.0006225895,0.024951743,0.00063131395
2022-12-02,7.30154e-06,0.06535908,0.92326754,0.9886266,0.9886266,0.00058597274,0.024206873,0.0006419839
2022-12-05,7.1317077e-06,0.066589594,0.92209005,0.98867965,0.98867965,0.00056426413,0.023754245,0.0006299899
2022-12-06,6.6325724e-06,0.07015963,0.918737,0.9888966,0.9888966,0.00062933564,0.025086563,0.0005973465
2022-12-07,7.4734216e-06,0.064834066,0.9237839,0.98861796,0.98861796,0.00067422615,0.025965866,0.00065659755
2022-12-08,7.584067e-06,0.06430686,0.92426604,0.9885729,0.9885729,0.00069210073,0.026307808,0.0006636911
2022-12-09,7.5859075e-06,0.06403486,0.92440313,0.988438,0.988438,0.0006512882,0.025520349,0.00065610744
2022-12-12,7.751328e-06,0.0635094,0.9248554,0.9883648,0.9883648,0.0006122736,0.024744162,0.0006661973
2022-12-13,7.1524423e-06,0.066267125,0.9223007,0.9885678,0.9885678,0.0006296067,0.025091965,0.00062564167
2022-12-14,6.907e-06,0.067782305,0.9208374,0.9886197,0.9886197,0.0006460997,0.02541849,0.0006069252
2022-12-15,6.8257054e-06,0.06828253,0.92038304,0.9886656,0.9886656,0.00064262014,0.025349954,0.0006022104
2022-12-16,7.366501e-06,0.06463723,0.92400235,0.9886396,0.9886396,0.000614674,0.024792619,0.00064843637
2022-12-19,7.204323e-06,0.06634635,0.9223249,0.98867124,0.98867124,0.0006139403,0.024777818,0.0006359324
2022-12-20,7.0269402e-06,0.06700512,0.9217577,0.9887628,0.9887628,0.0005827006,0.024139192,0.00062532816
2022-12-21,6.9001394e-06,0.067941986,0.9208197,0.98876166,0.98876166,0.00055324583,0.023521177,0.00061398227
2022-12-22,7.2039784e-06,0.06552758,0.92313164,0.9886592,0.9886592,0.0005706188,0.023887629,0.00063522684
2022-12-23,7.3408314e-06,0.0653549,0.92320555,0.98856044,0.98856044,0.0005411974,0.02326365,0.00064170564
2022-12-27,6.4396536e-06,0.069880255,0.9190723,0.9889525,0.9889525,0.0005515807,0.023485756,0.0005829069
2022-12-28,7.169246e-06,0.06583053,0.92282397,0.9886545,0.9886545,0.0005134086,0.022658521,0.00063190184
2022-12-29,6.8297304e-06,0.06808364,0.9206658,0.98874944,0.98874944,0.00048459033,0.022013413,0.0006070572
2022-12-30,7.0781784e-06,0.06612688,0.92264,0.9887669,0.9887669,0.0004566592,0.021369586,0.0006301185
2023-01-03,6.781527e-06,0.06770624,0.92114013,0.98884636,0.98884636,0.00046403063,0.02154137,0.00060801033
2023-01-04,6.0989514e-06,0.07352804,0.9156108,0.98913884,0.98913884,0.00055716845,0.023604415,0.00056153786
2023-01-05,7.376939e-06,0.065145075,0.92352206,0.98866713,0.98866713,0.00073761214,0.027159017,0.000650933
2023-01-06,7.0783185e-06,0.06726686,0.92140937,0.98867625,0.98867625,0.0006965932,0.026393052,0.0006250861
2023-01-09,7.588655e-06,0.063759826,0.92475533,0.98851514,0.98851514,0.00064900995,0.025475673,0.0006607529
2023-01-10,7.258987e-06,0.06551878,0.92305136,0.98857015,0.98857015,0.00061598094,0.024818962,0.0006350905
2023-01-11,6.986568e-06,0.06715215,0.92149776,0.9886499,0.9886499,0.0005784465,0.024050914,0.0006155515
2023-01-12,6.5449e-06,0.06901024,0.919947,0.9889573,0.9889573,0.0005996211,0.024487162,0.00059268944
2023-01-13,7.0150218e-06,0.066409394,0.9223479,0.9887573,0.9887573,0.0005686767,0.023846943,0.0006239631
2023-01-17,6.6007706e-06,0.068826295,0.92007387,0.9889002,0.9889002,0.00055387116,0.023534467,0.0005946739
2023-01-18,6.915205e-06,0.066661745,0.9221982,0.98885995,0.9888599,0.0005171766,0.022741517,0.0006207518
2023-01-19,6.8845648e-06,0.06729454,0.92148304,0.9887776,0.9887776,0.0004892624,0.022119276,0.00061346515
2023-01-20,6.4569235e-06,0.0694626,0.91955143,0.989014,0.989014,0.0004650094,0.021564076,0.00058774266
2023-01-23,6.2999297e-06,0.07054166,0.9185314,0.9890731,0.9890731,0.00044387302,0.021068294,0.00057655224
2023-01-24,6.5618183e-06,0.06864532,0.92036104,0.98900634,0.98900634,0.00041490883,0.020369312,0.000596873
2023-01-25,6.633023e-06,0.068718575,0.92019385,0.9889124,0.9889124,0.00041233568,0.02030605,0.00059823814
2023-01-26,6.820737e-06,0.067588024,0.9212521,0.9888401,0.9888401,0.0003860618,0.019648455,0.00061118277
2023-01-27,6.7430224e-06,0.06776837,0.92112833,0.9888967,0.9888967,0.00036983984,0.01923122,0.00060730043
2023-01-30,7.0482506e-06,0.06608681,0.9227012,0.988788,0.988788,0.0003665223,0.019144772,0.00062863505
2023-01-31,6.255116e-06,0.072303265,0.91675687,0.98906016,0.98906016,0.0003796865,0.019485546,0.0005717742
2023-02-01,6.625673e-06,0.0684409,0.9205014,0.9889423,0.9889423,0.00036498564,0.019104598,0.0005991922
2023-02-02,6.3642374e-06,0.07125227,0.9177976,0.9890499,0.9890499,0.00041235334,0.020306485,0.0005812042
2023-02-03,7.2709036e-06,0.06536534,0.92333245,0.98869777,0.98869777,0.0003885136,0.01971075,0.00064331567
2023-02-06,6.8779063e-06,0.06802603,0.92079127,0.9888173,0.9888173,0.0004398091,0.020971626,0.0006150474
2023-02-07,7.177083e-06,0.06573693,0.9229553,0.9886922,0.9886922,0.00041802143,0.020445572,0.0006347033
2023-02-08,6.6505722e-06,0.068946116,0.9198498,0.98879594,0.98879594,0.000497296,0.022300133,0.0005935857
2023-02-09,6.9801868e-06,0.06713486,0.9215797,0.9887146,0.9887146,0.00048367798,0.02199268,0.00061851344
2023-02-10,7.4108507e-06,0.06446769,0.924164,0.98863167,0.98863167,0.00045474185,0.021324677,0.00065188535
2023-02-13,6.9321704e-06,0.066857174,0.9219342,0.98879135,0.98879135,0.00045557038,0.021344095,0.00061846594
2023-02-14,6.995468e-06,0.06661469,0.922131,0.9887457,0.9887457,0.00042862046,0.020703152,0.0006215812
2023-02-15,7.2246335e-06,0.06515365,0.92356175,0.9887154,0.9887154,0.00041493739,0.020370012,0.0006402212
2023-02-16,7.0527276e-06,0.06664052,0.92208564,0.98872614,0.98872614,0.0003929501,0.01982297,0.0006255823
2023-02-17,7.127711e-06,0.066085264,0.92263,0.9887153,0.9887153,0.00036953864,0.019223388,0.0006316256
2023-02-21,7.0252654e-06,0.06687611,0.92190504,0.98878115,0.98878115,0.00039993206,0.0199983,0.00062620215
2023-02-22,6.656598e-06,0.06932243,0.9195427,0.9888651,0.9888651,0.0003761763,0.019395264,0.0005978127
2023-02-23,7.1506543e-06,0.06586299,0.9228857,0.9887487,0.9887487,0.0004136558,0.02033853,0.0006355419
2023-02-24,7.3111396e-06,0.06510573,0.9234967,0.98860246,0.98860246,0.00041280262,0.020317545,0.0006414664
2023-02-27,7.518869e-06,0.064058006,0.92445725,0.98851526,0.98851526,0.00039794287,0.019948505,0.00065468333
2023-02-28,7.3282517e-06,0.06481831,0.92381024,0.98862857,0.98862857,0.0003802034,0.019498805,0.00064444396
2023-03-01,7.1103527e-06,0.066306405,0.922323,0.9886294,0.9886294,0.00037887655,0.019464752,0.00062532787
2023-03-02,6.095284e-06,0.071917735,0.9172171,0.9891348,0.9891348,0.0003608364,0.018995695,0.0005609908
2023-03-03,6.9987127e-06,0.0664809,0.92229,0.9887709,0.9887709,0.00033947424,0.018424828,0.0006232658
2023-03-06,6.8287623e-06,0.06723212,0.921639,0.98887116,0.98887116,0.00034414846,0.018551238,0.0006136094
2023-03-07,6.1457386e-06,0.07209976,0.9169942,0.98909396,0.98909396,0.00033008133,0.01816814,0.0005635169
2023-03-08,7.023029e-06,0.06629977,0.9224961,0.9887958,0.9887959,0.0004058791,0.02014644,0.00062682206
2023-03-09,7.1066797e-06,0.06643817,0.9222598,0.988698,0.988698,0.00039126098,0.019780317,0.00062879873
2023-03-10,7.2790986e-06,0.06537109,0.92327154,0.98864263,0.98864263,0.00037845856,0.019454012,0.00064091425
2023-03-13,6.969595e-06,0.06689272,0.9218664,0.98875916,0.98875916,0.00036668638,0.019149058,0.0006200244
2023-03-14,7.501039e-06,0.063922,0.9246562,0.9885782,0.9885782,0.0003870185,0.019672785,0.00065673003
2023-03-15,7.25674e-06,0.06583546,0.9227904,0.9886259,0.9886259,0.00051104,0.022606194,0.00063800474
2023-03-16,6.915081e-06,0.06854887,0.9202127,0.98876154,0.98876154,0.0006693917,0.025872605,0.00061530527
2023-03-17,7.3106035e-06,0.06539203,0.9231921,0.9885841,0.9885841,0.000630669,0.025113124,0.0006403879
2023-03-20,7.215091e-06,0.06613794,0.92252266,0.98866063,0.9886606,0.0006274419,0.02504879,0.000636287
2023-03-21,7.261532e-06,0.06568062,0.9229859,0.98866653,0.98866653,0.0005974931,0.024443671,0.00064071594
2023-03-22,7.141881e-06,0.06638027,0.92224085,0.9886211,0.9886211,0.00059797114,0.024453448,0.0006276433
2023-03-23,6.890532e-06,0.06757013,0.9211787,0.98874885,0.98874885,0.0005911961,0.024314525,0.00061242905
2023-03-24,7.3196816e-06,0.065043226,0.9236168,0.98866004,0.98866004,0.00056395814,0.023747804,0.0006454767
2023-03-27,7.574269e-06,0.06375329,0.92476374,0.98851705,0.98851705,0.0005350937,0.023132093,0.0006596098
2023-03-28,6.7371207e-06,0.06832362,0.9204615,0.9887851,0.9887851,0.0006601868,0.0256941,0.0006007288
2023-03-29,7.169021e-06,0.0656726,0.9230015,0.9886741,0.9886741,0.0006161934,0.024823243,0.00063297607
2023-03-30,7.265235e-06,0.06560609,0.92303646,0.9886425,0.9886426,0.00057666906,0.024013935,0.0006396869
2023-03-31,7.5286785e-06,0.06398291,0.92455447,0.9885374,0.9885374,0.00056265586,0.023720369,0.0006568021
2023-04-03,7.1727973e-06,0.065823026,0.9228181,0.98864114,0.98864114,0.0005464239,0.023375712,0.00063147175
2023-04-04,6.5789272e-06,0.069813594,0.9190215,0.9888351,0.9888351,0.0007534907,0.027449785,0.0005892507
2023-04-05,7.292075e-06,0.06514211,0.92347217,0.98861426,0.98861426,0.00069984194,0.026454525,0.0006404569
2023-04-06,6.8846634e-06,0.067337826,0.9214218,0.98875964,0.98875964,0.00065371895,0.025567928,0.00061249477
2023-04-10,6.9562184e-06,0.06727435,0.9214648,0.98873913,0.98873913,0.00060928747,0.02468375,0.0006177338
2023-04-11,7.3206547e-06,0.064903945,0.9237182,0.9886222,0.9886222,0.00057841523,0.024050266,0.000643415
2023-04-12,6.9288694e-06,0.06713743,0.9215932,0.9887306,0.9887306,0.00057291694,0.023935683,0.0006148398
2023-04-13,6.8772397e-06,0.067434244,0.92132854,0.9887628,0.9887628,0.00056385715,0.023745677,0.0006120063
2023-04-14,7.0188717e-06,0.066552736,0.92217165,0.9887244,0.9887244,0.0005387339,0.023210643,0.0006224838
2023-04-17,7.2665416e-06,0.06519065,0.9234495,0.9886402,0.9886402,0.00050496124,0.022471342,0.000639671
2023-04-18,7.5928465e-06,0.06384787,0.92463064,0.9884785,0.98847854,0.00050213234,0.02240831,0.0006590144
2023-04-19,7.3158253e-06,0.06518011,0.9234097,0.9885898,0.9885898,0.00047188092,0.02172282,0.0006411667
2023-04-20,6.8493964e-06,0.06801284,0.9207636,0.98877645,0.98877645,0.00047314647,0.021751931,0.0006102698
2023-04-21,7.2059474e-06,0.06578546,0.9228528,0.9886383,0.9886383,0.00048215504,0.021958029,0.00063423044
2023-04-24,7.525086e-06,0.064191155,0.92433333,0.9885245,0.9885245,0.00045561045,0.021345034,0.00065575214
2023-04-25,7.375214e-06,0.06465067,0.92394716,0.9885978,0.9885978,0.00043660743,0.020895153,0.00064682437
2023-04-26,7.336889e-06,0.06521595,0.92335635,0.9885723,0.9885723,0.00044186792,0.021020655,0.0006420267
2023-04-27,6.923222e-06,0.06817388,0.92058396,0.98875785,0.98875785,0.00050385506,0.022446716,0.00061582716
2023-04-28,7.532696e-06,0.06397529,0.9245915,0.98856676,0.98856676,0.00047316452,0.021752344,0.00065884157
2023-05-01,7.552069e-06,0.06438477,0.9240416,0.9884264,0.9884264,0.00048968225,0.022128765,0.00065252476
2023-05-02,7.5068965e-06,0.06455915,0.92395246,0.9885116,0.9885116,0.00047439584,0.02178063,0.00065343396
2023-05-03,7.0106953e-06,0.06809464,0.92059076,0.98868537,0.98868537,0.00063797116,0.02525809,0.0006196133
2023-05-04,7.270031e-06,0.066638,0.92196834,0.98860633,0.98860633,0.00072542514,0.026933717,0.0006380765
2023-05-05,7.6594815e-06,0.06411523,0.92434865,0.9884639,0.9884639,0.000676134,0.026002577,0.0006639564
2023-05-08,7.5446637e-06,0.064413734,0.9240403,0.98845404,0.98845404,0.0007327277,0.027068943,0.0006534464
2023-05-09,7.490707e-06,0.06474723,0.9236627,0.98840994,0.98840994,0.00072472356,0.026920691,0.0006463042
2023-05-10,7.792786e-06,0.06330643,0.9250163,0.98832273,0.98832273,0.0006802954,0.026082473,0.0006673469
2023-05-11,7.524278e-06,0.06443504,0.9240829,0.98851794,0.98851794,0.0006532085,0.025557945,0.0006553073
2023-05-12,7.628372e-06,0.0640794,0.9243984,0.9884778,0.9884778,0.00064765627,0.025449092,0.0006620601
2023-05-15,7.779687e-06,0.06331898,0.925103,0.988422,0.988422,0.00061557745,0.024810834,0.0006719357
2023-05-16,7.504978e-06,0.06440563,0.92408234,0.98848796,0.98848796,0.0005913535,0.024317762,0.0006519242
2023-05-17,7.675227e-06,0.06384936,0.9245552,0.9884045,0.9884045,0.0005548749,0.023555782,0.00066191494
2023-05-18,7.2837474e-06,0.06549391,0.9230834,0.9885773,0.98857737,0.00056786917,0.023830006,0.00063765584
2023-05-19,7.4204327e-06,0.06464987,0.92390156,0.98855144,0.98855144,0.00054367096,0.023316752,0.0006481541
2023-05-22,7.594871e-06,0.06412178,0.9243564,0.9884782,0.9884782,0.0005110641,0.022606727,0.00065917306
2023-05-23,6.9959683e-06,0.067384176,0.92133975,0.98872393,0.98872393,0.00048222655,0.021959657,0.0006204263
2023-05-24,7.3401557e-06,0.065161824,0.92343503,0.98859686,0.98859686,0.00046175264,0.02148843,0.0006436958
2023-05-25,7.2686607e-06,0.06531745,0.92329764,0.9886151,0.9886151,0.0004577225,0.02139445,0.00063844724
2023-05-26,7.2319203e-06,0.066017106,0.92257804,0.9885951,0.9885951,0.00050801097,0.022539098,0.000634108
2023-05-30,7.38503e-06,0.06485619,0.9237217,0.98857784,0.98857784,0.00048447342,0.022010757,0.000646553
2023-05-31,7.3788005e-06,0.06524009,0.9233165,0.98855656,0.98855656,0.00058867584,0.024262642,0.00064480637
2023-06-01,7.637613e-06,0.06431154,0.9241448,0.98845637,0.98845637,0.00057742547,0.02402968,0.00066163
2023-06-02,7.411628e-06,0.065602094,0.9228654,0.9884675,0.98846745,0.000594806,0.024388645,0.0006426739
2023-06-05,7.4415057e-06,0.06476874,0.9236977,0.98846644,0.98846644,0.0005907021,0.024304364,0.0006452047
2023-06-06,7.873902e-06,0.06263467,0.92571074,0.9883454,0.9883454,0.000555003,0.023558501,0.00067560375
2023-06-07,7.783911e-06,0.06320164,0.925176,0.9883777,0.9883777,0.000523854,0.022887858,0.00066973874
2023-06-08,7.395992e-06,0.06486277,0.92367154,0.98853433,0.98853433,0.00049969536,0.022353867,0.00064505544
2023-06-09,7.738125e-06,0.063319616,0.9250702,0.98838985,0.98838985,0.00048877473,0.022108251,0.0006664965
2023-06-12,7.473885e-06,0.064601734,0.923941,0.98854274,0.98854274,0.0004762481,0.02182311,0.0006523272
2023-06-13,7.378036e-06,0.06545031,0.92310077,0.9885511,0.9885511,0.0005764462,0.024009293,0.00064443075
2023-06-14,7.0711963e-06,0.06685074,0.92171603,0.98856676,0.98856676,0.0006127488,0.024753762,0.0006184768
2023-06-15,7.848775e-06,0.06294624,0.92539227,0.98833853,0.98833853,0.00059104175,0.02431135,0.0006730519
2023-06-16,6.930127e-06,0.06753523,0.92110133,0.98863655,0.98863655,0.00062587834,0.025017561,0.00060986134
2023-06-20,7.495589e-06,0.064584576,0.9238532,0.9884378,0.9884378,0.0006008338,0.024511911,0.0006482824
2023-06-21,7.1260783e-06,0.06704744,0.9215278,0.9885752,0.9885752,0.00058404467,0.024167016,0.0006237388
2023-06-22,7.441325e-06,0.06469801,0.92378473,0.9884827,0.9884827,0.0005984667,0.024463579,0.00064610055
2023-06-23,7.4553373e-06,0.065174535,0.9233124,0.98848695,0.98848695,0.0006786341,0.026050607,0.0006475551
2023-06-26,7.85781e-06,0.06305297,0.9252556,0.98830855,0.98830855,0.0006358678,0.02521642,0.0006720987
2023-06-27,7.806436e-06,0.0632203,0.9250813,0.98830163,0.98830163,0.00059669017,0.024427243,0.00066730997
2023-06-28,7.722041e-06,0.06369107,0.9246403,0.9883314,0.9883314,0.0005980724,0.02445552,0.0006617783
2023-06-29,7.449872e-06,0.064778164,0.9237285,0.9885067,0.9885067,0.0006066925,0.02463113,0.0006481912
2023-06-30,7.772167e-06,0.06305358,0.92533314,0.98838675,0.98838675,0.0005689396,0.023852454,0.00066925
2023-07-03,7.807292e-06,0.06302778,0.92531383,0.9883416,0.9883416,0.00054167426,0.023273896,0.0006696726
2023-07-05,6.9961256e-06,0.06748113,0.9212016,0.98868275,0.98868275,0.00051862985,0.022773447,0.0006181823
2023-07-06,7.001594e-06,0.06714554,0.92149,0.98863554,0.98863554,0.0005377253,0.023188904,0.0006160956
2023-07-07,7.6084343e-06,0.063745685,0.92471594,0.9884616,0.9884616,0.00050251075,0.022416752,0.00065940194
2023-07-10,7.424627e-06,0.06466419,0.9238557,0.9885199,0.9885199,0.0005224386,0.022856915,0.00064673927
2023-07-11,7.717158e-06,0.063263886,0.925147,0.9884109,0.9884109,0.00049953006,0.02235017,0.0006658974
2023-07-12,7.3152273e-06,0.0654434,0.9230699,0.9885133,0.9885133,0.00050832215,0.022546,0.00063684274
2023-07-13,7.432134e-06,0.06462422,0.9238924,0.98851657,0.98851657,0.0004859266,0.022043742,0.00064720504
2023-07-14,7.3335355e-06,0.0650031,0.92357993,0.988583,0.988583,0.000470339,0.0216873,0.0006423363
2023-07-17,7.6066067e-06,0.0636976,0.9247752,0.98847276,0.98847276,0.00046655218,0.02159982,0.000659881
2023-07-18,7.706683e-06,0.06327641,0.9251478,0.9884242,0.9884242,0.00045795197,0.021399813,0.0006657571
2023-07-19,7.114205e-06,0.0663729,0.92223763,0.98861057,0.9886105,0.00045957824,0.021437775,0.000624632
2023-07-20,7.4715995e-06,0.06440857,0.92410123,0.9885098,0.9885098,0.00043298633,0.020808324,0.000650257
2023-07-21,7.1442228e-06,0.066185206,0.9224138,0.988599,0.98859906,0.00040837072,0.020208184,0.0006266314
2023-07-24,7.1371996e-06,0.06621654,0.92238295,0.9885995,0.9885995,0.0004067848,0.020168906,0.00062604155
2023-07-25,6.850426e-06,0.06750983,0.9212635,0.98877335,0.98877335,0.00041210587,0.02030039,0.000610193
2023-07-26,7.234896e-06,0.0654922,0.9231418,0.988634,0.988634,0.00039467926,0.019866535,0.0006365379
2023-07-27,6.9948346e-06,0.066742234,0.9219689,0.9887111,0.9887111,0.00037946115,0.019479763,0.0006196216
2023-07-28,6.770513e-06,0.067818046,0.92101175,0.9888298,0.9888298,0.00037447808,0.019351436,0.00060612237
2023-07-31,6.9470398e-06,0.06688569,0.92187685,0.98876256,0.98876256,0.00035399912,0.018814864,0.0006182047
2023-08-01,7.218051e-06,0.065609455,0.9230185,0.988628,0.988628,0.00034791857,0.018652575,0.0006347197
2023-08-02,7.1219306e-06,0.06601881,0.9226663,0.98868513,0.98868513,0.0003303444,0.018175378,0.0006294311
2023-08-03,7.1335603e-06,0.06589743,0.92279255,0.98868996,0.98868996,0.0003487322,0.018674372,0.0006307281
2023-08-04,7.278891e-06,0.06532942,0.9232572,0.9885866,0.9885866,0.00037127794,0.019268574,0.00063774985
2023-08-07,7.433765e-06,0.06462876,0.9238821,0.9885109,0.9885109,0.00036518736,0.019109875,0.000647028
2023-08-08,7.5216626e-06,0.064238094,0.9242298,0.9884679,0.9884679,0.00035253132,0.018775817,0.00065223547
2023-08-09,7.0978194e-06,0.066522755,0.9220884,0.98861116,0.98861116,0.00034206125,0.018494898,0.00062322593
2023-08-10,6.7220208e-06,0.06861327,0.9201426,0.9887559,0.9887559,0.00034277161,0.018514093,0.0005978255
2023-08-11,6.973531e-06,0.066792205,0.9219337,0.9887259,0.9887259,0.00034724627,0.018634545,0.0006185444
2023-08-14,7.2527605e-06,0.06539432,0.9232144,0.9886087,0.9886087,0.00032830067,0.018119069,0.00063669396
2023-08-15,7.522429e-06,0.063951276,0.92458826,0.9885395,0.9885395,0.00031500944,0.017748505,0.00065637974
2023-08-16,7.1585764e-06,0.06578139,0.9228885,0.98866993,0.98866993,0.00032145664,0.017929211,0.0006318211
2023-08-17,7.45654e-06,0.06428547,0.9242703,0.9885557,0.9885557,0.0003309818,0.018192906,0.0006515522
2023-08-18,7.5238822e-06,0.06401385,0.9245076,0.98852146,0.98852146,0.0003232659,0.017979598,0.0006554736
2023-08-21,7.3534043e-06,0.064877,0.9236996,0.98857665,0.98857665,0.00031331312,0.017700654,0.000643717
2023-08-22,7.4167738e-06,0.06440684,0.9241855,0.9885924,0.9885924,0.00029974527,0.017313153,0.00065015996
2023-08-23,7.1005657e-06,0.06620938,0.9224621,0.9886715,0.9886715,0.00028594115,0.016909795,0.0006267868
2023-08-24,7.345305e-06,0.064775825,0.92383134,0.98860717,0.98860717,0.0002937168,0.017138168,0.0006447304
2023-08-25,7.3150245e-06,0.065007634,0.92359483,0.98860246,0.98860246,0.00027889712,0.016700214,0.0006418073
2023-08-28,6.7120263e-06,0.06846788,0.92031723,0.9887851,0.9887851,0.00027086982,0.016458124,0.0005984912
2023-08-29,7.130418e-06,0.065789744,0.922937,0.98872674,0.98872674,0.00025667247,0.016021,0.0006325069
2023-08-30,7.2719854e-06,0.06518024,0.92344695,0.9886272,0.9886272,0.0002549854,0.015968263,0.00063941884
2023-08-31,7.207074e-06,0.0655925,0.92305064,0.9886431,0.98864317,0.0002447351,0.015644012,0.00063459924
2023-09-01,7.3247365e-06,0.06509623,0.9234873,0.9885835,0.98858356,0.00027078812,0.016455641,0.0006415924
2023-09-05,6.927019e-06,0.066990495,0.92179114,0.98878163,0.98878163,0.00029023355,0.017036242,0.0006174711
2023-09-06,6.789273e-06,0.067853495,0.9209498,0.9888033,0.9888033,0.0002857819,0.016905084,0.0006063652
2023-09-07,7.097564e-06,0.065938205,0.922783,0.9887212,0.98872125,0.00027612838,0.016617112,0.00062928314
2023-09-08,7.227301e-06,0.06533538,0.92332524,0.98866063,0.98866063,0.00026604158,0.016310781,0.00063736376
2023-09-11,7.1121644e-06,0.06605032,0.92262924,0.9886795,0.9886795,0.0002561657,0.016005177,0.0006282569
2023-09-12,6.950766e-06,0.066804856,0.92196083,0.98876566,0.9887657,0.00024395958,0.015619205,0.0006187069
2023-09-13,7.1339646e-06,0.065899774,0.9227778,0.98867756,0.98867756,0.00025201138,0.015874866,0.00063007313
2023-09-14,7.0900687e-06,0.06609812,0.9226024,0.9887005,0.9887005,0.0002406596,0.015513208,0.000627468
2023-09-15,7.078386e-06,0.06600695,0.92273504,0.988742,0.988742,0.00025082356,0.01583741,0.0006287424
2023-09-18,6.9707085e-06,0.06654756,0.92223877,0.98878634,0.98878634,0.00024131485,0.0155343115,0.0006216265
2023-09-19,7.149949e-06,0.06566661,0.92303437,0.988701,0.988701,0.00023331738,0.01527473,0.00063279405
2023-09-20,7.0356687e-06,0.066389024,0.9223531,0.9887421,0.9887421,0.00022322667,0.014940772,0.00062495464
2023-09-21,6.8600516e-06,0.06751306,0.9212686,0.98878163,0.98878163,0.00022007863,0.014835048,0.0006115017
2023-09-22,6.996243e-06,0.06644522,0.92232484,0.98877007,0.98877007,0.00021337294,0.014607291,0.00062299956
2023-09-25,7.0902443e-06,0.06586351,0.9228908,0.9887543,0.9887543,0.00020497569,0.014316972,0.0006304834
2023-09-26,7.243953e-06,0.06522414,0.92343533,0.98865944,0.9886595,0.00019738569,0.0140494015,0.0006387651
2023-09-27,7.1142144e-06,0.06582469,0.92289853,0.9887232,0.9887232,0.00019333157,0.013904372,0.0006308728
2023-09-28,7.058239e-06,0.06627141,0.9224388,0.9887102,0.9887102,0.00026855525,0.016387654,0.00062518864
2023-09-29,7.2809025e-06,0.065062165,0.9235837,0.98864585,0.98864585,0.0002853939,0.016893605,0.0006412548
2023-10-02,7.3554806e-06,0.06479213,0.9237976,0.9885897,0.98858976,0.000277796,0.016667213,0.0006446354
2023-10-03,7.125863e-06,0.06610173,0.9226035,0.9887052,0.9887052,0.00029584463,0.017200135,0.00063089863
2023-10-04,7.392133e-06,0.06449072,0.924111,0.98860174,0.98860174,0.0002813339,0.016773012,0.00064853195
2023-10-05,6.7717847e-06,0.068975694,0.9198735,0.98884916,0.98884916,0.0004844959,0.022011267,0.0006072894
2023-10-06,7.5279972e-06,0.064528935,0.9239495,0.9884784,0.9884784,0.00048950216,0.022124697,0.0006533825
2023-10-09,7.6066162e-06,0.06389967,0.9245171,0.9884168,0.9884168,0.00046180992,0.021489764,0.00065669336
2023-10-10,7.5632347e-06,0.06430523,0.92407197,0.9883772,0.9883772,0.00054841005,0.023418156,0.00065072475
2023-10-11,7.6257465e-06,0.063879,0.92451143,0.98839045,0.98839045,0.0005159386,0.022714281,0.0006568509
2023-10-12,7.5461976e-06,0.064098336,0.92440355,0.9885019,0.9885019,0.0005402446,0.023243163,0.0006562999
2023-10-13,7.6179845e-06,0.06363396,0.9248243,0.9884583,0.9884583,0.0005102817,0.022589415,0.00066003867
2023-10-16,6.865388e-06,0.06782867,0.92083883,0.9886675,0.9886675,0.00067777105,0.026034037,0.00060581346
2023-10-17,7.391415e-06,0.06492627,0.9236328,0.98855907,0.98855907,0.0006408382,0.025314782,0.00064605003
2023-10-18,7.5500925e-06,0.06397757,0.9245001,0.9884777,0.9884777,0.00059929426,0.024480488,0.00065525953
2023-10-19,7.3806286e-06,0.064780675,0.9237653,0.98854595,0.98854595,0.0005840559,0.024167249,0.0006443687
2023-10-20,7.500448e-06,0.06416121,0.9243499,0.98851115,0.9885111,0.00055559847,0.023571135,0.0006528456
2023-10-23,7.282359e-06,0.06529109,0.9233457,0.9886368,0.9886368,0.00052439386,0.022899648,0.00064087176
2023-10-24,7.5418143e-06,0.064032026,0.9245138,0.98854584,0.98854584,0.0005840912,0.02416798,0.00065843423
2023-10-25,7.662084e-06,0.06351139,0.92496586,0.98847723,0.98847723,0.000575568,0.023990998,0.0006649515
2023-10-26,7.783234e-06,0.062968366,0.92540944,0.9883778,0.9883778,0.00056363654,0.023741031,0.00066968735
2023-10-27,7.732232e-06,0.06320066,0.9251994,0.98840004,0.98840004,0.0005722716,0.0239222,0.00066657417
2023-10-30,7.616362e-06,0.063964225,0.92442006,0.9883843,0.9883843,0.00058457116,0.024177907,0.00065569585
2023-10-31,7.6045612e-06,0.06387865,0.9246456,0.98852426,0.98852426,0.00064395176,0.025376204,0.000662664
2023-11-01,7.4984746e-06,0.06437883,0.92409086,0.9884697,0.9884697,0.00061945594,0.024888871,0.00065032893
2023-11-02,7.60393e-06,0.06409311,0.9243567,0.9884498,0.9884498,0.00058347906,0.024155311,0.0006583382
2023-11-03,7.409848e-06,0.064748816,0.92376715,0.988516,0.988516,0.0005856182,0.02419955,0.0006452308
2023-11-06,7.518384e-06,0.064307705,0.92423314,0.9885408,0.9885408,0.00058621063,0.024211787,0.00065610185
2023-11-07,7.261335e-06,0.065476954,0.92313385,0.9886108,0.9886108,0.0005501493,0.023455262,0.00063756347
2023-11-08,7.0680967e-06,0.06703946,0.92167485,0.98871434,0.98871434,0.00064110116,0.025319975,0.0006262899
2023-11-09,7.553648e-06,0.06440811,0.9241569,0.988565,0.988565,0.000646678,0.025429863,0.00066057424
2023-11-10,7.688595e-06,0.06354427,0.9249405,0.9884848,0.9884848,0.0006069202,0.02463575,0.000667691
2023-11-13,7.7057875e-06,0.06329763,0.9251618,0.9884594,0.9884594,0.00059072213,0.024304776,0.00066771166
2023-11-14,7.271892e-06,0.06543514,0.92313695,0.98857206,0.9885721,0.00056625216,0.023796054,0.0006363258
2023-11-15,7.4912687e-06,0.064361975,0.92412835,0.98849034,0.98849034,0.0005300039,0.023021813,0.0006508681
2023-11-16,7.634059e-06,0.06342856,0.9250658,0.9884944,0.9884944,0.0005253828,0.02292123,0.0006635079
2023-11-17,6.9284797e-06,0.06809017,0.92069864,0.98878884,0.98878884,0.00065559667,0.025604622,0.00061799865
2023-11-20,7.206618e-06,0.06587428,0.9227732,0.98864746,0.98864746,0.0007192511,0.026818857,0.00063480233
2023-11-21,7.3152305e-06,0.06584926,0.92263377,0.988483,0.988483,0.0007029238,0.02651271,0.0006351687
2023-11-22,7.719021e-06,0.06342054,0.9249608,0.9883813,0.9883813,0.0006561069,0.025614584,0.0006643633
2023-11-24,7.803883e-06,0.06284322,0.9255625,0.9884057,0.9884057,0.00061960524,0.02489187,0.0006730795
2023-11-27,7.461065e-06,0.064694464,0.92386705,0.9885615,0.9885615,0.00060816074,0.024660915,0.00065227714
2023-11-28,7.530864e-06,0.06409055,0.92445314,0.9885437,0.9885437,0.0005748932,0.023976931,0.00065735506
2023-11-29,7.0646515e-06,0.06642769,0.922242,0.9886697,0.9886697,0.0005652886,0.0237758,0.00062351814
2023-11-30,7.331533e-06,0.064833544,0.9237933,0.98862684,0.98862684,0.0005512813,0.023479382,0.00064463454
2023-12-01,7.4534573e-06,0.06484056,0.9237017,0.98854226,0.98854226,0.0005569403,0.023599582,0.0006505172
2023-12-04,7.218457e-06,0.066117235,0.92257065,0.9886879,0.9886879,0.0005638465,0.023745453,0.0006381167
2023-12-05,7.4496543e-06,0.06471419,0.923893,0.98860717,0.98860717,0.00054081675,0.023255467,0.0006538896
2023-12-06,7.557903e-06,0.06396625,0.92457813,0.9885444,0.9885444,0.0005137666,0.02266642,0.0006597564
2023-12-07,6.96191e-06,0.06807978,0.92065257,0.98873234,0.98873234,0.0005940209,0.024372544,0.0006178664
2023-12-08,7.5893886e-06,0.06405588,0.92448294,0.9885388,0.9885388,0.000553894,0.023534952,0.00066218106
2023-12-11,7.3458705e-06,0.06501062,0.9235718,0.98858243,0.98858243,0.0005651625,0.023773147,0.00064338313
2023-12-12,7.3894043e-06,0.065132104,0.9234073,0.9885394,0.9885394,0.00052938226,0.02300831,0.0006447658
2023-12-13,7.045145e-06,0.067477085,0.9212483,0.9887254,0.9887254,0.0005951726,0.024396159,0.00062487007
2023-12-14,7.1874106e-06,0.065738335,0.9229533,0.9886916,0.9886916,0.0005654206,0.023778575,0.0006355831
2023-12-15,7.037478e-06,0.06651982,0.9221743,0.9886941,0.9886941,0.0005869629,0.024227317,0.0006224591
2023-12-18,7.4262875e-06,0.06451219,0.92403924,0.98855144,0.98855144,0.0005486826,0.023423975,0.00064866553
2023-12-19,7.3900046e-06,0.06477204,0.9237735,0.9885456,0.98854554,0.00052746903,0.022966694,0.00064516714
2023-12-20,6.816212e-06,0.067826875,0.9209694,0.9887963,0.9887963,0.000505696,0.022487685,0.00060838903
2023-12-21,7.209276e-06,0.065512165,0.92315257,0.98866475,0.98866475,0.00047977982,0.021903876,0.00063600484
2023-12-22,7.3779806e-06,0.06451899,0.9241092,0.9886282,0.9886282,0.00045156298,0.021250011,0.0006487967
2023-12-26,7.4578857e-06,0.06430851,0.92425406,0.9885626,0.9885626,0.00042610546,0.020642322,0.0006520604
2023-12-27,7.0517804e-06,0.06633168,0.9223878,0.98871946,0.98871946,0.00044720038,0.021147113,0.0006251281
2023-12-28,7.4427917e-06,0.06425014,0.92434216,0.98859227,0.98859227,0.00044540994,0.021104738,0.0006524339
2023-12-29,7.268959e-06,0.0658917,0.9227208,0.9886125,0.9886125,0.00048627774,0.022051707,0.0006383264
2024-01-02,7.550904e-06,0.06403211,0.924507,0.98853916,0.9885391,0.00045620833,0.021359034,0.0006588438
2024-01-03,7.5807043e-06,0.06381648,0.9247059,0.9885224,0.9885224,0.00045034807,0.021221407,0.0006604788
2024-01-04,7.0314063e-06,0.06670238,0.92195934,0.9886617,0.9886617,0.0004901631,0.022139627,0.0006201468
2024-01-05,7.691887e-06,0.063187726,0.92527753,0.98846525,0.98846525,0.00046247506,0.021505233,0.00066684466
2024-01-08,7.5784646e-06,0.06382579,0.9246559,0.9884817,0.9884817,0.00046606583,0.021588558,0.00065794995
2024-01-09,7.552248e-06,0.06430606,0.92419255,0.9884986,0.9884986,0.00055271725,0.02350994,0.0006566389
2024-01-10,6.8442655e-06,0.06783239,0.9208833,0.9887157,0.9887157,0.00054492283,0.023343582,0.00060653035
2024-01-11,7.3190117e-06,0.06569228,0.9228561,0.9885484,0.9885484,0.0005190081,0.022781748,0.0006391256
2024-01-12,7.2639477e-06,0.06533551,0.923272,0.9886075,0.9886075,0.00049140834,0.022167731,0.00063760934
2024-01-16,7.5193593e-06,0.06399667,0.9245309,0.9885276,0.9885276,0.0004661244,0.021589914,0.00065543014
2024-01-17,6.381472e-06,0.07106626,0.9178715,0.98893774,0.98893774,0.0004395406,0.020965224,0.0005768685
2024-01-18,7.1301006e-06,0.065707125,0.9230305,0.98873764,0.98873764,0.00041009884,0.020250898,0.0006330913
2024-01-19,6.7779065e-06,0.06779707,0.92103744,0.9888345,0.9888345,0.00041326002,0.020328797,0.0006070401
2024-01-22,6.8826403e-06,0.067349,0.9214594,0.9888084,0.9888084,0.00039329947,0.019831778,0.00061498233
2024-01-23,6.3603075e-06,0.07039454,0.91864365,0.98903817,0.98903817,0.00040718468,0.020178817,0.0005802231
2024-01-24,7.218266e-06,0.06529635,0.92339563,0.988692,0.988692,0.00038925427,0.019729529,0.00063833187
2024-01-25,7.258511e-06,0.06504868,0.9236347,0.9886834,0.9886834,0.00037241916,0.019298164,0.000641404
2024-01-26,6.5810223e-06,0.06917133,0.91969436,0.9888657,0.9888657,0.00040801644,0.020199416,0.00059105706
2024-01-29,6.845375e-06,0.067197196,0.92165613,0.98885334,0.98885334,0.00038640227,0.019657118,0.0006141187
2024-01-30,6.6521825e-06,0.06903317,0.9198003,0.9888334,0.9888334,0.00038046096,0.019505408,0.0005957229
2024-01-31,6.0434772e-06,0.07277009,0.9163693,0.9891394,0.98913944,0.00036865787,0.019200465,0.00055645773
2024-02-01,7.041703e-06,0.06615282,0.9226227,0.9887755,0.9887755,0.00039260607,0.01981429,0.0006273507
2024-02-02,7.018724e-06,0.066778705,0.9219645,0.98874325,0.98874325,0.0004188115,0.020464884,0.0006235122
2024-02-05,7.3883334e-06,0.0648727,0.92374456,0.98861724,0.98861724,0.00042350322,0.020579195,0.0006490811
2024-02-06,6.918367e-06,0.06716406,0.9215771,0.98874116,0.98874116,0.0004014707,0.020036733,0.0006144831
2024-02-07,7.075264e-06,0.06624854,0.9224516,0.98870015,0.98870015,0.00038021215,0.01949903,0.00062613795
2024-02-08,6.7327546e-06,0.06800451,0.92085475,0.98885924,0.98885924,0.00036127152,0.019007144,0.0006043351
2024-02-09,6.3417783e-06,0.0703105,0.91871107,0.9890216,0.98902154,0.00040567017,0.020141255,0.0005776596
2024-02-12,6.523197e-06,0.06911142,0.9198617,0.9889731,0.9889731,0.00038338266,0.01958016,0.0005915702
2024-02-13,6.541516e-06,0.068945795,0.9200295,0.98897535,0.9889753,0.00035922672,0.018953277,0.0005933534
2024-02-14,6.3686853e-06,0.06989563,0.91916794,0.98906356,0.98906356,0.00034702965,0.018628731,0.0005823363
2024-02-15,6.6496564e-06,0.068659104,0.92026865,0.9889278,0.9889278,0.00034359997,0.01853645,0.0006005713
2024-02-16,6.8087074e-06,0.06743636,0.92142886,0.9888652,0.9888652,0.0003444517,0.01855941,0.0006114798
2024-02-20,6.854589e-06,0.067088954,0.92177683,0.9888658,0.9888658,0.00033841105,0.018395951,0.0006156333
2024-02-21,6.7122483e-06,0.06860768,0.92022693,0.9888346,0.9888346,0.0003302623,0.01817312,0.0006011661
2024-02-22,7.10681e-06,0.065834075,0.922907,0.98874104,0.98874104,0.0003115666,0.017651249,0.0006312137
2024-02-23,6.7009573e-06,0.0681537,0.92072815,0.9888818,0.9888818,0.00029964405,0.01731023,0.0006027031
2024-02-26,6.610211e-06,0.06923335,0.91966766,0.988901,0.988901,0.0003344226,0.018287225,0.0005955692
2024-02-27,6.817031e-06,0.06751629,0.9213118,0.98882806,0.98882806,0.0003275665,0.018098798,0.0006101924
2024-02-28,6.849138e-06,0.06732305,0.92149293,0.98881596,0.98881596,0.00032644306,0.018067734,0.00061240303
2024-02-29,7.1973122e-06,0.06530249,0.9234302,0.9887327,0.9887327,0.000308986,0.017577998,0.00063877855
2024-03-01,7.0196547e-06,0.06669389,0.9220338,0.9887277,0.9887277,0.00029347208,0.017131027,0.0006227343
2024-03-04,5.5347177e-06,0.07597803,0.9134148,0.9893928,0.9893928,0.00030808747,0.01755242,0.0005217896
2024-03-05,7.0627943e-06,0.066048525,0.922723,0.9887715,0.9887715,0.00030576633,0.017486176,0.00062900595
2024-03-06,7.0819515e-06,0.06619725,0.9225166,0.98871386,0.98871386,0.00029317712,0.017122416,0.00062749104
2024-03-07,6.8283316e-06,0.067365974,0.9214809,0.98884684,0.9888469,0.00028743385,0.016953874,0.00061223283
2024-03-08,6.760574e-06,0.06775175,0.921114,0.9888658,0.9888658,0.0002722096,0.016498776,0.0006071895
2024-03-11,6.975087e-06,0.06659106,0.9221908,0.98878187,0.98878187,0.00026719214,0.016346013,0.0006217691
2024-03-12,6.7551255e-06,0.067625836,0.9212798,0.9889056,0.9889056,0.00025348368,0.015921172,0.0006088775
2024-03-13,6.7920028e-06,0.06762506,0.92123055,0.9888556,0.9888556,0.00024197344,0.015555495,0.00060945435
2024-03-14,6.475574e-06,0.06928483,0.9197267,0.9890115,0.9890115,0.00027984922,0.016728694,0.00058930606
2024-03-15,6.8712884e-06,0.0669681,0.92189485,0.98886293,0.98886293,0.00028859696,0.016988141,0.0006169746
2024-03-18,6.835943e-06,0.067279115,0.9215708,0.9888499,0.9888499,0.00027350985,0.016538134,0.0006130824
2024-03-19,6.653687e-06,0.06814693,0.9208162,0.9889631,0.9889631,0.00028656595,0.01692826,0.00060285977
2024-03-20,6.8606287e-06,0.06694133,0.92194414,0.98888546,0.98888546,0.00027579072,0.016606947,0.0006172662
2024-03-21,6.7920328e-06,0.067854635,0.9209645,0.9888191,0.9888191,0.000293278,0.01712536,0.00060746865
2024-03-22,7.139969e-06,0.0657079,0.92301005,0.988718,0.988718,0.00028094984,0.016761558,0.00063286227
2024-03-25,7.124945e-06,0.06575731,0.9229714,0.98872876,0.98872876,0.00026857972,0.016388401,0.0006321351
2024-03-26,6.8944532e-06,0.067001365,0.92181814,0.9888195,0.9888195,0.0002718508,0.016487898,0.0006166487
2024-03-27,6.9402286e-06,0.06693466,0.9218421,0.98877674,0.98877674,0.00025871486,0.016084615,0.0006183792
2024-03-28,7.248755e-06,0.065003425,0.9237102,0.9887136,0.9887136,0.00024627888,0.015693275,0.000642257
2024-04-01,6.8649556e-06,0.06717747,0.92164814,0.9888256,0.9888256,0.00026588014,0.016305832,0.00061434775
2024-04-02,7.2269945e-06,0.06533945,0.92334497,0.9886844,0.9886844,0.00025452318,0.015953783,0.0006386762
2024-04-03,6.6477237e-06,0.06841861,0.92049295,0.98891157,0.98891157,0.0002607201,0.01614683,0.0005995189
2024-04-04,6.9119574e-06,0.06681643,0.92201686,0.9888333,0.9888333,0.00024727295,0.015724914,0.00061897986
2024-04-05,6.671554e-06,0.06808606,0.92085564,0.9889417,0.98894167,0.00024663,0.015704459,0.00060330896
2024-04-08,6.8275563e-06,0.06722112,0.92166144,0.98888254,0.98888254,0.00023459285,0.015316424,0.00061412924
2024-04-09,7.0765545e-06,0.066025615,0.92272913,0.98875475,0.98875475,0.0002252858,0.015009523,0.00062929274
2024-04-10,7.0999276e-06,0.06593621,0.92279685,0.98873305,0.98873305,0.00022830442,0.015109746,0.00063015544
2024-04-11,6.9797493e-06,0.06645693,0.9223477,0.98880464,0.98880464,0.0002260413,0.01503467,0.0006234501
2024-04-12,6.7590017e-06,0.06805575,0.9207933,0.98884904,0.98884904,0.0002287519,0.015124546,0.0006061365
2024-04-15,6.9892967e-06,0.06633929,0.9224725,0.9888118,0.9888118,0.00022098054,0.014865414,0.000624702
2024-04-16,6.9150033e-06,0.06712502,0.9216603,0.9887853,0.9887853,0.00021150064,0.014543061,0.0006166032
2024-04-17,6.943305e-06,0.06658382,0.92225355,0.98883736,0.98883736,0.0002018923,0.014208881,0.0006220129
2024-04-18,6.999878e-06,0.0670413,0.9217,0.9887413,0.9887413,0.00026139413,0.016167687,0.0006217294
2024-04-19,7.335749e-06,0.06477676,0.92388695,0.98866373,0.98866373,0.00024793088,0.01574582,0.00064710446
2024-04-22,7.3403503e-06,0.06488905,0.92375064,0.9886397,0.9886397,0.00023783003,0.015421739,0.00064614124
2024-04-23,7.102057e-06,0.06611531,0.92258966,0.988705,0.988705,0.00022793996,0.0150976805,0.0006287777
2024-04-24,7.147211e-06,0.06578788,0.9229245,0.98871243,0.98871243,0.00021969751,0.014822196,0.00063319306
2024-04-25,6.610319e-06,0.06919983,0.919729,0.9889288,0.9889288,0.00021300561,0.014594711,0.0005970731
2024-04-26,6.908967e-06,0.06689759,0.921976,0.98887354,0.98887354,0.00020799607,0.014422068,0.0006209493
2024-04-29,7.0259684e-06,0.06633232,0.92245334,0.9887857,0.9887857,0.00019932198,0.014118143,0.0006265178
2024-04-30,7.0062115e-06,0.0663284,0.92248505,0.98881346,0.98881346,0.00020560762,0.014339024,0.0006263073
2024-05-01,7.0561873e-06,0.067127936,0.9215289,0.9886568,0.9886568,0.00020174956,0.014203857,0.0006220642
2024-05-02,6.904013e-06,0.06785955,0.92089766,0.9887572,0.9887572,0.00028316962,0.016827645,0.0006140827
2024-05-03,7.511789e-06,0.064230725,0.92432237,0.9885531,0.9885531,0.0002677258,0.016362328,0.0006562295
2024-05-06,7.661836e-06,0.0633897,0.9250759,0.9884656,0.9884656,0.00026265683,0.016206691,0.00066426006
2024-05-07,7.4824284e-06,0.06437461,0.9241687,0.98854333,0.98854333,0.00025191586,0.015871858,0.00065310684
2024-05-08,7.4834747e-06,0.06426238,0.92427903,0.9885414,0.9885414,0.00024044262,0.015506213,0.00065308943
2024-05-09,7.2896273e-06,0.06522516,0.9234088,0.988634,0.988634,0.00023334805,0.0152757345,0.00064135325
2024-05-10,7.358409e-06,0.064691044,0.92394596,0.98863703,0.98863703,0.00022342244,0.014947322,0.000647578
2024-05-13,7.220943e-06,0.065814525,0.9228399,0.9886544,0.9886544,0.00022461276,0.014987086,0.00063645176
2024-05-14,7.3804567e-06,0.064654656,0.9239723,0.98862696,0.98862696,0.00022202476,0.014900495,0.000648943
2024-05-15,7.3028236e-06,0.065366104,0.92323864,0.9886047,0.9886047,0.0002256335,0.015021102,0.00064086413
2024-05-16,7.350636e-06,0.06493831,0.9236774,0.9886157,0.9886157,0.00021934228,0.014810209,0.0006456814
2024-05-17,7.4154113e-06,0.06448086,0.92410725,0.9885881,0.9885881,0.00021347322,0.014610723,0.0006497961
2024-05-20,7.2429298e-06,0.06519043,0.92348534,0.9886758,0.9886758,0.00021137384,0.014538702,0.00063959596
2024-05-21,7.346154e-06,0.06481391,0.9238079,0.98862183,0.98862183,0.00020323806,0.014256159,0.0006456358
2024-05-22,7.044001e-06,0.06712861,0.92152,0.9886486,0.9886486,0.00019830058,0.014081924,0.00062053994
2024-05-23,7.4315544e-06,0.064405315,0.92417175,0.98857707,0.98857707,0.00022165812,0.014888187,0.000650582
2024-05-24,7.2505404e-06,0.06599733,0.9226328,0.9886301,0.9886302,0.00021785607,0.0147599485,0.00063769694
2024-05-28,7.2592043e-06,0.06538869,0.92329454,0.9886832,0.9886832,0.00021589083,0.014693224,0.0006414551
2024-05-29,7.3507904e-06,0.064824656,0.9237812,0.98860586,0.98860586,0.0002526775,0.015895832,0.0006451376
2024-05-30,7.3439514e-06,0.065193914,0.9234032,0.9885971,0.9885971,0.00024469587,0.015642758,0.00064404216
2024-05-31,7.4167656e-06,0.06477397,0.92379034,0.9885643,0.9885643,0.00025222433,0.015881572,0.00064856315
2024-06-03,7.622765e-06,0.06378877,0.9247143,0.9885031,0.9885031,0.00024992952,0.01580916,0.0006630278
2024-06-04,7.3586953e-06,0.065295696,0.9232824,0.9885781,0.9885781,0.00032549788,0.01804156,0.00064426084
2024-06-05,7.2476823e-06,0.06617885,0.9224586,0.98863745,0.98863745,0.0003195986,0.01787732,0.0006378569
2024-06-06,7.688406e-06,0.06325337,0.9252349,0.9884883,0.9884883,0.00030991837,0.017604498,0.00066787854
2024-06-07,7.6390825e-06,0.063706815,0.92473596,0.9884428,0.9884428,0.00031860115,0.017849403,0.00066097913
2024-06-10,7.737135e-06,0.06308276,0.925346,0.9884288,0.9884288,0.00030227716,0.01738612,0.0006686529
2024-06-11,7.4587792e-06,0.06457395,0.92393947,0.9885134,0.9885134,0.00033905354,0.018413406,0.0006493467
2024-06-12,7.4089558e-06,0.064634636,0.9239365,0.9885711,0.9885711,0.00032093714,0.017914718,0.0006482654
2024-06-13,7.482708e-06,0.06452584,0.92397195,0.9884978,0.9884978,0.00030750688,0.017535875,0.00065054547
2024-06-14,7.298739e-06,0.06512964,0.92350036,0.98863,0.98863,0.0002917177,0.017079746,0.0006419294
2024-06-17,7.366191e-06,0.06469889,0.9239097,0.9886086,0.9886086,0.0002770762,0.016645607,0.00064664485
2024-06-18,7.15392e-06,0.06560665,0.92310697,0.9887136,0.9887136,0.0002989179,0.017289242,0.00063385436
2024-06-20,7.1065915e-06,0.06610314,0.9226153,0.98871845,0.98871845,0.00029800675,0.017262872,0.0006299304
2024-06-21,7.0648885e-06,0.06659376,0.92210895,0.9887027,0.9887027,0.00028537548,0.01689306,0.0006253616
2024-06-24,7.456681e-06,0.06414921,0.92443526,0.98858446,0.98858446,0.00029159288,0.01707609,0.00065320433
2024-06-25,7.5638513e-06,0.06381111,0.9247046,0.98851573,0.98851573,0.00028456483,0.01686905,0.00065862737
2024-06-26,7.479581e-06,0.06424132,0.92430055,0.9885419,0.98854184,0.0002771947,0.016649164,0.0006527768
2024-06-27,7.277077e-06,0.065140784,0.92350984,0.9886506,0.9886506,0.00026371607,0.016239338,0.0006411872
2024-06-28,7.494947e-06,0.063991286,0.9245791,0.9885704,0.9885704,0.0002574551,0.016045408,0.0006557484
2024-07-01,7.3335395e-06,0.06487823,0.9237364,0.9886146,0.9886146,0.00024599492,0.015684225,0.00064411893
2024-07-02,6.746263e-06,0.06802905,0.9208215,0.98885053,0.98885053,0.0002661878,0.016315263,0.000605075
2024-07-03,7.219177e-06,0.06531553,0.9233696,0.98868513,0.98868513,0.000255285,0.015977642,0.0006380257
2024-07-05,7.190645e-06,0.06544596,0.92325145,0.9886974,0.9886974,0.0002533113,0.015915757,0.0006361944
2024-07-08,7.0865176e-06,0.06618461,0.92252696,0.9887116,0.9887116,0.0002461969,0.015690662,0.0006277696
2024-07-09,7.486687e-06,0.06405399,0.92451495,0.98856896,0.98856896,0.00024118935,0.015530272,0.00065494375
2024-07-10,7.3357046e-06,0.06498343,0.92362654,0.98860997,0.98860997,0.00023890517,0.015456557,0.0006440461
2024-07-11,7.463351e-06,0.064247444,0.9243179,0.9885653,0.9885653,0.00023236603,0.015243557,0.00065269467
2024-07-12,7.3165306e-06,0.06484469,0.92379904,0.9886437,0.9886437,0.00022461498,0.01498716,0.000644271
2024-07-15,7.468358e-06,0.06420937,0.9243599,0.9885693,0.98856926,0.0002165779,0.014716586,0.00065336074
2024-07-16,7.042994e-06,0.066523254,0.922203,0.98872626,0.98872626,0.00020863794,0.014444305,0.00062472554
2024-07-17,7.2587522e-06,0.06522934,0.92344916,0.9886785,0.9886785,0.00021320081,0.014601397,0.0006411484
2024-07-18,7.0636493e-06,0.06625896,0.92247915,0.9887381,0.9887381,0.00024593002,0.015682155,0.0006272176
2024-07-19,7.2293437e-06,0.06518581,0.92350936,0.98869514,0.98869514,0.00023395286,0.015295518,0.00063949014
2024-07-22,7.3482e-06,0.06526012,0.9233678,0.9886279,0.9886279,0.00029538665,0.017186817,0.000646161
2024-07-23,7.3125734e-06,0.065332875,0.92326045,0.98859334,0.98859334,0.00028148908,0.016777636,0.00064107927
2024-07-24,7.418666e-06,0.06518013,0.9233457,0.9885258,0.9885258,0.0003529347,0.018786557,0.00064655236
2024-07-25,7.487715e-06,0.06420143,0.9243614,0.9885628,0.9885628,0.00033738223,0.018367967,0.00065468205
2024-07-26,7.5654243e-06,0.063870795,0.92463464,0.9885054,0.9885054,0.00032411618,0.018003227,0.00065817335
2024-07-29,7.5682533e-06,0.06400051,0.9245427,0.9885432,0.9885432,0.00032096094,0.017915383,0.00066059123
2024-07-30,7.3721694e-06,0.065456,0.9231421,0.98859805,0.9885981,0.00032479226,0.018021993,0.0006465709
2024-07-31,7.435656e-06,0.064560354,0.92403686,0.9885972,0.9885972,0.00032112887,0.01792007,0.00065209117
2024-08-01,6.8653744e-06,0.06773439,0.9209893,0.9887237,0.98872364,0.0004150087,0.020371761,0.00060883194
2024-08-02,7.2856437e-06,0.0657982,0.9228148,0.988613,0.988613,0.0004189225,0.020467596,0.0006398217
2024-08-05,7.3828032e-06,0.06570712,0.92288184,0.9885889,0.9885889,0.00048632707,0.022052824,0.000646986
2024-08-06,7.733136e-06,0.0633919,0.9250848,0.98847675,0.98847675,0.0004605787,0.021461098,0.00067109003
2024-08-07,7.792635e-06,0.0629384,0.92547995,0.98841834,0.98841834,0.00043450622,0.020844813,0.0006728427
2024-08-08,7.598058e-06,0.06389585,0.92453754,0.98843336,0.98843336,0.00045619835,0.021358801,0.0006568942
2024-08-09,7.8547455e-06,0.062668204,0.9256978,0.988366,0.988366,0.00043926167,0.02095857,0.0006751548
2024-08-12,7.6928e-06,0.063368335,0.9250863,0.98845464,0.98845464,0.0004187507,0.0204634,0.00066631095
2024-08-13,7.1784966e-06,0.06588525,0.92273813,0.9886234,0.9886234,0.00050062494,0.022374649,0.0006309868
2024-08-14,7.409319e-06,0.065071344,0.92346627,0.9885376,0.9885376,0.0005005178,0.022372255,0.0006464026
2024-08-15,7.7178765e-06,0.06331205,0.9251227,0.98843473,0.98843473,0.0004904201,0.02214543,0.00066733226
2024-08-16,7.7564555e-06,0.06307901,0.92532045,0.98839945,0.98839945,0.0004756127,0.021808546,0.000668628
2024-08-19,7.483235e-06,0.06465093,0.92392987,0.9885808,0.9885808,0.00047244708,0.021735847,0.00065532175
2024-08-20,7.676711e-06,0.06364012,0.92485625,0.98849636,0.98849636,0.0005038774,0.022447214,0.00066732906
2024-08-21,7.66933e-06,0.06418729,0.9242287,0.988416,0.988416,0.000475088,0.021796513,0.0006620633
2024-08-22,7.649017e-06,0.06400645,0.92445236,0.9884588,0.9884588,0.00050130184,0.022389771,0.0006627582
2024-08-23,7.5885614e-06,0.06407965,0.9244398,0.98851943,0.98851943,0.00048484362,0.022019165,0.0006609917
2024-08-26,7.720122e-06,0.06321577,0.9252345,0.9884503,0.9884503,0.0004938984,0.022223825,0.0006684256
2024-08-27,7.615248e-06,0.06394346,0.92449033,0.9884338,0.9884338,0.00053686084,0.023170257,0.0006584041
2024-08-28,7.5225093e-06,0.06453651,0.9240093,0.98854584,0.98854584,0.00054375385,0.023318531,0.00065674883
2024-08-29,7.726522e-06,0.06348745,0.9249745,0.988462,0.988462,0.00052207016,0.022848854,0.000669657
2024-08-30,7.252163e-06,0.06557465,0.9230019,0.98857653,0.98857653,0.0005117566,0.022622038,0.00063484773
2024-09-03,7.704318e-06,0.06393529,0.9244657,0.988401,0.988401,0.00054600474,0.023366744,0.00066422235
2024-09-04,6.9145026e-06,0.06856889,0.9201631,0.988732,0.988732,0.00064114976,0.025320936,0.00061363954
2024-09-05,7.4857467e-06,0.064973556,0.923571,0.9885445,0.9885445,0.0006157216,0.02481374,0.00065346446
2024-09-06,7.804828e-06,0.06293645,0.9254682,0.98840463,0.98840463,0.0005762084,0.024004342,0.0006730987
2024-09-09,7.659732e-06,0.064097896,0.9243598,0.9884577,0.9884577,0.000571179,0.023899352,0.00066362147
2024-09-10,7.674367e-06,0.063834935,0.9246352,0.9884701,0.9884701,0.00055008277,0.023453843,0.0006656044
2024-09-11,7.4717973e-06,0.065227084,0.92333823,0.9885653,0.9885653,0.00064142473,0.025326364,0.0006534333
2024-09-12,7.68877e-06,0.06351548,0.92494196,0.98845744,0.98845744,0.0006348645,0.025196517,0.0006661235
2024-09-13,7.782781e-06,0.063018054,0.92535186,0.9883699,0.98836994,0.00063186744,0.025136974,0.0006691919
2024-09-16,7.800447e-06,0.0632406,0.92516357,0.98840415,0.98840415,0.00059398863,0.024371883,0.00067269325
2024-09-17,7.7105005e-06,0.06325001,0.9251804,0.9884304,0.9884304,0.0005839676,0.024165422,0.0006664438
2024-09-18,7.5238154e-06,0.06434908,0.9241095,0.9884586,0.9884586,0.00056285807,0.02372463,0.0006518965
2024-09-19,7.587879e-06,0.063776456,0.9247047,0.9884811,0.9884811,0.0005287902,0.022995438,0.0006587332
2024-09-20,7.3827778e-06,0.064784355,0.92377067,0.988555,0.988555,0.00050964375,0.02257529,0.00064506655
2024-09-23,7.596625e-06,0.06401813,0.9244292,0.9884473,0.9884473,0.00047820454,0.021867888,0.0006575632
2024-09-24,7.725144e-06,0.06321212,0.9252002,0.9884123,0.9884123,0.00048071958,0.021925319,0.0006666688
2024-09-25,7.442121e-06,0.06479366,0.9236736,0.9884673,0.9884673,0.00046976103,0.021673972,0.0006453047
2024-09-26,7.784913e-06,0.06305087,0.92532384,0.9883747,0.9883747,0.00048759964,0.022081658,0.0006696532
2024-09-27,7.672872e-06,0.06379171,0.9246299,0.9884216,0.9884216,0.0005144101,0.02268061,0.00066268956
2024-09-30,7.4798127e-06,0.064322695,0.92418563,0.98850834,0.98850834,0.0004866835,0.022060905,0.00065089075
2024-10-01,7.790547e-06,0.06322946,0.9250927,0.98832214,0.98832214,0.00045727525,0.021383995,0.000667121
2024-10-02,7.642302e-06,0.063893236,0.9244936,0.98838687,0.98838687,0.0004666913,0.021603039,0.0006580742
2024-10-03,7.79654e-06,0.06294759,0.9254198,0.9883674,0.9883674,0.0004399331,0.020974582,0.00067023066
2024-10-04,6.7233473e-06,0.06852347,0.92024827,0.98877174,0.98877174,0.0005721464,0.023919582,0.0005987878
2024-10-07,7.378874e-06,0.06504697,0.92345226,0.9884992,0.9884992,0.000538559,0.023206873,0.00064159796
2024-10-08,7.0648885e-06,0.06637827,0.9223035,0.9886818,0.9886818,0.0005899368,0.024288615,0.0006242056
2024-10-09,7.212255e-06,0.06610111,0.9225121,0.98861325,0.98861325,0.0007017073,0.026489759,0.00063339
2024-10-10,7.757427e-06,0.06316688,0.92523146,0.9883983,0.9883983,0.00065602706,0.025613025,0.0006686465
2024-10-11,7.1428294e-06,0.06630344,0.92227167,0.9885751,0.9885751,0.00069113413,0.02628943,0.0006251985
2024-10-14,7.830393e-06,0.06290793,0.92541844,0.9883264,0.9883264,0.000645654,0.025409723,0.00067077624
2024-10-15,7.5136772e-06,0.064615816,0.9238641,0.9884799,0.98848,0.0006397766,0.025293805,0.00065222394
2024-10-16,7.539554e-06,0.06453237,0.92396545,0.9884978,0.98849785,0.00073092367,0.0270356,0.00065548765
2024-10-17,7.714272e-06,0.06355119,0.9248818,0.988433,0.988433,0.0006834433,0.026142748,0.0006669209
2024-10-18,7.876414e-06,0.062567316,0.9257885,0.9883558,0.9883558,0.0006407035,0.025312122,0.0006764247
2024-10-21,7.478716e-06,0.06478171,0.92376584,0.98854756,0.98854756,0.0006285445,0.02507079,0.000653024
2024-10-22,7.6133856e-06,0.06381869,0.9246427,0.9884614,0.9884614,0.0006113338,0.024725165,0.0006598174
2024-10-23,6.9688526e-06,0.06746549,0.92116183,0.9886273,0.9886273,0.0006015984,0.024527503,0.0006127711
2024-10-24,7.787722e-06,0.06306542,0.9253098,0.9883752,0.9883752,0.00058477675,0.024182158,0.00066992233
2024-10-25,7.692073e-06,0.06334022,0.9250865,0.98842674,0.9884267,0.00055340905,0.023524648,0.00066464214
2024-10-28,7.4054124e-06,0.06496361,0.92351604,0.9884797,0.9884796,0.0005507524,0.023468114,0.00064281275
2024-10-29,6.552415e-06,0.07117996,0.9176627,0.98884267,0.98884267,0.00077794987,0.027891753,0.00058727426
2024-10-30,7.645011e-06,0.06364426,0.92483366,0.98847795,0.98847795,0.0007209919,0.026851293,0.00066351105
2024-10-31,6.734123e-06,0.0685587,0.9201719,0.9887306,0.9887306,0.0007008718,0.026473984,0.00059755874
2024-11-01,7.507132e-06,0.06516135,0.92319906,0.9883604,0.9883604,0.00065744814,0.025640752,0.00064496504
2024-11-04,7.9171605e-06,0.06251993,0.92579335,0.98831326,0.98831326,0.0006150796,0.024800798,0.000677448
2024-11-05,7.1703253e-06,0.06605169,0.92253506,0.9885867,0.9885868,0.000625869,0.025017375,0.00062824425
2024-11-06,7.352222e-06,0.06514475,0.92337,0.9885148,0.9885148,0.0005878033,0.024244655,0.00064014643
2024-11-07,7.5475937e-06,0.063987404,0.9245192,0.98850656,0.98850656,0.0005513815,0.023481514,0.00065668684
2024-11-08,7.4543036e-06,0.064490214,0.9240239,0.9885141,0.9885141,0.0005225675,0.022859735,0.0006489975
2024-11-11,7.563201e-06,0.064139724,0.9243452,0.9884849,0.9884849,0.00054081745,0.023255482,0.0006568083
2024-11-12,7.715993e-06,0.06317957,0.92525935,0.9884389,0.9884389,0.00058183575,0.024121271,0.0006674102
2024-11-13,7.638364e-06,0.06387074,0.92450875,0.9883795,0.9883795,0.0005461204,0.02336922,0.0006573168
2024-11-14,7.7808445e-06,0.062969826,0.9254127,0.9883825,0.9883825,0.00051371363,0.022665251,0.0006697531
2024-11-15,7.462357e-06,0.06460657,0.92388237,0.9884889,0.9884889,0.00048403983,0.022000905,0.0006482756
2024-11-18,7.671244e-06,0.063556656,0.924904,0.98846066,0.98846066,0.0004950256,0.022249172,0.0006647905
2024-11-19,6.9183843e-06,0.06738332,0.9213078,0.98869115,0.9886911,0.00052736496,0.022964427,0.00061176735
2024-11-20,7.4227696e-06,0.064672686,0.92384744,0.98852015,0.98852015,0.00049342384,0.022213146,0.0006465909
2024-11-21,7.431121e-06,0.06456006,0.9239948,0.98855484,0.98855484,0.00046716584,0.021614019,0.0006492804
2024-11-22,7.424727e-06,0.06478165,0.92370856,0.9884902,0.9884902,0.00045877974,0.021419145,0.00064508006
2024-11-25,7.1549994e-06,0.066121094,0.92248136,0.98860246,0.98860246,0.00044756738,0.021155788,0.00062776695
2024-11-26,7.5050907e-06,0.06402985,0.9245142,0.98854405,0.98854405,0.00049227837,0.022187347,0.0006551258
2024-11-27,7.692782e-06,0.06337414,0.925043,0.98841715,0.98841715,0.00046309273,0.02151959,0.00066415267
2024-11-29,7.3382503e-06,0.0653244,0.9232188,0.9885432,0.9885432,0.00043613254,0.020883787,0.0006405155
2024-12-02,7.652222e-06,0.06330131,0.92519516,0.9884965,0.9884965,0.00041756235,0.020434342,0.0006652071
2024-12-03,7.447465e-06,0.064818606,0.9236758,0.9884944,0.9884944,0.00039407486,0.01985132,0.00064729026
2024-12-04,6.9311104e-06,0.06704131,0.9217107,0.98875207,0.988752,0.0004166973,0.020413164,0.0006162119
2024-12-05,7.483299e-06,0.06441907,0.9241129,0.988532,0.988532,0.0004190656,0.020471092,0.0006525378
2024-12-06,7.740933e-06,0.063052915,0.92537963,0.9884325,0.9884325,0.00039565115,0.01989098,0.0006691983
2024-12-09,7.667188e-06,0.06361087,0.92484355,0.9884544,0.9884544,0.0003909823,0.019773273,0.00066407886
2024-12-10,7.2942585e-06,0.06524433,0.92333627,0.9885806,0.9885806,0.00038769736,0.019690031,0.00063875935
2024-12-11,7.519679e-06,0.064191565,0.9242926,0.9884842,0.9884842,0.00036584647,0.019127114,0.0006529882
2024-12-12,7.196021e-06,0.06556524,0.9230935,0.9886587,0.9886587,0.00038340077,0.019580621,0.0006344985
2024-12-13,7.561355e-06,0.06391442,0.92457217,0.9884866,0.9884866,0.0003622059,0.019031707,0.0006567432
2024-12-16,7.1047725e-06,0.06615043,0.92252254,0.988673,0.988673,0.00036255433,0.01904086,0.00062724063
2024-12-17,7.355679e-06,0.06486999,0.92370844,0.98857844,0.98857844,0.00034624504,0.018607661,0.00064401695
2024-12-18,7.3614324e-06,0.06471689,0.92388713,0.988604,0.988604,0.00033266115,0.018239,0.00064596685
2024-12-19,7.321557e-06,0.0648678,0.9237622,0.98863,0.98863,0.00031775824,0.017825775,0.0006439362
2024-12-20,7.336298e-06,0.06479265,0.92383987,0.9886325,0.9886325,0.00030705446,0.01752297,0.0006453748
2024-12-23,7.4603645e-06,0.064371854,0.92415714,0.98852897,0.98852897,0.0002939105,0.017143818,0.00065036555
2024-12-24,7.381068e-06,0.06478885,0.9237695,0.98855835,0.9885583,0.00027982864,0.016728079,0.0006451053
2024-12-26,7.032266e-06,0.06624009,0.92252475,0.9887648,0.9887648,0.0002753731,0.016594369,0.00062591495
2024-12-27,7.1467857e-06,0.0663079,0.9223339,0.9886418,0.9886418,0.00026441852,0.01626095,0.00062921806
2024-12-30,6.966796e-06,0.066735886,0.9220381,0.98877394,0.98877394,0.00026354697,0.01623413,0.00062059145
2024-12-31,6.7234632e-06,0.0678159,0.9210976,0.9889135,0.9889135,0.000251821,0.015868869,0.0006064537
2025-01-02,6.7530273e-06,0.06815711,0.9206444,0.9888015,0.9888015,0.0002454465,0.015666733,0.0006030285
2025-01-03,6.6514845e-06,0.06829242,0.92063993,0.9889324,0.9889324,0.00025792792,0.016060134,0.0006009855
2025-01-06,6.6209805e-06,0.06877784,0.9201021,0.98888,0.98888,0.00025244514,0.015888521,0.00059541076
2025-01-07,6.819005e-06,0.067180045,0.9217198,0.9888998,0.9888998,0.00024110063,0.015527415,0.0006143152
2025-01-08,6.7464207e-06,0.06805834,0.9207896,0.988848,0.988848,0.00023460716,0.0153168915,0.00060495007
2025-01-09,7.1331438e-06,0.06559812,0.92315686,0.988755,0.988755,0.00023399529,0.015296904,0.0006343385
2025-01-10,7.042601e-06,0.06627761,0.92246675,0.9887444,0.9887444,0.00022725367,0.015074935,0.00062569627
2025-01-13,6.297391e-06,0.07082545,0.9181828,0.98900825,0.98900825,0.00029779103,0.017256623,0.0005729197
2025-01-14,6.8509635e-06,0.0673219,0.92149746,0.98881936,0.98881936,0.00033815647,0.018389031,0.0006127524
2025-01-15,7.1315303e-06,0.065839805,0.92286336,0.9887032,0.9887032,0.0003382093,0.018390467,0.00063128717
2025-01-16,6.5282698e-06,0.0693469,0.9195666,0.9889135,0.9889135,0.00038671604,0.019665098,0.0005888473
2025-01-17,7.2689177e-06,0.0651093,0.9235476,0.98865694,0.98865694,0.00038307643,0.019572338,0.000640825
2025-01-21,6.9958505e-06,0.06660975,0.92213887,0.9887486,0.9887486,0.00036817938,0.019188,0.00062177656
2025-01-22,6.882449e-06,0.06768412,0.92106557,0.9887497,0.9887497,0.00039196174,0.019798024,0.000611756
2025-01-23,7.499986e-06,0.0640719,0.9244696,0.9885415,0.9885415,0.00037049456,0.019248236,0.0006545338
2025-01-24,7.301739e-06,0.06502943,0.9235938,0.98862326,0.98862326,0.00035800127,0.01892092,0.00064181304
2025-01-27,7.3898973e-06,0.06450919,0.92409986,0.9886091,0.9886091,0.00033795528,0.01838356,0.0006487531
2025-01-28,6.7809056e-06,0.068420716,0.92037445,0.98879516,0.98879516,0.0003465333,0.018615406,0.00060517655
2025-01-29,6.772412e-06,0.06775679,0.921109,0.9888658,0.9888658,0.0003300222,0.018166512,0.0006082527
2025-01-30,7.373232e-06,0.06454971,0.92407656,0.98862624,0.98862624,0.0003279962,0.018110666,0.000648267
2025-01-31,6.40357e-06,0.070674606,0.91831493,0.98898953,0.98898953,0.00031057184,0.017623048,0.00058158924
2025-02-03,6.8993154e-06,0.06694746,0.9218923,0.98883975,0.98883975,0.000292239,0.017095,0.0006182041
2025-02-04,6.56784e-06,0.068914235,0.9200187,0.9889329,0.9889329,0.0002810477,0.016764477,0.0005934567
2025-02-05,6.9005027e-06,0.06732152,0.9214364,0.98875797,0.98875797,0.00026808973,0.016373446,0.00061381276
2025-02-06,7.2793787e-06,0.06510562,0.9235512,0.9886568,0.9886568,0.00029103458,0.017059736,0.0006417405
2025-02-07,7.138515e-06,0.065756366,0.922953,0.9887094,0.9887094,0.00027854223,0.016689584,0.00063225237
2025-02-10,6.951635e-06,0.06672509,0.9220593,0.9887844,0.9887844,0.00026604603,0.016310917,0.0006198169
2025-02-11,7.209249e-06,0.06524677,0.9234683,0.98871505,0.98871505,0.00027432162,0.016562657,0.00063883764
2025-02-12,6.755167e-06,0.067975655,0.92085034,0.988826,0.988826,0.00027241802,0.01650509,0.00060454203
2025-02-13,7.186914e-06,0.06581148,0.9228629,0.98867434,0.98867434,0.00030788034,0.01754652,0.00063456927
2025-02-14,7.2213993e-06,0.06532408,0.92335373,0.9886778,0.9886778,0.00029143997,0.017071612,0.0006378088
2025-02-18,7.490055e-06,0.063957416,0.92462987,0.98858726,0.98858726,0.00028048677,0.01674774,0.00065628893
2025-02-19,7.2359717e-06,0.06514177,0.92355335,0.98869514,0.98869514,0.0002818694,0.016788967,0.00064007647
2025-02-20,7.282407e-06,0.0649428,0.92372936,0.98867214,0.98867214,0.00026939655,0.016413305,0.0006428756
2025-02-21,6.7848187e-06,0.06790655,0.9209425,0.98884904,0.98884904,0.00025726718,0.01603955,0.0006084517
2025-02-24,7.220922e-06,0.065584175,0.92308486,0.98866904,0.98866904,0.0003072838,0.017529512,0.0006372735
2025-02-25,7.186602e-06,0.06595012,0.92272604,0.98867613,0.98867613,0.00029192664,0.017085861,0.0006346419
2025-02-26,7.3109536e-06,0.06497224,0.9236819,0.98865414,0.98865414,0.0003197499,0.017881552,0.0006443717
2025-02-27,7.130671e-06,0.0666907,0.9219904,0.9886811,0.9886811,0.00030412144,0.017439079,0.0006299779
2025-02-28,7.09006e-06,0.06612885,0.92259544,0.9887243,0.9887243,0.00032808483,0.018113112,0.00062879064
2025-03-03,7.28791e-06,0.06544262,0.923178,0.98862064,0.98862064,0.0003147392,0.01774089,0.00064044987
2025-03-04,6.2945887e-06,0.0712645,0.917739,0.9890035,0.9890035,0.00032498915,0.018027455,0.0005724164
2025-03-05,7.443056e-06,0.06449404,0.92405593,0.98854995,0.98854995,0.0003047933,0.01745833,0.0006500456
2025-03-06,7.513369e-06,0.06434759,0.9241552,0.98850274,0.98850274,0.00034416048,0.018551562,0.00065349217
2025-03-07,7.311928e-06,0.06549075,0.9231055,0.98859626,0.9885962,0.00032558816,0.018044062,0.0006411869
2025-03-10,7.517458e-06,0.06395609,0.92460567,0.98856175,0.98856175,0.00031435667,0.017730106,0.00065722095
2025-03-11,7.635291e-06,0.06356192,0.9249208,0.9884827,0.9884827,0.0003133778,0.01770248,0.00066294183
2025-03-12,7.393295e-06,0.06477009,0.9238218,0.9885919,0.9885919,0.00029809106,0.017265314,0.0006480747
2025-03-13,6.7694687e-06,0.068147376,0.9207095,0.98885685,0.98885685,0.00031165913,0.01765387,0.00060750055
2025-03-14,7.354172e-06,0.06484627,0.9237889,0.9886352,0.9886352,0.0003135866,0.017708376,0.00064709986
2025-03-17,7.4350387e-06,0.06445642,0.9241238,0.9885802,0.9885802,0.0003025112,0.01739285,0.0006510671
2025-03-18,7.133034e-06,0.06588528,0.9228377,0.988723,0.988723,0.00028908576,0.017002523,0.0006325283
2025-03-19,7.3583633e-06,0.06464133,0.92399573,0.98863703,0.9886371,0.0002809719,0.016762216,0.00064757396
2025-03-20,7.2684584e-06,0.06499904,0.923683,0.98868203,0.98868203,0.000267832,0.016365573,0.00064220524
2025-03-21,6.6678535e-06,0.06890024,0.9199651,0.9888653,0.9888653,0.00027131638,0.016471684,0.00059883634
2025-03-24,7.1682653e-06,0.06547756,0.9232594,0.9887369,0.9887369,0.00025626968,0.016008426,0.0006364396
2025-03-25,7.0744018e-06,0.06606873,0.92268085,0.98874956,0.98874956,0.00025295737,0.015904633,0.0006288113
2025-03-26,6.944314e-06,0.066737786,0.92207533,0.9888131,0.9888131,0.00024069488,0.015514344,0.0006207542
2025-03-27,6.9828975e-06,0.06643512,0.92237526,0.98881036,0.98881036,0.0002344559,0.015311953,0.00062405027
2025-03-28,7.128881e-06,0.065720886,0.9230269,0.98874784,0.98874784,0.00022411499,0.01497047,0.0006335564
2025-03-31,7.331363e-06,0.06482679,0.92381537,0.98864216,0.98864216,0.00021849835,0.014781689,0.00064548897
2025-04-01,6.8657123e-06,0.06720155,0.9216204,0.988822,0.988822,0.0002670198,0.01634074,0.0006142156
2025-04-02,6.95773e-06,0.06678241,0.92199624,0.98877865,0.98877865,0.00025412138,0.015941184,0.00062004395
2025-04-03,7.055521e-06,0.06608694,0.9226817,0.98876864,0.98876864,0.00024443542,0.01563443,0.00062819815
2025-04-04,6.7490287e-06,0.06923851,0.91956735,0.9888059,0.9888059,0.0005465243,0.02337786,0.0006029089
2025-04-07,6.74806e-06,0.070418015,0.9183768,0.9887948,0.9887948,0.00092208467,0.030365847,0.00060222595
2025-04-08,7.5058542e-06,0.065261215,0.92325294,0.9885141,0.9885142,0.0008854202,0.029756011,0.00065348565
2025-04-09,7.410105e-06,0.06592168,0.9225942,0.98851585,0.98851585,0.0008481909,0.029123718,0.0006452465
2025-04-10,7.3452343e-06,0.06549764,0.9229557,0.9884533,0.9884533,0.0009246591,0.030408207,0.00063613435
2025-04-11,6.941523e-06,0.06908586,0.919586,0.98867184,0.98867184,0.00095282815,0.030867914,0.000612767
2025-04-14,7.639436e-06,0.06390624,0.9245687,0.98847497,0.98847497,0.0009206176,0.030341681,0.0006628558
2025-04-15,7.469021e-06,0.06486404,0.9236786,0.9885426,0.9885426,0.00085881766,0.02930559,0.0006518959
2025-04-16,7.646508e-06,0.06382086,0.9246767,0.98849756,0.98849756,0.0008015323,0.028311346,0.0006647724
2025-04-17,7.4538134e-06,0.06474925,0.92379713,0.9885464,0.9885464,0.0007698962,0.027747003,0.00065078185
2025-04-21,7.158929e-06,0.065808006,0.9228666,0.9886746,0.9886746,0.00079587166,0.028211197,0.0006321116
2025-04-22,7.138549e-06,0.067028396,0.92162853,0.98865694,0.98865694,0.00078372034,0.027995005,0.00062933174
2025-04-23,7.078185e-06,0.06682942,0.9218246,0.988654,0.988654,0.00075382134,0.027455807,0.00062384945
2025-04-24,7.72892e-06,0.06367824,0.9247225,0.98840076,0.98840076,0.000772443,0.02779286,0.0006663297
2025-04-25,7.590182e-06,0.06411257,0.92436916,0.9884817,0.9884817,0.00072617945,0.026947716,0.00065896724
2025-04-28,7.613867e-06,0.063861996,0.9246057,0.98846775,0.9884677,0.00067959714,0.026069084,0.00066022406
2025-04-29,7.7508375e-06,0.063208,0.9251962,0.98840415,0.98840415,0.0006518148,0.025530664,0.00066841504
2025-04-30,7.712139e-06,0.063829824,0.92457384,0.9884037,0.9884037,0.00065640465,0.025620395,0.00066505047
2025-05-01,7.338412e-06,0.06623288,0.9223351,0.98856795,0.98856795,0.00070437335,0.026540034,0.0006419156
2025-05-02,7.768637e-06,0.06351523,0.92488027,0.9883955,0.9883955,0.00067683327,0.02601602,0.0006694511
2025-05-05,7.827273e-06,0.06319547,0.925184,0.9883795,0.9883795,0.00065085123,0.025511786,0.00067357335
2025-05-06,7.625875e-06,0.06432222,0.92415345,0.9884757,0.9884757,0.0006361279,0.025221575,0.0006617202
2025-05-07,7.475817e-06,0.064895414,0.9236001,0.98849547,0.98849547,0.00066766574,0.025839228,0.000649815
2025-05-08,7.731994e-06,0.0633452,0.9250926,0.9884378,0.9884378,0.00064435013,0.025384054,0.00066872867
2025-05-09,7.3354995e-06,0.0653685,0.9231626,0.98853105,0.9885311,0.00066451763,0.02577824,0.0006395966
2025-05-12,7.631e-06,0.063518375,0.92495835,0.98847675,0.98847675,0.00064225605,0.025342772,0.0006622265
2025-05-13,7.326111e-06,0.06530997,0.9232358,0.9885457,0.9885458,0.00061576953,0.024814704,0.0006395957
2025-05-14,7.3088518e-06,0.06528281,0.9232844,0.98856723,0.98856723,0.0006239595,0.024979182,0.00063928985
2025-05-15,7.301085e-06,0.06526541,0.9233222,0.9885876,0.9885876,0.00058805,0.024249742,0.0006397512
2025-05-16,7.3876877e-06,0.06509301,0.9234462,0.98853916,0.9885392,0.00059028715,0.024295826,0.0006446026
2025-05-19,7.619008e-06,0.06364344,0.92483646,0.9884799,0.9884799,0.0005648498,0.02376657,0.0006613672
2025-05-20,7.325513e-06,0.06542585,0.92317444,0.9886003,0.9886003,0.0005305693,0.02303409,0.0006426065
2025-05-21,7.094483e-06,0.06645469,0.9222338,0.9886885,0.9886885,0.0004974839,0.022304347,0.00062719366
2025-05-22,7.5861994e-06,0.0641564,0.92431,0.98846644,0.98846644,0.00048330898,0.021984288,0.0006577501
2025-05-23,7.389097e-06,0.06493076,0.9236406,0.98857135,0.98857135,0.0004568323,0.021373635,0.0006465413
2025-05-27,7.5769226e-06,0.063910015,0.92459536,0.98850536,0.98850536,0.000431053,0.020761816,0.00065917027
2025-05-28,7.5728117e-06,0.06419178,0.92427945,0.9884712,0.9884712,0.00041343557,0.020333115,0.00065686094
2025-05-29,7.2523e-06,0.06570047,0.9229282,0.9886287,0.9886287,0.00040461813,0.020115122,0.00063777145
2025-05-30,7.537906e-06,0.06401694,0.9245283,0.98854524,0.98854524,0.0003952698,0.019881394,0.0006580588
2025-06-02,7.4321424e-06,0.0651973,0.9233199,0.98851717,0.98851717,0.00037344362,0.01932469,0.0006472393
2025-06-03,7.503084e-06,0.064124,0.9244093,0.98853326,0.98853326,0.0004027104,0.020067645,0.00065433444
2025-06-04,7.4613117e-06,0.06475408,0.9237154,0.9884695,0.9884695,0.00039215604,0.01980293,0.0006470925
2025-06-05,7.472566e-06,0.06458114,0.9239197,0.98850083,0.98850083,0.00037507468,0.019366845,0.00064983545
2025-06-06,7.496513e-06,0.064296834,0.9242095,0.9885063,0.9885063,0.00035814606,0.018924747,0.00065222895
2025-06-09,7.4626273e-06,0.06439375,0.92414933,0.9885431,0.9885431,0.0003609248,0.018998021,0.0006513649
2025-06-10,7.3786628e-06,0.06484268,0.9237194,0.9885621,0.9885621,0.0003483778,0.018664882,0.00064510683
2025-06-11,7.404997e-06,0.064723864,0.9238345,0.98855835,0.98855835,0.00033080147,0.01818795,0.0006471967
2025-06-12,6.9007956e-06,0.0674323,0.92128617,0.98871845,0.98871845,0.00045838905,0.021410022,0.0006116886
2025-06-13,7.4764953e-06,0.06438065,0.92414635,0.988527,0.988527,0.00042944,0.020722935,0.00065166
2025-06-16,6.4151673e-06,0.070949234,0.91785514,0.9888044,0.9888044,0.0007184696,0.026804283,0.0005730079
2025-06-17,7.444383e-06,0.06482566,0.9236381,0.98846376,0.98846376,0.0006862674,0.026196705,0.00064530404
2025-06-18,6.988691e-06,0.067439005,0.92114264,0.98858166,0.98858166,0.00075374916,0.027454492,0.00061205827
2025-06-20,7.2644725e-06,0.06572001,0.9228087,0.9885287,0.9885287,0.0007022538,0.02650007,0.00063327525
2025-06-23,7.207945e-06,0.065887295,0.9226854,0.98857266,0.98857266,0.0006559165,0.025610868,0.000630763
2025-06-24,6.734025e-06,0.069692254,0.9191079,0.98880017,0.98880017,0.0011438823,0.03382133,0.0006012613
2025-06-25,7.145358e-06,0.06754655,0.92107373,0.9886203,0.9886203,0.0013309332,0.036481958,0.00062790286
2025-06-26,7.498942e-06,0.064941056,0.92348176,0.9884228,0.9884228,0.0012376524,0.035180286,0.00064773427
2025-06-27,7.621318e-06,0.0641703,0.92419875,0.98836905,0.98836905,0.00115187,0.03393921,0.00065526174
2025-06-30,7.450377e-06,0.065272585,0.92314565,0.9884182,0.9884182,0.0010732277,0.032760154,0.00064328435
2025-07-01,7.3981196e-06,0.06569552,0.92274153,0.98843706,0.98843706,0.0010009668,0.03163806,0.00063981285
2025-07-02,7.3973133e-06,0.06496808,0.9235352,0.98850334,0.98850334,0.0009326545,0.030539392,0.0006434313
2025-07-03,7.378942e-06,0.065329775,0.92312074,0.9884505,0.9884505,0.00092667056,0.030441264,0.0006388986
2025-07-04,7.528994e-06,0.06446222,0.92397314,0.9884354,0.9884354,0.00086594716,0.02942698,0.0006510373
2025-07-07,7.660163e-06,0.0638209,0.9245545,0.9883754,0.9883754,0.0008114916,0.028486691,0.0006589628
2025-07-08,7.5129037e-06,0.06446569,0.9239595,0.9884252,0.9884252,0.00078617426,0.0280388,0.0006490739
2025-07-09,7.315203e-06,0.06531848,0.92321706,0.9885355,0.9885355,0.0007359516,0.027128428,0.00063807564
2025-07-10,7.3519623e-06,0.06508357,0.92345136,0.9885349,0.9885349,0.00068677415,0.026206376,0.00064124865
2025-07-11,7.690684e-06,0.06353146,0.9248775,0.988409,0.988409,0.0006892276,0.026253145,0.0006635038
2025-07-14,7.4260442e-06,0.06493671,0.9235123,0.988449,0.988449,0.000693577,0.02633585,0.00064289063
2025-07-15,7.730718e-06,0.06345082,0.924948,0.9883988,0.9883988,0.0006792328,0.026062096,0.00066637166
2025-07-16,7.753551e-06,0.06337503,0.92495817,0.9883332,0.9883332,0.00063921115,0.025282625,0.0006645839
2025-07-17,7.821771e-06,0.0628914,0.92547077,0.9883622,0.9883622,0.00059934566,0.024481537,0.00067210005
2025-07-18,7.5053563e-06,0.0644992,0.9239308,0.98843,0.98843,0.0005808587,0.02410101,0.0006486924
2025-07-21,7.645473e-06,0.06362498,0.92482257,0.98844755,0.98844755,0.0005448407,0.023341823,0.0006618051
2025-07-22,7.3506126e-06,0.065089464,0.92345566,0.9885451,0.9885451,0.00051186874,0.022624517,0.0006417014
2025-07-23,7.194796e-06,0.0660481,0.9225659,0.98861396,0.98861396,0.0004948404,0.022245008,0.00063189643
2025-07-24,7.314813e-06,0.06497573,0.92365,0.98862576,0.98862576,0.00047827038,0.021869393,0.00064310373
2025-07-25,7.534607e-06,0.06400667,0.92451984,0.9885265,0.9885265,0.00045788017,0.021398135,0.0006566978
2025-07-28,7.672863e-06,0.0633435,0.925117,0.98846054,0.98846054,0.00044252185,0.021036204,0.000664924
2025-07-29,7.3091514e-06,0.06511727,0.9234649,0.98858213,0.98858213,0.0004513597,0.021245228,0.0006401504
2025-07-30,6.864504e-06,0.06768191,0.92102456,0.98870647,0.98870647,0.0005111251,0.022608075,0.0006078262
2025-07-31,7.3086017e-06,0.0650421,0.92355835,0.98860043,0.98860043,0.00048597986,0.022044951,0.00064112974
2025-08-01,7.5840735e-06,0.06382786,0.9246545,0.98848236,0.98848236,0.00046381878,0.021536453,0.0006584744
2025-08-04,7.274152e-06,0.06605941,0.9225402,0.9885996,0.9885996,0.00048829993,0.02209751,0.000638061
2025-08-05,7.5643266e-06,0.06411388,0.9243895,0.98850334,0.98850334,0.00047425219,0.021777332,0.00065795844
2025-08-06,7.708001e-06,0.06353329,0.9249048,0.9884381,0.9884381,0.00046543946,0.021574046,0.0006666742
2025-08-07,7.867388e-06,0.06265087,0.92571026,0.9883611,0.9883611,0.00044851875,0.02117826,0.00067595753
2025-08-08,7.866124e-06,0.06268279,0.92568624,0.98836905,0.98836905,0.00042665488,0.020655626,0.0006763096
2025-08-11,7.67429e-06,0.063411474,0.9250469,0.9884584,0.9884584,0.00040281823,0.020070331,0.000664924
2025-08-12,7.675512e-06,0.063356645,0.9251075,0.9884641,0.9884641,0.00038036518,0.019502953,0.0006653598
2025-08-13,7.224129e-06,0.06583388,0.92281497,0.98864883,0.98864883,0.00036971935,0.019228088,0.00063642167
2025-08-14,7.460361e-06,0.06438609,0.92420423,0.9885903,0.9885903,0.00035316768,0.018792756,0.00065386127
2025-08-15,7.479805e-06,0.06422793,0.9243219,0.9885498,0.9885498,0.00036080144,0.018994775,0.0006532483
2025-08-18,7.735095e-06,0.06324498,0.9252011,0.9884461,0.9884461,0.00036305614,0.019054033,0.0006694801
2025-08-19,7.5541498e-06,0.063907176,0.92459047,0.9884977,0.9884976,0.00034944664,0.018693492,0.00065674976
2025-08-20,7.561435e-06,0.06409474,0.924421,0.98851573,0.98851573,0.00034967402,0.018699573,0.00065841695
2025-08-21,7.25125e-06,0.065572314,0.9230448,0.9886171,0.9886171,0.00034242065,0.018504612,0.00063703133
2025-08-22,7.4054838e-06,0.064729534,0.9237998,0.9885293,0.9885293,0.00032474118,0.018020576,0.00064560137
2025-08-25,7.4123695e-06,0.06453698,0.9240305,0.9885675,0.9885675,0.00030765086,0.017539978,0.00064835785
2025-08-26,7.439843e-06,0.06440029,0.9241538,0.9885541,0.9885541,0.00031148043,0.017648809,0.00065000186
2025-08-27,7.5745643e-06,0.064062245,0.9244371,0.98849934,0.98849934,0.00033379043,0.018269932,0.00065862015
2025-08-28,7.383141e-06,0.06490171,0.9236284,0.9885301,0.9885301,0.0003285038,0.018124674,0.00064369704
2025-08-29,7.437303e-06,0.0647084,0.9237862,0.98849463,0.98849463,0.00031375745,0.0177132,0.0006464204
2025-09-02,7.844291e-06,0.062653355,0.92574453,0.9883979,0.9883979,0.0003030159,0.017407352,0.00067610934
2025-09-03,7.3040856e-06,0.06556962,0.9229837,0.98855335,0.98855335,0.0003248871,0.018024625,0.0006380978
2025-09-04,7.689217e-06,0.06338946,0.9250443,0.9884338,0.9884338,0.000348965,0.018680604,0.00066479936
2025-09-05,7.855365e-06,0.06264789,0.92572576,0.98837364,0.98837364,0.00033448113,0.018288825,0.0006756511
2025-09-08,7.679018e-06,0.06380823,0.92464256,0.98845077,0.98845077,0.00035960806,0.018963335,0.0006648942
2025-09-09,7.846254e-06,0.062616885,0.9257583,0.9883752,0.9883752,0.00034252,0.018507296,0.00067495747
2025-09-10,7.5844173e-06,0.06395166,0.924496,0.98844767,0.98844767,0.00032696218,0.018082095,0.0006565268
2025-09-11,7.702898e-06,0.0632383,0.9251964,0.98843473,0.98843473,0.00032670703,0.01807504,0.00066603714
2025-09-12,7.510755e-06,0.06437551,0.9241627,0.9885382,0.9885382,0.0003375079,0.018371388,0.00065528613
2025-09-15,7.5643716e-06,0.0639009,0.9246208,0.9885217,0.9885217,0.0003209556,0.017915234,0.0006590147
2025-09-16,7.456835e-06,0.06439084,0.92414206,0.9885329,0.9885329,0.00031002724,0.01760759,0.00065028085
2025-09-17,7.2907715e-06,0.065527536,0.92301244,0.98854,0.98854,0.00031684956,0.017800268,0.0006361926
2025-09-18,7.659766e-06,0.06342449,0.9250446,0.98846906,0.98846906,0.00030348147,0.01742072,0.0006642797
2025-09-19,7.3448396e-06,0.0648145,0.9238032,0.9886177,0.9886177,0.00029221358,0.017094256,0.0006452871
2025-09-22,7.3926003e-06,0.064669624,0.92394704,0.98861665,0.98861665,0.00029061615,0.017047469,0.00064942194
2025-09-23,7.384896e-06,0.06494347,0.92366177,0.98860526,0.98860526,0.00027595623,0.01661193,0.00064809696
2025-09-24,7.341482e-06,0.064870656,0.92372906,0.9885997,0.9885997,0.00027159473,0.016480131,0.0006439737
2025-09-25,7.427712e-06,0.06451361,0.9240322,0.98854584,0.98854584,0.00029675916,0.0172267,0.0006484726
2025-09-26,7.476975e-06,0.064239696,0.9242997,0.9885394,0.9885394,0.00028165264,0.01678251,0.00065240683
2025-09-29,7.143459e-06,0.06577505,0.9229174,0.98869246,0.98869246,0.00027570274,0.016604299,0.0006317431
2025-09-30,7.2706803e-06,0.06514828,0.92353266,0.98868096,0.98868096,0.0003439714,0.018546466,0.00064234063
2025-10-01,7.612053e-06,0.06395933,0.9244889,0.98844826,0.98844826,0.00034467754,0.018565493,0.0006589531
2025-10-02,7.5088096e-06,0.06413531,0.92440933,0.98854464,0.98854464,0.00033233396,0.018230028,0.00065548456
2025-10-03,7.574315e-06,0.064203925,0.9242987,0.9885026,0.9885026,0.00034438228,0.01855754,0.0006587863
2025-10-06,7.699175e-06,0.063359834,0.9251183,0.9884782,0.9884782,0.00032847835,0.018123971,0.00066822575
2025-10-07,7.653828e-06,0.063409135,0.9250746,0.9884837,0.9884837,0.0003222535,0.017951421,0.00066460983
2025-10-08,7.547815e-06,0.063928045,0.9245832,0.98851126,0.98851126,0.00030577302,0.017486367,0.00065697526
2025-10-09,7.3768297e-06,0.06476724,0.9237982,0.98856544,0.98856544,0.0003009945,0.017349193,0.00064513483
2025-10-10,7.4203426e-06,0.064588346,0.9239873,0.9885757,0.9885757,0.00030416314,0.017440274,0.0006495226
2025-10-13,7.0963506e-06,0.06711128,0.9215771,0.9886884,0.98868835,0.00041122542,0.020278694,0.00062735216
2025-10-14,7.5382195e-06,0.0639444,0.9245925,0.9885369,0.9885369,0.00039242447,0.019809706,0.0006576071
2025-10-15,7.5434295e-06,0.06432507,0.9241999,0.988525,0.988525,0.00038220984,0.019550188,0.00065737794
2025-10-16,7.791522e-06,0.06293605,0.9255244,0.9884605,0.9884605,0.00036448793,0.019091567,0.0006752034
2025-10-17,7.636233e-06,0.063789696,0.9247111,0.9885008,0.98850083,0.00035788992,0.018917978,0.00066406495
2025-10-20,7.4388886e-06,0.064314716,0.924279,0.9885937,0.9885937,0.00033866582,0.018402874,0.00065217353
2025-10-21,7.22197e-06,0.06533101,0.9233663,0.9886973,0.9886973,0.00032048268,0.01790203,0.0006389592
2025-10-22,7.3580554e-06,0.06545121,0.9230663,0.9885175,0.9885175,0.0003047546,0.017457223,0.0006408073
2025-10-23,7.328634e-06,0.06502571,0.92355853,0.9885842,0.9885842,0.00029725322,0.017241033,0.00064197404
2025-10-24,6.647224e-06,0.06903161,0.9197722,0.9888038,0.9888038,0.0004748359,0.02179073,0.00059370376
2025-10-27,7.4255245e-06,0.06462159,0.92390305,0.9885246,0.9885246,0.0004450745,0.021096788,0.00064708287
2025-10-28,7.4134337e-06,0.06460328,0.92394465,0.9885479,0.9885479,0.00041934883,0.020478008,0.0006473439
2025-10-29,7.496463e-06,0.06426527,0.92424506,0.9885103,0.9885103,0.00041903186,0.020470267,0.0006524513
2025-10-30,7.3073243e-06,0.065214925,0.9233511,0.98856604,0.98856604,0.00039654446,0.019913424,0.0006390896
2025-10-31,6.704773e-06,0.068284616,0.92056173,0.98884636,0.98884636,0.00037355878,0.019327668,0.0006011288
2025-11-03,7.5088906e-06,0.064333014,0.92414594,0.98847896,0.98847896,0.00035348078,0.018801084,0.0006517545
2025-11-04,7.396308e-06,0.06464503,0.923933,0.9885781,0.9885781,0.00033422987,0.018281955,0.0006475539
2025-11-05,7.1815407e-06,0.065760925,0.9228806,0.9886415,0.9886415,0.0003206523,0.017906766,0.0006322614
2025-11-06,7.389426e-06,0.064731196,0.9238268,0.988558,0.988558,0.00032040055,0.017899737,0.0006458156
2025-11-07,6.938459e-06,0.06704697,0.92168593,0.98873293,0.98873293,0.00030400397,0.017435709,0.0006158177
2025-11-10,7.2855028e-06,0.06518247,0.92343193,0.9886144,0.9886144,0.00028890037,0.01699707,0.00063988636
2025-11-11,7.1636678e-06,0.06572649,0.92294836,0.9886748,0.9886749,0.00027649195,0.016628047,0.00063254335
2025-11-12,6.885554e-06,0.067282826,0.92148244,0.9887653,0.98876524,0.0002767137,0.016634714,0.0006128827
2025-11-13,7.0575265e-06,0.06660452,0.9221021,0.9887066,0.9887066,0.0003857686,0.019640993,0.00062492426
2025-11-14,7.5418175e-06,0.06389611,0.9246217,0.9885178,0.9885178,0.00036344706,0.019064287,0.00065682805
2025-11-17,7.180238e-06,0.06582431,0.9227968,0.9886211,0.9886211,0.0003783883,0.019452205,0.00063101423
2025-11-18,7.4174445e-06,0.06460819,0.9239358,0.9885439,0.988544,0.000357046,0.018895661,0.0006474684
2025-11-19,6.849945e-06,0.06747061,0.9213163,0.98878694,0.98878694,0.0003491162,0.018684652,0.00061088963
2025-11-20,7.1450227e-06,0.065758094,0.9229846,0.9887427,0.9887427,0.00036077728,0.018994138,0.0006347018
2025-11-21,7.1991553e-06,0.06609442,0.9225565,0.9886509,0.9886509,0.00034198273,0.018492775,0.0006343381
2025-11-24,7.5053117e-06,0.06414526,0.92441237,0.98855764,0.98855764,0.00034573296,0.018593896,0.0006559232
2025-11-25,7.4775726e-06,0.06430066,0.92423403,0.9885347,0.9885347,0.00033812432,0.018388158,0.000652191
2025-11-26,7.4103464e-06,0.064935766,0.92362696,0.9885627,0.9885627,0.0003353911,0.018313685,0.00064791064
2025-11-28,7.501967e-06,0.06401622,0.92453337,0.9885496,0.9885496,0.00032618048,0.018060468,0.0006551702
2025-12-01,7.4945697e-06,0.06400414,0.92456204,0.98856616,0.98856616,0.00030930885,0.01758718,0.0006554727
2025-12-02,7.5309645e-06,0.064004436,0.924521,0.98852545,0.98852545,0.00030400083,0.01743562,0.00065631897
2025-12-03,7.33281e-06,0.0650309,0.92356765,0.9885985,0.9885986,0.0002974494,0.017246721,0.00064314576
2025-12-04,7.4096106e-06,0.064341076,0.9242757,0.98861676,0.98861676,0.00028369567,0.016843269,0.00065092306
2025-12-05,7.474495e-06,0.06416574,0.9243938,0.98855954,0.9885595,0.00027873623,0.016695395,0.0006533389
2025-12-08,7.2638377e-06,0.06511601,0.92354417,0.98866016,0.98866016,0.00026793958,0.01636886,0.0006405589
2025-12-09,6.88986e-06,0.067965075,0.92075765,0.98872274,0.98872274,0.0002818532,0.016788485,0.0006109517
2025-12-10,7.0981405e-06,0.06650832,0.92219305,0.98870134,0.98870134,0.0002746256,0.016571831,0.0006282287
2025-12-11,7.4157124e-06,0.06434877,0.9242686,0.98861736,0.98861736,0.00026110702,0.016158806,0.0006514932
2025-12-12,7.016514e-06,0.067375734,0.92131364,0.98868936,0.98868936,0.00026334025,0.016227761,0.00062034646
2025-12-15,7.319457e-06,0.065041855,0.92361313,0.988655,0.988655,0.00025024993,0.015819289,0.00064516865
2025-12-16,7.3197984e-06,0.06513853,0.9234976,0.98863614,0.98863614,0.00024645406,0.015698856,0.00064412935
2025-12-17,7.075147e-06,0.066903315,0.92180204,0.98870534,0.98870534,0.00028561073,0.016900022,0.0006264151
2025-12-18,7.4549052e-06,0.06418123,0.9244195,0.98860073,0.98860073,0.00027968493,0.016723784,0.000653981
2025-12-19,7.455136e-06,0.06449543,0.9240931,0.9885886,0.9885886,0.0002667913,0.016333748,0.00065330433
2025-12-22,7.2936828e-06,0.065225855,0.9234468,0.9886726,0.9886726,0.00025899368,0.01609328,0.00064389815
2025-12-23,7.320684e-06,0.06505808,0.92357075,0.9886288,0.98862886,0.00028189732,0.016789798,0.0006437919
2025-12-24,7.09173e-06,0.06573719,0.92305034,0.98878753,0.98878753,0.00027010933,0.016435003,0.0006324861
2025-12-26,7.1370714e-06,0.06624489,0.9224238,0.9886687,0.9886687,0.00025645344,0.016014164,0.0006298535
2025-12-29,7.388774e-06,0.06481131,0.9237902,0.9886015,0.9886015,0.0002964441,0.017217552,0.0006482237
2025-12-30,7.0876317e-06,0.065998465,0.92273474,0.9887332,0.9887332,0.000315836,0.017771775,0.00062907074
2025-12-31,6.4897877e-06,0.07068054,0.9182491,0.9889296,0.9889296,0.00029892608,0.017289478,0.00058623037
2026-01-02,6.9804723e-06,0.067082666,0.9216854,0.98876804,0.98876804,0.00028725853,0.016948704,0.0006214831
2026-01-05,7.4102477e-06,0.06460008,0.92402565,0.98862576,0.98862576,0.0002720058,0.016492598,0.00065149413
2026-01-06,7.1101445e-06,0.06615047,0.922593,0.9887435,0.9887435,0.00027754594,0.01665971,0.000631647
2026-01-07,7.010068e-06,0.067316115,0.92140687,0.988723,0.988723,0.00029194003,0.017086253,0.0006216242
2026-01-08,7.465417e-06,0.064262,0.92434084,0.9886028,0.9886029,0.0003040048,0.017435733,0.00065502303
2026-01-09,6.860175e-06,0.06749428,0.92131317,0.98880744,0.98880744,0.00034976826,0.018702092,0.00061292277
2026-01-12,7.099732e-06,0.066686556,0.921987,0.98867357,0.98867357,0.00036491812,0.01910283,0.00062682864
2026-01-13,7.322272e-06,0.064720854,0.92393905,0.9886599,0.9886599,0.0003460872,0.01860342,0.00064569834
2026-01-14,6.8725594e-06,0.067714505,0.92100585,0.98872036,0.98872036,0.00037467122,0.019356426,0.00060928875
2026-01-15,6.642029e-06,0.06907728,0.91976786,0.98884517,0.9888451,0.00036500895,0.019105207,0.0005954397
2026-01-16,7.050787e-06,0.06674528,0.92206097,0.98880625,0.98880625,0.0004945846,0.022239259,0.00062988594
2026-01-20,7.469696e-06,0.064404614,0.9241458,0.9885504,0.9885504,0.0004641434,0.021543987,0.0006523994
2026-01-21,6.055064e-06,0.07246827,0.9166361,0.9891044,0.9891044,0.00045049327,0.021224827,0.0005557343
2026-01-22,6.5339514e-06,0.06969596,0.91913265,0.9888286,0.9888286,0.00042039095,0.020503437,0.00058488204
2026-01-23,7.404173e-06,0.06529359,0.92321163,0.98850524,0.98850524,0.00042437884,0.020600457,0.0006441349
2026-01-26,7.092513e-06,0.06623458,0.9224363,0.9886709,0.9886709,0.00045097948,0.021236278,0.000626043
2026-01-27,6.33017e-06,0.07004692,0.9190569,0.9891038,0.9891038,0.00042678748,0.020658836,0.00058095175
2026-01-28,6.7458445e-06,0.06919275,0.9194205,0.98861325,0.98861325,0.0004549774,0.021330198,0.0005924292
2026-01-29,7.1333325e-06,0.06597261,0.9226898,0.9886624,0.9886624,0.00043643205,0.020890957,0.00062917604
2026-01-30,3.999035e-06,0.09823855,0.89197636,0.9902149,0.9902149,0.00048666098,0.022060394,0.0004086855
2026-02-02,5.7563993e-06,0.073571466,0.91589683,0.9894683,0.9894683,0.00043926074,0.020958548,0.00054657715
2026-02-03,5.0316776e-06,0.084008716,0.9056815,0.9896902,0.9896902,0.0005808554,0.024100943,0.0004880473
2026-02-04,6.624661e-06,0.06881582,0.9201133,0.98892915,0.98892915,0.0005549094,0.023556516,0.0005983879
2026-02-05,6.9198804e-06,0.06736089,0.9213332,0.9886941,0.9886941,0.0005784716,0.024051435,0.0006120577
2026-02-06,7.364049e-06,0.06506822,0.92352605,0.9885943,0.9885943,0.0005967297,0.024428051,0.000645646
2026-02-09,7.274292e-06,0.065436296,0.9231562,0.9885925,0.9885925,0.00055942964,0.023652265,0.00063767657
2026-02-10,6.918147e-06,0.06723687,0.92150414,0.98874104,0.98874104,0.00053382077,0.023104561,0.000614457
2026-02-11,7.28084e-06,0.06515397,0.9234735,0.98862743,0.98862743,0.0005016532,0.022397615,0.0006402108
2026-02-12,7.1146796e-06,0.06605109,0.92262775,0.9886788,0.9886788,0.00047729968,0.021847188,0.00062843936
2026-02-13,7.2653265e-06,0.065515876,0.9231112,0.9886271,0.9886271,0.0005004781,0.022371367,0.00063882663
2026-02-17,7.4297286e-06,0.0645504,0.9239872,0.9885376,0.9885376,0.00046928256,0.02166293,0.00064818317
2026-02-18,7.0024325e-06,0.06690727,0.9218139,0.9887212,0.9887212,0.0004464836,0.02113016,0.0006208486
2026-02-19,6.6178245e-06,0.06883186,0.92004234,0.9888742,0.9888742,0.0005518157,0.023490759,0.0005948177
2026-02-20,6.8106397e-06,0.067766234,0.9210203,0.9887866,0.9887866,0.000538136,0.023197759,0.000607365
2026-02-23,6.89341e-06,0.06704421,0.92176795,0.98881215,0.98881215,0.0005024927,0.02241635,0.0006161514
2026-02-24,6.948847e-06,0.06698391,0.9217657,0.98874956,0.9887496,0.00047021487,0.021684438,0.0006176513
2026-02-25,6.9850407e-06,0.0666565,0.92209685,0.9887533,0.9887533,0.00044782666,0.021161916,0.00062107574
2026-02-26,6.9967023e-06,0.06653568,0.9222231,0.9887588,0.9887588,0.00042071482,0.020511335,0.0006224161
2026-02-27,6.670546e-06,0.06846968,0.920408,0.9888777,0.9888777,0.00039578314,0.019894298,0.00059974595
2026-03-02,6.7597884e-06,0.06786146,0.9209862,0.9888476,0.9888476,0.00042138578,0.020527683,0.0006061293
2026-03-03,5.0903177e-06,0.08072593,0.90874666,0.98947257,0.98947257,0.0006447604,0.025392132,0.00048352891
2026-03-04,6.0461034e-06,0.07308749,0.9159428,0.9890303,0.9890303,0.0007577829,0.027527858,0.00055116403
2026-03-05,6.4942583e-06,0.06962018,0.9192954,0.98891556,0.98891556,0.0007002207,0.026461683,0.00058588973
2026-03-06,5.624056e-06,0.07623119,0.91298383,0.989215,0.989215,0.0011113896,0.03333751,0.00052147097
2026-03-09,6.249232e-06,0.07129482,0.9177018,0.9889966,0.9889966,0.0020275707,0.045028556,0.00056793774
2026-03-10,5.579537e-06,0.07713523,0.9119828,0.989118,0.989118,0.0019894736,0.044603515,0.0005127299
2026-03-11,6.18043e-06,0.073464684,0.9156126,0.98907727,0.98907727,0.0030727633,0.05543251,0.00056583196
2026-03-12,6.059303e-06,0.074214116,0.9145699,0.988784,0.988784,0.0029637609,0.054440435,0.00054023816
2026-03-13,5.8124697e-06,0.076313,0.9125443,0.9888573,0.9888573,0.0033518397,0.057895076,0.0005216406
2026-03-16,6.1025366e-06,0.07356566,0.91526663,0.9888323,0.9888323,0.0031351156,0.055992104,0.000546445
2026-03-17,6.553319e-06,0.0705763,0.9182168,0.98879313,0.98879313,0.0030937816,0.055621773,0.00058475934
2026-03-18,6.1200603e-06,0.073252395,0.91560394,0.9888563,0.9888563,0.0029039737,0.05388853,0.0005491954
2026-03-19,6.402787e-06,0.07121513,0.9175672,0.98878235,0.98878235,0.0026650697,0.051624313,0.00057077775
2026-03-20,6.533488e-06,0.07032059,0.91839737,0.988718,0.988718,0.0024521,0.049518682,0.00057910586
2026-03-23,5.957159e-06,0.074651785,0.9142298,0.9888816,0.9888816,0.0022931416,0.04788676,0.00053579226
2026-03-24,5.4523316e-06,0.07986838,0.9096186,0.989487,0.989487,0.003000008,0.05477233,0.0005186272
2026-03-25,5.9912027e-06,0.07427813,0.9145918,0.9888699,0.9888699,0.002907267,0.05391908,0.00053828856
2026-03-26,6.653774e-06,0.0701106,0.9186716,0.9887822,0.9887822,0.0027024401,0.051985,0.0005931457
2026-03-27,6.400147e-06,0.071893126,0.9167259,0.98861897,0.98861897,0.0026299674,0.051283207,0.0005623522
2026-03-30,6.390808e-06,0.07184175,0.9167838,0.9886255,0.9886255,0.0026188293,0.0511745,0.00056185527
2026-03-31,6.1418727e-06,0.072682396,0.9162214,0.98890376,0.98890376,0.0024797637,0.049797226,0.0005535094
2026-04-01,6.7519536e-06,0.0687512,0.9199322,0.9886834,0.9886834,0.0022943462,0.047899336,0.0005966417
2026-04-02,6.7759042e-06,0.069011435,0.9196804,0.98869187,0.98869187,0.0021285617,0.04613634,0.00059920625
2026-04-06,5.7361294e-06,0.07633648,0.9126425,0.988979,0.988979,0.0027659794,0.05259258,0.00052047183
2026-04-07,6.526544e-06,0.07027625,0.9184447,0.98872095,0.98872095,0.0025344165,0.05034299,0.00057864323
2026-04-08,6.769121e-06,0.06925706,0.9192926,0.9885497,0.9885497,0.0023357053,0.048329134,0.0005911746
2026-04-09,5.240499e-06,0.083872795,0.9057093,0.9895821,0.9895821,0.004386351,0.06622953,0.0005030294
2026-04-10,6.4315323e-06,0.07207305,0.9165392,0.98861223,0.98861223,0.004085223,0.06391575,0.0005647756
2026-04-13,6.870341e-06,0.069914505,0.91847277,0.9883873,0.9883873,0.0037640494,0.06135185,0.0005916224
2026-04-14,6.8242334e-06,0.06943144,0.9189647,0.9883961,0.9883961,0.0035092288,0.059238743,0.00058809866
2026-04-15,6.77709e-06,0.07072027,0.9178809,0.98860115,0.98860115,0.0037012089,0.06083756,0.0005945415
2026-04-16,7.0043566e-06,0.068115376,0.9202781,0.9883934,0.9883934,0.003404047,0.05834421,0.00060348184
2026-04-17,6.792315e-06,0.069391645,0.91905534,0.988447,0.988447,0.0032295724,0.056829326,0.00058792706
2026-04-20,6.3231205e-06,0.07378142,0.9152764,0.98905784,0.98905784,0.0040046806,0.06328254,0.0005778676
2026-04-21,6.3877355e-06,0.07269426,0.91587675,0.988571,0.988571,0.003995048,0.06320639,0.0005589053
2026-04-22,6.6886464e-06,0.070959926,0.91736066,0.9883206,0.9883206,0.003720316,0.060994394,0.00057268696
2026-04-23,6.6453917e-06,0.07061665,0.91781723,0.9884339,0.9884339,0.0034249688,0.058523234,0.0005745576
2026-04-24,6.816247e-06,0.06959551,0.91876805,0.98836356,0.98836356,0.003215303,0.056703642,0.0005857676
2026-04-27,6.848299e-06,0.068302386,0.92031026,0.98861265,0.98861265,0.0029776145,0.054567523,0.00060139544
2026-04-28,6.912981e-06,0.06823509,0.92027724,0.98851234,0.98851234,0.0027756458,0.052684397,0.0006017744
2026-04-29,6.7711703e-06,0.06930094,0.91920996,0.9885109,0.9885109,0.0026498898,0.051477082,0.00058935635
2026-04-30,6.156868e-06,0.07316706,0.91561455,0.98878163,0.98878163,0.0027536543,0.052475274,0.00054882024
2026-05-01,6.966269e-06,0.06800055,0.92047524,0.9884758,0.9884758,0.0025493868,0.050491452,0.00060449046
2026-05-04,7.0601773e-06,0.06746418,0.9210869,0.9885511,0.9885511,0.0024167907,0.049160864,0.00061666756
2026-05-05,6.463764e-06,0.071253486,0.91736376,0.98861724,0.98861724,0.0023565497,0.048544306,0.00056785566
2026-05-06,7.050678e-06,0.06770835,0.920764,0.9884724,0.9884724,0.0022823706,0.047774162,0.00061163463
2026-05-07,6.8995646e-06,0.06925135,0.91938764,0.988639,0.988639,0.002470738,0.04970652,0.0006073024
2026-05-08,7.180419e-06,0.06709242,0.92123383,0.98832625,0.98832625,0.0022791235,0.047740165,0.0006150911
2026-05-11,7.0458923e-06,0.06801342,0.92032355,0.988337,0.988337,0.0021093446,0.045927603,0.00060412247
2026-05-12,7.012949e-06,0.06815336,0.92020386,0.98835725,0.98835725,0.0019984783,0.044704344,0.0006023445
2026-05-13,6.679915e-06,0.07040527,0.9180364,0.98844165,0.98844165,0.0019595614,0.04426693,0.0005779296
2026-05-14,6.9956063e-06,0.06733091,0.92130417,0.98863506,0.98863506,0.0018151936,0.042605087,0.00061554293
2026-05-15,7.217887e-06,0.06663063,0.92174757,0.98837817,0.98837817,0.0016794455,0.04098104,0.0006210627
2026-05-18,6.6890966e-06,0.06968979,0.918884,0.9885738,0.9885738,0.0016667678,0.040826067,0.0005854169
2026-05-19,6.8027493e-06,0.06892863,0.91962445,0.9885531,0.98855305,0.0016011149,0.04001393,0.0005942878
2026-05-20,7.1490217e-06,0.06703002,0.92139065,0.98842067,0.98842067,0.0014841636,0.038524844,0.00061739486
2026-05-21,6.8618133e-06,0.068806976,0.9198903,0.9886973,0.9886973,0.0019496642,0.044155,0.00060709455
2026-05-22,7.348351e-06,0.06612456,0.9222475,0.9883721,0.9883721,0.0018274995,0.042749263,0.0006319579
2026-05-26,7.052775e-06,0.06788014,0.9204779,0.9883581,0.9883581,0.0016931214,0.041147556,0.0006058086
2026-05-27,7.141697e-06,0.06720601,0.9213084,0.9885144,0.9885144,0.001621419,0.040266845,0.000621797
2026-05-28,7.2859552e-06,0.06688322,0.9215178,0.988401,0.988401,0.0017218392,0.04149505,0.0006281535
2026-05-29,7.1388877e-06,0.06741167,0.92090493,0.9883166,0.9883166,0.0015943268,0.03992902,0.00061102805
2026-06-01,7.459712e-06,0.06573989,0.92252797,0.98826784,0.98826784,0.0014965124,0.03868478,0.0006358344
2026-06-02,7.4443437e-06,0.065929756,0.9223068,0.98823655,0.98823655,0.0015744471,0.039679304,0.0006328366
2026-06-03,7.162551e-06,0.06725652,0.92106324,0.98831975,0.98831975,0.0014785628,0.038452085,0.0006132192
2026-06-04,7.3993124e-06,0.06583055,0.9224695,0.9883,0.9883,0.0014064077,0.037502103,0.00063242123
2026-06-05,7.3253946e-06,0.065844126,0.92263013,0.98847425,0.98847425,0.0013711924,0.037029617,0.0006355677
2026-06-08,7.483081e-06,0.06517549,0.9231812,0.98835665,0.98835665,0.0013221366,0.036361195,0.0006426914
2026-06-09,7.5423077e-06,0.064703636,0.923622,0.98832566,0.98832566,0.0012323528,0.035104882,0.00064605835
2026-06-10,7.5769253e-06,0.06460282,0.9237397,0.98834246,0.9883425,0.0012240488,0.03498641,0.00064995943
2026-06-11,7.2335492e-06,0.06648858,0.92189646,0.988385,0.988385,0.0011648957,0.03413057,0.0006227777
2026-06-12,7.4580385e-06,0.06507504,0.9233582,0.98843324,0.98843324,0.0011272947,0.03357521,0.0006447821
2026-06-15,7.5962303e-06,0.06436268,0.92406994,0.98843265,0.98843265,0.001119375,0.033457063,0.00065669557
2026-06-16,7.4626214e-06,0.06539463,0.92309827,0.9884929,0.9884929,0.0012036489,0.034693643,0.00064852356
2026-06-17,7.4359828e-06,0.065799735,0.92266744,0.98846716,0.98846716,0.0013555821,0.036818232,0.0006447658
2026-06-18,7.318233e-06,0.06619147,0.922269,0.9884605,0.9884605,0.0012640576,0.035553586,0.00063418876
2026-06-22,7.26887e-06,0.0664836,0.92199147,0.9884751,0.9884751,0.0011736074,0.034257956,0.00063070917
2026-06-23,7.679973e-06,0.06433903,0.92397,0.988309,0.988309,0.001126826,0.03356823,0.0006569147
2026-06-24,7.5906655e-06,0.06446907,0.92391515,0.9883842,0.98838425,0.0010799493,0.03286258,0.0006534769
2026-06-25,7.720623e-06,0.06375034,0.9246231,0.9883734,0.9883734,0.0011097107,0.03331232,0.0006640482
2026-06-26,6.90443e-06,0.06814841,0.92040116,0.9885496,0.9885496,0.0010645713,0.03262777,0.0006029854
2026-06-29,7.269955e-06,0.06611426,0.9224372,0.98855144,0.98855144,0.0010870078,0.032969803,0.0006350103
2026-06-30,7.2235316e-06,0.06618726,0.922286,0.98847324,0.98847324,0.0010404708,0.032256328,0.00062667474
2026-07-01,7.5641146e-06,0.06432856,0.9240723,0.9884009,0.9884009,0.0009884327,0.03143935,0.00065212813
2026-07-02,7.5889775e-06,0.064342745,0.92409927,0.988442,0.988442,0.0009327827,0.03054149,0.00065659976
2026-07-06,7.730233e-06,0.06368398,0.92470133,0.9883853,0.9883853,0.0008696926,0.029490551,0.0006655571
2026-07-07,7.2570497e-06,0.065936215,0.92259485,0.98853105,0.98853105,0.0008122667,0.028500292,0.0006327564
2026-07-08,7.5855764e-06,0.06419856,0.9242044,0.98840296,0.98840296,0.000804574,0.028365014,0.0006540961
2026-07-09,6.335681e-06,0.07174793,0.9170258,0.9887737,0.9887737,0.0008674511,0.029452523,0.00056436076
2026-07-10,7.0132437e-06,0.06698644,0.9216962,0.9886826,0.9886826,0.00083056453,0.028819516,0.00061968836
2026-07-13,7.717636e-06,0.06323249,0.9252127,0.98844516,0.98844516,0.00077868527,0.027904933,0.0006679139
2026-07-14,6.3198027e-06,0.07169991,0.91709524,0.98879516,0.98879516,0.0012383703,0.035190485,0.00056402443
2026-07-15,7.1628583e-06,0.06689803,0.9215352,0.98843324,0.98843324,0.0011581602,0.034031752,0.0006192624
2026-07-16,7.4494624e-06,0.06495118,0.9234565,0.9884077,0.9884077,0.0010750637,0.032788165,0.00064262
2026-07-17,7.6344095e-06,0.064082645,0.9242698,0.9883524,0.9883524,0.0010048482,0.03169934,0.00065545016
2026-07-20,6.9146486e-06,0.06747011,0.92121214,0.98868227,0.98868227,0.0010583384,0.032532115,0.0006109572
2026-07-21,7.294352e-06,0.0655507,0.9229794,0.9885301,0.9885301,0.000986967,0.031416032,0.000635956
2026-07-22,7.076965e-06,0.0665293,0.9221051,0.98863435,0.98863435,0.00094380253,0.03072137,0.0006226625
2026-07-23,7.313682e-06,0.065374754,0.9231584,0.98853314,0.98853314,0.0009099205,0.030164888,0.0006378103
2026-07-24,6.538246e-06,0.0700239,0.91875637,0.98878026,0.98878026,0.0010800135,0.032863557,0.0005827449
2026-07-27,7.006835e-06,0.06666664,0.9220796,0.9887463,0.9887463,0.0010704068,0.03271707,0.0006226242
2026-07-28,7.2852254e-06,0.0657645,0.9228609,0.9886254,0.9886254,0.001401908,0.037442062,0.0006404823
2026-07-29,7.3761453e-06,0.06524748,0.9232204,0.9884679,0.9884679,0.0014150543,0.037617207,0.00063961704
2026-07-30,6.8650425e-06,0.0686631,0.91983783,0.98850095,0.98850095,0.0015752737,0.039689716,0.00059700967
2026-07-31,7.2892763e-06,0.065792345,0.9227931,0.9885854,0.9885854,0.0014635654,0.038256574,0.00063859305
2026-08-03,7.573445e-06,0.064469054,0.92393404,0.9884031,0.9884031,0.0013683012,0.036990557,0.0006530567
2026-08-04,7.0245037e-06,0.06763186,0.92115194,0.9887838,0.9887838,0.0014510602,0.038092785,0.0006262807
2026-08-05,7.2933267e-06,0.06624,0.92237103,0.98861104,0.98861104,0.0015775318,0.039718155,0.0006403858
2026-08-06,7.485354e-06,0.06487345,0.9235732,0.98844665,0.98844665,0.0014661123,0.038289845,0.00064789486
2026-08-07,7.077579e-06,0.06707094,0.92142534,0.9884963,0.9884963,0.0014085225,0.037530288,0.0006152439
2026-08-10,7.3826727e-06,0.06523943,0.92320323,0.98844266,0.98844266,0.0013133559,0.036240254,0.00063878647
2026-08-11,6.3612333e-06,0.071750574,0.9169675,0.9887181,0.9887181,0.0013768445,0.037105855,0.00056384376
2026-08-12,7.1448485e-06,0.066614866,0.92191035,0.9885252,0.9885252,0.001280466,0.0357836,0.00062265625
2026-08-13,7.2792936e-06,0.065614596,0.922915,0.98852956,0.98852956,0.001187644,0.03446221,0.00063461345
2026-08-14,7.462407e-06,0.064435765,0.92406976,0.98850554,0.98850554,0.0011437153,0.03381886,0.00064921787
2026-08-17,7.2495154e-06,0.06579766,0.9227226,0.98852026,0.98852026,0.0010766354,0.032812122,0.00063150545
2026-08-18,6.831457e-06,0.06823141,0.92041385,0.98864526,0.98864526,0.0010415718,0.032273393,0.000601639
2026-08-19,6.915512e-06,0.06741511,0.92128026,0.9886954,0.9886954,0.0009671841,0.031099584,0.00061174226
2026-08-20,7.3458164e-06,0.065067016,0.92347896,0.98854595,0.98854595,0.00090495666,0.030082498,0.0006413294
2026-08-21,7.000153e-06,0.0667834,0.92190564,0.988689,0.98868906,0.0008768677,0.02961195,0.0006188804
2026-08-24,6.9282887e-06,0.067247555,0.92146003,0.9887076,0.9887076,0.00082085177,0.028650511,0.00061353564
2026-08-25,7.1403506e-06,0.06593927,0.9227779,0.98871714,0.98871714,0.00080226094,0.028324211,0.0006328493
2026-08-26,7.4722243e-06,0.064445145,0.9240451,0.9884902,0.9884902,0.00081458007,0.02854085,0.00064920675
2026-08-27,7.252205e-06,0.06576365,0.9227565,0.98852015,0.98852015,0.0007603939,0.027575241,0.00063173316
2026-08-28,7.2281146e-06,0.0658696,0.9226662,0.98853576,0.98853576,0.0007246032,0.026918454,0.00063049234
