Date,omega,alpha,beta,persistence,sigma2,sigma
2005-01-04,0.00055757456,0.122836314,0.73417896,0.85701525,0.0007028919,0.026512109
2005-01-05,0.00016240649,0.10522837,0.7631567,0.8683851,0.0012842673,0.035836674
2005-01-06,4.893402e-05,0.06757372,0.8432377,0.9108114,0.0011579661,0.034028903
2005-01-07,8.888089e-05,0.09756812,0.77696955,0.87453765,0.0011849308,0.034422822
2005-01-10,7.754815e-05,0.07625587,0.8247757,0.90103155,0.0010104534,0.03178763
2005-01-11,0.00013473665,0.088624544,0.7975348,0.88615936,0.00091138936,0.030189225
2005-01-12,8.3781895e-05,0.08627303,0.804571,0.890844,0.00086656347,0.02943745
2005-01-13,9.438812e-05,0.0890222,0.7995065,0.8885287,0.00079984823,0.028281588
2005-01-14,0.00010146324,0.09133558,0.78975266,0.88108826,0.00084400177,0.029051708
2005-01-18,6.006535e-05,0.07997477,0.8185461,0.8985209,0.00077229366,0.027790172
2005-01-19,3.1311734e-05,0.06481096,0.8499484,0.9147594,0.0006922268,0.026310204
2005-01-20,4.1011906e-05,0.067702375,0.84079033,0.9084927,0.00063954806,0.025289288
2005-01-21,4.2743995e-05,0.0767599,0.8281634,0.90492326,0.00059155584,0.024321921
2005-01-24,5.9998038e-05,0.09307668,0.79166394,0.88474065,0.000620044,0.024900682
2005-01-25,7.38301e-05,0.08095128,0.81437224,0.8953235,0.0005537256,0.023531374
2005-01-26,3.3918266e-05,0.07694759,0.8249192,0.9018668,0.00054721814,0.023392694
2005-01-27,3.5187146e-05,0.06894641,0.84177,0.9107164,0.00050939625,0.02256981
2005-01-28,4.267168e-05,0.073552005,0.83214337,0.9056954,0.00046405342,0.0215419
2005-01-31,3.4720706e-05,0.06535374,0.8491403,0.91449404,0.00051784574,0.022756224
2005-02-01,0.00012686534,0.10701539,0.7697791,0.87679446,0.0005037619,0.022444641
2005-02-02,4.8130412e-05,0.075589396,0.8280562,0.90364563,0.0005706255,0.023887768
2005-02-03,4.1604668e-05,0.076676354,0.82829714,0.9049735,0.0005272859,0.022962706
2005-02-04,4.5060508e-05,0.075679734,0.83098614,0.90666586,0.0004805589,0.021921653
2005-02-07,5.5589175e-05,0.0798674,0.81837577,0.8982432,0.00044441273,0.0210811
2005-02-08,1.057172e-05,0.05709071,0.872476,0.9295667,0.0004748049,0.021790018
2005-02-09,5.9964525e-05,0.09005289,0.8026533,0.8927062,0.0004251669,0.020619575
2005-02-10,9.42222e-05,0.091307946,0.7951962,0.8865041,0.00040133746,0.020033408
2005-02-11,2.036147e-05,0.07057057,0.8330358,0.9036064,0.00052669994,0.022949943
2005-02-14,3.1943226e-05,0.06688272,0.8448692,0.9117519,0.0004592013,0.021428984
2005-02-15,4.2243806e-05,0.07639198,0.82627356,0.90266556,0.00042208954,0.020544818
2005-02-16,3.8728784e-05,0.07316157,0.83135325,0.9045148,0.0003922338,0.019804893
2005-02-17,1.3429336e-05,0.067853585,0.84361047,0.91146404,0.00040080387,0.020020086
2005-02-18,1.5525864e-05,0.052506037,0.87408197,0.926588,0.0003704524,0.01924714
2005-02-22,9.226118e-06,0.0582356,0.8615557,0.9197913,0.00035395028,0.018813567
2005-02-23,4.111015e-06,0.05827857,0.86291456,0.9211931,0.000497372,0.022301838
2005-02-24,6.9192465e-06,0.0532419,0.8729082,0.9261501,0.0004333025,0.02081592
2005-02-25,1.612715e-05,0.066807464,0.8501862,0.9169937,0.0003860394,0.019647885
2005-02-28,1.06993775e-05,0.06574664,0.8527037,0.91845036,0.00034453368,0.018561618
2005-03-01,1.037825e-05,0.066507466,0.84809077,0.9145982,0.000306017,0.017493341
2005-03-02,2.5576967e-06,0.05969265,0.87564814,0.93534076,0.00027007077,0.01643383
2005-03-03,5.4634315e-06,0.0641197,0.85711414,0.92123383,0.0002792578,0.016711008
2005-03-04,1.2727238e-05,0.07657608,0.84049696,0.917073,0.00025066163,0.015832298
2005-03-07,8.789452e-06,0.070532374,0.84961545,0.92014784,0.00022445792,0.01498192
2005-03-08,1.1278597e-05,0.072647266,0.8440295,0.91667676,0.00019972974,0.014132577
2005-03-09,1.7896922e-05,0.08592124,0.8174167,0.90333796,0.00019156805,0.013840811
2005-03-10,2.0645755e-05,0.08270883,0.82455534,0.9072642,0.00017530455,0.013240263
2005-03-11,3.1288462e-05,0.07814684,0.8274285,0.90557534,0.00020865224,0.0144448
2005-03-14,2.2407467e-05,0.088263534,0.81113786,0.89940137,0.00022463905,0.014987963
2005-03-15,2.5339952e-05,0.08854414,0.8100254,0.8985695,0.0002122536,0.014568926
2005-03-16,8.031643e-05,0.10844111,0.76910776,0.8775489,0.00019750008,0.014053472
2005-03-17,3.8139897e-05,0.095082715,0.79298663,0.88806933,0.00030043477,0.017333055
2005-03-18,2.924885e-05,0.081274986,0.8194404,0.9007154,0.0002765345,0.016629327
2005-03-21,2.8714654e-05,0.087787,0.8103247,0.8981117,0.00025826547,0.01607064
2005-03-22,2.594609e-05,0.0880827,0.8110406,0.8991233,0.00023833544,0.015438116
2005-03-23,3.5266974e-05,0.085499264,0.8131112,0.8986105,0.00022929999,0.015142654
2005-03-24,6.531105e-05,0.089387424,0.79997003,0.88935745,0.000362902,0.019049987
2005-03-28,4.2281117e-05,0.09104943,0.79682904,0.8878785,0.00038705266,0.019673653
2005-03-29,4.049425e-05,0.08179103,0.8137729,0.89556396,0.00037042212,0.019246353
2005-03-30,3.430736e-05,0.0919298,0.7990011,0.8909309,0.0003427278,0.01851291
2005-03-31,3.394217e-05,0.08822099,0.80312485,0.89134586,0.00031013007,0.01761051
2005-04-01,2.9974892e-05,0.08694871,0.80473995,0.89168864,0.00034070504,0.018458197
2005-04-04,5.3320546e-05,0.09999921,0.78040093,0.8804001,0.00039877486,0.019969348
2005-04-05,2.5109637e-05,0.07794932,0.82728857,0.9052379,0.0003667897,0.019151755
2005-04-06,2.2188307e-05,0.080586866,0.82219887,0.9027857,0.00035206854,0.01876349
2005-04-07,2.6016482e-05,0.08823037,0.81117594,0.8994063,0.00031270602,0.017683495
2005-04-08,2.601787e-05,0.08061197,0.82769936,0.9083113,0.00036923127,0.019215392
2005-04-11,5.770121e-05,0.10041388,0.78637505,0.8867889,0.00034956637,0.018696694
2005-04-12,7.0233575e-05,0.102081254,0.7772679,0.8793491,0.00033762326,0.018374527
2005-04-13,7.175985e-05,0.09075432,0.7981703,0.88892466,0.00045957326,0.02143766
2005-04-14,5.7062938e-05,0.08560011,0.8101866,0.89578676,0.0005335144,0.02309793
2005-04-15,3.316405e-05,0.07778517,0.8174261,0.8952113,0.00051627617,0.022721712
2005-04-18,4.377349e-05,0.08168517,0.8139242,0.8956094,0.0004679358,0.021631824
2005-04-19,3.5665253e-05,0.079125695,0.8189156,0.8980413,0.00042518505,0.020620016
2005-04-20,6.7225155e-06,0.05266656,0.8681917,0.92085826,0.0004933567,0.022211635
2005-04-21,3.0495481e-05,0.07398901,0.82689553,0.90088457,0.00043542217,0.020866772
2005-04-22,1.5160011e-05,0.0673236,0.8417275,0.9090511,0.00047015637,0.02168309
2005-04-25,1.7867573e-05,0.075526185,0.8308262,0.9063524,0.00044205083,0.021025006
2005-04-26,1.7596522e-05,0.06575917,0.8466092,0.91236836,0.00040240964,0.02006015
2005-04-27,2.5601088e-05,0.0764397,0.8272537,0.9036934,0.00036151367,0.019013513
2005-04-28,2.5586936e-05,0.06444864,0.8511398,0.91558844,0.0005095043,0.0225722
2005-04-29,5.8490274e-05,0.09386042,0.7929988,0.8868592,0.00045978327,0.021442557
2005-05-02,4.3253618e-05,0.07688852,0.82824594,0.90513444,0.000577908,0.024039717
2005-05-03,3.8122846e-05,0.08333661,0.80938935,0.89272594,0.00056487124,0.02376702
2005-05-04,3.1609296e-05,0.071213394,0.8380325,0.90924585,0.0005629753,0.0237271
2005-05-05,6.0603405e-05,0.086942546,0.80181915,0.8887617,0.0005144181,0.022680787
2005-05-06,5.8492227e-05,0.08247017,0.8065909,0.8890611,0.00048929267,0.022119962
2005-05-09,6.9929665e-05,0.08466815,0.80396044,0.8886286,0.0004536049,0.021298002
2005-05-10,4.2850785e-05,0.07467962,0.82110244,0.89578205,0.00047043743,0.02168957
2005-05-11,4.3870383e-05,0.07652861,0.82134604,0.89787465,0.00042915152,0.020715972
2005-05-12,2.4213537e-05,0.06711381,0.8417675,0.9088813,0.00047381426,0.021767275
2005-05-13,3.9583654e-05,0.0686192,0.836849,0.90546817,0.0005241084,0.022893414
2005-05-16,4.570365e-05,0.08204482,0.81262976,0.8946746,0.00047860044,0.021876939
2005-05-17,2.9340621e-05,0.07371355,0.8296875,0.903401,0.0004347993,0.020851841
2005-05-18,1.7178734e-05,0.06591066,0.84350276,0.9094134,0.00039387745,0.019846346
2005-05-19,2.5130807e-05,0.06343551,0.8466117,0.9100472,0.00043466527,0.020848628
2005-05-20,1.4802192e-05,0.057505663,0.85821646,0.91572213,0.00039642802,0.0199105
2005-05-23,2.9523817e-05,0.07289624,0.831047,0.90394324,0.00035546435,0.018853761
2005-05-24,2.8453167e-05,0.068565905,0.8342696,0.9028355,0.00049987144,0.022357805
2005-05-25,9.703832e-06,0.051878586,0.87039196,0.92227054,0.00045249172,0.021271853
2005-05-26,1.1802696e-05,0.05284082,0.8666766,0.91951746,0.00043814428,0.020931896
2005-05-27,1.14327695e-05,0.04896262,0.875756,0.9247186,0.0003915397,0.019787362
2005-05-31,7.6234437e-06,0.051888987,0.8721739,0.9240629,0.00036705614,0.01915871
2005-06-01,1.5991951e-05,0.06023174,0.854511,0.91474277,0.0003279897,0.018110486
2005-06-02,1.4504767e-06,0.046484437,0.8924591,0.9389435,0.0004418155,0.021019408
2005-06-03,2.66554e-05,0.06457898,0.8424519,0.9070308,0.00041103887,0.020274093
2005-06-06,3.9579986e-06,0.054233294,0.87354356,0.9277769,0.0004151295,0.020374727
2005-06-07,1.8767503e-05,0.06436009,0.84573495,0.91009504,0.0003720913,0.019289669
2005-06-08,2.6247935e-05,0.07130692,0.8331994,0.9045063,0.00034553153,0.018588478
2005-06-09,3.8442577e-05,0.07860466,0.82343876,0.9020434,0.00035240484,0.01877245
2005-06-10,3.8777735e-06,0.05568638,0.8702857,0.92597204,0.00041100074,0.020273153
2005-06-13,2.9673565e-05,0.06997363,0.8355981,0.90557176,0.00037238016,0.019297155
2005-06-14,2.6910438e-05,0.083971225,0.81138027,0.89535147,0.00044137076,0.021008827
2005-06-15,2.7641192e-05,0.07036584,0.8348818,0.9052476,0.00039597828,0.019899203
2005-06-16,1.77469e-05,0.073307596,0.8352468,0.9085544,0.00036541632,0.019115865
2005-06-17,1.2852698e-05,0.070632614,0.8404908,0.91112345,0.00034619504,0.018606316
2005-06-20,5.7423904e-06,0.059626903,0.86162555,0.9212524,0.0003791196,0.019470993
2005-06-21,1.081063e-05,0.06358333,0.85215145,0.91573477,0.00034593657,0.01859937
2005-06-22,1.2201843e-05,0.065773405,0.8524202,0.91819364,0.00030983135,0.017602026
2005-06-23,2.2310574e-05,0.07043777,0.83802193,0.9084597,0.00028930404,0.01700894
2005-06-24,5.761156e-06,0.063274115,0.857661,0.92093515,0.00030018645,0.01732589
2005-06-27,1.6073334e-05,0.07373286,0.8370951,0.91082793,0.00026617508,0.016314873
2005-06-28,4.6814207e-06,0.05592328,0.8713016,0.9272249,0.0002485051,0.015764045
2005-06-29,7.997346e-06,0.053637493,0.8727492,0.9263867,0.00030902406,0.01757908
2005-06-30,2.1536629e-05,0.07123837,0.8364048,0.9076432,0.0002922864,0.017096385
2005-07-01,3.85728e-05,0.07878421,0.8214578,0.90024203,0.00027912544,0.016707048
2005-07-05,6.299155e-06,0.06568787,0.85021126,0.91589916,0.00038672244,0.01966526
2005-07-06,7.765701e-06,0.06430957,0.8541149,0.9184245,0.0003479473,0.018653346
2005-07-07,1.7302094e-06,0.052554496,0.88106173,0.9336162,0.00035449964,0.018828161
2005-07-08,0.0001309301,0.10076991,0.77662295,0.8773929,0.00031853825,0.01784764
2005-07-11,3.0780495e-05,0.0780867,0.8250521,0.90313876,0.00041275733,0.02031643
2005-07-12,4.9348815e-05,0.09091936,0.80272675,0.8936461,0.00038292466,0.01956846
2005-07-13,1.6888558e-05,0.083139926,0.81872183,0.9018618,0.00042921733,0.020717561
2005-07-14,5.020005e-05,0.096288346,0.79609025,0.89237857,0.00037715706,0.019420533
2005-07-15,2.9423449e-05,0.07793593,0.8311253,0.90906125,0.00048753183,0.022080123
2005-07-18,3.05702e-05,0.08643092,0.81306905,0.89949995,0.00043641613,0.020890575
2005-07-19,4.7725447e-05,0.08211686,0.8161505,0.8982673,0.00040128207,0.020032026
2005-07-20,2.5011639e-05,0.07986913,0.8254312,0.9053004,0.0003756406,0.01938145
2005-07-21,5.819411e-05,0.094371624,0.7960093,0.8903809,0.00034893237,0.018679732
2005-07-22,3.9601586e-05,0.0838025,0.8166548,0.9004573,0.00034056336,0.018454358
2005-07-25,1.6268463e-05,0.07283763,0.837151,0.90998864,0.00037459013,0.01935433
2005-07-26,2.551603e-05,0.06967324,0.83769673,0.90737,0.00033225762,0.018227935
2005-07-27,4.38511e-05,0.08443915,0.8111183,0.89555746,0.00030454964,0.017451352
2005-07-28,1.975496e-05,0.07527439,0.83232886,0.90760326,0.00029112966,0.017062522
2005-07-29,1.9267283e-05,0.076141536,0.82990485,0.9060464,0.00027627125,0.016621409
2005-08-01,2.5858111e-05,0.087864555,0.81306934,0.9009339,0.00025654084,0.016016893
2005-08-02,1.3882627e-05,0.0790903,0.8280345,0.9071248,0.00025740662,0.016043896
2005-08-03,1.4688619e-05,0.07996366,0.83085126,0.91081494,0.00022898175,0.015132143
2005-08-04,2.764272e-05,0.08523217,0.81925166,0.9044838,0.0002280242,0.015100471
2005-08-05,1.3427711e-05,0.08072268,0.8302635,0.9109862,0.00022032227,0.014843256
2005-08-08,1.5522832e-05,0.085546665,0.82004297,0.90558964,0.00021410422,0.0146323005
2005-08-09,1.4421537e-05,0.08412441,0.82074714,0.9048715,0.00024722418,0.015723364
2005-08-10,3.1987838e-05,0.08449276,0.81897587,0.9034686,0.0002336042,0.015284115
2005-08-11,6.2866197e-06,0.07950389,0.8369392,0.9164431,0.00029142178,0.01707108
2005-08-12,5.452957e-06,0.070380315,0.85074955,0.9211299,0.00026481494,0.016273135
2005-08-15,7.5347807e-06,0.07859537,0.8394924,0.9180877,0.00024825206,0.015756017
2005-08-16,1.5471742e-05,0.07910808,0.8347478,0.91385585,0.00022240967,0.014913405
2005-08-17,8.202332e-06,0.08055953,0.8382652,0.91882473,0.00020187814,0.014208383
2005-08-18,1.2733145e-05,0.06649782,0.8590165,0.9255143,0.00033325027,0.018255144
2005-08-19,6.2359873e-06,0.06425811,0.8622087,0.9264668,0.00029900137,0.017291656
2005-08-22,1.6437349e-05,0.0865546,0.8180111,0.9045657,0.0003304037,0.01817701
2005-08-23,1.7452658e-05,0.08244258,0.8269888,0.9094314,0.0002868621,0.016937004
2005-08-24,1.295335e-05,0.07966518,0.8327294,0.9123946,0.00025584738,0.01599523
2005-08-25,6.5434137e-06,0.07254317,0.846203,0.9187462,0.00027188228,0.016488854
2005-08-26,6.5066324e-06,0.06346435,0.8629166,0.92638093,0.0002369992,0.015394778
2005-08-29,1.9876163e-05,0.07323884,0.8409858,0.9142246,0.0002378595,0.015422694
2005-08-30,5.5492787e-06,0.083869606,0.8340764,0.917946,0.00023829307,0.015436744
2005-08-31,3.8378825e-08,0.027061017,0.9385767,0.96563774,0.0003247445,0.018020669
2005-09-01,5.735889e-06,0.07073717,0.85477,0.9255072,0.00030923472,0.01758507
2005-09-02,1.8923836e-05,0.086591296,0.8189831,0.9055744,0.0002739861,0.016552527
2005-09-06,1.613582e-05,0.077940255,0.84702575,0.924966,0.0003109096,0.01763263
2005-09-07,1.7572153e-05,0.07951762,0.8395133,0.9190309,0.00032559986,0.018044386
2005-09-08,1.4935905e-05,0.073342256,0.850522,0.92386425,0.00033907598,0.018414017
2005-09-09,3.5074274e-05,0.10026219,0.8017482,0.9020104,0.000303528,0.017422056
2005-09-12,5.6951507e-05,0.09201408,0.81026065,0.9022747,0.00028277707,0.016815977
2005-09-13,2.5066396e-05,0.07703142,0.8415199,0.9185513,0.00029928493,0.017299853
2005-09-14,2.917722e-05,0.08768391,0.8172211,0.904905,0.0002779688,0.016672397
2005-09-15,6.124536e-05,0.10104039,0.78171676,0.8827572,0.00033888777,0.018408904
2005-09-16,5.247755e-05,0.08656002,0.8145484,0.9011084,0.00032915635,0.018142667
2005-09-19,1.9978123e-05,0.06205718,0.8638276,0.9258848,0.0003865666,0.019661296
2005-09-20,5.6985787e-08,0.02962517,0.93376803,0.9633932,0.00063375395,0.02517447
2005-09-21,3.3236001e-06,0.04747595,0.89350134,0.9409773,0.00060098356,0.024514966
2005-09-22,1.04365645e-05,0.075554386,0.84045607,0.91601044,0.0005436219,0.0233157
2005-09-23,1.4121691e-05,0.07445553,0.8402132,0.9146687,0.00046900302,0.021656478
2005-09-26,5.5616383e-06,0.0492453,0.8918363,0.9410816,0.0005023518,0.022413205
2005-09-27,2.4235915e-05,0.08988599,0.80846626,0.89835227,0.00048402994,0.02200068
2005-09-28,2.2438246e-05,0.07358011,0.8405373,0.9141174,0.0004277971,0.020683257
2005-09-29,2.044755e-06,0.06599751,0.866681,0.93267846,0.00040934407,0.020232253
2005-09-30,1.0071759e-05,0.071446754,0.85298914,0.9244359,0.0003595194,0.018960997
2005-10-03,1.16040455e-05,0.069751844,0.8599628,0.9297147,0.00032187294,0.017940817
2005-10-04,3.104242e-05,0.08445526,0.824115,0.90857023,0.00029828248,0.017270856
2005-10-05,1.16592055e-05,0.06682145,0.8593379,0.9261594,0.0003274792,0.018096387
2005-10-06,1.43274665e-05,0.0649336,0.861598,0.9265316,0.00031408566,0.017722461
2005-10-07,8.842864e-06,0.057104714,0.8783733,0.93547803,0.00032003317,0.017889472
2005-10-10,3.2013344e-05,0.08637276,0.8204133,0.9067861,0.00029323544,0.017124118
2005-10-11,5.7692516e-05,0.08913151,0.8107095,0.899841,0.00027265088,0.016512144
2005-10-12,2.432943e-05,0.09210519,0.8107232,0.9028284,0.00034564966,0.018591655
2005-10-13,2.0387806e-05,0.07815959,0.8357944,0.91395396,0.00031207482,0.01766564
2005-10-14,2.096684e-05,0.065327935,0.8568235,0.92215145,0.00030265586,0.017397007
2005-10-17,2.2249007e-05,0.0738377,0.8441999,0.9180376,0.00028383615,0.016847437
2005-10-18,5.749748e-06,0.06887358,0.85405993,0.9229335,0.00031584708,0.017772088
2005-10-19,6.5026247e-06,0.049114686,0.89049613,0.93961084,0.00029881197,0.017286178
2005-10-20,1.1689797e-05,0.06351533,0.8640814,0.9275967,0.00028062495,0.016751865
2005-10-21,6.576627e-06,0.05121723,0.8869407,0.9381579,0.00028652424,0.016927026
2005-10-24,2.2287195e-05,0.07431408,0.8408298,0.91514385,0.00026306417,0.016219253
2005-10-25,9.675677e-06,0.055533692,0.87843233,0.93396604,0.0002455945,0.015671454
2005-10-26,1.2057449e-06,0.059623912,0.879785,0.9394089,0.00029087643,0.0170551
2005-10-27,5.386447e-06,0.044384502,0.89745355,0.941838,0.00030771017,0.01754167
2005-10-28,1.2862868e-05,0.07106829,0.8502638,0.92133206,0.00028362763,0.016841248
2005-10-31,9.313409e-06,0.05920775,0.8697873,0.928995,0.00025428232,0.015946232
2005-11-01,2.5663903e-06,0.03809283,0.913076,0.95116884,0.00026557982,0.01629662
2005-11-02,1.2011935e-05,0.06922322,0.84917635,0.9183996,0.00024512495,0.015656466
2005-11-03,2.2124692e-05,0.062285237,0.8597365,0.92202175,0.00022041118,0.014846251
2005-11-04,1.305178e-05,0.074853055,0.8374415,0.91229457,0.0002802803,0.016741574
2005-11-07,7.0475207e-06,0.046372905,0.8913092,0.9376821,0.00027718573,0.016648896
2005-11-08,6.8249133e-06,0.051655605,0.88374496,0.93540055,0.00027032476,0.016441556
2005-11-09,1.3156262e-05,0.06701159,0.85533875,0.92235035,0.0002464763,0.015699564
2005-11-10,1.7575754e-05,0.062276147,0.85967666,0.9219528,0.00023593433,0.015360154
2005-11-11,1.2801459e-05,0.0539068,0.87885994,0.93276674,0.00024425474,0.01562865
2005-11-14,1.7609458e-05,0.06783773,0.85443544,0.92227316,0.00022875675,0.015124707
2005-11-15,1.7559762e-05,0.06724531,0.85182977,0.9190751,0.00021351485,0.014612148
2005-11-16,8.172144e-06,0.05390214,0.8808937,0.93479586,0.00021010096,0.01449486
2005-11-17,8.556382e-06,0.071771376,0.84950376,0.92127514,0.0002061366,0.014357458
2005-11-18,9.622553e-06,0.05081077,0.88336354,0.9341743,0.00023737043,0.015406831
2005-11-21,1.912497e-05,0.06570475,0.85521394,0.9209187,0.0002199609,0.014831079
2005-11-22,2.6814027e-05,0.07178434,0.83984756,0.9116319,0.00025584886,0.015995277
2005-11-23,1.0857267e-05,0.06645072,0.85484153,0.92129225,0.00026858208,0.016388474
2005-11-28,7.265612e-06,0.053146806,0.882668,0.9358148,0.00024084176,0.015519077
2005-11-29,2.7723297e-06,0.041321456,0.9068954,0.94821686,0.00024912858,0.015783807
2005-11-30,3.621962e-06,0.04766404,0.8940985,0.94176257,0.00023839834,0.015440153
2005-12-01,1.90887e-06,0.055071466,0.8858823,0.9409538,0.0002263847,0.015046086
2005-12-02,4.826372e-07,0.040639292,0.90802485,0.9486641,0.00022373507,0.014957776
2005-12-05,3.5920664e-06,0.053010825,0.8823882,0.935399,0.0002118617,0.01455547
2005-12-06,6.851828e-06,0.059916638,0.87152267,0.9314393,0.00019551186,0.013982556
2005-12-07,7.3281412e-06,0.057895668,0.87511355,0.9330092,0.00017724995,0.013313525
2005-12-08,4.0542864e-06,0.05403796,0.88499653,0.93903446,0.0001714339,0.013093277
2005-12-09,6.5760054e-07,0.056499884,0.8907338,0.9472337,0.00018686027,0.0136696845
2005-12-12,2.9455896e-06,0.04570841,0.90016747,0.9458759,0.00019289646,0.013888717
2005-12-13,4.454703e-06,0.07478721,0.85255617,0.92734337,0.00022178104,0.014892315
2005-12-14,3.0436895e-06,0.059982426,0.8750219,0.9350043,0.00019360051,0.01391404
2005-12-15,2.944593e-06,0.047009263,0.8950747,0.942084,0.00017700739,0.013304412
2005-12-16,1.6090428e-06,0.039762925,0.9117393,0.9515022,0.0001711852,0.013083776
2005-12-19,1.8549292e-06,0.038324486,0.9130368,0.9513613,0.00020075064,0.01416865
2005-12-20,4.2686174e-06,0.051790535,0.88770777,0.9394983,0.00019148746,0.013837899
2005-12-21,5.0358644e-06,0.06221197,0.86982715,0.93203914,0.0001805947,0.013438553
2005-12-22,5.651608e-06,0.06185475,0.86798066,0.92983544,0.00016802992,0.012962636
2005-12-23,1.890413e-06,0.038557794,0.9112205,0.94977826,0.00015304578,0.012371168
2005-12-27,4.547288e-06,0.045144208,0.8943789,0.9395231,0.00014156393,0.011898064
2005-12-28,9.854668e-07,0.033554338,0.9224531,0.9560074,0.00013221681,0.0114985565
2005-12-29,5.3608e-06,0.06616157,0.859619,0.9257806,0.00014913085,0.012211914
2005-12-30,9.015298e-06,0.058675367,0.86666673,0.9253421,0.00013791329,0.011743649
2006-01-03,9.147232e-06,0.0625033,0.8602456,0.92274886,0.00013651309,0.011683881
2006-01-04,4.222493e-06,0.05776824,0.87143075,0.929199,0.00019721396,0.014043288
2006-01-05,6.260665e-06,0.048832007,0.88542235,0.93425435,0.00017710758,0.013308177
2006-01-06,3.1654915e-06,0.042213228,0.90255535,0.94476855,0.00016814841,0.012967206
2006-01-09,8.202831e-06,0.06809282,0.8550279,0.92312074,0.0001756475,0.013253207
2006-01-10,5.174743e-06,0.049874492,0.8897339,0.9396084,0.00016712406,0.012927647
2006-01-11,9.410802e-06,0.06380328,0.8637313,0.9275346,0.00015412501,0.01241471
2006-01-12,1.3140024e-05,0.071947515,0.85067785,0.92262536,0.00014741358,0.012141399
2006-01-13,1.236873e-05,0.06401807,0.86000526,0.92402333,0.00013854462,0.011770498
2006-01-17,1.4798694e-05,0.068672195,0.8501166,0.9187888,0.00013153526,0.011468882
2006-01-18,4.2767074e-06,0.06887854,0.8565566,0.9254351,0.00021810539,0.014768392
2006-01-19,5.943824e-06,0.04849637,0.88980997,0.93830633,0.00019666807,0.0140238395
2006-01-20,6.580536e-06,0.06443458,0.859306,0.92374057,0.00019396518,0.013927138
2006-01-23,3.900599e-06,0.06677648,0.8607601,0.92753655,0.00020524292,0.014326301
2006-01-24,3.2367777e-06,0.041937154,0.90194124,0.9438784,0.00018156726,0.01347469
2006-01-25,4.9681344e-06,0.05128405,0.88311726,0.93440133,0.00017720342,0.013311777
2006-01-26,5.3549043e-06,0.051169526,0.88650054,0.93767005,0.00017885462,0.013373654
2006-01-27,1.1055249e-05,0.06869668,0.8525615,0.92125815,0.0001657506,0.012874417
2006-01-30,1.1050342e-05,0.074091166,0.84071493,0.9148061,0.00018615363,0.013643813
2006-01-31,7.168339e-06,0.06914609,0.8534006,0.9225467,0.00017285609,0.013147474
2006-02-01,9.794304e-06,0.06192736,0.8659395,0.9278669,0.00015762313,0.012554805
2006-02-02,7.3299284e-06,0.05466713,0.87444335,0.92911047,0.00017214808,0.013120522
2006-02-03,5.3904682e-06,0.048596606,0.8893355,0.93793213,0.00020339765,0.014261755
2006-02-06,2.8775024e-05,0.088643156,0.81158453,0.90022767,0.00019153806,0.013839727
2006-02-07,2.0105812e-05,0.06530688,0.8535978,0.9189047,0.00018578366,0.013630248
2006-02-08,3.764424e-06,0.049479164,0.8897578,0.939237,0.00024441892,0.015633903
2006-02-09,1.7901222e-05,0.07185689,0.84612495,0.91798186,0.00022507399,0.015002466
2006-02-10,2.517514e-05,0.07499819,0.83523166,0.91022986,0.00020840141,0.014436115
2006-02-13,1.8713685e-05,0.06662373,0.85309833,0.9197221,0.00021141735,0.014540198
2006-02-14,3.501016e-05,0.07424106,0.8327327,0.9069737,0.00020568087,0.014341579
2006-02-15,1.3051245e-05,0.060640533,0.8631528,0.9237933,0.00026390076,0.016245022
2006-02-16,2.777334e-05,0.06846917,0.84330916,0.91177833,0.00030333706,0.017416574
2006-02-17,2.4276333e-05,0.07263739,0.83506525,0.9077026,0.00029493312,0.017173616
2006-02-21,2.3735558e-05,0.07075174,0.83652437,0.9072761,0.00031167833,0.017654413
2006-02-22,2.0454983e-05,0.071761414,0.8405502,0.9123116,0.0003126509,0.017681938
2006-02-23,1.9555024e-05,0.0657587,0.85390455,0.91966325,0.000283457,0.016836181
2006-02-24,1.81632e-05,0.06609919,0.8501552,0.91625434,0.00026574827,0.016301787
2006-02-27,4.8378447e-06,0.052841555,0.87532264,0.9281642,0.00034050454,0.018452765
2006-02-28,6.307425e-06,0.042916473,0.89598185,0.9388983,0.00035380138,0.01880961
2006-03-01,8.427527e-06,0.062695615,0.85996366,0.9226593,0.00032511467,0.018030936
2006-03-02,1.0602645e-06,0.0406778,0.9039083,0.9445861,0.0002929458,0.01711566
2006-03-03,5.7478055e-06,0.052990176,0.87204754,0.92503774,0.00028549705,0.016896658
2006-03-06,1.3049617e-05,0.06840883,0.84829605,0.9167049,0.0002558714,0.015995981
2006-03-07,8.344732e-06,0.05794764,0.8720129,0.92996055,0.00025800895,0.016062656
2006-03-08,1.5819185e-05,0.07476116,0.8388544,0.9136155,0.00024404541,0.015621953
2006-03-09,2.1015301e-05,0.072695024,0.84092945,0.91362447,0.00027056504,0.016448861
2006-03-10,3.2552613e-05,0.086296715,0.8126164,0.89891315,0.00025237375,0.015886275
2006-03-13,3.573309e-05,0.08389829,0.8183401,0.9022384,0.00024413533,0.0156248305
2006-03-14,1.0102185e-05,0.07359609,0.840959,0.9145551,0.00030868646,0.017569475
2006-03-15,8.360365e-06,0.06418697,0.8515151,0.9157021,0.00030244223,0.017390866
2006-03-16,1.2042477e-05,0.063258916,0.8584088,0.9216677,0.0002804466,0.01674654
2006-03-17,9.352601e-06,0.071303576,0.8441548,0.9154583,0.00028400632,0.016852487
2006-03-20,1.3095198e-05,0.060677152,0.8589698,0.919647,0.00026120493,0.016161835
2006-03-21,1.0665831e-05,0.05836277,0.8637123,0.9220751,0.00032677583,0.018076941
2006-03-22,2.1547716e-05,0.08192405,0.821485,0.903409,0.00029320706,0.01712329
2006-03-23,5.281245e-05,0.091586255,0.8009491,0.8925353,0.0002932753,0.017125282
2006-03-24,5.3541703e-06,0.0681673,0.85469764,0.9228649,0.0003926476,0.019815337
2006-03-27,1.3775655e-05,0.070731685,0.84233165,0.91306335,0.00034282997,0.018515669
2006-03-28,8.385008e-06,0.058911856,0.8653039,0.92421573,0.00030277282,0.017400369
2006-03-29,3.011616e-06,0.055430226,0.8754962,0.93092644,0.00032035157,0.017898368
2006-03-30,8.443631e-06,0.066472895,0.8539052,0.9203781,0.0002851709,0.016887004
2006-03-31,1.1928522e-05,0.07524474,0.8363406,0.91158533,0.00025896414,0.016092362
2006-04-03,1.4244527e-05,0.07283046,0.8435103,0.91634077,0.00023330584,0.015274352
2006-04-04,1.8242474e-05,0.078067996,0.8298604,0.9079284,0.00021119158,0.014532432
2006-04-05,1.9002551e-05,0.07847263,0.8305916,0.90906423,0.00019834921,0.014083651
2006-04-06,1.41428345e-05,0.07868151,0.8303309,0.90901244,0.00019580485,0.013993029
2006-04-07,1.290712e-05,0.075500354,0.8353236,0.91082394,0.0001893749,0.013761356
2006-04-10,1.6976415e-05,0.07145065,0.84054786,0.9119985,0.00017634439,0.0132794725
2006-04-11,8.029518e-06,0.07138369,0.84328,0.91466373,0.00019272303,0.013882472
2006-04-12,1.3081216e-05,0.076822765,0.8355775,0.91240025,0.00017131538,0.01308875
2006-04-13,1.36719045e-05,0.073274136,0.83871156,0.9119857,0.00015850314,0.012589803
2006-04-17,1.7698638e-05,0.08677374,0.8159499,0.90272367,0.00015385088,0.012403664
2006-04-18,8.152008e-06,0.07701284,0.8351289,0.91214174,0.00016341619,0.012783434
2006-04-19,1.3037213e-05,0.086727284,0.81794685,0.9046741,0.00015803456,0.012571179
2006-04-20,1.4952525e-05,0.08988685,0.8145044,0.9043912,0.00015321566,0.012378031
2006-04-21,1.6100226e-05,0.08641211,0.822967,0.9093791,0.00014070372,0.01186186
2006-04-24,5.204271e-06,0.07130708,0.8485277,0.9198348,0.00029594952,0.017203184
2006-04-25,9.8105065e-06,0.06662664,0.8548282,0.9214548,0.0003008612,0.01734535
2006-04-26,2.5125177e-05,0.08192372,0.82032627,0.90225,0.00026969393,0.016422361
2006-04-27,1.7422743e-05,0.07982547,0.82908005,0.9089055,0.0002609183,0.016152967
2006-04-28,1.5156817e-05,0.07077343,0.84409666,0.9148701,0.00024860728,0.015767286
2006-05-01,1.4430363e-05,0.07971983,0.83017075,0.9098906,0.00023612028,0.015366206
2006-05-02,1.1577484e-05,0.07006621,0.8402616,0.9103278,0.0002594652,0.016107922
2006-05-03,1.118063e-05,0.07313963,0.8389522,0.9120918,0.0002397918,0.015485212
2006-05-04,9.656808e-06,0.06305179,0.8578069,0.92085874,0.00028694991,0.016939595
2006-05-05,1.0642858e-05,0.06353358,0.8564706,0.9200042,0.0003249619,0.0180267
2006-05-08,3.4676334e-06,0.05659753,0.8715468,0.92814434,0.00028968012,0.01701999
2006-05-09,3.353071e-05,0.08091782,0.8171348,0.89805263,0.0002581205,0.016066128
2006-05-10,8.401894e-06,0.06686309,0.8489342,0.91579723,0.00025789722,0.016059179
2006-05-11,8.349844e-06,0.06676947,0.84832865,0.91509813,0.00025397007,0.015936438
2006-05-12,1.2379707e-05,0.06947435,0.8452428,0.91471714,0.00024122477,0.015531412
2006-05-15,9.51534e-06,0.059561454,0.8650914,0.9246528,0.00023833674,0.015438159
2006-05-16,5.608506e-06,0.05268908,0.87951535,0.9322044,0.00029900775,0.01729184
2006-05-17,1.5446387e-05,0.078492,0.82986987,0.90836185,0.00026871188,0.016392434
2006-05-18,4.017591e-05,0.08429794,0.81269765,0.8969956,0.00025015947,0.01581643
2006-05-19,1.1886268e-05,0.068232164,0.84359515,0.9118273,0.00025303947,0.015907215
2006-05-22,1.6585589e-05,0.06930111,0.8404178,0.90971893,0.00023786614,0.0154229095
2006-05-23,3.3032717e-05,0.0845496,0.81218565,0.89673525,0.00022335892,0.014945197
2006-05-24,6.512124e-06,0.056538295,0.8649869,0.9215252,0.0003221031,0.01794723
2006-05-25,1.177311e-05,0.05852432,0.8639885,0.9225128,0.00032647437,0.018068602
2006-05-26,2.9916505e-06,0.049483944,0.8826411,0.93212503,0.0003183774,0.017843133
2006-05-30,4.0202963e-06,0.050868094,0.88030076,0.93116885,0.0002840166,0.016852792
2006-05-31,7.326348e-06,0.059627768,0.8605308,0.92015857,0.00025815718,0.01606727
2006-06-01,1.6471538e-05,0.078079216,0.8294615,0.90754074,0.00023609697,0.015365447
2006-06-02,2.6996415e-05,0.07819006,0.8243177,0.9025078,0.00022679815,0.0150598185
2006-06-05,8.874087e-06,0.067753024,0.8477806,0.9155336,0.00027389952,0.01654991
2006-06-06,1.6158332e-05,0.07013163,0.84148973,0.91162133,0.00024191887,0.015553742
2006-06-07,1.647857e-05,0.07448412,0.8356987,0.91018283,0.00021990725,0.01482927
2006-06-08,1.9074703e-05,0.06834686,0.84496427,0.9133111,0.00024192936,0.015554079
2006-06-09,1.4524943e-05,0.075633675,0.83501303,0.9106467,0.0002267198,0.015057217
2006-06-12,8.755416e-06,0.06492965,0.8505838,0.91551346,0.00022786291,0.015095129
2006-06-13,2.3791603e-05,0.0770594,0.82683897,0.90389836,0.00022383846,0.014961232
2006-06-14,2.1072028e-05,0.07405353,0.8355058,0.9095593,0.0002614623,0.016169796
2006-06-15,1.072334e-05,0.07535806,0.8373847,0.91274273,0.0002445233,0.015637241
2006-06-16,8.252612e-06,0.07243144,0.8434677,0.91589916,0.00021735571,0.014742989
2006-06-19,9.945522e-06,0.070307456,0.8451076,0.91541505,0.00019357685,0.01391319
2006-06-20,1.816578e-05,0.07150788,0.83871996,0.91022784,0.00018573656,0.01362852
2006-06-21,8.967794e-06,0.06250413,0.8593716,0.9218757,0.00017399124,0.013190574
2006-06-22,9.195399e-06,0.065733396,0.8522434,0.9179768,0.00018287895,0.013523274
2006-06-23,6.672089e-06,0.0608282,0.8629175,0.9237457,0.00016828888,0.01297262
2006-06-26,7.246077e-06,0.060506605,0.8642867,0.9247933,0.00015189432,0.012324541
2006-06-27,5.5663736e-06,0.05958159,0.86705047,0.92663205,0.0001484838,0.012185393
2006-06-28,1.0981834e-05,0.06690461,0.8502961,0.9172007,0.0001344365,0.0115946755
2006-06-29,1.16835945e-05,0.070422836,0.84614015,0.916563,0.00012613031,0.011230775
2006-06-30,5.875471e-06,0.06205217,0.8605664,0.92261857,0.0001413439,0.011888814
2006-07-05,1.0939676e-08,0.008230522,0.97631997,0.9845505,0.00012976647,0.011391508
2006-07-06,7.156963e-07,0.041439414,0.9033105,0.9447499,0.0001288154,0.011349687
2006-07-07,9.892697e-06,0.064149536,0.8578254,0.92197496,0.00011710766,0.010821629
2006-07-10,1.1237053e-05,0.06603216,0.8529584,0.91899055,0.00012343435,0.011110101
2006-07-11,1.5437792e-05,0.07386061,0.83898354,0.9128441,0.000119493096,0.01093129
2006-07-12,8.315604e-06,0.06737226,0.8510151,0.91838735,0.000119557044,0.010934214
2006-07-13,8.814085e-06,0.07219123,0.8444184,0.91660964,0.000117329764,0.010831887
2006-07-14,1.0718294e-05,0.073832944,0.83779776,0.9116307,0.00014565361,0.012068704
2006-07-17,7.0246047e-06,0.071964756,0.84813726,0.920102,0.00013397829,0.011574899
2006-07-18,8.309665e-06,0.05892718,0.8692665,0.9281937,0.00015847344,0.012588624
2006-07-19,1.5113732e-05,0.063945316,0.8534914,0.9174367,0.0001796112,0.013401911
2006-07-20,2.0957807e-05,0.07562903,0.8315058,0.90713483,0.00017800184,0.013341733
2006-07-21,9.351692e-06,0.07160485,0.8460446,0.91764945,0.00017130098,0.0130882
2006-07-24,5.3714652e-06,0.06259486,0.8616593,0.9242542,0.00017772676,0.01333142
2006-07-25,1.2869734e-05,0.07424888,0.8380445,0.91229343,0.00016260473,0.012751656
2006-07-26,1.506254e-05,0.068565,0.84678286,0.9153479,0.00017235504,0.013128405
2006-07-27,1.1624884e-05,0.07214819,0.8438911,0.9160393,0.00016139307,0.012704057
2006-07-28,1.3209489e-05,0.07482753,0.838285,0.9131126,0.0001522952,0.012340794
2006-07-31,1.6161166e-05,0.0744742,0.8363432,0.91081744,0.00016459274,0.01282937
2006-08-01,4.354214e-06,0.0714612,0.85325474,0.92471594,0.00017172217,0.01310428
2006-08-02,1.1107727e-06,0.04670309,0.89575297,0.94245607,0.00015401121,0.012410126
2006-08-03,8.703138e-06,0.07062504,0.8489577,0.9195827,0.00014549706,0.012062216
2006-08-04,1.41998535e-05,0.072823346,0.8461096,0.918933,0.0001338759,0.011570475
2006-08-07,2.071532e-05,0.0741159,0.8380654,0.91218126,0.00013408538,0.011579524
2006-08-08,1.3448623e-05,0.07597107,0.8367345,0.91270554,0.00019565079,0.013987523
2006-08-09,2.1609589e-05,0.07325059,0.8376593,0.9109099,0.00018324264,0.013536714
2006-08-10,1.7894927e-05,0.08009378,0.83133215,0.91142595,0.00017511177,0.01323298
2006-08-11,1.4753912e-05,0.060295362,0.8645996,0.9248949,0.00024280156,0.015582091
2006-08-14,3.4280677e-06,0.058489386,0.8755035,0.93399286,0.0002259063,0.01503018
2006-08-15,1.3488167e-05,0.058349043,0.8660676,0.92441666,0.00020867704,0.014445658
2006-08-16,8.750413e-06,0.059467398,0.86575377,0.92522115,0.00019688153,0.014031448
2006-08-17,1.6373648e-05,0.06131045,0.8571357,0.9184462,0.00019483853,0.013958457
2006-08-18,1.05979e-05,0.05484352,0.87134564,0.9261892,0.0002248035,0.014993449
2006-08-21,5.201785e-06,0.05702037,0.87298054,0.9300009,0.00021896602,0.0147975
2006-08-22,1.357574e-05,0.06046427,0.857631,0.9180953,0.0002149076,0.014659727
2006-08-23,1.0090123e-05,0.059351105,0.8633224,0.92267346,0.00019819944,0.014078332
2006-08-24,1.4412401e-05,0.05761411,0.86709386,0.92470795,0.0001901205,0.013788419
2006-08-25,8.524135e-06,0.05745769,0.8690416,0.9264993,0.00018306122,0.013530011
2006-08-28,5.3480376e-06,0.054567024,0.87545115,0.9300182,0.00016781116,0.012954195
2006-08-29,5.395371e-06,0.04694869,0.8915354,0.9384841,0.00019133839,0.013832512
2006-08-30,1.16305455e-05,0.06072524,0.8606658,0.921391,0.0001839597,0.013563174
2006-08-31,6.0275615e-06,0.054594934,0.8762218,0.9308167,0.00017111862,0.013081231
2006-09-01,1.7874743e-05,0.062463973,0.85536766,0.91783166,0.00015648002,0.012509197
2006-09-04,2.2820066e-05,0.05877997,0.8575502,0.91633016,0.0001668366,0.012916524
2006-09-05,1.4890097e-05,0.05356473,0.86821663,0.92178136,0.0001834089,0.013542854
2006-09-06,2.7390606e-05,0.06850926,0.84170806,0.91021734,0.00017780281,0.013334272
2006-09-07,1.5714299e-05,0.060082573,0.85917443,0.919257,0.00019541597,0.013979126
2006-09-08,1.4197093e-05,0.06067994,0.86066175,0.92134166,0.00018410874,0.013568668
2006-09-11,1.4931037e-05,0.05978319,0.86053133,0.92031455,0.00018863776,0.0137345465
2006-09-12,2.0540658e-05,0.06564976,0.8489361,0.9145858,0.00018313824,0.013532857
2006-09-13,1.3953841e-05,0.059458584,0.861336,0.9207946,0.00023050731,0.015182467
2006-09-14,3.313968e-05,0.07367169,0.83443624,0.90810794,0.00021306193,0.014596641
2006-09-15,1.0166275e-05,0.056528945,0.87179184,0.92832077,0.00022153916,0.014884192
2006-09-18,2.1854652e-05,0.06838714,0.8435593,0.9119465,0.00020343457,0.014263049
2006-09-19,2.4899806e-05,0.066812955,0.8445301,0.91134304,0.00019699437,0.014035468
2006-09-20,1.6262029e-05,0.054694988,0.86733586,0.92203087,0.0002699942,0.0164315
2006-09-21,1.9865669e-05,0.06564484,0.8528534,0.9184983,0.0002720154,0.01649289
2006-09-22,9.192684e-06,0.061111145,0.8625692,0.92368037,0.00027385968,0.016548706
2006-09-25,1.6551718e-05,0.0592127,0.86238456,0.92159724,0.0002635766,0.016235042
2006-09-26,7.319805e-05,0.08063254,0.81677026,0.89740276,0.00025638394,0.016011994
2006-09-27,3.2852415e-05,0.06549696,0.8437381,0.90923506,0.0002870142,0.016941493
2006-09-28,8.446325e-06,0.05701222,0.86689377,0.92390597,0.00033899135,0.018411718
2006-09-29,8.515874e-06,0.057409465,0.86579984,0.9232093,0.00030297122,0.017406069
2006-10-02,2.936463e-06,0.04513763,0.8949518,0.94008946,0.00027110075,0.016465137
2006-10-03,4.3930362e-05,0.063247286,0.84793603,0.9111833,0.00028768135,0.016961172
2006-10-04,1.3149506e-05,0.050625607,0.87724,0.9278656,0.00038642448,0.019657683
2006-10-05,3.8598624e-05,0.08153401,0.82129794,0.902832,0.00035961586,0.01896354
2006-10-06,5.6983718e-05,0.077983975,0.8218371,0.8998211,0.0003423884,0.01850374
2006-10-09,5.8901056e-05,0.0777659,0.824972,0.90273786,0.00034010617,0.018441968
2006-10-10,5.0657447e-05,0.07868108,0.82458204,0.9032631,0.0003402421,0.018445654
2006-10-11,2.6689242e-05,0.06009994,0.85807574,0.9181757,0.00037851237,0.019455394
2006-10-12,5.533186e-05,0.074927144,0.83306086,0.907988,0.00036730967,0.019165324
2006-10-13,5.478506e-05,0.07712434,0.82822204,0.9053464,0.0003628193,0.019047815
2006-10-16,4.520397e-05,0.0727337,0.83368707,0.90642077,0.0003663627,0.019140603
2006-10-17,3.8035425e-05,0.080055036,0.82154036,0.9015954,0.00038882007,0.01971852
2006-10-18,1.9805828e-05,0.06168389,0.8589431,0.920627,0.00038115738,0.019523252
2006-10-19,3.8147642e-05,0.06688399,0.84467363,0.9115576,0.0003775134,0.019429704
2006-10-20,1.7019054e-05,0.07065671,0.8447004,0.9153571,0.00037094564,0.019259948
2006-10-23,2.6118192e-05,0.062804244,0.8551557,0.9179599,0.00039121072,0.019779047
2006-10-24,4.2953576e-05,0.08446704,0.8190122,0.9034793,0.0004341859,0.020837128
2006-10-25,4.0735147e-05,0.0762583,0.83032703,0.90658534,0.00040529494,0.020131938
2006-10-26,1.0263958e-05,0.067968845,0.851744,0.91971284,0.00046411995,0.021543443
2006-10-27,1.3099179e-05,0.05256948,0.87945634,0.9320258,0.00042589905,0.020637322
2006-10-30,1.4272301e-05,0.06333536,0.8615128,0.92484814,0.00038970023,0.019740827
2006-10-31,2.2356594e-06,0.034011625,0.9171324,0.951144,0.00045309713,0.021286078
2006-11-01,2.1668478e-05,0.07920996,0.83662236,0.91583234,0.0004190559,0.020470856
2006-11-02,1.30451035e-05,0.06623935,0.8558527,0.9220921,0.00037228392,0.01929466
2006-11-03,2.6231875e-05,0.059629437,0.86095965,0.9205891,0.00034549047,0.018587373
2006-11-06,1.45602435e-05,0.072272226,0.8456104,0.9178826,0.00035080648,0.018729828
2006-11-07,2.0496867e-05,0.06772351,0.84993243,0.91765594,0.00032653025,0.018070148
2006-11-08,1.399443e-05,0.05590677,0.8711305,0.9270373,0.00032129514,0.017924707
2006-11-09,1.2976219e-05,0.073534325,0.8448876,0.9184219,0.00030637655,0.017503615
2006-11-10,1.77592e-05,0.073301636,0.8429109,0.9162125,0.0003067037,0.017512958
2006-11-13,1.4077429e-05,0.053476624,0.877781,0.9312576,0.00032665572,0.01807362
2006-11-14,2.4050047e-05,0.06755012,0.85238904,0.91993916,0.0003168206,0.017799456
2006-11-15,2.7735054e-05,0.078976095,0.8333295,0.9123056,0.00029603305,0.01720561
2006-11-16,2.0840274e-05,0.07445888,0.84079725,0.91525614,0.00027947442,0.016717488
2006-11-17,2.3695658e-05,0.056391224,0.8691627,0.9255539,0.00039792643,0.019948093
2006-11-20,5.465994e-05,0.08367301,0.82081944,0.90449244,0.00037338684,0.01932322
2006-11-21,2.1499134e-05,0.07897711,0.8305034,0.9094805,0.0005872202,0.024232626
2006-11-22,4.9881573e-06,0.055767924,0.8736682,0.9294361,0.0005503265,0.023459038
2006-11-27,2.0592574e-06,0.032721505,0.9216732,0.9543947,0.00049968757,0.022353692
2006-11-28,2.6929242e-06,0.05702851,0.880268,0.9372965,0.00047304286,0.021749549
2006-11-29,6.9368084e-06,0.062116325,0.8670797,0.929196,0.00042579536,0.02063481
2006-11-30,4.3746827e-06,0.066502266,0.8637036,0.9302059,0.00041075377,0.020267062
2006-12-01,7.951984e-06,0.063911,0.8667476,0.93065864,0.00036642162,0.019142143
2006-12-04,3.5742275e-06,0.049814727,0.8914296,0.9412443,0.0003268597,0.018079262
2006-12-05,4.498419e-06,0.04202753,0.9033996,0.9454271,0.00030760327,0.017538622
2006-12-06,8.381176e-06,0.0599789,0.8717261,0.931705,0.0002823928,0.016804548
2006-12-07,1.89568e-05,0.07102824,0.8485014,0.9195296,0.00025553931,0.015985597
2006-12-08,1.9592731e-05,0.07685718,0.8407227,0.9175799,0.00023728753,0.01540414
2006-12-11,2.469521e-05,0.07233627,0.84380215,0.9161384,0.00022352184,0.014950647
2006-12-12,2.4825384e-05,0.069423996,0.84821963,0.9176436,0.00022620117,0.015039986
2006-12-13,3.977504e-05,0.084263735,0.821542,0.90580577,0.00021753494,0.014749066
2006-12-14,3.786999e-05,0.09120645,0.8122851,0.90349156,0.00022104793,0.014867681
2006-12-15,1.1777003e-05,0.072611205,0.8445637,0.91717494,0.00024762383,0.015736068
2006-12-18,1.2870286e-05,0.0633934,0.8591193,0.9225127,0.00023597109,0.015361351
2006-12-19,6.114023e-06,0.051776074,0.8862857,0.9380618,0.00024002549,0.015492756
2006-12-20,1.4074223e-05,0.07820687,0.83993846,0.9181453,0.00023016828,0.015171298
2006-12-21,1.1476153e-05,0.06330409,0.86242,0.9257241,0.00021342587,0.014609102
2006-12-22,1.8220995e-05,0.0619937,0.8626163,0.92461,0.00021379947,0.014621884
2006-12-26,1.8495411e-05,0.06804579,0.8525293,0.9205751,0.00020374492,0.014273925
2006-12-27,5.4444254e-06,0.050011314,0.8911524,0.9411637,0.00022342177,0.0149473
2006-12-28,1.6444948e-05,0.066268064,0.8549049,0.921173,0.00021264594,0.014582384
2006-12-29,4.543939e-05,0.082605876,0.81978273,0.90238863,0.00019880786,0.014099924
2007-01-02,3.3539724e-05,0.08156515,0.82783467,0.9093998,0.0002141716,0.014634603
2007-01-03,1.2846221e-05,0.06195394,0.85785586,0.9198098,0.00021084196,0.014520398
2007-01-04,7.62265e-07,0.037461765,0.9178226,0.95528436,0.00032456746,0.018015755
2007-01-05,6.0547504e-06,0.050493043,0.8870973,0.93759036,0.00038551193,0.019634457
2007-01-08,3.3626075e-05,0.08157661,0.82471776,0.90629435,0.00035613414,0.018871516
2007-01-09,5.1140956e-05,0.08480394,0.8190356,0.9038395,0.00032872325,0.018130727
2007-01-10,6.5131135e-05,0.08843233,0.8100517,0.898484,0.0003261686,0.018060138
2007-01-11,2.201878e-05,0.0636528,0.8576498,0.9213026,0.00040764865,0.020190312
2007-01-12,1.1460309e-05,0.057340715,0.87401557,0.9313563,0.00047671542,0.021833813
2007-01-16,3.9400966e-05,0.08228217,0.8229088,0.905191,0.0004533105,0.02129109
2007-01-17,2.1372429e-05,0.059153214,0.8662674,0.9254206,0.000509675,0.022575984
2007-01-18,3.1087136e-05,0.07586689,0.83298016,0.90884703,0.0004858554,0.022042127
2007-01-19,2.6714977e-05,0.059386034,0.8602696,0.9196556,0.00052599167,0.022934508
2007-01-22,2.4374234e-05,0.07369038,0.8350691,0.9087595,0.00053007156,0.023023283
2007-01-23,2.2323617e-05,0.06941641,0.84604925,0.91546565,0.0004880395,0.022091616
2007-01-24,3.4171487e-06,0.054113418,0.8763415,0.93045497,0.0008100293,0.028461013
2007-01-25,1.9162302e-05,0.061077468,0.85828274,0.9193602,0.0007150803,0.026740985
2007-01-26,5.8549886e-06,0.041138303,0.90132576,0.94246405,0.0006598706,0.025687948
2007-01-29,8.281093e-06,0.0577388,0.86701584,0.9247546,0.000619625,0.024892267
2007-01-30,3.6923234e-06,0.03946259,0.9068023,0.94626486,0.0005844776,0.024175972
2007-01-31,1.7854716e-06,0.054713015,0.88403594,0.93874896,0.0006451634,0.025400067
2007-02-01,1.2456327e-05,0.06397412,0.8582541,0.9222282,0.00059428223,0.024377905
2007-02-02,1.3464241e-05,0.05651351,0.868163,0.9246765,0.00053644273,0.023161234
2007-02-05,1.8569406e-05,0.06870253,0.8436715,0.912374,0.0005279222,0.022976557
2007-02-06,1.16691535e-05,0.058482222,0.86809176,0.926574,0.00046565538,0.02157905
2007-02-07,2.252549e-05,0.077878304,0.8319692,0.9098475,0.00041617657,0.020400407
2007-02-08,3.156274e-05,0.067898065,0.84714293,0.91504097,0.00040080084,0.020020012
2007-02-09,7.956341e-06,0.07360055,0.8439364,0.9175369,0.0004489444,0.021188308
2007-02-12,2.6722313e-05,0.077964604,0.8316958,0.9096604,0.00038741436,0.019682845
2007-02-13,4.5770603e-06,0.044265326,0.8990856,0.9433509,0.00044750154,0.021154232
2007-02-14,1.3031052e-05,0.07865386,0.83251095,0.9111648,0.00042678247,0.020658715
2007-02-15,2.0243655e-05,0.066992536,0.8508043,0.91779685,0.00039472932,0.019867796
2007-02-16,5.7932964e-05,0.087930486,0.8077344,0.8956649,0.0003560908,0.018870369
2007-02-20,2.5978068e-05,0.088535905,0.80982745,0.89836335,0.0003947263,0.01986772
2007-02-21,3.506324e-05,0.07514166,0.83228594,0.9074276,0.0003912017,0.01977882
2007-02-22,2.1920185e-05,0.08647303,0.8141339,0.90060693,0.00044575235,0.021112848
2007-02-23,1.7934799e-05,0.08117813,0.82661796,0.9077961,0.00040259055,0.02006466
2007-02-26,2.0317637e-05,0.078155465,0.8327045,0.91085994,0.00035140777,0.018745873
2007-02-27,1.9455223e-05,0.07502477,0.83772457,0.91274935,0.00031410807,0.017723095
2007-02-28,1.9485362e-05,0.081862725,0.8288623,0.91072506,0.00028265628,0.016812384
2007-03-01,2.7211077e-05,0.083348766,0.8247987,0.90814745,0.0002559365,0.015998015
2007-03-02,2.4295456e-05,0.08836544,0.8194994,0.9078648,0.00023915214,0.015464544
2007-03-05,3.19797e-05,0.08404254,0.8207311,0.90477365,0.00022349591,0.01494978
2007-03-06,2.2751234e-05,0.07724666,0.8348765,0.91212314,0.00027226313,0.016500399
2007-03-07,3.2357217e-05,0.10097165,0.7951723,0.8961439,0.00025787423,0.016058464
2007-03-08,2.7514105e-05,0.09071031,0.8094931,0.90020347,0.00027100166,0.016462129
2007-03-09,2.2243006e-05,0.080884114,0.8278441,0.9087282,0.0002477738,0.015740832
2007-03-12,1.6645245e-05,0.07300126,0.842575,0.9155763,0.00028348793,0.0168371
2007-03-13,2.1036685e-05,0.079657845,0.8296201,0.909278,0.00028291054,0.016819945
2007-03-14,3.4089855e-05,0.08390525,0.816873,0.9007783,0.00027872357,0.016695017
2007-03-15,4.819801e-05,0.0917237,0.8013072,0.8930309,0.0002629538,0.01621585
2007-03-16,4.1899286e-05,0.08678918,0.81459373,0.9013829,0.00026950962,0.016416749
2007-03-19,5.420576e-05,0.09051221,0.80062133,0.89113355,0.00026683434,0.016335065
2007-03-20,3.4923618e-05,0.08009245,0.8196259,0.89971834,0.00027576162,0.016606072
2007-03-21,2.9916966e-05,0.086571254,0.81639004,0.9029613,0.0002613548,0.016166473
2007-03-22,2.7136808e-05,0.09083531,0.8071111,0.8979464,0.000453792,0.021302395
2007-03-23,6.4176274e-06,0.06804623,0.8515189,0.91956514,0.0004989573,0.022337353
2007-03-26,1.1773895e-05,0.07464581,0.84355545,0.91820127,0.00043718677,0.020909011
2007-03-27,2.877379e-06,0.056805335,0.8752921,0.93209743,0.00038781628,0.019693052
2007-03-28,0.00032187765,0.1283291,0.7281991,0.8565282,0.00034233058,0.018502178
2007-03-29,3.9066148e-05,0.10285514,0.790795,0.8936502,0.00061228266,0.024744347
2007-03-30,2.5233694e-05,0.09780056,0.8011149,0.89891547,0.0006143997,0.024787087
2007-04-02,4.2791336e-05,0.09960464,0.7971738,0.89677846,0.0005181174,0.022762192
2007-04-03,5.9004768e-05,0.105172016,0.78722006,0.8923921,0.00045589346,0.021351662
2007-04-04,4.2536656e-05,0.09002807,0.8097546,0.89978266,0.00046047138,0.021458596
2007-04-05,2.508564e-05,0.095642544,0.80397993,0.8996225,0.0004170234,0.020421151
2007-04-09,5.5133478e-05,0.105209194,0.77933216,0.88454133,0.00036066148,0.018991088
2007-04-10,3.5673926e-05,0.08578706,0.8152563,0.90104336,0.00054228574,0.02328703
2007-04-11,3.6847323e-05,0.10289073,0.78558934,0.88848007,0.0004808129,0.021927446
2007-04-12,2.2686265e-05,0.09171465,0.806845,0.8985597,0.0004148761,0.020368507
2007-04-13,3.456073e-05,0.09934571,0.7892466,0.8885923,0.00043472977,0.020850174
2007-04-16,2.4527673e-05,0.08937419,0.8099727,0.8993469,0.00037900073,0.01946794
2007-04-17,2.779053e-05,0.089997135,0.81289196,0.9028891,0.00033153238,0.01820803
2007-04-18,2.6966627e-05,0.089129135,0.8130745,0.9022037,0.00030342903,0.017419213
2007-04-19,1.3533307e-05,0.078949586,0.8294517,0.90840125,0.00027368337,0.016543379
2007-04-20,4.8756487e-05,0.086517975,0.8027393,0.8892573,0.00027541103,0.016595513
2007-04-23,1.5283042e-05,0.07879381,0.827716,0.9065098,0.00032198784,0.01794402
2007-04-24,1.2748637e-05,0.07865092,0.8282318,0.90688276,0.00039937647,0.019984405
2007-04-25,2.0175943e-05,0.08780599,0.8170165,0.90482247,0.00037590656,0.01938831
2007-04-26,5.8785427e-06,0.06885815,0.850765,0.91962314,0.00035937686,0.018957239
2007-04-27,2.0495383e-05,0.08117765,0.8261122,0.90728986,0.00032174945,0.017937375
2007-04-30,7.291447e-06,0.07886545,0.83730996,0.9161754,0.0003223744,0.017954787
2007-05-01,8.288937e-06,0.07834913,0.8364352,0.9147843,0.0002877541,0.016963316
2007-05-02,1.4056638e-05,0.0755471,0.8433891,0.9189362,0.0002814109,0.016775306
2007-05-03,2.9697932e-05,0.10266203,0.79587895,0.898541,0.0002613033,0.016164878
2007-05-04,1.8318826e-05,0.09165589,0.8122078,0.9038637,0.00024412507,0.015624502
2007-05-07,2.8409338e-05,0.09046253,0.8101324,0.9005949,0.00025455648,0.015954826
2007-05-08,2.837832e-05,0.09263561,0.8071483,0.8997839,0.00023994767,0.015490244
2007-05-09,2.553282e-05,0.08825205,0.8126286,0.9008807,0.00023666766,0.015384006
2007-05-10,2.9441462e-05,0.09045667,0.8065443,0.89700097,0.00022989145,0.015162172
2007-05-11,7.644588e-06,0.070598684,0.8475335,0.9181322,0.00021631112,0.014707519
2007-05-14,1.818917e-05,0.08530528,0.81734043,0.9026457,0.00019645554,0.014016259
2007-05-15,2.44629e-05,0.09316976,0.80594844,0.8991182,0.00017888994,0.013374974
2007-05-16,2.220242e-05,0.08849675,0.81269777,0.9011945,0.00018010664,0.013420382
2007-05-17,1.2892074e-05,0.08419514,0.82504356,0.9092387,0.0001775524,0.013324879
2007-05-18,3.8021574e-06,0.06456588,0.8612401,0.925806,0.0002688375,0.016396265
2007-05-21,2.0733969e-05,0.0888404,0.8153157,0.90415615,0.00023540347,0.015342863
2007-05-22,1.5953969e-05,0.08128485,0.8239109,0.9051957,0.00024842826,0.015761606
2007-05-23,1.5969546e-05,0.08284528,0.8280303,0.91087556,0.00025321718,0.0159128
2007-05-24,1.7514967e-05,0.08895467,0.8176495,0.9066042,0.00023762904,0.0154152205
2007-05-25,3.937663e-05,0.09125348,0.8025742,0.8938277,0.0002659989,0.016309474
2007-05-29,1.2173019e-05,0.07862118,0.8324957,0.91111684,0.00027495122,0.016581653
2007-05-30,9.878899e-06,0.07020703,0.85084635,0.9210534,0.00032236055,0.017954402
2007-05-31,1.535234e-05,0.093309194,0.81408834,0.9073975,0.00028602802,0.016912363
2007-06-01,3.591126e-05,0.09958233,0.7949431,0.8945254,0.00025409894,0.015940482
2007-06-04,3.004593e-05,0.08862123,0.8092715,0.8978927,0.00026458834,0.01626617
2007-06-05,2.9170462e-05,0.09470837,0.80141115,0.89611953,0.0002697974,0.01642551
2007-06-06,3.160535e-05,0.0861946,0.8153819,0.90157646,0.00025360193,0.015924884
2007-06-07,2.9750045e-05,0.09188912,0.80810624,0.8999954,0.00024063983,0.01551257
2007-06-08,2.7404552e-05,0.08745067,0.81573194,0.9031826,0.00024324021,0.01559616
2007-06-11,1.6914848e-05,0.07018171,0.84464747,0.9148292,0.0003220291,0.01794517
2007-06-12,9.364601e-06,0.07182665,0.8451597,0.91698635,0.0003124271,0.017675607
2007-06-13,2.5807874e-05,0.080649815,0.8220893,0.9027391,0.00028010618,0.016736373
2007-06-14,1.4166374e-05,0.07439742,0.8361165,0.91051394,0.00027104147,0.016463337
2007-06-15,9.353332e-06,0.072522745,0.8419311,0.91445386,0.0002722133,0.016498888
2007-06-18,1.0524596e-05,0.07602871,0.8387805,0.9148092,0.00024031624,0.015502136
2007-06-19,9.150047e-06,0.06726793,0.85152334,0.9187913,0.00023082177,0.01519282
2007-06-20,1.5025264e-05,0.06869637,0.8476348,0.9163312,0.00020570043,0.014342261
2007-06-21,2.2921662e-05,0.07545928,0.8322176,0.9076769,0.00020184026,0.014207049
2007-06-22,1.8795914e-05,0.07939529,0.8303332,0.90972847,0.00019409893,0.013931939
2007-06-25,9.054467e-06,0.065182135,0.8558464,0.92102855,0.00018374647,0.013555312
2007-06-26,1.5803302e-05,0.071725145,0.8429907,0.9147158,0.00016632212,0.012896594
2007-06-27,1.5744716e-05,0.06858251,0.8459563,0.91453886,0.00018704566,0.013676464
2007-06-28,1.3073103e-05,0.07750008,0.83554447,0.9130446,0.00019460596,0.013950124
2007-06-29,1.521684e-05,0.06965923,0.8468104,0.91646963,0.00018121261,0.013461524
2007-07-02,1.2475475e-05,0.0730067,0.8406394,0.9136461,0.00018566615,0.013625937
2007-07-03,3.0548585e-05,0.08027293,0.8214659,0.9017388,0.00017082297,0.013069926
2007-07-05,1.45583845e-05,0.0727133,0.8424541,0.9151674,0.00017234602,0.013128062
2007-07-06,1.23111e-05,0.06869765,0.8495186,0.9182162,0.0001618542,0.012722193
2007-07-09,9.560673e-06,0.0649164,0.85763365,0.9225501,0.00016255434,0.01274968
2007-07-10,9.922373e-06,0.06659824,0.8538361,0.92043436,0.00015395488,0.012407856
2007-07-11,1.0375729e-05,0.077484965,0.83633983,0.9138248,0.00014601008,0.012083462
2007-07-12,2.6965934e-05,0.08313228,0.82311994,0.9062522,0.00013352113,0.011555134
2007-07-13,3.1465577e-05,0.08887745,0.81395143,0.9028289,0.00013695908,0.011702952
2007-07-16,2.9106986e-05,0.09125335,0.8088927,0.90014607,0.00017612957,0.013271382
2007-07-17,1.775045e-05,0.07174994,0.8453931,0.91714305,0.00017227333,0.013125294
2007-07-18,1.2916532e-05,0.072836116,0.8443261,0.9171622,0.0001636658,0.012793194
2007-07-19,2.4273568e-06,0.057407606,0.8763694,0.93377703,0.00016459638,0.012829512
2007-07-20,9.610506e-06,0.06502903,0.85301316,0.9180422,0.00015402664,0.012410747
2007-07-23,1.1570658e-05,0.06507941,0.8557697,0.9208491,0.00014251407,0.011937926
2007-07-24,8.583117e-06,0.055750024,0.872865,0.92861503,0.00013909565,0.011793882
2007-07-25,1.17163045e-05,0.06003392,0.86113256,0.9211665,0.00014831532,0.012178478
2007-07-26,6.6877374e-06,0.0668929,0.8554474,0.92234033,0.00019654482,0.014019445
2007-07-27,1.6562228e-05,0.067480616,0.84514153,0.91262215,0.00018534179,0.01361403
2007-07-30,6.590362e-06,0.0659262,0.8561398,0.922066,0.0002225235,0.014917221
2007-07-31,8.452168e-06,0.061362155,0.8600959,0.92145807,0.00019757463,0.014056124
2007-08-01,2.2031857e-06,0.049170632,0.8900245,0.9391951,0.00019737871,0.014049154
2007-08-02,1.7208231e-05,0.060749684,0.8563351,0.9170848,0.00020150852,0.01419537
2007-08-03,8.570805e-06,0.063063025,0.8623057,0.9253687,0.00019078524,0.013812503
2007-08-06,1.4178395e-05,0.061992858,0.8556795,0.9176724,0.00019426677,0.013937961
2007-08-07,3.6809522e-06,0.04452144,0.89231944,0.9368409,0.0003148999,0.017745418
2007-08-08,1.199071e-05,0.07395897,0.8428484,0.9168074,0.00028568716,0.016902283
2007-08-09,2.6667014e-05,0.07458413,0.83231014,0.90689427,0.0002539321,0.015935248
2007-08-10,2.8078293e-05,0.079831585,0.8228577,0.9026893,0.00024279162,0.015581772
2007-08-13,1.8660498e-05,0.0760014,0.8335006,0.909502,0.00022814532,0.01510448
2007-08-14,3.775542e-05,0.08251468,0.8203054,0.9028201,0.0002090906,0.014459966
2007-08-15,1.9325753e-05,0.07779127,0.833256,0.9110473,0.00021810719,0.014768452
2007-08-16,2.022894e-05,0.077139445,0.8321533,0.90929276,0.00021387204,0.014624365
2007-08-17,3.614645e-05,0.0694358,0.836778,0.90621376,0.0002796757,0.016723508
2007-08-20,9.555702e-06,0.07063856,0.84876955,0.9194081,0.00028282692,0.016817458
2007-08-21,5.421731e-06,0.047311798,0.89448863,0.9418004,0.0002601737,0.0161299
2007-08-22,2.584845e-05,0.06614039,0.8471749,0.9133153,0.00026467934,0.016268969
2007-08-23,2.720755e-05,0.07449706,0.83405757,0.9085546,0.00025077086,0.015835745
2007-08-24,1.771918e-05,0.07028735,0.8421367,0.912424,0.00024111761,0.015527962
2007-08-27,1.265012e-05,0.06640751,0.85026056,0.91666806,0.00024272897,0.015579762
2007-08-28,1.5904068e-05,0.06773667,0.8480148,0.91575146,0.00022874595,0.01512435
2007-08-29,2.249682e-05,0.06933009,0.8422513,0.9115814,0.00021073723,0.014516791
2007-08-30,2.8591921e-06,0.052844405,0.88343203,0.93627644,0.00024094112,0.015522278
2007-08-31,1.9938801e-05,0.06799208,0.84513676,0.91312885,0.00021598219,0.014696333
2007-09-04,1.634781e-05,0.06865403,0.84912044,0.91777444,0.00020800249,0.014422291
2007-09-05,3.2165543e-05,0.07946492,0.8244908,0.9039557,0.0002059278,0.014350185
2007-09-06,8.976684e-06,0.066086955,0.85548383,0.9215708,0.00020757334,0.014407406
2007-09-07,1.5486981e-05,0.0707835,0.84443116,0.91521466,0.00019006418,0.013786376
2007-09-10,7.2971507e-06,0.05776479,0.87061614,0.9283809,0.00017776676,0.01333292
2007-09-11,1.7387523e-05,0.07722588,0.8318166,0.9090425,0.00016788466,0.012957031
2007-09-12,8.564962e-06,0.066968106,0.85548383,0.9224519,0.00016370963,0.012794906
2007-09-13,7.2446073e-06,0.07257987,0.84760463,0.9201845,0.00017825852,0.013351349
2007-09-14,3.5799903e-06,0.054248232,0.8829368,0.937185,0.00015863971,0.012595226
2007-09-17,1.6207288e-05,0.06902779,0.84550446,0.91453224,0.00015232556,0.012342025
2007-09-18,1.1848851e-05,0.07989482,0.8349341,0.91482896,0.00016787575,0.012956687
2007-09-19,1.08843415e-05,0.07156214,0.849278,0.92084014,0.00016237995,0.012742839
2007-09-20,7.942553e-06,0.064183794,0.86367226,0.927856,0.00015052981,0.012269059
2007-09-21,1.1190702e-05,0.070350885,0.84980917,0.92016006,0.00015566847,0.012476717
2007-09-24,1.8847097e-05,0.06514778,0.85127157,0.9164193,0.0001739834,0.013190277
2007-09-25,1.43346915e-05,0.07278578,0.8446741,0.9174599,0.00017160765,0.013099911
2007-09-26,1.9720643e-05,0.071440056,0.8444678,0.91590786,0.00018262464,0.013513869
2007-09-27,3.4076274e-05,0.09346168,0.80931234,0.90277404,0.0001802894,0.013427189
2007-09-28,9.044976e-06,0.07919799,0.8379091,0.9171071,0.0002722257,0.016499264
2007-10-01,2.7750579e-05,0.07385671,0.8390591,0.9129158,0.00025505593,0.01597047
2007-10-02,3.135146e-05,0.07618257,0.83543175,0.9116143,0.0002650298,0.016279737
2007-10-03,1.8292689e-05,0.08183536,0.83353895,0.9153743,0.00025327268,0.015914543
2007-10-04,2.088265e-05,0.07882417,0.83409375,0.9129179,0.00022961064,0.015152909
2007-10-05,4.1126754e-05,0.09576154,0.80230236,0.8980639,0.00023903212,0.0154606635
2007-10-08,3.3109678e-05,0.079078384,0.8320624,0.9111408,0.00023371587,0.015287768
2007-10-09,2.626886e-05,0.06617381,0.85049987,0.91667366,0.00028811808,0.016974041
2007-10-10,3.9746228e-05,0.09544309,0.8044971,0.8999402,0.0002869289,0.016938975
2007-10-11,3.9490962e-05,0.0876371,0.8144296,0.9020667,0.000285891,0.016908312
2007-10-12,3.0828392e-05,0.087255456,0.81678706,0.90404254,0.00031264784,0.01768185
2007-10-15,3.101825e-05,0.08262593,0.82676876,0.9093947,0.00029060192,0.01704705
2007-10-16,1.3237439e-05,0.08509058,0.82936233,0.9144529,0.00033853026,0.018399192
2007-10-17,1.7416383e-05,0.08310499,0.8321547,0.91525966,0.0003180994,0.017835341
2007-10-18,2.5679721e-05,0.082516745,0.8328557,0.91537243,0.00028268984,0.016813383
2007-10-19,9.936601e-06,0.076211594,0.8473808,0.9235924,0.0003055305,0.01747943
2007-10-22,2.4277535e-05,0.07197979,0.847167,0.9191468,0.0002764286,0.016626142
2007-10-23,2.9742869e-05,0.080184,0.83314914,0.9133331,0.00026885222,0.016396714
2007-10-24,4.2412496e-05,0.07590278,0.83299816,0.9089009,0.00031094387,0.0176336
2007-10-25,3.2150398e-05,0.09530281,0.8072864,0.9025892,0.00033498224,0.01830252
2007-10-26,1.0658679e-05,0.07973513,0.8366949,0.91643,0.00043761384,0.020919222
2007-10-29,1.6741693e-05,0.08216194,0.8335759,0.91573787,0.00039510676,0.019877292
2007-10-30,1.2691064e-05,0.08047819,0.8397028,0.920181,0.00037214792,0.019291136
2007-10-31,9.876254e-06,0.058680836,0.87079763,0.92947847,0.00042079674,0.020513332
2007-11-01,3.8160883e-06,0.07509169,0.84976417,0.9248558,0.0004934782,0.02221437
2007-11-02,4.089212e-05,0.093118235,0.81075424,0.9038725,0.0004326965,0.020801358
2007-11-05,4.590967e-06,0.07083025,0.85835975,0.92919,0.00045251648,0.021272434
2007-11-06,1.5232526e-05,0.06293586,0.8648346,0.9277705,0.00042349673,0.020579036
2007-11-07,6.0811813e-06,0.07146539,0.8564537,0.9279191,0.00043197206,0.020783938
2007-11-08,2.2723447e-05,0.07998982,0.8359428,0.91593266,0.00037698552,0.019416114
2007-11-09,2.679177e-05,0.082526065,0.8306618,0.91318786,0.0003453826,0.018584473
2007-11-12,2.5405112e-05,0.09372541,0.81580245,0.9095279,0.00032002054,0.017889118
2007-11-13,2.6250162e-05,0.07639159,0.83928096,0.91567254,0.00031689942,0.017801668
2007-11-14,1.0428076e-05,0.059628747,0.87177473,0.93140346,0.0003987964,0.019969888
2007-11-15,1.1565224e-05,0.081329376,0.8323768,0.9137062,0.00041656994,0.020410044
2007-11-16,4.995158e-05,0.08143229,0.8233945,0.90482676,0.000362581,0.019041559
2007-11-19,3.736328e-05,0.09900512,0.79899734,0.89800245,0.00037345913,0.01932509
2007-11-20,2.8047501e-05,0.07999132,0.8293245,0.9093158,0.00033828858,0.018392622
2007-11-21,8.455889e-06,0.070970975,0.84870183,0.9196728,0.00040650106,0.02016187
2007-11-23,4.267697e-05,0.08204007,0.82388175,0.9059218,0.00035775665,0.018914456
2007-11-26,8.613848e-06,0.06608331,0.86097187,0.9270552,0.00034392087,0.018545104
2007-11-27,1.8383806e-05,0.077668376,0.8381991,0.91586745,0.0003064455,0.017505584
2007-11-28,1.0323675e-05,0.05415483,0.8787652,0.93292004,0.00036692864,0.019155381
2007-11-29,7.1994473e-06,0.051348496,0.8860098,0.9373583,0.00042507995,0.020617466
2007-11-30,0.00012993587,0.11496256,0.76527387,0.88023645,0.0003846816,0.019613301
2007-12-03,4.572405e-05,0.074716724,0.8335126,0.90822935,0.0005008798,0.022380343
2007-12-04,0.00010345071,0.10239868,0.78521883,0.8876175,0.0004664016,0.021596333
2007-12-05,0.00011501313,0.09365979,0.79413176,0.8877915,0.00048288252,0.021974588
2007-12-06,0.00016013248,0.10074978,0.7822889,0.8830387,0.000507209,0.0225213
2007-12-07,5.181712e-05,0.094860725,0.7948833,0.88974404,0.0006514315,0.025523156
2007-12-10,5.4452183e-05,0.07632055,0.83147454,0.9077951,0.0006157811,0.024814937
2007-12-11,0.00010190595,0.093472615,0.79994404,0.89341664,0.0005683496,0.023840085
2007-12-12,4.802223e-05,0.09224765,0.80288875,0.8951364,0.00061074615,0.02471328
2007-12-13,9.33126e-06,0.071037985,0.844397,0.915435,0.0007438483,0.027273582
2007-12-14,1.8054154e-05,0.05777908,0.86905754,0.9268366,0.000675478,0.02598996
2007-12-17,3.3862656e-05,0.07150467,0.8426118,0.91411644,0.00061193435,0.024737306
2007-12-18,4.707889e-05,0.07738025,0.82900786,0.9063881,0.0005532397,0.023521049
2007-12-19,4.6550278e-05,0.08367384,0.8221932,0.90586704,0.0005059572,0.022493493
2007-12-20,5.2647145e-05,0.09125557,0.8057451,0.8970007,0.0004679607,0.0216324
2007-12-21,7.4735784e-05,0.08708679,0.8098862,0.896973,0.00043013933,0.020739801
2007-12-24,3.491966e-05,0.09043156,0.8114217,0.90185326,0.00047410044,0.021773847
2007-12-26,1.2794653e-05,0.061033547,0.8652255,0.92625904,0.00042621142,0.020644888
2007-12-27,9.686394e-06,0.07043045,0.8494688,0.9198993,0.00040394612,0.02009841
2007-12-28,2.7388282e-05,0.082959905,0.8238613,0.9068212,0.00035583964,0.018863712
2007-12-31,2.9579005e-05,0.08034608,0.83020943,0.9105555,0.00032421554,0.018005986
2008-01-02,2.3804307e-05,0.08596451,0.822726,0.9086905,0.00029875978,0.017284669
2008-01-03,5.502363e-06,0.08215451,0.8372307,0.9193852,0.00038737795,0.01968192
2008-01-04,1.3969581e-05,0.073079586,0.8493281,0.9224077,0.00033159234,0.018209677
2008-01-07,1.682601e-05,0.0780471,0.83930683,0.9173539,0.00030813474,0.017553767
2008-01-08,7.690353e-06,0.060240716,0.87303495,0.9332757,0.00034306152,0.01852192
2008-01-09,1.0999888e-05,0.08771372,0.82663494,0.91434866,0.00031698364,0.017804034
2008-01-10,3.1030733e-05,0.0909421,0.81712633,0.9080684,0.00027743127,0.016656268
2008-01-11,2.8846353e-05,0.08335944,0.8279029,0.91126233,0.0002974846,0.017247742
2008-01-14,3.9187835e-05,0.0926333,0.81082785,0.90346116,0.00028550398,0.016896863
2008-01-15,2.4855124e-05,0.09577303,0.8068088,0.9025819,0.0002942506,0.017153734
2008-01-16,2.6024914e-05,0.07396574,0.84309286,0.9170586,0.00032177268,0.017938023
2008-01-17,4.181867e-05,0.09059893,0.81348217,0.9040811,0.00030762597,0.01753927
2008-01-18,8.799302e-05,0.09840567,0.7914034,0.8898091,0.00029794592,0.01726111
2008-01-22,5.258664e-05,0.09484434,0.80120873,0.8960531,0.00032592643,0.018053433
2008-01-23,5.341397e-05,0.09591186,0.8052485,0.90116036,0.00032008396,0.017890891
2008-01-24,4.0847543e-05,0.078525044,0.82783306,0.9063581,0.00041282544,0.020318106
2008-01-25,2.1430938e-05,0.08739276,0.81974995,0.9071427,0.0004408248,0.020995827
2008-01-28,3.4661738e-05,0.094721854,0.80538434,0.9001062,0.000400484,0.020012096
2008-01-29,6.0959013e-05,0.10017326,0.7942574,0.89443064,0.00035798718,0.01892055
2008-01-30,4.1979336e-05,0.09193649,0.8095166,0.9014531,0.00035007528,0.018710298
2008-01-31,3.2030468e-05,0.09209129,0.81411,0.90620124,0.00033026026,0.018173063
2008-02-01,3.6876037e-05,0.092491284,0.81305486,0.9055461,0.00030480206,0.01745858
2008-02-04,1.9890716e-05,0.071597405,0.8492767,0.9208741,0.00037409496,0.019341534
2008-02-05,3.8969316e-05,0.098225296,0.8008174,0.89904267,0.0003472952,0.018635858
2008-02-06,2.5225492e-05,0.0777929,0.8365477,0.91434056,0.00034982438,0.018703593
2008-02-07,3.0930812e-05,0.08596761,0.82336575,0.90933335,0.00033463014,0.018292898
2008-02-08,3.581156e-05,0.0969386,0.8037014,0.90064,0.00031659502,0.017793117
2008-02-11,1.0539075e-05,0.078272745,0.8362966,0.9145694,0.00044918864,0.02119407
2008-02-12,4.176153e-05,0.10395505,0.79028535,0.8942404,0.00041574164,0.020389743
2008-02-13,3.6531463e-05,0.088655755,0.8191392,0.90779495,0.00037855265,0.01945643
2008-02-14,2.561676e-05,0.09103733,0.8167407,0.907778,0.00034888738,0.018678527
2008-02-15,1.4722169e-05,0.097416766,0.8116886,0.90910536,0.00035872596,0.018940061
2008-02-19,2.1727301e-05,0.092533894,0.81813914,0.910673,0.00030590026,0.017490005
2008-02-20,5.1694014e-06,0.08470343,0.83296716,0.9176706,0.00046724608,0.021615876
2008-02-21,1.2153049e-05,0.08934183,0.8297782,0.91912,0.0003985966,0.019964885
2008-02-22,1.5196695e-05,0.07694586,0.84297127,0.9199171,0.0004007215,0.02001803
2008-02-25,1.6230691e-05,0.09930316,0.81040287,0.90970606,0.00035547436,0.018854028
2008-02-26,2.085661e-05,0.09844853,0.8072623,0.9057108,0.00030592317,0.017490659
2008-02-27,2.7329024e-05,0.1108235,0.7888093,0.8996328,0.0002939172,0.017144013
2008-02-28,2.504206e-05,0.08908191,0.8216031,0.91068506,0.0002767033,0.016634401
2008-02-29,1.4056624e-05,0.10835406,0.7984363,0.9067904,0.0003271345,0.01808686
2008-03-03,2.0986456e-05,0.094898336,0.8133918,0.90829015,0.00028142316,0.016775671
2008-03-04,6.0855077e-06,0.08894515,0.83256346,0.9215086,0.0002530456,0.015907407
2008-03-05,1.9355637e-05,0.083271235,0.8297227,0.9129939,0.00029273058,0.017109372
2008-03-06,1.110652e-06,0.06758582,0.867713,0.9352988,0.00046063552,0.021462422
2008-03-07,2.7012891e-05,0.10837528,0.7919936,0.9003689,0.00040609078,0.020151693
2008-03-10,1.7114067e-05,0.10537154,0.8023809,0.90775245,0.00034977714,0.01870233
2008-03-11,2.0567637e-05,0.11771042,0.7813965,0.8991069,0.00036686874,0.019153818
2008-03-12,1.4048977e-05,0.10269388,0.80808353,0.9107774,0.00031410463,0.017722998
2008-03-13,2.1749887e-05,0.11413681,0.7893638,0.9035006,0.00027917715,0.016708596
2008-03-14,2.7589513e-05,0.11652124,0.7795517,0.8960729,0.0002435318,0.015605506
2008-03-17,1.7417397e-05,0.09750903,0.81327295,0.910782,0.00021763118,0.014752328
2008-03-18,3.948603e-05,0.07820784,0.8326194,0.9108273,0.00036790094,0.019180745
2008-03-19,5.6607887e-06,0.08773512,0.83406496,0.9218001,0.00043926807,0.020958724
2008-03-20,1.7113056e-05,0.07949966,0.83876276,0.9182624,0.00056098454,0.023685113
2008-03-24,8.341362e-05,0.113652036,0.7653334,0.87898546,0.00054057076,0.023250178
2008-03-25,9.2813316e-05,0.118532635,0.7552242,0.8737569,0.0005082208,0.022543753
2008-03-26,2.595715e-05,0.106763504,0.79070294,0.8974664,0.0004779675,0.021862468
2008-03-27,1.8493278e-05,0.09030496,0.80978733,0.9000923,0.000619988,0.02489956
2008-03-28,4.3334854e-05,0.10735723,0.7816441,0.8890013,0.0005423334,0.023288053
2008-03-31,4.8774156e-05,0.11056619,0.7807912,0.8913574,0.00050437124,0.02245821
2008-04-01,5.014776e-05,0.09834205,0.79841805,0.8967601,0.0006125693,0.024750138
2008-04-02,1.675828e-05,0.09989763,0.81125766,0.9111553,0.0005429332,0.023300927
2008-04-03,6.692222e-06,0.074539825,0.84562093,0.9201608,0.0005955237,0.024403354
2008-04-04,6.0798397e-05,0.10845528,0.78165406,0.89010936,0.0005174294,0.022747073
2008-04-07,3.3730135e-05,0.104404464,0.7900387,0.89444315,0.00052085373,0.02282222
2008-04-08,2.2008435e-05,0.1062079,0.79586756,0.90207547,0.0005177579,0.022754295
2008-04-09,3.6354748e-05,0.10667685,0.79161423,0.8982911,0.00043744384,0.020915158
2008-04-10,1.9127248e-05,0.10280003,0.7997956,0.90259564,0.00043149234,0.020772394
2008-04-11,4.8104994e-05,0.122877814,0.76795834,0.8908362,0.0003693966,0.019219693
2008-04-14,4.4268872e-05,0.11930258,0.77010775,0.8894103,0.0003317867,0.018215014
2008-04-15,6.128251e-05,0.13727105,0.7438689,0.88113993,0.0003244936,0.018013706
2008-04-16,1.7886878e-05,0.10919502,0.7929124,0.9021074,0.00034611748,0.018604232
2008-04-17,2.1808577e-05,0.12648807,0.77048683,0.8969749,0.00030272888,0.017399106
2008-04-18,2.281489e-05,0.11947214,0.77890766,0.8983798,0.00025514184,0.01597316
2008-04-21,3.188809e-05,0.13144286,0.75939924,0.8908421,0.00025061422,0.0158308
2008-04-22,4.0188363e-05,0.13219021,0.75266695,0.8848572,0.00022782366,0.015093829
2008-04-23,1.4601235e-05,0.11914677,0.7857559,0.90490264,0.00024445917,0.01563519
2008-04-24,2.5801011e-05,0.12693937,0.7660015,0.8929409,0.0002167995,0.014724113
2008-04-25,2.8237664e-05,0.12433759,0.77011985,0.89445746,0.00023927772,0.015468605
2008-04-28,2.3228484e-05,0.12624551,0.7691972,0.8954427,0.00026612572,0.01631336
2008-04-29,3.7217833e-05,0.13785043,0.7471341,0.8849845,0.00022830945,0.0151099125
2008-04-30,3.286645e-05,0.114107564,0.7810141,0.89512163,0.00030705566,0.017523004
2008-05-01,3.2328357e-05,0.12190945,0.7700737,0.89198315,0.00031454413,0.017735392
2008-05-02,7.480216e-05,0.13375741,0.7444491,0.8782065,0.00028341706,0.016834995
2008-05-05,8.415967e-06,0.09108264,0.82320225,0.9142849,0.00043149968,0.02077257
2008-05-06,1.12403295e-05,0.09747883,0.8114181,0.9088969,0.00044940415,0.021199154
2008-05-07,1.3115817e-05,0.10601054,0.7998798,0.90589035,0.00039858907,0.019964695
2008-05-08,1.6375192e-05,0.113220595,0.7898614,0.90308195,0.00035145044,0.018747011
2008-05-09,1.7949318e-05,0.11762703,0.7855673,0.9031943,0.00029410576,0.017149512
2008-05-12,6.2629665e-06,0.09924705,0.8174385,0.9166855,0.00028700344,0.016941175
2008-05-13,2.1723034e-05,0.1193639,0.7830195,0.9023834,0.0002604302,0.01613785
2008-05-14,8.486237e-06,0.10575755,0.8046807,0.91043824,0.00024385011,0.015615701
2008-05-15,2.4497109e-05,0.13243526,0.76327664,0.8957119,0.00022216525,0.014905209
2008-05-16,4.563816e-05,0.14493391,0.7392122,0.8841461,0.00019420686,0.013935812
2008-05-19,1.8432707e-05,0.11413917,0.786002,0.9001411,0.00023169324,0.015221473
2008-05-20,4.2136002e-05,0.13697805,0.7509028,0.8878808,0.00020437184,0.014295868
2008-05-21,6.94152e-06,0.10398219,0.8108027,0.9147849,0.00022878656,0.015125692
2008-05-22,6.1239684e-06,0.096191004,0.8207624,0.9169534,0.00029277385,0.017110636
2008-05-23,5.3842e-05,0.13727489,0.74561626,0.8828912,0.0002778982,0.01667028
2008-05-27,1.3387693e-05,0.1330008,0.7723797,0.9053805,0.0002755702,0.016600307
2008-05-28,3.4935307e-05,0.12807253,0.7606694,0.88874197,0.0003147642,0.017741596
2008-05-29,1.3508144e-05,0.1199166,0.7847651,0.90468174,0.00030952456,0.01759331
2008-05-30,3.2727716e-05,0.11677343,0.78057724,0.89735067,0.00039868522,0.019967103
2008-06-02,4.173562e-05,0.14719673,0.73889273,0.88608944,0.0003475161,0.018641783
2008-06-03,3.6958856e-05,0.13215086,0.7545532,0.8867041,0.0002998424,0.017315958
2008-06-04,2.4592971e-05,0.116933964,0.7794967,0.8964307,0.00036375594,0.019072387
2008-06-05,2.4793053e-05,0.11803585,0.7819731,0.900009,0.00034001417,0.018439474
2008-06-06,1.4731944e-06,0.06538774,0.872018,0.9374057,0.0005161116,0.02271809
2008-06-09,1.37812e-06,0.055635355,0.8785195,0.9341548,0.0008759127,0.029595822
2008-06-10,1.2843344e-05,0.0830447,0.837489,0.9205337,0.00082407275,0.028706668
2008-06-11,2.5750664e-05,0.102962635,0.8002937,0.9032563,0.0007472945,0.027336689
2008-06-12,9.780335e-07,0.05599484,0.8864046,0.9423994,0.00076995447,0.027748054
2008-06-13,1.602138e-05,0.11449884,0.789896,0.90439487,0.00068379915,0.026149554
2008-06-16,1.7073336e-05,0.10207206,0.80753565,0.9096077,0.00057876355,0.024057506
2008-06-17,3.0317784e-05,0.12132619,0.77484995,0.89617616,0.0004848805,0.022020003
2008-06-18,1.9354677e-05,0.11336972,0.7903731,0.9037428,0.0004086804,0.020215845
2008-06-19,1.4470286e-05,0.11188418,0.7959289,0.9078131,0.00038555823,0.019635636
2008-06-20,1.0825308e-05,0.08008009,0.84207183,0.9221519,0.00046298376,0.021517057
2008-06-23,4.4230383e-06,0.082600445,0.84166163,0.92426205,0.00043264515,0.020800123
2008-06-24,2.6051228e-05,0.12011429,0.7750448,0.89515907,0.00038819553,0.019702679
2008-06-25,2.042266e-05,0.11531785,0.78347725,0.8987951,0.00032726352,0.018090427
2008-06-26,4.3380987e-05,0.12029847,0.7698067,0.8901051,0.00031525048,0.017755294
2008-06-27,2.2688528e-06,0.0710095,0.86162955,0.93263906,0.00045006626,0.021214765
2008-06-30,2.900682e-05,0.1235906,0.7688745,0.8924651,0.0003911199,0.01977675
2008-07-01,2.1435984e-05,0.12179182,0.7763508,0.89814264,0.0003300894,0.018168362
2008-07-02,1.3865663e-05,0.11223881,0.79221386,0.9044527,0.00028316161,0.016827406
2008-07-03,7.981883e-06,0.0947445,0.8178986,0.9126431,0.0002748261,0.01657788
2008-07-07,1.3333937e-05,0.11555513,0.78986955,0.90542465,0.00024573156,0.015675828
2008-07-08,9.954699e-06,0.089714445,0.8300528,0.91976726,0.00029520015,0.017181389
2008-07-09,1.8776504e-05,0.087564625,0.82699466,0.9145593,0.0003889377,0.019721504
2008-07-10,2.392214e-05,0.104828194,0.7968454,0.90167356,0.00034042753,0.01845068
2008-07-11,2.4196852e-06,0.06615509,0.864604,0.9307591,0.00046398933,0.02154041
2008-07-14,2.6854572e-05,0.105830446,0.79147315,0.8973036,0.00044079966,0.02099523
2008-07-15,2.9560231e-05,0.114688195,0.7823007,0.8969889,0.00037576005,0.019384531
2008-07-16,5.2464693e-05,0.08832605,0.8171532,0.90547925,0.0005618013,0.023702348
2008-07-17,5.060507e-05,0.091879025,0.8072232,0.8991022,0.0005937244,0.02436646
2008-07-18,3.772153e-05,0.07967254,0.8290834,0.9087559,0.0006802684,0.026081955
2008-07-21,2.6885436e-05,0.09503428,0.8080079,0.9030422,0.00060263363,0.024548598
2008-07-22,2.0962443e-05,0.07907506,0.82599795,0.905073,0.00053941587,0.023225328
2008-07-23,3.1799078e-05,0.07690994,0.8311952,0.90810513,0.00051233923,0.022634912
2008-07-24,1.8950603e-05,0.06901444,0.84979856,0.918813,0.00051805674,0.02276086
2008-07-25,9.7712655e-06,0.070705384,0.8498251,0.92053044,0.0004638277,0.02153666
2008-07-28,1.9680365e-05,0.0691254,0.8427152,0.9118406,0.0004272072,0.02066899
2008-07-29,7.4829904e-06,0.06595528,0.85671115,0.92266643,0.0003890708,0.019724878
2008-07-30,1.3735542e-05,0.067407556,0.8508229,0.9182305,0.00036929263,0.019216988
2008-07-31,1.8127554e-06,0.04975123,0.89056903,0.94032025,0.00041817705,0.020449378
2008-08-01,1.985573e-05,0.068166904,0.8487085,0.9168754,0.00039756222,0.019938963
2008-08-04,7.3503265e-06,0.07082195,0.85303456,0.9238565,0.00036160892,0.019016018
2008-08-05,2.3977162e-05,0.070451826,0.84516037,0.9156122,0.00038018957,0.01949845
2008-08-06,1.07056585e-05,0.066426314,0.85656184,0.9229882,0.00037028122,0.019242693
2008-08-07,1.459983e-05,0.07646085,0.838413,0.91487384,0.00032965132,0.018156303
2008-08-08,1.279847e-05,0.074407965,0.8414856,0.91589355,0.00030174176,0.017370716
2008-08-11,9.294141e-06,0.057314217,0.872717,0.93003124,0.00039299746,0.019824164
2008-08-12,1.1818653e-05,0.07286778,0.8450875,0.9179553,0.00035487377,0.018838095
2008-08-13,1.354896e-05,0.06968458,0.8480226,0.91770715,0.00032378864,0.017994128
2008-08-14,3.950772e-06,0.057822395,0.87308276,0.93090516,0.0003348923,0.018300064
2008-08-15,4.8300917e-05,0.084054835,0.8146263,0.8986811,0.00030079682,0.017343495
2008-08-18,4.036866e-05,0.08391475,0.8145093,0.898424,0.00030359955,0.017424108
2008-08-19,5.0179184e-05,0.084475785,0.813667,0.8981428,0.00029322843,0.017123913
2008-08-20,2.116493e-05,0.07664337,0.8311558,0.9077991,0.00030626502,0.017500428
2008-08-21,2.423626e-05,0.0799227,0.8243623,0.90428495,0.00027677527,0.016636563
2008-08-22,3.2941346e-06,0.053184096,0.8772521,0.9304362,0.00047109457,0.021704713
2008-08-25,9.754505e-06,0.049169168,0.88703775,0.93620694,0.0005840958,0.024168074
2008-08-26,1.1083242e-05,0.07005015,0.8480134,0.9180635,0.0005287866,0.02299536
2008-08-27,7.739496e-06,0.06430457,0.85681784,0.92112243,0.00046625375,0.02159291
2008-08-28,8.939085e-06,0.06416815,0.8534333,0.91760147,0.00042335037,0.02057548
2008-08-29,6.8486515e-05,0.07996841,0.8221456,0.902114,0.0004016217,0.0200405
2008-09-02,5.3730557e-05,0.089868814,0.80837405,0.89824283,0.00039882035,0.019970488
2008-09-03,0.00013371493,0.08874251,0.8042972,0.8930397,0.0006125639,0.024750028
2008-09-04,9.622708e-05,0.10306339,0.78199565,0.88505906,0.0006274828,0.025049606
2008-09-05,0.0001658763,0.099374324,0.78008807,0.87946236,0.00060612,0.024619505
2008-09-08,0.00013868588,0.0968955,0.7841383,0.88103384,0.0006632431,0.025753507
2008-09-09,0.00014008662,0.10761858,0.7643475,0.87196606,0.0006588263,0.025667612
2008-09-10,7.890785e-05,0.08342336,0.8115111,0.8949345,0.00073795125,0.027165258
2008-09-11,0.00011815012,0.102125734,0.77962595,0.88175166,0.00068163907,0.026108218
2008-09-12,8.6380176e-05,0.088006146,0.79786974,0.8858759,0.0006791548,0.0260606
2008-09-15,0.00018610363,0.10804598,0.76026344,0.86830944,0.00062897697,0.025079412
2008-09-16,3.0111138e-05,0.06914607,0.8464911,0.91563714,0.0010005534,0.031631526
2008-09-17,2.4796103e-05,0.065783754,0.85189044,0.9176742,0.0010432604,0.03229954
2008-09-18,1.2275278e-05,0.06315597,0.85181004,0.914966,0.001179999,0.034351114
2008-09-19,0.00015680793,0.09424714,0.7862824,0.8805296,0.0010206609,0.031947784
2008-09-22,3.6024216e-05,0.07007669,0.82603264,0.89610934,0.001366331,0.036963914
2008-09-23,2.773331e-05,0.05281904,0.8353923,0.8882113,0.0026432045,0.051412106
2008-09-24,1.4991462e-06,0.021950996,0.9333751,0.95532614,0.003076541,0.055466577
2008-09-25,4.4400924e-05,0.060097456,0.8469517,0.9070492,0.002874651,0.05361577
2008-09-26,5.9897895e-05,0.067035265,0.8296901,0.89672536,0.00250615,0.05006146
2008-09-29,3.9869617e-05,0.055999763,0.85661745,0.9126172,0.0021469365,0.046335045
2008-09-30,3.6817016e-06,0.03192355,0.92155576,0.9534793,0.0024825032,0.049824726
2008-10-01,4.3519685e-05,0.06930931,0.8305048,0.89981407,0.0023508747,0.04848582
2008-10-02,5.0493592e-05,0.056635376,0.85649896,0.91313434,0.002027666,0.04502961
2008-10-03,2.732048e-05,0.05126379,0.87659615,0.92785996,0.0019154788,0.043766186
2008-10-06,0.00017948322,0.08745414,0.7957732,0.88322735,0.0017064917,0.041309703
2008-10-07,1.0740119e-05,0.046714924,0.89138895,0.93810385,0.001930641,0.04393906
2008-10-08,0.00012292877,0.09567063,0.78399223,0.8796629,0.0017611041,0.04196551
2008-10-09,0.00014775059,0.08226028,0.80389506,0.88615537,0.0015188347,0.03897223
2008-10-10,8.9371846e-05,0.07293058,0.824842,0.89777255,0.0014291422,0.037803996
2008-10-13,1.6000458e-05,0.04990521,0.8844041,0.93430936,0.0021273454,0.046123154
2008-10-14,3.296892e-06,0.045971125,0.88367414,0.9296453,0.0019928594,0.044641454
2008-10-15,3.1305586e-05,0.0584502,0.86279655,0.92124677,0.0018121412,0.04256925
2008-10-16,3.3400855e-05,0.057193894,0.8647423,0.92193615,0.001762904,0.04198695
2008-10-17,2.233971e-05,0.05763147,0.87213284,0.92976433,0.0018009524,0.042437628
2008-10-20,6.7543646e-05,0.07836371,0.8113739,0.8897376,0.0016382625,0.040475454
2008-10-21,0.00013645238,0.080428176,0.7965972,0.87702537,0.001480316,0.038474876
2008-10-22,3.1477997e-05,0.05891605,0.8644765,0.92339253,0.0014897028,0.038596667
2008-10-23,2.960637e-05,0.06140797,0.8660247,0.92743266,0.0015341118,0.03916774
2008-10-24,8.2978826e-05,0.08879375,0.8044884,0.8932822,0.0013738835,0.037065934
2008-10-27,0.00011288745,0.07402222,0.8335359,0.90755814,0.0014680701,0.038315404
2008-10-28,0.00023876564,0.10003955,0.7821669,0.88220644,0.0013528173,0.036780663
2008-10-29,0.00046538346,0.11036059,0.75720185,0.8675624,0.0013032807,0.03610098
2008-10-30,0.00017574085,0.094228834,0.772082,0.86631083,0.0020416146,0.04518423
2008-10-31,0.00035038256,0.08913613,0.79207826,0.8812144,0.0018031377,0.04246337
2008-11-03,0.00081596366,0.1238619,0.7197214,0.8435833,0.0018457844,0.042962592
2008-11-04,0.00029823545,0.08729568,0.7966024,0.88389814,0.002582071,0.050814085
2008-11-05,5.461243e-05,0.06840664,0.8076856,0.87609226,0.003199566,0.056564707
2008-11-06,2.9316434e-05,0.05170321,0.87798154,0.92968476,0.0030471284,0.0552008
2008-11-07,6.291941e-05,0.064940885,0.8528246,0.9177655,0.0029734483,0.054529335
2008-11-10,0.00010653195,0.078666136,0.8118063,0.8904725,0.002599908,0.050989293
2008-11-11,0.0009004524,0.124844395,0.71564263,0.840487,0.0022551843,0.047488783
2008-11-12,0.00012186207,0.07025658,0.8425328,0.9127894,0.002836781,0.05326144
2008-11-13,0.00016548276,0.08210107,0.8210242,0.9031252,0.0027253914,0.052205283
2008-11-14,0.00074147666,0.12391931,0.7174175,0.8413368,0.002510439,0.05010428
2008-11-17,0.0007306636,0.10290471,0.7674806,0.8703853,0.0025973062,0.050963774
2008-11-18,0.00029392407,0.09727156,0.79027075,0.8875423,0.0028690484,0.053563498
2008-11-19,0.00078333274,0.114796266,0.74743193,0.8622282,0.002571876,0.050713666
2008-11-20,0.0006645866,0.11006566,0.7510869,0.8611525,0.0027296613,0.05224616
2008-11-21,6.106582e-05,0.06589138,0.8561003,0.9219917,0.0033799305,0.05813717
2008-11-24,0.00024505254,0.10488169,0.76600915,0.87089086,0.0029570127,0.05437842
2008-11-25,0.00052849756,0.10848405,0.7250253,0.8335093,0.0033107644,0.057539243
2008-11-26,6.0985465e-05,0.060633715,0.85744345,0.9180772,0.0034773555,0.058969107
2008-11-28,9.9365665e-05,0.08812082,0.78633636,0.8744572,0.0033362114,0.057759948
2008-12-01,0.00014279933,0.078407794,0.81325245,0.8916602,0.0027227637,0.052180108
2008-12-02,5.4290074e-05,0.06254542,0.8487225,0.91126794,0.0031350055,0.05599112
2008-12-03,6.9906135e-05,0.067180045,0.84737164,0.9145517,0.0028617438,0.05349527
2008-12-04,0.00016065921,0.08398307,0.8048904,0.88887346,0.0024958549,0.04995853
2008-12-05,0.00011506359,0.07165844,0.8457315,0.9173899,0.0025719116,0.050714016
2008-12-08,4.961041e-05,0.06695179,0.85947394,0.92642576,0.0026210034,0.051195737
2008-12-09,5.9452374e-05,0.083053336,0.8026884,0.8857418,0.002615907,0.051145937
2008-12-10,6.038117e-05,0.06352457,0.8566421,0.9201667,0.0022820022,0.047770306
2008-12-11,0.00018855145,0.10541825,0.76905537,0.87447363,0.0020872857,0.045686822
2008-12-12,4.1122796e-05,0.06758857,0.81392866,0.88151723,0.0027929395,0.05284827
2008-12-15,4.6726323e-05,0.057660926,0.851002,0.9086629,0.0024033547,0.049024023
2008-12-16,0.00038846448,0.0974099,0.7759981,0.873408,0.002180612,0.046697024
2008-12-17,0.0005056845,0.10797356,0.74994403,0.8579176,0.0021230248,0.046076294
2008-12-18,0.00061723794,0.100385234,0.77102214,0.8714074,0.0028758813,0.053627245
2008-12-19,0.00048117305,0.08593291,0.8080959,0.8940288,0.0038581435,0.062113956
2008-12-22,0.00072021416,0.09627833,0.780674,0.8769523,0.00398803,0.06315085
2008-12-23,0.00023870963,0.10100461,0.7436634,0.844668,0.0064195455,0.08012207
2008-12-24,5.134734e-05,0.069691785,0.83890456,0.90859634,0.0050698416,0.07120282
2008-12-26,4.7116562e-05,0.06121899,0.8651055,0.9263245,0.004973223,0.07052108
2008-12-29,2.8116892e-05,0.062045388,0.8379714,0.9000168,0.004603519,0.06784924
2008-12-30,9.503264e-05,0.081931986,0.79725134,0.87918335,0.0041035134,0.06405867
2008-12-31,3.2784956e-05,0.053500265,0.8654468,0.9189471,0.0034188326,0.058470782
2009-01-02,3.42865e-05,0.062303808,0.8134284,0.8757322,0.003940738,0.0627753
2009-01-05,0.000104714396,0.07126274,0.80088705,0.87214977,0.0033300591,0.057706665
2009-01-06,8.0372425e-05,0.07218443,0.80284023,0.8750247,0.002962347,0.054427445
2009-01-07,1.0464244e-05,0.040732384,0.88378376,0.92451614,0.0024604197,0.049602617
2009-01-08,2.295273e-05,0.04881044,0.8711764,0.91998684,0.0028824853,0.053688783
2009-01-09,8.828819e-05,0.07534943,0.8182821,0.8936316,0.002558305,0.05057969
2009-01-12,3.4262644e-05,0.0607974,0.85247016,0.91326755,0.0022158658,0.047072984
2009-01-13,6.724194e-05,0.064947166,0.84872675,0.91367394,0.002340925,0.048383106
2009-01-14,0.00030002775,0.0956782,0.7735516,0.8692298,0.0020555644,0.045338333
2009-01-15,0.00023809588,0.08787245,0.7983153,0.88618773,0.0019076322,0.04367645
2009-01-16,0.0009447819,0.0998183,0.7543344,0.8541527,0.001998174,0.04470094
2009-01-20,0.001490554,0.12272834,0.7075325,0.8302609,0.0025459393,0.050457302
2009-01-21,0.0037286791,0.17168525,0.62823206,0.79991734,0.0037202323,0.06099371
2009-01-22,0.00035814565,0.11272093,0.71399707,0.826718,0.008409149,0.09170141
2009-01-23,0.00072176784,0.11841736,0.71992046,0.83833784,0.006362982,0.0797683
2009-01-26,0.00026007203,0.1020018,0.738003,0.8400048,0.0057568774,0.07587409
2009-01-27,0.00029105155,0.09171398,0.76834375,0.8600577,0.0045356373,0.06734714
2009-01-28,0.00022947259,0.09251295,0.77500176,0.8675147,0.0046097045,0.0678948
2009-01-29,0.00081936526,0.1256309,0.70478237,0.8304133,0.0038192233,0.061799865
2009-01-30,0.00028180133,0.09974783,0.7646987,0.8644465,0.0035492722,0.05957577
2009-02-02,0.0004905969,0.10997625,0.7434559,0.8534321,0.0029990154,0.054763265
2009-02-03,6.824643e-05,0.08028147,0.83195317,0.91223466,0.0028905459,0.053763796
2009-02-04,0.000241922,0.112194724,0.75422955,0.86642426,0.0024965352,0.04996534
2009-02-05,0.00052576256,0.117174685,0.73539764,0.8525723,0.0021398573,0.04625859
2009-02-06,0.00047000172,0.11108903,0.7385788,0.84966785,0.0021493905,0.04636152
2009-02-09,0.0008239194,0.13004532,0.7159795,0.8460249,0.0021258104,0.04610651
2009-02-10,0.001772804,0.14083229,0.6821442,0.8229765,0.0023772428,0.048756976
2009-02-11,0.0020115043,0.14068514,0.6914807,0.83216584,0.00378044,0.061485283
2009-02-12,0.0011476125,0.1237533,0.7126973,0.83645064,0.00489836,0.06998829
2009-02-13,0.001705762,0.12852786,0.7133375,0.84186536,0.005030747,0.07092776
2009-02-17,0.0011401268,0.15433222,0.65667367,0.8110059,0.0065445993,0.080898695
2009-02-18,0.00062613375,0.112692125,0.75933385,0.87202597,0.0062261224,0.07890578
2009-02-19,0.0005464266,0.11363,0.7435811,0.8572111,0.0053632194,0.07323401
2009-02-20,4.1517058e-05,0.0752022,0.79696196,0.87216413,0.0064890026,0.080554344
2009-02-23,0.0001473385,0.09699328,0.78170216,0.8786954,0.005227705,0.07230287
2009-02-24,0.00035601232,0.11858806,0.73937243,0.85796046,0.004250574,0.065196425
2009-02-25,0.00014908698,0.10656145,0.75809973,0.8646612,0.0036752005,0.060623433
2009-02-26,0.00010015357,0.097926304,0.76747024,0.86539656,0.0033372014,0.057768516
2009-02-27,5.6415964e-05,0.08420558,0.7942789,0.8784845,0.0030356823,0.055097025
2009-03-02,3.3086206e-05,0.07044125,0.83889014,0.9093314,0.0024767607,0.049767062
2009-03-03,5.4962267e-05,0.076604776,0.8270942,0.903699,0.0029462124,0.054279022
2009-03-04,5.134019e-05,0.08696725,0.7987529,0.88572013,0.002593647,0.05092786
2009-03-05,4.7789057e-05,0.09049316,0.7867685,0.87726164,0.002759687,0.05253272
2009-03-06,2.8471672e-05,0.069072224,0.84641165,0.9154839,0.0023637682,0.0486186
2009-03-09,3.2536544e-05,0.08081108,0.8088605,0.88967156,0.0021548746,0.046420626
2009-03-10,6.771517e-05,0.09103332,0.7915131,0.8825464,0.0018650068,0.043185722
2009-03-11,3.532361e-05,0.06956022,0.8339185,0.90347874,0.0016232625,0.040289734
2009-03-12,4.804032e-05,0.07631098,0.8296793,0.9059903,0.0018017342,0.04244684
2009-03-13,5.7387015e-06,0.052641194,0.8565732,0.90921444,0.0023855248,0.048841834
2009-03-16,1.8681925e-05,0.06426964,0.8485241,0.91279376,0.002064209,0.045433566
2009-03-17,0.00014746684,0.10303182,0.76067424,0.86370605,0.0018050938,0.042486396
2009-03-18,6.56919e-05,0.086301684,0.7903091,0.87661076,0.0016639382,0.0407914
2009-03-19,5.6888497e-05,0.06584694,0.83208853,0.89793545,0.0014194158,0.037675135
2009-03-20,4.9301457e-06,0.05021933,0.86896193,0.9191813,0.0015550486,0.039434105
2009-03-23,2.9726683e-05,0.072628856,0.8263845,0.89901334,0.0013621998,0.03690799
2009-03-24,1.1518945e-05,0.064164735,0.8391695,0.90333426,0.0013522934,0.036773544
2009-03-25,9.704969e-06,0.061006736,0.8556249,0.91663164,0.0011469515,0.03386667
2009-03-26,1.2635807e-05,0.06368849,0.8527194,0.91640794,0.0010230007,0.03198438
2009-03-27,3.1592605e-05,0.078968614,0.8155074,0.89447606,0.00093893346,0.030642021
2009-03-30,1.1075619e-05,0.057040602,0.8680393,0.92507994,0.0009050842,0.030084617
2009-03-31,8.961492e-06,0.05763608,0.8689544,0.9265905,0.0011529607,0.033955276
2009-04-01,5.1607665e-05,0.09311584,0.7904312,0.88354707,0.001047679,0.03236787
2009-04-02,1.7689783e-05,0.066759355,0.8435827,0.91034204,0.0009432324,0.030712089
2009-04-03,1.5610049e-05,0.06804322,0.8245708,0.892614,0.0012841498,0.035835035
2009-04-06,3.1865966e-05,0.07793181,0.8179522,0.89588404,0.0010749717,0.03278676
2009-04-07,6.5451626e-05,0.07968471,0.81059146,0.8902762,0.0009740287,0.031209433
2009-04-08,5.298722e-05,0.0763266,0.8201824,0.896509,0.0009708899,0.031159107
2009-04-09,0.00020849679,0.109614566,0.7494973,0.85911185,0.0008508121,0.029168684
2009-04-13,0.000116249,0.09522739,0.7689424,0.86416984,0.0011910866,0.03451212
2009-04-14,5.6032717e-05,0.07882355,0.8193314,0.898155,0.0012084871,0.034763303
2009-04-15,0.00010718172,0.099522814,0.7755812,0.875104,0.0010596667,0.03255252
2009-04-16,0.00013651316,0.10364153,0.76655143,0.87019295,0.0009302255,0.030499598
2009-04-17,5.2048807e-05,0.08539134,0.8014497,0.88684106,0.00087138364,0.029519208
2009-04-20,8.814241e-05,0.0970644,0.7820084,0.8790728,0.0007543322,0.027465109
2009-04-21,0.00010439457,0.07777027,0.81891876,0.89668906,0.0015135952,0.03890495
2009-04-22,3.3078857e-05,0.08702285,0.8065975,0.8936203,0.0013579314,0.03685012
2009-04-23,0.00016394485,0.11364926,0.74522114,0.8588704,0.0013362874,0.036555264
2009-04-24,5.3338088e-05,0.09006126,0.79706395,0.8871252,0.0011868353,0.034450475
2009-04-27,2.0474296e-05,0.065073825,0.83377355,0.8988474,0.0011290242,0.033600956
2009-04-28,4.8974205e-05,0.07794948,0.822215,0.9001645,0.0010126313,0.03182187
2009-04-29,4.162034e-05,0.07848394,0.81761146,0.8960954,0.0008832288,0.029719165
2009-04-30,3.8264025e-05,0.078032956,0.8154373,0.8934703,0.0007970855,0.028232703
2009-05-01,7.283413e-05,0.08873279,0.79738504,0.8861178,0.00068881875,0.026245357
2009-05-04,1.948555e-05,0.06778399,0.83194005,0.89972407,0.0007617541,0.027599894
2009-05-05,2.3230432e-05,0.07780547,0.8186726,0.89647806,0.00069028075,0.026273195
2009-05-06,3.890676e-05,0.07977935,0.82034105,0.9001204,0.0005992557,0.0244797
2009-05-07,8.331778e-06,0.06821998,0.84252757,0.9107475,0.0006933436,0.026331417
2009-05-08,3.710888e-05,0.09089675,0.7982026,0.8890993,0.00059523236,0.024397384
2009-05-11,1.6581133e-05,0.08070342,0.81670034,0.8974038,0.0006117349,0.024733275
2009-05-12,3.486304e-05,0.09414992,0.8003018,0.89445174,0.0005166612,0.022730183
2009-05-13,3.138367e-05,0.09933346,0.7932998,0.89263326,0.0004514675,0.021247765
2009-05-14,5.3979245e-05,0.099192396,0.7880816,0.88727397,0.00041016733,0.020252587
2009-05-15,2.3057313e-05,0.08843431,0.81093645,0.8993708,0.00038730176,0.019679984
2009-05-18,3.8778515e-05,0.0863009,0.81581783,0.90211874,0.00047778152,0.021858213
2009-05-19,3.988102e-06,0.062097054,0.8557293,0.91782635,0.00061462127,0.024791555
2009-05-20,1.2888069e-05,0.07268161,0.8373401,0.9100217,0.0005364483,0.023161354
2009-05-21,1.4335388e-05,0.07215552,0.830069,0.90222454,0.0005730598,0.023938667
2009-05-22,1.2209171e-05,0.06295933,0.85716045,0.92011976,0.0005091738,0.022564879
2009-05-26,4.029106e-06,0.052612346,0.87878394,0.9313963,0.00045481787,0.02132646
2009-05-27,2.2659098e-05,0.07683313,0.82703185,0.903865,0.0004117531,0.020291701
2009-05-28,6.5461063e-06,0.062496208,0.85881007,0.92130625,0.00038207546,0.019546751
2009-05-29,9.129247e-06,0.073727086,0.8378839,0.91161096,0.00037422634,0.01934493
2009-06-01,3.966664e-06,0.058408648,0.8688766,0.9272852,0.00034796022,0.018653693
2009-06-02,3.6122165e-06,0.062467925,0.85719734,0.9196653,0.00037166046,0.019278497
2009-06-03,5.4295506e-06,0.067584544,0.85692847,0.924513,0.0003222247,0.017950619
2009-06-04,2.143386e-05,0.07282128,0.8410089,0.91383016,0.00037061333,0.01925132
2009-06-05,4.2746165e-06,0.060910244,0.8623546,0.9232648,0.0004477161,0.021159302
2009-06-08,3.2581145e-05,0.088498875,0.8090517,0.8975506,0.00039227505,0.019805934
2009-06-09,3.425461e-05,0.08765959,0.8113187,0.8989783,0.00035247175,0.01877423
2009-06-10,1.1046479e-05,0.0751113,0.83468306,0.90979433,0.00038699212,0.019672114
2009-06-11,5.2846e-06,0.062359888,0.8616826,0.92404246,0.00035968598,0.01896539
2009-06-12,5.650984e-06,0.06778119,0.8529831,0.9207643,0.0003366557,0.01834818
2009-06-15,1.2499535e-05,0.0699572,0.84712595,0.91708314,0.00029836842,0.017273344
2009-06-16,1.2733813e-05,0.07325368,0.8379617,0.91121536,0.0002935662,0.017133774
2009-06-17,1.6549415e-05,0.07907348,0.82853836,0.90761185,0.00025913047,0.01609753
2009-06-18,3.808481e-05,0.09899817,0.7910591,0.89005727,0.00023594496,0.0153605
2009-06-19,3.266437e-05,0.09466368,0.80332404,0.8979877,0.00022679562,0.015059735
2009-06-22,8.6584856e-05,0.09630185,0.7884251,0.88472694,0.00027904703,0.0167047
2009-06-23,8.5291475e-05,0.097269654,0.7901428,0.8874124,0.0004501342,0.021216366
2009-06-24,2.5443574e-05,0.08400315,0.81286156,0.8968647,0.0005515779,0.023485696
2009-06-25,8.2312305e-05,0.096746795,0.78759587,0.8843427,0.0004798338,0.02190511
2009-06-26,2.3608336e-05,0.07978898,0.82123256,0.90102154,0.00050814205,0.022542007
2009-06-29,7.275382e-05,0.09328926,0.791637,0.88492626,0.00046023345,0.021453053
2009-06-30,6.6343555e-06,0.062433142,0.8558864,0.9183195,0.00053822855,0.023199754
2009-07-01,0.00013580218,0.10677408,0.7717509,0.878525,0.000499877,0.02235793
2009-07-02,0.000120490084,0.09864831,0.77649754,0.87514585,0.000529374,0.023008129
2009-07-06,0.00014112958,0.09739159,0.78739166,0.88478327,0.00067507237,0.025982155
2009-07-07,4.8720198e-05,0.08446086,0.8161242,0.90058506,0.0008379878,0.028948018
2009-07-08,0.00010872866,0.104599886,0.7750492,0.8796491,0.0007595332,0.02755963
2009-07-09,2.1853382e-05,0.07611267,0.83958817,0.91570085,0.00091449195,0.030240567
2009-07-10,4.3770026e-05,0.09577058,0.79666466,0.89243525,0.00079103815,0.0281254
2009-07-13,5.9280745e-05,0.09017804,0.80006146,0.8902395,0.0006814698,0.026104977
2009-07-14,0.00011633006,0.10847013,0.7691006,0.87757075,0.00060563744,0.024609702
2009-07-15,7.418979e-05,0.09665752,0.7849438,0.88160133,0.00058314245,0.024148343
2009-07-16,4.9172736e-06,0.05058903,0.8765959,0.92718494,0.00063824654,0.025263542
2009-07-17,5.2294337e-05,0.07995042,0.8125497,0.89250016,0.00056729343,0.023817923
2009-07-20,1.0813195e-05,0.060665738,0.8545729,0.9152386,0.0005605307,0.02367553
2009-07-21,1.5995092e-05,0.063194714,0.8511764,0.9143711,0.00049229484,0.02218772
2009-07-22,4.834469e-05,0.0826806,0.8125087,0.8951893,0.0004430812,0.021049494
2009-07-23,6.667545e-05,0.09650308,0.79078984,0.8872929,0.00041702707,0.02042124
2009-07-24,1.318273e-05,0.0699947,0.84385157,0.91384625,0.00046344404,0.02152775
2009-07-27,4.226935e-05,0.08186067,0.8154725,0.89733315,0.00041600998,0.020396322
2009-07-28,3.480134e-05,0.083667144,0.8190584,0.9027256,0.00038326794,0.01957723
2009-07-29,6.540452e-05,0.083064534,0.8118218,0.8948864,0.0003733847,0.019323165
2009-07-30,2.0870231e-05,0.065980785,0.84952176,0.91550255,0.00066411565,0.02577044
2009-07-31,1.7364152e-06,0.054808818,0.8787911,0.9335999,0.00078401197,0.028000213
2009-08-03,6.453263e-05,0.087774046,0.79395026,0.8817243,0.0007641447,0.027643166
2009-08-04,2.3318224e-05,0.08048765,0.8188523,0.89934,0.0007502214,0.02739017
2009-08-05,2.2461549e-05,0.0717808,0.8384764,0.9102572,0.0006381206,0.025261048
2009-08-06,2.206002e-05,0.06979157,0.84183985,0.9116314,0.0005615082,0.023696164
2009-08-07,2.291076e-05,0.074467875,0.842759,0.9172269,0.0004947873,0.022243815
2009-08-10,4.530019e-05,0.074716344,0.8325765,0.90729284,0.00045522716,0.021336053
2009-08-11,2.9319594e-05,0.07862157,0.8304421,0.90906364,0.00042608526,0.020641834
2009-08-12,5.2857187e-05,0.079349816,0.8229029,0.90225273,0.00040490713,0.020122305
2009-08-13,5.1218107e-05,0.090160385,0.8082039,0.89836425,0.00039393207,0.019847723
2009-08-14,4.9905266e-05,0.08982351,0.8077213,0.8975448,0.0003717683,0.019281294
2009-08-17,4.5975237e-05,0.07043993,0.8319251,0.902365,0.00052274275,0.022863569
2009-08-18,0.00010634642,0.099002406,0.7815294,0.88053185,0.0004902229,0.022140978
2009-08-19,6.340597e-05,0.08721661,0.7979266,0.8851432,0.0006155999,0.024811286
2009-08-20,6.8588204e-05,0.08173343,0.80308425,0.88481766,0.0007345137,0.027101913
2009-08-21,4.1219828e-05,0.07381123,0.8318826,0.9056938,0.0006586357,0.0256639
2009-08-24,1.8656478e-05,0.062621966,0.8532031,0.91582507,0.00061365863,0.024772134
2009-08-25,9.7157e-06,0.05332185,0.8704078,0.92372966,0.00054469093,0.023338614
2009-08-26,2.8255437e-05,0.061028328,0.852185,0.9132133,0.0005380837,0.023196632
2009-08-27,5.23089e-05,0.07919501,0.8190177,0.89821273,0.00049158355,0.022171684
2009-08-28,5.530955e-05,0.08539708,0.8093984,0.8947955,0.00047162542,0.02171694
2009-08-31,2.9359702e-05,0.078972965,0.82499224,0.90396523,0.00043793555,0.02092691
2009-09-01,4.773737e-05,0.07200284,0.83776456,0.9097674,0.0005118614,0.022624355
2009-09-02,6.68653e-05,0.07887667,0.82722545,0.9061021,0.0005325631,0.023077328
2009-09-03,9.1637325e-05,0.09847931,0.78928775,0.8877671,0.0005074185,0.022525951
2009-09-04,7.519275e-05,0.08621858,0.81004673,0.8962653,0.0004923677,0.02218936
2009-09-08,7.661021e-05,0.09529158,0.7896221,0.8849137,0.00047407276,0.021773212
2009-09-09,1.5172803e-05,0.07021597,0.8367377,0.9069537,0.00063607714,0.02522057
2009-09-10,4.6125308e-05,0.07315855,0.827987,0.9011456,0.00054792984,0.0234079
2009-09-11,2.477505e-05,0.07102879,0.8375834,0.9086122,0.0005051987,0.022476627
2009-09-14,4.3140317e-05,0.06873496,0.8419897,0.91072464,0.0005490917,0.023432706
2009-09-15,7.4060445e-05,0.08626075,0.80370015,0.8899609,0.0005083152,0.022545846
2009-09-16,1.6140079e-05,0.07263223,0.8359291,0.90856135,0.0005572004,0.023605093
2009-09-17,1.5165502e-05,0.06993529,0.8418855,0.91182077,0.0005165082,0.022726817
2009-09-18,9.106976e-06,0.05882222,0.86841273,0.92723495,0.0004500467,0.021214304
2009-09-21,2.7204827e-05,0.06620591,0.84682304,0.91302896,0.00040216531,0.02005406
2009-09-22,3.190442e-05,0.062463485,0.856928,0.91939145,0.00044024485,0.020982012
2009-09-23,2.0458609e-05,0.080808416,0.8244501,0.9052585,0.00045088254,0.021233995
2009-09-24,3.4240635e-05,0.063488156,0.84989977,0.9133879,0.0005024196,0.022414718
2009-09-25,2.516511e-05,0.061983712,0.85992956,0.92191327,0.0005949683,0.024391973
2009-09-28,0.000116154486,0.10030512,0.78559184,0.885897,0.00053698843,0.02317301
2009-09-29,5.661815e-05,0.082725726,0.81656605,0.89929175,0.0005527793,0.023511259
2009-09-30,1.4611843e-05,0.07474356,0.84034663,0.9150902,0.0005083834,0.022547359
2009-10-01,4.0733485e-07,0.035212014,0.91244215,0.9476542,0.0006813441,0.026102569
2009-10-02,1.987815e-05,0.063380964,0.8555386,0.91891956,0.00062236283,0.0249472
2009-10-05,6.859736e-05,0.07316422,0.82870746,0.9018717,0.0005623475,0.023713866
2009-10-06,5.0110433e-05,0.09012661,0.80791706,0.8980437,0.0005375652,0.023185452
2009-10-07,3.6628764e-05,0.08452399,0.8179463,0.9024703,0.00048816117,0.022094369
2009-10-08,0.00012105126,0.08562211,0.8089859,0.894608,0.00046599522,0.021586923
2009-10-09,2.3029019e-05,0.08868402,0.8121021,0.9007861,0.00057411677,0.023960734
2009-10-12,4.084649e-05,0.07558946,0.83270264,0.9082921,0.0004893433,0.022121105
2009-10-13,1.9900313e-05,0.07346417,0.83791524,0.9113794,0.00048001565,0.02190926
2009-10-14,1.4339241e-05,0.06815028,0.84944004,0.9175903,0.000432221,0.020789925
2009-10-15,1.7795172e-05,0.065600336,0.85295296,0.9185533,0.0003940648,0.019851064
2009-10-16,9.534423e-06,0.066201486,0.85214776,0.91834927,0.00041783578,0.020441031
2009-10-19,8.200402e-06,0.058413528,0.8693864,0.9277999,0.00037506528,0.019366601
2009-10-20,4.7182384e-06,0.054371458,0.88090146,0.93527293,0.00034484448,0.01856999
2009-10-21,1.339789e-05,0.07106354,0.8479829,0.9190464,0.00031097847,0.017634582
2009-10-22,7.6280776e-06,0.07101311,0.8498906,0.9209037,0.0003336608,0.018266385
2009-10-23,1.3749922e-05,0.06312563,0.86278737,0.925913,0.00029162032,0.017076895
2009-10-26,1.7458131e-05,0.0686133,0.85286826,0.92148155,0.00027018244,0.016437227
2009-10-27,4.885896e-05,0.07698116,0.8313724,0.90835357,0.0002844281,0.016864996
2009-10-28,2.9945644e-05,0.086355776,0.820808,0.90716374,0.0002942837,0.0171547
2009-10-29,3.190092e-05,0.06560475,0.8532875,0.91889226,0.0003336729,0.018266715
2009-10-30,1.9329033e-05,0.09243006,0.81357116,0.9060012,0.00037736824,0.019425968
2009-11-02,1.4671201e-05,0.056726735,0.8720548,0.92878157,0.00045154302,0.021249542
2009-11-03,1.2564055e-05,0.075838685,0.83928347,0.91512215,0.00042013876,0.020497287
2009-11-04,0.00012272137,0.09684203,0.7877573,0.8845993,0.0003909426,0.019772269
2009-11-05,3.2915144e-05,0.07881777,0.8301511,0.90896887,0.0004399734,0.020975543
2009-11-06,4.6846497e-05,0.075103946,0.8342047,0.9093086,0.00040597474,0.020148816
2009-11-09,3.5403515e-05,0.069507055,0.84732026,0.9168273,0.00044481485,0.021090634
2009-11-10,1.5835732e-05,0.0791537,0.83321387,0.9123676,0.00045677027,0.021372184
2009-11-11,5.450693e-05,0.07755919,0.82946044,0.9070196,0.00039840536,0.019960094
2009-11-12,4.0746138e-05,0.08158138,0.8257994,0.90738076,0.00038553233,0.019634977
2009-11-13,2.2826636e-05,0.06482869,0.85606706,0.92089576,0.00043337024,0.020817546
2009-11-16,8.3034465e-05,0.09086467,0.80592173,0.8967864,0.0003978735,0.019946767
2009-11-17,2.2936218e-05,0.08614249,0.81658834,0.9027308,0.0005005199,0.022372302
2009-11-18,3.6124817e-05,0.074781835,0.8335917,0.90837353,0.000432344,0.020792883
2009-11-19,3.4915764e-05,0.07322415,0.8391753,0.9123994,0.0003986521,0.019966274
2009-11-20,3.8297858e-05,0.06387544,0.8500915,0.91396695,0.00042366877,0.020583216
2009-11-23,4.179264e-05,0.081247345,0.8251156,0.90636295,0.00040459976,0.020114666
2009-11-24,7.963673e-05,0.09944025,0.7919483,0.89138854,0.0003849024,0.01961893
2009-11-25,6.242968e-05,0.07916728,0.82484734,0.9040146,0.00042529352,0.020622646
2009-11-27,2.6694152e-05,0.09107715,0.8134828,0.90455997,0.0004626743,0.021509865
2009-11-30,0.00013163676,0.087434635,0.80642164,0.8938563,0.0004600571,0.021448942
2009-12-01,1.873387e-05,0.07876532,0.8314583,0.9102236,0.0005245615,0.022903308
2009-12-02,0.00010003092,0.09078067,0.7984621,0.88924277,0.0004698789,0.02167669
2009-12-03,4.4675417e-05,0.07193577,0.8421692,0.914105,0.000523456,0.022879161
2009-12-04,0.0001236999,0.09789831,0.7908551,0.8887534,0.00048581278,0.02204116
2009-12-07,0.00010974264,0.0914043,0.80097115,0.89237547,0.00052507216,0.022914452
2009-12-08,0.00012308992,0.09137228,0.7985067,0.889879,0.00056995195,0.023873666
2009-12-09,8.495568e-05,0.09135627,0.8037096,0.8950659,0.0006080923,0.024659527
2009-12-10,3.504656e-05,0.07877989,0.83680856,0.91558844,0.00064241275,0.025345862
2009-12-11,0.00021070342,0.1178624,0.75660884,0.87447125,0.00057295413,0.02393646
2009-12-14,9.8575394e-05,0.09251643,0.79850006,0.8910165,0.0006554153,0.02560108
2009-12-15,0.00024702933,0.105506666,0.7686934,0.87420005,0.000624597,0.024991939
2009-12-16,0.00010042994,0.10244127,0.78240377,0.884845,0.00075631274,0.027501142
2009-12-17,3.3161774e-05,0.08685908,0.8132384,0.9000975,0.0007683978,0.02771999
2009-12-18,8.8450055e-05,0.08561218,0.8107119,0.8963241,0.0006580628,0.025652735
2009-12-21,3.3638422e-05,0.08269501,0.8239277,0.9066227,0.00062970293,0.025093883
2009-12-22,6.978359e-05,0.08300601,0.81723094,0.90023696,0.000565214,0.02377423
2009-12-23,4.322987e-05,0.09131058,0.81006163,0.9013722,0.00058812776,0.024251346
2009-12-24,1.2302094e-05,0.07609756,0.8384852,0.9145827,0.00060098583,0.024515012
2009-12-28,1.1264807e-05,0.061365273,0.8645254,0.9258906,0.0005398732,0.023235172
2009-12-29,1.583783e-05,0.07327072,0.8438525,0.91712326,0.0004829404,0.021975905
2009-12-30,9.594359e-06,0.06422366,0.8632576,0.92748123,0.00042345063,0.020577917
2009-12-31,1.1136083e-05,0.06570318,0.8604887,0.9261919,0.0003767316,0.019409575
2010-01-04,1.2529921e-05,0.064624384,0.85990137,0.92452574,0.0003353514,0.018312601
2010-01-05,8.1743465e-06,0.08133109,0.83788794,0.919219,0.00034635837,0.018610707
2010-01-06,5.7852953e-06,0.06233072,0.8712952,0.93362594,0.00029910408,0.017294627
2010-01-07,7.915788e-06,0.07749593,0.84805757,0.9255535,0.00028416966,0.016857332
2010-01-08,6.836713e-06,0.06318658,0.8687156,0.93190217,0.00025216202,0.01587961
2010-01-11,7.249135e-06,0.07013497,0.85774386,0.92787886,0.00022594265,0.015031389
2010-01-12,1.1030376e-05,0.068333946,0.8575527,0.92588663,0.00020167799,0.0142013375
2010-01-13,1.3707847e-05,0.068434015,0.85402405,0.92245805,0.00021526321,0.014671851
2010-01-14,2.5222702e-05,0.085028574,0.82705635,0.91208494,0.0002117777,0.014552584
2010-01-15,2.5151176e-05,0.08431982,0.8273334,0.9116532,0.00020140363,0.014191675
2010-01-19,4.7304267e-05,0.08404008,0.81911826,0.90315837,0.00021871284,0.014788943
2010-01-20,4.2527983e-05,0.09298013,0.80689585,0.899876,0.00024018914,0.0154980365
2010-01-21,3.1853604e-05,0.08107559,0.8282348,0.9093104,0.00026674508,0.016332332
2010-01-22,4.6647758e-05,0.08321699,0.8213665,0.90458345,0.00028602246,0.0169122
2010-01-25,4.2780855e-05,0.08664022,0.8170409,0.90368116,0.0003170914,0.01780706
2010-01-26,2.9679111e-05,0.08335596,0.82252157,0.90587753,0.00030951967,0.017593171
2010-01-27,4.9409035e-05,0.081942566,0.82355696,0.9054995,0.0002890093,0.017000273
2010-01-28,3.776748e-05,0.08446071,0.82371354,0.9081743,0.00030401078,0.017435905
2010-01-29,6.127427e-05,0.090380594,0.8096723,0.9000529,0.00028821733,0.016976964
2010-02-01,7.012129e-05,0.090639405,0.80654407,0.8971835,0.0003044976,0.01744986
2010-02-02,4.3275933e-05,0.0914664,0.8066664,0.8981328,0.00035454563,0.018829383
2010-02-03,8.261082e-06,0.06707194,0.85224277,0.9193147,0.00045260612,0.021274542
2010-02-04,2.6923422e-05,0.07627945,0.8377845,0.914064,0.00039479023,0.01986933
2010-02-05,6.7908973e-06,0.054212216,0.8827091,0.9369213,0.00055903615,0.023643946
2010-02-08,2.6114532e-05,0.07708797,0.84005386,0.9171418,0.0005404595,0.023247786
2010-02-09,5.3592412e-05,0.092712946,0.80578315,0.8984961,0.00048719847,0.022072572
2010-02-10,6.880718e-05,0.09283784,0.7989474,0.89178526,0.00050567766,0.022487277
2010-02-11,0.00013378239,0.10275707,0.7831821,0.8859391,0.00048243365,0.021964373
2010-02-12,7.291815e-05,0.09804723,0.79808605,0.8961333,0.00052176474,0.02284217
2010-02-16,7.759275e-05,0.08829209,0.81133986,0.899632,0.0005132014,0.022653949
2010-02-17,6.0194925e-06,0.06267053,0.86277986,0.9254504,0.00062083866,0.024916634
2010-02-18,6.4546904e-05,0.08461015,0.815012,0.89962214,0.0005426384,0.0232946
2010-02-19,1.7151346e-05,0.072785586,0.8419397,0.9147253,0.0005474436,0.023397513
2010-02-22,3.6632817e-05,0.07629116,0.831391,0.9076821,0.00048427057,0.022006148
2010-02-23,1.3945798e-05,0.07026304,0.851737,0.92200005,0.00044057574,0.020989897
2010-02-24,1.8471892e-05,0.06885239,0.85280645,0.9216588,0.00040846752,0.020210579
2010-02-25,1.6757385e-05,0.08235345,0.8321603,0.91451377,0.0003805891,0.019508693
2010-02-26,2.5290503e-05,0.07261843,0.84424686,0.9168653,0.00037836775,0.019451678
2010-03-01,1.4248844e-05,0.08170275,0.8317954,0.91349816,0.0003700466,0.019236594
2010-03-02,3.0327352e-05,0.07918809,0.82902765,0.90821576,0.0003344798,0.01828879
2010-03-03,2.5780899e-05,0.08492082,0.82024914,0.90516996,0.0003193424,0.017870154
2010-03-04,1.6719114e-05,0.08099023,0.8304999,0.91149014,0.0003058614,0.017488893
2010-03-05,2.2684124e-05,0.07431776,0.84188485,0.9162026,0.00027645656,0.016626982
2010-03-08,8.8323995e-06,0.07390586,0.84747946,0.92138535,0.0002738548,0.01654856
2010-03-09,1.3513345e-05,0.0754665,0.8444562,0.9199227,0.00024229848,0.01556594
2010-03-10,1.698739e-05,0.07790544,0.8398208,0.9177262,0.00021990718,0.014829268
2010-03-11,8.31394e-06,0.07647887,0.8469477,0.9234266,0.00020562719,0.014339707
2010-03-12,1.923794e-05,0.079860345,0.8361407,0.916001,0.00018246952,0.013508128
2010-03-15,3.352636e-05,0.0911425,0.8132989,0.90444136,0.00018122848,0.013462112
2010-03-16,4.1829393e-05,0.091358535,0.80930346,0.900662,0.00021075539,0.014517417
2010-03-17,5.994015e-06,0.06900399,0.85470295,0.92370695,0.00026208404,0.016189009
2010-03-18,1.2487094e-05,0.074139886,0.8429716,0.9171115,0.00024497832,0.015651783
2010-03-19,2.213775e-05,0.07579933,0.8389027,0.91470206,0.00022506973,0.015002324
2010-03-22,1.9770161e-05,0.076289006,0.8353714,0.9116604,0.00023794943,0.015425609
2010-03-23,1.3214374e-05,0.07834979,0.8400871,0.9184369,0.00022210642,0.014903235
2010-03-24,2.1166059e-05,0.084220745,0.8254047,0.9096255,0.00020467002,0.014306293
2010-03-25,3.7005855e-05,0.087543316,0.8150739,0.9026172,0.00021222432,0.014567921
2010-03-26,3.154535e-05,0.090005204,0.8153136,0.9053188,0.0002101108,0.0144952
2010-03-29,4.127205e-05,0.08968187,0.8125232,0.90220505,0.00020702803,0.014388469
2010-03-30,6.9711186e-06,0.06869092,0.85491425,0.92360514,0.00027272687,0.016514445
2010-03-31,2.0119443e-05,0.081388265,0.82813853,0.9095268,0.00024046843,0.015507044
2010-04-01,5.447079e-06,0.06438179,0.86473346,0.92911524,0.00024148692,0.015539849
2010-04-05,7.667981e-06,0.06999327,0.85122514,0.9212184,0.00022507635,0.015002545
2010-04-06,5.75098e-06,0.06880279,0.8553322,0.92413497,0.00022782214,0.015093778
2010-04-07,1.0781951e-05,0.07300387,0.84997267,0.92297655,0.00020098737,0.014177001
2010-04-08,1.5301217e-05,0.07625747,0.8417847,0.9180422,0.0001909792,0.013819522
2010-04-09,2.0189622e-05,0.08415811,0.8296164,0.91377455,0.0001787469,0.013369625
2010-04-12,2.3383665e-05,0.092578284,0.81411266,0.90669096,0.00017124241,0.013085962
2010-04-13,3.0340538e-05,0.09038712,0.8141643,0.9045514,0.00016741166,0.012938766
2010-04-14,2.9369137e-05,0.0991092,0.8030049,0.90211415,0.0001678474,0.012955593
2010-04-15,1.7509108e-05,0.08702362,0.8214458,0.90846944,0.00020729564,0.0143977655
2010-04-16,3.2303895e-05,0.08476169,0.8208894,0.9056511,0.00018922608,0.013755947
2010-04-19,5.7406138e-05,0.093509845,0.79601574,0.8895256,0.00024995272,0.015809894
2010-04-20,4.2703832e-05,0.08756368,0.80900395,0.89656764,0.0003014155,0.017361322
2010-04-21,8.264074e-06,0.07327605,0.8465579,0.91983396,0.00033719506,0.018362872
2010-04-22,3.297476e-05,0.08937026,0.8112083,0.90057856,0.00029419328,0.017152064
2010-04-23,3.2190823e-05,0.095015675,0.8039221,0.8989378,0.00027162686,0.016481107
2010-04-26,8.667133e-06,0.07305978,0.8442424,0.9173022,0.00027678526,0.016636865
2010-04-27,3.9783004e-05,0.090247355,0.8083883,0.8986356,0.0002513038,0.015852565
2010-04-28,5.9973157e-05,0.097851664,0.7918928,0.8897445,0.0002840051,0.016852451
2010-04-29,3.2787455e-05,0.096340165,0.8030842,0.8994244,0.0002931715,0.017122252
2010-04-30,1.2588732e-05,0.074109666,0.8441259,0.9182356,0.00031898334,0.017860105
2010-05-03,1.6677051e-05,0.08214588,0.8297949,0.91194075,0.00029120018,0.017064588
2010-05-04,1.34610855e-05,0.0799764,0.8323466,0.912323,0.00025831882,0.0160723
2010-05-05,1.0607386e-05,0.067608014,0.855399,0.923007,0.00036330527,0.019060569
2010-05-06,3.2484408e-05,0.08870716,0.81608284,0.90479,0.00040073492,0.020018365
2010-05-07,9.0988135e-05,0.108610906,0.7759271,0.88453805,0.00047852407,0.021875193
2010-05-10,6.808355e-05,0.10403601,0.7798912,0.8839272,0.00053849147,0.023205418
2010-05-11,2.9125918e-05,0.08683929,0.8127525,0.8995918,0.0005385948,0.023207646
2010-05-12,0.00013312703,0.1034003,0.77016014,0.8735604,0.0004698152,0.02167522
2010-05-13,0.00011159182,0.10485519,0.7707778,0.875633,0.0005046516,0.02246445
2010-05-14,0.00010874555,0.10171037,0.77643853,0.8781489,0.0005304087,0.023030603
2010-05-17,4.955307e-05,0.08775864,0.808386,0.8961447,0.0006707882,0.02589958
2010-05-18,3.0864125e-05,0.08831662,0.8131045,0.9014211,0.00063353864,0.025170194
2010-05-19,8.093159e-05,0.09905158,0.7847239,0.8837755,0.00055450574,0.023547946
2010-05-20,0.00017271696,0.108069725,0.7642384,0.87230814,0.0005201183,0.022806102
2010-05-21,0.00022198472,0.12474381,0.7455882,0.870332,0.0006501096,0.025497247
2010-05-24,0.0002078156,0.11466577,0.7555521,0.87021786,0.00081308145,0.028514583
2010-05-25,0.00016284984,0.1080971,0.7665366,0.87463367,0.00082270376,0.028682813
2010-05-26,0.00018755301,0.1109339,0.75926954,0.87020344,0.0008421703,0.029020172
2010-05-27,2.572907e-05,0.07288781,0.8358188,0.90870667,0.0009970334,0.031575836
2010-05-28,1.0597506e-05,0.05781582,0.86404455,0.92186034,0.0009841395,0.031370997
2010-06-01,0.00022383964,0.11059584,0.7576771,0.8682729,0.00086465594,0.029405033
2010-06-02,0.00042774144,0.120698504,0.73651195,0.85721046,0.0009196507,0.030325744
2010-06-03,5.4829685e-05,0.09463115,0.80052656,0.8951577,0.0011066757,0.033266734
2010-06-04,3.797292e-05,0.08823398,0.8123173,0.9005513,0.0009931284,0.03151394
2010-06-07,7.101093e-05,0.09351048,0.8044504,0.8979609,0.0010051783,0.03170455
2010-06-08,8.860284e-05,0.11280934,0.76809084,0.8809002,0.0008797591,0.029660733
2010-06-09,0.00013217698,0.11292123,0.763996,0.87691724,0.0007706164,0.027759979
2010-06-10,5.41141e-05,0.09322899,0.7998299,0.8930589,0.0008398387,0.02897997
2010-06-11,0.00018457598,0.115470655,0.75385964,0.8693303,0.00074536767,0.027301423
2010-06-14,0.00015980896,0.10650353,0.76743925,0.8739428,0.0008075037,0.02841661
2010-06-15,2.8801178e-05,0.08647006,0.8152955,0.9017656,0.00081322703,0.028517136
2010-06-16,2.4477384e-05,0.08200486,0.821495,0.90349984,0.00074051484,0.027212402
2010-06-17,3.912534e-05,0.08872962,0.80908054,0.89781016,0.0006397994,0.025294255
2010-06-18,6.1955994e-05,0.09389731,0.7983062,0.89220357,0.00056872115,0.023847876
2010-06-21,4.409721e-05,0.09077679,0.80742425,0.89820105,0.0005181848,0.022763673
2010-06-22,2.8541024e-05,0.08054224,0.8238171,0.90435934,0.00046837368,0.021641942
2010-06-23,4.7441623e-05,0.09524819,0.80062526,0.8958734,0.0004196514,0.020485394
2010-06-24,0.00011280266,0.11097254,0.76787645,0.87884897,0.00039582484,0.019895347
2010-06-25,3.7154052e-05,0.094757445,0.8039997,0.89875716,0.0004171414,0.02042404
2010-06-28,2.0174193e-05,0.08125582,0.8247739,0.9060297,0.00045806664,0.021402491
2010-06-29,7.6493925e-05,0.09710528,0.79109955,0.8882048,0.00040314242,0.020078408
2010-06-30,8.389053e-05,0.096683286,0.7912997,0.88798296,0.00048383165,0.021996174
2010-07-01,5.6402732e-05,0.10160272,0.78926784,0.8908706,0.0004685336,0.021645637
2010-07-02,6.3843734e-05,0.09014778,0.8004024,0.8905502,0.00055999064,0.02366412
2010-07-06,4.0469666e-05,0.08919691,0.81122714,0.90042406,0.00052372465,0.022885032
2010-07-07,0.00010957586,0.10510784,0.77592677,0.8810346,0.00046585567,0.02158369
2010-07-08,2.7091237e-05,0.078380935,0.8237353,0.90211624,0.00055590156,0.023577565
2010-07-09,6.150466e-05,0.08894393,0.80381584,0.8927598,0.0005107372,0.022599496
2010-07-12,4.668678e-05,0.084839545,0.8146476,0.89948714,0.00047827486,0.021869496
2010-07-13,7.641906e-05,0.08568438,0.8071794,0.89286375,0.0004561839,0.021358462
2010-07-14,1.0556491e-05,0.06551513,0.8531667,0.91868186,0.0005153249,0.022700768
2010-07-15,7.226205e-05,0.08981638,0.80454683,0.8943632,0.0004503898,0.02122239
2010-07-16,5.6554647e-05,0.09550085,0.79862034,0.89412117,0.0004375148,0.020916855
2010-07-19,4.758509e-05,0.08859622,0.80967695,0.89827317,0.0004123876,0.020307329
2010-07-20,5.4834967e-05,0.091232754,0.8035469,0.8947797,0.0003855102,0.019634414
2010-07-21,6.7728986e-05,0.101817794,0.78773874,0.8895565,0.0003766365,0.019407125
2010-07-22,8.410711e-05,0.09797654,0.7908435,0.88882005,0.0003782097,0.019447614
2010-07-23,1.1240179e-05,0.074192986,0.8394238,0.9136168,0.000502922,0.022425922
2010-07-26,5.5216497e-05,0.0874992,0.8105977,0.8980969,0.0004347464,0.020850573
2010-07-27,6.115835e-05,0.093922004,0.80020756,0.8941296,0.00040762476,0.02018972
2010-07-28,0.00010198255,0.101481974,0.78241944,0.8839014,0.00042169835,0.020535296
2010-07-29,5.5949327e-05,0.09696297,0.7967855,0.89374846,0.0004366356,0.020895828
2010-07-30,4.870366e-05,0.0971833,0.79532033,0.8925036,0.0004333095,0.020816088
2010-08-02,7.6376586e-05,0.102892764,0.7868048,0.88969755,0.00039849145,0.019962251
2010-08-03,6.5214563e-06,0.064340875,0.85748434,0.92182523,0.00048014932,0.02191231
2010-08-04,2.3030074e-05,0.07853785,0.83247334,0.9110112,0.00043187715,0.020781655
2010-08-05,2.990174e-05,0.083945304,0.82398283,0.9079281,0.00038266537,0.019561835
2010-08-06,2.1381109e-05,0.077582866,0.83721256,0.9147954,0.00034803752,0.018655764
2010-08-09,5.342976e-05,0.087960936,0.81286085,0.9008218,0.0003334046,0.01825937
2010-08-10,2.096458e-05,0.08092268,0.83171093,0.9126336,0.00033223053,0.018227192
2010-08-11,5.8236295e-05,0.09045621,0.80501693,0.8954731,0.0003165251,0.017791152
2010-08-12,4.5030014e-05,0.07914632,0.8237335,0.90287983,0.0003859536,0.019645702
2010-08-13,2.248758e-05,0.070853285,0.8414534,0.91230667,0.00043355726,0.020822037
2010-08-16,4.0646963e-05,0.0864512,0.81331766,0.8997688,0.000388966,0.019722221
2010-08-17,4.5036068e-05,0.08370992,0.81572807,0.89943796,0.00035741847,0.018905515
2010-08-18,3.3152668e-05,0.08521809,0.8151735,0.9003916,0.00034047512,0.018451968
2010-08-19,4.385449e-05,0.082157604,0.8166448,0.8988024,0.00031269423,0.017683163
2010-08-20,2.557016e-05,0.06589016,0.8458661,0.9117563,0.00031401578,0.01772049
2010-08-23,2.3929417e-05,0.07085649,0.8395624,0.9104189,0.00030288796,0.017403677
2010-08-24,4.166648e-05,0.07776278,0.82499874,0.9027615,0.00028008132,0.01673563
2010-08-25,2.509193e-05,0.07003902,0.83910877,0.9091478,0.00030548716,0.01747819
2010-08-26,1.8935563e-05,0.07232193,0.8401717,0.91249365,0.00029175048,0.017080706
2010-08-27,1.5653373e-05,0.06979801,0.8430835,0.9128815,0.00027330336,0.016531888
2010-08-30,1.6539607e-05,0.06793221,0.8451028,0.913035,0.00028682765,0.016935987
2010-08-31,1.7745799e-05,0.06517556,0.8474493,0.91262484,0.0002617918,0.016179983
2010-09-01,1.4348632e-05,0.05782835,0.8631424,0.92097074,0.00033438212,0.018286118
2010-09-02,1.6311471e-05,0.07235516,0.83954996,0.9119051,0.00034539067,0.01858469
2010-09-03,1.9113924e-05,0.06910072,0.8429374,0.91203815,0.0003219145,0.017941976
2010-09-07,2.5138208e-05,0.07280618,0.83460224,0.9074084,0.00029281076,0.017111715
2010-09-08,2.371281e-05,0.07008406,0.8410009,0.91108495,0.00027315668,0.016527452
2010-09-09,2.463382e-05,0.07002855,0.8422668,0.91229534,0.0002574742,0.016046003
2010-09-10,3.2947984e-05,0.07153929,0.8375647,0.909104,0.00024389187,0.015617038
2010-09-13,1.2938251e-05,0.07442032,0.8390609,0.91348124,0.00029734743,0.017243765
2010-09-14,1.3217334e-05,0.06497953,0.8541736,0.91915315,0.00026904058,0.016402457
2010-09-15,2.051395e-05,0.06819116,0.8464001,0.91459125,0.0002448322,0.015647115
2010-09-16,2.231283e-05,0.06747171,0.8452527,0.9127244,0.00023513976,0.015334267
2010-09-17,2.7598931e-05,0.0658202,0.8454855,0.9113057,0.00024663465,0.015704606
2010-09-20,4.3317214e-05,0.0752602,0.8285735,0.90383375,0.00024638823,0.015696758
2010-09-21,1.0006921e-05,0.05968853,0.86519086,0.9248794,0.00026661655,0.016328396
2010-09-22,1.9263813e-05,0.06516607,0.8482909,0.913457,0.00026060716,0.016143331
2010-09-23,2.5854366e-05,0.07680739,0.83123475,0.90804213,0.00025670088,0.016021887
2010-09-24,1.7674614e-05,0.070243284,0.8445196,0.9147629,0.000242056,0.015558149
2010-09-27,1.0517539e-05,0.062435675,0.86084557,0.92328125,0.00024255368,0.015574135
2010-09-28,2.3108756e-05,0.06590544,0.8497319,0.9156374,0.0002193209,0.014809486
2010-09-29,2.2486594e-05,0.06873619,0.8443952,0.9131314,0.0002109051,0.014522572
2010-09-30,7.5223334e-06,0.06771901,0.8536943,0.9214133,0.00023265692,0.015253096
2010-10-01,4.717206e-06,0.056499586,0.87463325,0.93113285,0.00025380505,0.01593126
2010-10-04,5.0099775e-06,0.05422728,0.8789427,0.93317,0.00024868335,0.015769698
2010-10-05,6.623038e-06,0.05260671,0.88082963,0.93343633,0.00022372005,0.014957274
2010-10-06,4.587447e-06,0.0568532,0.8765053,0.9333585,0.00021753252,0.014748984
2010-10-07,4.4383623e-06,0.057902396,0.87528664,0.93318903,0.00019652754,0.014018828
2010-10-08,1.0031434e-05,0.05200207,0.88116324,0.9331653,0.00019764612,0.014058667
2010-10-11,1.3706462e-05,0.07522052,0.8417041,0.9169246,0.00019148024,0.013837638
2010-10-12,9.403328e-06,0.057441905,0.87137705,0.92881894,0.00017729249,0.013315123
2010-10-13,1.9422001e-05,0.0686084,0.84933347,0.91794187,0.00016654731,0.012905321
2010-10-14,1.00275165e-05,0.07264296,0.8478034,0.9204464,0.00017858419,0.013363539
2010-10-15,1.8251918e-05,0.06646644,0.8535061,0.91997254,0.00016263586,0.012752877
2010-10-18,2.2485028e-05,0.06347852,0.856102,0.9195805,0.00017806678,0.013344167
2010-10-19,7.4795844e-06,0.06518218,0.8601302,0.9253124,0.000205832,0.014346846
2010-10-20,6.1823425e-06,0.039860718,0.89722085,0.9370816,0.00031291327,0.017689355
2010-10-21,4.651769e-06,0.064946204,0.8614019,0.9263481,0.0003183427,0.01784216
2010-10-22,2.3626662e-05,0.057881735,0.86471516,0.9225969,0.00029371452,0.017138101
2010-10-25,9.695469e-06,0.061808694,0.862245,0.9240537,0.00028850255,0.016985362
2010-10-26,1.5811316e-05,0.064402685,0.8548024,0.9192051,0.00026451348,0.01626387
2010-10-27,7.861487e-06,0.055961724,0.8741665,0.9301282,0.00024191962,0.015553766
2010-10-28,1.484313e-05,0.062336516,0.8604767,0.9228132,0.0002225938,0.014919577
2010-10-29,3.3186616e-06,0.057869863,0.8765053,0.93437517,0.00020683967,0.014381922
2010-11-01,8.356815e-06,0.0605434,0.86673486,0.9272783,0.00018970316,0.013773277
2010-11-02,1.0653135e-05,0.066368386,0.85734826,0.92371666,0.00019302216,0.013893242
2010-11-03,1.9785526e-05,0.07013351,0.84762853,0.91776204,0.00018443415,0.013580654
2010-11-04,1.4755164e-05,0.071821935,0.84778684,0.9196088,0.00018200574,0.01349095
2010-11-05,1.0168358e-05,0.067516446,0.8568912,0.92440766,0.00020019717,0.014149105
2010-11-08,1.3634641e-05,0.067606844,0.85598075,0.9235876,0.00018276625,0.013519106
2010-11-09,1.3155685e-05,0.07302797,0.84909135,0.9221193,0.0001704081,0.013054045
2010-11-10,1.446746e-05,0.075175144,0.8442305,0.91940564,0.0001590884,0.0126130255
2010-11-11,7.602207e-06,0.0689832,0.8592237,0.9282069,0.00016011468,0.012653643
2010-11-12,1.2847959e-05,0.06627321,0.8598083,0.92608154,0.00014517954,0.012049047
2010-11-15,9.766826e-06,0.055881627,0.8746488,0.9305304,0.00021494454,0.014660987
2010-11-16,2.3458257e-05,0.07897775,0.83489853,0.9138763,0.00019777885,0.014063387
2010-11-17,1.0262599e-05,0.058020163,0.8708772,0.9288974,0.0002613543,0.016166456
2010-11-18,3.757999e-05,0.08147715,0.82357484,0.905052,0.00027005974,0.016433494
2010-11-19,6.404338e-06,0.06500972,0.86058474,0.92559445,0.0002840086,0.016852554
2010-11-22,4.1040737e-05,0.087114766,0.81650126,0.903616,0.00025206007,0.0158764
2010-11-23,6.292043e-05,0.097640805,0.79891306,0.8965539,0.00024744103,0.015730258
2010-11-24,4.4409942e-05,0.08899599,0.8156658,0.9046618,0.00026438365,0.016259879
2010-11-26,5.897052e-06,0.069402464,0.8563479,0.9257504,0.00034785597,0.018650897
2010-11-29,2.8253686e-05,0.074359216,0.8397937,0.9141529,0.0003039192,0.017433278
2010-11-30,4.397231e-06,0.06393167,0.8680491,0.9319807,0.0003229507,0.01797083
2010-12-01,2.4352867e-05,0.06821826,0.8506525,0.9188708,0.00030851422,0.017564572
2010-12-02,5.595568e-06,0.07003887,0.8564876,0.9265264,0.00035107002,0.018736862
2010-12-03,6.2899667e-06,0.06399063,0.8677287,0.93171936,0.00032020226,0.017894197
2010-12-06,1.054875e-05,0.068653785,0.8584633,0.92711705,0.0002953278,0.017185103
2010-12-07,6.284094e-06,0.06416716,0.8689038,0.93307096,0.00026432966,0.016258217
2010-12-08,9.749368e-06,0.06866281,0.8602721,0.92893493,0.00024002543,0.015492754
2010-12-09,8.545574e-06,0.06857493,0.8600257,0.9286006,0.00021784664,0.014759629
2010-12-10,7.6127635e-06,0.06735412,0.861867,0.92922115,0.0001959443,0.013998011
2010-12-13,2.049384e-05,0.07257698,0.8455396,0.9181166,0.00017959948,0.013401473
2010-12-14,1.6569995e-05,0.07929756,0.83792967,0.9172272,0.00017834695,0.01335466
2010-12-15,1.660677e-05,0.06911406,0.8523065,0.9214206,0.00016724318,0.012932254
2010-12-16,1.8286604e-05,0.078240775,0.838026,0.91626674,0.00016006254,0.012651582
2010-12-17,2.0164349e-05,0.06722607,0.8508351,0.91806114,0.0001612884,0.0126999365
2010-12-20,1.5160155e-05,0.07179444,0.84759617,0.9193906,0.00015818662,0.012577226
2010-12-21,1.0471325e-05,0.07872879,0.84024477,0.91897357,0.00015470565,0.012438073
2010-12-22,6.671162e-06,0.06251414,0.86709106,0.9296052,0.00015016142,0.012254037
2010-12-23,9.825725e-06,0.07071286,0.85313934,0.9238522,0.00014003711,0.011833727
2010-12-27,6.082316e-06,0.06253983,0.8688754,0.9314152,0.00013802602,0.011748448
2010-12-28,1.0364397e-05,0.06368455,0.8629153,0.92659986,0.00012811183,0.01131865
2010-12-29,8.006377e-06,0.067386195,0.85907626,0.9264625,0.00012261055,0.011072965
2010-12-30,1.1482027e-05,0.06939196,0.85298073,0.9223727,0.00011456174,0.010703352
2010-12-31,1.5328947e-05,0.07578633,0.84188455,0.9176709,0.00012350213,0.011113151
2011-01-03,7.1282557e-06,0.07384394,0.8494552,0.92329913,0.0001406616,0.011860085
2011-01-04,1.4258788e-05,0.07849504,0.8393048,0.91779983,0.000126815,0.011261216
2011-01-05,1.5808017e-05,0.07640388,0.8429379,0.91934174,0.00016665451,0.012909474
2011-01-06,9.873028e-06,0.073037244,0.8494277,0.92246497,0.0001639764,0.012805327
2011-01-07,2.7473427e-05,0.07738185,0.8348125,0.9121944,0.00018355373,0.0135482
2011-01-10,3.1908585e-05,0.08938631,0.8183906,0.9077769,0.00018205639,0.013492827
2011-01-11,1.0957878e-05,0.0752143,0.84358495,0.9187993,0.00019732534,0.014047254
2011-01-12,1.603982e-05,0.07923865,0.8362249,0.91546357,0.00020877291,0.014448976
2011-01-13,1.6153283e-05,0.07891642,0.8393975,0.9183139,0.00019567861,0.013988517
2011-01-14,1.108039e-05,0.069647685,0.85651743,0.9261651,0.0001825632,0.013511595
2011-01-18,8.717392e-06,0.07338228,0.8510087,0.924391,0.00016757063,0.012944908
2011-01-19,1.670984e-05,0.0734073,0.8456313,0.9190386,0.00015160287,0.012312712
2011-01-20,1.7657221e-05,0.075777724,0.8389009,0.91467863,0.00014747879,0.012144084
2011-01-21,6.5702675e-06,0.067551024,0.8618464,0.9293974,0.00017962597,0.013402461
2011-01-24,1.3255188e-05,0.08216841,0.8332552,0.9154236,0.00016183713,0.012721523
2011-01-25,2.6088057e-05,0.07971927,0.8329799,0.91269916,0.00016472644,0.01283458
2011-01-26,3.0118259e-05,0.079033054,0.8317245,0.9107576,0.00019365596,0.013916032
2011-01-27,6.8540853e-06,0.06949405,0.85330015,0.9227942,0.00020440193,0.01429692
2011-01-28,2.8072835e-05,0.07336704,0.83900434,0.9123714,0.00020837854,0.014435323
2011-01-31,8.817931e-06,0.07220237,0.8504106,0.92261297,0.00033286557,0.018244604
2011-02-01,2.3457296e-05,0.08375023,0.82384443,0.9075947,0.0003621461,0.019030137
2011-02-02,1.42293175e-05,0.06810532,0.8540404,0.9221457,0.00034253646,0.01850774
2011-02-03,1.9851737e-05,0.07733875,0.83779484,0.9151336,0.00030681095,0.01751602
2011-02-04,1.42096815e-05,0.07278802,0.84918493,0.92197293,0.0002779764,0.016672624
2011-02-07,2.3369783e-05,0.074728966,0.841363,0.916092,0.00027136615,0.016473195
2011-02-08,2.7197177e-05,0.07831923,0.83273774,0.911057,0.00027528987,0.016591862
2011-02-09,1.8712382e-05,0.07831689,0.83666915,0.914986,0.00025965023,0.016113667
2011-02-10,2.047812e-05,0.07896381,0.83391356,0.9128774,0.00023659338,0.015381592
2011-02-11,3.327128e-05,0.08729986,0.8220879,0.90938777,0.00021777659,0.014757255
2011-02-14,3.3373002e-05,0.08499314,0.82108516,0.9060783,0.00022834801,0.015111188
2011-02-15,1.4494674e-05,0.07075791,0.8434681,0.91422606,0.00022813372,0.015104096
2011-02-16,6.0299186e-05,0.094493255,0.79882735,0.8933206,0.00020946818,0.014473015
2011-02-17,8.365814e-06,0.06817494,0.85409695,0.9222719,0.00023323884,0.015272159
2011-02-18,4.824923e-05,0.09231964,0.8064399,0.8987595,0.00022455526,0.014985168
2011-02-22,1.9435873e-05,0.08354708,0.82653695,0.910084,0.00022973257,0.015156931
2011-02-23,2.8758782e-06,0.05500795,0.8781198,0.93312776,0.00076877343,0.027726764
2011-02-24,6.9157693e-07,0.043166865,0.9066098,0.94977665,0.0007998191,0.028281074
2011-02-25,2.5976185e-05,0.07751168,0.8382796,0.9157913,0.0007290101,0.027000187
2011-02-28,7.8457115e-06,0.073049,0.85028374,0.92333275,0.00063982536,0.02529477
2011-03-01,1.2784209e-05,0.072878,0.8477907,0.9206687,0.0005585402,0.023633456
2011-03-02,7.0536726e-07,0.047717076,0.90152264,0.94923973,0.00053885975,0.023213353
2011-03-03,1.418987e-05,0.089727364,0.82692045,0.9166478,0.00051765697,0.022752076
2011-03-04,5.4936645e-06,0.07026009,0.862784,0.93304414,0.00044325434,0.021053607
2011-03-07,5.200122e-06,0.07706063,0.8522931,0.9293537,0.00042880964,0.020707719
2011-03-08,6.7322276e-06,0.08113867,0.8484398,0.9295785,0.000377644,0.019433064
2011-03-09,1.2444641e-05,0.087310255,0.83416134,0.9214716,0.00032857183,0.018126551
2011-03-10,5.7276543e-06,0.07498961,0.84987533,0.92486495,0.00029001565,0.017029846
2011-03-11,2.8822245e-05,0.09310398,0.81217426,0.90527827,0.0002724597,0.016506353
2011-03-14,6.782088e-05,0.110515185,0.77825135,0.8887665,0.0002719515,0.016490951
2011-03-15,5.6882585e-05,0.11088224,0.77930903,0.89019126,0.00027946837,0.016717307
2011-03-16,2.9254288e-05,0.08618188,0.8209953,0.90717715,0.0004578438,0.021397285
2011-03-17,2.7816264e-05,0.09588966,0.80436474,0.90025437,0.00041064323,0.020264333
2011-03-18,2.058786e-05,0.08862088,0.8139391,0.90256,0.0004709236,0.021700775
2011-03-21,9.645867e-05,0.11634417,0.76202947,0.8783736,0.00040508187,0.020126646
2011-03-22,2.505727e-05,0.09037848,0.8101927,0.90057117,0.00042240496,0.020552494
2011-03-23,1.6413725e-05,0.09205674,0.8186982,0.910755,0.00039036333,0.019757615
2011-03-24,2.629908e-05,0.104048565,0.8017943,0.90584284,0.0003609994,0.018999984
2011-03-25,2.4497109e-05,0.09874104,0.8081448,0.90688586,0.0003160222,0.017777013
2011-03-28,3.0035248e-05,0.10848652,0.79302984,0.9015164,0.00028032615,0.016742943
2011-03-29,4.0969855e-05,0.10656912,0.79052836,0.89709747,0.0002729213,0.016520329
2011-03-30,2.7875543e-05,0.104307346,0.7985707,0.90287805,0.00026279804,0.016211048
2011-03-31,4.427854e-05,0.11786764,0.7750376,0.89290524,0.000240541,0.015509385
2011-04-01,1.5285708e-05,0.094881475,0.8137925,0.908674,0.00029314618,0.017121512
2011-04-04,1.4581697e-05,0.09460945,0.8164872,0.91109663,0.00026565895,0.016299047
2011-04-05,1.8122357e-05,0.09675521,0.8129868,0.909742,0.00023356921,0.015282971
2011-04-06,1.5088719e-05,0.09491492,0.8169839,0.9118988,0.00020820288,0.014429237
2011-04-07,1.8672508e-05,0.09679784,0.8132871,0.9100849,0.00018694521,0.0136727905
2011-04-08,1.6136035e-05,0.09681323,0.81605506,0.91286826,0.00018759932,0.01369669
2011-04-11,3.105111e-06,0.06829044,0.86380076,0.93209124,0.00021657575,0.0147165125
2011-04-12,3.5558136e-05,0.10202244,0.7956579,0.8976803,0.00023628994,0.015371725
2011-04-13,2.4268233e-05,0.09578051,0.8101326,0.9059131,0.00034266233,0.01851114
2011-04-14,5.7415923e-06,0.07965838,0.84493977,0.92459816,0.00030777647,0.01754356
2011-04-15,3.2591895e-05,0.108581536,0.78909725,0.8976788,0.0002723676,0.016503563
2011-04-18,1.22981555e-05,0.08960794,0.8222032,0.9118112,0.00026887943,0.016397543
2011-04-19,2.9956893e-05,0.0946476,0.80463123,0.8992788,0.0002834652,0.016836425
2011-04-20,1.3552873e-05,0.0991217,0.8129948,0.91211647,0.00026633494,0.016319772
2011-04-21,4.7655035e-06,0.07346772,0.85374725,0.927215,0.0003183898,0.017843481
2011-04-25,9.369742e-06,0.09032316,0.82719773,0.9175209,0.00028050496,0.016748283
2011-04-26,1.2868875e-05,0.093821846,0.8186478,0.9124696,0.00024141083,0.015537401
2011-04-27,8.578875e-06,0.088023014,0.8305414,0.9185644,0.00021056434,0.0145108355
2011-04-28,6.524195e-06,0.087359264,0.83466065,0.9220199,0.0001853898,0.013615793
2011-04-29,1.2795214e-05,0.10757187,0.8014559,0.9090278,0.00016130188,0.012700467
2011-05-02,6.43788e-06,0.093360946,0.82478654,0.9181475,0.00015123052,0.012297582
2011-05-03,6.595298e-05,0.13453504,0.74806315,0.88259816,0.00013252889,0.011512119
2011-05-04,3.0178157e-05,0.11919242,0.7761564,0.89534885,0.00023144059,0.015213171
2011-05-05,2.5079422e-05,0.11059316,0.78778696,0.8983801,0.00024282387,0.015582806
2011-05-06,1.7882378e-05,0.09184636,0.82261485,0.9144612,0.0011239189,0.0335249
2011-05-09,5.6096866e-05,0.11276254,0.7719186,0.8846811,0.0010084622,0.031756293
2011-05-10,8.5301135e-06,0.06694019,0.85228544,0.91922563,0.0011582288,0.034032762
2011-05-11,3.251127e-05,0.09649311,0.8011493,0.89764243,0.0010064294,0.03172427
2011-05-12,4.0217456e-05,0.09206583,0.8136632,0.905729,0.0011450687,0.033838864
2011-05-13,8.109094e-05,0.1185346,0.7658951,0.88442975,0.0009770963,0.03125854
2011-05-16,3.5686953e-05,0.09477248,0.8062825,0.901055,0.0008346679,0.028890619
2011-05-17,7.441637e-05,0.10203103,0.7860904,0.8881214,0.00076035806,0.027574591
2011-05-18,4.6131554e-05,0.10395684,0.7901889,0.8941457,0.00067462074,0.025973462
2011-05-19,1.636156e-05,0.07614659,0.8388167,0.9149633,0.0006868493,0.02620781
2011-05-20,3.648691e-05,0.08451256,0.8165091,0.9010217,0.000614331,0.024785701
2011-05-23,2.1586839e-05,0.087507956,0.8221757,0.90968364,0.0005472364,0.023393085
2011-05-24,2.9330804e-05,0.095455274,0.80274576,0.89820105,0.00050102355,0.022383556
2011-05-25,8.967342e-06,0.06880729,0.85324574,0.92205304,0.0004658085,0.021582598
2011-05-26,3.856747e-05,0.09517505,0.80234736,0.8975224,0.0004263328,0.020647828
2011-05-27,3.629373e-05,0.09518746,0.8008473,0.8960348,0.00039220322,0.019804122
2011-05-31,1.0488239e-05,0.08539084,0.82852983,0.9139207,0.00035147375,0.018747633
2011-06-01,7.4326385e-06,0.07247256,0.8501524,0.92262495,0.00033775705,0.018378168
2011-06-02,8.495455e-05,0.10991841,0.7757718,0.8856902,0.00033616513,0.018334806
2011-06-03,2.1923193e-05,0.1009925,0.8034266,0.9044191,0.00034582854,0.018596465
2011-06-06,3.5464625e-05,0.100123264,0.7953386,0.89546186,0.00030017635,0.017325599
2011-06-07,5.7426394e-05,0.113314755,0.77224624,0.885561,0.00028949173,0.017014457
2011-06-08,1.5029432e-05,0.08855224,0.8212899,0.90984213,0.00028102592,0.016763827
2011-06-09,8.654193e-05,0.12099129,0.76062,0.8816113,0.0002693768,0.016412701
2011-06-10,1.6862727e-05,0.08633675,0.82433516,0.9106719,0.0003075327,0.01753661
2011-06-13,7.936527e-05,0.11146651,0.76815623,0.87962276,0.0003307754,0.018187232
2011-06-14,6.674402e-05,0.10367098,0.7818326,0.88550353,0.0003800894,0.019495882
2011-06-15,1.6857408e-05,0.08546967,0.8257174,0.91118705,0.00040894566,0.020222405
2011-06-16,4.0647312e-05,0.09098386,0.80831265,0.8992965,0.0005448167,0.02334131
2011-06-17,1.6014876e-05,0.08868091,0.82064223,0.90932316,0.00048117555,0.021935714
2011-06-20,4.8245685e-05,0.09274112,0.79827386,0.891015,0.00044944757,0.021200178
2011-06-21,3.675925e-05,0.09617607,0.79956406,0.89574015,0.00040759624,0.020189013
2011-06-22,2.091237e-05,0.090617284,0.81464493,0.90526223,0.00036281892,0.019047806
2011-06-23,4.243665e-06,0.059727836,0.8714506,0.93117845,0.00035676057,0.018888107
2011-06-24,7.915185e-06,0.06300998,0.8633831,0.9263931,0.0004488451,0.021185964
2011-06-27,1.6033782e-05,0.090541326,0.82012784,0.91066915,0.00039555161,0.01988848
2011-06-28,8.699391e-06,0.07172225,0.84725404,0.9189763,0.00034398533,0.018546842
2011-06-29,4.0034997e-06,0.056186773,0.8755123,0.9316991,0.00034369613,0.018539043
2011-06-30,3.8922003e-06,0.056651328,0.8734172,0.93006855,0.00032700357,0.01808324
2011-07-01,1.7769511e-05,0.080882885,0.8293022,0.9101851,0.0002919903,0.017087724
2011-07-05,3.4741268e-05,0.08865946,0.8133869,0.9020464,0.00026214862,0.016191004
2011-07-06,1.8230723e-05,0.08071934,0.8324192,0.91313857,0.00028386846,0.016848397
2011-07-07,1.8582845e-05,0.07830716,0.8343618,0.91266894,0.00025511193,0.015972223
2011-07-08,1.6043923e-06,0.047179814,0.895106,0.94228584,0.00026426965,0.016256373
2011-07-11,3.740712e-05,0.08137312,0.81759804,0.89897114,0.00026897804,0.01640055
2011-07-12,2.3899689e-05,0.085354395,0.82116526,0.90651965,0.00026750052,0.016355444
2011-07-13,3.3987828e-05,0.0960829,0.80356485,0.8996478,0.00029058143,0.01704645
2011-07-14,1.761399e-05,0.0874104,0.8216628,0.9090732,0.00027110474,0.016465258
2011-07-15,6.699006e-05,0.09660725,0.791242,0.8878493,0.00029315014,0.017121628
2011-07-18,3.130248e-05,0.09761145,0.8021408,0.8997522,0.00032324166,0.017978923
2011-07-19,3.537254e-05,0.09052676,0.81085163,0.9013784,0.00030910212,0.0175813
2011-07-20,2.3278357e-05,0.085868925,0.8206626,0.9065316,0.0003092552,0.017585654
2011-07-21,2.4271149e-05,0.09105673,0.812807,0.9038637,0.00028051736,0.016748652
2011-07-22,6.541612e-05,0.1021505,0.7914834,0.8936339,0.00026107318,0.01615776
2011-07-25,1.8961246e-05,0.082984656,0.82816166,0.9111463,0.0002773886,0.016654987
2011-07-26,1.9951025e-05,0.08144813,0.8300936,0.91154176,0.00025268097,0.015895942
2011-07-27,2.2700324e-05,0.09112675,0.8151801,0.90630686,0.0002308239,0.01519289
2011-07-28,2.7862285e-05,0.08198407,0.82357717,0.9055612,0.0002567683,0.016023992
2011-07-29,2.2975431e-05,0.084948726,0.82429117,0.9092399,0.00023933414,0.015470428
2011-08-01,2.7304286e-05,0.07968002,0.826983,0.906663,0.00024847966,0.015763238
2011-08-02,0.00016224661,0.1169495,0.7541323,0.87108177,0.00023883588,0.015454316
2011-08-03,4.014949e-05,0.09092547,0.80721885,0.8981443,0.0003588352,0.018942947
2011-08-04,7.084625e-05,0.09493239,0.7957496,0.890682,0.00036705512,0.019158682
2011-08-05,3.6904457e-05,0.077257924,0.8282147,0.90547264,0.0007000334,0.026458144
2011-08-08,2.2195414e-05,0.08326738,0.82446593,0.9077333,0.0006172343,0.024844201
2011-08-09,1.1751993e-05,0.06153901,0.8591805,0.9207195,0.00089895545,0.029982585
2011-08-10,4.7191286e-05,0.086392835,0.8090768,0.8954696,0.00082331983,0.028693551
2011-08-11,9.18246e-06,0.05805176,0.8623413,0.92039305,0.0008810897,0.029683156
2011-08-12,9.815941e-05,0.08941421,0.79428566,0.8836999,0.000833599,0.028872116
2011-08-15,0.00014698153,0.095733054,0.7837092,0.8794423,0.0007618398,0.027601445
2011-08-16,3.5276862e-05,0.0723639,0.834285,0.90664893,0.00082263065,0.028681539
2011-08-17,3.7546644e-05,0.06707675,0.8446732,0.91174996,0.0007363913,0.02713653
2011-08-18,3.105411e-05,0.07393922,0.8359743,0.9099135,0.00066690514,0.025824506
2011-08-19,2.95136e-05,0.05817883,0.85672575,0.9149046,0.0008674888,0.029453162
2011-08-22,2.9600302e-05,0.07197052,0.8353283,0.9072988,0.0007728752,0.027800633
2011-08-23,0.0001259643,0.099733,0.77839714,0.87813014,0.00071051694,0.026655523
2011-08-24,4.2044023e-05,0.08339759,0.8158308,0.8992284,0.0007025623,0.026505891
2011-08-25,5.1531795e-05,0.07918532,0.82123905,0.90042436,0.0006162326,0.024824033
2011-08-26,4.388431e-05,0.08409607,0.8157984,0.8998945,0.00055776886,0.02361713
2011-08-29,6.846379e-05,0.08537269,0.8106308,0.8960035,0.0004989427,0.022337025
2011-08-30,5.803353e-05,0.08395352,0.81410676,0.89806026,0.0005135062,0.022660675
2011-08-31,1.39648155e-05,0.069954276,0.8454569,0.9154112,0.00050418713,0.02245411
2011-09-01,2.1324708e-05,0.074544825,0.8368546,0.9113994,0.00044033772,0.020984225
2011-09-02,9.037897e-05,0.09208639,0.79975134,0.8918377,0.0003899205,0.019746404
2011-09-06,4.6711357e-05,0.0684455,0.8385535,0.906999,0.00047697464,0.021839749
2011-09-07,7.335322e-05,0.09303276,0.79575574,0.8887885,0.00044852748,0.021178467
2011-09-08,1.2332541e-05,0.06903554,0.84474623,0.91378176,0.0005622222,0.023711225
2011-09-09,3.1255695e-05,0.075529955,0.83206457,0.9075945,0.00048809414,0.022092853
2011-09-12,7.407365e-05,0.07841929,0.8196741,0.89809334,0.00046988297,0.021676784
2011-09-13,4.8842892e-05,0.08451058,0.81641054,0.9009211,0.0004680721,0.021634974
2011-09-14,2.0936783e-05,0.07633068,0.8325057,0.90883636,0.00047352928,0.021760728
2011-09-15,3.136441e-05,0.0735811,0.83266914,0.90625024,0.00043170183,0.020777436
2011-09-16,9.594514e-06,0.059320435,0.86362684,0.9229473,0.0003928861,0.019821355
2011-09-19,3.7693488e-05,0.06484392,0.8450716,0.90991557,0.00036494865,0.01910363
2011-09-20,2.9415258e-05,0.06258201,0.8497143,0.9122963,0.00039074259,0.01976721
2011-09-21,1.6805063e-05,0.06973613,0.8451586,0.9148947,0.00037297822,0.019312644
2011-09-22,4.382385e-05,0.073105924,0.8318109,0.9049168,0.00034114972,0.018470239
2011-09-23,1.3125857e-05,0.053935718,0.86778045,0.92171615,0.0006387919,0.025274333
2011-09-26,4.4077708e-05,0.08232624,0.81690663,0.89923286,0.0005712994,0.02390187
2011-09-27,8.5749925e-05,0.09439686,0.79023826,0.8846351,0.00051256636,0.022639928
2011-09-28,4.688304e-06,0.053306278,0.8731951,0.9265014,0.00073563925,0.02712267
2011-09-29,3.0166362e-05,0.06214658,0.85158485,0.91373146,0.0007295019,0.027009293
2011-09-30,9.909231e-05,0.09137492,0.79574865,0.8871236,0.000659164,0.025674189
2011-10-03,4.250451e-05,0.06547774,0.84086245,0.9063402,0.0007464094,0.027320495
2011-10-04,3.104843e-05,0.06741181,0.8476327,0.91504455,0.00069761917,0.026412481
2011-10-05,3.243913e-05,0.07204092,0.8362105,0.9082514,0.0006662882,0.025812559
2011-10-06,1.0993644e-05,0.05891273,0.8585462,0.91745895,0.0007801331,0.027930863
2011-10-07,1.0369978e-05,0.056905065,0.8615896,0.9184947,0.0007556942,0.027489891
2011-10-10,1.5373644e-05,0.053146143,0.8736341,0.9267802,0.00066262175,0.025741441
2011-10-11,3.935573e-06,0.046267252,0.8889156,0.93518287,0.0006379006,0.025256695
2011-10-12,4.8953457e-06,0.049316395,0.8857242,0.9350406,0.00057189714,0.02391437
2011-10-13,9.053881e-06,0.04834606,0.88401103,0.9323571,0.0005118852,0.02262488
2011-10-14,1.7038565e-05,0.057001095,0.8631013,0.9201024,0.00047393088,0.021769954
2011-10-17,3.0238325e-06,0.047747284,0.88794446,0.9356917,0.0004768667,0.021837277
2011-10-18,1.43777615e-05,0.052886456,0.8756089,0.9284954,0.00042767715,0.020680357
2011-10-19,6.510456e-06,0.04864485,0.8837972,0.93244207,0.00041498605,0.020371206
2011-10-20,1.7786677e-05,0.049066268,0.87483054,0.9238968,0.00040559436,0.020139374
2011-10-21,1.1025228e-05,0.059236452,0.8599881,0.91922456,0.00037719158,0.019421421
2011-10-24,1.5144112e-05,0.059314158,0.8605204,0.91983455,0.0003698448,0.01923135
2011-10-25,1.7320122e-05,0.065218106,0.84662575,0.91184384,0.0004436776,0.021063656
2011-10-26,7.988712e-06,0.054368094,0.87298733,0.9273554,0.00042007637,0.020495765
2011-10-27,1.3642088e-05,0.044560056,0.88550735,0.9300674,0.00043250874,0.020796845
2011-10-28,1.0232305e-06,0.035513725,0.9118729,0.9473866,0.0004701947,0.021683974
2011-10-31,3.338029e-06,0.043194287,0.8970318,0.9402261,0.00043154293,0.020773612
2011-11-01,5.2685077e-06,0.049464222,0.88633966,0.9358039,0.00039055673,0.019762509
2011-11-02,1.9490713e-05,0.059669755,0.86036646,0.9200362,0.00035741695,0.018905474
2011-11-03,8.897467e-06,0.05467516,0.87518805,0.9298632,0.00032763297,0.018100634
2011-11-04,1.178832e-05,0.061598964,0.85994697,0.9215459,0.00031054774,0.017622365
2011-11-07,1.0314041e-05,0.057768885,0.8685967,0.92636555,0.00027904447,0.016704625
2011-11-08,6.80545e-06,0.055247106,0.8741689,0.929416,0.00026255925,0.01620368
2011-11-09,1.3543202e-05,0.06254398,0.8603259,0.92286986,0.00024581124,0.015678369
2011-11-10,1.3644051e-05,0.058494363,0.86695737,0.92545176,0.00023289412,0.015260869
2011-11-11,8.618132e-06,0.05989877,0.864948,0.92484677,0.00024104328,0.015525568
2011-11-14,6.943087e-06,0.050622705,0.8808151,0.9314378,0.00022586323,0.015028747
2011-11-15,9.603623e-06,0.0502676,0.8800179,0.93028545,0.00020983617,0.014485723
2011-11-16,2.644924e-06,0.045457147,0.8936804,0.9391375,0.00020180209,0.014205706
2011-11-17,2.8933466e-06,0.046618838,0.89172715,0.93834597,0.00022861708,0.015120088
2011-11-18,6.208191e-06,0.03911543,0.89705044,0.93616587,0.00027283802,0.016517809
2011-11-21,3.8683315e-06,0.04403014,0.8952057,0.9392358,0.0002592726,0.016101943
2011-11-22,8.651453e-06,0.05522102,0.87116903,0.92639005,0.00023718509,0.015400815
2011-11-23,5.4200386e-06,0.053544752,0.8754411,0.92898583,0.00022193095,0.014897347
2011-11-25,1.1561125e-05,0.05473319,0.87107766,0.9258109,0.00021936599,0.014811009
2011-11-28,2.1425423e-05,0.06904328,0.8470351,0.9160784,0.00020462337,0.014304662
2011-11-29,3.7173802e-06,0.050152253,0.8852036,0.93535584,0.00020938976,0.014470306
2011-11-30,1.3698692e-05,0.06749342,0.84948397,0.9169774,0.00020151262,0.014195514
2011-12-01,6.897326e-06,0.054548826,0.8771076,0.9316564,0.0001869124,0.013671591
2011-12-02,1.7241788e-05,0.06879152,0.85060316,0.9193947,0.00017101722,0.013077355
2011-12-05,5.7624234e-06,0.058832996,0.87268347,0.93151647,0.00016642323,0.012900513
2011-12-06,1.451213e-05,0.06245954,0.8604278,0.9228873,0.00015099767,0.012288111
2011-12-07,9.532915e-06,0.062451735,0.8630564,0.92550814,0.00014487622,0.012036454
2011-12-08,1.809488e-05,0.06655547,0.85305756,0.919613,0.00013860583,0.011773097
2011-12-09,2.222283e-05,0.0661093,0.8491873,0.9152966,0.00016806861,0.012964128
2011-12-12,1.0270943e-05,0.063524984,0.8612727,0.92479765,0.00017239097,0.0131297745
2011-12-13,2.117282e-05,0.062381364,0.8559436,0.918325,0.00017676956,0.013295472
2011-12-14,8.897687e-06,0.06559651,0.85698044,0.92257696,0.0002076427,0.014409813
2011-12-15,2.6312769e-06,0.039159548,0.90732086,0.9464804,0.00037408946,0.019341392
2011-12-16,1.0924748e-05,0.058910064,0.86585873,0.9247688,0.0003473638,0.018637698
2011-12-19,1.5504173e-05,0.063604735,0.8563932,0.91999793,0.00031256024,0.017679373
2011-12-20,1.4957756e-05,0.0612493,0.86044705,0.92169636,0.00028396957,0.016851397
2011-12-21,3.3667036e-06,0.052426197,0.87976557,0.9321918,0.0003332621,0.018255468
2011-12-22,6.2871345e-06,0.054308515,0.8762378,0.93054634,0.00030772772,0.01754217
2011-12-23,5.5054647e-06,0.05279864,0.8826766,0.93547523,0.0002798253,0.01672798
2011-12-27,2.856115e-06,0.048062433,0.8945251,0.94258755,0.00025258955,0.015893066
2011-12-28,5.4227944e-06,0.05516684,0.87823904,0.9334059,0.00024158492,0.015543002
2011-12-29,9.9910785e-06,0.055448562,0.8739288,0.9293773,0.00023952746,0.015476675
2011-12-30,5.015559e-06,0.055677034,0.878068,0.933745,0.00021972692,0.014823189
2012-01-03,8.461835e-06,0.05832721,0.8695233,0.9278505,0.00020194663,0.014210793
2012-01-04,2.1470262e-06,0.052736342,0.884495,0.93723136,0.00028082245,0.016757758
2012-01-05,4.019692e-06,0.05554731,0.87982893,0.9353762,0.0002508153,0.01583715
2012-01-06,5.1180878e-06,0.052140288,0.8858945,0.9380348,0.00023552432,0.015346802
2012-01-09,4.6870236e-06,0.06089902,0.8714691,0.9323681,0.00021413877,0.014633481
2012-01-10,4.735814e-06,0.05686944,0.87764513,0.9345146,0.0001917376,0.013846935
2012-01-11,6.1552714e-06,0.062982604,0.86731774,0.93030035,0.00017754745,0.013324694
2012-01-12,8.404056e-06,0.05997484,0.8697803,0.92975515,0.00017196518,0.013113549
2012-01-13,1.9625028e-05,0.069858484,0.8474673,0.9173258,0.00017721829,0.013312336
2012-01-17,1.2547928e-05,0.072274595,0.8495433,0.9218179,0.00017107555,0.0130795855
2012-01-18,3.5228134e-06,0.057083882,0.8803818,0.9374657,0.00018665334,0.013662114
2012-01-19,9.115021e-06,0.07220275,0.8517949,0.92399764,0.00016796109,0.01295998
2012-01-20,5.9455956e-06,0.05814918,0.8735766,0.93172574,0.00015253258,0.012350408
2012-01-23,5.0106737e-06,0.06163242,0.8700143,0.9316467,0.00016158112,0.012711456
2012-01-24,9.074345e-06,0.07651209,0.8435036,0.9200157,0.00015318525,0.012376803
2012-01-25,6.6716257e-06,0.064240634,0.8621748,0.92641544,0.00014157478,0.01189852
2012-01-26,1.25121915e-05,0.082387514,0.83374554,0.91613305,0.00012993753,0.011399014
2012-01-27,5.176704e-06,0.061379,0.8697554,0.9311344,0.000121495104,0.011022482
2012-01-30,6.6316775e-06,0.0721821,0.853934,0.9261161,0.00011100763,0.010536016
2012-01-31,1.9692825e-05,0.081097744,0.83286625,0.913964,0.000106130545,0.010301968
2012-02-01,6.0899883e-06,0.06608453,0.8639679,0.9300524,0.00010894221,0.010437539
2012-02-02,1.6972452e-05,0.077605285,0.839911,0.9175163,0.000105663865,0.010279293
2012-02-03,2.704907e-05,0.089472815,0.8157465,0.9052193,0.00011903366,0.010910255
2012-02-06,3.329132e-06,0.058030814,0.87622094,0.9342518,0.00014437159,0.012015473
2012-02-07,1.4212024e-05,0.07269632,0.8434449,0.9161412,0.0001353579,0.011634341
2012-02-08,7.880619e-06,0.069472924,0.8562876,0.9257605,0.00014506633,0.012044349
2012-02-09,6.6015923e-06,0.071134426,0.8564793,0.92761374,0.00013265747,0.011517703
2012-02-10,5.2156274e-06,0.068115294,0.86171997,0.92983526,0.00012910135,0.011362277
2012-02-13,1.6016325e-05,0.0792179,0.83771724,0.91693515,0.00012626816,0.011236911
2012-02-14,3.7785721e-06,0.06641555,0.86831033,0.9347259,0.00016097345,0.012687531
2012-02-15,9.665073e-06,0.07814397,0.84477645,0.9229204,0.00014379197,0.011991329
2012-02-16,2.9719452e-06,0.059343398,0.87858504,0.93792844,0.00013936058,0.011805108
2012-02-17,5.7889865e-06,0.069123365,0.85874003,0.9278634,0.00012677275,0.011259341
2012-02-21,1.0877157e-05,0.077204905,0.84332204,0.9205269,0.00012005566,0.010956991
2012-02-22,1.2135325e-06,0.05449198,0.8909453,0.9454373,0.0001590848,0.012612882
2012-02-23,4.406114e-06,0.06592954,0.8674491,0.93337864,0.00014379522,0.0119914645
2012-02-24,3.525122e-06,0.06867265,0.86663413,0.9353068,0.00014256654,0.0119401235
2012-02-27,2.6341759e-06,0.06417944,0.87466353,0.93884295,0.00014840455,0.012182141
2012-02-28,5.794252e-06,0.0671211,0.8652833,0.9324044,0.00014062326,0.011858468
2012-02-29,1.1851639e-05,0.0784913,0.84219635,0.9206877,0.00015144305,0.01230622
2012-03-01,6.595667e-06,0.082523435,0.8439064,0.92642987,0.00014110062,0.011878578
2012-03-02,1.00076996e-07,0.032552242,0.93186635,0.9644186,0.00014729468,0.012136502
2012-03-05,1.000185e-05,0.07282484,0.8496472,0.92247206,0.00015046676,0.01226649
2012-03-06,6.0706416e-06,0.07433782,0.85325694,0.9275948,0.00013784555,0.011740765
2012-03-07,1.7107643e-05,0.08647878,0.8262434,0.9127222,0.00015143106,0.012305733
2012-03-08,2.9930243e-06,0.06485957,0.8703908,0.93525034,0.00015831471,0.012582317
2012-03-09,5.3790277e-06,0.06938391,0.8587107,0.9280946,0.00014169574,0.011903602
2012-03-12,6.2292456e-06,0.075538434,0.85030323,0.9258417,0.00013091131,0.011441648
2012-03-13,8.257472e-06,0.075464495,0.84745544,0.9229199,0.00012529135,0.011193362
2012-03-14,3.7378545e-06,0.06961359,0.86252785,0.9321414,0.00011524056,0.010735015
2012-03-15,9.799717e-06,0.077492036,0.84281397,0.920306,0.00011362764,0.010659627
2012-03-16,1.3879638e-05,0.091986634,0.8231034,0.9150901,0.000106384505,0.010314287
2012-03-19,2.2129857e-06,0.062597565,0.8735754,0.93617296,0.00013182487,0.011481501
2012-03-20,5.73341e-06,0.072533004,0.85333383,0.92586684,0.00012286306,0.011084361
2012-03-21,4.895765e-06,0.069714636,0.8573974,0.927112,0.00015036052,0.012262158
2012-03-22,6.2181057e-06,0.07880684,0.84719574,0.92600256,0.00015032027,0.012260516
2012-03-23,7.5468033e-06,0.07549501,0.8482108,0.9237058,0.0001598731,0.0126440935
2012-03-26,3.7754467e-06,0.06866884,0.8635147,0.93218356,0.00015819659,0.012577622
2012-03-27,3.9331035e-06,0.06697806,0.8649866,0.93196464,0.0001404943,0.011853029
2012-03-28,6.407876e-06,0.074613124,0.8515737,0.9261868,0.00012590818,0.011220882
2012-03-29,8.918417e-06,0.07692042,0.8433068,0.92022717,0.0001385047,0.011768802
2012-03-30,8.425063e-06,0.07589006,0.8439421,0.91983217,0.00017564224,0.013253009
2012-04-02,5.5241853e-06,0.07414602,0.852376,0.926522,0.00015699916,0.01252993
2012-04-03,4.9086375e-06,0.068240345,0.85971886,0.9279592,0.00017209633,0.013118549
2012-04-04,8.478754e-06,0.07487417,0.84530634,0.9201805,0.00016247832,0.012746698
2012-04-05,9.550723e-06,0.077922516,0.8390553,0.9169778,0.00019236747,0.01386966
2012-04-09,3.1059644e-06,0.06538225,0.86989105,0.9352733,0.00019554167,0.013983621
2012-04-10,8.603876e-06,0.07570143,0.84394115,0.91964257,0.00017789706,0.013337806
2012-04-11,5.6817694e-06,0.071192436,0.8536586,0.92485106,0.00017435502,0.013204357
2012-04-12,1.7143177e-06,0.056590017,0.8851083,0.9416983,0.00017340122,0.01316819
2012-04-13,1.242494e-06,0.05027069,0.8951218,0.9453925,0.00015967812,0.012636381
2012-04-16,5.7178263e-06,0.06698223,0.85990554,0.92688775,0.0001474356,0.012142306
2012-04-17,7.422099e-06,0.08055824,0.8407569,0.92131513,0.00013253752,0.011512494
2012-04-18,2.9785313e-06,0.062983274,0.87349856,0.93648183,0.00013055919,0.0114262495
2012-04-19,7.0443334e-06,0.06925977,0.8536949,0.9229547,0.0001311949,0.011454035
2012-04-20,5.8768023e-06,0.065386,0.8606751,0.9260611,0.000120216086,0.01096431
2012-04-23,5.563656e-06,0.06875001,0.85767967,0.9264297,0.00011291385,0.010626093
2012-04-24,3.4301415e-06,0.065138385,0.8654951,0.9306335,0.00010241714,0.010120136
2012-04-25,6.5690915e-06,0.07227644,0.85104114,0.92331755,9.3139795e-05,0.009650896
2012-04-26,5.7564957e-06,0.073192514,0.8516865,0.924879,8.7850334e-05,0.009372851
2012-04-27,3.4028367e-06,0.06231086,0.87067175,0.9329826,8.169785e-05,0.009038687
2012-04-30,5.4229595e-06,0.07374948,0.8498888,0.9236383,7.5263306e-05,0.008675443
2012-05-01,6.1866704e-06,0.07443253,0.84747905,0.9219116,6.943336e-05,0.008332668
2012-05-02,1.7158442e-05,0.090804026,0.8181368,0.90894085,7.577879e-05,0.008705102
2012-05-03,6.521792e-06,0.076782905,0.8465419,0.92332476,8.668006e-05,0.009310213
2012-05-04,9.544319e-06,0.0821494,0.83058214,0.9127315,0.00013184235,0.011482262
2012-05-07,8.037047e-06,0.07489716,0.8426083,0.91750544,0.0002538411,0.015932392
2012-05-08,5.9925374e-06,0.08286632,0.8364504,0.9193167,0.00022445283,0.0149817495
2012-05-09,5.3209474e-06,0.07179378,0.8502235,0.9220173,0.00020161338,0.014199062
2012-05-10,5.6568883e-06,0.07426878,0.8474076,0.92167634,0.00017710819,0.0133082
2012-05-11,9.041573e-06,0.0813332,0.83320737,0.9145406,0.00015623265,0.012499306
2012-05-14,6.0474854e-06,0.07393843,0.8472226,0.92116106,0.0001474189,0.012141619
2012-05-15,9.017952e-06,0.07729758,0.83866143,0.915959,0.00014617361,0.012090228
2012-05-16,7.467939e-06,0.07592214,0.84331745,0.9192396,0.0001374389,0.011723434
2012-05-17,5.6918498e-06,0.0711417,0.8498221,0.9209638,0.00013568853,0.011648542
2012-05-18,7.2097528e-06,0.07882123,0.8394629,0.9182841,0.00012160381,0.011027412
2012-05-21,5.6718577e-06,0.07617171,0.8442033,0.920375,0.000120539,0.010979026
2012-05-22,3.3263632e-06,0.06045307,0.8699432,0.93039626,0.00011774443,0.010851011
2012-05-23,9.976393e-06,0.07760083,0.83690476,0.9145056,0.00011190929,0.010578719
2012-05-24,1.4710094e-05,0.0843595,0.8211167,0.9054762,0.00013343581,0.011551442
2012-05-25,8.760722e-06,0.078678116,0.8394291,0.9181072,0.00012996193,0.011400085
2012-05-29,1.29097525e-05,0.081422575,0.8308802,0.9123028,0.000118167605,0.010870492
2012-05-30,8.979198e-06,0.0786151,0.8376209,0.91623604,0.00011123261,0.010546687
2012-05-31,1.6195721e-05,0.08350941,0.82073635,0.90424573,0.00018848067,0.013728826
2012-06-01,1.00984225e-05,0.07925304,0.8341396,0.9133926,0.00018969567,0.013773005
2012-06-04,1.3868861e-05,0.07828709,0.8366135,0.91490054,0.00028944496,0.017013082
2012-06-05,8.892399e-06,0.08047234,0.838484,0.91895634,0.0002620327,0.016187424
2012-06-06,9.88465e-06,0.07420159,0.84153783,0.9157394,0.00022957477,0.015151725
2012-06-07,1.4142565e-05,0.0751864,0.83904076,0.9142271,0.00020833414,0.014433784
2012-06-08,3.929165e-05,0.092172496,0.80469745,0.89686996,0.00018943766,0.013763635
2012-06-11,2.5125033e-05,0.08459676,0.82011217,0.9047089,0.00019876225,0.014098307
2012-06-12,9.690135e-05,0.101310976,0.77784604,0.879157,0.00021256882,0.01457974
2012-06-13,4.0463645e-05,0.096114464,0.80100185,0.8971163,0.00026758734,0.016358096
2012-06-14,2.8670778e-05,0.086783186,0.81473404,0.9015172,0.00026198587,0.016185978
2012-06-15,1.2817302e-05,0.078575015,0.8374905,0.9160655,0.00026239268,0.01619854
2012-06-18,9.0067315e-06,0.07063975,0.84779716,0.9184369,0.00023268568,0.015254038
2012-06-19,7.360756e-05,0.10361019,0.7778802,0.88149035,0.00021237927,0.014573238
2012-06-20,1.8226901e-05,0.08054407,0.82873595,0.90928,0.0002469773,0.015715512
2012-06-21,5.42879e-05,0.09937025,0.78844404,0.8878143,0.0002820819,0.016795294
2012-06-22,3.6578753e-05,0.08663578,0.80686593,0.8935017,0.00047985942,0.021905694
2012-06-25,2.2778144e-05,0.08547629,0.8216518,0.9071281,0.00045685208,0.021374099
2012-06-26,8.102102e-06,0.06834855,0.8540424,0.92239094,0.00040249494,0.020062277
2012-06-27,2.3696246e-05,0.08249845,0.823316,0.9058144,0.00035204348,0.018762821
2012-06-28,5.493078e-05,0.095469154,0.79722023,0.8926894,0.0003225395,0.017959384
2012-06-29,5.032345e-05,0.08872193,0.80305535,0.8917773,0.00041062484,0.02026388
2012-07-02,1.9332624e-06,0.045755792,0.894088,0.9398438,0.001086721,0.03296545
2012-07-03,4.7895388e-05,0.077198975,0.82711434,0.9043133,0.0009832483,0.031356793
2012-07-05,1.672077e-06,0.044158686,0.8997054,0.9438641,0.001020419,0.031943996
2012-07-06,1.0523503e-05,0.06186215,0.8619973,0.9238595,0.00092096144,0.030347347
2012-07-09,1.4387616e-05,0.0586827,0.8671829,0.9258656,0.00086966297,0.029490048
2012-07-10,1.1724267e-05,0.0704039,0.85117394,0.9215778,0.0007872684,0.028058304
2012-07-11,1.5204271e-05,0.06438563,0.85712594,0.9215116,0.00072476186,0.0269214
2012-07-12,1.5899052e-05,0.07468956,0.8428619,0.91755146,0.0006680964,0.025847562
2012-07-13,7.087581e-06,0.0638136,0.86511606,0.9289297,0.0005796545,0.024076015
2012-07-16,1.0078257e-05,0.06644726,0.8592221,0.9256694,0.0005170997,0.022739826
2012-07-17,9.023693e-06,0.066111274,0.85763365,0.9237449,0.00046922412,0.021661581
2012-07-18,1.9307472e-05,0.07453238,0.8407999,0.9153323,0.00041643294,0.02040669
2012-07-19,5.7760717e-06,0.06317286,0.8648734,0.9280463,0.00037314883,0.01931706
2012-07-20,2.0008736e-06,0.047313854,0.89298683,0.9403007,0.00038674573,0.019665852
2012-07-23,7.804103e-06,0.0680163,0.8545329,0.9225492,0.00035593507,0.018866241
2012-07-24,1.4464633e-05,0.07278585,0.8421211,0.914907,0.00040490273,0.020122195
2012-07-25,2.8969318e-05,0.091024116,0.81428075,0.90530485,0.00035653036,0.018882012
2012-07-26,2.7956712e-05,0.08613835,0.8213224,0.90746075,0.0003216414,0.017934363
2012-07-27,1.4611062e-05,0.07737682,0.8382704,0.91564727,0.00029387284,0.01714272
2012-07-30,4.5848415e-06,0.06331595,0.8672677,0.93058366,0.00026595203,0.016308036
2012-07-31,4.7826866e-06,0.0633941,0.8660831,0.9294772,0.00023630062,0.015372072
2012-08-01,1.8140485e-05,0.080463536,0.83038485,0.9108484,0.00023367468,0.015286421
2012-08-02,6.0437964e-05,0.10105049,0.7938317,0.8948822,0.00021928632,0.0148083195
2012-08-03,1.537155e-05,0.07320512,0.8445219,0.917727,0.00027670074,0.016634325
2012-08-06,1.3804672e-05,0.074210875,0.8396971,0.913908,0.0004151637,0.020375567
2012-08-07,1.4202073e-05,0.0744003,0.8425519,0.9169522,0.00036778545,0.019177733
2012-08-08,4.911469e-06,0.0627708,0.8662425,0.9290133,0.00034220738,0.018498847
2012-08-09,9.934859e-06,0.0693525,0.8541378,0.9234903,0.0003021736,0.017383141
2012-08-10,7.0635724e-06,0.06731181,0.8602979,0.92760974,0.00026803347,0.016371727
2012-08-13,6.2873382e-06,0.06505785,0.8668889,0.93194675,0.00023966708,0.015481184
2012-08-14,1.683169e-05,0.07893391,0.83844507,0.91737896,0.00021424396,0.014637075
2012-08-15,1.016585e-05,0.07624098,0.8443572,0.92059815,0.00020068322,0.01416627
2012-08-16,3.0055648e-06,0.06122395,0.8733797,0.93460363,0.00018631927,0.013649882
2012-08-17,8.680444e-06,0.07031993,0.8542625,0.9245824,0.00017634369,0.013279446
2012-08-20,1.5997271e-05,0.07745515,0.83989215,0.9173473,0.00016048951,0.012668446
2012-08-21,8.522056e-06,0.06950068,0.8536803,0.923181,0.00015082146,0.012280939
2012-08-22,6.7592005e-06,0.070887275,0.85200644,0.9228937,0.00014084042,0.011867621
2012-08-23,7.409358e-06,0.07386829,0.84900993,0.9228782,0.00012911817,0.011363017
2012-08-24,9.987024e-06,0.07184337,0.8494438,0.9212872,0.00012508307,0.011184054
2012-08-27,1.2098351e-05,0.07407269,0.8478213,0.92189395,0.00011639037,0.010788437
2012-08-28,7.850136e-06,0.070332445,0.8541752,0.9245077,0.00011473068,0.010711241
2012-08-29,1.5104113e-05,0.076866716,0.8398161,0.91668284,0.00011124604,0.010547324
2012-08-30,1.8053552e-05,0.0766389,0.83729273,0.9139316,0.000114711154,0.01071033
2012-08-31,1.984088e-05,0.08066198,0.8279179,0.9085798,0.000120816745,0.010991667
2012-09-04,8.109769e-06,0.07024987,0.8497164,0.9199663,0.00014946125,0.012225434
2012-09-05,4.5562294e-05,0.082792096,0.82140017,0.90419227,0.00014593039,0.012080166
2012-09-06,9.8266055e-06,0.07213129,0.8514009,0.9235322,0.00016544419,0.012862511
2012-09-07,1.2598392e-05,0.07673407,0.8405566,0.9172907,0.00015086426,0.012282682
2012-09-10,9.595611e-06,0.069498956,0.8542136,0.92371255,0.00014571319,0.012071172
2012-09-11,1.5639893e-05,0.07966188,0.83405364,0.91371554,0.00013414024,0.011581893
2012-09-12,7.1330774e-06,0.0690963,0.8545914,0.9236877,0.00013067754,0.011431428
2012-09-13,1.35754035e-05,0.07354472,0.84416455,0.9177093,0.00011904719,0.010910875
2012-09-14,1.5867807e-05,0.0791999,0.83682644,0.91602635,0.00012669724,0.011255987
2012-09-17,5.2821e-06,0.06433829,0.8666271,0.93096536,0.00012553779,0.011204365
2012-09-18,3.2604887e-05,0.07338617,0.83697337,0.91035956,0.00015283097,0.012362482
2012-09-19,1.9690422e-05,0.06863986,0.8495895,0.9182294,0.0001750477,0.013230559
2012-09-20,2.5281488e-05,0.06458555,0.8475274,0.91211295,0.00025521743,0.015975526
2012-09-21,8.081184e-06,0.06876903,0.85148484,0.9202539,0.00024171283,0.015547116
2012-09-24,1.3518472e-05,0.07274975,0.8409276,0.91367733,0.00022196569,0.014898513
2012-09-25,1.9459285e-05,0.0678338,0.8477793,0.91561306,0.00020834571,0.014434186
2012-09-26,1.9905568e-05,0.07803235,0.8307679,0.9088003,0.00019879907,0.014099613
2012-09-27,5.959242e-06,0.061514102,0.8647809,0.926295,0.00020390222,0.0142794335
2012-09-28,8.8078405e-06,0.07278578,0.8447033,0.9174891,0.00020779067,0.014414946
2012-10-01,4.6035444e-07,0.043339748,0.9093036,0.95264333,0.00018521384,0.013609329
2012-10-02,0.00010814497,0.10084914,0.79166025,0.8925094,0.00016924852,0.013009555
2012-10-03,6.146762e-06,0.06352101,0.86734855,0.9308696,0.00024653738,0.015701508
2012-10-04,2.2692602e-05,0.06560299,0.85145664,0.91705966,0.00033136352,0.018203393
2012-10-05,1.2123382e-06,0.04661413,0.8974011,0.9440152,0.00040717126,0.020178486
2012-10-08,1.6675016e-05,0.06346485,0.8555214,0.9189862,0.0003859404,0.019645365
2012-10-09,2.377136e-05,0.07113471,0.84300745,0.91414213,0.0003494118,0.01869256
2012-10-10,5.3037697e-06,0.06041431,0.86798424,0.92839855,0.00039802806,0.019950641
2012-10-11,9.628193e-06,0.05588109,0.8736448,0.9295259,0.0003604147,0.018984592
2012-10-12,8.721313e-06,0.062910736,0.86363983,0.92655057,0.00032876866,0.018131979
2012-10-15,7.820003e-06,0.05671116,0.87573165,0.9324428,0.0002930498,0.017118696
2012-10-16,1.090821e-05,0.062437713,0.86418104,0.92661875,0.0002644587,0.016262187
2012-10-17,8.678253e-06,0.06016642,0.8694967,0.9296631,0.00023980826,0.015485744
2012-10-18,1.0523042e-05,0.060891483,0.86561173,0.92650324,0.00021719157,0.014737421
2012-10-19,8.819385e-06,0.06069203,0.8656778,0.9263698,0.00019853766,0.01409034
2012-10-22,1.4258516e-05,0.058051955,0.8636608,0.92171276,0.00021201445,0.014560716
2012-10-23,8.8998995e-06,0.058650054,0.8692836,0.9279337,0.00021038676,0.014504715
2012-10-24,5.1199306e-05,0.0774237,0.8197914,0.89721507,0.00022472642,0.014990878
2012-10-25,2.266936e-05,0.067676015,0.84440696,0.91208297,0.0002449911,0.01565219
2012-10-26,1.3681223e-05,0.063284025,0.8557404,0.91902447,0.00023037859,0.015178228
2012-10-31,1.898841e-05,0.06647574,0.8475516,0.91402733,0.0002112086,0.014533018
2012-11-01,9.134579e-06,0.06647233,0.8541513,0.92062366,0.00019802866,0.0140722655
2012-11-02,2.174514e-05,0.072711684,0.8412415,0.9139532,0.00018440597,0.013579616
2012-11-05,8.901816e-06,0.061257895,0.86666584,0.92792374,0.00022658941,0.015052888
2012-11-06,8.002962e-06,0.062276438,0.86455476,0.9268312,0.00021030469,0.0145018855
2012-11-07,5.247218e-06,0.05775759,0.8714508,0.9292084,0.00026565246,0.01629885
2012-11-08,7.259726e-06,0.04998718,0.88416344,0.93415064,0.00037850073,0.019455096
2012-11-09,6.490426e-06,0.058744457,0.87169665,0.9304411,0.00034469765,0.018566035
2012-11-12,3.2380428e-06,0.049223322,0.8885476,0.9377709,0.0003143873,0.01773097
2012-11-13,1.9633877e-05,0.064311914,0.8550834,0.9193953,0.0002843789,0.016863538
2012-11-14,1.10527535e-05,0.065845884,0.8577323,0.9235782,0.00026318186,0.016222881
2012-11-15,3.1019692e-06,0.05129191,0.8888166,0.9401085,0.0002443884,0.015632926
2012-11-16,1.1420531e-05,0.05736088,0.8705169,0.9278778,0.00022580104,0.015026677
2012-11-19,7.985107e-06,0.06379186,0.8641939,0.9279858,0.00021917486,0.014804555
2012-11-20,1.9672473e-06,0.045930352,0.8978964,0.94382674,0.0002527624,0.015898503
2012-11-21,1.7137212e-05,0.05929031,0.86241204,0.9217023,0.00026743172,0.016353339
2012-11-23,3.2582052e-06,0.050608996,0.8882442,0.9388532,0.00025070133,0.015833551
2012-11-26,5.9168137e-06,0.050841812,0.8851186,0.9359604,0.00023104198,0.015200065
2012-11-27,8.820738e-06,0.05656578,0.8737325,0.93029827,0.00021246291,0.014576107
2012-11-28,1.3124355e-05,0.066914186,0.8552407,0.9221549,0.00019692928,0.014033149
2012-11-29,9.672267e-06,0.060819495,0.8666886,0.9275081,0.00018599635,0.0136380475
2012-11-30,4.9156547e-06,0.056984138,0.8776552,0.93463933,0.00019034804,0.013796668
2012-12-03,8.152474e-06,0.0572977,0.8749673,0.932265,0.0001768871,0.013299891
2012-12-04,1.0107249e-05,0.062460814,0.86509913,0.92756,0.00016311136,0.012771506
2012-12-05,1.12017115e-05,0.06072824,0.86667347,0.9274017,0.00015414841,0.012415652
2012-12-06,1.5858584e-05,0.0698708,0.84879285,0.9186636,0.00014798055,0.012164726
2012-12-07,1.6038795e-05,0.0652579,0.85535055,0.92060846,0.00016619806,0.012891782
2012-12-10,1.2738012e-05,0.06576301,0.8578908,0.9236538,0.00015926248,0.012619924
2012-12-11,1.7994282e-05,0.06800861,0.8513814,0.91939,0.00015071376,0.012276554
2012-12-12,1.1716628e-05,0.06463858,0.8587204,0.923359,0.00014672604,0.012113052
2012-12-13,6.847014e-06,0.06018709,0.8689434,0.9291305,0.00014574874,0.012072644
2012-12-14,1.5706333e-05,0.062516145,0.8596865,0.92220265,0.00014000718,0.011832463
2012-12-17,3.566479e-06,0.053653177,0.8827503,0.93640345,0.00014173883,0.011905411
2012-12-18,8.844641e-06,0.05928669,0.8690453,0.92833203,0.00013013478,0.011407663
2012-12-19,3.2609632e-06,0.050598826,0.88732386,0.93792266,0.00012585432,0.011218481
2012-12-20,2.7054318e-06,0.050436974,0.8891035,0.93954045,0.00013060888,0.011428424
2012-12-21,4.5988113e-06,0.055324525,0.88023996,0.9355645,0.00012109019,0.011004099
2012-12-24,9.607137e-06,0.05797482,0.86993295,0.92790776,0.00012652998,0.011248554
2012-12-26,1.7663989e-06,0.04235058,0.90523285,0.94758344,0.00011971438,0.010941407
2012-12-27,2.454131e-06,0.052988812,0.88462967,0.9376185,0.00013917626,0.011797299
2012-12-28,4.685075e-06,0.052671656,0.8830183,0.93569,0.00012568022,0.011210719
2012-12-31,7.187691e-06,0.06328738,0.86607313,0.9293605,0.00011571354,0.010757023
2013-01-02,2.7332464e-06,0.050409574,0.8904326,0.94084215,0.00011500901,0.010724225
2013-01-03,3.7524592e-06,0.054250725,0.88433236,0.9385831,0.00011481077,0.010714979
2013-01-04,3.868898e-06,0.05454904,0.8837252,0.93827426,0.000105585226,0.010275467
2013-01-07,6.8720583e-06,0.06533151,0.8640507,0.9293822,9.732021e-05,0.0098651005
2013-01-08,3.2386308e-06,0.054114394,0.88432556,0.93843997,9.101052e-05,0.009539943
2013-01-09,3.7067778e-06,0.055845734,0.88092583,0.9367716,8.37436e-05,0.009151153
2013-01-10,4.8922484e-06,0.056801457,0.87830085,0.9351023,7.750974e-05,0.008803962
2013-01-11,4.3311084e-06,0.0657269,0.8668895,0.93261635,7.615998e-05,0.008726968
2013-01-14,9.453817e-06,0.07368128,0.85018456,0.92386585,7.093863e-05,0.008422507
2013-01-15,3.3084539e-06,0.061243422,0.87340045,0.93464386,7.239194e-05,0.008508345
2013-01-16,1.3566492e-05,0.073490486,0.847002,0.92049253,7.193114e-05,0.008481223
2013-01-17,5.126566e-06,0.06777037,0.8629781,0.93074846,8.188575e-05,0.009049075
2013-01-18,5.449776e-06,0.06854649,0.85983086,0.92837733,8.7189015e-05,0.009337506
2013-01-22,5.803113e-06,0.06626606,0.8621818,0.92844784,8.04364e-05,0.0089686345
2013-01-23,4.3296413e-06,0.068189256,0.86307967,0.93126893,7.829233e-05,0.008848296
2013-01-24,7.1143195e-06,0.069919035,0.8572867,0.92720574,7.979523e-05,0.008932818
2013-01-25,4.1266576e-06,0.06398866,0.8700819,0.9340706,7.927152e-05,0.008903456
2013-01-28,7.767595e-06,0.07462731,0.8512246,0.92585194,7.315575e-05,0.008553114
2013-01-29,2.688384e-06,0.061580148,0.8761046,0.9376847,7.239232e-05,0.008508367
2013-01-30,2.7480276e-06,0.062316965,0.87455803,0.936875,7.417106e-05,0.008612262
2013-01-31,2.6492798e-06,0.06600559,0.87054765,0.93655324,6.841189e-05,0.008271148
2013-02-01,4.0888644e-06,0.06682775,0.8659215,0.9327493,6.373482e-05,0.007983409
2013-02-04,2.3254497e-06,0.061741155,0.87672013,0.9384613,5.975075e-05,0.007729861
2013-02-05,8.83208e-06,0.068290666,0.8563304,0.92462105,7.194799e-05,0.008482216
2013-02-06,3.5356036e-06,0.06747367,0.8636422,0.93111587,7.193041e-05,0.008481179
2013-02-07,5.278451e-06,0.07379254,0.85416347,0.927956,6.56694e-05,0.008103666
2013-02-08,6.791227e-06,0.066284135,0.8616968,0.9279809,6.660101e-05,0.008160944
2013-02-11,3.3449742e-06,0.06447527,0.86836874,0.93284404,6.4303225e-05,0.0080189295
2013-02-12,6.6981574e-06,0.07416194,0.8524907,0.92665267,7.073358e-05,0.008410325
2013-02-13,2.9572113e-06,0.063919276,0.87172586,0.9356451,6.865424e-05,0.008285785
2013-02-14,8.383316e-06,0.078511104,0.84376246,0.9222736,6.4634216e-05,0.008039541
2013-02-15,1.3657486e-06,0.054896954,0.8887366,0.94363356,6.35699e-05,0.007973074
2013-02-19,8.079699e-06,0.07292419,0.8498442,0.9227684,7.05824e-05,0.008401333
2013-02-20,8.460368e-06,0.08045333,0.8395385,0.91999185,7.2850744e-05,0.008535265
2013-02-21,6.5199165e-06,0.070540294,0.8552203,0.9257606,0.00011304443,0.010632236
2013-02-22,1.4055941e-05,0.08553546,0.8290176,0.91455305,0.00012481991,0.011172283
2013-02-25,6.034992e-06,0.07732825,0.8468656,0.92419386,0.00011825814,0.010874656
2013-02-26,1.9805299e-05,0.0951263,0.8120329,0.9071592,0.000106197615,0.010305223
2013-02-27,1.9819236e-05,0.096274674,0.8107844,0.9070591,0.000108791966,0.010430339
2013-02-28,2.5352467e-05,0.09793146,0.8076534,0.9055849,0.000108163236,0.010400156
2013-03-01,5.3475947e-06,0.07799757,0.8480916,0.92608917,0.00011881107,0.0109000495
2013-03-04,7.833132e-07,0.053087357,0.89309186,0.9461792,0.00012414018,0.011141821
2013-03-05,1.1597833e-05,0.08682245,0.8264043,0.9132267,0.00011382875,0.010669055
2013-03-06,3.2623836e-06,0.06822988,0.86362433,0.9318542,0.000110587396,0.010516054
2013-03-07,1.2648179e-05,0.08534782,0.8296643,0.9150121,0.00010015756,0.010007875
2013-03-08,1.052223e-05,0.09279613,0.8224544,0.91525054,0.00010846841,0.010414817
2013-03-11,2.4669775e-06,0.072212026,0.8614267,0.93363875,0.00010124834,0.010062223
2013-03-12,1.1183912e-05,0.09108256,0.8243465,0.91542906,8.975531e-05,0.009473928
2013-03-13,6.023947e-06,0.08750979,0.8366769,0.9241867,8.744285e-05,0.009351089
2013-03-14,7.2716484e-06,0.09171012,0.8291483,0.9208584,7.920117e-05,0.008899504
2013-03-15,6.945415e-06,0.09094552,0.8284394,0.91938496,7.5506e-05,0.008689419
2013-03-18,4.8514507e-06,0.083760686,0.8404761,0.9242368,7.117575e-05,0.008436573
2013-03-19,1.3547191e-05,0.098134175,0.81294554,0.9110797,6.537237e-05,0.008085318
2013-03-20,1.5684014e-05,0.09723179,0.8073772,0.904609,9.574894e-05,0.009785139
2013-03-21,2.1423866e-06,0.071459636,0.8634195,0.9348791,9.99062e-05,0.009995309
2013-03-22,1.6225742e-05,0.09397244,0.8154198,0.90939224,9.073338e-05,0.009525407
2013-03-25,1.1058283e-05,0.09423724,0.8208062,0.9150435,0.00010690473,0.010339474
2013-03-26,9.319986e-06,0.08978064,0.8294003,0.9191809,0.000111185116,0.010544435
2013-03-27,4.1620915e-06,0.08123631,0.8475568,0.92879313,0.00012394942,0.011133257
2013-03-28,6.958139e-06,0.085438065,0.8363915,0.9218296,0.000109638306,0.010470831
2013-04-01,5.5241594e-06,0.078144275,0.8494356,0.9275799,0.00010226711,0.010112721
2013-04-02,1.0047111e-05,0.07935757,0.8394492,0.9188068,9.266262e-05,0.009626143
2013-04-03,2.3212611e-05,0.09800065,0.8088861,0.90688676,8.791632e-05,0.00937637
2013-04-04,2.2920372e-05,0.093635015,0.8125792,0.90621424,0.00017564715,0.013253194
2013-04-05,1.884205e-05,0.10279413,0.80415714,0.90695125,0.00018120062,0.0134610785
2013-04-08,2.0840016e-05,0.107211515,0.79475456,0.9019661,0.00016854775,0.012982594
2013-04-09,8.049825e-06,0.08053738,0.83868307,0.91922045,0.00015987734,0.012644261
2013-04-10,1.7004399e-05,0.09157976,0.8175655,0.90914524,0.00014830001,0.012177849
2013-04-11,4.110864e-05,0.11057913,0.78388774,0.8944669,0.00014006387,0.011834858
2013-04-12,1.4868884e-05,0.09212903,0.81781757,0.9099466,0.00016741734,0.012938986
2013-04-15,2.0837731e-05,0.09071107,0.81327367,0.9039847,0.00020590072,0.014349241
2013-04-16,3.3232856e-05,0.093037404,0.8043777,0.8974151,0.00026393615,0.016246112
2013-04-17,1.549299e-05,0.092132084,0.81788313,0.9100152,0.00024553807,0.015669655
2013-04-18,2.8649714e-05,0.09627186,0.7996229,0.89589477,0.00026706894,0.016342245
2013-04-19,1.0414434e-05,0.08277322,0.8339667,0.9167399,0.0002556817,0.01599005
2013-04-22,2.0586507e-05,0.08763255,0.81644785,0.9040804,0.00022437837,0.014979265
2013-04-23,1.7474063e-05,0.08395921,0.82687384,0.91083306,0.00020978307,0.0144838905
2013-04-24,4.9723876e-05,0.105842955,0.7883393,0.89418226,0.00019264733,0.013879745
2013-04-25,1.0793597e-05,0.07772314,0.8439571,0.9216803,0.000266211,0.016315974
2013-04-26,7.99143e-06,0.07072444,0.856044,0.9267684,0.00027902905,0.016704163
2013-04-29,1.6943875e-05,0.082398266,0.83046764,0.9128659,0.0002503847,0.015823549
2013-04-30,1.6482654e-05,0.08958737,0.82300323,0.9125906,0.00024542806,0.015666144
2013-05-01,1.671231e-05,0.08442189,0.82744825,0.9118701,0.00022985988,0.015161131
2013-05-02,3.276249e-05,0.09446813,0.8049859,0.899454,0.00026643326,0.016322784
2013-05-03,5.070469e-06,0.065003596,0.86612356,0.93112713,0.00034270994,0.018512426
2013-05-06,2.1754637e-05,0.08778879,0.82390636,0.9116951,0.00032042185,0.017900331
2013-05-07,2.0118869e-05,0.08731816,0.8227787,0.9100969,0.00028843424,0.016983353
2013-05-08,4.3025262e-05,0.09350773,0.80556697,0.8990747,0.0002604148,0.016137373
2013-05-09,1.1145202e-05,0.081839144,0.8375927,0.91943187,0.00026252566,0.016202644
2013-05-10,1.1281929e-05,0.08089275,0.83579624,0.916689,0.0002315847,0.015217907
2013-05-13,3.527797e-05,0.10064608,0.7984148,0.8990609,0.0002060364,0.014353968
2013-05-14,2.9316267e-05,0.09623713,0.8045391,0.9007762,0.00020850198,0.014439598
2013-05-15,1.3192066e-05,0.08611961,0.8259983,0.9121179,0.00020736796,0.014400276
2013-05-16,1.3480071e-05,0.08956275,0.82203394,0.9115967,0.00018452559,0.01358402
2013-05-17,2.2389551e-05,0.090998545,0.8150956,0.90609413,0.00017221236,0.01312297
2013-05-20,1.9582518e-05,0.09261187,0.81153107,0.9041429,0.00016978665,0.013030221
2013-05-21,2.038229e-05,0.089052044,0.81380796,0.90286,0.00016184498,0.012721831
2013-05-22,2.572831e-05,0.09748727,0.8017119,0.8991992,0.00015520566,0.012458157
2013-05-23,1.7775219e-05,0.09024385,0.8144756,0.9047195,0.00018897146,0.013746689
2013-05-24,1.3321186e-05,0.09241401,0.81795275,0.9103668,0.00017171293,0.013103928
2013-05-28,1.7669849e-05,0.09276484,0.81202257,0.9047874,0.00015392339,0.012406587
2013-05-29,2.4706347e-05,0.09337452,0.8084159,0.9017904,0.00014998073,0.012246662
2013-05-30,5.837745e-05,0.10496367,0.7783277,0.88329136,0.00018403359,0.013565898
2013-05-31,1.6229485e-05,0.09088533,0.8188789,0.90976423,0.00020416915,0.014288777
2013-06-03,2.0665779e-05,0.08846521,0.814112,0.9025772,0.00021248656,0.014576918
2013-06-04,1.5890098e-05,0.08549499,0.8251075,0.9106025,0.00021561308,0.014683769
2013-06-05,1.5334164e-05,0.08369246,0.8263323,0.91002476,0.0001940435,0.01392995
2013-06-06,1.7691824e-05,0.087722704,0.82000273,0.90772545,0.00017729068,0.013315055
2013-06-07,9.2038035e-06,0.07488592,0.8457947,0.9206806,0.0001729525,0.013151141
2013-06-10,1.4122888e-05,0.081813194,0.83309865,0.91491187,0.0001683459,0.012974818
2013-06-11,1.644639e-05,0.08037528,0.8319115,0.91228676,0.00015506921,0.012452679
2013-06-12,1.224956e-05,0.07563621,0.8412377,0.91687393,0.00014692907,0.012121431
2013-06-13,1.4266807e-05,0.082119904,0.8301897,0.9123096,0.00013775764,0.01173702
2013-06-14,6.548463e-06,0.07062479,0.85306853,0.9236933,0.00013415863,0.011582687
2013-06-17,8.716445e-06,0.07322136,0.8473838,0.9206052,0.00013069063,0.011432
2013-06-18,2.7804415e-05,0.09062523,0.8105193,0.9011445,0.00011953876,0.010933378
2013-06-19,8.109769e-06,0.075262666,0.8447788,0.92004144,0.00012866528,0.011343072
2013-06-20,8.338963e-06,0.073001996,0.8453057,0.91830766,0.000117182004,0.010825064
2013-06-21,9.003052e-06,0.07111605,0.84907717,0.9201932,0.00017111184,0.013080972
2013-06-24,1.6110342e-05,0.08225524,0.82729566,0.9095509,0.00017809571,0.013345251
2013-06-25,2.819632e-05,0.09333462,0.80802524,0.90135986,0.00018338763,0.013542069
2013-06-26,1.4709659e-05,0.07918352,0.833574,0.9127575,0.00017652656,0.01328633
2013-06-27,1.6836695e-05,0.08435068,0.8241,0.9084507,0.0001620805,0.012731084
2013-06-28,5.9617105e-06,0.064297415,0.8630004,0.92729783,0.0001717085,0.013103759
2013-07-01,8.2438755e-06,0.06510523,0.8584782,0.9235834,0.00015593236,0.012487288
2013-07-02,9.384472e-06,0.069466405,0.85189366,0.9213601,0.00015578172,0.0124812545
2013-07-03,3.4545835e-06,0.060547482,0.87232167,0.93286914,0.00016007326,0.012652006
2013-07-05,3.0522422e-06,0.058350433,0.87623453,0.934585,0.0001588292,0.012602746
2013-07-08,3.2715184e-06,0.06038383,0.873504,0.93388784,0.0001636444,0.012792357
2013-07-09,1.2499392e-05,0.07590865,0.8418502,0.9177589,0.00014627405,0.012094381
2013-07-10,6.7543365e-06,0.07368545,0.8514221,0.92510754,0.00013660513,0.01168782
2013-07-11,2.9759647e-06,0.06738743,0.86597836,0.9333658,0.0001819205,0.013487791
2013-07-12,7.882623e-06,0.06757664,0.858414,0.92599064,0.00017657719,0.013288235
2013-07-15,1.658229e-06,0.061553158,0.8772646,0.9388178,0.00016575909,0.012874747
2013-07-16,6.803623e-06,0.07333537,0.85120165,0.924537,0.00014773394,0.012154585
2013-07-17,4.708935e-06,0.07086606,0.8573073,0.92817336,0.00013331686,0.011546292
2013-07-18,9.890322e-06,0.07888512,0.8413027,0.92018783,0.00012031843,0.010968976
2013-07-19,5.739488e-06,0.07574241,0.8473716,0.923114,0.00012732594,0.01128388
2013-07-22,3.012409e-06,0.06471968,0.8682667,0.9329864,0.000113632894,0.0106598735
2013-07-23,1.41396e-05,0.07884029,0.8368241,0.91566443,0.00010924673,0.010452116
2013-07-24,9.7028515e-06,0.08084807,0.8383701,0.9192182,0.000106169144,0.010303841
2013-07-25,1.2850616e-05,0.0769892,0.8381687,0.9151579,0.00012352024,0.011113966
2013-07-26,1.7949968e-05,0.08674347,0.82416564,0.9109091,0.00011642352,0.010789974
2013-07-29,6.295395e-06,0.06995655,0.85554594,0.9255025,0.000119079894,0.010912374
2013-07-30,1.1578421e-05,0.07430551,0.8440687,0.91837424,0.00010836244,0.010409728
2013-07-31,1.1105408e-05,0.07309852,0.8437943,0.9168928,0.000118385244,0.010880498
2013-08-01,5.5859614e-06,0.07007142,0.8542264,0.9242978,0.00013610217,0.011666284
2013-08-02,5.6160866e-06,0.06441341,0.8621662,0.92657965,0.00017164173,0.013101211
2013-08-05,1.0211736e-05,0.06533189,0.8584759,0.9238078,0.00015887899,0.012604721
2013-08-06,9.9504605e-06,0.067141555,0.856341,0.92348254,0.0001475334,0.012146332
2013-08-07,9.120285e-06,0.06662087,0.8559541,0.922575,0.00014612536,0.012088232
2013-08-08,9.029548e-06,0.06835527,0.85442644,0.9227817,0.00013968951,0.011819032
2013-08-09,1.3942781e-05,0.0777937,0.8352621,0.91305584,0.00013461312,0.011602289
2013-08-12,3.063316e-06,0.05933813,0.8746642,0.93400234,0.00017247624,0.013133021
2013-08-13,7.22334e-06,0.06707053,0.8571392,0.9242098,0.0001539954,0.012409488
2013-08-14,3.7593431e-06,0.060606558,0.8722144,0.9328209,0.00014209955,0.011920552
2013-08-15,3.8211374e-06,0.0623139,0.8696847,0.9319986,0.00012770064,0.011300471
2013-08-16,5.1436828e-06,0.06543293,0.86207813,0.92751104,0.00011601841,0.010771184
2013-08-19,7.2388557e-06,0.06533653,0.86146736,0.9268039,0.00010522627,0.010257985
2013-08-20,7.65005e-06,0.0660941,0.8578162,0.9239103,9.871802e-05,0.009935694
2013-08-21,1.03840075e-05,0.069503106,0.84847397,0.9179771,0.000119561155,0.010934402
2013-08-22,8.189372e-06,0.06795078,0.854475,0.9224258,0.0001201407,0.010960871
2013-08-23,5.739636e-06,0.071355395,0.8524406,0.923796,0.00011920319,0.010918021
2013-08-26,5.5689015e-06,0.06760516,0.85788554,0.9254907,0.00011929881,0.010922399
2013-08-27,1.4499234e-05,0.07171501,0.8452878,0.9170028,0.00010954896,0.0104665635
2013-08-28,1.4235749e-06,0.051873814,0.89003915,0.94191295,0.00016554134,0.012866287
2013-08-29,3.6696376e-06,0.06095338,0.8725105,0.9334639,0.00015368355,0.012396917
2013-08-30,8.746813e-06,0.06469433,0.861341,0.92603534,0.00014666445,0.01211051
2013-09-03,9.479999e-06,0.066409096,0.85895956,0.92536867,0.0001426698,0.011944447
2013-09-04,5.5598823e-05,0.08984207,0.8096862,0.89952826,0.00013630405,0.011674932
2013-09-05,1.1030155e-05,0.06680864,0.8550544,0.921863,0.00017966866,0.013404054
2013-09-06,1.0536094e-05,0.06601104,0.85734075,0.92335176,0.00017183603,0.013108624
2013-09-09,8.433855e-06,0.06593722,0.85818887,0.9241261,0.00018302788,0.01352878
2013-09-10,9.137521e-06,0.06318239,0.86091447,0.9240969,0.00017131849,0.013088869
2013-09-11,8.975743e-06,0.059138145,0.8675008,0.9266389,0.00018152068,0.013472961
2013-09-12,9.7923075e-06,0.06509891,0.85840493,0.9235039,0.00016655654,0.012905679
2013-09-13,4.368535e-06,0.060069293,0.8697032,0.9297725,0.00015853424,0.012591038
2013-09-16,6.973775e-06,0.06072162,0.8655138,0.92623544,0.00014311662,0.011963136
2013-09-17,1.2258715e-05,0.06765167,0.85064185,0.91829354,0.00014504441,0.012043439
2013-09-18,8.5857255e-06,0.065951675,0.85786307,0.9238148,0.00014419586,0.0120081585
2013-09-19,2.14859e-06,0.05229373,0.8869961,0.9392898,0.00017225568,0.0131246215
2013-09-20,1.504924e-05,0.06298186,0.8554184,0.9184002,0.00016811989,0.012966106
2013-09-23,1.4765235e-05,0.06562686,0.85157627,0.9172031,0.00017582718,0.013259985
2013-09-24,1.4870032e-05,0.064668156,0.8543637,0.91903186,0.00017197565,0.0131139485
2013-09-25,7.0115516e-06,0.058190275,0.8702144,0.9284047,0.00016320367,0.012775119
2013-09-26,1.4337656e-05,0.06771831,0.84846604,0.91618437,0.00015036136,0.012262193
2013-09-27,7.815781e-06,0.06183444,0.8626214,0.9244559,0.00014269183,0.011945369
2013-09-30,1.5084592e-05,0.07055446,0.8440225,0.91457695,0.000131097,0.01144976
2013-10-01,1.275667e-05,0.065594524,0.85398513,0.9195796,0.00012784603,0.011306901
2013-10-02,1.27761705e-05,0.06899228,0.84897244,0.9179647,0.0001225442,0.011069968
2013-10-03,4.969175e-06,0.05810547,0.8719371,0.93004256,0.0001438011,0.0119917095
2013-10-04,1.0720112e-05,0.0594636,0.86392266,0.9233863,0.00013391401,0.011572123
2013-10-07,1.1245086e-05,0.061552566,0.8609093,0.92246187,0.00012784399,0.011306812
2013-10-08,7.316384e-06,0.06285345,0.86040217,0.9232556,0.00012528588,0.011193117
2013-10-09,5.0908516e-06,0.05627676,0.8748189,0.93109566,0.00011624575,0.010781732
2013-10-10,1.5246192e-05,0.06433441,0.8532912,0.9176256,0.00012613277,0.011230885
2013-10-11,3.3630818e-06,0.05720546,0.8774816,0.934687,0.00013455625,0.011599839
2013-10-14,1.4265148e-05,0.06640911,0.85284203,0.91925114,0.00012700207,0.01126952
2013-10-15,7.5427074e-06,0.061412405,0.8666192,0.9280316,0.00012344173,0.011110433
2013-10-16,1.4726211e-05,0.066700175,0.8517532,0.91845334,0.0001233567,0.011106607
2013-10-17,6.7171923e-06,0.06159037,0.8667218,0.9283122,0.00012701764,0.01127021
2013-10-18,1.9868112e-05,0.069192484,0.8468037,0.9159962,0.00013291597,0.0115289185
2013-10-21,5.0359795e-06,0.055471558,0.8783399,0.9338114,0.00013251834,0.011511661
2013-10-22,1.6935464e-05,0.058419384,0.86190253,0.92032194,0.00013582296,0.011654311
2013-10-23,1.0094325e-05,0.061509248,0.8640408,0.92555004,0.000146495,0.012103512
2013-10-24,1.2471921e-05,0.068629384,0.85147244,0.9201018,0.00014266014,0.011944042
2013-10-25,5.5929636e-06,0.06226657,0.8666549,0.92892146,0.00013432822,0.011590005
2013-10-28,1.1898621e-05,0.06675804,0.8532366,0.91999465,0.00012540276,0.011198337
2013-10-29,3.8981507e-06,0.05215173,0.88381135,0.9359631,0.00012342712,0.011109776
2013-10-30,1.4852908e-05,0.05889679,0.86426896,0.92316574,0.00011433291,0.010692657
2013-10-31,7.645199e-06,0.06116294,0.86314696,0.9243099,0.00012670443,0.011256306
2013-11-01,1.010854e-05,0.05930056,0.86647165,0.9257722,0.000118113014,0.010867981
2013-11-04,8.415671e-06,0.057643935,0.87234557,0.9299895,0.00013328537,0.011544928
2013-11-05,1.0801199e-05,0.062087968,0.86241496,0.9245029,0.00012468718,0.011166342
2013-11-06,1.9148443e-05,0.065188035,0.84999734,0.9151854,0.00012966158,0.011386904
2013-11-07,5.5918404e-06,0.058938466,0.87012166,0.9290601,0.00014400914,0.012000381
2013-11-08,1.1657739e-05,0.06031604,0.8639009,0.9242169,0.0001334322,0.011551286
2013-11-11,3.4143266e-06,0.053201012,0.8832808,0.93648183,0.00012790877,0.011309676
2013-11-12,4.1198787e-06,0.05183374,0.8838454,0.93567914,0.0001179932,0.010862468
2013-11-13,8.72555e-06,0.058336355,0.86816823,0.9265046,0.00013471568,0.011606708
2013-11-14,3.4076547e-06,0.051977813,0.8858706,0.9378484,0.00013017745,0.011409533
2013-11-15,4.9469772e-06,0.056125205,0.87733805,0.9334633,0.00011884308,0.010901517
2013-11-18,8.49548e-06,0.058771193,0.8702473,0.9290185,0.00010923581,0.010451593
2013-11-19,1.1592938e-05,0.05972678,0.86543185,0.9251586,0.00010818992,0.010401438
2013-11-20,8.537673e-06,0.057162415,0.87267435,0.92983675,0.000105804545,0.010286134
2013-11-21,6.834064e-06,0.06622427,0.8598103,0.92603457,0.00010087629,0.010043719
2013-11-22,1.7525961e-06,0.05044737,0.8923142,0.94276154,0.00012605188,0.011227283
2013-11-25,8.4663825e-06,0.061400898,0.8659022,0.9273031,0.000116372,0.010787586
2013-11-26,1.0084972e-05,0.06192099,0.86510146,0.92702246,0.00011330988,0.010644712
2013-11-27,5.0986832e-06,0.055371672,0.8790953,0.93446696,0.000109406035,0.010459734
2013-11-29,1.0374365e-05,0.0652242,0.8573318,0.92255604,0.000113817805,0.010668543
2013-12-02,7.970092e-06,0.06272905,0.8648038,0.92753285,0.000109177556,0.010448806
2013-12-03,6.9724397e-06,0.0650581,0.862667,0.92772514,0.000110806264,0.010526455
2013-12-04,4.099876e-06,0.06126001,0.8733625,0.93462247,0.00013751152,0.011726531
2013-12-05,4.713374e-06,0.05854483,0.877952,0.9364968,0.00013272288,0.011520542
2013-12-06,2.5680804e-06,0.05509436,0.8873714,0.9424658,0.0001213954,0.011017958
2013-12-09,2.7708365e-06,0.054265615,0.88696116,0.9412268,0.000110651956,0.010519124
2013-12-10,5.5374953e-06,0.061899412,0.871875,0.9337744,0.00010153792,0.010076602
2013-12-11,3.1439226e-06,0.058541186,0.8800925,0.9386337,0.00010259628,0.010128982
2013-12-12,6.961738e-06,0.062513374,0.867749,0.9302623,0.00010069016,0.0100344485
2013-12-13,4.175521e-06,0.05906939,0.8776292,0.9366986,9.434586e-05,0.009713179
2013-12-16,7.1639574e-06,0.061325036,0.8693326,0.9306576,9.228758e-05,0.009606643
2013-12-17,4.6113223e-06,0.056770556,0.8790244,0.93579495,9.2206225e-05,0.009602407
2013-12-18,6.886825e-06,0.061402246,0.86849576,0.929898,8.61336e-05,0.009280819
2013-12-19,2.247761e-06,0.05192585,0.88866985,0.9405957,8.371606e-05,0.009149648
2013-12-20,4.2644974e-06,0.069635324,0.8598776,0.9295129,8.148963e-05,0.009027161
2013-12-23,1.818493e-06,0.05221382,0.8909576,0.94317144,7.6324446e-05,0.008736386
2013-12-24,5.018233e-06,0.062535934,0.8700089,0.9325448,7.0806265e-05,0.008414646
2013-12-26,1.6618973e-06,0.05086036,0.89266926,0.9435296,6.715366e-05,0.008194733
2013-12-27,4.297318e-06,0.06147485,0.87063295,0.9321078,6.210034e-05,0.007880377
2013-12-30,4.448755e-06,0.063946486,0.8677306,0.9316771,6.1818355e-05,0.0078624645
2013-12-31,6.9887064e-06,0.06616039,0.86196876,0.92812914,6.5179585e-05,0.008073388
2014-01-02,4.8386273e-06,0.056631412,0.8769865,0.9336179,6.854201e-05,0.00827901
2014-01-03,3.0056106e-06,0.05346299,0.8858553,0.9393183,0.00011921412,0.010918522
2014-01-06,1.9948096e-05,0.07668362,0.8380082,0.91469187,0.000122021986,0.0110463565
2014-01-07,1.7749757e-05,0.07567281,0.83837783,0.91405064,0.00012484174,0.01117326
2014-01-08,1.0861126e-05,0.07121837,0.84889317,0.92011154,0.00012283456,0.011083076
2014-01-09,2.5440446e-05,0.07546394,0.8364673,0.9119313,0.00013035219,0.011417188
2014-01-10,1.4079603e-05,0.067544505,0.8558089,0.92335343,0.00013871142,0.011777581
2014-01-13,9.056788e-06,0.07282993,0.8502425,0.92307246,0.00014139843,0.011891107
2014-01-14,2.1949647e-05,0.07875458,0.8307257,0.90948033,0.00013682834,0.011697365
2014-01-15,1.0970664e-05,0.07416343,0.8454475,0.9196109,0.00014112052,0.011879415
2014-01-16,6.424316e-06,0.06368907,0.8655506,0.92923963,0.00015099307,0.012287924
2014-01-17,1.3298292e-05,0.06687437,0.8553809,0.9222553,0.00013749606,0.011725871
2014-01-21,5.329722e-06,0.058407012,0.872927,0.931334,0.0001320589,0.011491689
2014-01-22,8.582422e-06,0.07222388,0.8520085,0.9242324,0.00012295485,0.011088501
2014-01-23,3.4374555e-06,0.067413755,0.8652649,0.93267864,0.00013659407,0.011687347
2014-01-24,7.0894102e-06,0.06739324,0.8600546,0.92744786,0.000123952,0.011133374
2014-01-27,6.1093333e-06,0.06986292,0.8561566,0.9260195,0.00011720861,0.010826292
2014-01-28,9.283779e-06,0.06372529,0.86565757,0.92938286,0.00011313273,0.010636387
2014-01-29,8.512224e-06,0.074074484,0.84852946,0.92260396,0.00012627445,0.01123719
2014-01-30,5.606723e-06,0.0731767,0.85129786,0.92447454,0.000115698465,0.010756322
2014-01-31,2.1046912e-06,0.05059014,0.89185673,0.9424469,0.0001096233,0.010470115
2014-02-03,1.0802794e-05,0.06369811,0.8594046,0.92310274,0.000102927836,0.010145335
2014-02-04,4.4743072e-07,0.045611285,0.9095965,0.95520777,0.00010716615,0.010352109
2014-02-05,6.6160037e-06,0.08596328,0.8362686,0.9222319,0.000100588855,0.0100294
2014-02-06,4.015335e-06,0.06303266,0.8703668,0.93339944,9.099681e-05,0.009539225
2014-02-07,1.110618e-05,0.08198599,0.8373368,0.9193228,8.44945e-05,0.00919209
2014-02-10,5.45854e-06,0.07336799,0.8542305,0.92759854,0.0001160667,0.010773426
2014-02-11,1.0536314e-05,0.07581445,0.84965616,0.9254706,0.00010479214,0.010236803
2014-02-12,1.0847289e-05,0.0903419,0.82582337,0.9161653,9.972407e-05,0.009986194
2014-02-13,7.566321e-06,0.08361436,0.84027207,0.9238864,9.470896e-05,0.009731852
2014-02-14,1.1831386e-05,0.09478995,0.8186181,0.91340804,8.716154e-05,0.009336035
2014-02-18,6.227496e-06,0.08020041,0.8430846,0.923285,8.323081e-05,0.009123092
2014-02-19,1.4247568e-05,0.10006374,0.80881494,0.9088787,0.00011111297,0.010541013
2014-02-20,7.742062e-06,0.090887375,0.82531273,0.9162001,0.00011108687,0.010539776
2014-02-21,3.8421117e-06,0.07605218,0.85244066,0.92849284,0.00010087115,0.010043463
2014-02-24,7.3797164e-06,0.08421236,0.83823216,0.9224445,9.3803326e-05,0.009685212
2014-02-25,2.6235414e-06,0.067161836,0.86926395,0.9364258,8.888021e-05,0.00942763
2014-02-26,1.1726513e-05,0.07599199,0.84300315,0.91899514,8.64451e-05,0.009297586
2014-02-27,1.1980625e-05,0.08637217,0.8305659,0.91693807,8.856883e-05,0.009411101
2014-02-28,1.4310423e-05,0.08126447,0.83719724,0.91846174,8.591031e-05,0.009268781
2014-03-03,1.0649015e-05,0.08936926,0.8271109,0.9164801,8.6454165e-05,0.009298073
2014-03-04,2.758407e-07,0.04766911,0.9080486,0.95571774,0.00012639508,0.011242556
2014-03-05,8.180959e-06,0.07765745,0.8429566,0.92061406,0.00012647052,0.011245911
2014-03-06,9.1401325e-06,0.08396439,0.8357554,0.9197198,0.00014157154,0.0118983835
2014-03-07,9.735816e-06,0.09555309,0.8214219,0.916975,0.00012752357,0.011292634
2014-03-10,5.0982608e-06,0.07652466,0.8500512,0.9265759,0.00012363427,0.011119095
2014-03-11,1.4962376e-05,0.091083646,0.81996745,0.9110511,0.00012638056,0.011241911
2014-03-12,7.782517e-06,0.08366254,0.8370017,0.9206642,0.00012970515,0.011388817
2014-03-13,7.577535e-06,0.07828804,0.8435612,0.9218492,0.0001525889,0.012352687
2014-03-14,9.823966e-06,0.08744949,0.83165395,0.91910344,0.0001365878,0.0116870785
2014-03-17,7.470557e-06,0.08263972,0.8385733,0.921213,0.00012745321,0.011289517
2014-03-18,1.6326152e-05,0.09142948,0.8166491,0.90807855,0.000120227014,0.010964808
2014-03-19,3.9124493e-06,0.07067448,0.8599915,0.93066597,0.00013842521,0.011765424
2014-03-20,1.1683172e-05,0.08175949,0.8353648,0.91712433,0.00012593277,0.011221977
2014-03-21,3.9917836e-06,0.06757047,0.8635887,0.93115914,0.00012444674,0.01115557
2014-03-24,9.956159e-06,0.083628125,0.83556795,0.91919607,0.00011146317,0.0105576115
2014-03-25,9.971005e-06,0.08172933,0.837422,0.91915137,0.00010321119,0.01015929
2014-03-26,1.0929026e-05,0.08720194,0.827784,0.91498595,9.793733e-05,0.009896329
2014-03-27,6.2733034e-06,0.07890788,0.8451267,0.9240346,0.00010165207,0.010082265
2014-03-28,7.3429524e-06,0.08284354,0.83751947,0.920363,9.99367e-05,0.009996834
2014-03-31,8.983082e-06,0.08105394,0.8390856,0.92013955,9.213619e-05,0.00959876
2014-04-01,1.3992912e-05,0.08782562,0.8269773,0.9148029,8.639031e-05,0.009294638
2014-04-02,1.3280461e-05,0.08530939,0.82775056,0.91305995,0.00011545748,0.010745114
2014-04-03,9.121962e-06,0.08860562,0.828848,0.91745365,0.00010902069,0.010441298
2014-04-04,4.650286e-06,0.07482511,0.85103256,0.92585766,0.000103220445,0.010159747
2014-04-07,7.2012986e-06,0.07938678,0.8419926,0.9213794,9.7563425e-05,0.00987742
2014-04-08,1.090182e-05,0.08813838,0.8263417,0.9144801,9.341194e-05,0.009664985
2014-04-09,3.1333605e-06,0.07093835,0.86189973,0.9328381,0.00012578028,0.011215181
2014-04-10,5.2903074e-06,0.077772476,0.8492844,0.9270569,0.00011846867,0.010884332
2014-04-11,7.906528e-06,0.084349275,0.8364329,0.92078215,0.00010626046,0.010308271
2014-04-14,5.62028e-06,0.0810881,0.84446603,0.92555416,9.758329e-05,0.009878425
2014-04-15,4.8372463e-06,0.07672126,0.8513105,0.92803174,8.865048e-05,0.009415438
2014-04-16,1.07545475e-05,0.089075424,0.8265852,0.9156606,8.104184e-05,0.009002324
2014-04-17,1.03826815e-05,0.09047068,0.8259959,0.9164666,7.7743665e-05,0.008817237
2014-04-21,1.1525323e-05,0.095387325,0.8169164,0.91230375,7.684414e-05,0.008766079
2014-04-22,4.8432994e-06,0.07787788,0.8464235,0.9243014,7.4320924e-05,0.008620959
2014-04-23,8.584703e-06,0.0852162,0.82921183,0.91442806,0.000105117164,0.010252666
2014-04-24,9.727203e-06,0.08963437,0.82503915,0.9146735,9.9910154e-05,0.009995507
2014-04-25,9.439768e-06,0.08748618,0.8279148,0.915401,9.414383e-05,0.009702774
2014-04-28,1.4462758e-05,0.090648204,0.8170043,0.9076525,0.00010318818,0.010158158
2014-04-29,1.430591e-05,0.10030545,0.80651844,0.9068239,9.9196375e-05,0.009959738
2014-04-30,4.739227e-06,0.07832009,0.84608537,0.92440546,9.603301e-05,0.009799643
2014-05-01,1.6046639e-05,0.091352716,0.81481683,0.90616953,0.0001048831,0.010241245
2014-05-02,1.8301775e-05,0.097229816,0.80925566,0.9064855,0.00010257711,0.010128036
2014-05-05,7.3661363e-06,0.08266785,0.837425,0.9200928,0.00010231176,0.010114928
2014-05-06,1.3466359e-05,0.08848605,0.82109094,0.909577,9.379828e-05,0.009684951
2014-05-07,8.7871e-06,0.08634808,0.82926,0.91560805,9.048328e-05,0.00951227
2014-05-08,4.179277e-06,0.07163169,0.85741097,0.92904264,9.725747e-05,0.00986192
2014-05-09,1.1173856e-05,0.08205877,0.83414227,0.91620106,8.956789e-05,0.009464031
2014-05-12,1.0366511e-05,0.08603499,0.8293417,0.9153767,8.6578955e-05,0.009304781
2014-05-13,5.9499334e-06,0.075290225,0.8491855,0.9244757,8.503819e-05,0.009221615
2014-05-14,7.2141693e-06,0.07568403,0.84734493,0.92302895,8.688917e-05,0.009321436
2014-05-15,6.2728377e-06,0.07704883,0.8461055,0.92315435,8.389837e-05,0.009159605
2014-05-16,8.874282e-06,0.080768496,0.83569604,0.91646457,8.315036e-05,0.009118682
2014-05-19,6.1091355e-06,0.07495878,0.8482305,0.9231893,8.030291e-05,0.00896119
2014-05-20,8.66852e-06,0.07871306,0.8380902,0.91680324,7.653986e-05,0.008748706
2014-05-21,6.42833e-06,0.07822015,0.8431331,0.9213532,7.3090174e-05,0.0085492795
2014-05-22,4.897839e-06,0.074046776,0.8527875,0.9268343,8.703416e-05,0.00932921
2014-05-23,5.691281e-06,0.0703545,0.8547988,0.9251533,7.9967846e-05,0.008942475
2014-05-27,5.3832537e-06,0.07433058,0.84933436,0.9236649,7.6296805e-05,0.008734805
2014-05-28,9.823956e-06,0.08298089,0.8308454,0.9138263,7.065357e-05,0.008405568
2014-05-29,5.5946944e-06,0.07624642,0.845074,0.92132044,8.398741e-05,0.009164465
2014-05-30,7.2251087e-06,0.08125585,0.8376706,0.9189265,8.1608174e-05,0.009033725
2014-06-02,7.5005137e-06,0.08013744,0.8359743,0.9161117,8.165671e-05,0.009036411
2014-06-03,1.2132223e-05,0.08678761,0.82271266,0.90950024,7.6283795e-05,0.0087340595
2014-06-04,5.408396e-06,0.0786599,0.8421431,0.920803,7.5126336e-05,0.008667545
2014-06-05,5.2172113e-06,0.07789245,0.84375715,0.9216496,6.868834e-05,0.008287843
2014-06-06,5.593427e-06,0.07844638,0.84354216,0.92198855,6.34172e-05,0.007963492
2014-06-09,9.003738e-06,0.084769145,0.82946235,0.9142315,5.9276026e-05,0.0076990924
2014-06-10,3.1821921e-06,0.07042732,0.8601992,0.9306265,8.179543e-05,0.009044083
2014-06-11,9.026186e-06,0.07991921,0.8376596,0.9175788,7.358581e-05,0.008578218
2014-06-12,5.4200386e-06,0.0765516,0.84716284,0.92371446,7.0671886e-05,0.008406657
2014-06-13,1.1261365e-06,0.060024895,0.8823719,0.9423968,9.587484e-05,0.00979157
2014-06-16,1.0447239e-05,0.08720917,0.828057,0.91526616,8.639781e-05,0.009295043
2014-06-17,7.3334545e-06,0.085192055,0.8345173,0.9197093,8.199753e-05,0.009055248
2014-06-18,7.655998e-06,0.08493641,0.83356684,0.9185033,7.813062e-05,0.008839153
2014-06-19,6.7967976e-06,0.07928551,0.8422581,0.9215436,7.406332e-05,0.0086060045
2014-06-20,3.8667235e-06,0.07325038,0.8548205,0.9280709,7.052476e-05,0.008397902
2014-06-23,7.910957e-06,0.08317669,0.83481884,0.9179955,6.833868e-05,0.008266721
2014-06-24,8.299698e-06,0.07417074,0.845609,0.9197798,7.399775e-05,0.0086021945
2014-06-25,5.869818e-06,0.079905786,0.841135,0.92104083,7.104611e-05,0.008428886
2014-06-26,1.3495996e-05,0.088839,0.8214188,0.9102578,6.70482e-05,0.008188296
2014-06-27,7.2054354e-06,0.07297301,0.84913963,0.92211264,7.223836e-05,0.008499315
2014-06-30,4.4848407e-06,0.070609465,0.8548813,0.92549074,6.864309e-05,0.008285113
2014-07-01,7.3640813e-06,0.07844445,0.83824676,0.9166912,6.414054e-05,0.008008779
2014-07-02,1.25253255e-05,0.08305834,0.8293914,0.9124498,6.11488e-05,0.00781977
2014-07-03,5.5690502e-06,0.06900782,0.85513705,0.92414486,6.911103e-05,0.008313305
2014-07-07,5.137215e-06,0.07098946,0.8520919,0.9230814,6.590724e-05,0.008118328
2014-07-08,3.8959674e-06,0.05931542,0.8714399,0.9307553,6.3301675e-05,0.007956235
2014-07-09,3.163509e-06,0.06329655,0.86656654,0.9298631,5.9186925e-05,0.0076933037
2014-07-10,5.147518e-06,0.06371835,0.86201715,0.9257355,6.211443e-05,0.007881271
2014-07-11,2.7899146e-06,0.060351025,0.87289894,0.93324995,6.100684e-05,0.0078106876
2014-07-14,4.863336e-06,0.058696162,0.8675157,0.92621183,8.220834e-05,0.009066882
2014-07-15,2.5686147e-06,0.060939148,0.8727062,0.9336453,7.62004e-05,0.008729284
2014-07-16,5.084861e-06,0.062994234,0.8630173,0.92601156,7.476494e-05,0.008646673
2014-07-17,4.4585277e-06,0.06479099,0.8632743,0.92806524,7.8861485e-05,0.008880399
2014-07-18,3.4405589e-06,0.057096124,0.87792194,0.93501806,9.658269e-05,0.009827649
2014-07-21,3.5086175e-06,0.056102093,0.877336,0.9334381,8.82683e-05,0.009395122
2014-07-22,1.1655598e-06,0.044266682,0.902315,0.9465817,9.170932e-05,0.0095764985
2014-07-23,2.9364296e-06,0.051564727,0.8858071,0.93737185,8.4065396e-05,0.009168718
2014-07-24,4.78915e-06,0.055969298,0.8748374,0.9308067,8.576711e-05,0.009261053
2014-07-25,4.3115047e-06,0.05756771,0.8716073,0.929175,8.592567e-05,0.00926961
2014-07-28,2.6742907e-06,0.055261716,0.8816097,0.9368714,7.9204954e-05,0.008899717
2014-07-29,4.9804344e-06,0.059660487,0.8682205,0.927881,7.3538875e-05,0.008575481
2014-07-30,3.7302934e-06,0.06105882,0.8694992,0.930558,7.185084e-05,0.008476487
2014-07-31,7.530247e-06,0.06579922,0.85599107,0.9217903,6.933981e-05,0.008327053
2014-08-01,6.1723495e-06,0.062065125,0.8614293,0.9234944,9.694671e-05,0.009846152
2014-08-04,9.241547e-06,0.06619401,0.8540081,0.9202021,9.0307694e-05,0.009503036
2014-08-05,5.755893e-06,0.06495042,0.8596368,0.9245872,8.740898e-05,0.009349277
2014-08-06,4.3622795e-06,0.059831094,0.8672242,0.9270553,8.6770386e-05,0.009315062
2014-08-07,3.7309073e-06,0.05939895,0.87083197,0.9302309,8.107399e-05,0.00900411
2014-08-08,4.5129404e-06,0.060554326,0.86893505,0.9294894,7.533866e-05,0.008679785
2014-08-11,8.149874e-06,0.06960545,0.85033786,0.91994333,7.05118e-05,0.00839713
2014-08-12,5.5866844e-06,0.06490043,0.86116004,0.92606044,6.93278e-05,0.008326331
2014-08-13,6.102915e-06,0.06473328,0.85896116,0.92369443,6.891453e-05,0.008301478
2014-08-14,3.0144713e-06,0.054065462,0.88309336,0.9371588,6.556932e-05,0.008097488
2014-08-15,2.8017214e-06,0.05363384,0.8790615,0.9326954,8.480709e-05,0.009209077
2014-08-18,1.9023764e-06,0.052997835,0.88794,0.9409378,9.5001626e-05,0.0097468775
2014-08-19,5.9931817e-06,0.05773943,0.8680496,0.92578906,9.14646e-05,0.009563712
2014-08-20,3.646304e-06,0.052861813,0.8786154,0.9314772,0.00010948996,0.010463745
2014-08-21,5.4330817e-06,0.059462193,0.8680672,0.9275294,0.00011420272,0.010686567
2014-08-22,5.6954973e-06,0.05539539,0.87255806,0.9279534,0.00013444916,0.011595221
2014-08-25,7.6288475e-06,0.062079567,0.8623006,0.9243801,0.00012369404,0.0111217825
2014-08-26,5.4270395e-06,0.060970433,0.86596066,0.9269311,0.000115015304,0.010724518
2014-08-27,5.1189745e-06,0.05933727,0.8694295,0.9287668,0.000106699634,0.010329551
2014-08-28,1.0281458e-05,0.067125835,0.85259235,0.9197182,9.788679e-05,0.009893775
2014-08-29,5.4234397e-06,0.064668395,0.8620133,0.9266817,9.69373e-05,0.009845674
2014-09-02,4.1557373e-06,0.06044955,0.87086904,0.9313186,0.00010275762,0.010136943
2014-09-03,6.4760543e-06,0.047963902,0.8888759,0.9368398,0.00015880499,0.012601785
2014-09-04,7.0179084e-07,0.043972153,0.90688914,0.9508613,0.00018531259,0.013612957
2014-09-05,6.6475154e-06,0.05342566,0.8764419,0.92986757,0.00017476194,0.013219756
2014-09-08,8.340282e-06,0.057715833,0.86892205,0.9266379,0.00016825297,0.012971236
2014-09-09,9.4953375e-06,0.062789895,0.85986555,0.92265546,0.00015735484,0.012544116
2014-09-10,5.9837744e-06,0.060259167,0.86801493,0.9282741,0.0001448358,0.012034775
2014-09-11,7.254439e-06,0.059595786,0.86711675,0.9267125,0.0001402674,0.011843454
2014-09-12,1.0004938e-05,0.06499201,0.8587748,0.9237668,0.00013799575,0.011747159
2014-09-15,9.810871e-06,0.06221946,0.8604744,0.92269385,0.00013105884,0.011448094
2014-09-16,7.2038506e-06,0.061404616,0.86502564,0.9264302,0.00012547002,0.01120134
2014-09-17,6.7410483e-06,0.06218123,0.8642648,0.926446,0.00014196146,0.011914758
2014-09-18,8.666308e-06,0.06255318,0.86178774,0.9243409,0.00013103097,0.011446876
2014-09-19,1.0110533e-05,0.05905634,0.8650186,0.92407495,0.00013493901,0.011616325
2014-09-22,5.0411636e-06,0.051497977,0.88129735,0.93279535,0.00013000442,0.0114019485
2014-09-23,9.997449e-06,0.06428269,0.85647017,0.9207529,0.00012464737,0.011164559
2014-09-24,6.295443e-06,0.06236502,0.86469513,0.9270601,0.00011675755,0.01080544
2014-09-25,7.890759e-06,0.0654237,0.85844487,0.92386854,0.00011819313,0.0108716665
2014-09-26,4.2465326e-06,0.057341468,0.874732,0.9320735,0.000109990964,0.010487658
2014-09-29,1.7111262e-05,0.07061938,0.84634125,0.91696066,0.00010695982,0.010342138
2014-09-30,3.47257e-06,0.05981803,0.8754235,0.9352415,0.000115785035,0.0107603455
2014-10-01,9.35925e-06,0.058062807,0.87015843,0.9282212,0.00018642758,0.013653848
2014-10-02,3.2583754e-05,0.07762511,0.83435005,0.91197515,0.00017299599,0.013152794
2014-10-03,2.3641327e-05,0.07525466,0.8371604,0.9124151,0.00017756346,0.013325294
2014-10-06,1.9789655e-05,0.06996842,0.8436495,0.9136179,0.00018759686,0.013696601
2014-10-07,8.642795e-06,0.06049863,0.8658664,0.9263651,0.00018097092,0.013452543
2014-10-08,2.9721043e-05,0.070063576,0.83920646,0.90927005,0.00018249513,0.013509076
2014-10-09,1.5992302e-05,0.06387279,0.85591114,0.91978395,0.00020480598,0.0143110445
2014-10-10,3.070959e-05,0.071856916,0.8353474,0.90720433,0.00021199329,0.01455999
2014-10-13,4.0508232e-05,0.08013636,0.82239264,0.902529,0.0002078077,0.014415537
2014-10-14,2.9130277e-05,0.074147396,0.833843,0.9079904,0.00021151216,0.014543458
2014-10-15,5.8157175e-06,0.051520847,0.880194,0.93171483,0.0003676365,0.01917385
2014-10-16,5.056991e-05,0.08472138,0.81379384,0.8985152,0.0003294529,0.018150836
2014-10-17,4.5239285e-05,0.08290208,0.8147202,0.8976223,0.00032888702,0.018135242
2014-10-20,1.8461225e-05,0.06171741,0.8562784,0.9179958,0.00031320317,0.017697547
2014-10-21,3.0638006e-05,0.0623302,0.8521174,0.9144476,0.00028667992,0.016931625
2014-10-22,1.5149771e-05,0.06666996,0.84970826,0.9163782,0.0002749852,0.016582679
2014-10-23,2.0599304e-05,0.06006752,0.85666466,0.9167322,0.0003020216,0.017378768
2014-10-24,7.131128e-06,0.057402447,0.87077165,0.9281741,0.0003012478,0.017356493
2014-10-27,1.736379e-05,0.0577462,0.8619061,0.91965234,0.00027983708,0.016728332
2014-10-28,1.7945109e-05,0.0613939,0.85797143,0.91936535,0.00025856346,0.016079908
2014-10-29,1.3722852e-05,0.0627208,0.85625815,0.9189789,0.00024129734,0.015533748
2014-10-30,8.315841e-06,0.057333194,0.86901015,0.9263433,0.0002257902,0.015026317
2014-10-31,2.1364527e-05,0.064550996,0.84986866,0.91441965,0.00021487767,0.014658706
2014-11-03,3.120963e-05,0.07173769,0.8375205,0.9092582,0.00020750228,0.0144049395
2014-11-04,3.7565766e-05,0.073837,0.83414984,0.9079868,0.00024068319,0.015513968
2014-11-05,3.375082e-05,0.07599663,0.83428335,0.91028,0.0002696591,0.0164213
2014-11-06,3.2770768e-05,0.08252084,0.82328475,0.9058056,0.00028589903,0.016908549
2014-11-07,2.1896814e-05,0.07101629,0.8429542,0.91397053,0.00027647108,0.01662742
2014-11-10,1.8588868e-05,0.07079232,0.84425133,0.91504365,0.00026101831,0.01615606
2014-11-11,7.5360564e-05,0.081333935,0.820003,0.9013369,0.00025760083,0.016049948
2014-11-12,3.7874575e-05,0.07927003,0.8283956,0.9076656,0.00029029287,0.017037984
2014-11-13,5.0781975e-05,0.080890365,0.8232176,0.9041079,0.0002862913,0.016920144
2014-11-14,1.0907326e-05,0.055154424,0.8765686,0.93172306,0.00041235378,0.020306496
2014-11-17,2.160893e-05,0.07848448,0.83292896,0.91141343,0.00039727963,0.019931875
2014-11-18,3.0152445e-05,0.07192267,0.8391786,0.9111013,0.00035303936,0.018789342
2014-11-19,2.8332823e-05,0.06626854,0.847751,0.9140196,0.00034035076,0.018448597
2014-11-20,4.7884474e-05,0.07890633,0.82469666,0.90360296,0.00031689025,0.017801411
2014-11-21,2.0829173e-05,0.07690472,0.83627915,0.91318387,0.00032278564,0.017966237
2014-11-24,1.042167e-05,0.06208437,0.86457473,0.9266591,0.000301881,0.017374722
2014-11-25,5.4366014e-05,0.07174531,0.8372828,0.9090281,0.00027737796,0.016654668
2014-11-26,9.3780676e-05,0.08646564,0.8068692,0.89333487,0.00032378396,0.017993998
2014-11-28,3.4393524e-05,0.074691355,0.83471304,0.9094044,0.0003577651,0.018914679
2014-12-01,1.1022444e-05,0.056074195,0.8725131,0.9285873,0.0012066636,0.03473706
2014-12-02,0.00023838869,0.12058359,0.74576014,0.86634374,0.0011626388,0.03409749
2014-12-03,4.1458636e-05,0.06727598,0.8485922,0.9158682,0.0012244456,0.03499208
2014-12-04,8.3418396e-05,0.08703915,0.8076336,0.89467275,0.0010840396,0.032924756
2014-12-05,7.092587e-05,0.07633448,0.82422805,0.9005625,0.0009655197,0.031072812
2014-12-08,3.8904833e-05,0.06581284,0.84593976,0.9117526,0.00088353164,0.02972426
2014-12-09,9.624102e-06,0.04825238,0.88804835,0.93630075,0.0009109012,0.03018114
2014-12-10,4.1521256e-05,0.07761279,0.8267163,0.90432906,0.0008254156,0.028730048
2014-12-11,6.431165e-06,0.04397021,0.8964077,0.94037795,0.00089090003,0.029847948
2014-12-12,3.9497176e-05,0.0695603,0.8408782,0.9104385,0.00081713934,0.02858565
2014-12-15,1.3218266e-05,0.057238195,0.8695379,0.9267761,0.00081957795,0.028628271
2014-12-16,5.9185582e-05,0.075290866,0.8274707,0.9027616,0.00079059735,0.028117564
2014-12-17,0.00015409804,0.10171897,0.7824373,0.8841563,0.0007133834,0.026709238
2014-12-18,0.0005303364,0.12462151,0.72275585,0.84737736,0.0007212633,0.026856346
2014-12-19,0.00039881218,0.10086132,0.77371025,0.87457156,0.0012809816,0.035790805
2014-12-22,6.786565e-05,0.08678054,0.8049457,0.89172626,0.0015796078,0.03974428
2014-12-23,0.00015849882,0.08481821,0.80416197,0.88898015,0.0013842947,0.03720611
2014-12-24,0.00011248859,0.08950196,0.7913544,0.8808564,0.0013634828,0.036925368
2014-12-26,4.0921448e-05,0.062752336,0.8541245,0.9168768,0.0012383105,0.035189636
2014-12-29,5.3643744e-05,0.06728542,0.83806044,0.90534586,0.00112442,0.033532374
2014-12-30,2.6467593e-05,0.066969514,0.84860146,0.915571,0.001025325,0.032020696
2014-12-31,5.0563835e-05,0.07862597,0.8210118,0.89963776,0.0009023015,0.030038334
2015-01-02,9.54707e-05,0.080716096,0.81992096,0.90063703,0.0008115912,0.02848844
2015-01-05,0.000102146245,0.08974304,0.8003212,0.89006424,0.00077095785,0.027766127
2015-01-06,2.5753585e-05,0.06239156,0.8607401,0.9231317,0.0009600719,0.030985028
2015-01-07,5.2272306e-05,0.077751644,0.82775646,0.9055081,0.0009690488,0.031129548
2015-01-08,0.0002088229,0.10741247,0.7690407,0.87645316,0.00087121327,0.029516323
2015-01-09,0.00026326012,0.10735845,0.760039,0.8673974,0.00087958405,0.029657783
2015-01-12,0.00019271631,0.10070249,0.7760736,0.87677604,0.00094059296,0.030669088
2015-01-13,7.149119e-05,0.07694042,0.83053046,0.9074709,0.001161716,0.034083955
2015-01-14,0.00021535653,0.107055925,0.7671612,0.8742171,0.0010376399,0.032212418
2015-01-15,4.879639e-05,0.08287382,0.81182474,0.89469856,0.0013316593,0.036491908
2015-01-16,0.0007963216,0.11325422,0.74808234,0.8613366,0.0013152729,0.036266692
2015-01-20,0.00011474683,0.0909873,0.78546935,0.8764567,0.0020771818,0.04557611
2015-01-21,5.10909e-05,0.069977134,0.8427196,0.9126967,0.0019612052,0.044285495
2015-01-22,8.5095206e-05,0.08578967,0.8024282,0.88821787,0.0017639705,0.04199965
2015-01-23,0.0002431741,0.09580441,0.7818197,0.8776241,0.0015854528,0.039817747
2015-01-26,0.00017134642,0.089460865,0.7896533,0.87911415,0.0015068668,0.03881838
2015-01-27,0.00041900328,0.10701149,0.764866,0.8718775,0.0013700291,0.037013903
2015-01-28,0.00021239766,0.10443854,0.7677863,0.87222487,0.0015256364,0.039059397
2015-01-29,0.0001395854,0.080612056,0.8188327,0.89944476,0.0015464863,0.03932539
2015-01-30,0.00022715797,0.09747382,0.7817953,0.8792691,0.0014061024,0.03749803
2015-02-02,1.7321907e-05,0.067706354,0.8378334,0.90553975,0.0019474187,0.044129565
2015-02-03,1.795209e-05,0.05712201,0.8559298,0.9130518,0.0016982498,0.041209828
2015-02-04,2.2936852e-05,0.064472966,0.8388185,0.90329146,0.0017328792,0.041627865
2015-02-05,9.683377e-06,0.04319705,0.8906863,0.9338833,0.0020093685,0.04482598
2015-02-06,2.5683246e-05,0.07211154,0.83126736,0.9033789,0.0018714349,0.043260083
2015-02-09,6.4217435e-05,0.07503127,0.8189056,0.8939369,0.0016210959,0.040262837
2015-02-10,3.760031e-05,0.067412145,0.836322,0.90373415,0.0014286331,0.037797265
2015-02-11,1.4430019e-05,0.04931571,0.87767744,0.92699313,0.0014395416,0.037941292
2015-02-12,5.5244407e-05,0.070120834,0.83200485,0.90212566,0.0013064838,0.036145315
2015-02-13,7.0197493e-06,0.05382498,0.8687471,0.9225721,0.0012983065,0.03603202
2015-02-17,5.0736624e-05,0.07262604,0.8257364,0.89836246,0.0011833258,0.034399502
2015-02-18,0.00011335494,0.09004229,0.7961315,0.8861738,0.001041886,0.03227826
2015-02-19,0.00021952593,0.082176015,0.79504216,0.8772182,0.0010061546,0.031719938
2015-02-20,0.00015000174,0.074888356,0.8063307,0.881219,0.0010497018,0.032399103
2015-02-23,5.669113e-05,0.07387389,0.8161237,0.8899976,0.0010164691,0.03188211
2015-02-24,0.00015862792,0.08537598,0.7886201,0.8739961,0.0009103153,0.030171432
2015-02-25,4.5120738e-05,0.09015473,0.8158013,0.90595603,0.00087765994,0.029625326
2015-02-26,1.8056027e-05,0.07269204,0.83301115,0.9057032,0.0008647385,0.029406436
2015-02-27,0.00010634673,0.072068885,0.8200358,0.8921047,0.00097541546,0.031231642
2015-03-02,1.4406687e-05,0.06096551,0.844783,0.9057485,0.0009812538,0.03132497
2015-03-03,1.4742241e-07,0.039597664,0.9233032,0.9629009,0.000844157,0.029054381
2015-03-04,2.67826e-06,0.052326754,0.878367,0.93069375,0.0007929246,0.028158916
2015-03-05,0.0002100697,0.11686297,0.7520155,0.8688784,0.0007192302,0.026818467
2015-03-06,0.00015594413,0.09952093,0.78387654,0.88339746,0.0007781711,0.027895719
2015-03-09,0.0002748806,0.109458745,0.7609767,0.8704354,0.0008191546,0.028620876
2015-03-10,0.0001287056,0.09984847,0.79057825,0.8904267,0.00090459664,0.030076513
2015-03-11,0.000104654,0.092276946,0.8007287,0.8930056,0.0009662256,0.031084169
2015-03-12,0.00021441685,0.11775799,0.752165,0.869923,0.0008790097,0.029648097
2015-03-13,0.00024189915,0.11003168,0.7687386,0.8787703,0.0009419127,0.030690596
2015-03-16,7.202645e-05,0.09070448,0.807978,0.8986825,0.0012228785,0.03496968
2015-03-17,0.00021784878,0.1142888,0.75899595,0.87328476,0.0011033928,0.033217356
2015-03-18,0.00023332136,0.118249595,0.74771965,0.86596924,0.0010663553,0.032655094
2015-03-19,0.00028808342,0.10454248,0.7476058,0.8521483,0.0011170418,0.033422176
2015-03-20,0.0003960649,0.11985949,0.74541914,0.8652786,0.0011499766,0.033911306
2015-03-23,0.00021338544,0.114905424,0.74970806,0.8646135,0.0014360247,0.037894916
2015-03-24,0.00035172293,0.11393547,0.74340785,0.8573433,0.0014467111,0.038035657
2015-03-25,0.00043646916,0.121844806,0.73786205,0.8597069,0.0014273461,0.037780236
2015-03-26,8.6828586e-05,0.09311777,0.7907439,0.88386166,0.0016384688,0.040478006
2015-03-27,7.02167e-05,0.08536779,0.8026329,0.8880007,0.0015620261,0.039522476
2015-03-30,3.6712496e-05,0.06720907,0.84735733,0.9145664,0.0015483212,0.039348714
2015-03-31,0.00023318238,0.12283271,0.7451893,0.868022,0.001349826,0.03673998
2015-04-01,0.000173752,0.10513582,0.7730646,0.8782004,0.001302043,0.036083832
2015-04-02,0.00014313661,0.10707381,0.76123536,0.86830914,0.0014514176,0.038097475
2015-04-06,8.218243e-05,0.100741185,0.7958329,0.8965741,0.0012881262,0.035890475
2015-04-07,4.945372e-06,0.058195412,0.8639887,0.9221841,0.0014585927,0.038191527
2015-04-08,7.545505e-05,0.09504799,0.7887023,0.8837503,0.0013343091,0.036528196
2015-04-09,3.85477e-06,0.04210355,0.9023125,0.94441605,0.0015729647,0.039660618
2015-04-10,1.1895435e-05,0.07051021,0.84397507,0.9144853,0.0014252847,0.03775294
2015-04-13,1.4564671e-05,0.064479955,0.8486374,0.91311735,0.0012337373,0.035124596
2015-04-14,5.7859765e-05,0.089034796,0.8011267,0.8901615,0.0010631762,0.032606382
2015-04-15,3.250287e-05,0.0854433,0.81066096,0.8961043,0.00096991786,0.031143505
2015-04-16,1.9959812e-06,0.046424843,0.88850003,0.9349249,0.0010899361,0.033014182
2015-04-17,2.0752794e-05,0.07107968,0.8402249,0.9113046,0.0009717832,0.031173438
2015-04-20,1.5696845e-05,0.061719075,0.85831475,0.9200338,0.0008589413,0.0293077
2015-04-21,1.3497154e-05,0.058951862,0.8605299,0.91948175,0.0007606914,0.027580636
2015-04-22,1.657516e-05,0.06637663,0.8455612,0.91193783,0.0006923263,0.026312094
2015-04-23,3.57506e-05,0.09391119,0.79800975,0.8919209,0.0006188586,0.024876868
2015-04-24,2.1116728e-05,0.076125175,0.82531226,0.9014374,0.0006008154,0.024511537
2015-04-27,3.2653603e-05,0.07787758,0.8247733,0.9026509,0.0005253373,0.022920238
2015-04-28,2.9082052e-05,0.080555595,0.8240099,0.9045655,0.0004666445,0.021601956
2015-04-29,3.8741786e-05,0.086454,0.81156886,0.89802283,0.00041368534,0.020339256
2015-04-30,2.9548397e-05,0.088059425,0.805537,0.8935964,0.0004332843,0.020815482
2015-05-01,1.7062323e-05,0.08560199,0.814056,0.89965796,0.00040571787,0.02014244
2015-05-04,4.167196e-05,0.09045297,0.80293775,0.8933907,0.00035322376,0.018794248
2015-05-05,4.194705e-05,0.09483614,0.79779536,0.8926315,0.00032668933,0.01807455
2015-05-06,2.9231678e-05,0.09169697,0.80403644,0.8957334,0.0003591788,0.018952014
2015-05-07,7.2292656e-05,0.10813209,0.7765969,0.88472897,0.0003246929,0.018019237
2015-05-08,0.00014336035,0.1074793,0.76969737,0.87717664,0.0004451811,0.021099316
2015-05-11,4.2605905e-05,0.10528583,0.78560436,0.8908902,0.00049189595,0.022178728
2015-05-12,5.0223363e-05,0.09464925,0.79853797,0.8931872,0.0004297363,0.020730082
2015-05-13,2.0436642e-05,0.08948915,0.8107638,0.90025294,0.00045156182,0.021249983
2015-05-14,6.25278e-05,0.10576127,0.7779895,0.8837508,0.0003882264,0.019703463
2015-05-15,4.4283777e-05,0.09723615,0.7941334,0.8913696,0.00037624544,0.019397046
2015-05-18,4.7660782e-05,0.098214954,0.7921421,0.890357,0.0003441883,0.018552313
2015-05-19,6.716204e-05,0.100619964,0.78427243,0.8848924,0.00032236177,0.017954435
2015-05-20,7.972684e-05,0.103458405,0.78099906,0.88445747,0.0004607677,0.0214655
2015-05-21,1.6731148e-05,0.08109613,0.82422715,0.90532327,0.00052893395,0.022998564
2015-05-22,2.3971928e-05,0.08613248,0.81099975,0.8971322,0.00052026554,0.02280933
2015-05-26,4.4153123e-05,0.08807388,0.8084189,0.89649284,0.0004702606,0.021685492
2015-05-27,7.86226e-05,0.09896508,0.78786576,0.8868308,0.00049796095,0.022315038
2015-05-28,6.214621e-05,0.09800935,0.79067856,0.8886879,0.0004793438,0.021893922
2015-05-29,2.3567545e-05,0.08081793,0.82413685,0.9049548,0.00044189044,0.021021191
2015-06-01,6.3514617e-06,0.061120134,0.8593913,0.9205114,0.00054572604,0.02336078
2015-06-02,3.3762273e-05,0.08419632,0.81784016,0.9020365,0.00047555706,0.02180727
2015-06-03,9.779461e-06,0.07174755,0.8448528,0.91660035,0.00044773362,0.021159718
2015-06-04,3.83988e-05,0.08089635,0.8214662,0.9023626,0.00044038898,0.020985447
2015-06-05,5.0889965e-05,0.08865813,0.80568117,0.8943393,0.00046400505,0.021540776
2015-06-08,1.5895492e-05,0.078604594,0.8306892,0.9092938,0.00045702804,0.021378214
2015-06-09,4.005135e-05,0.08694995,0.8071236,0.89407355,0.00041851072,0.020457534
2015-06-10,4.331129e-06,0.06332509,0.8594035,0.9227286,0.00047607702,0.02181919
2015-06-11,5.6342565e-06,0.066858575,0.85438037,0.92123896,0.00044143785,0.021010423
2015-06-12,1.8401424e-05,0.075840354,0.8378328,0.91367316,0.00039089602,0.01977109
2015-06-15,1.5946747e-05,0.07436061,0.83903533,0.91339594,0.000359991,0.018973429
2015-06-16,1.4060469e-05,0.07977339,0.830005,0.90977836,0.00032225775,0.017951539
2015-06-17,5.9792983e-06,0.06682624,0.8550495,0.9218757,0.00028581423,0.016906042
2015-06-18,6.179664e-05,0.10085728,0.78481746,0.8856747,0.0002504373,0.01582521
2015-06-19,1.1196429e-05,0.0752725,0.8408163,0.9160888,0.00026579917,0.01630335
2015-06-22,2.8458946e-05,0.08108534,0.8206842,0.9017695,0.0002498671,0.015807185
2015-06-23,4.287616e-05,0.095553815,0.7976379,0.8931917,0.0002335964,0.01528386
2015-06-24,1.7110071e-05,0.07994178,0.82640916,0.906351,0.00027474575,0.016575456
2015-06-25,4.7864753e-05,0.089696266,0.8024442,0.8921405,0.00025647835,0.016014941
2015-06-26,2.2725808e-05,0.08278392,0.8198028,0.90258676,0.0002621335,0.016190536
2015-06-29,2.0516765e-05,0.08116143,0.82509995,0.9062614,0.0002377817,0.015420171
2015-06-30,4.045269e-05,0.08859566,0.8042656,0.89286125,0.00025689433,0.016027924
2015-07-01,7.1986724e-06,0.071112335,0.84580934,0.9169217,0.00027954244,0.016719522
2015-07-02,3.9603437e-05,0.082175285,0.8220117,0.90418696,0.00037716067,0.019420626
2015-07-06,1.1044173e-05,0.07943688,0.8339514,0.9133883,0.0003496784,0.018699689
2015-07-07,2.2811826e-06,0.048185375,0.8943895,0.94257486,0.0008193099,0.02862359
2015-07-08,1.3333899e-05,0.07996504,0.831199,0.91116405,0.0007358434,0.027126433
2015-07-09,1.3397047e-05,0.07218233,0.8391864,0.9113687,0.00063908665,0.025280163
2015-07-10,1.558928e-05,0.0727402,0.83653736,0.90927756,0.0005828693,0.024142686
2015-07-13,4.3264175e-05,0.090179294,0.8026887,0.89286804,0.00050324923,0.022433218
2015-07-14,7.305858e-05,0.09315098,0.7960255,0.8891765,0.00045715994,0.021381298
2015-07-15,3.780102e-05,0.08437811,0.81638885,0.90076697,0.00046009157,0.021449745
2015-07-16,3.5888566e-05,0.07534596,0.8292533,0.9045993,0.00049672736,0.022287382
2015-07-17,1.5953223e-05,0.07060246,0.8446342,0.91523665,0.0004553091,0.021337973
2015-07-20,1.9204412e-05,0.072660744,0.8403191,0.91297984,0.00040054842,0.020013707
2015-07-21,1.9612704e-05,0.06602979,0.846861,0.9128908,0.0003718307,0.019282913
2015-07-22,5.508813e-05,0.090966806,0.8006501,0.89161694,0.00033554222,0.018317811
2015-07-23,6.2851956e-05,0.08569307,0.80849624,0.8941893,0.0003749031,0.019362414
2015-07-24,4.1416282e-05,0.08221258,0.81831664,0.9005292,0.00038619514,0.019651849
2015-07-27,4.5208413e-05,0.08382886,0.81469417,0.89852303,0.00036105758,0.019001516
2015-07-28,2.742261e-05,0.07632946,0.82851213,0.9048416,0.0003605821,0.018989
2015-07-29,6.291383e-05,0.09035771,0.7997183,0.89007604,0.00033746354,0.018370181
2015-07-30,7.498719e-05,0.09449426,0.7938021,0.88829637,0.00035748593,0.018907297
2015-07-31,2.2799757e-05,0.06933565,0.84323776,0.9125734,0.00036189333,0.019023495
2015-08-03,5.0913553e-05,0.07724863,0.8200897,0.89733833,0.00038824973,0.019704053
2015-08-04,8.036772e-06,0.05392989,0.87705296,0.9309828,0.00050866784,0.022553666
2015-08-05,1.4449973e-05,0.07348494,0.84099245,0.9144774,0.000462366,0.021502698
2015-08-06,4.654149e-05,0.08001077,0.8212895,0.90130025,0.0004160843,0.020398146
2015-08-07,5.960017e-05,0.08409463,0.81321704,0.8973117,0.00039816243,0.019954007
2015-08-10,5.1518236e-05,0.08005985,0.8210132,0.90107304,0.0004108103,0.020268455
2015-08-11,1.07272945e-05,0.06417557,0.85555553,0.9197311,0.00043620451,0.02088551
2015-08-12,4.96763e-05,0.07502253,0.8298827,0.9049052,0.0005021612,0.022408955
2015-08-13,1.49252755e-05,0.06881246,0.8484386,0.9172511,0.00046820138,0.021637961
2015-08-14,3.94875e-05,0.073480375,0.8385881,0.9120685,0.00045597024,0.021353459
2015-08-17,0.00015147025,0.09965308,0.7817229,0.88137597,0.00042465093,0.02060706
2015-08-18,6.306194e-05,0.08091646,0.8191061,0.90002257,0.0005062822,0.022500716
2015-08-19,8.27717e-05,0.08585846,0.8054427,0.89130116,0.00050266966,0.022420296
2015-08-20,2.4165965e-05,0.060871445,0.8546067,0.9154781,0.0006527367,0.025548711
2015-08-21,5.3509903e-05,0.08911657,0.8105576,0.8996742,0.000585983,0.024207085
2015-08-24,3.236558e-05,0.069113165,0.84116036,0.91027355,0.00055461173,0.023550196
2015-08-25,1.422304e-05,0.058802184,0.86486334,0.9236655,0.00071867753,0.026808161
2015-08-26,0.0001589168,0.10891972,0.7631859,0.87210566,0.0006798886,0.026074674
2015-08-27,5.727416e-05,0.07818253,0.82508814,0.90327066,0.0007148168,0.026736058
2015-08-28,2.113961e-06,0.045223795,0.88653564,0.9317594,0.0013895796,0.037277065
2015-08-31,1.8672044e-05,0.058242902,0.8470404,0.90528333,0.0013990956,0.037404485
2015-09-01,7.077699e-06,0.046337966,0.87114847,0.9174864,0.0016161476,0.04020134
2015-09-02,1.6729743e-06,0.02316981,0.93293893,0.95610875,0.0017142957,0.041404054
2015-09-03,6.174965e-06,0.046393782,0.88230985,0.92870367,0.0016086139,0.04010753
2015-09-04,8.015095e-05,0.06741814,0.8241546,0.8915728,0.0014306287,0.03782365
2015-09-08,4.2747135e-05,0.05575449,0.8544034,0.91015786,0.0012749826,0.0357069
2015-09-09,0.00012401392,0.08365374,0.8015944,0.8852481,0.0011324736,0.033652246
2015-09-10,2.5096188e-05,0.04564453,0.8788733,0.9245178,0.0011653237,0.034136835
2015-09-11,2.4037969e-05,0.06797787,0.8373366,0.90531445,0.001119046,0.033452146
2015-09-14,3.1849082e-05,0.051741432,0.86488056,0.916622,0.0010170615,0.0318914
2015-09-15,7.27385e-05,0.06961534,0.8313967,0.90101206,0.00092225295,0.030368619
2015-09-16,9.891464e-05,0.08578303,0.8005019,0.8862849,0.0008514636,0.029179849
2015-09-17,2.64025e-05,0.06629107,0.8318162,0.8981073,0.0010458478,0.03233957
2015-09-18,2.0243288e-05,0.052931007,0.8617165,0.9146475,0.0008983793,0.029972976
2015-09-21,1.4012808e-05,0.040335566,0.884724,0.92505956,0.0009199304,0.030330354
2015-09-22,5.316735e-06,0.042145897,0.88623893,0.92838484,0.0009045068,0.03007502
2015-09-23,4.0831073e-06,0.037408505,0.8963448,0.9337533,0.0008214843,0.028661547
2015-09-24,1.7581668e-05,0.048876084,0.8715145,0.9203906,0.0007743271,0.027826734
2015-09-25,3.6947862e-05,0.06896818,0.8327264,0.9016946,0.00069674867,0.026395997
2015-09-28,1.2592571e-05,0.05176234,0.8678358,0.91959816,0.00063762127,0.025251163
2015-09-29,1.0146566e-05,0.04433595,0.88580793,0.9301439,0.00060766976,0.02465096
2015-09-30,2.448128e-05,0.06675214,0.84154326,0.9082954,0.0005622163,0.0237111
2015-10-01,2.4976258e-05,0.061315056,0.85003203,0.9113471,0.00049834145,0.022323564
2015-10-02,5.1216786e-05,0.06913412,0.83496976,0.9041039,0.00045250793,0.021272235
2015-10-05,5.908206e-05,0.08116448,0.8113887,0.89255315,0.00045025404,0.02121919
2015-10-06,1.625374e-05,0.062279973,0.85152143,0.91380143,0.0004438568,0.02106791
2015-10-07,1.6975235e-05,0.06808288,0.8347613,0.9028442,0.0005358867,0.023149226
2015-10-08,1.7707816e-05,0.053857457,0.86541045,0.9192679,0.00047995188,0.021907805
2015-10-09,8.163982e-06,0.060951374,0.8584962,0.91944754,0.00049211935,0.022183763
2015-10-12,1.6049546e-05,0.057062108,0.86093986,0.91800195,0.00043154025,0.020773547
2015-10-13,7.1062072e-06,0.04131288,0.8932838,0.93459666,0.00054504524,0.023346204
2015-10-14,5.611168e-05,0.08054402,0.81871706,0.89926106,0.00049778935,0.022311194
2015-10-15,4.252113e-05,0.07562512,0.8254448,0.90106994,0.00046369308,0.021533534
2015-10-16,7.067494e-05,0.081089094,0.8149131,0.8960022,0.00042781734,0.020683747
2015-10-19,3.1964642e-05,0.06927626,0.8365904,0.9058667,0.0004473234,0.02115002
2015-10-20,1.0273145e-05,0.044779193,0.88747686,0.93225604,0.00046699427,0.02161005
2015-10-21,3.058903e-05,0.0799538,0.8241076,0.9040614,0.00042733722,0.020672137
2015-10-22,4.05085e-05,0.07238735,0.8344535,0.90684086,0.00038777903,0.019692106
2015-10-23,4.268397e-05,0.075566284,0.8257753,0.9013416,0.0003651185,0.019108074
2015-10-26,4.397176e-05,0.07297677,0.83520275,0.9081795,0.00036745518,0.01916912
2015-10-27,1.555276e-05,0.054391462,0.87604827,0.9304397,0.0003656023,0.019120729
2015-10-28,3.418339e-05,0.07288643,0.82992125,0.90280765,0.0003536637,0.018805949
2015-10-29,7.2088606e-06,0.06211186,0.85236603,0.9144779,0.0006014632,0.024524746
2015-10-30,8.0377595e-06,0.05541974,0.86654603,0.9219658,0.00052023336,0.022808624
2015-11-02,6.442651e-06,0.05863668,0.8652966,0.92393327,0.00046583574,0.021583227
2015-11-03,1.721271e-05,0.05453618,0.8681131,0.92264926,0.00041529257,0.020378727
2015-11-04,5.920544e-06,0.057901774,0.86416245,0.92206424,0.00045331038,0.021291086
2015-11-05,5.9222525e-06,0.043582868,0.8941496,0.93773246,0.00046361022,0.02153161
2015-11-06,2.2498707e-05,0.06473089,0.8496686,0.9143995,0.00044701752,0.021142788
2015-11-09,4.4820474e-05,0.077783376,0.82429343,0.90207684,0.0004296435,0.020727843
2015-11-10,4.7543275e-05,0.07998733,0.8255533,0.90554065,0.0004063475,0.020158064
2015-11-11,6.373194e-05,0.09110172,0.80385256,0.89495426,0.00038751785,0.019685473
2015-11-12,3.2240543e-05,0.07044664,0.8457266,0.9161732,0.00045499916,0.021330709
2015-11-13,2.5435353e-05,0.07053731,0.8465872,0.9171245,0.0004725927,0.021739198
2015-11-16,0.00010921265,0.09673224,0.7909606,0.88769287,0.00046855287,0.021646082
2015-11-17,9.541054e-05,0.10294823,0.77755326,0.8805015,0.0005357262,0.02314576
2015-11-18,0.00012717128,0.09227033,0.79646754,0.88873786,0.0005825159,0.024135366
2015-11-19,0.00018971755,0.104780525,0.7694875,0.87426805,0.0005914109,0.024318941
2015-11-20,0.00010589784,0.08217898,0.81316525,0.89534426,0.00064782856,0.025452476
2015-11-23,8.570194e-05,0.098330975,0.7932686,0.8915996,0.0006339496,0.025178356
2015-11-24,0.00013967355,0.10909776,0.75981605,0.8689138,0.00069508306,0.026364427
2015-11-25,3.5419755e-05,0.080302276,0.81901467,0.89931697,0.00074306404,0.0272592
2015-11-27,9.168233e-05,0.08245446,0.81179893,0.8942534,0.00064512866,0.025399383
2015-11-30,4.7245623e-05,0.069213636,0.84090984,0.91012347,0.0006977218,0.026414424
2015-12-01,7.463039e-05,0.08713905,0.8126989,0.899838,0.00063415477,0.02518243
2015-12-02,5.1966887e-05,0.08628462,0.8134364,0.899721,0.00059183635,0.024327686
2015-12-03,6.717378e-06,0.048715826,0.89022595,0.9389418,0.00072336115,0.026895374
2015-12-04,2.6125339e-05,0.0885797,0.8123074,0.90088713,0.0006886864,0.026242835
2015-12-07,4.7878857e-05,0.071422495,0.837808,0.90923053,0.00065303204,0.025554491
2015-12-08,7.239849e-06,0.047706418,0.8916635,0.9393699,0.0008521585,0.029191755
2015-12-09,6.296929e-05,0.09832106,0.7966648,0.89498585,0.00076781696,0.02770951
2015-12-10,0.000120813245,0.09879544,0.7845055,0.8833009,0.00068369205,0.026147505
2015-12-11,0.00011091755,0.09313376,0.7963749,0.88950866,0.0006691962,0.025868827
2015-12-14,1.5066891e-05,0.06443728,0.8605403,0.92497754,0.0007375077,0.027157092
2015-12-15,0.00018351286,0.11333528,0.76825607,0.8815913,0.0006729279,0.025940854
2015-12-16,0.00010131977,0.09710959,0.78923523,0.88634485,0.0007895443,0.028098831
2015-12-17,2.1374935e-05,0.055611204,0.86587435,0.92148554,0.0009715782,0.031170148
2015-12-18,7.190054e-05,0.078119434,0.82108784,0.8992073,0.0008775717,0.029623836
2015-12-21,9.426229e-05,0.07788655,0.8178866,0.8957732,0.0007957884,0.028209722
2015-12-22,1.6810414e-05,0.06650763,0.8521474,0.91865504,0.00074512744,0.027297022
2015-12-23,2.4359368e-05,0.076148584,0.8351649,0.9113135,0.0007544872,0.02746793
2015-12-24,4.2585734e-06,0.055544678,0.8741626,0.9297073,0.0007572223,0.027517673
2015-12-28,9.387969e-06,0.049350597,0.8818784,0.931229,0.00067982334,0.026073422
2015-12-29,4.3188293e-06,0.03759576,0.9041223,0.94171804,0.00066817284,0.025849039
2015-12-30,3.0776293e-06,0.050359465,0.88472223,0.9350817,0.0006382857,0.025264317
2015-12-31,4.9036785e-06,0.040496565,0.906644,0.9471406,0.0006270992,0.025041949
2016-01-04,2.1200245e-05,0.071776025,0.8397404,0.9115164,0.0005790423,0.024063298
2016-01-05,5.3775817e-05,0.08238743,0.815975,0.89836246,0.00051180896,0.022623194
2016-01-06,4.0427705e-05,0.06517673,0.85017955,0.9153563,0.00051103503,0.022606084
2016-01-07,1.79375e-05,0.055848647,0.8749645,0.93081313,0.000689763,0.02626334
2016-01-08,0.00013339655,0.0962748,0.79080915,0.88708395,0.00064615655,0.02541961
2016-01-11,0.00027830774,0.109414555,0.7647739,0.8741885,0.00064557634,0.025408193
2016-01-12,0.000117825766,0.08272466,0.8157681,0.8984928,0.0010961446,0.033108074
2016-01-13,0.0003401222,0.10616143,0.77180743,0.87796885,0.001094514,0.03308344
2016-01-14,0.0005186394,0.12364141,0.73280615,0.8564476,0.0011850058,0.034423914
2016-01-15,0.00014831591,0.10033078,0.7752989,0.87562966,0.0014532157,0.038121067
2016-01-19,9.35688e-05,0.07313279,0.8304921,0.9036249,0.0016236787,0.040294897
2016-01-20,0.00035341908,0.10079489,0.7691038,0.86989874,0.001523527,0.039032385
2016-01-21,2.2002561e-05,0.06190616,0.8578187,0.9197249,0.0020145406,0.044883635
2016-01-22,2.059212e-05,0.07219873,0.82709754,0.8992963,0.0024478994,0.04947625
2016-01-25,2.6562916e-06,0.043984335,0.88429904,0.9282834,0.0025797253,0.050790995
2016-01-26,4.542587e-06,0.039665025,0.90376544,0.9434305,0.0024390852,0.049387094
2016-01-27,1.6297157e-05,0.06756521,0.84206516,0.90963036,0.002259522,0.04753443
2016-01-28,2.2143511e-05,0.058058605,0.85327786,0.9113365,0.001966264,0.044342577
2016-01-29,0.00016764946,0.09651786,0.7743234,0.87084126,0.0017450291,0.041773546
2016-02-01,0.00019477266,0.08950289,0.7832064,0.8727093,0.0015322148,0.039143514
2016-02-02,0.000133956,0.07212764,0.82317156,0.8952992,0.0017337768,0.041638646
2016-02-03,2.8123326e-05,0.052913565,0.8724563,0.92536986,0.0017939295,0.042354804
2016-02-04,2.3574894e-05,0.07413409,0.82519954,0.89933366,0.0019073775,0.043673534
2016-02-05,8.401702e-05,0.07692022,0.81423354,0.89115375,0.0016207917,0.04025906
2016-02-08,0.00016174611,0.08989757,0.79303354,0.8829311,0.0014586531,0.038192317
2016-02-09,0.00010430441,0.08137389,0.80883366,0.8902075,0.0014611303,0.038224734
2016-02-10,0.00020953914,0.099430725,0.7851064,0.88453716,0.0015885088,0.039856102
2016-02-11,0.00042867335,0.11343519,0.74241036,0.8558456,0.0014885534,0.038581774
2016-02-12,0.00020530731,0.0794161,0.8118673,0.8912834,0.0017783708,0.042170733
2016-02-16,1.25691095e-05,0.05592898,0.8437117,0.8996407,0.0027178144,0.052132662
2016-02-17,5.359911e-05,0.07488715,0.8298858,0.90477294,0.0023164097,0.048129093
2016-02-18,9.131204e-06,0.05793195,0.8539881,0.9119201,0.0021949392,0.04685018
2016-02-19,5.0106562e-05,0.059615828,0.84311867,0.9027345,0.001884242,0.043407857
2016-02-22,3.1906304e-05,0.04755525,0.8651036,0.9126589,0.0017231375,0.04151069
2016-02-23,2.0007814e-05,0.06675855,0.8359073,0.90266585,0.0016939049,0.041157074
2016-02-24,0.00016399221,0.09569915,0.77986175,0.8755609,0.0014457357,0.03802283
2016-02-25,5.027851e-05,0.08325418,0.80510455,0.8883587,0.0012984433,0.036033917
2016-02-26,0.0001465818,0.09593931,0.7734397,0.86937904,0.0011609566,0.034072813
2016-02-29,4.072404e-05,0.0657725,0.838314,0.9040865,0.0010523119,0.032439355
2016-03-01,8.447675e-05,0.087606765,0.7926137,0.8802205,0.0009780275,0.031273432
2016-03-02,2.486144e-06,0.04288994,0.89474213,0.9376321,0.00089086074,0.02984729
2016-03-03,6.760981e-05,0.080100864,0.81251895,0.89261985,0.00080187543,0.028317405
2016-03-04,0.00011094177,0.08294641,0.8063485,0.8892949,0.0007197808,0.02682873
2016-03-07,3.827446e-05,0.079212956,0.81486464,0.8940776,0.00081173616,0.028490983
2016-03-08,8.7064545e-06,0.061832655,0.85188335,0.913716,0.00092601735,0.030430533
2016-03-09,2.378979e-05,0.06474332,0.84597033,0.9107137,0.0008861374,0.02976806
2016-03-10,5.7000266e-06,0.06184515,0.8564489,0.918294,0.0009205461,0.030340504
2016-03-11,1.3271023e-05,0.06030235,0.8591018,0.91940415,0.00080305233,0.028338177
2016-03-14,1.3368697e-05,0.07254346,0.839608,0.91215146,0.00072077196,0.026847197
2016-03-15,3.306476e-05,0.06866835,0.8371487,0.9058171,0.0007078889,0.026606182
2016-03-16,4.76318e-05,0.0798971,0.81865895,0.89855605,0.0006621908,0.025733069
2016-03-17,1.5604204e-05,0.0730952,0.8275441,0.9006393,0.0008447088,0.029063875
2016-03-18,9.412254e-06,0.061180066,0.85379934,0.9149794,0.00085640425,0.029264385
2016-03-21,2.1219816e-05,0.059534688,0.8566326,0.91616726,0.0007633876,0.02762947
2016-03-22,6.353827e-06,0.061520956,0.8630975,0.9246184,0.0006832255,0.026138583
2016-03-23,3.2781443e-06,0.050101176,0.8802239,0.93032503,0.0006832614,0.026139269
2016-03-24,5.5801734e-06,0.049455762,0.8862946,0.93575037,0.00068925467,0.02625366
2016-03-28,2.192775e-05,0.07507875,0.83463585,0.9097146,0.00062006724,0.02490115
2016-03-29,2.5882726e-05,0.07494579,0.8334505,0.9083963,0.00053975376,0.023232602
2016-03-30,1.4293127e-05,0.06712098,0.8484759,0.91559684,0.00053787476,0.023192126
2016-03-31,6.364346e-05,0.10242968,0.78359795,0.88602763,0.00047071374,0.021695938
2016-04-01,6.2882646e-05,0.09367053,0.7946278,0.88829833,0.00043250382,0.020796726
2016-04-04,4.020933e-05,0.07795277,0.8284728,0.9064256,0.0005677035,0.02382653
2016-04-05,6.610742e-05,0.0908402,0.8041475,0.8949877,0.0005820294,0.024125285
2016-04-06,0.00012860364,0.107912555,0.76644015,0.8743527,0.0005365069,0.023162618
2016-04-07,9.307005e-06,0.06354893,0.84520805,0.908757,0.0008130275,0.028513636
2016-04-08,3.282937e-05,0.08444996,0.8158061,0.90025604,0.00070768164,0.026602287
2016-04-11,9.795774e-07,0.04064148,0.8970078,0.9376493,0.0009531089,0.030872462
2016-04-12,5.7124885e-06,0.052811913,0.87535125,0.9281632,0.00086604,0.029428558
2016-04-13,1.9285708e-06,0.045148592,0.88894844,0.93409705,0.000864476,0.029401973
2016-04-14,5.844063e-06,0.05958362,0.86746716,0.92705077,0.00077489903,0.027837008
2016-04-15,7.232468e-06,0.05960545,0.86857426,0.92817974,0.00068052567,0.026086887
2016-04-18,2.3855373e-05,0.07405295,0.83801967,0.9120726,0.0006452609,0.025401987
2016-04-19,0.00011509431,0.10667638,0.76894337,0.87561977,0.00058056356,0.024094887
2016-04-20,7.0106703e-06,0.06606687,0.8490529,0.91511977,0.00067039905,0.025892066
2016-04-21,1.0124684e-05,0.07613376,0.8281342,0.9042679,0.0006658215,0.025803518
2016-04-22,3.2064843e-05,0.09210407,0.8077776,0.89988166,0.0005736211,0.023950389
2016-04-25,2.7662201e-05,0.08688044,0.8112074,0.89808786,0.00050969503,0.022576427
2016-04-26,4.4146218e-05,0.08238341,0.81826025,0.90064365,0.0004974052,0.022302583
2016-04-27,9.200385e-06,0.064673856,0.8494064,0.91408026,0.0005360245,0.023152202
2016-04-28,1.6562353e-05,0.0715536,0.83342814,0.90498173,0.00051763305,0.022751551
2016-04-29,9.864876e-06,0.07038425,0.8440763,0.91446054,0.00046432053,0.021548098
2016-05-02,1.7889146e-05,0.08655338,0.82078403,0.9073374,0.00040226316,0.0200565
2016-05-03,2.3535891e-05,0.07407498,0.8379006,0.91197556,0.00040367251,0.020091603
2016-05-04,4.019618e-05,0.084543005,0.8107934,0.8953364,0.00041095493,0.020272024
2016-05-05,4.798191e-05,0.10336878,0.7852647,0.88863343,0.00037404202,0.019340167
2016-05-06,7.789453e-05,0.10713114,0.7729702,0.8801013,0.00035671366,0.018886864
2016-05-09,5.6269197e-05,0.100094825,0.78536826,0.8854631,0.00035954308,0.018961621
2016-05-10,0.00013684563,0.10857718,0.7709812,0.8795584,0.00041659368,0.020410627
2016-05-11,5.6454564e-06,0.069128916,0.8486814,0.9178103,0.00054007594,0.023239534
2016-05-12,5.8392575e-06,0.061393134,0.85613793,0.9175311,0.0005455259,0.023356497
2016-05-13,2.943397e-05,0.083928324,0.81672406,0.9006524,0.00047890964,0.021884004
2016-05-16,2.7992288e-05,0.079277106,0.8250957,0.9043728,0.00043028226,0.020743247
2016-05-17,7.2676467e-06,0.06233498,0.8581996,0.92053455,0.00046392024,0.021538807
2016-05-18,7.401769e-06,0.06562689,0.85476404,0.92039096,0.00041449885,0.020359244
2016-05-19,9.078677e-06,0.066832975,0.8540486,0.92088157,0.00036217747,0.01903096
2016-05-20,6.5773847e-06,0.06180653,0.8625115,0.9243181,0.00031844206,0.017844945
2016-05-23,1.3642361e-05,0.07753507,0.83240443,0.9099395,0.00028597866,0.016910903
2016-05-24,1.50361075e-05,0.08346673,0.82746315,0.91092986,0.00025515043,0.015973428
2016-05-25,1.5061191e-05,0.0809501,0.8302217,0.9111718,0.00023618946,0.015368457
2016-05-26,1.223625e-05,0.07758727,0.83319825,0.9107855,0.00024019045,0.015498079
2016-05-27,1.5163132e-05,0.077462,0.8363896,0.9138516,0.00021262075,0.014581521
2016-05-31,6.4183055e-06,0.07273217,0.8466664,0.91939855,0.00019381256,0.0139216585
2016-06-01,1.4737513e-05,0.08289674,0.82339287,0.9062896,0.00017224658,0.013124274
2016-06-02,1.884972e-05,0.08954858,0.81318176,0.90273035,0.00015691029,0.012526384
2016-06-03,1.6731054e-05,0.08895372,0.81571364,0.9046674,0.0001472796,0.012135881
2016-06-06,3.3266235e-05,0.09005907,0.80818737,0.8982464,0.00014854643,0.012187962
2016-06-07,1.7108408e-05,0.088088684,0.8136496,0.9017383,0.00019518167,0.013970743
2016-06-08,1.2018438e-05,0.081745416,0.82679075,0.9085362,0.00019123092,0.013828627
2016-06-09,6.6353537e-06,0.07222021,0.847114,0.91933423,0.00019352688,0.0139113935
2016-06-10,1.4080972e-05,0.07649794,0.8348733,0.91137123,0.000183491,0.013545886
2016-06-13,3.6961534e-05,0.08480028,0.8173353,0.9021356,0.0002366809,0.0153844375
2016-06-14,2.7887636e-05,0.09204561,0.80793107,0.8999767,0.00023182659,0.015225853
2016-06-15,3.1012867e-05,0.0888771,0.8104236,0.8993007,0.00022140623,0.014879725
2016-06-16,4.8359856e-05,0.09480867,0.7986076,0.8934163,0.00021961499,0.0148194125
2016-06-17,4.7099944e-05,0.08761634,0.81080997,0.8984263,0.00036370676,0.019071097
2016-06-20,3.1533962e-06,0.059073072,0.868083,0.9271561,0.00046441503,0.02155029
2016-06-21,1.1155638e-06,0.043750774,0.89736676,0.9411175,0.00045378204,0.02130216
2016-06-22,1.1772538e-05,0.07161912,0.8411033,0.91272247,0.00041342515,0.020332858
2016-06-23,3.4337103e-05,0.08667812,0.81371444,0.90039253,0.00036167755,0.019017821
2016-06-24,8.29028e-06,0.066308916,0.8548228,0.92113173,0.00036174047,0.019019477
2016-06-27,5.5175762e-05,0.08476904,0.8161887,0.9009577,0.00048834214,0.022098465
2016-06-28,0.000120471246,0.10330842,0.77461696,0.8779254,0.00052065065,0.02281777
2016-06-29,9.018785e-06,0.069957376,0.844573,0.9145304,0.00063004385,0.025100674
2016-06-30,8.75525e-06,0.06459805,0.8464113,0.9110093,0.0006606949,0.025703985
2016-07-01,2.3977322e-05,0.071560115,0.83953047,0.9110906,0.0006332023,0.02516351
2016-07-05,5.985455e-06,0.062497213,0.8597517,0.9222489,0.0005683329,0.023839734
2016-07-06,2.1929047e-05,0.06276316,0.8599597,0.9227229,0.00065226026,0.025539387
2016-07-07,1.9983036e-05,0.07724654,0.8305932,0.9078398,0.0006019485,0.024534639
2016-07-08,3.8478916e-05,0.073483765,0.837645,0.91112876,0.000710725,0.026659427
2016-07-11,3.2376967e-05,0.081779346,0.8189933,0.90077263,0.00063624774,0.025223952
2016-07-12,4.432441e-05,0.07807762,0.8215996,0.8996772,0.0005709546,0.023894656
2016-07-13,1.4512615e-05,0.064888656,0.8462567,0.9111453,0.0006670589,0.025827484
2016-07-14,1.0839633e-05,0.05565598,0.87389964,0.9295556,0.0007104186,0.02665368
2016-07-15,3.2206071e-06,0.051682528,0.88071495,0.9323975,0.0006547459,0.025588004
2016-07-18,2.8471562e-05,0.07222343,0.83371407,0.9059375,0.0005815351,0.024115039
2016-07-19,2.142481e-05,0.06014957,0.8547812,0.91493076,0.0005312921,0.023049776
2016-07-20,2.0506386e-05,0.061375957,0.8516118,0.91298777,0.00048626115,0.02205133
2016-07-21,3.0845622e-05,0.07747432,0.8261061,0.90358037,0.0004370212,0.020905051
2016-07-22,5.17151e-05,0.08307629,0.81363064,0.89670694,0.00039340265,0.01983438
2016-07-25,3.685344e-05,0.078765,0.8234357,0.9022007,0.00038541458,0.019631978
2016-07-26,3.6858462e-05,0.07647511,0.8294183,0.90589345,0.00040145183,0.020036263
2016-07-27,4.134574e-05,0.08311293,0.81582737,0.8989403,0.00037181115,0.019282406
2016-07-28,4.8515354e-05,0.08487388,0.81335914,0.898233,0.00039169352,0.01979125
2016-07-29,3.683809e-05,0.08299552,0.8143395,0.89733505,0.00039771316,0.019942747
2016-08-01,2.382551e-05,0.07953503,0.8250084,0.9045434,0.00037059118,0.019250745
2016-08-02,6.741335e-05,0.08860903,0.8081241,0.89673316,0.0004439958,0.021071209
2016-08-03,8.2963714e-05,0.09565242,0.7906182,0.8862706,0.0004436675,0.021063415
2016-08-04,3.878987e-05,0.08148919,0.81453514,0.89602435,0.0005357314,0.023145871
2016-08-05,3.478512e-05,0.07652886,0.82009166,0.8966205,0.0005318516,0.023061909
2016-08-08,6.164827e-05,0.084932365,0.8122277,0.8971601,0.0004717927,0.02172079
2016-08-09,5.1451036e-05,0.08399236,0.8096445,0.8936369,0.00051412836,0.022674398
2016-08-10,3.707115e-05,0.07037329,0.8410357,0.911409,0.0004707734,0.021697313
2016-08-11,6.6784254e-05,0.0774872,0.8222032,0.8996904,0.00047807102,0.021864835
2016-08-12,7.798679e-06,0.06551585,0.85312563,0.9186415,0.00059383176,0.024368664
2016-08-15,2.6409623e-05,0.0690807,0.8380049,0.9070856,0.0005476517,0.02340196
2016-08-16,1.260442e-05,0.06560714,0.849432,0.9150391,0.00053758634,0.023185909
2016-08-17,1.1293491e-05,0.06021593,0.86055887,0.9207748,0.00049047876,0.022146756
2016-08-18,7.547048e-06,0.055561934,0.8722169,0.92777884,0.00043448724,0.020844357
2016-08-19,2.3510706e-06,0.045184,0.8944998,0.9396838,0.00043617227,0.020884737
2016-08-22,2.9547812e-06,0.04266596,0.9002195,0.94288546,0.0003941301,0.01985271
2016-08-23,8.251197e-06,0.051257726,0.8771615,0.92841923,0.00039869183,0.01996727
2016-08-24,9.762928e-06,0.07328334,0.8441146,0.9173979,0.00038246784,0.019556785
2016-08-25,1.8234043e-05,0.05921401,0.858943,0.918157,0.00039109017,0.019776
2016-08-26,1.1322378e-05,0.0696857,0.8504358,0.9201215,0.0003622551,0.019033
2016-08-29,2.4866571e-05,0.07974488,0.83148986,0.91123474,0.00032218007,0.017949374
2016-08-30,2.2016407e-05,0.06283403,0.8555028,0.9183368,0.00030874443,0.017571125
2016-08-31,4.9341055e-05,0.08028131,0.8234764,0.9037577,0.0002979579,0.017261457
2016-09-01,1.8785957e-05,0.060162336,0.8607571,0.9209194,0.00040140277,0.020035038
2016-09-02,2.718883e-05,0.06457974,0.85843194,0.92301166,0.00043912898,0.020955404
2016-09-06,1.7415156e-05,0.0790654,0.8302271,0.90929246,0.0004585263,0.021413228
2016-09-07,9.805894e-05,0.093854494,0.7908242,0.88467866,0.0004038474,0.020095956
2016-09-08,3.7592064e-05,0.076705314,0.824477,0.90118235,0.00043750828,0.020916699
2016-09-09,4.327965e-06,0.05605011,0.8689548,0.9250049,0.00055593386,0.023578249
2016-09-12,9.609865e-06,0.042821545,0.8920567,0.93487823,0.00056594564,0.023789613
2016-09-13,1.7385551e-05,0.076872796,0.8350669,0.91193974,0.00051769754,0.022752969
2016-09-14,3.4651097e-05,0.062378563,0.85300636,0.91538495,0.00052213523,0.022850279
2016-09-15,4.470801e-05,0.07159744,0.840397,0.91199446,0.0005363574,0.02315939
2016-09-16,1.0490288e-05,0.06921817,0.8515364,0.92075455,0.0004993131,0.022345316
2016-09-19,2.2906896e-05,0.061340775,0.85799694,0.9193377,0.00046463043,0.021555288
2016-09-20,4.5984485e-05,0.0777263,0.83066905,0.90839535,0.00042380084,0.020586424
2016-09-21,4.9880575e-05,0.09977282,0.7993223,0.8990951,0.00039873124,0.019968256
2016-09-22,6.010942e-06,0.062452186,0.86231697,0.92476916,0.00054966053,0.02344484
2016-09-23,1.1836584e-05,0.061316375,0.86050695,0.9218233,0.00050799584,0.022538763
2016-09-26,2.050707e-05,0.056029405,0.8669947,0.92302406,0.00055075536,0.023468178
2016-09-27,6.5235868e-06,0.063788906,0.8582144,0.92200327,0.000554918,0.023556698
2016-09-28,2.3673194e-05,0.05953937,0.86108696,0.92062634,0.00053286296,0.023083825
2016-09-29,4.193751e-06,0.06033346,0.862628,0.9229615,0.0006416562,0.025330935
2016-09-30,1.1854599e-05,0.05675077,0.8675412,0.92429197,0.00057360367,0.023950024
2016-10-03,4.4216326e-06,0.047570437,0.8906678,0.93823826,0.0005134141,0.022658642
2016-10-04,6.385547e-06,0.051853288,0.8807137,0.932567,0.00046803567,0.021634132
2016-10-05,3.9099345e-06,0.048854128,0.8904684,0.93932253,0.00041896073,0.02046853
2016-10-06,4.681746e-06,0.056664046,0.87685853,0.9335226,0.00040267868,0.020066855
2016-10-07,4.7983654e-06,0.05459017,0.8811838,0.93577397,0.00036587715,0.019127915
2016-10-11,7.2925927e-06,0.058399912,0.87267673,0.93107665,0.00033611606,0.018333469
2016-10-12,5.5178893e-06,0.06649439,0.86291546,0.92940986,0.00032231002,0.017952995
2016-10-13,7.4607024e-06,0.054392885,0.8796329,0.93402576,0.0002936907,0.017137406
2016-10-14,9.073351e-06,0.075046815,0.8472372,0.92228407,0.00026713838,0.016344368
2016-10-17,9.572321e-06,0.065092005,0.8629845,0.9280765,0.00023570155,0.015352574
2016-10-18,1.9060471e-05,0.0700647,0.84943354,0.91949826,0.00021755577,0.014749772
2016-10-19,6.5787253e-06,0.061281566,0.86992663,0.9312082,0.00020707582,0.01439013
2016-10-20,5.2618525e-06,0.0555892,0.87815696,0.93374616,0.00022658826,0.015052849
2016-10-21,9.068331e-06,0.059638064,0.8691048,0.9287429,0.00023401859,0.015297666
2016-10-24,6.6444586e-06,0.062981084,0.8673871,0.9303682,0.0002163534,0.014708957
2016-10-25,1.605441e-05,0.06012579,0.8655656,0.92569137,0.0001971504,0.014041025
2016-10-26,2.6020896e-05,0.066045724,0.84998405,0.91602975,0.00019445404,0.013944678
2016-10-27,3.13703e-05,0.07295942,0.83905274,0.91201216,0.00020809425,0.014425472
2016-10-28,1.4089186e-05,0.07302491,0.8451073,0.91813225,0.00021434331,0.014640468
2016-10-31,9.3295885e-06,0.060675997,0.86382645,0.92450243,0.00022724358,0.0150746
2016-11-01,2.1152648e-05,0.064415485,0.8577964,0.9222119,0.00029661253,0.017222444
2016-11-02,2.0647152e-05,0.07679374,0.83859336,0.9153871,0.00027676128,0.016636144
2016-11-03,1.8833935e-05,0.0641155,0.86013865,0.9242542,0.0003178596,0.017828617
2016-11-04,8.7714565e-05,0.09391161,0.8005923,0.8945039,0.0003072858,0.01752957
2016-11-07,3.558744e-05,0.08217985,0.8272501,0.90942997,0.0003508604,0.018731268
2016-11-08,3.9423772e-05,0.089028634,0.8108222,0.89985085,0.00035313866,0.018791985
2016-11-09,1.3005917e-05,0.06324787,0.86253047,0.9257783,0.00032604297,0.018056659
2016-11-10,0.00013834207,0.10491534,0.7744425,0.8793578,0.00029667313,0.017224202
2016-11-14,3.587208e-05,0.0713904,0.8399696,0.91135997,0.00038800656,0.019697882
2016-11-15,6.9596963e-06,0.052094862,0.8794619,0.93155676,0.00042895076,0.020711126
2016-11-16,2.7697888e-06,0.055378284,0.87454176,0.92992,0.0005457086,0.023360407
2016-11-17,2.070316e-05,0.06163068,0.85566133,0.917292,0.00048166665,0.021946905
2016-11-18,1.34902875e-05,0.056200054,0.86764336,0.9238434,0.00043360423,0.020823166
2016-11-21,1.737659e-05,0.057926983,0.862344,0.92027104,0.0003915417,0.019787412
2016-11-22,2.5359375e-06,0.0563032,0.8756527,0.9319559,0.00044057472,0.020989873
2016-11-23,2.1172436e-05,0.07101462,0.84343415,0.9144488,0.00039526066,0.019881163
2016-11-25,1.9119429e-05,0.06434306,0.85597223,0.92031527,0.0003547462,0.018834708
2016-11-28,1.5925287e-05,0.0525477,0.8752486,0.9277963,0.00042899605,0.02071222
2016-11-29,1.487203e-05,0.08064283,0.8296981,0.9103409,0.00041613527,0.020399394
2016-11-30,1.0214606e-05,0.05182855,0.88157576,0.9334043,0.0004910877,0.022160498
2016-12-01,1.3865825e-06,0.049281213,0.8852611,0.93454236,0.00085174793,0.029184721
2016-12-02,5.615819e-06,0.052937604,0.8741712,0.9271088,0.0008059734,0.028389672
2016-12-05,3.3940664e-06,0.04763993,0.89287007,0.94051,0.0007176215,0.026788458
2016-12-06,3.5407518e-06,0.051689275,0.8856226,0.9373119,0.00064431195,0.025383301
2016-12-07,7.009776e-06,0.053719565,0.88097894,0.9346985,0.0005890151,0.024269633
2016-12-08,1.6108575e-05,0.06085544,0.86509293,0.9259484,0.0005549549,0.02355748
2016-12-09,1.2190721e-05,0.072601885,0.84938836,0.9219903,0.00052319263,0.022873405
2016-12-12,7.115593e-06,0.062302362,0.86809653,0.9303989,0.0004682751,0.021639666
2016-12-13,4.482127e-06,0.060477916,0.87178445,0.93226236,0.00045346678,0.02129476
2016-12-14,2.8169356e-06,0.043746054,0.90068144,0.9444275,0.00040022458,0.020005614
2016-12-15,1.2455009e-05,0.05277011,0.87445474,0.9272249,0.00042485452,0.020612
2016-12-16,1.9396897e-05,0.07286587,0.84399,0.91685593,0.000384432,0.019606937
2016-12-19,1.56005e-05,0.06656493,0.8504083,0.91697323,0.0003708467,0.019257382
2016-12-20,1.2705837e-05,0.059291273,0.8648742,0.9241655,0.0003320479,0.018222181
2016-12-21,1.0762347e-05,0.07064881,0.85197836,0.92262715,0.00030009943,0.017323378
2016-12-22,7.143016e-06,0.06405574,0.86391944,0.9279752,0.00026803918,0.016371902
2016-12-23,1.1300057e-05,0.07264891,0.8494507,0.9220996,0.00024335332,0.015599786
2016-12-27,1.1452034e-05,0.06717519,0.8572409,0.9244161,0.00021810658,0.014768432
2016-12-28,9.082916e-06,0.07065885,0.85191166,0.9225705,0.00021616575,0.014702576
2016-12-29,8.6863165e-06,0.069013946,0.8567572,0.9257712,0.00019377343,0.013920252
2016-12-30,9.096008e-06,0.06772171,0.85957426,0.927296,0.0001768579,0.013298793
2017-01-03,9.950631e-06,0.062306136,0.86596346,0.9282696,0.00016120638,0.012696708
2017-01-04,1.36463395e-05,0.0664319,0.86103165,0.92746353,0.00019305458,0.013894408
2017-01-05,1.1455538e-05,0.07042083,0.85168815,0.922109,0.00020000123,0.014142179
2017-01-06,3.0370724e-05,0.0799542,0.82980514,0.90975934,0.00018767107,0.013699309
2017-01-09,2.2833905e-05,0.07844156,0.8352335,0.91367507,0.00018741933,0.013690118
2017-01-10,7.506202e-06,0.05347919,0.8827505,0.9362297,0.00029584544,0.017200159
2017-01-11,2.1499134e-05,0.06810705,0.84847987,0.91658694,0.00029548098,0.01718956
2017-01-12,7.493152e-06,0.0679821,0.8539432,0.9219253,0.00032386876,0.017996354
2017-01-13,2.9340872e-05,0.0775227,0.83019507,0.90771776,0.0002978281,0.017257698
2017-01-17,3.3151722e-05,0.07645389,0.8341116,0.91056544,0.00028843078,0.01698325
2017-01-18,2.625737e-05,0.07965599,0.83434933,0.91400534,0.0002740081,0.01655319
2017-01-19,3.0796524e-05,0.062357303,0.8582859,0.9206432,0.0003140163,0.017720506
2017-01-20,2.7011474e-05,0.073340595,0.8376874,0.91102797,0.0003021661,0.017382925
2017-01-23,7.6510705e-06,0.06944048,0.85554445,0.92498493,0.00030954182,0.017593801
2017-01-24,2.9593642e-05,0.07276777,0.84045005,0.91321784,0.00027503367,0.01658414
2017-01-25,1.7661025e-05,0.07582796,0.84023523,0.9160632,0.0002652984,0.016287984
2017-01-26,1.5841257e-05,0.06572239,0.8582341,0.9239565,0.00024583252,0.015679047
2017-01-27,6.9849475e-06,0.068388656,0.8578428,0.92623144,0.0002508722,0.015838945
2017-01-30,3.1686293e-05,0.07390286,0.8376482,0.91155106,0.00023142192,0.015212558
2017-01-31,2.5893954e-05,0.07236153,0.84440327,0.9167648,0.00023355563,0.015282528
2017-02-01,2.1314669e-05,0.0743713,0.8423861,0.9167574,0.00022385259,0.014961705
2017-02-02,7.348941e-06,0.06428774,0.8594595,0.92374724,0.00023918878,0.015465729
2017-02-03,1.8873288e-05,0.066267096,0.8534592,0.91972625,0.000215671,0.014685742
2017-02-06,1.0253285e-05,0.067754306,0.8562038,0.9239581,0.00020472678,0.014308277
2017-02-07,1.7910472e-05,0.06380251,0.8573852,0.92118776,0.00020194381,0.014210694
2017-02-08,3.0129575e-05,0.07823637,0.83080375,0.9090401,0.00020776084,0.014413911
2017-02-09,1.1480714e-05,0.07300801,0.84745777,0.92046577,0.00020346322,0.014264054
2017-02-10,2.525097e-05,0.07744773,0.8324837,0.9099314,0.00019499245,0.013963969
2017-02-13,1.3804882e-05,0.07080383,0.8479373,0.9187411,0.00020712742,0.014391922
2017-02-14,1.2631425e-05,0.063026726,0.8639577,0.9269844,0.0002114346,0.014540791
2017-02-15,1.1217722e-05,0.0685875,0.8547797,0.9233672,0.00019680249,0.014028631
2017-02-16,2.3277913e-05,0.07533354,0.8382098,0.91354334,0.00017968862,0.013404799
2017-02-17,2.5590474e-05,0.07479795,0.8381566,0.9129545,0.0001754116,0.013244304
2017-02-21,2.4996194e-05,0.071524374,0.8407467,0.9122711,0.00017263471,0.013139053
2017-02-22,6.503083e-06,0.06306286,0.87089807,0.9339609,0.00018056684,0.013437516
2017-02-23,1.0167903e-05,0.06089905,0.86376727,0.9246663,0.00016879964,0.012992292
2017-02-24,6.058014e-06,0.060263734,0.86929286,0.9295566,0.00017100459,0.013076873
2017-02-27,2.0403399e-05,0.06816419,0.84845096,0.9166151,0.00015926492,0.012620021
2017-02-28,1.6455015e-05,0.07284704,0.84350014,0.91634715,0.0001555873,0.012473464
2017-03-01,2.2116976e-05,0.07997518,0.83142906,0.91140425,0.00014775856,0.012155598
2017-03-02,2.255622e-06,0.057458803,0.88131106,0.9387699,0.00014597396,0.012081969
2017-03-03,8.3551595e-06,0.06608424,0.8606663,0.92675054,0.00016165386,0.012714317
2017-03-06,9.777747e-06,0.07789084,0.8430821,0.92097294,0.00015932295,0.01262232
2017-03-07,1.7894381e-05,0.0810771,0.8324204,0.9134975,0.00014464685,0.012026922
2017-03-08,1.8954053e-05,0.07842601,0.83637553,0.91480154,0.00013844637,0.011766324
2017-03-09,3.0915483e-06,0.053608805,0.8831457,0.93675447,0.0003765924,0.019405989
2017-03-10,1.3542893e-05,0.07700522,0.84160477,0.91861,0.00035776457,0.018914666
2017-03-13,2.0632357e-05,0.08238157,0.82804316,0.9104247,0.00033527362,0.018310478
2017-03-14,2.9867922e-05,0.08657095,0.81798244,0.9045534,0.00029860524,0.017280199
2017-03-15,2.0485675e-05,0.07872901,0.83411056,0.9128396,0.0002919687,0.01708709
2017-03-16,2.4042782e-05,0.08222104,0.8272869,0.90950793,0.0003071273,0.017525049
2017-03-17,3.52659e-05,0.083945744,0.823123,0.9070687,0.00027862386,0.01669203
2017-03-20,1.8703948e-05,0.07366109,0.8393186,0.91297966,0.00026462146,0.01626719
2017-03-21,3.5895275e-05,0.07603081,0.826434,0.9024648,0.00025098468,0.015842495
2017-03-22,7.123967e-06,0.06443387,0.8623179,0.9267518,0.00026969795,0.016422482
2017-03-23,3.073472e-05,0.08688216,0.82045496,0.9073371,0.00025317978,0.015911624
2017-03-24,4.531427e-05,0.087722436,0.81175864,0.89948106,0.0002431018,0.015591722
2017-03-27,2.8208067e-05,0.08445307,0.8212152,0.90566826,0.00024524608,0.015660334
2017-03-28,4.5871595e-05,0.08746291,0.811819,0.8992819,0.0002319131,0.015228693
2017-03-29,2.0189236e-05,0.0814145,0.8304783,0.91189283,0.00024917736,0.015785353
2017-03-30,1.0902308e-05,0.07650036,0.84131753,0.9178179,0.00027051673,0.016447393
2017-03-31,1.4461932e-05,0.07857335,0.837905,0.91647834,0.00025961164,0.01611247
2017-04-03,1.2967207e-05,0.07752606,0.8406954,0.9182215,0.00023376025,0.01528922
2017-04-04,2.47239e-05,0.07985931,0.8317982,0.9116575,0.00021367517,0.014617632
2017-04-05,7.7179575e-06,0.078453064,0.8428332,0.9212863,0.00022138143,0.014878892
2017-04-06,1.5253865e-05,0.08032593,0.83477044,0.9150964,0.00019466487,0.013952236
2017-04-07,1.4516917e-05,0.08487707,0.82850707,0.91338414,0.00018658742,0.013659701
2017-04-10,9.197861e-06,0.078296974,0.843438,0.921735,0.00017790518,0.01333811
2017-04-11,7.844636e-06,0.07501911,0.8488114,0.9238305,0.00017865488,0.013366184
2017-04-12,1.0213438e-05,0.07648061,0.8464995,0.9229801,0.00016201405,0.012728474
2017-04-13,1.7009246e-05,0.08370447,0.83019364,0.9138981,0.00014980348,0.012239424
2017-04-17,1.7075012e-05,0.0847219,0.8271567,0.91187865,0.00014147797,0.011894451
2017-04-18,2.820624e-05,0.08378317,0.82191414,0.9056973,0.00014295711,0.011956467
2017-04-19,2.797236e-05,0.08485409,0.8188956,0.90374964,0.00014761717,0.012149781
2017-04-20,6.4461296e-05,0.0895304,0.79653805,0.88606846,0.0002747726,0.016576266
2017-04-21,9.013417e-06,0.07746164,0.84126,0.9187217,0.0002844787,0.016866496
2017-04-24,6.913976e-05,0.098693654,0.78905654,0.8877502,0.0002618787,0.016182667
2017-04-25,6.179269e-05,0.09637497,0.79279053,0.8891655,0.00028225154,0.016800344
2017-04-26,3.8877617e-05,0.09052022,0.807165,0.8976852,0.00028959595,0.01701752
2017-04-27,3.9379596e-05,0.09019358,0.8077195,0.8979131,0.00027272006,0.016514238
2017-04-28,3.1187115e-05,0.08700424,0.81443083,0.9014351,0.00027584375,0.016608544
2017-05-01,1.669884e-05,0.080566786,0.8306066,0.91117334,0.0002602481,0.016132208
2017-05-02,3.98754e-05,0.08449342,0.8139936,0.898487,0.00024123106,0.015531614
2017-05-03,4.5131837e-05,0.089833945,0.80613184,0.8959658,0.0002876428,0.016960034
2017-05-04,2.2119168e-05,0.08261365,0.82471484,0.9073285,0.00027789708,0.016670246
2017-05-05,1.5084836e-05,0.07137431,0.84638375,0.91775805,0.00045373722,0.021301107
2017-05-08,3.0073155e-05,0.08914449,0.81269515,0.9018396,0.0004152914,0.0203787
2017-05-09,5.949638e-05,0.091819055,0.79995877,0.8917778,0.00036924545,0.01921576
2017-05-10,0.00013043005,0.106751256,0.7655463,0.8722976,0.00036837708,0.019193152
2017-05-11,1.1157803e-05,0.07114719,0.84616256,0.91730976,0.00051440805,0.022680566
2017-05-12,4.3629698e-05,0.08673658,0.81281316,0.8995497,0.0004539785,0.021306772
2017-05-15,4.0332117e-05,0.08680867,0.812511,0.8993197,0.0004126294,0.020313282
2017-05-16,3.292224e-05,0.084884726,0.8178745,0.9027592,0.00041273507,0.020315882
2017-05-17,6.130776e-05,0.0907185,0.80552655,0.89624506,0.00037191872,0.019285195
2017-05-18,6.370138e-05,0.096402735,0.7973363,0.893739,0.00036697084,0.019156482
2017-05-19,5.6077988e-05,0.09392866,0.79752016,0.8914488,0.00035919668,0.018952485
2017-05-22,1.191077e-05,0.07013242,0.8445086,0.914641,0.00037809552,0.019444678
2017-05-23,2.749132e-05,0.09156151,0.81137055,0.90293205,0.00033538166,0.018313428
2017-05-24,3.4456276e-05,0.091862336,0.8116065,0.90346885,0.00031826255,0.017839914
2017-05-25,4.354986e-05,0.09396364,0.80552,0.8994836,0.00029326684,0.017125035
2017-05-26,5.1650837e-05,0.084642105,0.81373966,0.89838177,0.0005080772,0.022540567
2017-05-30,2.3577635e-05,0.093804576,0.8085513,0.9023559,0.00049260503,0.022194708
2017-05-31,8.0374724e-05,0.098023,0.7891356,0.8871586,0.00042273192,0.020560445
2017-06-01,0.000110800735,0.09994867,0.7834457,0.88339436,0.0004884378,0.02210063
2017-06-02,8.161206e-05,0.10435547,0.7807035,0.88505894,0.0004935035,0.02221494
2017-06-05,7.815455e-05,0.09486503,0.7923689,0.8872339,0.0004897173,0.022129556
2017-06-06,7.614855e-05,0.09776966,0.7898281,0.8875978,0.00046925084,0.021662198
2017-06-07,2.0876758e-05,0.08260843,0.8260916,0.9087,0.00047281757,0.021744369
2017-06-08,1.2435441e-05,0.06098849,0.8616895,0.922678,0.00064198,0.025337324
2017-06-09,1.6724453e-05,0.07772948,0.8338686,0.9115981,0.00056585716,0.023787752
2017-06-12,2.4797851e-05,0.0808494,0.82397896,0.90482837,0.00048978504,0.022131087
2017-06-13,3.576393e-05,0.08415197,0.81443965,0.89859164,0.00043058296,0.020750493
2017-06-14,1.7305305e-05,0.07439467,0.83767694,0.9120716,0.00039183864,0.019794915
2017-06-15,1.3342784e-05,0.06303511,0.85608554,0.91912067,0.00045385002,0.021303756
2017-06-16,8.993563e-06,0.06806907,0.8513009,0.91936994,0.00040435008,0.020108458
2017-06-19,6.1064256e-06,0.05768618,0.86812717,0.9258133,0.00035572454,0.01886066
2017-06-20,8.640235e-06,0.05277399,0.8728022,0.9255762,0.00032372188,0.017992273
2017-06-21,3.7891139e-06,0.05808878,0.8742056,0.93229437,0.0003176628,0.017823098
2017-06-22,2.5983863e-05,0.07938573,0.82527363,0.9046594,0.00029737133,0.017244458
2017-06-23,1.0772278e-05,0.06903115,0.84980994,0.9188411,0.00027316276,0.016527636
2017-06-26,3.148601e-05,0.08089656,0.821438,0.9023346,0.00024546767,0.015667409
2017-06-27,2.4369077e-05,0.079979144,0.82581353,0.90579265,0.00023877238,0.015452261
2017-06-28,1.2628176e-05,0.069040895,0.84747905,0.91651994,0.0002517199,0.015865684
2017-06-29,2.5042942e-05,0.07782408,0.8310548,0.90887886,0.00023435472,0.015308648
2017-06-30,3.0510048e-05,0.07907751,0.8282984,0.90737593,0.0002210678,0.014868349
2017-07-03,1.3865293e-05,0.07194871,0.8443965,0.9163452,0.00025991595,0.016121909
2017-07-05,1.1377358e-05,0.064278245,0.8568051,0.92108333,0.00026789645,0.016367543
2017-07-06,2.3864903e-05,0.064878136,0.84955823,0.91443634,0.00035591092,0.018865602
2017-07-07,1.0736252e-05,0.07440576,0.843331,0.91773677,0.0003308051,0.018188048
2017-07-10,2.7358741e-05,0.0716289,0.8382055,0.9098344,0.0003521058,0.018764483
2017-07-11,2.645995e-05,0.08680861,0.8178082,0.90461683,0.00032343826,0.01798439
2017-07-12,3.9287155e-05,0.092058145,0.8045195,0.8965776,0.00030823535,0.017556632
2017-07-13,4.2260443e-05,0.08489455,0.817205,0.90209955,0.00029598878,0.017204324
2017-07-14,3.575687e-05,0.08573401,0.8162451,0.9019791,0.00029778847,0.017256549
2017-07-17,1.780968e-05,0.07481317,0.8403017,0.9151149,0.0002869324,0.01693908
2017-07-18,3.9425464e-05,0.07647733,0.8288612,0.9053385,0.00026871896,0.01639265
2017-07-19,1.112922e-05,0.06823349,0.85124373,0.9194772,0.00026706856,0.016342232
2017-07-20,6.1644737e-06,0.058547378,0.8685844,0.9271318,0.00025421192,0.015944025
2017-07-21,2.5955715e-05,0.07928336,0.828724,0.9080074,0.0002300352,0.015166911
2017-07-24,5.31037e-05,0.0824142,0.81772614,0.90014035,0.00025583984,0.015994994
2017-07-25,2.78068e-05,0.08604938,0.82000965,0.906059,0.00027451254,0.01656842
2017-07-26,1.06979705e-05,0.07600173,0.83749473,0.9134965,0.00034487838,0.018570902
2017-07-27,9.610066e-06,0.069024324,0.85025036,0.9192747,0.00032304646,0.017973494
2017-07-28,8.433751e-06,0.06955972,0.8527417,0.9223014,0.0002865406,0.01692751
2017-07-31,4.3273353e-06,0.059507195,0.8726821,0.9321893,0.00026519632,0.01628485
2017-08-01,4.275137e-06,0.054285694,0.8828456,0.9371313,0.00024058193,0.015510703
2017-08-02,1.5053744e-05,0.0626806,0.8572654,0.919946,0.00023958733,0.015478609
2017-08-03,1.0614776e-05,0.073836766,0.8456138,0.9194505,0.00022497245,0.014999081
2017-08-04,1.560169e-05,0.06974233,0.8484947,0.91823703,0.0002107314,0.014516591
2017-08-07,1.0252484e-05,0.07528601,0.84360594,0.91889197,0.00020276295,0.014239485
2017-08-08,1.8228151e-05,0.07738529,0.83595306,0.91333836,0.00018253844,0.013510679
2017-08-09,1.6997707e-05,0.079207875,0.8348578,0.9140657,0.00017251169,0.013134371
2017-08-10,1.4082515e-05,0.08213194,0.8296124,0.9117443,0.00016570644,0.0128727015
2017-08-11,3.450213e-05,0.08227691,0.8208725,0.90314937,0.00018432588,0.013576667
2017-08-14,1.850093e-05,0.08401157,0.8271463,0.91115785,0.00018748628,0.0136925625
2017-08-15,6.0847226e-05,0.08252302,0.81603926,0.8985623,0.00022918166,0.015138747
2017-08-16,3.577563e-05,0.09163876,0.81152207,0.9031608,0.0002479594,0.015746726
2017-08-17,5.7711222e-05,0.08691416,0.81079304,0.8977072,0.00026205438,0.016188094
2017-08-18,2.3065842e-05,0.08700918,0.819373,0.9063822,0.00027373875,0.016545052
2017-08-21,8.8182505e-06,0.067228936,0.85304475,0.92027366,0.0003230819,0.01797448
2017-08-22,1.7372979e-05,0.060229402,0.8565491,0.9167785,0.0003231121,0.01797532
2017-08-23,1.2808389e-05,0.07737591,0.838804,0.9161799,0.00029593962,0.017202895
2017-08-24,1.45402755e-05,0.07392979,0.84174144,0.9156712,0.00028042062,0.016745765
2017-08-25,3.2141572e-05,0.077070355,0.82993853,0.9070089,0.00028213867,0.016796984
2017-08-28,2.0145082e-05,0.07756778,0.8373851,0.9149529,0.00027257702,0.016509907
2017-08-29,5.517476e-05,0.08524113,0.8123893,0.89763045,0.00030809146,0.017552534
2017-08-30,1.4449105e-05,0.080227606,0.8355993,0.9158269,0.00030623432,0.017499551
2017-08-31,1.1698444e-05,0.07210507,0.8496633,0.92176837,0.00027935015,0.016713772
2017-09-01,7.155173e-07,0.048263215,0.89768803,0.9459512,0.0003018076,0.01737261
2017-09-05,8.034796e-06,0.0578523,0.8784465,0.93629885,0.0002716989,0.016483292
2017-09-06,5.85101e-06,0.069860496,0.86157113,0.93143165,0.0002932037,0.01712319
2017-09-07,1.7864353e-05,0.07698756,0.83902603,0.9160136,0.00026547263,0.01629333
2017-09-08,1.2528489e-05,0.06676617,0.8563536,0.9231198,0.0002408083,0.015517999
2017-09-11,3.4573484e-05,0.063470915,0.849641,0.9131119,0.0002939229,0.017144179
2017-09-12,2.4481164e-05,0.08223612,0.8264306,0.90866673,0.00029365811,0.017136456
2017-09-13,1.3601236e-05,0.07842414,0.8389249,0.91734904,0.0002679667,0.01636969
2017-09-14,1.6335101e-05,0.083456896,0.82761043,0.9110673,0.00027545015,0.016596692
2017-09-15,1.6651638e-05,0.07711409,0.83880097,0.9159151,0.00025570087,0.01599065
2017-09-18,4.6133764e-06,0.055552535,0.8808312,0.9363837,0.00023113714,0.015203195
2017-09-19,5.291415e-06,0.057608753,0.87604094,0.93364966,0.00020820822,0.014429422
2017-09-20,1.4069543e-05,0.067219354,0.8548348,0.9220542,0.00019221433,0.013864138
2017-09-21,1.3149331e-05,0.082142815,0.83121157,0.9133544,0.000201169,0.014183406
2017-09-22,9.202585e-06,0.06008133,0.86965454,0.92973584,0.00018090356,0.01345004
2017-09-25,7.999273e-06,0.0638506,0.86256754,0.9264181,0.00016675815,0.012913487
2017-09-26,5.5925484e-06,0.06646275,0.8589587,0.9254215,0.00020976605,0.014483302
2017-09-27,8.515792e-06,0.057102233,0.8719937,0.929096,0.0001887931,0.013740201
2017-09-28,1.0523673e-05,0.06998097,0.8529774,0.9229584,0.00017445245,0.013208045
2017-09-29,1.8631139e-05,0.07336994,0.8420759,0.9154458,0.00016841447,0.0129774595
2017-10-02,9.434643e-06,0.06555333,0.8612573,0.9268106,0.00016072001,0.012677539
2017-10-03,1.962746e-05,0.062402923,0.8581638,0.9205667,0.00017824219,0.013350737
2017-10-04,1.0057922e-05,0.06472928,0.8596367,0.924366,0.0001733002,0.013164354
2017-10-05,2.3352057e-05,0.076266594,0.8329075,0.9091741,0.00016424574,0.01281584
2017-10-06,1.2157868e-05,0.06965875,0.8492481,0.91890687,0.00017935639,0.0133924
2017-10-09,1.4620061e-05,0.057851482,0.8654738,0.9233253,0.00022795323,0.01509812
2017-10-10,1.05940535e-05,0.06611139,0.85729104,0.9234024,0.00021375927,0.014620508
2017-10-11,8.394806e-06,0.06987277,0.84941906,0.91929185,0.00024013231,0.015496204
2017-10-12,7.994376e-06,0.05909255,0.8679604,0.927053,0.00021601634,0.014697494
2017-10-13,1.6383296e-05,0.06545528,0.85306424,0.9185195,0.00020698432,0.014386949
2017-10-16,3.953825e-06,0.060345367,0.8730379,0.9333832,0.00021066678,0.014514364
2017-10-17,8.87774e-06,0.057021838,0.8724992,0.9295211,0.00019166037,0.013844145
2017-10-18,1.0513291e-05,0.062180128,0.86402196,0.92620206,0.00017610128,0.013270316
2017-10-19,2.3358116e-06,0.041648094,0.904913,0.9465611,0.000163181,0.012774232
2017-10-20,7.3736323e-06,0.050534904,0.88047284,0.93100774,0.00015903164,0.0126107745
2017-10-23,6.0429784e-06,0.06981574,0.8552044,0.92502016,0.00014794516,0.012163271
2017-10-24,1.0207407e-05,0.067303225,0.8566649,0.92396814,0.00013715922,0.0117115
2017-10-25,7.901401e-06,0.07011923,0.85540324,0.92552245,0.00013543255,0.011637549
2017-10-26,1.3702544e-05,0.06429094,0.85957944,0.9238704,0.00012607008,0.011228093
2017-10-27,9.991754e-06,0.06562168,0.8609149,0.92653656,0.0001267896,0.0112600885
2017-10-30,4.730076e-06,0.053222198,0.8828126,0.9360348,0.00015521816,0.012458658
2017-10-31,5.641169e-06,0.06059057,0.8699893,0.93057984,0.00014279777,0.011949802
2017-11-01,4.000511e-06,0.055011887,0.8830192,0.9380311,0.00013085756,0.011439299
2017-11-02,1.4485988e-05,0.06645771,0.85731286,0.92377055,0.00011970571,0.010941011
2017-11-03,5.584079e-06,0.0620933,0.8705684,0.9326617,0.000118284304,0.010875858
2017-11-06,6.637022e-06,0.0700486,0.8579163,0.9279649,0.00013280132,0.011523945
2017-11-07,2.4844041e-06,0.06139349,0.8765916,0.9379851,0.00018387244,0.013559957
2017-11-08,4.4143476e-06,0.05752266,0.88110334,0.938626,0.00016415636,0.012812352
2017-11-09,6.897503e-06,0.0668169,0.864629,0.9314459,0.00015191238,0.012325274
2017-11-10,4.3997e-06,0.060400717,0.87642425,0.936825,0.00014073815,0.011863311
2017-11-13,6.8978384e-06,0.061221197,0.8710802,0.9323014,0.00013138192,0.011462196
2017-11-14,1.0765086e-05,0.070503116,0.8550601,0.9255632,0.00012134329,0.011015593
2017-11-15,2.9789378e-05,0.07445353,0.8394787,0.9139322,0.00014013486,0.011837857
2017-11-16,1.870293e-05,0.071063764,0.84841,0.91947377,0.00015094737,0.012286064
2017-11-17,1.2784489e-05,0.061636426,0.86548144,0.9271179,0.00014771427,0.012153775
2017-11-20,6.7664587e-06,0.06558567,0.86067355,0.9262592,0.00017927754,0.013389456
2017-11-21,1.1162174e-05,0.065833986,0.8581274,0.9239614,0.00016566775,0.012871198
2017-11-22,7.523974e-06,0.06464886,0.8645561,0.92920494,0.00016427826,0.012817108
2017-11-24,7.27196e-06,0.06291663,0.86745346,0.9303701,0.00017675904,0.013295076
2017-11-27,1.794322e-06,0.043231968,0.90456736,0.9477993,0.00017609673,0.013270144
2017-11-28,7.434713e-06,0.055494897,0.875083,0.93057793,0.00017025144,0.0130480435
2017-11-29,6.9768503e-06,0.06391938,0.86682475,0.9307441,0.00015670634,0.01251824
2017-11-30,9.133901e-06,0.06505063,0.8622001,0.92725074,0.00015229457,0.012340768
2017-12-01,8.264703e-06,0.06448087,0.865429,0.9299098,0.00014059554,0.011857299
2017-12-04,7.6157803e-06,0.06883237,0.858162,0.9269943,0.00014723552,0.012134065
2017-12-05,1.0117375e-05,0.053095758,0.8790278,0.93212354,0.00015066826,0.0122747
2017-12-06,6.9508537e-06,0.06208368,0.86888736,0.930971,0.00014286423,0.011952583
2017-12-07,3.1361528e-06,0.043908894,0.8987819,0.9426908,0.0001848977,0.013597709
2017-12-08,2.0985397e-06,0.04874161,0.8941996,0.9429412,0.00017645885,0.013283782
2017-12-11,1.1129634e-05,0.06320689,0.85985583,0.92306274,0.00016637961,0.012898822
2017-12-12,8.059407e-06,0.060324423,0.86789227,0.9282167,0.00016144839,0.012706234
2017-12-13,5.709433e-06,0.04879465,0.8891723,0.93796694,0.00016170711,0.012716411
2017-12-14,7.900859e-06,0.0517386,0.8816555,0.93339413,0.00015409004,0.012413301
2017-12-15,5.0905946e-06,0.05619243,0.8781092,0.9343017,0.00014669272,0.012111677
2017-12-18,5.4248185e-06,0.046427913,0.89146364,0.93789154,0.00013496075,0.011617261
2017-12-19,7.681957e-06,0.054795925,0.8728009,0.9275968,0.00012606471,0.0112278545
2017-12-20,4.719303e-06,0.05710905,0.8757018,0.93281084,0.00011909544,0.010913086
2017-12-21,4.876601e-06,0.053637963,0.88179123,0.9354292,0.000115544506,0.010749163
2017-12-22,6.633648e-06,0.055174403,0.87763304,0.93280745,0.000107814594,0.010383381
2017-12-26,5.9168924e-06,0.056148622,0.8765146,0.93266326,0.000101409954,0.010070251
2017-12-27,1.443355e-06,0.0475883,0.897214,0.9448023,0.00013023986,0.011412268
2017-12-28,5.472046e-06,0.051963426,0.8830026,0.934966,0.000119857104,0.010947927
2017-12-29,4.379668e-06,0.059478477,0.8748513,0.93432975,0.0001118182,0.0105744125
2018-01-02,4.147778e-06,0.06045437,0.8744053,0.9348597,0.000107500906,0.010368264
2018-01-03,5.53817e-06,0.05948035,0.87348616,0.93296653,9.821211e-05,0.009910203
2018-01-04,2.3161124e-06,0.05797973,0.88239455,0.94037426,0.000116194264,0.0107793445
2018-01-05,4.2530423e-06,0.05569008,0.88267976,0.93836987,0.00010688967,0.010338746
2018-01-08,7.3146075e-06,0.055891052,0.87735796,0.933249,0.00010356871,0.010176871
2018-01-09,5.0835256e-06,0.06353443,0.86993724,0.9334717,9.931329e-05,0.009965605
2018-01-10,2.7884066e-06,0.063340925,0.8748424,0.9381833,0.0001156902,0.010755938
2018-01-11,4.9768946e-06,0.06208899,0.87244976,0.9345387,0.00010963555,0.0104706995
2018-01-12,4.8504535e-06,0.07021138,0.8621905,0.9324019,0.00010134729,0.010067139
2018-01-16,4.7353274e-06,0.07030502,0.86285406,0.9331591,9.6284035e-05,0.009812443
2018-01-17,8.134432e-06,0.07009468,0.8587998,0.9288945,9.365315e-05,0.009677456
2018-01-18,5.9221734e-06,0.06992606,0.8605795,0.9305056,8.944711e-05,0.009457648
2018-01-19,8.623708e-06,0.06949895,0.85790116,0.9274001,8.291754e-05,0.009105907
2018-01-22,1.7588054e-05,0.070869155,0.8468769,0.91774607,8.5795386e-05,0.0092625795
2018-01-23,4.7670455e-06,0.07387085,0.85624677,0.9301176,9.0446934e-05,0.00951036
2018-01-24,4.5011593e-06,0.0751935,0.853419,0.92861253,9.907474e-05,0.009953629
2018-01-25,5.077457e-06,0.07575773,0.8529811,0.92873883,0.00011160827,0.010564482
2018-01-26,7.5135836e-06,0.074242875,0.85332036,0.92756325,0.00010050502,0.010025219
2018-01-29,5.2857117e-06,0.07388246,0.8553751,0.9292576,9.978377e-05,0.009989182
2018-01-30,1.1266009e-05,0.081567295,0.83917934,0.9207466,9.664513e-05,0.009830826
2018-01-31,6.8678714e-06,0.063281864,0.87101805,0.93429995,0.00011460042,0.010705159
2018-02-01,8.212862e-06,0.07010537,0.85905516,0.92916054,0.00010739741,0.010363272
2018-02-02,9.47737e-06,0.07086851,0.85539603,0.9262645,0.00011884034,0.0109013915
2018-02-05,1.5323734e-05,0.07717835,0.8430144,0.9201928,0.00011330978,0.010644707
2018-02-06,1.9640747e-05,0.07491958,0.8437823,0.9187019,0.00014255967,0.011939836
2018-02-07,1.98308e-05,0.074868135,0.84289503,0.9177632,0.00015094777,0.01228608
2018-02-08,1.7229664e-05,0.07513457,0.8443223,0.9194569,0.00019679642,0.014028415
2018-02-09,4.67915e-05,0.090171784,0.8125573,0.90272903,0.00019186408,0.013851501
2018-02-12,1.3408977e-05,0.07215356,0.85103196,0.9231855,0.00029862399,0.01728074
2018-02-13,5.8089663e-05,0.09871041,0.80034715,0.89905757,0.0002676714,0.016360667
2018-02-14,6.148842e-05,0.09529366,0.8009693,0.89626294,0.0002726749,0.01651287
2018-02-15,1.9600297e-05,0.07297896,0.84062135,0.9136003,0.00033177526,0.018214699
2018-02-16,4.7252608e-05,0.08471468,0.81751215,0.9022268,0.0003088817,0.017575031
2018-02-20,2.7275304e-05,0.073630504,0.83870053,0.91233104,0.00030216362,0.017382855
2018-02-21,9.581599e-06,0.07071237,0.8551238,0.9258362,0.00028152723,0.016778773
2018-02-22,3.095816e-05,0.08031983,0.8309976,0.9113174,0.0002513269,0.015853293
2018-02-23,2.3841754e-05,0.08153578,0.8325783,0.91411406,0.00026387328,0.016244177
2018-02-26,1.6147602e-05,0.07684152,0.8418723,0.9187138,0.00025555538,0.0159861
2018-02-27,2.3872843e-05,0.08329738,0.8292586,0.912556,0.00023356662,0.015282886
2018-02-28,3.8455662e-05,0.08437526,0.82176226,0.9061375,0.00023481157,0.015323563
2018-03-01,2.0867228e-05,0.07830804,0.838503,0.91681105,0.0002729657,0.016521674
2018-03-02,6.605931e-06,0.07420786,0.8526401,0.92684793,0.00025890037,0.016090382
2018-03-05,4.2205116e-05,0.093616515,0.8072862,0.90090275,0.000228569,0.015118498
2018-03-06,2.2623011e-05,0.0909179,0.8181139,0.9090318,0.00026845705,0.01638466
2018-03-07,3.220037e-05,0.09189362,0.81401765,0.90591127,0.00024225812,0.015564643
2018-03-08,2.78103e-05,0.08654347,0.8228526,0.90939605,0.0002807757,0.016756363
2018-03-09,4.4092965e-05,0.09166071,0.8107386,0.9023993,0.00028443895,0.016865319
2018-03-12,8.740391e-06,0.0754903,0.84691435,0.92240465,0.00036408484,0.019081008
2018-03-13,5.2420688e-05,0.09502191,0.80205315,0.89707506,0.0003266094,0.018072339
2018-03-14,4.29356e-05,0.09300486,0.80819494,0.9011998,0.00032558275,0.018043911
2018-03-15,1.828291e-05,0.083452806,0.8316231,0.9150759,0.000307485,0.01753525
2018-03-16,2.5020463e-05,0.08490347,0.82708085,0.9119843,0.0002750504,0.016584644
2018-03-19,1.9070885e-05,0.081591904,0.8293572,0.9109491,0.0002812877,0.016771633
2018-03-20,3.678488e-05,0.07979411,0.82528126,0.9050754,0.00025416925,0.015942687
2018-03-21,2.2815248e-06,0.059796985,0.87987816,0.93967515,0.00028225107,0.01680033
2018-03-22,2.7978024e-06,0.06012408,0.87756485,0.93768895,0.0002952807,0.017183734
2018-03-23,1.4820047e-05,0.07378995,0.8481718,0.9219617,0.00027312557,0.016526511
2018-03-26,4.1615926e-06,0.068028405,0.86469054,0.93271893,0.00028921576,0.017006345
2018-03-27,1.5841379e-05,0.07732208,0.84218377,0.91950583,0.00025610483,0.016003275
2018-03-28,1.6225757e-05,0.08629345,0.82889706,0.9151905,0.00023330728,0.015274399
2018-03-29,2.81921e-05,0.08903878,0.8185016,0.9075404,0.00022564927,0.015021627
2018-04-02,1.4916019e-05,0.08564274,0.82958925,0.915232,0.00021924697,0.0148069905
2018-04-03,4.5502904e-05,0.09159829,0.80828327,0.89988154,0.0002758404,0.016608443
2018-04-04,2.1764612e-05,0.091272056,0.81732786,0.9085999,0.00027388404,0.016549442
2018-04-05,3.686289e-05,0.0984663,0.8020159,0.9004822,0.00024615027,0.015689177
2018-04-06,2.8589442e-05,0.090482384,0.81499875,0.9054811,0.00023488018,0.015325801
2018-04-09,6.226098e-05,0.09575791,0.7944282,0.89018613,0.00027116947,0.016467225
2018-04-10,8.2751085e-06,0.07364089,0.8470619,0.92070276,0.00032182108,0.017939372
2018-04-11,4.5226866e-06,0.06236086,0.866777,0.9291379,0.00035730132,0.018902415
2018-04-12,8.50207e-06,0.07104146,0.85277355,0.923815,0.00033815723,0.018389052
2018-04-13,1.5337073e-05,0.079306275,0.83877075,0.918077,0.00029775663,0.017255627
2018-04-16,6.6573657e-06,0.07037581,0.85749704,0.92787284,0.00026672916,0.016331844
2018-04-17,2.9958894e-05,0.08480623,0.8230219,0.9078281,0.000257482,0.016046245
2018-04-18,2.3567636e-05,0.09202656,0.8163103,0.9083369,0.00024344846,0.015602835
2018-04-19,9.44791e-06,0.07277044,0.8434546,0.916225,0.00029801542,0.017263124
2018-04-20,1.907094e-05,0.074802406,0.83768904,0.91249144,0.00026139783,0.016167803
2018-04-23,7.2481475e-06,0.07922046,0.8440895,0.92331,0.00023813288,0.015431555
2018-04-24,1.184736e-05,0.08096116,0.83730495,0.9182661,0.00020927249,0.014466253
2018-04-25,3.667821e-05,0.09387119,0.80718064,0.9010518,0.00020293644,0.014245576
2018-04-26,2.1738446e-05,0.092348605,0.81533587,0.90768445,0.00020278263,0.014240176
2018-04-27,1.8328572e-05,0.08766799,0.82172424,0.90939224,0.00018738922,0.013689018
2018-04-30,2.4431414e-05,0.08887433,0.81797236,0.9068467,0.00017251594,0.013134533
2018-05-01,2.5923591e-05,0.094566815,0.80963504,0.90420187,0.00016949752,0.013019121
2018-05-02,3.4633656e-05,0.099068254,0.79991126,0.89897954,0.0001996577,0.014130029
2018-05-03,1.5377147e-05,0.085999526,0.82597506,0.9119746,0.0002039577,0.014281375
2018-05-04,3.0652525e-05,0.09371978,0.80956864,0.9032884,0.0001882066,0.013718841
2018-05-07,1.1714406e-05,0.07941213,0.83580863,0.91522074,0.0002149802,0.014662203
2018-05-08,1.1774142e-05,0.0802149,0.83518285,0.91539776,0.0002073503,0.014399664
2018-05-09,3.331175e-05,0.0901046,0.81286305,0.90296763,0.00023155092,0.015216798
2018-05-10,1.965956e-06,0.059710328,0.87702674,0.93673706,0.0002997599,0.017313575
2018-05-11,1.00738325e-05,0.08301951,0.8338209,0.9168404,0.0002653583,0.016289823
2018-05-14,1.8268729e-05,0.08502627,0.8247453,0.90977156,0.00023882891,0.01545409
2018-05-15,1.3510216e-05,0.08835866,0.82216156,0.9105202,0.0002162608,0.014705809
2018-05-16,1.1008369e-05,0.08649221,0.8299442,0.91643643,0.00019327283,0.01390226
2018-05-17,9.79856e-06,0.08241556,0.83570796,0.91812354,0.00017187643,0.013110165
2018-05-18,1.6694543e-05,0.092416085,0.8160239,0.90844,0.00015344065,0.012387116
2018-05-21,1.3266143e-05,0.084155664,0.828796,0.9129517,0.00014282313,0.0119508635
2018-05-22,5.646854e-06,0.06789092,0.8558251,0.92371607,0.00014623249,0.012092663
2018-05-23,4.5775787e-06,0.08220804,0.8416955,0.9239035,0.00013100012,0.011445529
2018-05-24,1.5215549e-05,0.09032254,0.8182186,0.90854114,0.00011631593,0.010784986
2018-05-25,2.1573016e-05,0.09419637,0.8087642,0.9029606,0.00013369306,0.011562572
2018-05-29,4.378643e-05,0.101237595,0.7918947,0.89313227,0.00028846395,0.016984226
2018-05-30,3.0196632e-05,0.09472179,0.8042977,0.8990195,0.00030250335,0.017392624
2018-05-31,1.497189e-05,0.08928705,0.8176417,0.9069287,0.00031821668,0.017838629
2018-06-01,2.560475e-05,0.092228785,0.8075923,0.89982104,0.0003025362,0.017393569
2018-06-04,2.775788e-05,0.090265095,0.8084944,0.8987595,0.00030227375,0.017386021
2018-06-05,3.1669348e-05,0.088793084,0.81091934,0.89971244,0.00029656128,0.017220955
2018-06-06,3.209194e-05,0.09263222,0.8071274,0.89975965,0.00028413112,0.01685619
2018-06-07,4.4093216e-05,0.09532366,0.7975653,0.89288896,0.00027552622,0.016598983
2018-06-08,5.355552e-06,0.06862464,0.8572564,0.925881,0.0002963381,0.017214473
2018-06-11,2.6798463e-05,0.08610638,0.8189203,0.9050267,0.00026018574,0.016130274
2018-06-12,2.6312397e-05,0.0927868,0.8094845,0.9022713,0.00024224528,0.015564231
2018-06-13,3.0509582e-05,0.09372988,0.8068256,0.9005555,0.00022368808,0.014956205
2018-06-14,1.4132406e-05,0.083813675,0.8289854,0.91279906,0.00021248778,0.01457696
2018-06-15,3.743384e-05,0.09749809,0.7997072,0.89720523,0.0001913294,0.013832187
2018-06-18,3.7396672e-05,0.09565163,0.7997141,0.8953657,0.00026659848,0.016327843
2018-06-19,8.222255e-06,0.07421133,0.84462655,0.9188379,0.0002640551,0.016249772
2018-06-20,3.276518e-05,0.07744711,0.82456154,0.90200865,0.00024215976,0.015561483
2018-06-21,1.7319942e-05,0.090758674,0.8175989,0.90835756,0.00025564703,0.015988966
2018-06-22,4.182804e-05,0.09963212,0.7942805,0.8939127,0.00023640147,0.015375352
2018-06-25,4.834448e-06,0.06376198,0.8645434,0.9283054,0.00043253286,0.020797424
2018-06-26,5.0781928e-05,0.09238619,0.804469,0.8968552,0.00038238967,0.019554786
2018-06-27,1.1503545e-05,0.074620344,0.8424988,0.91711915,0.00047252042,0.021737535
2018-06-28,3.5009587e-06,0.06113646,0.8705021,0.9316386,0.00048093923,0.021930326
2018-06-29,1.4945815e-05,0.072395,0.8475735,0.9199685,0.00042736754,0.020672869
2018-07-02,8.762025e-06,0.07277995,0.85074306,0.923523,0.0003834009,0.019580625
2018-07-03,2.4044133e-05,0.07684814,0.837696,0.91454417,0.00033561245,0.018319728
2018-07-05,2.3153696e-05,0.090224504,0.81874377,0.90896827,0.00030566275,0.017483214
2018-07-06,5.874665e-05,0.09399901,0.801684,0.89568305,0.00029805666,0.017264318
2018-07-09,4.106508e-05,0.09823311,0.79932314,0.89755625,0.0003101528,0.017611155
2018-07-10,2.10338e-05,0.089595415,0.81887454,0.90847,0.00028899894,0.01699997
2018-07-11,2.868185e-05,0.087909274,0.8180567,0.905966,0.00025866673,0.01608312
2018-07-12,4.0088466e-06,0.05287884,0.8790468,0.93192565,0.00047662522,0.021831749
2018-07-13,1.4872243e-05,0.08623423,0.82415,0.91038424,0.00042302944,0.02056768
2018-07-16,2.8952782e-05,0.089633495,0.8110574,0.9006909,0.0003711534,0.019265343
2018-07-17,1.1858496e-05,0.063629396,0.8540384,0.9176678,0.000492948,0.022202432
2018-07-18,1.4848987e-05,0.08123224,0.8297038,0.91093606,0.00043285548,0.020805178
2018-07-19,1.2003285e-05,0.068166696,0.847363,0.91552967,0.0003816811,0.019536661
2018-07-20,1.5534257e-05,0.0671402,0.8449222,0.9120624,0.00034213378,0.018496858
2018-07-23,1.1935867e-05,0.06821524,0.849034,0.91724926,0.00031793097,0.01783062
2018-07-24,3.048769e-05,0.06805345,0.8371869,0.9052403,0.00037710965,0.01941931
2018-07-25,2.5579864e-05,0.08146014,0.82483256,0.9062927,0.0003517457,0.018754885
2018-07-26,1.5191656e-05,0.07885541,0.8327832,0.9116386,0.00032576686,0.018049013
2018-07-27,1.3009214e-05,0.07713052,0.8373205,0.914451,0.00028791215,0.016967975
2018-07-30,3.3219836e-05,0.08758653,0.8135139,0.9011004,0.00026816895,0.016375866
2018-07-31,2.5081024e-05,0.08682113,0.8197687,0.90658987,0.00028832426,0.016980113
2018-08-01,4.9478193e-05,0.08582898,0.8122679,0.89809686,0.0002959511,0.017203229
2018-08-02,3.0073472e-05,0.080150016,0.82684,0.90699,0.00031277403,0.017685419
2018-08-03,1.2102676e-05,0.07837681,0.8366146,0.91499144,0.0003170838,0.017806847
2018-08-06,2.9218583e-05,0.08129155,0.8248752,0.90616673,0.00028127263,0.016771184
2018-08-07,4.4470067e-05,0.094338834,0.80314326,0.8974821,0.0002656308,0.016298184
2018-08-08,1.8322038e-05,0.08326279,0.8272979,0.9105607,0.00025822845,0.016069489
2018-08-09,3.4779645e-05,0.076398335,0.83086747,0.9072658,0.0003225135,0.01795866
2018-08-10,2.6318192e-05,0.08845493,0.81865424,0.90710914,0.0003030997,0.017409759
2018-08-13,2.2259275e-05,0.08332157,0.82530165,0.9086232,0.00028716846,0.016946046
2018-08-14,8.959984e-05,0.0965631,0.7914614,0.8880245,0.00026287537,0.016213432
2018-08-15,4.2018535e-05,0.095047064,0.8046899,0.89973694,0.0002983046,0.017271496
2018-08-16,4.9292154e-05,0.0801078,0.8197361,0.89984393,0.00037314923,0.019317072
2018-08-17,3.6830188e-05,0.089279115,0.8129113,0.9021904,0.0003587606,0.018940976
2018-08-20,1.959331e-05,0.07636568,0.8354434,0.9118091,0.00033240952,0.018232102
2018-08-21,1.0867668e-05,0.06602803,0.8544819,0.92050993,0.0003017714,0.017371569
2018-08-22,2.939432e-05,0.08376884,0.81958705,0.9033559,0.00028084032,0.016758291
2018-08-23,1.859429e-05,0.07909511,0.83459276,0.9136879,0.00026407442,0.016250366
2018-08-24,2.7667265e-05,0.079967774,0.8311343,0.9111021,0.00023902241,0.01546035
2018-08-27,2.0548689e-05,0.07910308,0.83495003,0.9140531,0.00023948395,0.015475269
2018-08-28,1.1258433e-05,0.06572915,0.85920143,0.9249306,0.00022081331,0.014859788
2018-08-29,2.149014e-05,0.073786214,0.84108764,0.91487384,0.00020273024,0.014238337
2018-08-30,1.5164288e-05,0.08385284,0.82801783,0.91187066,0.00020644597,0.014368228
2018-08-31,8.795131e-06,0.07063847,0.85404783,0.9246863,0.00019514133,0.013969299
2018-09-04,1.6131653e-05,0.07828153,0.8376593,0.9159408,0.00017856498,0.013362821
2018-09-05,1.6199812e-05,0.069596,0.8525857,0.92218167,0.00016575756,0.012874687
2018-09-06,1.1186075e-05,0.05878306,0.8647698,0.9235529,0.0001771767,0.013310774
2018-09-07,1.616454e-05,0.06461443,0.8529332,0.91754764,0.00017613886,0.013271731
2018-09-10,1.2635229e-05,0.070427865,0.8474426,0.9178705,0.00016641563,0.012900218
2018-09-11,1.8799481e-05,0.07362761,0.83838594,0.91201353,0.00015443607,0.012427231
2018-09-12,7.224386e-06,0.068144426,0.85304207,0.9211865,0.00019353956,0.01391185
2018-09-13,1.0902754e-05,0.0684503,0.85225266,0.92070293,0.00018940901,0.013762594
2018-09-14,1.783057e-05,0.058527816,0.86194485,0.9204727,0.00021799358,0.014764606
2018-09-17,1.2185298e-05,0.06400233,0.8597828,0.92378515,0.00020756839,0.014407234
2018-09-18,1.167576e-05,0.06744767,0.852177,0.9196247,0.00019076897,0.013811914
2018-09-19,5.9198564e-06,0.065712996,0.85987973,0.9255927,0.00018624715,0.01364724
2018-09-20,5.860716e-06,0.056577172,0.8751248,0.93170196,0.0001869133,0.013671624
2018-09-21,1.1545944e-05,0.07361436,0.845119,0.91873336,0.00017069279,0.013064945
2018-09-24,1.6214317e-05,0.07702154,0.841026,0.91804755,0.00015581943,0.012482765
2018-09-25,4.4689e-06,0.06543607,0.8667179,0.93215394,0.00017219351,0.013122252
2018-09-26,1.0181979e-05,0.06982555,0.8555192,0.9253447,0.0001541416,0.012415377
2018-09-27,1.4412153e-05,0.06530048,0.8585922,0.9238927,0.00014914823,0.012212626
2018-09-28,1.2250168e-05,0.07583127,0.84528804,0.92111933,0.00014609071,0.012086799
2018-10-01,1.0008484e-05,0.06861579,0.85654753,0.9251633,0.00015357847,0.012392678
2018-10-02,8.763869e-06,0.073978394,0.8498881,0.9238665,0.00019304376,0.013894019
2018-10-03,6.8155546e-06,0.064797215,0.8665479,0.9313451,0.0001729254,0.01315011
2018-10-04,1.2216001e-05,0.080675654,0.8401016,0.92077726,0.00017194064,0.013112614
2018-10-05,2.2590773e-05,0.06428569,0.8568342,0.92111987,0.00021904797,0.014800269
2018-10-08,1.532502e-05,0.0724143,0.8500768,0.9224911,0.00021027893,0.014500998
2018-10-09,1.2776439e-05,0.07782503,0.8425101,0.9203351,0.00019413454,0.013933217
2018-10-10,1.3144094e-05,0.07417339,0.846084,0.9202574,0.00018232172,0.013502656
2018-10-11,3.4583936e-05,0.07223126,0.8387902,0.9110215,0.0002114838,0.014542483
2018-10-12,1.6750519e-05,0.059271097,0.86536866,0.92463976,0.0002802161,0.016739657
2018-10-15,1.3439193e-05,0.067936815,0.8545231,0.92245996,0.0002607172,0.01614674
2018-10-16,2.7296192e-05,0.079703026,0.8288727,0.9085757,0.00023862504,0.015447493
2018-10-17,1.4157398e-05,0.06874661,0.8506504,0.91939706,0.00022532718,0.015010902
2018-10-18,5.2466545e-05,0.07422347,0.8271713,0.9013948,0.00027124188,0.016469423
2018-10-19,1.7302402e-05,0.05816973,0.866141,0.92431074,0.0002960817,0.017207025
2018-10-22,1.7971914e-05,0.06860608,0.84980077,0.91840684,0.0002762957,0.016622145
2018-10-23,8.07933e-06,0.06312691,0.8616365,0.92476344,0.00025278635,0.015899256
2018-10-24,1.5955078e-05,0.061428938,0.85683435,0.9182633,0.00033008505,0.018168243
2018-10-25,2.1610434e-05,0.073664196,0.8381766,0.9118408,0.00030074065,0.017341876
2018-10-26,2.8427816e-05,0.07412222,0.83382744,0.9079497,0.00027771224,0.0166647
2018-10-29,2.4332468e-05,0.069518365,0.8411331,0.9106515,0.0002609768,0.016154777
2018-10-30,5.2079828e-05,0.074879356,0.82682437,0.9017037,0.00024872983,0.015771171
2018-10-31,4.7017744e-05,0.07772814,0.8256052,0.90333337,0.00027062502,0.016450685
2018-11-01,7.7090765e-05,0.084738925,0.809169,0.8939079,0.0002844917,0.016866881
2018-11-02,3.2773172e-05,0.07354792,0.8371948,0.9107427,0.0003616465,0.019017005
2018-11-05,6.638023e-05,0.08805817,0.80827785,0.896336,0.0003413438,0.018475492
2018-11-06,5.166862e-05,0.08892552,0.8080881,0.89701366,0.00034234338,0.018502524
2018-11-07,4.1794272e-05,0.078647025,0.8236796,0.90232664,0.00034678727,0.018622225
2018-11-08,9.917379e-05,0.096337244,0.79001415,0.8863514,0.00033370338,0.01826755
2018-11-09,5.5709148e-05,0.08444805,0.81624675,0.9006948,0.0003892138,0.019728502
2018-11-12,0.00012966889,0.104198545,0.7770858,0.88128436,0.00037901558,0.019468322
2018-11-13,7.626051e-05,0.09161513,0.80086744,0.8924826,0.00042634213,0.020648055
2018-11-14,8.175017e-06,0.058924828,0.8694959,0.9284208,0.0009137838,0.030228857
2018-11-15,3.7514174e-06,0.06478151,0.86625516,0.93103665,0.00080836157,0.0284317
2018-11-16,3.2180394e-06,0.046664946,0.89694065,0.9436056,0.0007048003,0.026548075
2018-11-19,0.00022733695,0.110067144,0.7618914,0.87195855,0.0006353841,0.025206827
2018-11-20,2.9154338e-05,0.08720737,0.8160656,0.903273,0.0007142829,0.026726073
2018-11-21,2.461232e-05,0.07211204,0.84783167,0.9199437,0.0009330348,0.030545618
2018-11-23,9.853433e-05,0.10358542,0.7850721,0.8886575,0.00085057726,0.029164657
2018-11-26,1.2211648e-05,0.057943407,0.8741702,0.9321136,0.0014359608,0.037894074
2018-11-27,3.479016e-05,0.08480329,0.81753975,0.90234303,0.0012995019,0.036048602
2018-11-28,0.00015072779,0.09943693,0.7838906,0.88332754,0.0010973925,0.033126917
2018-11-29,2.6209254e-05,0.07049575,0.8446209,0.9151166,0.0010738535,0.032769702
2018-11-30,2.9717814e-05,0.07848653,0.8255393,0.9040258,0.0009692,0.031131977
2018-12-03,0.00015106334,0.09290922,0.7946911,0.8876003,0.00083826605,0.028952824
2018-12-04,5.1368097e-05,0.08743579,0.8138892,0.901325,0.00095628237,0.030923815
2018-12-06,0.00010223921,0.086054526,0.80900735,0.89506185,0.00083226437,0.028848993
2018-12-07,5.353884e-05,0.074350655,0.83184534,0.906196,0.00087396987,0.029562982
2018-12-10,0.0001283815,0.104697526,0.77868414,0.88338166,0.0008143096,0.02853611
2018-12-11,4.530252e-05,0.0678318,0.846614,0.9144458,0.0008649733,0.029410427
2018-12-12,0.00011317544,0.10022593,0.7868756,0.88710153,0.0007881248,0.02807356
2018-12-13,0.00021295431,0.097602196,0.783459,0.8810612,0.0007432274,0.027262198
2018-12-14,0.00012057099,0.100189365,0.7833381,0.8835275,0.0008683286,0.029467417
2018-12-17,0.00010245489,0.07728376,0.82561284,0.9028966,0.00087275356,0.029542403
2018-12-18,0.00024812584,0.08580702,0.80023164,0.88603866,0.0008765827,0.02960714
2018-12-19,3.7932467e-05,0.058983345,0.85380787,0.9127912,0.001445004,0.03801321
2018-12-20,7.601331e-06,0.06685673,0.85366344,0.9205202,0.0012960902,0.036001254
2018-12-21,6.252804e-05,0.07722834,0.8355373,0.9127656,0.0011686108,0.034184948
2018-12-24,0.00018244071,0.10506936,0.7745495,0.8796188,0.001042259,0.032284036
2018-12-26,9.493601e-05,0.077772476,0.8317519,0.9095244,0.001499976,0.038729522
2018-12-27,1.4277539e-05,0.06929631,0.83900297,0.90829927,0.0018782425,0.043338694
2018-12-28,3.6627087e-05,0.061202575,0.85775054,0.9189531,0.001678265,0.040966634
2018-12-31,5.4423424e-05,0.08403099,0.8142958,0.8983268,0.0014914427,0.0386192
2019-01-02,4.4302735e-05,0.06727611,0.84035164,0.90762776,0.0012691021,0.03562446
2019-01-03,6.552631e-05,0.079251446,0.81646675,0.8957182,0.0011507531,0.03392275
2019-01-04,4.5113768e-05,0.078315444,0.82328606,0.9016015,0.0010156314,0.031868972
2019-01-07,6.9350186e-05,0.08260221,0.8139807,0.8965829,0.0009069196,0.030115105
2019-01-08,3.8551658e-05,0.07639504,0.8321232,0.90851825,0.0008183001,0.028605945
2019-01-09,1.7092387e-05,0.063827865,0.8545756,0.91840345,0.0007688753,0.0277286
2019-01-10,5.8218666e-06,0.05523641,0.8737437,0.9289801,0.00083577854,0.028909834
2019-01-11,1.0157446e-05,0.052843407,0.87460154,0.92744493,0.00073704054,0.02714849
2019-01-14,1.3587531e-05,0.05459532,0.869376,0.9239713,0.0006746767,0.025974538
2019-01-15,8.080168e-06,0.05097605,0.8790604,0.9300364,0.0006250569,0.025001138
2019-01-16,4.87798e-06,0.060339916,0.86671245,0.9270524,0.00060645747,0.024626357
2019-01-17,3.5453166e-05,0.07263153,0.8355174,0.90814894,0.0005312938,0.02304981
2019-01-18,4.426803e-05,0.06512317,0.843913,0.90903616,0.00048103702,0.021932555
2019-01-22,2.2463348e-05,0.07036872,0.8393673,0.909736,0.00051890477,0.022779481
2019-01-23,3.1277834e-06,0.0498855,0.8922426,0.9421281,0.0004963379,0.022278642
2019-01-24,2.9498664e-05,0.06478275,0.8502214,0.91500413,0.00044600904,0.021118926
2019-01-25,5.1451723e-05,0.084090486,0.8148348,0.89892524,0.00041447405,0.020358635
2019-01-28,3.5143526e-05,0.07890067,0.82633805,0.90523875,0.00039805946,0.019951427
2019-01-29,2.8508965e-05,0.06938806,0.84873307,0.9181211,0.00044682098,0.021138141
2019-01-30,1.1301769e-05,0.07108561,0.8465032,0.91758883,0.0004506366,0.021228204
2019-01-31,2.2156793e-05,0.072645456,0.83963937,0.91228485,0.00041307337,0.020324206
2019-02-01,4.227624e-05,0.073244244,0.83395714,0.9072014,0.00037406117,0.01934066
2019-02-04,7.252491e-06,0.063755155,0.85956466,0.9233198,0.00040664925,0.020165546
2019-02-05,4.7296195e-05,0.07024775,0.83631974,0.9065675,0.00036749744,0.019170223
2019-02-06,6.812713e-05,0.07980143,0.81818134,0.8979828,0.0003745676,0.01935375
2019-02-07,4.366253e-05,0.08203797,0.8209686,0.9030066,0.00037775116,0.019435821
2019-02-08,5.3703312e-05,0.078725204,0.82518154,0.90390676,0.0004088237,0.02021939
2019-02-11,7.966825e-05,0.09078731,0.8039803,0.8947676,0.00039119212,0.019778578
2019-02-12,9.390532e-05,0.09402147,0.7969272,0.89094865,0.0003975642,0.019939013
2019-02-13,6.2768224e-05,0.09134583,0.802826,0.89417183,0.00042631006,0.020647278
2019-02-14,2.2259846e-05,0.07363046,0.83730453,0.910935,0.00042488036,0.020612625
2019-02-15,2.3993762e-05,0.071650244,0.8410936,0.91274387,0.00038425787,0.019602496
2019-02-19,1.2621114e-05,0.06520802,0.85057217,0.9157802,0.00037953464,0.01948165
2019-02-20,3.071331e-05,0.07251177,0.8388476,0.91135937,0.00034042995,0.018450744
2019-02-21,6.8499226e-06,0.06937624,0.85839355,0.9277698,0.0003314865,0.01820677
2019-02-22,1.5140403e-05,0.07264699,0.8465577,0.91920465,0.0002914127,0.017070815
2019-02-25,1.7734776e-05,0.07773257,0.8387827,0.9165153,0.00026368647,0.016238425
2019-02-26,2.050789e-05,0.07456374,0.8411017,0.91566545,0.00031745996,0.017817406
2019-02-27,1.3474048e-05,0.07916271,0.8351739,0.9143366,0.00028752573,0.016956585
2019-02-28,1.6141463e-05,0.0802188,0.83064425,0.91086304,0.00030470558,0.017455818
2019-03-01,2.5064006e-05,0.08188613,0.82749575,0.90938187,0.00027101286,0.016462468
2019-03-04,2.011348e-05,0.07952864,0.8310309,0.91055954,0.0003019001,0.017375272
2019-03-05,1.4446117e-05,0.07685099,0.8376636,0.9145146,0.00028625628,0.01691911
2019-03-06,1.754103e-05,0.08009827,0.8341227,0.914221,0.00025427455,0.015945988
2019-03-07,1.8514567e-05,0.08010364,0.833204,0.9133076,0.00023275433,0.015256288
2019-03-08,1.840881e-05,0.0834637,0.82897824,0.91244197,0.00021705746,0.01473287
2019-03-11,3.245732e-05,0.08665853,0.8192335,0.905892,0.00020785842,0.014417296
2019-03-12,1.4144506e-05,0.081001066,0.8360651,0.91706616,0.00021639199,0.014710268
2019-03-13,1.8949338e-05,0.08263615,0.8315277,0.9141638,0.00019517871,0.013970638
2019-03-14,7.798701e-06,0.07454765,0.84761536,0.922163,0.0002286024,0.015119603
2019-03-15,1.7568502e-05,0.08239324,0.83162177,0.914015,0.00020405679,0.0142848445
2019-03-18,1.6726508e-05,0.08199914,0.8343244,0.91632354,0.00018751764,0.013693708
2019-03-19,1.30194085e-05,0.07391932,0.84138495,0.91530424,0.00018055302,0.013437002
2019-03-20,2.1008933e-05,0.07675293,0.832245,0.9089979,0.00016504488,0.012846979
2019-03-21,6.3272205e-06,0.074962236,0.8510781,0.92604035,0.000171847,0.013109042
2019-03-22,2.0224908e-05,0.08873465,0.8234274,0.912162,0.0001529773,0.0123684
2019-03-25,3.501083e-05,0.09463415,0.8089684,0.9036026,0.00016892032,0.012996935
2019-03-26,2.2271883e-05,0.08923703,0.8190899,0.9083269,0.00017313266,0.013157989
2019-03-27,1.3726187e-05,0.08409349,0.83113337,0.9152269,0.00019513264,0.013968988
2019-03-28,4.348982e-05,0.09661701,0.8022543,0.8988713,0.00018285641,0.0135224415
2019-03-29,3.0362473e-05,0.09647849,0.8080444,0.9045229,0.00019059802,0.013805724
2019-04-01,1.31270945e-05,0.084034726,0.83316994,0.9172047,0.00020289968,0.014244286
2019-04-02,8.58809e-06,0.07534639,0.84615314,0.92149955,0.00022904258,0.015134153
2019-04-03,5.8644e-06,0.07136216,0.85673296,0.9280951,0.00022105394,0.014867883
2019-04-04,9.819605e-06,0.07592491,0.84741634,0.9233413,0.00019557183,0.0139847
2019-04-05,1.2570391e-05,0.07603081,0.84445477,0.92048556,0.00017827385,0.013351923
2019-04-08,4.4308395e-06,0.06719897,0.86327314,0.93047214,0.00018126097,0.013463319
2019-04-09,4.3321593e-06,0.06777566,0.86343163,0.9312073,0.00018915177,0.013753246
2019-04-10,1.1706841e-05,0.07875687,0.84111536,0.9198722,0.00017074161,0.013066813
2019-04-11,2.3851517e-06,0.06099255,0.8759771,0.93696964,0.00016256311,0.012750024
2019-04-12,1.7616056e-05,0.07710943,0.83908135,0.9161908,0.0001609502,0.012686615
2019-04-15,9.411088e-06,0.07964292,0.84190416,0.92154706,0.00015433728,0.0124232555
2019-04-16,2.8357792e-05,0.088419184,0.8184044,0.9068236,0.00014432862,0.012013685
2019-04-17,8.815412e-06,0.07546369,0.84583604,0.92129976,0.0001553036,0.012462086
2019-04-18,2.140856e-05,0.079567306,0.83226216,0.9118295,0.00014187722,0.011911222
2019-04-22,9.749906e-06,0.069074966,0.85137403,0.920449,0.00014048934,0.01185282
2019-04-23,1.523428e-06,0.053986397,0.8876618,0.9416482,0.00017607857,0.01326946
2019-04-24,4.193847e-06,0.0601913,0.8739396,0.93413085,0.00016208085,0.012731098
2019-04-25,7.643459e-06,0.069985405,0.8557441,0.9257295,0.00014831749,0.012178566
2019-04-26,8.42605e-06,0.07076547,0.8513654,0.9221309,0.00014240318,0.01193328
2019-04-29,1.2617519e-05,0.07561004,0.840473,0.91608304,0.00019308209,0.013895398
2019-04-30,1.7684304e-05,0.08978436,0.8189914,0.9087758,0.0001755539,0.013249676
2019-05-01,1.2858309e-05,0.08217965,0.8331688,0.9153485,0.00016494299,0.012843014
2019-05-02,4.9817787e-05,0.098707765,0.7949289,0.8936367,0.0001523971,0.012344922
2019-05-03,7.4462005e-05,0.09904669,0.7891537,0.8882004,0.00025259107,0.015893115
2019-05-06,2.5837588e-05,0.09091163,0.8152367,0.9061483,0.00027414976,0.016557468
2019-05-07,8.708762e-05,0.10653777,0.7793713,0.8859091,0.0002514148,0.015856065
2019-05-08,6.807499e-05,0.105447724,0.781222,0.8866697,0.00030378797,0.017429514
2019-05-09,1.6154128e-05,0.08802903,0.8214837,0.9095127,0.00031922356,0.01786683
2019-05-10,4.5713892e-05,0.09365795,0.80295277,0.89661074,0.00028269572,0.016813558
2019-05-13,3.186964e-05,0.09537251,0.80556256,0.90093505,0.00027277405,0.016515873
2019-05-14,9.143997e-05,0.109053865,0.7731515,0.88220537,0.00026175348,0.016178798
2019-05-15,2.3311244e-05,0.093074396,0.8120691,0.9051435,0.00030910654,0.017581426
2019-05-16,2.5501757e-05,0.08456359,0.82410353,0.90866715,0.00027557966,0.016600592
2019-05-17,1.4837897e-05,0.081943855,0.82942665,0.9113705,0.0002677997,0.016364587
2019-05-20,3.749871e-05,0.08931402,0.8108364,0.9001504,0.0002372729,0.015403666
2019-05-21,4.7933576e-05,0.09329721,0.7989698,0.892267,0.0002322977,0.015241316
2019-05-22,1.6268154e-05,0.084571995,0.8283779,0.9129499,0.00023388848,0.015293413
2019-05-23,6.429537e-05,0.09634949,0.792461,0.88881046,0.00026479096,0.016272398
2019-05-24,7.463517e-06,0.06932069,0.8518481,0.9211688,0.00061014143,0.02470104
2019-05-28,1.2644624e-05,0.08841312,0.8216897,0.91010284,0.00053744065,0.023182767
2019-05-29,3.61711e-05,0.095705725,0.8014961,0.89720184,0.00046057018,0.021460898
2019-05-30,4.9975544e-05,0.103404246,0.7851463,0.8885505,0.00040854074,0.020212391
2019-05-31,5.8701746e-05,0.09588727,0.7985264,0.8944137,0.00052551506,0.022924116
2019-06-03,1.3818479e-05,0.073592216,0.8435559,0.9171481,0.0007829148,0.027980614
2019-06-04,3.4764926e-05,0.09818325,0.7996031,0.8977864,0.0006760126,0.026000243
2019-06-05,2.6016034e-05,0.08678357,0.816182,0.9029656,0.00057695806,0.024019951
2019-06-06,1.8005674e-05,0.07829623,0.8313029,0.9095991,0.00059988815,0.024492614
2019-06-07,2.0065376e-05,0.07768267,0.8324167,0.9100994,0.0005399824,0.02323752
2019-06-10,9.614224e-06,0.06454089,0.858298,0.9228389,0.0005223283,0.022854503
2019-06-11,3.7558853e-05,0.08343321,0.8156272,0.8990604,0.00047025824,0.021685438
2019-06-12,1.4553653e-05,0.072374806,0.8429158,0.9152906,0.00042111432,0.02052107
2019-06-13,2.2129334e-05,0.070212625,0.84311116,0.91332376,0.00049126986,0.02216461
2019-06-14,1.141282e-05,0.0668853,0.853463,0.9203483,0.00046980893,0.021675076
2019-06-17,3.0137502e-05,0.08330032,0.81856334,0.9018637,0.0004135465,0.020335844
2019-06-18,5.8138485e-05,0.089194864,0.80160356,0.89079845,0.00037931785,0.019476084
2019-06-19,1.9068177e-05,0.06840031,0.8423913,0.91079164,0.0004844739,0.022010768
2019-06-20,1.2732951e-05,0.054482345,0.8680478,0.9225301,0.00042772474,0.020681508
2019-06-21,2.0048285e-06,0.042415287,0.89929605,0.9417113,0.0005322098,0.023069672
2019-06-24,4.2341594e-06,0.052441433,0.8808989,0.9333403,0.0004883103,0.022097744
2019-06-25,7.187465e-06,0.0604457,0.863052,0.92349774,0.0004376937,0.02092113
2019-06-26,1.2440455e-05,0.06896462,0.8497589,0.9187235,0.00038506155,0.019622985
2019-06-27,2.2219392e-06,0.0503051,0.8891311,0.9394362,0.0003871381,0.019675825
2019-06-28,2.067914e-05,0.074440785,0.83639926,0.91084003,0.0003464586,0.018613398
2019-07-01,3.6908677e-05,0.08159846,0.8208768,0.90247524,0.00033070904,0.018185407
2019-07-02,3.7369977e-05,0.08914756,0.81288654,0.9020341,0.0003171026,0.017807374
2019-07-03,1.5567039e-05,0.06004898,0.8582819,0.9183309,0.00051325903,0.02265522
2019-07-05,8.511956e-06,0.07632929,0.84082216,0.91715145,0.0004777282,0.021856993
2019-07-08,2.642098e-05,0.08613968,0.81528735,0.90142703,0.0004107743,0.020267567
2019-07-09,4.7674646e-05,0.091309614,0.8043164,0.895626,0.0003618146,0.019021425
2019-07-10,4.2647236e-05,0.09404641,0.80169225,0.89573866,0.00033937118,0.01842203
2019-07-11,1.8005644e-06,0.048234534,0.8902069,0.9384414,0.0004948867,0.02224605
2019-07-12,2.1742155e-05,0.07170431,0.8419639,0.9136682,0.00044313245,0.021050712
2019-07-15,2.0448588e-05,0.07700841,0.8345293,0.9115377,0.0003948438,0.019870678
2019-07-16,3.8399754e-05,0.080518484,0.8245915,0.90511,0.00035881903,0.01894252
2019-07-17,5.5260207e-05,0.07732728,0.82194954,0.89927685,0.0004255011,0.020627677
2019-07-18,4.5495963e-05,0.08716842,0.8097858,0.8969542,0.0004221552,0.020546416
2019-07-19,5.311438e-05,0.08008375,0.81467223,0.89475596,0.00044912123,0.02119248
2019-07-22,1.6084536e-05,0.0686772,0.8454692,0.91414636,0.0004216404,0.020533884
2019-07-23,4.2649634e-05,0.09377464,0.8023845,0.8961591,0.00037991276,0.01949135
2019-07-24,2.9861032e-05,0.08310351,0.82115877,0.9042623,0.00035599637,0.018867865
2019-07-25,0.0001026902,0.09107609,0.79503196,0.88610804,0.0003434925,0.01853355
2019-07-26,3.7655554e-05,0.088817075,0.8116147,0.90043175,0.00037625674,0.019397339
2019-07-29,4.4924138e-05,0.0858695,0.8160442,0.9019137,0.00034382995,0.018542653
2019-07-30,7.6362165e-05,0.09773712,0.79177266,0.8895098,0.00033714366,0.018361472
2019-07-31,2.5269683e-05,0.08255703,0.82195747,0.9045145,0.00038369064,0.019588023
2019-08-01,2.5407122e-05,0.08367915,0.82090545,0.9045846,0.00034715683,0.018632146
2019-08-02,3.6178822e-06,0.041338097,0.89991724,0.94125533,0.00088054594,0.029673994
2019-08-05,3.6108768e-06,0.059587892,0.8703134,0.9299013,0.00083575,0.02890934
2019-08-06,1.3424576e-05,0.06445411,0.8552454,0.91969955,0.00074983336,0.027383085
2019-08-07,2.5255496e-05,0.075913146,0.8299219,0.90583503,0.0006799364,0.02607559
2019-08-08,9.942377e-06,0.061227843,0.86711276,0.9283406,0.00076980423,0.027745346
2019-08-09,5.021668e-06,0.059101038,0.8685137,0.92761475,0.0007246911,0.026920088
2019-08-12,1.9878946e-05,0.06806249,0.8398865,0.907949,0.0007128058,0.026698424
2019-08-13,2.690364e-05,0.07082161,0.8387315,0.9095532,0.00062253815,0.024950715
2019-08-14,3.1565664e-06,0.04665558,0.8872716,0.9339272,0.00065421563,0.02557764
2019-08-15,1.1657128e-05,0.04680962,0.8824397,0.9292493,0.0006360035,0.02521911
2019-08-16,2.4374303e-05,0.06565961,0.8475707,0.9132303,0.00058215193,0.024127824
2019-08-19,8.996416e-06,0.055449534,0.8711428,0.92659235,0.0005211064,0.022827756
2019-08-20,2.1653694e-05,0.06093054,0.8516155,0.91254604,0.0004946785,0.022241369
2019-08-21,1.5582624e-05,0.072453626,0.8403219,0.9127755,0.0004431986,0.021052282
2019-08-22,1.9097844e-05,0.061153594,0.85567003,0.9168236,0.00039843254,0.019960776
2019-08-23,3.168312e-05,0.070061944,0.8384435,0.90850544,0.00036234004,0.019035231
2019-08-26,4.573883e-05,0.07654746,0.8238722,0.90041965,0.0003686536,0.019200355
2019-08-27,7.3930976e-05,0.09069414,0.79972446,0.8904186,0.00035717993,0.018899204
2019-08-28,3.170917e-05,0.08154666,0.81726056,0.8988072,0.00040990036,0.020245995
2019-08-29,3.6484613e-05,0.0828938,0.8136936,0.8965874,0.00038541362,0.019631954
2019-08-30,3.934968e-05,0.083553866,0.8137861,0.89733994,0.00037218852,0.019292189
2019-09-03,4.9525155e-05,0.072559014,0.8323666,0.9049256,0.00041254732,0.02031126
2019-09-04,4.9358416e-05,0.08260827,0.8205723,0.9031806,0.0004264132,0.020649774
2019-09-05,1.3189461e-06,0.051854514,0.8865792,0.9384337,0.0005443075,0.0233304
2019-09-06,3.704864e-05,0.075069584,0.8289812,0.9040508,0.00048390374,0.021997813
2019-09-09,3.526953e-05,0.083018966,0.81899285,0.9020118,0.0004392186,0.020957543
2019-09-10,1.2950844e-05,0.07185678,0.84178895,0.91364574,0.0004390947,0.020954587
2019-09-11,2.0444866e-05,0.06902115,0.846353,0.91537416,0.0003871954,0.019677281
2019-09-12,0.00012352545,0.08726309,0.8012914,0.8885545,0.00040770962,0.02019182
2019-09-13,0.00019060168,0.10621989,0.77102166,0.87724155,0.00046303397,0.021518225
2019-09-16,6.7854e-05,0.09325677,0.80292547,0.89618224,0.00054983405,0.02344854
2019-09-17,1.8577548e-08,0.016094,0.9557685,0.97186255,0.0022529063,0.04746479
2019-09-18,1.960345e-07,0.018200185,0.94956386,0.967764,0.0022082992,0.046992544
2019-09-19,8.6949217e-07,0.028801082,0.92581534,0.9546164,0.0021052621,0.045883134
2019-09-20,5.0421164e-07,0.026816033,0.930343,0.957159,0.001949954,0.044158284
2019-09-23,1.3264487e-06,0.038731493,0.906538,0.9452695,0.0018146518,0.042598728
2019-09-24,9.727685e-06,0.059915233,0.8654962,0.92541146,0.001649666,0.04061608
2019-09-25,1.0687569e-05,0.04831466,0.88418436,0.93249905,0.0014705949,0.038348336
2019-09-26,9.681135e-06,0.050804906,0.880489,0.9312939,0.0013208047,0.036342878
2019-09-27,4.562193e-06,0.047257144,0.8917566,0.9390137,0.0011727695,0.034245722
2019-09-30,1.2879525e-05,0.056079816,0.87037086,0.92645067,0.0010543108,0.03247015
2019-10-01,9.9888806e-05,0.07961054,0.8168878,0.8964983,0.0009941068,0.03152946
2019-10-02,0.00012873297,0.09671371,0.7863148,0.8830285,0.0009178043,0.030295284
2019-10-03,0.00012519876,0.091884606,0.79182863,0.88371325,0.0008840721,0.02973335
2019-10-04,0.000105614585,0.0967087,0.78439903,0.88110775,0.00082657655,0.028750245
2019-10-07,4.9069135e-05,0.08139242,0.8134026,0.894795,0.00075823325,0.027536035
2019-10-08,7.3130934e-05,0.08438284,0.80817103,0.89255387,0.0006659654,0.025806304
2019-10-09,8.34075e-05,0.08782512,0.7998653,0.8876904,0.0006118665,0.024735935
2019-10-10,4.8179998e-05,0.07731771,0.8231311,0.9004488,0.00057290075,0.023935346
2019-10-11,5.8887188e-05,0.08269553,0.81064683,0.8933424,0.0005444731,0.023333948
2019-10-14,1.5154117e-05,0.06399568,0.850834,0.9148297,0.0005368673,0.023170397
2019-10-15,3.751534e-05,0.0661607,0.83824253,0.9044032,0.0004993873,0.022346975
2019-10-16,8.5183696e-05,0.09057403,0.79781604,0.88839006,0.00047075367,0.021696858
2019-10-17,3.2158736e-05,0.079536326,0.8257737,0.90531003,0.00047009334,0.021681637
2019-10-18,5.5238455e-05,0.08297909,0.81588566,0.89886475,0.00042897972,0.020711826
2019-10-21,2.4569514e-05,0.06753519,0.8485491,0.9160843,0.00040598077,0.020148965
2019-10-22,2.3493727e-05,0.05814811,0.86357313,0.9217212,0.0003745181,0.01935247
2019-10-23,1.9595775e-05,0.081446335,0.82707906,0.9085254,0.00036108628,0.01900227
2019-10-24,1.391423e-05,0.072053336,0.8419557,0.91400903,0.00040514284,0.02012816
2019-10-25,1.704563e-05,0.066113934,0.85253686,0.9186508,0.00035643787,0.018879563
2019-10-28,1.804077e-05,0.06633279,0.8535505,0.91988325,0.00032455148,0.018015312
2019-10-29,1.8076295e-05,0.06550265,0.8519507,0.91745335,0.00031063892,0.017624952
2019-10-30,1.9238232e-05,0.079060666,0.8350192,0.91407984,0.0002844014,0.016864205
2019-10-31,3.0654515e-05,0.08331107,0.82686734,0.9101784,0.00026296554,0.016216213
2019-11-01,7.5456344e-05,0.08899362,0.8121018,0.9010954,0.0002702828,0.01644028
2019-11-04,1.571379e-05,0.0841532,0.8258227,0.9099759,0.00041284115,0.020318493
2019-11-05,2.580726e-05,0.0805038,0.83115745,0.91166127,0.00035950055,0.0189605
2019-11-06,1.626665e-05,0.07614535,0.84150594,0.9176513,0.0003360493,0.018331647
2019-11-07,4.4653527e-05,0.078174464,0.8316554,0.90982985,0.00031783478,0.01782792
2019-11-08,1.5908025e-05,0.07497065,0.84475183,0.9197225,0.00032406137,0.018001705
2019-11-11,4.2068044e-05,0.083288,0.82454234,0.90783036,0.0002897991,0.017023487
2019-11-12,2.5811196e-05,0.06716464,0.8527464,0.9199111,0.00028495025,0.01688047
2019-11-13,3.141516e-05,0.076863,0.8362807,0.9131437,0.00026890892,0.016398443
2019-11-14,2.393366e-05,0.07806438,0.8368549,0.91491926,0.00025854743,0.01607941
2019-11-15,4.3729604e-05,0.07932428,0.82760364,0.90692794,0.00024345316,0.015602985
2019-11-18,1.7533976e-05,0.07714004,0.8384858,0.9156258,0.0002665133,0.016325235
2019-11-19,2.0590236e-05,0.05782561,0.8676369,0.92546254,0.000251897,0.015871264
2019-11-20,4.9729755e-05,0.06937699,0.83835125,0.90772825,0.00030209008,0.017380739
2019-11-21,1.1004889e-05,0.0797488,0.8342526,0.9140014,0.000381434,0.019530335
2019-11-22,1.9820522e-05,0.0762578,0.8361857,0.9124435,0.00037988214,0.019490566
2019-11-25,3.469169e-05,0.07180299,0.84067714,0.9124801,0.0003527035,0.018780403
2019-11-26,1.3580256e-05,0.06507031,0.8593623,0.92443264,0.00033231435,0.018229492
2019-11-27,1.4505507e-05,0.063768014,0.86181223,0.92558026,0.0003020474,0.017379511
2019-11-29,3.1468608e-05,0.07173693,0.8433089,0.91504586,0.00027664442,0.016632631
2019-12-02,5.184416e-06,0.044979498,0.898052,0.9430315,0.00045969302,0.021440454
2019-12-03,2.8952174e-05,0.08137521,0.8265362,0.9079114,0.00042683998,0.020660106
2019-12-04,2.1074198e-05,0.07260691,0.8414622,0.9140691,0.00038217753,0.01954936
2019-12-05,7.2736016e-06,0.06478077,0.8568219,0.92160267,0.0004616665,0.021486426
2019-12-06,1.5770773e-05,0.06218956,0.85895246,0.92114204,0.0004028424,0.020070935
2019-12-09,9.990136e-06,0.060367946,0.8672759,0.92764384,0.00037211535,0.01929029
2019-12-10,1.29269365e-05,0.05482788,0.87531775,0.9301456,0.00033335603,0.01825804
2019-12-11,1.1631144e-05,0.06029713,0.8659158,0.9262129,0.00030539557,0.017475571
2019-12-12,1.1695724e-05,0.059354983,0.86874443,0.9280994,0.00028027652,0.016741462
2019-12-13,1.1359009e-05,0.06661573,0.85683155,0.92344725,0.00025802135,0.016063042
2019-12-16,3.6780336e-06,0.053993255,0.88368046,0.9376737,0.00024687022,0.015712105
2019-12-17,6.3681873e-06,0.051126033,0.88338757,0.93451357,0.00022207487,0.014902176
2019-12-18,1.9261224e-06,0.043553863,0.9015697,0.9451236,0.0002097165,0.014481592
2019-12-19,6.486873e-06,0.049398646,0.8857756,0.9351743,0.00019100621,0.0138205
2019-12-20,4.604951e-06,0.059516314,0.87507087,0.9345872,0.00017669346,0.013292609
2019-12-23,1.3056694e-05,0.06439094,0.85785705,0.922248,0.00016933157,0.013012746
2019-12-24,5.595488e-06,0.054152153,0.88118595,0.9353381,0.00015839888,0.012585661
2019-12-26,4.090487e-06,0.052663896,0.8836389,0.93630284,0.00015005418,0.012249661
2019-12-27,4.809603e-06,0.060584567,0.8710123,0.9315968,0.00014102172,0.011875257
2019-12-30,6.805048e-06,0.058835834,0.87347025,0.93230605,0.00012765297,0.011298361
2019-12-31,9.591792e-06,0.062493775,0.864891,0.9273848,0.000118349344,0.010878849
2020-01-02,1.4394693e-05,0.065539494,0.8570316,0.92257106,0.00011859593,0.010890176
2020-01-03,8.765756e-06,0.06460875,0.8634413,0.92805004,0.0001162369,0.010781322
2020-01-06,3.2948737e-06,0.060766593,0.87445813,0.9352247,0.00016688599,0.012918436
2020-01-07,1.4554167e-05,0.07265837,0.84931576,0.9219741,0.0001498812,0.0122425975
2020-01-08,1.42502295e-05,0.066654995,0.8562967,0.9229517,0.00014807913,0.012168776
2020-01-09,1.8214136e-05,0.07146847,0.84700954,0.918478,0.0003127033,0.017683418
2020-01-10,9.0119596e-05,0.10162906,0.78949237,0.89112145,0.00028315533,0.01682722
2020-01-13,0.00014299923,0.10346843,0.7779009,0.8813693,0.00032186008,0.01794046
2020-01-14,0.000117449206,0.099337354,0.787995,0.8873323,0.00042189527,0.020540088
2020-01-15,0.00018738446,0.11039121,0.766044,0.8764352,0.00045045876,0.021224014
2020-01-16,5.4882512e-05,0.0850635,0.8196488,0.9047123,0.00053857896,0.023207303
2020-01-17,4.5960114e-05,0.08608389,0.81797767,0.90406156,0.0005085731,0.022551564
2020-01-21,5.947817e-05,0.080161646,0.8228698,0.9030314,0.00046196306,0.021493327
2020-01-22,1.0124067e-05,0.074210554,0.85244423,0.9266548,0.00044067056,0.020992154
2020-01-23,1.8048355e-05,0.06704484,0.8522597,0.91930455,0.0004440243,0.021071885
2020-01-24,2.0748561e-05,0.07225058,0.84363145,0.91588205,0.00042515868,0.020619376
2020-01-27,1.5166297e-05,0.06960211,0.85018927,0.9197914,0.0004272053,0.020668944
2020-01-28,1.1899766e-05,0.07304894,0.84862924,0.9216782,0.00040559034,0.020139273
2020-01-29,2.4725574e-05,0.07886052,0.83050966,0.9093702,0.00035887555,0.01894401
2020-01-30,3.6962698e-05,0.08073461,0.82488614,0.90562075,0.00032349327,0.01798592
2020-01-31,1.0607588e-05,0.06815386,0.85635823,0.9245121,0.00034568674,0.018592654
2020-02-03,4.32131e-05,0.08836947,0.81587213,0.9042416,0.0003154888,0.017762005
2020-02-04,2.0430312e-05,0.07376064,0.84220254,0.9159632,0.00037357546,0.0193281
2020-02-05,5.729819e-05,0.092118435,0.8062563,0.89837474,0.00034278634,0.01851449
2020-02-06,1.3079621e-05,0.06773911,0.84874225,0.9164814,0.0003803497,0.019502556
2020-02-07,9.0453024e-05,0.091044195,0.7998808,0.890925,0.00033683804,0.018353147
2020-02-10,6.118798e-05,0.08898481,0.80857664,0.89756143,0.00037445474,0.019350832
2020-02-11,4.2288655e-05,0.082276374,0.826123,0.90839934,0.0003845918,0.019611012
2020-02-12,3.8262053e-05,0.0841481,0.8231098,0.9072579,0.0003643068,0.019086823
2020-02-13,7.5225266e-06,0.06368199,0.86235183,0.92603385,0.00038709104,0.019674629
2020-02-14,4.7386562e-05,0.08388026,0.82113695,0.9050172,0.00034271704,0.018512618
2020-02-18,2.4745546e-05,0.07682032,0.83802867,0.914849,0.00034082017,0.018461315
2020-02-19,2.3272367e-05,0.07433872,0.8383847,0.9127234,0.00031036598,0.017617207
2020-02-20,1.0978883e-05,0.066281416,0.85444546,0.9207269,0.00032395788,0.01799883
2020-02-21,9.8529945e-06,0.0739359,0.8513914,0.9253273,0.00029308553,0.017119741
2020-02-24,3.246382e-05,0.07965604,0.8328466,0.91250265,0.00026373792,0.01624001
2020-02-25,1.1893893e-05,0.06537248,0.8614575,0.92683,0.00036367582,0.019070286
2020-02-26,1.7505987e-05,0.06928429,0.85131586,0.9206002,0.00038563742,0.019637654
2020-02-27,1.4130077e-05,0.07331456,0.8494527,0.9227672,0.00038549717,0.019634081
2020-02-28,8.22806e-05,0.09443452,0.8010968,0.8955313,0.0004285663,0.020701842
2020-03-02,0.00013093073,0.09552083,0.7914365,0.88695735,0.00067079137,0.025899641
2020-03-03,6.246553e-05,0.089087844,0.80203307,0.8911209,0.0008408326,0.028997114
2020-03-04,0.00022671373,0.111776605,0.7555397,0.8673163,0.0007439725,0.027275858
2020-03-05,0.00034838112,0.11526637,0.74508613,0.8603525,0.00079732004,0.028236857
2020-03-06,0.00022417627,0.10685902,0.77254844,0.87940747,0.0009849424,0.031383794
2020-03-09,3.4160523e-05,0.077173784,0.8314439,0.9086177,0.0021924723,0.046823844
2020-03-10,2.876865e-06,0.036969546,0.9061134,0.9430829,0.008012322,0.08951157
2020-03-11,8.1765975e-06,0.06409608,0.8449248,0.9090209,0.0076217265,0.0873025
2020-03-12,0.00027309285,0.089479566,0.7952506,0.88473016,0.006556765,0.080973856
2020-03-13,0.0005385343,0.10615515,0.7809716,0.88712674,0.0056777135,0.075350605
2020-03-16,0.00042097943,0.124141864,0.7265409,0.8506828,0.0049779676,0.07055471
2020-03-17,0.008436578,0.16099784,0.6625115,0.82350934,0.0052933944,0.07275572
2020-03-18,0.00022520294,0.09248759,0.7953556,0.8878432,0.012585005,0.11218291
2020-03-19,0.00039139355,0.07614165,0.80323654,0.8793782,0.017492462,0.13225907
2020-03-20,0.00012792107,0.07536871,0.7732208,0.8485895,0.017908305,0.13382192
2020-03-23,0.0037341083,0.13853343,0.697945,0.8364784,0.015014611,0.122534126
2020-03-24,0.0035767467,0.13922757,0.6671902,0.80641776,0.01443978,0.12016564
2020-03-25,0.0003289301,0.10629554,0.7389128,0.84520835,0.013314108,0.11538678
2020-03-26,0.00095606403,0.11985043,0.704045,0.82389545,0.01020767,0.10103302
2020-03-27,0.0021993087,0.11241092,0.7346494,0.8470603,0.008919843,0.094444916
2020-03-30,0.0006827215,0.09135387,0.77667314,0.86802703,0.009029269,0.09502247
2020-03-31,0.00037458466,0.08367237,0.8049669,0.8886393,0.008124225,0.09013448
2020-04-01,0.003211116,0.12338922,0.71124125,0.8346305,0.006944579,0.08333414
2020-04-02,0.0009627588,0.12063468,0.73646,0.85709465,0.008159395,0.09032937
2020-04-03,1.2207948e-05,0.042317476,0.8467591,0.88907653,0.012825013,0.11324757
2020-04-06,0.00014543625,0.07474969,0.7744199,0.8491696,0.011407207,0.10680453
2020-04-07,1.3133551e-05,0.04397756,0.8675001,0.9114777,0.009498263,0.09745903
2020-04-08,0.0001743661,0.07970215,0.78838485,0.868087,0.008682688,0.09318094
2020-04-09,0.00045666122,0.11755804,0.7039107,0.8214688,0.007304145,0.08546429
2020-04-13,0.0010025244,0.10534578,0.7415314,0.84687716,0.006719646,0.08197345
2020-04-14,0.00062554906,0.093034625,0.76032907,0.8533637,0.00601134,0.07753283
2020-04-15,0.00060405803,0.09107391,0.7772142,0.86828816,0.0062913494,0.079318024
2020-04-16,0.0011982548,0.10513748,0.73592806,0.8410655,0.005507373,0.07421167
2020-04-17,0.00063935673,0.086328626,0.7701867,0.85651535,0.0052512893,0.07246578
2020-04-20,0.0015084989,0.10080613,0.74923265,0.85003877,0.005295281,0.07276868
2020-04-21,0.010660142,0.15819061,0.6661504,0.824341,0.006189889,0.078675844
2020-04-22,0.0032332188,0.16263208,0.6753987,0.8380308,0.015903976,0.12611097
2020-04-23,5.8132787e-08,0.0078491075,0.94769645,0.95554554,0.030568453,0.17483836
2020-04-24,0.0061736437,0.15479353,0.5726784,0.72747195,0.029223794,0.17094968
2020-04-27,0.0021657385,0.15948209,0.6206612,0.78014326,0.023014994,0.15170693
2020-04-28,0.00041241452,0.081756316,0.77268195,0.85443825,0.029133368,0.170685
2020-04-29,0.0027387291,0.15054673,0.6334423,0.783989,0.023024797,0.15173924
2020-04-30,0.0015001942,0.11985928,0.6499839,0.76984316,0.023284655,0.1525931
2020-05-01,0.00030712792,0.09034531,0.7209176,0.8112629,0.022634478,0.15044759
2020-05-04,0.00058723334,0.114991985,0.69788283,0.8128748,0.016837062,0.1297577
2020-05-05,0.0004575974,0.108974084,0.72371674,0.83269083,0.01244216,0.11154443
2020-05-06,3.1594624e-05,0.06515827,0.80440164,0.8695599,0.013226821,0.115007915
2020-05-07,0.0001179862,0.082174,0.7829161,0.86509013,0.010707842,0.10347871
2020-05-08,0.0001589459,0.082461044,0.78679705,0.8692581,0.008530126,0.09235868
2020-05-11,0.00014034117,0.075604655,0.78927445,0.86487913,0.007069114,0.08407802
2020-05-12,3.7887832e-05,0.05718074,0.8281048,0.88528556,0.005766162,0.07593525
2020-05-13,6.660117e-05,0.07633086,0.7962015,0.87253237,0.005058344,0.071122035
2020-05-14,3.329219e-05,0.05288198,0.84485066,0.8977326,0.0041227867,0.06420893
2020-05-15,9.976012e-06,0.048857894,0.85844624,0.9073041,0.003905253,0.062492024
2020-05-18,2.0382444e-05,0.054441735,0.83597773,0.8904195,0.0035716565,0.05976334
2020-05-19,8.237761e-06,0.041042972,0.8668627,0.9079057,0.0033363416,0.057761073
2020-05-20,1.8397777e-05,0.062263407,0.8279659,0.89022934,0.002918378,0.054022014
2020-05-21,2.011929e-05,0.05973661,0.8327878,0.8925244,0.0024900003,0.049899902
2020-05-22,1.7926099e-05,0.06094034,0.8386821,0.89962244,0.0021031683,0.045860313
2020-05-26,3.8458635e-05,0.07066717,0.81730217,0.8879693,0.0018065806,0.04250389
2020-05-27,3.5228702e-05,0.07352319,0.8132381,0.8867613,0.0015888824,0.03986079
2020-05-28,8.974828e-05,0.080684006,0.79432625,0.87501025,0.0014834675,0.03851581
2020-05-29,3.0470894e-05,0.079282545,0.8108688,0.8901513,0.0013262823,0.03641816
2020-06-01,8.3718005e-05,0.09116923,0.7689742,0.8601434,0.0013141334,0.03625098
2020-06-02,6.0786686e-05,0.08073849,0.7991598,0.8798983,0.0010944916,0.0330831
2020-06-03,4.1845826e-05,0.07824626,0.80358505,0.8818313,0.0010503329,0.03240884
2020-06-04,7.1440416e-05,0.08653721,0.79063994,0.8771771,0.0008985911,0.02997651
2020-06-05,5.82679e-05,0.082977206,0.80274546,0.88572264,0.0007826834,0.02797648
2020-06-08,1.7759723e-05,0.068465255,0.8244298,0.89289504,0.0009414066,0.03068235
2020-06-09,1.807328e-05,0.065964505,0.8391826,0.90514714,0.0008787187,0.02964319
2020-06-10,3.3065677e-05,0.07962762,0.8104882,0.89011586,0.0007798959,0.027926616
2020-06-11,2.2288725e-05,0.072347045,0.8261002,0.8984472,0.0006870998,0.02621259
2020-06-12,1.6935883e-05,0.06558601,0.84431183,0.90989786,0.0011264607,0.033562787
2020-06-15,3.0649928e-05,0.08266329,0.8078277,0.890491,0.0009684018,0.031119155
2020-06-16,3.716443e-05,0.08468837,0.79974216,0.8844305,0.00085756683,0.029284243
2020-06-17,2.68331e-05,0.07941445,0.80906826,0.8884827,0.0008161852,0.028568955
2020-06-18,1.5930007e-05,0.0713057,0.8322544,0.9035601,0.0006971665,0.02640391
2020-06-19,3.1315583e-05,0.07547444,0.81982833,0.8953028,0.0006329217,0.025157936
2020-06-22,2.1891974e-05,0.07003187,0.831462,0.9014939,0.00058995653,0.024289021
2020-06-23,2.170923e-05,0.078775465,0.8152692,0.89404464,0.0005338537,0.023105275
2020-06-24,2.0853131e-05,0.07349485,0.8292135,0.90270835,0.00045741108,0.021387171
2020-06-25,2.1258038e-05,0.06807382,0.83995277,0.9080266,0.00066867855,0.02585882
2020-06-26,1.6981141e-05,0.070069075,0.832865,0.9029341,0.00060570927,0.024611162
2020-06-29,8.8135475e-06,0.062225915,0.85264957,0.9148755,0.0005241197,0.022893662
2020-06-30,6.99863e-06,0.06559069,0.8443378,0.9099285,0.000514519,0.022683011
2020-07-01,1.46851335e-05,0.071920514,0.8295463,0.9014668,0.00044950668,0.021201573
2020-07-02,1.1163992e-05,0.06307216,0.84741044,0.9104826,0.00040106964,0.020026723
2020-07-06,1.0637901e-05,0.06388894,0.84672076,0.9106097,0.0003773361,0.01942514
2020-07-07,2.7955752e-05,0.076348655,0.81989384,0.8962425,0.00033016762,0.018170515
2020-07-08,2.453649e-05,0.07643131,0.8236969,0.90012825,0.00029867393,0.017282186
2020-07-09,1.9805506e-05,0.07329013,0.8319833,0.90527344,0.0002739442,0.01655126
2020-07-10,2.1811758e-05,0.07359022,0.82992744,0.90351766,0.0003227947,0.017966488
2020-07-13,1.4307437e-05,0.07112657,0.8326377,0.9037643,0.00032861315,0.018127691
2020-07-14,1.4108212e-05,0.068596415,0.84270215,0.9112986,0.00029711542,0.017237036
2020-07-15,1.4977741e-05,0.071382634,0.8359071,0.90728974,0.00026588832,0.016306082
2020-07-16,6.005525e-06,0.0596479,0.8580007,0.9176486,0.0002721821,0.016497942
2020-07-17,9.2952305e-06,0.059085276,0.86094534,0.9200306,0.00024700855,0.015716506
2020-07-20,5.6207027e-06,0.056019623,0.8697441,0.9257637,0.00022297022,0.014932187
2020-07-21,3.6161039e-06,0.04959985,0.8815879,0.93118775,0.00020106054,0.014179582
2020-07-22,1.8655375e-06,0.051471464,0.8779687,0.9294402,0.00021859912,0.014785098
2020-07-23,9.620133e-06,0.06580453,0.8510887,0.91689324,0.00019392712,0.013925771
2020-07-24,1.9875046e-05,0.07650443,0.82609105,0.90259546,0.0002015648,0.014197352
2020-07-27,1.3916922e-05,0.07229823,0.83650935,0.9088076,0.00018840212,0.013725965
2020-07-28,1.2451734e-05,0.069857135,0.84378964,0.91364676,0.00017533921,0.013241571
2020-07-29,1.1042195e-05,0.07277345,0.84059733,0.9133708,0.00017363108,0.013176914
2020-07-30,1.4445443e-05,0.079147145,0.8264185,0.9055657,0.00015910223,0.012613573
2020-07-31,0.00011523213,0.104244106,0.77337193,0.87761605,0.00023457996,0.015316003
2020-08-03,3.7156813e-05,0.092446856,0.80203754,0.8944844,0.0003042178,0.01744184
2020-08-04,8.023142e-06,0.073147595,0.8422479,0.9153955,0.0003111046,0.017638158
2020-08-05,4.1119736e-05,0.0944734,0.7919136,0.88638705,0.00028990788,0.017026681
2020-08-06,9.235699e-05,0.110693455,0.764383,0.8750765,0.00028313772,0.016826697
2020-08-07,5.5159875e-05,0.09726841,0.7959382,0.8932066,0.00031265366,0.017682016
2020-08-10,0.00010502338,0.10318158,0.77760136,0.88078296,0.00033470575,0.018294966
2020-08-11,1.7161436e-05,0.084392786,0.822208,0.9066008,0.00039548898,0.019886905
2020-08-12,0.00015091749,0.11155223,0.76120925,0.8727615,0.00034788396,0.018651647
2020-08-13,1.8377692e-05,0.086453676,0.81709933,0.903553,0.00048515305,0.02202619
2020-08-14,5.5364213e-05,0.09259224,0.8011735,0.89376575,0.0004240342,0.02059209
2020-08-17,2.7306576e-05,0.088793546,0.8136609,0.9024545,0.00039806473,0.01995156
2020-08-18,1.01020505e-05,0.07362122,0.844582,0.91820323,0.00038859266,0.019712754
2020-08-19,8.981987e-06,0.06632334,0.8555726,0.9218959,0.00033830362,0.018393032
2020-08-20,1.1462493e-05,0.06949022,0.8500734,0.9195636,0.00029845999,0.017275995
2020-08-21,4.8525762e-05,0.09575473,0.799257,0.8950117,0.0002700728,0.016433893
2020-08-24,4.5314875e-05,0.09159034,0.80673826,0.8983286,0.00026767293,0.016360713
2020-08-25,5.0566946e-06,0.07369529,0.85114336,0.92483866,0.00026498793,0.01627845
2020-08-26,2.5723357e-05,0.08792421,0.8171541,0.9050783,0.0002513354,0.015853561
2020-08-27,4.4758384e-05,0.09223292,0.8088359,0.90106887,0.00023114787,0.015203548
2020-08-28,6.5040025e-05,0.09525284,0.7980988,0.8933517,0.0002380851,0.015430006
2020-08-31,1.3292705e-05,0.085555844,0.8298272,0.91538304,0.00025537674,0.015980512
2020-09-01,7.371832e-05,0.093560725,0.7997119,0.89327264,0.00023157151,0.015217474
2020-09-02,5.481322e-05,0.09923199,0.7964723,0.89570427,0.0002599309,0.016122373
2020-09-03,8.4745654e-05,0.091919355,0.79896206,0.8908814,0.00035042228,0.018719569
2020-09-04,0.000119221055,0.1094597,0.7727954,0.8822551,0.00036590258,0.01912858
2020-09-08,0.00018297925,0.102585874,0.77229846,0.8748843,0.0005740896,0.023960168
2020-09-09,3.6965834e-05,0.07572192,0.83724874,0.91297066,0.0012651519,0.035568975
2020-09-10,0.00016698719,0.11856155,0.74808824,0.8666498,0.0011852052,0.03442681
2020-09-11,0.00010017639,0.09631723,0.7950508,0.89136803,0.0011016044,0.033190425
2020-09-14,0.00022542638,0.11880438,0.74847806,0.86728245,0.000976042,0.03124167
2020-09-15,0.00019093111,0.108065024,0.76212865,0.87019366,0.0009564893,0.03092716
2020-09-16,6.177148e-05,0.086469926,0.8061012,0.89257115,0.0009975062,0.03158332
2020-09-17,2.9122113e-05,0.07630064,0.8265152,0.9028158,0.0010628962,0.03260209
2020-09-18,1.2557712e-05,0.054828797,0.871194,0.9260228,0.0009374136,0.030617211
2020-09-21,7.506352e-06,0.042552613,0.89498085,0.93753344,0.0008297891,0.02880606
2020-09-22,1.6244217e-05,0.04727708,0.8839535,0.9312306,0.0008362491,0.028917972
2020-09-23,2.9093198e-05,0.07349353,0.83431596,0.9078095,0.0007578606,0.027529268
2020-09-24,1.8752859e-05,0.06947571,0.8419207,0.9113964,0.00066619844,0.025810821
2020-09-25,2.0829153e-05,0.071364656,0.8399178,0.9112824,0.00058560015,0.024199177
2020-09-28,2.8600647e-05,0.073114134,0.83806944,0.9111836,0.000512891,0.022647096
2020-09-29,2.601849e-05,0.0684332,0.84577596,0.9142092,0.00046365842,0.02153273
2020-09-30,9.0215435e-06,0.048589334,0.8782918,0.92688113,0.0004927241,0.02219739
2020-10-01,5.6006147e-06,0.063296944,0.8627087,0.9260056,0.00046789722,0.021630932
2020-10-02,0.00023535585,0.0902223,0.79313153,0.8833538,0.000501707,0.022398818
2020-10-05,0.00012424307,0.08371902,0.81194234,0.89566135,0.00081031024,0.028465949
2020-10-06,4.625496e-05,0.089352034,0.7975041,0.88685614,0.0010514078,0.03242542
2020-10-07,1.6959419e-05,0.06444095,0.8473909,0.91183186,0.0010011691,0.031641256
2020-10-08,3.410032e-05,0.060007203,0.8535478,0.913555,0.00088638446,0.029772209
2020-10-09,1.1813282e-05,0.06779479,0.84907633,0.91687113,0.0008459748,0.029085645
2020-10-12,2.966737e-05,0.053777084,0.8647885,0.9185656,0.0007446335,0.027287973
2020-10-13,3.3054013e-05,0.056123633,0.86255157,0.9186752,0.00072025857,0.026837634
2020-10-14,2.1357908e-05,0.07500306,0.83829886,0.91330194,0.0006748556,0.025977982
2020-10-15,1.3815898e-05,0.059424683,0.8647756,0.9242003,0.00061852066,0.024870075
2020-10-16,4.2921765e-05,0.06501731,0.8442307,0.909248,0.0005489747,0.02343021
2020-10-19,1.064723e-05,0.05250142,0.8790881,0.93158954,0.0005066875,0.02250972
2020-10-20,1.907565e-05,0.058081876,0.86488223,0.9229641,0.00045617795,0.021358322
2020-10-21,2.0137115e-05,0.079244986,0.8295582,0.90880316,0.00042686454,0.0206607
2020-10-22,2.804817e-05,0.05775602,0.86254066,0.92029667,0.0004730416,0.02174952
2020-10-23,2.036149e-05,0.07958568,0.83086187,0.91044754,0.00044891372,0.021187585
2020-10-26,8.3018545e-05,0.07395342,0.8273381,0.9012915,0.0004246714,0.020607557
2020-10-27,4.1989024e-05,0.06720621,0.84439117,0.9115974,0.0005154663,0.022703884
2020-10-28,1.8710081e-05,0.07752377,0.83128285,0.9088066,0.00052145007,0.02283528
2020-10-29,9.939432e-06,0.046509005,0.88885534,0.93536437,0.0007029698,0.026513577
2020-10-30,0.00011387734,0.091426775,0.80035865,0.89178544,0.0006866059,0.026203167
2020-11-02,8.325542e-05,0.08632884,0.8100238,0.89635265,0.00067401375,0.025961775
2020-11-03,0.0008954408,0.14100508,0.6891986,0.8302037,0.00069638423,0.026389092
2020-11-04,0.0003683577,0.11503014,0.7450395,0.86006963,0.0014475358,0.038046494
2020-11-05,0.0001463822,0.09603977,0.77429247,0.87033224,0.0016181582,0.040226337
2020-11-06,0.00010361636,0.07340893,0.8262868,0.89969575,0.0014078807,0.037521735
2020-11-09,6.72597e-05,0.06558482,0.84094965,0.9065345,0.001406969,0.037509587
2020-11-10,6.5360036e-06,0.057771605,0.85759014,0.91536176,0.0016828788,0.041022904
2020-11-11,3.2986365e-05,0.061882373,0.8435025,0.9053849,0.0014888162,0.038585182
2020-11-12,3.9950934e-05,0.068678595,0.838628,0.9073066,0.0012890456,0.03590328
2020-11-13,2.7845583e-05,0.06227543,0.85273784,0.91501325,0.0011256009,0.033549976
2020-11-16,1.80754e-05,0.049878847,0.8760389,0.92591774,0.001025311,0.032020476
2020-11-17,9.970169e-06,0.060698986,0.8616968,0.92239577,0.00095968746,0.030978823
2020-11-18,1.2381088e-05,0.047841176,0.88032174,0.92816293,0.00083716435,0.028933793
2020-11-19,7.685704e-06,0.045801252,0.8873946,0.9331958,0.00075336976,0.027447581
2020-11-20,8.45133e-06,0.045551553,0.8886026,0.93415415,0.00067642855,0.02600824
2020-11-23,7.0543156e-06,0.055308428,0.8717446,0.927053,0.0006136958,0.024772884
2020-11-24,7.202444e-06,0.05689176,0.86931276,0.9262045,0.0005667833,0.02380721
2020-11-25,4.7374683e-06,0.055137392,0.8707222,0.9258596,0.00059958984,0.024486523
2020-11-27,4.660187e-06,0.051491167,0.8812033,0.93269444,0.0005435988,0.023315204
2020-11-30,5.8815876e-06,0.04971248,0.8868519,0.9365644,0.00048456996,0.022012949
2020-12-01,6.3034204e-06,0.049620017,0.88602775,0.9356478,0.00043658173,0.020894539
2020-12-02,1.4975971e-05,0.057792004,0.8657724,0.92356443,0.00040882445,0.020219408
2020-12-03,1.0812433e-05,0.0658543,0.85534126,0.92119557,0.00038380196,0.019590864
2020-12-04,5.771592e-06,0.05014743,0.8847815,0.9349289,0.00034300901,0.018520502
2020-12-07,7.301398e-06,0.05134172,0.8787894,0.93013114,0.00031810923,0.017835617
2020-12-08,8.116098e-06,0.051009625,0.88199157,0.93300116,0.00029315107,0.017121656
2020-12-09,8.285164e-06,0.052116465,0.8787915,0.93090796,0.00026737552,0.016351622
2020-12-10,1.8652976e-05,0.07034969,0.84696674,0.91731644,0.00024345369,0.015603002
2020-12-11,1.205599e-05,0.07185929,0.8441948,0.9160541,0.00027649698,0.016628198
2020-12-14,1.6619959e-05,0.06441167,0.8565312,0.9209429,0.0002470661,0.015718337
2020-12-15,1.949768e-05,0.07523658,0.8394534,0.91468996,0.00023319328,0.015270667
2020-12-16,1.1151926e-05,0.06478155,0.86030453,0.9250861,0.00022818193,0.015105692
2020-12-17,8.683206e-06,0.060325716,0.8689296,0.92925537,0.00020848523,0.0144390175
2020-12-18,2.4018336e-06,0.045701485,0.8979347,0.9436362,0.0001971685,0.01404167
2020-12-21,5.347956e-06,0.05094085,0.88282365,0.9337645,0.00018969778,0.013773082
2020-12-22,3.5875362e-06,0.05409508,0.8850107,0.9391058,0.00021361042,0.014615417
2020-12-23,2.4099825e-05,0.06984987,0.8456398,0.9154897,0.0002054733,0.01433434
2020-12-24,1.2694583e-05,0.07088266,0.8460602,0.9169429,0.00023453735,0.015314613
2020-12-28,1.4462014e-05,0.057171293,0.86918634,0.9263576,0.00021143236,0.014540714
2020-12-29,1.6366534e-05,0.062490422,0.86202484,0.92451525,0.00020780502,0.014415444
2020-12-30,1.0949111e-05,0.06302584,0.8585243,0.92155015,0.00019924266,0.0141153345
2020-12-31,1.3857276e-05,0.066310026,0.8553891,0.92169917,0.0001861287,0.0136429
2021-01-04,1.28683e-05,0.06265501,0.8614424,0.9240974,0.00017341065,0.013168547
2021-01-05,2.5048386e-05,0.07967466,0.8335734,0.91324806,0.00018470868,0.013590757
2021-01-06,3.7761865e-06,0.06495912,0.8617528,0.9267119,0.0003562211,0.01887382
2021-01-07,1.7202263e-05,0.068285674,0.85050696,0.9187926,0.00032296684,0.017971277
2021-01-08,1.44079095e-05,0.06753396,0.8540243,0.92155826,0.0002928397,0.017112559
2021-01-11,6.4762826e-06,0.066490956,0.8591807,0.92567164,0.00031429162,0.017728273
2021-01-12,8.150114e-06,0.054506246,0.8782872,0.93279344,0.00027650959,0.016628576
2021-01-13,5.5532582e-06,0.06669533,0.863422,0.9301173,0.00026866028,0.01639086
2021-01-14,1.2991499e-05,0.06476418,0.8595652,0.9243294,0.00023981294,0.015485895
2021-01-15,8.329318e-06,0.06423382,0.86335063,0.92758447,0.00022874694,0.015124382
2021-01-19,1.6204785e-05,0.058688626,0.86417997,0.9228686,0.00023996079,0.015490668
2021-01-20,8.889503e-06,0.061915454,0.86461735,0.9265328,0.0002314205,0.015212512
2021-01-21,1.0987653e-05,0.07131092,0.8505685,0.9218794,0.00021033968,0.0145030925
2021-01-22,1.6458716e-05,0.06904062,0.8501764,0.919217,0.00019026571,0.013793684
2021-01-25,2.0258074e-05,0.07164928,0.845435,0.91708434,0.00019707828,0.014038457
2021-01-26,1.3388994e-05,0.07357054,0.8424807,0.91605127,0.00019308712,0.01389558
2021-01-27,1.942263e-05,0.07432515,0.83960396,0.9139291,0.0001768361,0.013297973
2021-01-28,2.5650628e-05,0.0831354,0.8237807,0.90691614,0.00016929657,0.0130114015
2021-01-29,3.5590696e-05,0.08035469,0.82727575,0.90763044,0.00017327124,0.013163254
2021-02-01,3.0532192e-05,0.077848636,0.83274895,0.91059756,0.00017960364,0.0134016285
2021-02-02,1.3807093e-05,0.08291246,0.8256937,0.9086062,0.00023002338,0.015166521
2021-02-03,1.1032363e-05,0.07449617,0.84268016,0.9171763,0.00024436088,0.015632046
2021-02-04,1.08171935e-05,0.07183977,0.84869546,0.9205352,0.00023755724,0.015412892
2021-02-05,1.2702302e-05,0.07467201,0.8439485,0.91862047,0.0002188342,0.014793046
2021-02-08,7.2836115e-06,0.06965928,0.858091,0.9277503,0.00020602753,0.014353659
2021-02-09,5.6047643e-06,0.067442074,0.8610536,0.92849565,0.00021002306,0.014492173
2021-02-10,9.537503e-06,0.07419585,0.8505134,0.92470926,0.00018929201,0.013758344
2021-02-11,8.786523e-06,0.073044136,0.85183954,0.92488366,0.00017258523,0.01313717
2021-02-12,1.3729549e-05,0.077249825,0.8426171,0.9198669,0.0001601721,0.012655912
2021-02-16,8.340512e-06,0.07918052,0.8419227,0.92110324,0.00018176445,0.013482004
2021-02-17,3.9835554e-06,0.07153495,0.85671335,0.9282483,0.0001685132,0.012981264
2021-02-18,6.710524e-06,0.07388716,0.84937686,0.923264,0.00017096513,0.013075363
2021-02-19,2.2283391e-05,0.07589799,0.8375781,0.9134761,0.0001599179,0.012645865
2021-02-22,2.7827165e-05,0.07762446,0.8301406,0.90776503,0.00019159126,0.0138416495
2021-02-23,7.668418e-06,0.07549121,0.844683,0.9201742,0.00029353792,0.01713295
2021-02-24,1.9401297e-05,0.08247776,0.83150196,0.9139797,0.000256171,0.016005343
2021-02-25,1.0104004e-05,0.076604374,0.8406206,0.91722494,0.0002823784,0.016804118
2021-02-26,1.12314865e-05,0.07401984,0.8487313,0.9227511,0.00024915682,0.015784701
2021-03-01,1.296549e-05,0.06717072,0.855471,0.92264175,0.0003017693,0.017371507
2021-03-02,3.8307826e-05,0.093425944,0.8078559,0.90128183,0.00028483936,0.016877186
2021-03-03,5.1061244e-05,0.09207213,0.8043846,0.8964567,0.00028942205,0.017012408
2021-03-04,3.8642775e-05,0.097266085,0.79799265,0.8952587,0.00034176096,0.018486777
2021-03-05,2.7069837e-05,0.08638326,0.8150715,0.9014548,0.00047138706,0.02171145
2021-03-08,6.6277194e-06,0.06741389,0.85809755,0.9255114,0.0005146103,0.022685025
2021-03-09,3.5493853e-05,0.08197307,0.8274007,0.90937376,0.00046562284,0.021578295
2021-03-10,2.9992729e-05,0.08212917,0.8272761,0.9094053,0.00044259877,0.021038031
2021-03-11,2.30005e-05,0.08465268,0.824809,0.9094617,0.00039959958,0.019989988
2021-03-12,7.698913e-06,0.06968375,0.85262513,0.92230886,0.00040141167,0.020035261
2021-03-15,3.222782e-05,0.08493211,0.822105,0.9070371,0.00035284116,0.018784067
2021-03-16,3.7581423e-05,0.085746475,0.82217664,0.9079231,0.00032338133,0.017982807
2021-03-17,3.4036177e-05,0.088506766,0.8164168,0.90492356,0.00031083045,0.017630385
2021-03-18,4.917508e-05,0.091662474,0.80970776,0.9013702,0.00028876727,0.016993154
2021-03-19,4.9986316e-05,0.08459268,0.810463,0.8950557,0.0007860035,0.028035754
2021-03-22,6.196734e-05,0.09794002,0.78013915,0.8780792,0.0007324739,0.027064255
2021-03-23,4.6073572e-05,0.096094176,0.79329526,0.88938946,0.00063375453,0.025174482
2021-03-24,2.5201842e-05,0.07738378,0.8365067,0.9138905,0.0009395104,0.030651433
2021-03-25,1.0415466e-05,0.06991521,0.8417716,0.91168684,0.0010653154,0.032639172
2021-03-26,1.3909192e-05,0.06694089,0.8559727,0.9229136,0.0010423838,0.03228597
2021-03-29,7.628971e-06,0.0628693,0.8550431,0.9179124,0.0010139169,0.03184206
2021-03-30,8.121506e-05,0.098132685,0.78563845,0.8837711,0.0008801523,0.02966736
2021-03-31,7.188929e-05,0.08670984,0.8059413,0.89265114,0.0008002345,0.028288417
2021-04-01,8.807419e-05,0.09087373,0.79813457,0.8890083,0.0007644428,0.027648559
2021-04-05,5.5662304e-06,0.06071955,0.8655441,0.92626363,0.0008278361,0.028772142
2021-04-06,3.6134978e-05,0.07407011,0.84023106,0.91430116,0.00085534155,0.029246222
2021-04-07,5.5276072e-05,0.098071665,0.793171,0.8912426,0.0007643088,0.027646136
2021-04-08,0.00010396294,0.108262315,0.77037,0.8786323,0.0006665593,0.02581781
2021-04-09,7.341641e-05,0.09600696,0.7918066,0.88781357,0.0006184721,0.0248691
2021-04-12,0.00011044421,0.10598309,0.7719237,0.8779068,0.00056544866,0.023779165
2021-04-13,9.243558e-05,0.102729596,0.78079176,0.8835214,0.00055097084,0.023472767
2021-04-14,6.4111104e-05,0.098391816,0.7893797,0.88777155,0.0005288779,0.022997346
2021-04-15,5.0204208e-06,0.056941085,0.8680061,0.9249472,0.000707951,0.02660735
2021-04-16,2.1361819e-05,0.076362744,0.8322465,0.9086092,0.0006207777,0.024915412
2021-04-19,1.4826913e-05,0.06498174,0.850497,0.91547877,0.00054024725,0.023243219
2021-04-20,1.4237931e-05,0.0706366,0.8398647,0.91050124,0.0004752162,0.021799454
2021-04-21,2.0877156e-05,0.08269566,0.8223494,0.9050451,0.00042957035,0.02072608
2021-04-22,0.00011023789,0.106112316,0.7723683,0.8784806,0.0004003936,0.020009838
2021-04-23,7.1790106e-05,0.10851944,0.77419746,0.8827169,0.00041961626,0.020484537
2021-04-26,5.3307787e-05,0.100047745,0.788568,0.8886158,0.00041047047,0.020260071
2021-04-27,9.388634e-05,0.10642941,0.7731941,0.8796235,0.00037852672,0.019455763
2021-04-28,1.9376717e-05,0.08818028,0.8147862,0.9029665,0.00041480805,0.020366836
2021-04-29,1.8721517e-05,0.08244535,0.82213384,0.90457916,0.00037539485,0.01937511
2021-04-30,2.0389518e-05,0.08219313,0.82342494,0.9056181,0.0003529982,0.018788246
2021-05-03,4.6222027e-05,0.09235819,0.8013528,0.893711,0.00035248624,0.018774617
2021-05-04,1.4447288e-05,0.078996114,0.83009475,0.9090909,0.00034679606,0.018622462
2021-05-05,1.1252257e-05,0.07584543,0.83658403,0.91242945,0.00032856746,0.01812643
2021-05-06,2.6329333e-05,0.090886034,0.8133918,0.90427786,0.00028622214,0.0169181
2021-05-07,5.0276692e-05,0.09694617,0.79775816,0.89470434,0.00027779292,0.01666712
2021-05-10,2.209289e-05,0.09078999,0.81364185,0.9044318,0.00027260714,0.016510818
2021-05-11,3.1367937e-05,0.093895495,0.8070047,0.9009002,0.00024389835,0.015617245
2021-05-12,3.281532e-05,0.096844405,0.8008778,0.89772224,0.00023085365,0.015193868
2021-05-13,2.1725209e-05,0.09016343,0.8133349,0.9034983,0.0002315806,0.015217773
2021-05-14,5.5871657e-05,0.0960144,0.7970432,0.8930576,0.00032058085,0.017904771
2021-05-17,1.5803707e-05,0.08439601,0.82200044,0.90639645,0.00036572013,0.019123811
2021-05-18,1.3359922e-05,0.082829595,0.8237151,0.9065447,0.0003317272,0.01821338
2021-05-19,4.1520107e-05,0.08495361,0.81285346,0.89780706,0.00029863304,0.017281001
2021-05-20,0.00012976142,0.099285856,0.77683306,0.8761189,0.00037831935,0.019450434
2021-05-21,3.2620588e-05,0.093685076,0.8057958,0.8994809,0.00046786002,0.021630073
2021-05-24,6.1767125e-05,0.102071285,0.78461576,0.88668704,0.0004642579,0.021546645
2021-05-25,2.2339837e-05,0.08183756,0.81979114,0.9016287,0.0005726804,0.023930741
2021-05-26,3.957543e-05,0.092667274,0.8053421,0.89800936,0.0004918189,0.02217699
2021-05-27,1.4555138e-05,0.08003533,0.8315757,0.911611,0.00043599517,0.020880498
2021-05-28,1.947684e-05,0.08075106,0.8289445,0.90969557,0.00038420653,0.019601187
2021-06-01,3.1927026e-05,0.09007639,0.81066316,0.90073955,0.00034335096,0.018529732
2021-06-02,1.4901752e-05,0.08803715,0.82006407,0.9081012,0.00034879587,0.018676078
2021-06-03,8.482543e-06,0.07326709,0.8459875,0.9192546,0.00032361338,0.017989257
2021-06-04,2.3472528e-05,0.09014,0.81666195,0.90680194,0.0002822737,0.016801003
2021-06-07,2.1523165e-05,0.09341703,0.8104029,0.90382,0.00026590336,0.016306544
2021-06-08,2.562697e-05,0.08967066,0.815822,0.90549266,0.00024018326,0.0154978465
2021-06-09,2.24394e-05,0.09552644,0.80613613,0.9016626,0.0002335695,0.015282981
2021-06-10,3.1111984e-05,0.09648033,0.8031416,0.8996219,0.00021094158,0.014523828
2021-06-11,3.3367116e-05,0.10119315,0.79577404,0.8969672,0.00020247913,0.0142295165
2021-06-14,3.2723878e-05,0.10423702,0.7921524,0.8963894,0.0002019323,0.014210288
2021-06-15,2.6123646e-05,0.097596034,0.80360067,0.9011967,0.00019272669,0.0138826035
2021-06-16,2.3581973e-05,0.091001116,0.8126497,0.9036508,0.00020965171,0.014479355
2021-06-17,4.4962446e-05,0.10337997,0.7896693,0.89304924,0.00019395928,0.013926926
2021-06-18,5.703237e-05,0.10093803,0.78782976,0.8887678,0.00022365057,0.014954952
2021-06-21,6.133287e-06,0.06863727,0.8540347,0.922672,0.0002400207,0.015492601
2021-06-22,1.1816784e-05,0.07324547,0.83837414,0.9116196,0.00026339517,0.016229454
2021-06-23,1.8905626e-05,0.08869706,0.8152806,0.9039777,0.00023779369,0.015420561
2021-06-24,1.3884876e-05,0.089063145,0.8212045,0.91026765,0.00021277458,0.014586795
2021-06-25,1.4325623e-05,0.089450374,0.81955963,0.90901,0.0001893131,0.013759109
2021-06-28,2.099798e-05,0.09681582,0.8058248,0.90264064,0.0001783724,0.013355613
2021-06-29,2.6424104e-05,0.09503984,0.80594677,0.9009866,0.0001886707,0.013735745
2021-06-30,1.3040729e-05,0.08958326,0.8205701,0.9101534,0.00017853623,0.013361745
2021-07-01,2.042194e-05,0.09500287,0.8082413,0.9032442,0.00016330718,0.01277917
2021-07-02,3.144986e-05,0.10345669,0.79303956,0.89649624,0.00020471879,0.014307997
2021-07-06,1.4053222e-05,0.09082526,0.8201078,0.9109331,0.00019393435,0.013926031
2021-07-07,5.2498617e-05,0.10741873,0.7853641,0.8927828,0.00022678863,0.015059503
2021-07-08,0.00015323091,0.124130115,0.7469754,0.87110555,0.00025909435,0.016096408
2021-07-09,3.8616217e-05,0.107931614,0.7850666,0.8929982,0.0003591522,0.018951312
2021-07-12,3.1851327e-05,0.09876978,0.798167,0.8969368,0.000371671,0.01927877
2021-07-13,8.099002e-05,0.113904186,0.7683747,0.88227886,0.00033254924,0.018235933
2021-07-14,2.1233654e-05,0.0918964,0.8142274,0.9061238,0.00036279962,0.0190473
2021-07-15,0.00010476033,0.106633514,0.7756032,0.8822367,0.00039278402,0.01981878
2021-07-16,6.806428e-05,0.100089155,0.790282,0.89037114,0.00045489473,0.021328261
2021-07-19,2.0469006e-05,0.089011975,0.8172293,0.90624124,0.00042796848,0.0206874
2021-07-20,1.4805804e-05,0.062392514,0.8541356,0.9165281,0.0009150253,0.030249385
2021-07-21,7.585066e-06,0.07302289,0.8476943,0.9207172,0.0008099075,0.028458875
2021-07-22,1.8133449e-05,0.07881529,0.8247553,0.9035706,0.0008206391,0.028646799
2021-07-23,2.0937143e-05,0.08109501,0.8230452,0.90414023,0.00073462893,0.027104039
2021-07-26,3.635922e-05,0.09226641,0.8070215,0.89928794,0.00062589877,0.02501797
2021-07-27,2.5693751e-05,0.0841471,0.82460356,0.90875065,0.0005420184,0.02328129
2021-07-28,2.3865336e-05,0.079183325,0.83448106,0.9136644,0.00047387907,0.021768764
2021-07-29,3.0565567e-05,0.09273556,0.8112474,0.903983,0.0004273319,0.020672007
2021-07-30,1.1288575e-05,0.0782076,0.8395942,0.9178018,0.00040291424,0.020072725
2021-08-02,1.3319828e-05,0.075376496,0.84596705,0.92134356,0.00035099467,0.018734852
2021-08-03,3.0948922e-05,0.076955326,0.8318423,0.9087976,0.00041491122,0.02036937
2021-08-04,7.29178e-05,0.11236718,0.7758431,0.8882103,0.0003839098,0.019593617
2021-08-05,5.522908e-05,0.093299545,0.80072635,0.8940259,0.00050811504,0.022541407
2021-08-06,2.1669677e-05,0.08912843,0.8158167,0.90494514,0.00047906867,0.021887638
2021-08-09,0.00013312906,0.11545711,0.7619365,0.8773936,0.00042534046,0.020623785
2021-08-10,8.19076e-05,0.1013967,0.7873207,0.88871735,0.0005409097,0.023257466
2021-08-11,4.4598895e-05,0.0962155,0.7963032,0.8925187,0.0005798092,0.024079228
2021-08-12,8.333818e-05,0.1006698,0.7861668,0.8868366,0.0005244961,0.02290188
2021-08-13,9.0159134e-05,0.09828001,0.7929264,0.8912064,0.0004963199,0.022278238
2021-08-16,8.202257e-05,0.09525072,0.79591787,0.8911686,0.0004928778,0.02220085
2021-08-17,0.00011734163,0.099318385,0.78354204,0.8828604,0.00050234346,0.02241302
2021-08-18,5.1501196e-05,0.085887626,0.81463844,0.90052605,0.0005222479,0.022852745
2021-08-19,8.479706e-05,0.08875507,0.799824,0.8885791,0.00050272094,0.02242144
2021-08-20,2.542728e-05,0.071503185,0.83919466,0.9106978,0.0005545961,0.023549864
2021-08-23,7.944392e-06,0.06752628,0.85890603,0.9264323,0.00052530423,0.022919517
2021-08-24,4.149199e-06,0.060131945,0.86710304,0.927235,0.00063957996,0.025289917
2021-08-25,3.1234456e-05,0.07462521,0.82691896,0.90154415,0.00060697825,0.024636928
2021-08-26,1.2399979e-05,0.06799262,0.84998596,0.9179786,0.00054365123,0.02331633
2021-08-27,2.8569717e-05,0.07402521,0.8364628,0.910488,0.0004879274,0.022089079
2021-08-30,1.0917079e-05,0.069580294,0.85065687,0.9202372,0.0004639367,0.02153919
2021-08-31,2.3617384e-05,0.079235084,0.8338236,0.9130587,0.00040860378,0.02021395
2021-09-01,7.038234e-05,0.090315774,0.80815345,0.8984692,0.0003730906,0.019315554
2021-09-02,7.100646e-05,0.09137114,0.8094429,0.900814,0.00037200688,0.01928748
2021-09-03,7.3468204e-06,0.068445645,0.85683995,0.9252856,0.0004086616,0.020215381
2021-09-07,3.0496323e-05,0.0732453,0.8391523,0.91239756,0.00036471031,0.01909739
2021-09-08,4.91605e-05,0.08438948,0.81953704,0.9039265,0.00035063026,0.018725123
2021-09-09,2.8895372e-05,0.088387616,0.8167367,0.9051243,0.0003521112,0.018764626
2021-09-10,4.8572238e-05,0.08457143,0.8175161,0.9020875,0.00034229085,0.018501105
2021-09-13,1.4378022e-05,0.07529977,0.8402959,0.91559565,0.0003720331,0.01928816
2021-09-14,3.8855014e-05,0.08697954,0.8157521,0.90273166,0.00033484105,0.018298663
2021-09-15,2.4937432e-05,0.08065795,0.8298371,0.91049504,0.00031200267,0.017663598
2021-09-16,2.0038065e-05,0.08301495,0.8247537,0.90776867,0.00035571045,0.018860288
2021-09-17,1.5621212e-05,0.06647522,0.8564888,0.92296404,0.0003134152,0.017703537
2021-09-20,1.0594275e-05,0.05581723,0.87535244,0.9311697,0.0002895169,0.017015196
2021-09-21,1.749858e-05,0.053659014,0.87091017,0.9245692,0.00029571692,0.017196422
2021-09-22,1.1203803e-05,0.070639975,0.8502179,0.92085785,0.00027574657,0.01660562
2021-09-23,1.9231411e-05,0.07523018,0.837062,0.9122922,0.00028361502,0.016840873
2021-09-24,1.0949674e-05,0.06975029,0.84998876,0.91973907,0.00027244384,0.016505873
2021-09-27,1.14252225e-05,0.06825646,0.8531665,0.92142296,0.00024820553,0.01575454
2021-09-28,4.6870687e-06,0.06763799,0.8614793,0.92911726,0.00024905123,0.015781356
2021-09-29,1.1402276e-05,0.070402056,0.85181075,0.92221284,0.00021960726,0.014819152
2021-09-30,1.1546395e-05,0.06642556,0.85922885,0.9256544,0.00020129351,0.014187794
2021-10-01,4.0902803e-05,0.0948739,0.8065187,0.9013926,0.00018490566,0.013598002
2021-10-04,9.295584e-06,0.06727028,0.85862005,0.9258903,0.00020163013,0.014199653
2021-10-05,2.295424e-05,0.08745485,0.82158506,0.9090399,0.00021636358,0.014709302
2021-10-06,9.994144e-06,0.08273142,0.8365807,0.9193121,0.00022460402,0.014986795
2021-10-07,9.175562e-06,0.059944928,0.87439287,0.9343378,0.00022901723,0.015133315
2021-10-08,5.3777047e-05,0.095878966,0.80492383,0.9008028,0.00021663318,0.014718464
2021-10-11,2.9005023e-05,0.088438936,0.8217081,0.910147,0.00024463408,0.015640782
2021-10-12,3.9340302e-05,0.08960525,0.8168384,0.90644366,0.00024843367,0.01576178
2021-10-13,3.398232e-05,0.089666404,0.8192101,0.90887654,0.00024241736,0.015569758
2021-10-14,2.7036127e-05,0.08621325,0.8262824,0.9124956,0.0002332229,0.015271638
2021-10-15,2.715601e-05,0.08928875,0.8217325,0.9110213,0.00022933721,0.015143883
2021-10-18,9.970102e-06,0.07295024,0.85345453,0.9264048,0.00022772883,0.015090687
2021-10-19,8.622919e-06,0.062041514,0.8705558,0.93259734,0.00020454562,0.0143019445
2021-10-20,1.6266958e-05,0.07359639,0.8453991,0.9189955,0.00018898395,0.013747144
2021-10-21,1.0121444e-05,0.08374225,0.83461237,0.91835463,0.00018446085,0.013581636
2021-10-22,3.5906844e-05,0.083864905,0.8253731,0.90923804,0.0001873697,0.013688305
2021-10-25,3.2541506e-05,0.09754838,0.80874234,0.9062907,0.00020929691,0.014467098
2021-10-26,1.9514877e-05,0.09658699,0.8126084,0.9091954,0.00020181303,0.014206091
2021-10-27,1.6674237e-05,0.08071228,0.8360346,0.91674685,0.0001938779,0.0139240045
2021-10-28,2.5886822e-05,0.08026118,0.832652,0.91291314,0.00022524582,0.015008192
2021-10-29,1.8608458e-05,0.081518695,0.8354386,0.9169573,0.00021364473,0.014616591
2021-11-01,2.4705641e-05,0.08241991,0.83303,0.9154499,0.0002035918,0.014268559
2021-11-02,6.376215e-05,0.091384,0.8097852,0.9011692,0.00019681368,0.01402903
2021-11-03,2.7826742e-05,0.092457816,0.81424475,0.9067026,0.00022346052,0.014948596
2021-11-04,1.703043e-05,0.06294484,0.8609504,0.92389524,0.0003379619,0.01838374
2021-11-05,0.00014887674,0.10307229,0.78209126,0.88516355,0.00035018456,0.01871322
2021-11-08,3.080633e-05,0.090375625,0.8109111,0.9012867,0.0005188135,0.022777477
2021-11-09,9.1296395e-05,0.09345125,0.7991276,0.89257884,0.00045712906,0.021380577
2021-11-10,1.50327405e-05,0.07298897,0.8439228,0.9169118,0.00052236015,0.0228552
2021-11-11,2.089856e-05,0.057821408,0.8664326,0.924254,0.0005410951,0.02326145
2021-11-12,2.722675e-05,0.08384971,0.827813,0.91166276,0.00049019395,0.022140324
2021-11-15,1.8686966e-05,0.06431529,0.85888153,0.9231968,0.00044150546,0.02101203
2021-11-16,7.0289054e-05,0.09572819,0.799614,0.89534223,0.00039794046,0.019948445
2021-11-17,5.3384894e-05,0.08666292,0.81112814,0.897791,0.00038876236,0.019717058
2021-11-18,2.414202e-05,0.05886813,0.8657555,0.9246236,0.00044869055,0.021182317
2021-11-19,3.3599572e-05,0.07927751,0.8270825,0.90636003,0.00041641505,0.02040625
2021-11-22,1.2937415e-06,0.045056712,0.9027419,0.9477986,0.0004908951,0.022156153
2021-11-23,1.4965684e-05,0.070436805,0.8463963,0.91683316,0.00044754654,0.021155296
2021-11-24,0.00013024796,0.10521369,0.77163714,0.87685084,0.0004289094,0.020710127
2021-11-26,6.104015e-05,0.08002576,0.8205079,0.9005337,0.0004614835,0.021482166
2021-11-29,4.6844734e-06,0.052030977,0.8840192,0.9360502,0.0020125462,0.04486141
2021-11-30,8.017175e-07,0.04405656,0.89831233,0.94236887,0.0018186108,0.042645175
2021-12-01,6.579621e-05,0.078643635,0.8260903,0.9047339,0.0017707318,0.042080063
2021-12-02,0.00015979006,0.10543315,0.76800466,0.8734378,0.0015356316,0.039187137
2021-12-03,0.00049931934,0.12900515,0.71470463,0.84370977,0.0013594594,0.03687085
2021-12-06,0.00043845747,0.11031883,0.7468418,0.8571606,0.001472818,0.03837731
2021-12-07,1.7873295e-05,0.06605046,0.8421094,0.90815985,0.0017861493,0.04226286
2021-12-08,7.202487e-05,0.07981264,0.810008,0.88982064,0.001607459,0.04009313
2021-12-09,4.2172498e-05,0.07212024,0.8303158,0.9024361,0.0013754109,0.03708653
2021-12-10,2.8926406e-05,0.058283884,0.8583725,0.9166564,0.0012131269,0.03482997
2021-12-13,4.6503697e-05,0.076342724,0.8243231,0.9006658,0.0010761033,0.032804012
2021-12-14,4.7675872e-05,0.07274006,0.8328286,0.90556866,0.0009358909,0.030592334
2021-12-15,0.00010543839,0.085122064,0.803901,0.88902307,0.0008318792,0.028842317
2021-12-16,9.053146e-05,0.08510115,0.8046449,0.889746,0.00077445316,0.027828999
2021-12-17,2.209348e-05,0.06288691,0.85048157,0.91336846,0.00075077143,0.027400209
2021-12-20,3.28248e-05,0.05517435,0.8630626,0.918237,0.0006894985,0.026258303
2021-12-21,7.3841243e-06,0.05674376,0.8715237,0.9282674,0.00070770504,0.026602726
2021-12-22,1.4500698e-05,0.06847921,0.8403895,0.9088687,0.0007208378,0.026848422
2021-12-23,6.233421e-05,0.07728496,0.8152241,0.8925091,0.0006552274,0.02559741
2021-12-27,2.4459518e-05,0.064584605,0.8463623,0.9109469,0.0006113121,0.024724727
2021-12-28,7.655974e-05,0.08186288,0.80844206,0.8903049,0.0005779054,0.024039663
2021-12-29,1.761995e-05,0.0640488,0.85608155,0.9201304,0.000545978,0.023366172
2021-12-30,3.2451873e-05,0.0752506,0.8366026,0.91185325,0.00048852485,0.022102598
2021-12-31,8.035271e-06,0.055784144,0.8768954,0.9326796,0.0004433408,0.02105566
2022-01-03,9.208038e-06,0.048502125,0.8828944,0.93139654,0.00042786877,0.02068499
2022-01-04,1.42491845e-05,0.07553683,0.8420148,0.91755164,0.0003931559,0.01982816
2022-01-05,1.3856549e-05,0.06752698,0.8530664,0.9205934,0.0003555994,0.018857343
2022-01-06,2.738716e-05,0.07777318,0.8328743,0.9106475,0.00032522864,0.018034097
2022-01-07,2.9827715e-05,0.081429236,0.82665515,0.9080844,0.00033018834,0.018171085
2022-01-10,3.5961555e-05,0.07731735,0.8331438,0.9104611,0.0003070968,0.017524177
2022-01-11,4.661463e-05,0.084323175,0.8193161,0.90363926,0.00029771915,0.01725454
2022-01-12,6.6582656e-06,0.07006678,0.8532245,0.9232913,0.00040785526,0.020195426
2022-01-13,1.4468645e-05,0.07632088,0.84108436,0.91740525,0.00037519482,0.019369947
2022-01-14,2.6739426e-06,0.048565328,0.89362377,0.9421891,0.0003332846,0.018256085
2022-01-18,1.0891645e-05,0.06602131,0.8574353,0.9234566,0.0003204812,0.017901989
2022-01-19,1.24399685e-05,0.065177284,0.8569358,0.92211306,0.00030905995,0.017580101
2022-01-20,8.005471e-06,0.060385585,0.8678847,0.9282703,0.00029734112,0.017243583
2022-01-21,4.9870514e-06,0.064923525,0.8715648,0.93648833,0.0002661121,0.016312942
2022-01-24,2.307057e-05,0.07314951,0.8415355,0.914685,0.00026465932,0.016268354
2022-01-25,4.2303094e-05,0.07975843,0.8294345,0.9091929,0.0002809934,0.016762858
2022-01-26,1.17433065e-05,0.07964813,0.83777744,0.9174256,0.0003331165,0.018251479
2022-01-27,2.3721082e-05,0.085842416,0.82066596,0.9065084,0.00032277225,0.017965863
2022-01-28,4.007455e-06,0.07278488,0.859335,0.9321199,0.00029513147,0.01717939
2022-01-31,1.9026029e-08,0.017115356,0.9598475,0.97696286,0.00025798066,0.016061777
2022-02-01,3.4315085e-06,0.05349995,0.8856736,0.9391735,0.00025148902,0.015858406
2022-02-02,1.9257515e-05,0.08951179,0.824846,0.91435784,0.00022617556,0.015039134
2022-02-03,3.709091e-05,0.11076299,0.7883643,0.8991273,0.0002058374,0.0143470345
2022-02-04,2.62742e-06,0.06335589,0.87064797,0.93400383,0.00025449294,0.015952835
2022-02-07,1.23783975e-05,0.07915393,0.84154165,0.9206956,0.00025525267,0.015976628
2022-02-08,1.0302197e-05,0.07245888,0.8536777,0.92613655,0.00023674693,0.015386582
2022-02-09,2.5221525e-05,0.08008726,0.8328979,0.91298515,0.0002471772,0.01572187
2022-02-10,1.1190222e-05,0.0801672,0.8390127,0.91917986,0.00023188592,0.015227801
2022-02-11,3.3020657e-05,0.09608005,0.8093401,0.9054202,0.00020614834,0.014357867
2022-02-14,2.8006436e-05,0.09216952,0.8094813,0.90165085,0.00031749503,0.01781839
2022-02-15,4.4064975e-05,0.103824474,0.7920592,0.8958837,0.0003418118,0.018488154
2022-02-16,2.687255e-05,0.07702595,0.8398645,0.91689044,0.00045211398,0.021262972
2022-02-17,7.869963e-05,0.121061176,0.7665958,0.8876569,0.00042862093,0.020703163
2022-02-18,5.1494226e-05,0.092015766,0.8105804,0.9025961,0.00045917009,0.021428254
2022-02-22,0.00015684772,0.115528874,0.75853044,0.8740593,0.000429225,0.020717746
2022-02-23,4.699144e-05,0.1091931,0.7874738,0.8966669,0.0005042651,0.022455847
2022-02-24,0.00022886248,0.13346449,0.7361693,0.8696338,0.00044501777,0.021095444
2022-02-25,0.0007073466,0.15929492,0.6823257,0.8416206,0.00056391954,0.02374699
2022-02-28,0.0019305906,0.16918811,0.65911686,0.828305,0.0011209024,0.03347988
2022-03-01,1.39753465e-05,0.0830437,0.8273859,0.9104296,0.0029954035,0.05473028
2022-03-02,6.7337533e-06,0.06139108,0.8647988,0.92618984,0.0029855352,0.05464005
2022-03-03,3.3485304e-07,0.03812954,0.91289634,0.95102584,0.002864284,0.053519007
2022-03-04,0.000226031,0.11069332,0.76808906,0.8787824,0.002643045,0.051410552
2022-03-07,1.5459023e-07,0.033980824,0.9261257,0.96010655,0.002822776,0.053129803
2022-03-08,0.00023985431,0.12443763,0.7435908,0.8680284,0.0026479948,0.05145867
2022-03-09,7.4270025e-07,0.044988275,0.90009797,0.94508624,0.0023628098,0.048608743
2022-03-10,3.1700614e-07,0.0404733,0.9244875,0.96496075,0.0028816918,0.053681392
2022-03-11,0.00028939586,0.12729256,0.74003434,0.8673269,0.002690052,0.05186571
2022-03-14,0.00037734292,0.12657756,0.7309421,0.8575196,0.002398807,0.048977617
2022-03-15,0.0010803767,0.14401758,0.7026331,0.84665066,0.002582676,0.050820034
2022-03-16,0.00049075903,0.1410009,0.7206721,0.861673,0.0035245572,0.05936798
2022-03-17,0.00065168267,0.12989393,0.71167,0.84156394,0.0030618277,0.055333786
2022-03-18,1.9600482e-05,0.06788445,0.8315953,0.89947975,0.0036625995,0.060519416
2022-03-21,0.0003991384,0.110107586,0.7402268,0.8503344,0.0030835602,0.055529814
2022-03-22,5.4899156e-05,0.07605228,0.81460303,0.8906553,0.003194738,0.05652201
2022-03-23,0.00011360121,0.098821275,0.7800449,0.8788662,0.0026582342,0.051558066
2022-03-24,3.5149326e-06,0.0585147,0.86992407,0.9284388,0.0022633004,0.047574155
2022-03-25,0.00014309662,0.0977702,0.78070426,0.8784745,0.0020033745,0.044759072
2022-03-28,0.000114174596,0.1225979,0.7604464,0.88304436,0.0017251757,0.041535232
2022-03-29,7.480402e-05,0.097446375,0.80530065,0.90274704,0.002069916,0.04549633
2022-03-30,0.0011303616,0.15852344,0.67257464,0.8310981,0.0017684789,0.042053286
2022-03-31,9.6094125e-05,0.109707385,0.77073056,0.88043797,0.0024983196,0.049983192
2022-04-01,0.00012505011,0.1022662,0.7853209,0.8875871,0.0026015523,0.051005416
2022-04-04,0.00019643859,0.14746928,0.7241562,0.8716255,0.0021790196,0.04667997
2022-04-05,6.363327e-05,0.09313981,0.78974324,0.8828831,0.002003216,0.0447573
2022-04-06,0.00029009537,0.13506842,0.72487605,0.85994446,0.0016615749,0.04076242
2022-04-07,0.00013619447,0.10946461,0.7709523,0.88041687,0.001949657,0.04415492
2022-04-08,0.00019174081,0.13361278,0.73291105,0.86652386,0.0016398607,0.040495194
2022-04-11,6.20852e-05,0.09841868,0.78737664,0.88579535,0.0014627511,0.038245928
2022-04-12,0.0002217962,0.11944285,0.74922884,0.86867166,0.0013829207,0.03718764
2022-04-13,1.09368075e-05,0.06939629,0.84012246,0.9095187,0.0017558846,0.041903276
2022-04-14,8.431109e-06,0.067010656,0.8476379,0.91464853,0.0015732109,0.039663725
2022-04-18,4.2075946e-05,0.09966659,0.7899777,0.8896443,0.0013850433,0.037216168
2022-04-19,6.313257e-05,0.10943019,0.77610564,0.88553584,0.0011494183,0.033903074
2022-04-20,8.1865444e-05,0.08897713,0.8023845,0.8913616,0.0012723496,0.03567001
2022-04-21,3.0203368e-05,0.10046994,0.7986192,0.89908916,0.001103019,0.03321173
2022-04-22,0.00013444827,0.14011234,0.73597056,0.8760829,0.000920867,0.03034579
2022-04-25,6.5990665e-05,0.106793776,0.7778268,0.88462055,0.0008522897,0.029194001
2022-04-26,9.889389e-05,0.10004012,0.7773052,0.8773453,0.00086279283,0.029373335
2022-04-27,4.229219e-06,0.06349721,0.8569054,0.9204026,0.0008679058,0.02946024
2022-04-28,2.0220572e-05,0.09345503,0.80499864,0.89845365,0.0007484885,0.027358519
2022-04-29,1.8719509e-06,0.052100465,0.8740796,0.92618006,0.000718483,0.026804533
2022-05-02,0.00012980682,0.1656107,0.7163889,0.8819996,0.0006321447,0.025142487
2022-05-03,4.7951607e-06,0.11024576,0.82073927,0.93098503,0.00058582454,0.024203813
2022-05-04,2.911076e-05,0.10526716,0.7923672,0.8976344,0.0005648021,0.023765566
2022-05-05,5.210973e-06,0.071229905,0.8510176,0.9222475,0.0007523468,0.027428942
2022-05-06,9.102528e-05,0.1539349,0.72229517,0.87623006,0.0006465864,0.025428064
2022-05-09,1.4320368e-05,0.10643463,0.8038976,0.91033226,0.00058670214,0.024221934
2022-05-10,7.709804e-05,0.10143367,0.79419816,0.89563185,0.0009083235,0.030138405
2022-05-11,9.777576e-05,0.11250565,0.7631993,0.875705,0.000909242,0.03015364
2022-05-12,6.45122e-05,0.10641077,0.7807164,0.88712716,0.0011665756,0.034155168
2022-05-13,3.9118662e-05,0.1131745,0.7810482,0.8942227,0.0009767785,0.031253453
2022-05-16,1.5330876e-05,0.08751056,0.82293534,0.9104459,0.0009835749,0.031361997
2022-05-17,4.117815e-05,0.11002241,0.78713065,0.8971531,0.0009189969,0.030314961
2022-05-18,4.7206046e-05,0.1183562,0.77775955,0.8961158,0.00079305406,0.028161215
2022-05-19,0.00021279782,0.14231943,0.7270679,0.8693873,0.00074113376,0.027223771
2022-05-20,1.7172268e-05,0.082968175,0.8203372,0.90330535,0.00082969526,0.02880443
2022-05-23,6.765431e-05,0.13215828,0.7522611,0.8844194,0.0007042861,0.026538389
2022-05-24,4.0209445e-05,0.10642136,0.7874977,0.89391905,0.00069038686,0.026275214
2022-05-25,4.4518983e-05,0.12376496,0.76423997,0.8880049,0.0005864792,0.024217334
2022-05-26,3.220129e-05,0.11646867,0.7750049,0.8914736,0.000495677,0.022263804
2022-05-27,2.438195e-05,0.105119646,0.7922243,0.89734393,0.00054552645,0.023356508
2022-05-31,6.3070224e-06,0.08981858,0.82966954,0.91948813,0.00046388034,0.021537881
2022-06-01,1.648721e-05,0.09950532,0.8072612,0.90676653,0.0003923981,0.019809041
2022-06-02,4.2053885e-05,0.13429192,0.75502676,0.8893187,0.0003356668,0.01832121
2022-06-03,1.0607184e-05,0.096958406,0.81511813,0.91207653,0.00032056033,0.017904198
2022-06-06,2.9193525e-05,0.11663202,0.78055763,0.8971897,0.00029913522,0.017295526
2022-06-07,3.6640395e-05,0.13099754,0.75658005,0.8875776,0.00026397628,0.016247347
2022-06-08,2.883247e-05,0.1321809,0.7630488,0.8952297,0.00024361307,0.0156081095
2022-06-09,9.969827e-06,0.10382346,0.81383663,0.9176601,0.0002795748,0.01672049
2022-06-10,8.14154e-06,0.10116033,0.81414527,0.9153056,0.0002402352,0.015499523
2022-06-13,6.696834e-05,0.14960565,0.7305767,0.8801823,0.00020889351,0.014453149
2022-06-14,0.00010960095,0.16263048,0.71305394,0.87568444,0.00022014616,0.014837324
2022-06-15,9.754226e-06,0.07397931,0.8468014,0.9207807,0.0003129469,0.017690305
2022-06-16,0.000115580304,0.12727457,0.738325,0.8655996,0.00034640272,0.018611897
2022-06-17,2.5659874e-05,0.10213834,0.7967671,0.89890546,0.00041909603,0.020471836
2022-06-21,0.00010704373,0.10637344,0.7774565,0.88382995,0.0008735982,0.029556695
2022-06-22,1.8304949e-05,0.094214216,0.8152657,0.9094799,0.0007962183,0.02821734
2022-06-23,6.182357e-05,0.0867542,0.8001754,0.88692963,0.00082853134,0.028784221
2022-06-24,8.644379e-05,0.10720764,0.7764881,0.8836958,0.00075434183,0.027465284
2022-06-27,2.185859e-05,0.08653909,0.8221374,0.9086765,0.0007779782,0.027892262
2022-06-28,0.00013118378,0.13356306,0.7426874,0.87625045,0.0006887234,0.02624354
2022-06-29,4.0447135e-06,0.06691367,0.86564696,0.9325606,0.0006939017,0.026342014
2022-06-30,5.7665402e-05,0.10825023,0.78791505,0.89616525,0.000626602,0.02503202
2022-07-01,1.2680389e-05,0.07096254,0.8564653,0.9274278,0.0007037215,0.02652775
2022-07-05,1.0045886e-05,0.08015361,0.8418945,0.9220481,0.0006587696,0.025666507
2022-07-06,6.6538014e-05,0.09850577,0.80386645,0.90237224,0.0011596291,0.034053326
2022-07-07,0.00011060461,0.12411365,0.76093763,0.88505125,0.0010085861,0.031758245
2022-07-08,2.4412032e-06,0.043191586,0.8943745,0.9375661,0.0010921843,0.033048213
2022-07-11,0.00012316143,0.10329996,0.77341855,0.8767185,0.0009959323,0.031558394
2022-07-12,7.060859e-05,0.0941227,0.79501206,0.88913476,0.00089836813,0.02997279
2022-07-13,4.1743897e-05,0.0703725,0.8399993,0.91037184,0.0014298725,0.037813656
2022-07-14,3.1293053e-05,0.088675015,0.816964,0.905639,0.0012443116,0.0352748
2022-07-15,8.7077315e-05,0.101329595,0.78340185,0.8847314,0.0010506548,0.032413807
2022-07-18,5.983231e-05,0.09041103,0.80307174,0.89348274,0.00094488834,0.030739035
2022-07-19,0.00013673723,0.09383848,0.7863122,0.8801507,0.0010433558,0.03230102
2022-07-20,3.8712024e-05,0.07779582,0.8241739,0.90196973,0.0009795614,0.031297944
2022-07-21,1.0960603e-05,0.06479458,0.857236,0.9220306,0.0008747025,0.02957537
2022-07-22,2.4261317e-05,0.05888016,0.8586488,0.9175289,0.000992031,0.03149652
2022-07-25,1.356644e-05,0.07578394,0.8432765,0.91906047,0.0008940629,0.029900884
2022-07-26,2.5784914e-06,0.053150885,0.8823806,0.9355315,0.0007999517,0.028283417
2022-07-27,2.3138824e-05,0.077932164,0.82699645,0.9049286,0.0007259607,0.026943658
2022-07-28,1.8889612e-05,0.07851995,0.82706857,0.9055885,0.00066659,0.025818404
2022-07-29,4.296738e-05,0.090743385,0.810786,0.9015294,0.00057640113,0.024008356
2022-08-01,8.075822e-05,0.10855654,0.7826276,0.8911841,0.0005556404,0.023572026
2022-08-02,4.5174635e-05,0.07505657,0.84152114,0.9165777,0.00078009587,0.027930196
2022-08-03,1.169548e-05,0.08380443,0.83507055,0.918875,0.00070384686,0.026530113
2022-08-04,6.926533e-05,0.078182764,0.81457275,0.8927555,0.00073927245,0.027189566
2022-08-05,0.00011496061,0.100718796,0.7853803,0.8860991,0.0007160058,0.026758285
2022-08-08,5.2153075e-05,0.10229929,0.7958315,0.8981308,0.00067990227,0.026074935
2022-08-09,0.00011427033,0.10664314,0.77437776,0.8810209,0.00063119276,0.02512355
2022-08-10,2.8688168e-05,0.07907887,0.82091546,0.8999943,0.0006040621,0.024577675
2022-08-11,3.1830565e-05,0.08333719,0.81503695,0.89837414,0.00054349424,0.023312964
2022-08-12,5.0558196e-05,0.095155835,0.79516727,0.8903231,0.00052970904,0.023015408
2022-08-15,6.936611e-05,0.08874296,0.80082566,0.8895686,0.0005281751,0.02298206
2022-08-16,0.00018351217,0.10507707,0.77308345,0.87816054,0.00057084614,0.023892386
2022-08-17,5.9185866e-05,0.087150745,0.8040314,0.8911821,0.0007389081,0.027182864
2022-08-18,3.946958e-05,0.08523637,0.8061683,0.8914047,0.0006811716,0.026099265
2022-08-19,4.3245578e-05,0.08205857,0.8161856,0.89824414,0.0006487144,0.025469873
2022-08-22,9.769169e-05,0.09348664,0.78904146,0.88252807,0.0005733466,0.023944657
2022-08-23,7.7423654e-05,0.108823076,0.7723607,0.88118374,0.00055365136,0.023529798
2022-08-24,2.1756005e-05,0.084329516,0.8218213,0.9061508,0.0006618036,0.025725543
2022-08-25,0.00017758846,0.11391903,0.7517618,0.8656808,0.00057775236,0.02403648
2022-08-26,7.877028e-05,0.09899749,0.79165536,0.89065284,0.0006860101,0.026191795
2022-08-29,5.5536144e-05,0.09616933,0.7937643,0.88993365,0.0006249704,0.024999408
2022-08-30,8.3538114e-05,0.10731363,0.7789708,0.8862844,0.00071613403,0.02676068
2022-08-31,0.00010037308,0.077916384,0.82254624,0.9004626,0.0009919473,0.031495195
2022-09-01,9.7375494e-05,0.09709588,0.7960977,0.8931936,0.00095852127,0.030959995
2022-09-02,5.39654e-05,0.07773303,0.832497,0.91023004,0.00097000884,0.031144965
2022-09-06,3.0549574e-05,0.08517012,0.8181993,0.9033694,0.00086209935,0.029361527
2022-09-07,0.00022660826,0.10922718,0.7667866,0.87601376,0.0007359194,0.027127834
2022-09-08,0.0002570078,0.09480582,0.7799554,0.8747612,0.0011678976,0.034174517
2022-09-09,0.00022375942,0.11697194,0.75321347,0.8701854,0.0012026087,0.03467865
2022-09-12,7.706996e-05,0.08771645,0.7968721,0.88458854,0.001298106,0.03602924
2022-09-13,0.00021806992,0.10160392,0.7663555,0.86795944,0.0011223671,0.033501748
2022-09-14,0.00014640942,0.10259568,0.7781519,0.8807476,0.001081363,0.032884084
2022-09-15,2.3118495e-05,0.08844945,0.8198589,0.9083084,0.001005488,0.03170943
2022-09-16,3.2141324e-05,0.07097795,0.84689826,0.9178762,0.0009831033,0.03135448
2022-09-19,4.4095403e-05,0.07892681,0.82834554,0.90727234,0.0008647304,0.029406298
2022-09-20,5.999781e-05,0.076797195,0.8144099,0.8912071,0.00076431327,0.027646216
2022-09-21,6.963205e-05,0.08690291,0.8020898,0.8889927,0.00070032716,0.026463695
2022-09-22,0.00016317346,0.09878798,0.78113246,0.8799204,0.0006603045,0.025696391
2022-09-23,7.542433e-05,0.086200446,0.80124104,0.8874415,0.0006830058,0.02613438
2022-09-26,4.6799174e-05,0.07435308,0.8342787,0.9086318,0.0009205515,0.030340591
2022-09-27,7.4899726e-05,0.0894296,0.80503726,0.8944669,0.0008663346,0.029433561
2022-09-28,2.3711362e-05,0.07145997,0.82841635,0.8998763,0.0008190561,0.028619157
2022-09-29,0.0001724752,0.09065572,0.770091,0.86074674,0.0008484811,0.029128699
2022-09-30,0.00018659547,0.09484909,0.78663015,0.88147926,0.00083781173,0.028944978
2022-10-03,0.0001664129,0.090534806,0.7930973,0.8836321,0.00089097756,0.029849248
2022-10-04,2.020431e-05,0.07011743,0.8411628,0.9112802,0.0011045006,0.033234026
2022-10-05,4.04891e-06,0.0493156,0.879222,0.9285376,0.0010292056,0.032081235
2022-10-06,2.026213e-05,0.061068136,0.8456721,0.9067402,0.0009186446,0.03030915
2022-10-07,5.9681392e-06,0.049365412,0.877237,0.9266024,0.00080068264,0.028296337
2022-10-10,2.1429155e-06,0.042190738,0.8946993,0.93689,0.00081315375,0.028515851
2022-10-11,5.4248803e-06,0.039447874,0.9039821,0.94342995,0.0007413571,0.027227873
2022-10-12,1.1427389e-05,0.054205418,0.86958617,0.9237916,0.00069127465,0.026292102
2022-10-13,2.6637845e-05,0.05671067,0.85738915,0.9140998,0.00064315984,0.025360595
2022-10-14,8.450542e-06,0.05643367,0.86175084,0.9181845,0.00060227286,0.024541248
2022-10-17,1.696938e-05,0.049209215,0.8795086,0.92871785,0.0006190144,0.02488
2022-10-18,1.6088645e-05,0.059521127,0.8570722,0.9165933,0.0005615874,0.023697834
2022-10-19,4.203072e-05,0.05889332,0.85315263,0.91204596,0.00055679865,0.023596581
2022-10-20,1.1022286e-05,0.05539665,0.8682318,0.92362845,0.0005782137,0.024046075
2022-10-21,4.7319577e-06,0.058137964,0.8753492,0.9334872,0.0005143247,0.022678727
2022-10-24,1.0893472e-05,0.05597353,0.8644562,0.9204297,0.00046208853,0.021496244
2022-10-25,4.6576915e-05,0.07479693,0.81966925,0.89446616,0.0004121996,0.0203027
2022-10-26,4.409675e-06,0.05180805,0.87805754,0.9298656,0.0003898511,0.019744648
2022-10-27,1.5729896e-05,0.066797376,0.8386873,0.9054847,0.00039240808,0.019809293
2022-10-28,1.7566341e-06,0.042463653,0.8963681,0.93883175,0.00035614794,0.018871883
2022-10-31,3.152599e-05,0.0679395,0.82973593,0.89767545,0.00032878568,0.018132448
2022-11-01,5.471819e-07,0.036703426,0.92190826,0.95861167,0.0003215449,0.017931674
2022-11-02,1.08702174e-07,0.03148686,0.9411089,0.97259575,0.00031291126,0.017689297
2022-11-03,9.956043e-07,0.05774998,0.8851455,0.9428955,0.00030487153,0.017460572
2022-11-04,8.057642e-06,0.05206778,0.8675919,0.9196597,0.00029572044,0.017196525
2022-11-07,2.333688e-05,0.07472657,0.8324848,0.90721136,0.00038923707,0.019729093
2022-11-08,7.0742694e-06,0.056974627,0.8761956,0.93317026,0.00035356244,0.018803256
2022-11-09,3.187797e-06,0.043472525,0.8988471,0.94231963,0.00037552582,0.019378489
2022-11-10,1.2860723e-05,0.054415315,0.8760597,0.930475,0.000395406,0.01988482
2022-11-11,2.193258e-05,0.0768397,0.83716273,0.9140024,0.00036209665,0.019028837
2022-11-14,1.8557868e-05,0.07243041,0.83961606,0.9120465,0.00038608766,0.019649113
2022-11-15,4.8519287e-05,0.067164056,0.8403141,0.90747815,0.00043431815,0.0208403
2022-11-16,6.861011e-05,0.09079381,0.7936584,0.88445216,0.0004230657,0.02056856
2022-11-17,7.924172e-05,0.077178635,0.8207874,0.897966,0.0004265563,0.02065324
2022-11-18,3.2146443e-05,0.058703646,0.85771114,0.9164148,0.0006031796,0.024559716
2022-11-21,0.00025553093,0.09895178,0.7723283,0.8712801,0.000571827,0.023912905
2022-11-22,4.4925167e-05,0.09062122,0.8078966,0.89851785,0.00069925294,0.026443392
2022-11-23,5.9141523e-05,0.08460411,0.80749243,0.8920965,0.0006301761,0.025103308
2022-11-25,4.297434e-05,0.07555746,0.832742,0.90829945,0.00069082354,0.026283523
2022-11-28,7.595732e-05,0.083183385,0.82121,0.90439343,0.0006539541,0.025572527
2022-11-29,0.00019240435,0.115861796,0.7583858,0.87424755,0.00062557135,0.025011424
2022-11-30,0.00024781234,0.11783095,0.744524,0.86235493,0.0006839138,0.026151747
2022-12-01,3.632686e-05,0.07806518,0.81905633,0.8971215,0.0008588489,0.029306125
2022-12-02,0.0001413289,0.100184895,0.7904192,0.89060414,0.00074486225,0.027292164
2022-12-05,4.5117984e-05,0.07778621,0.8338013,0.91158754,0.0007544437,0.027467139
2022-12-06,1.7154256e-05,0.06442436,0.86275774,0.9271821,0.00079303095,0.028160805
2022-12-07,4.0396037e-05,0.07653399,0.83206606,0.90860003,0.0007833042,0.027987573
2022-12-08,1.969624e-05,0.07024847,0.85015273,0.9204012,0.0007649563,0.027657844
2022-12-09,0.000119550736,0.101407364,0.7734775,0.87488484,0.00067438354,0.025968896
2022-12-12,0.000114633425,0.095561095,0.79394716,0.88950825,0.00064530567,0.025402868
2022-12-13,3.396305e-05,0.08303239,0.81118876,0.8942211,0.00071078463,0.026660545
2022-12-14,3.725866e-05,0.07685132,0.8221406,0.8989919,0.00068368856,0.026147438
2022-12-15,1.1587693e-05,0.061900754,0.85182244,0.9137232,0.0006456717,0.025410071
2022-12-16,0.00021382028,0.08904397,0.79130596,0.88034993,0.0005763886,0.024008095
2022-12-19,3.5301357e-05,0.07053825,0.84797764,0.9185159,0.000722986,0.026888398
2022-12-20,1.8511213e-05,0.06898852,0.8514523,0.9204408,0.0006582542,0.025656465
2022-12-21,2.1434043e-05,0.07819325,0.83297324,0.9111665,0.0005884104,0.024257172
2022-12-22,7.115835e-05,0.08765162,0.7999219,0.8875735,0.000574163,0.023961699
2022-12-23,2.917836e-05,0.06548592,0.85025805,0.91574395,0.00054007047,0.023239417
2022-12-27,3.8453877e-06,0.053957798,0.8767019,0.9306597,0.0005331711,0.023090499
2022-12-28,4.152383e-05,0.07206184,0.83089864,0.9029605,0.00047129605,0.021709355
2022-12-29,6.558491e-06,0.052982457,0.8787791,0.93176156,0.00043707105,0.020906243
2022-12-30,3.595847e-05,0.07519358,0.833881,0.9090746,0.0003934912,0.019836612
2023-01-03,1.20574605e-05,0.06819216,0.8488432,0.9170354,0.00040469033,0.020116916
2023-01-04,7.499619e-07,0.036671758,0.92230844,0.9589802,0.00047923735,0.02189149
2023-01-05,6.7093865e-06,0.053531993,0.8783687,0.9319007,0.0005530404,0.023516811
2023-01-06,7.2454905e-06,0.0584145,0.86895305,0.92736757,0.00049910415,0.022340639
2023-01-09,9.019722e-05,0.091709994,0.7961044,0.88781434,0.0004410205,0.021000488
2023-01-10,9.663773e-05,0.09805917,0.78504723,0.8831064,0.00045317574,0.021287926
2023-01-11,9.584055e-06,0.05875336,0.8608568,0.91961014,0.00045633805,0.02136207
2023-01-12,1.7021861e-05,0.06966343,0.8443874,0.9140508,0.00045467223,0.021323044
2023-01-13,2.1980528e-05,0.07220796,0.8433277,0.9155357,0.00041160366,0.020288019
2023-01-17,5.3976773e-06,0.0594237,0.8732734,0.93269706,0.0003934641,0.01983593
2023-01-18,3.8499536e-05,0.08113381,0.82749224,0.9086261,0.00034985307,0.01870436
2023-01-19,9.418327e-06,0.05663297,0.8715182,0.9281512,0.00033453922,0.018290414
2023-01-20,1.6824486e-05,0.06774399,0.84414834,0.9118923,0.00030713485,0.017525263
2023-01-23,1.1197283e-05,0.07536475,0.84161866,0.9169834,0.00028571248,0.016903032
2023-01-24,2.940721e-05,0.08146287,0.82461053,0.9060734,0.0002526331,0.015894435
2023-01-25,1.6683935e-05,0.06894483,0.8538387,0.9227835,0.00026601384,0.01630993
2023-01-26,2.511725e-05,0.08487179,0.829429,0.91430074,0.00024381696,0.015614639
2023-01-27,2.1778393e-05,0.08430141,0.82636744,0.91066885,0.00023663898,0.015383074
2023-01-30,2.9908297e-05,0.084118605,0.82511705,0.90923566,0.00024101726,0.015524731
2023-01-31,6.352242e-06,0.06178981,0.8735604,0.93535024,0.00027250964,0.016507866
2023-02-01,2.4291032e-05,0.08709846,0.819904,0.9070025,0.00025355173,0.015923308
2023-02-02,5.747833e-06,0.062594034,0.87509763,0.9376917,0.0003207901,0.017910615
2023-02-03,5.8372498e-05,0.10499654,0.78980225,0.8947988,0.0002896878,0.017020218
2023-02-06,4.79472e-05,0.09361183,0.8103198,0.9039316,0.00040552398,0.020137627
2023-02-07,5.0641705e-05,0.098641545,0.79908115,0.8977227,0.00038509603,0.019623864
2023-02-08,2.5917047e-05,0.079122305,0.8229835,0.9021058,0.0005151089,0.02269601
2023-02-09,2.07451e-05,0.07695439,0.83949,0.91644436,0.0004724029,0.021734832
2023-02-10,3.7668804e-05,0.088027075,0.820229,0.90825605,0.00041960625,0.020484293
2023-02-13,1.3175107e-05,0.07533988,0.8442064,0.91954625,0.00042005046,0.020495133
2023-02-14,1.5427233e-05,0.07422292,0.84661824,0.92084116,0.0003697025,0.01922765
2023-02-15,7.279956e-05,0.089563824,0.8051774,0.89474124,0.00034251186,0.018507076
2023-02-16,3.4813685e-05,0.091121905,0.8184133,0.9095352,0.00035199354,0.018761491
2023-02-17,5.0378272e-05,0.092349745,0.8104785,0.9028283,0.00032309003,0.017974705
2023-02-21,5.7981706e-05,0.0928135,0.80453587,0.89734936,0.0003845503,0.019609954
2023-02-22,1.6845202e-05,0.08316176,0.8307469,0.91390866,0.00036797897,0.019182777
2023-02-23,3.8636954e-05,0.08480799,0.8165854,0.9013934,0.00039568217,0.019891761
2023-02-24,3.025582e-05,0.0924185,0.811163,0.9035815,0.00039260843,0.01981435
2023-02-27,5.2173218e-05,0.0940495,0.7957981,0.88984764,0.00036214813,0.01903019
2023-02-28,7.02591e-05,0.09510464,0.7921507,0.8872553,0.00034737441,0.018637983
2023-03-01,1.6490558e-05,0.075222775,0.838503,0.9137258,0.00037533458,0.019373553
2023-03-02,1.5114942e-06,0.0505451,0.89319265,0.94373775,0.00033610026,0.018333038
2023-03-03,2.0170308e-05,0.08355938,0.8299202,0.91347957,0.00030342743,0.017419169
2023-03-06,2.981603e-05,0.0935674,0.8106929,0.9042603,0.00030232026,0.017387358
2023-03-07,3.2490889e-06,0.065524004,0.8723893,0.9379133,0.0002834076,0.016834714
2023-03-08,1.0426417e-05,0.066103235,0.85644865,0.9225519,0.00033854885,0.018399697
2023-03-09,2.497733e-05,0.09522299,0.8148657,0.9100887,0.00031011584,0.017610107
2023-03-10,9.602542e-05,0.118903436,0.76806813,0.8869716,0.00029266984,0.017107597
2023-03-13,1.346206e-05,0.0829159,0.83084464,0.91376054,0.00033906815,0.018413803
2023-03-14,0.0002780616,0.12968814,0.7296274,0.8593155,0.00034712953,0.018631412
2023-03-15,7.727107e-05,0.097450316,0.7917817,0.88923204,0.00082653546,0.02874953
2023-03-16,0.00025059146,0.13347013,0.7364826,0.86995274,0.0010134558,0.031834822
2023-03-17,0.00018112942,0.12509418,0.7432443,0.86833847,0.0010121989,0.031815074
2023-03-20,0.00040053466,0.11947521,0.72893596,0.84841114,0.0010057708,0.031713888
2023-03-21,0.0005673309,0.1360586,0.7067798,0.8428384,0.0011544512,0.033977214
2023-03-22,0.00012495427,0.11259803,0.7677909,0.880389,0.001464739,0.038271908
2023-03-23,3.210032e-05,0.08312257,0.8244828,0.90760535,0.0013049798,0.036124505
2023-03-24,0.00024239696,0.12544484,0.7420715,0.86751634,0.0011233079,0.033515785
2023-03-27,0.00032892163,0.12753817,0.7338961,0.8614342,0.0010891897,0.033002872
2023-03-28,1.9236068e-05,0.07477238,0.83874667,0.913519,0.0014442797,0.03800368
2023-03-29,0.00010561841,0.11280041,0.7751744,0.8879748,0.0012325911,0.035108276
2023-03-30,0.00010580549,0.11779456,0.7701281,0.88792264,0.0010623618,0.03259389
2023-03-31,8.505295e-05,0.11630497,0.7724257,0.8887307,0.0009655731,0.031073673
2023-04-03,1.8520992e-05,0.08237058,0.8294333,0.9118039,0.0008649758,0.02941047
2023-04-04,1.3962034e-05,0.08637999,0.83042353,0.91680354,0.0010391772,0.03223627
2023-04-05,1.8651572e-05,0.081532635,0.8353533,0.916886,0.0008779124,0.029629586
2023-04-06,4.2318275e-06,0.06231814,0.8696356,0.9319537,0.0007521897,0.027426077
2023-04-10,9.592102e-06,0.07572903,0.85158366,0.9273127,0.00065841404,0.02565958
2023-04-11,1.31289335e-05,0.078723356,0.83721197,0.91593534,0.00058151403,0.024114601
2023-04-12,1.4702834e-05,0.08875589,0.82358015,0.91233605,0.00053804996,0.023195904
2023-04-13,1.6017273e-05,0.08865754,0.8241048,0.91276234,0.0004961866,0.022275247
2023-04-14,2.2950499e-05,0.084518395,0.8284298,0.9129482,0.0004411052,0.021002505
2023-04-17,1.44425385e-05,0.08734308,0.82916516,0.91650826,0.0003898401,0.019744368
2023-04-18,3.2783173e-05,0.08647002,0.81447345,0.90094346,0.00037584137,0.019386629
2023-04-19,2.4006415e-05,0.087201826,0.81544083,0.90264267,0.00033889827,0.01840919
2023-04-20,6.480999e-05,0.0932362,0.7954175,0.8886537,0.00034050565,0.018452795
2023-04-21,1.432135e-05,0.080837674,0.83085114,0.9116888,0.00038987593,0.019745275
2023-04-24,2.5166502e-05,0.09130972,0.8117861,0.90309584,0.00034251963,0.018507285
2023-04-25,2.962797e-05,0.08837845,0.81219536,0.9005738,0.00031458252,0.017736474
2023-04-26,5.0945553e-05,0.09631182,0.7934142,0.889726,0.00032751772,0.018097451
2023-04-27,2.7671143e-05,0.08857339,0.81486326,0.90343666,0.0004413167,0.02100754
2023-04-28,1.7854753e-05,0.09037567,0.815275,0.9056507,0.00039043353,0.01975939
2023-05-01,9.725544e-06,0.06771869,0.84996736,0.91768605,0.00039940362,0.019985085
2023-05-02,4.6719284e-05,0.08966542,0.8043072,0.89397264,0.00036424655,0.019085243
2023-05-03,2.8848057e-05,0.084234305,0.82171845,0.90595275,0.00060626573,0.024622465
2023-05-04,2.9265613e-05,0.08880153,0.81461835,0.90341985,0.00068898866,0.026248593
2023-05-05,0.00037524942,0.13520923,0.7192162,0.85442543,0.0005905842,0.024301939
2023-05-08,4.888119e-05,0.081885196,0.814293,0.89617825,0.0010113847,0.031802274
2023-05-09,3.5553287e-05,0.074415445,0.8276635,0.9020789,0.00092355296,0.030390015
2023-05-10,0.00010900333,0.096955076,0.7859833,0.8829384,0.000803889,0.028352937
2023-05-11,0.00011253419,0.099226415,0.78538775,0.88461417,0.00076546136,0.027666973
2023-05-12,0.000118368094,0.10489028,0.7749042,0.8797945,0.0007698076,0.027745407
2023-05-15,8.3909974e-05,0.10501867,0.7776824,0.8827011,0.0007299732,0.027018016
2023-05-16,1.8465465e-05,0.07186551,0.8394877,0.9113532,0.0006750775,0.025982253
2023-05-17,8.8896915e-05,0.10385083,0.7779982,0.88184905,0.0005861849,0.024211256
2023-05-18,3.5081997e-05,0.08482606,0.81660354,0.9014296,0.0006218544,0.024937008
2023-05-19,1.404634e-05,0.06831092,0.8467145,0.9150254,0.0005586192,0.023635127
2023-05-22,2.244291e-05,0.0806217,0.823683,0.90430474,0.00048844045,0.022100689
2023-05-23,1.3138246e-05,0.07734244,0.83593655,0.913279,0.00042759025,0.020678256
2023-05-24,7.862013e-05,0.10596739,0.7788564,0.8848238,0.00038264165,0.019561227
2023-05-25,1.9793446e-05,0.08402567,0.8240556,0.9080813,0.00041576556,0.02039033
2023-05-26,8.028687e-05,0.10575875,0.77857995,0.8843387,0.00046274223,0.021511445
2023-05-30,2.0800422e-05,0.08795636,0.8193155,0.90727186,0.00045435544,0.021315616
2023-05-31,3.0810268e-05,0.0840883,0.8167095,0.90079784,0.0005742446,0.023963401
2023-06-01,6.255511e-05,0.10134239,0.78550774,0.8868501,0.0005338738,0.023105709
2023-06-02,0.00024851487,0.121288575,0.738562,0.8598506,0.00056646345,0.023800492
2023-06-05,2.6750067e-05,0.08267849,0.8227932,0.9054717,0.00073058176,0.027029276
2023-06-06,0.00010650118,0.10006811,0.780502,0.8805701,0.0006303597,0.025106965
2023-06-07,4.6267003e-05,0.08959733,0.80742544,0.8970228,0.0006019906,0.024535498
2023-06-08,1.881063e-05,0.07477674,0.83732617,0.91210294,0.00054267014,0.023295281
2023-06-09,0.0003121418,0.119345985,0.73776245,0.8571084,0.0004959801,0.02227061
2023-06-12,9.334949e-05,0.105953805,0.778116,0.8840698,0.0007087784,0.026622891
2023-06-13,0.00014866097,0.104790814,0.770969,0.8757598,0.00085607026,0.029258678
2023-06-14,9.132022e-06,0.06901121,0.84904975,0.91806096,0.0009261541,0.03043278
2023-06-15,8.812418e-05,0.104945615,0.77524066,0.88018626,0.00081522454,0.028552137
2023-06-16,3.1059142e-06,0.054084707,0.87510526,0.92919,0.00083884015,0.028962737
2023-06-20,7.5918747e-06,0.061115876,0.8586867,0.91980255,0.0007511701,0.027407482
2023-06-21,2.6616826e-05,0.092218846,0.8142793,0.9064982,0.0006728601,0.025939547
2023-06-22,8.874526e-06,0.07028336,0.84832126,0.9186046,0.0006477382,0.025450703
2023-06-23,4.0172195e-05,0.085635886,0.81820405,0.90383995,0.00068674237,0.026205769
2023-06-26,2.7627491e-05,0.09450691,0.80886686,0.9033738,0.000604434,0.02458524
2023-06-27,1.0430431e-05,0.07348776,0.84394175,0.9174295,0.0005172873,0.022743952
2023-06-28,5.499461e-05,0.09431751,0.8002697,0.8945872,0.00049138034,0.0221671
2023-06-29,2.0840314e-05,0.08379189,0.8247215,0.9085134,0.0005164535,0.022725614
2023-06-30,2.9009061e-05,0.087529555,0.816911,0.9044405,0.0004481756,0.021170158
2023-07-03,1.8634673e-05,0.079118855,0.83044386,0.9095627,0.00040551744,0.020137463
2023-07-05,7.795071e-05,0.09929123,0.7943836,0.8936748,0.00036739252,0.019167487
2023-07-06,3.0023414e-06,0.055970438,0.8782661,0.9342365,0.0004478995,0.021163637
2023-07-07,4.1199673e-05,0.09006973,0.8114872,0.9015569,0.00039637758,0.019909233
2023-07-10,1.1883143e-05,0.07086929,0.8441221,0.9149914,0.00043386398,0.020829402
2023-07-11,4.277029e-05,0.08428807,0.8163849,0.900673,0.00038842112,0.019708402
2023-07-12,8.078122e-06,0.06716905,0.85446143,0.9216305,0.0004112433,0.020279134
2023-07-13,9.106213e-06,0.07147138,0.85117763,0.922649,0.00036915927,0.019213518
2023-07-14,1.4251465e-05,0.07551283,0.8425526,0.9180654,0.0003388306,0.018407352
2023-07-17,2.9911605e-05,0.075231515,0.8352766,0.9105081,0.00032848376,0.01812412
2023-07-18,2.4654095e-05,0.074934416,0.838048,0.9129824,0.00032652015,0.018069869
2023-07-19,5.0664407e-06,0.063925445,0.8631968,0.92712224,0.00033178026,0.018214837
2023-07-20,5.5219407e-06,0.058290564,0.87062746,0.928918,0.0002933942,0.017128754
2023-07-21,1.3871254e-05,0.084386885,0.8274174,0.91180426,0.00026167315,0.016176315
2023-07-24,3.2288513e-06,0.060437612,0.8710886,0.93152624,0.00025974296,0.016116543
2023-07-25,6.4554724e-06,0.0716488,0.8541009,0.92574966,0.0002567237,0.0160226
2023-07-26,2.0601483e-05,0.08699037,0.824658,0.91164833,0.0002344415,0.015311482
2023-07-27,4.8777847e-06,0.06144146,0.8706129,0.9320544,0.00022434792,0.014978249
2023-07-28,3.0462163e-06,0.058505002,0.8781704,0.93667537,0.00021648829,0.014713541
2023-07-31,1.0575901e-05,0.07687687,0.84310806,0.91998494,0.00019518996,0.01397104
2023-08-01,1.0068133e-05,0.07786342,0.84192675,0.91979015,0.0001920221,0.013857204
2023-08-02,1.7877845e-05,0.07963494,0.8369148,0.91654974,0.00017407446,0.013193728
2023-08-03,5.1972038e-05,0.083383165,0.8205065,0.90388966,0.00020785791,0.014417279
2023-08-04,2.5155923e-05,0.09071224,0.8113351,0.90204734,0.00027621607,0.01661975
2023-08-07,1.0132124e-05,0.076172024,0.84448195,0.92065394,0.00027034042,0.016442033
2023-08-08,1.52315815e-05,0.08065897,0.83384144,0.9145004,0.00024746498,0.01573102
2023-08-09,1.075589e-05,0.07499263,0.84090334,0.91589594,0.00023258207,0.015250642
2023-08-10,4.0017253e-06,0.06611621,0.8624261,0.9285423,0.00022925503,0.0151411705
2023-08-11,9.8488745e-06,0.06921512,0.8583607,0.9275758,0.00022585398,0.0150284385
2023-08-14,9.342627e-06,0.08155582,0.84144974,0.9230056,0.00020496253,0.014316512
2023-08-15,2.6962925e-05,0.087248884,0.82274276,0.9099916,0.0001875855,0.013696185
2023-08-16,2.3501634e-05,0.079220034,0.83568645,0.9149065,0.00021214361,0.01456515
2023-08-17,2.2355196e-05,0.080493756,0.83137417,0.9118679,0.00023339466,0.01527726
2023-08-18,3.822027e-05,0.093005896,0.8045834,0.89758927,0.00022883924,0.015127433
2023-08-21,9.483756e-06,0.068299405,0.853005,0.9213044,0.00023246242,0.015246718
2023-08-22,3.2597272e-05,0.08320511,0.8210676,0.9042727,0.00021089026,0.014522061
2023-08-23,8.599607e-06,0.06914671,0.8527383,0.921885,0.00020767198,0.014410828
2023-08-24,3.5257966e-05,0.07998332,0.82557076,0.90555406,0.00020947389,0.014473213
2023-08-25,2.171647e-05,0.08500097,0.82324624,0.90824723,0.00020845763,0.014438062
2023-08-28,4.4018398e-06,0.06112911,0.86508995,0.92621905,0.00020117838,0.014183736
2023-08-29,2.1879603e-05,0.079876676,0.83398205,0.9138587,0.00017905259,0.013381054
2023-08-30,1.6701244e-05,0.0818138,0.83058125,0.91239506,0.00018457673,0.013585902
2023-08-31,6.8439763e-06,0.07654396,0.84666866,0.92321265,0.0001725413,0.013135497
2023-09-01,7.572298e-06,0.068744,0.8547237,0.9234677,0.00019700623,0.014035891
2023-09-05,4.403209e-05,0.087641835,0.8189029,0.90654474,0.00021072867,0.014516496
2023-09-06,2.4819842e-06,0.050855033,0.88857317,0.9394282,0.00023147534,0.015214314
2023-09-07,5.009105e-06,0.05301791,0.88252383,0.93554175,0.00021280136,0.0145877125
2023-09-08,8.245399e-06,0.060765103,0.8644192,0.9251843,0.00019611344,0.014004051
2023-09-11,6.2012314e-06,0.060720026,0.8656662,0.92638624,0.00018086002,0.013448421
2023-09-12,4.77237e-06,0.057494048,0.87356853,0.9310626,0.00016321686,0.012775635
2023-09-13,8.606507e-06,0.07094426,0.85054713,0.9214914,0.00016474478,0.012835294
2023-09-14,5.0607487e-06,0.058786843,0.8713326,0.93011945,0.0001497635,0.01223779
2023-09-15,9.171891e-06,0.0660301,0.85764813,0.9236782,0.00015491729,0.012446578
2023-09-18,5.0775006e-06,0.059693955,0.8745348,0.9342287,0.0001448555,0.012035593
2023-09-19,3.0634326e-06,0.056135714,0.8821649,0.9383006,0.00013519099,0.011627166
2023-09-20,1.01962005e-05,0.06746469,0.8528074,0.9202721,0.00012292604,0.011087202
2023-09-21,6.236159e-06,0.062065445,0.8667812,0.9288466,0.0001222523,0.011056776
2023-09-22,1.070472e-05,0.06338285,0.86074036,0.9241232,0.00011563282,0.01075327
2023-09-25,1.4476631e-05,0.07120914,0.8468267,0.9180358,0.000111376205,0.010553492
2023-09-26,8.245556e-06,0.06379973,0.8616927,0.92549247,0.000109992325,0.010487722
2023-09-27,8.176348e-06,0.06759157,0.8553304,0.92292196,0.00010678528,0.010333696
2023-09-28,4.8010834e-06,0.0657555,0.86050504,0.92626053,0.0001848982,0.013597728
2023-09-29,3.282696e-05,0.07038104,0.8380793,0.9084603,0.00019419545,0.013935403
2023-10-02,1.6837817e-05,0.06630812,0.85028523,0.9165934,0.00020303196,0.014248928
2023-10-03,1.1910418e-05,0.06094616,0.8638487,0.92479485,0.00022199383,0.014899458
2023-10-04,4.255686e-05,0.08747094,0.8137645,0.90123546,0.00020485763,0.014312848
2023-10-05,7.1615837e-06,0.05085132,0.8828866,0.93373793,0.0005034515,0.022437725
2023-10-06,6.4276874e-06,0.061246794,0.86801094,0.92925775,0.00047890146,0.021883817
2023-10-09,1.15263665e-05,0.06926649,0.8467028,0.9159693,0.00042404412,0.020592332
2023-10-10,3.9788556e-06,0.05452618,0.8744224,0.9289485,0.00049415225,0.022229536
2023-10-11,1.7124426e-05,0.063166924,0.8529494,0.9161163,0.00043742164,0.020914627
2023-10-12,6.527039e-05,0.077922694,0.8222861,0.90020883,0.00044512097,0.021097891
2023-10-13,5.0712446e-05,0.08031537,0.81909025,0.8994056,0.00043530422,0.020863945
2023-10-16,7.066191e-07,0.03726867,0.9105407,0.94780934,0.0006577276,0.0256462
2023-10-17,1.2023878e-05,0.054183576,0.8752892,0.9294728,0.0006049828,0.024596397
2023-10-18,2.2417615e-05,0.06681053,0.84797734,0.9147879,0.0005415611,0.023271466
2023-10-19,2.8618888e-06,0.04450855,0.8979949,0.94250345,0.00050517556,0.02247611
2023-10-20,7.955053e-06,0.04973904,0.88031095,0.93005,0.00046250602,0.021505954
2023-10-23,9.753325e-06,0.060737025,0.8632244,0.9239614,0.00041766153,0.02043677
2023-10-24,2.6717447e-05,0.05863917,0.85744345,0.9160826,0.0004563068,0.021361338
2023-10-25,4.316418e-05,0.07186613,0.8364515,0.9083176,0.00044356802,0.021061055
2023-10-26,2.9310315e-05,0.078821555,0.82802224,0.9068438,0.0004409662,0.020999195
2023-10-27,6.804163e-05,0.075190455,0.8233306,0.89852107,0.00044801206,0.021166295
2023-10-30,1.44031455e-05,0.066922225,0.8482312,0.91515344,0.0004933856,0.022212286
2023-10-31,2.3818357e-05,0.060832627,0.85750705,0.91833967,0.00053313887,0.0230898
2023-11-01,2.5842712e-05,0.07408893,0.8329356,0.9070245,0.0004965724,0.022283904
2023-11-02,5.4862056e-05,0.080161035,0.8226184,0.90277946,0.0004435052,0.021059563
2023-11-03,2.1704283e-05,0.076924264,0.8310895,0.90801376,0.00046817982,0.021637464
2023-11-06,4.068888e-05,0.07598315,0.83289653,0.9088797,0.0004556331,0.021345563
2023-11-07,9.641594e-06,0.06071393,0.8645585,0.92527246,0.00042118767,0.020522857
2023-11-08,1.8927733e-05,0.060838956,0.8626129,0.92345184,0.0004904407,0.022145895
2023-11-09,3.3426244e-05,0.07453748,0.8384676,0.91300505,0.00048610847,0.022047868
2023-11-10,4.4259545e-05,0.08226067,0.8212399,0.90350056,0.00044304275,0.021048581
2023-11-13,7.4341326e-05,0.08894872,0.80063105,0.8895798,0.00043624404,0.020886457
2023-11-14,3.448454e-05,0.08121361,0.81728035,0.89849395,0.00044059314,0.02099031
2023-11-15,2.3912291e-05,0.06746485,0.84895843,0.91642326,0.00039457617,0.01986394
2023-11-16,0.00010329763,0.08337946,0.80670136,0.8900808,0.00038826282,0.019704387
2023-11-17,3.0242123e-05,0.060636904,0.86094433,0.9215812,0.00062915066,0.025082875
2023-11-20,1.2602546e-05,0.064200714,0.8530806,0.91728127,0.0006688638,0.025862401
2023-11-21,1.8656816e-05,0.06688342,0.8435914,0.91047484,0.00061447883,0.024788683
2023-11-22,2.56725e-05,0.06315084,0.8498113,0.91296214,0.00053728797,0.023179473
2023-11-24,4.7810525e-05,0.075923905,0.8277659,0.9036898,0.00048722466,0.022073166
2023-11-27,2.591665e-05,0.062422413,0.85973924,0.92216164,0.0004834934,0.021988483
2023-11-28,5.1214687e-05,0.07523806,0.82891166,0.9041497,0.0004469376,0.0211409
2023-11-29,2.6072741e-05,0.06995564,0.83899564,0.9089513,0.00045264576,0.021275474
2023-11-30,2.640152e-05,0.07269381,0.83844596,0.9111398,0.0004300161,0.02073683
2023-12-01,2.0939138e-05,0.06351665,0.85801995,0.92153656,0.0004320695,0.020786282
2023-12-04,5.6269664e-06,0.049774293,0.8900586,0.93983287,0.0004326583,0.02080044
2023-12-05,2.6484982e-05,0.068142734,0.8446516,0.9127943,0.0004007719,0.02001929
2023-12-06,0.00011953626,0.09246403,0.7945872,0.8870512,0.00037197,0.019286525
2023-12-07,2.5650312e-05,0.06563165,0.85404223,0.91967386,0.00057596806,0.023999335
2023-12-08,0.0001014972,0.09620868,0.7932646,0.8894733,0.0005175919,0.022750646
2023-12-11,2.5167437e-05,0.07257586,0.8344929,0.9070688,0.0005805855,0.024095342
2023-12-12,2.2773671e-05,0.0629125,0.8544429,0.9173554,0.00050974253,0.022577478
2023-12-13,8.418822e-06,0.05146506,0.88174194,0.933207,0.00055375113,0.023531917
2023-12-14,1.4590162e-05,0.06648948,0.8492423,0.9157318,0.0005044047,0.022458956
2023-12-15,1.0096739e-05,0.057897467,0.8624851,0.92038256,0.00050164864,0.022397514
2023-12-18,1.5161528e-05,0.05369593,0.8683925,0.92208844,0.00044306926,0.02104921
2023-12-19,2.731673e-05,0.06406267,0.84597665,0.9100393,0.00041081695,0.020268619
2023-12-20,1.3240492e-05,0.06434306,0.8552332,0.9195762,0.00038583067,0.019642573
2023-12-21,2.2487044e-05,0.06602034,0.8537054,0.9197258,0.00035011634,0.018711396
2023-12-22,4.3874734e-05,0.074729726,0.8334645,0.90819424,0.00032282004,0.017967192
2023-12-26,3.2591273e-05,0.071604796,0.8417832,0.913388,0.000314574,0.017736234
2023-12-27,1.960549e-05,0.07028463,0.84477514,0.91505975,0.00034862894,0.018671608
2023-12-28,2.62239e-05,0.06673516,0.84743,0.91416514,0.00034144442,0.018478215
2023-12-29,1.6779952e-05,0.05829995,0.8678139,0.92611384,0.00038516725,0.019625679
2024-01-02,3.350326e-05,0.07298014,0.83706874,0.9100489,0.00035123996,0.018741397
2024-01-03,5.9549162e-05,0.08335265,0.8152344,0.89858705,0.00035140556,0.018745814
2024-01-04,3.873259e-05,0.085253455,0.8116099,0.8968634,0.00043257617,0.020798465
2024-01-05,8.0917e-05,0.085233115,0.8097685,0.8950016,0.00039429512,0.019856866
2024-01-08,4.46305e-05,0.0871459,0.8136903,0.9008362,0.0004413968,0.021009445
2024-01-09,4.4102173e-05,0.07007054,0.83850247,0.90857303,0.0005594835,0.023653403
2024-01-10,1.8026882e-05,0.07794098,0.8336699,0.9116109,0.00054224796,0.023286218
2024-01-11,5.6502955e-05,0.079897,0.8256644,0.9055614,0.00048192247,0.021952733
2024-01-12,6.403846e-05,0.09085659,0.8009342,0.8917908,0.00046067729,0.021463394
2024-01-16,0.0001360587,0.105970345,0.776875,0.88284534,0.00044022943,0.020981645
2024-01-17,1.5533235e-05,0.068314135,0.85609996,0.9244141,0.00047981628,0.021904709
2024-01-18,8.5228225e-05,0.08827702,0.81045777,0.8987348,0.00042657682,0.020653736
2024-01-19,1.1766761e-05,0.06368136,0.8595128,0.92319417,0.0004681325,0.02163637
2024-01-22,5.6510013e-05,0.07334601,0.83264285,0.9059889,0.0004196336,0.02048496
2024-01-23,9.110802e-06,0.07182287,0.85223943,0.9240623,0.00044728396,0.02114909
2024-01-24,5.0136816e-05,0.07657219,0.8291025,0.9056747,0.00039927222,0.019981798
2024-01-25,4.3358286e-05,0.090930045,0.811782,0.90271205,0.00038797758,0.019697146
2024-01-26,4.6020946e-06,0.061937995,0.8655009,0.9274389,0.00043783913,0.020924605
2024-01-29,1.8802832e-05,0.0746898,0.8416493,0.9163391,0.00038767478,0.01968946
2024-01-30,2.6238404e-05,0.069072925,0.84885484,0.91792774,0.0003644535,0.019090666
2024-01-31,4.4394524e-06,0.056182645,0.88267297,0.9388556,0.00034772482,0.018647382
2024-02-01,9.991479e-06,0.04985289,0.87928724,0.92914015,0.00034890816,0.018679084
2024-02-02,1.7751312e-05,0.07314438,0.8452262,0.9183706,0.00035403715,0.018815875
2024-02-05,4.9671562e-05,0.08643496,0.8153067,0.9017417,0.00035014987,0.018712291
2024-02-06,1.6012053e-05,0.07206274,0.8409428,0.91300553,0.00033901367,0.018412324
2024-02-07,4.888198e-05,0.08421644,0.8171881,0.9014045,0.0003046818,0.017455136
2024-02-08,1.5771073e-05,0.07025879,0.845179,0.9154378,0.00030230999,0.017387064
2024-02-09,7.1260433e-06,0.060819905,0.8643595,0.9251794,0.00033986138,0.01843533
2024-02-12,7.862378e-06,0.06012113,0.86809164,0.92821276,0.0003046771,0.017455002
2024-02-13,8.634755e-06,0.0654946,0.86424065,0.92973524,0.0002723916,0.01650429
2024-02-14,5.210487e-06,0.06504587,0.86798084,0.93302673,0.00025358202,0.015924258
2024-02-15,1.0576053e-05,0.064255856,0.8649596,0.92921543,0.00024223933,0.015564039
2024-02-16,1.1239087e-05,0.07110223,0.8473913,0.9184935,0.00024038303,0.01550429
2024-02-20,1.6567832e-05,0.07358907,0.84109896,0.91468805,0.0002299857,0.01516528
2024-02-21,6.794015e-06,0.068808846,0.86109984,0.9299087,0.00022253142,0.014917487
2024-02-22,1.9383793e-05,0.08497552,0.8271883,0.91216385,0.00019934172,0.014118843
2024-02-23,4.4669696e-06,0.061388377,0.8697408,0.93112916,0.00019076167,0.01381165
2024-02-26,2.2085584e-05,0.07551363,0.8404226,0.91593623,0.00021696657,0.014729785
2024-02-27,1.2521065e-05,0.07665383,0.83758783,0.9142417,0.00021910509,0.014802199
2024-02-28,2.2547809e-05,0.08317673,0.8283008,0.9114775,0.00021636313,0.014709287
2024-02-29,1.0749507e-05,0.070459224,0.85118216,0.9216414,0.00020337313,0.014260896
2024-03-01,4.7379867e-06,0.061973624,0.8677547,0.9297283,0.00018486397,0.013596469
2024-03-04,5.0044235e-07,0.04269572,0.910854,0.9535497,0.00019355219,0.013912303
2024-03-05,9.264801e-06,0.06963392,0.85279953,0.92243344,0.00018733456,0.013687022
2024-03-06,2.8318053e-05,0.099822775,0.80715954,0.9069823,0.00017318447,0.013159957
2024-03-07,1.2894089e-05,0.083995886,0.83256453,0.9165604,0.00018309285,0.013531181
2024-03-08,2.0599558e-05,0.08742107,0.8259986,0.91341966,0.00016596107,0.0128825875
2024-03-11,5.1219376e-05,0.10434474,0.79398686,0.8983316,0.00017013199,0.013043465
2024-03-12,1.8477016e-05,0.0914916,0.81987536,0.91136694,0.00018646105,0.013655074
2024-03-13,3.4531648e-05,0.0984456,0.8050384,0.903484,0.00017360997,0.013176113
2024-03-14,5.4075826e-06,0.070100114,0.85659564,0.92669576,0.00024744935,0.015730523
2024-03-15,1.2496605e-05,0.078236856,0.8385737,0.9168106,0.00024247724,0.015571681
2024-03-18,6.675273e-06,0.06945283,0.8577801,0.9272329,0.00021649867,0.014713894
2024-03-19,4.897461e-06,0.06132717,0.86640596,0.9277331,0.00022103175,0.014867136
2024-03-20,9.129186e-06,0.06971276,0.85342586,0.9231386,0.00020116827,0.01418338
2024-03-21,4.4122603e-06,0.069812715,0.86077297,0.9305857,0.00021420652,0.014635796
2024-03-22,1.7265715e-05,0.0898132,0.8237462,0.91355944,0.00019294006,0.013890287
2024-03-25,1.48994095e-05,0.08451289,0.8311374,0.9156503,0.00017906749,0.01338161
2024-03-26,1.3100377e-05,0.08557843,0.8307548,0.91633326,0.00018544473,0.01361781
2024-03-27,2.5799141e-05,0.09433434,0.81497914,0.9093135,0.00016870069,0.012988483
2024-03-28,1.9902323e-05,0.092804454,0.8149509,0.9077553,0.0001644571,0.012824083
2024-04-01,2.935057e-06,0.061049893,0.8734829,0.93453276,0.000198506,0.014089216
2024-04-02,2.28058e-05,0.09015847,0.8183008,0.90845925,0.00017872127,0.013368667
2024-04-03,3.5828105e-06,0.06396781,0.8686424,0.9326102,0.00019464293,0.013951449
2024-04-04,1.2419987e-05,0.08126182,0.8372584,0.9185202,0.0001732624,0.013162917
2024-04-05,8.824746e-06,0.08003392,0.844348,0.9243819,0.00017181254,0.013107728
2024-04-08,1.5553085e-05,0.08804599,0.82693833,0.91498435,0.00015486358,0.01244442
2024-04-09,2.9529416e-05,0.10063006,0.8046193,0.90524936,0.00014652385,0.012104703
2024-04-10,1.857964e-05,0.09194396,0.8174361,0.9093801,0.00016768824,0.012949449
2024-04-11,1.0091161e-05,0.08326154,0.83515894,0.9184205,0.00016723659,0.012931999
2024-04-12,2.0752457e-05,0.09188103,0.81823856,0.9101196,0.00016633354,0.012897036
2024-04-15,1.8422941e-05,0.094536364,0.81463665,0.909173,0.00016173684,0.0127175795
2024-04-16,2.5897905e-05,0.09725115,0.80868065,0.90593183,0.00015110681,0.012292551
2024-04-17,1.2315336e-05,0.086101465,0.8278197,0.9139212,0.00014815645,0.012171954
2024-04-18,2.6755755e-05,0.0922167,0.8080571,0.9002738,0.00022306255,0.014935279
2024-04-19,1.0722319e-05,0.08522403,0.8281675,0.91339153,0.00020701,0.014387842
2024-04-22,4.0307204e-05,0.09425752,0.79743296,0.8916905,0.00018407182,0.013567307
2024-04-23,2.1147123e-05,0.089520335,0.81406087,0.9035812,0.00018838464,0.013725328
2024-04-24,2.0844645e-05,0.09095218,0.8149345,0.90588665,0.00017764956,0.013328524
2024-04-25,1.1022045e-05,0.07976703,0.83919,0.91895705,0.00016985851,0.0130329775
2024-04-26,1.6942697e-05,0.08952822,0.82156,0.9110882,0.0001599223,0.012646039
2024-04-29,1.1056883e-05,0.07998481,0.8367808,0.9167656,0.00014920895,0.012215111
2024-04-30,4.4079047e-06,0.06621539,0.85952824,0.92574364,0.00015358743,0.01239304
2024-05-01,3.676813e-06,0.06222325,0.8668648,0.92908806,0.00014145138,0.011893334
2024-05-02,5.4363783e-05,0.10911087,0.78031516,0.88942605,0.00020976726,0.014483344
2024-05-03,1.036657e-05,0.094411165,0.8176113,0.9120225,0.0002181257,0.014769079
2024-05-06,2.9168348e-05,0.09833303,0.794763,0.8930961,0.0001999368,0.014139901
2024-05-07,8.622049e-06,0.08275308,0.83105886,0.9138119,0.00019007697,0.01378684
2024-05-08,3.3838165e-05,0.10164043,0.79153734,0.89317775,0.00016676943,0.012913924
2024-05-09,2.2258002e-05,0.09695243,0.80708253,0.904035,0.00017162641,0.013100626
2024-05-10,1.34452785e-05,0.086947,0.82310224,0.91004926,0.00016176968,0.012718871
2024-05-13,2.440646e-05,0.09306194,0.8085063,0.90156823,0.00016108016,0.012691735
2024-05-14,9.347408e-06,0.08110072,0.8356291,0.9167298,0.00016533579,0.012858297
2024-05-15,3.3061264e-05,0.09516062,0.80138016,0.89654076,0.0001638816,0.012801625
2024-05-16,1.2480826e-05,0.08848506,0.8236392,0.9121243,0.00016985927,0.013033007
2024-05-17,1.5824311e-05,0.08695246,0.82030815,0.9072606,0.0001572198,0.012538732
2024-05-20,6.478571e-06,0.06857874,0.852897,0.9214757,0.00015386159,0.012404095
2024-05-21,2.56938e-05,0.08925355,0.8089224,0.89817595,0.00013852841,0.01176981
2024-05-22,1.41747605e-05,0.08906139,0.8211943,0.9102557,0.00014212442,0.011921595
2024-05-23,3.3180022e-05,0.09860849,0.79514605,0.89375454,0.00017306347,0.013155359
2024-05-24,1.3856484e-05,0.08468362,0.8262121,0.9108957,0.00017927155,0.013389233
2024-05-28,3.1285956e-05,0.101905495,0.7968287,0.8987342,0.00017182852,0.013108338
2024-05-29,1.6144802e-05,0.08121115,0.8308522,0.91206336,0.00024018846,0.015498014
2024-05-30,4.0111037e-05,0.09631486,0.79933065,0.8956455,0.00022058765,0.014852193
2024-05-31,2.7502749e-05,0.09237957,0.8068611,0.8992407,0.00024429974,0.01563009
2024-06-03,1.0150432e-05,0.07504592,0.8430392,0.91808516,0.00023811647,0.015431023
2024-06-04,2.8788934e-05,0.08363664,0.81608194,0.8997186,0.00031280227,0.017686216
2024-06-05,6.8939967e-06,0.06746567,0.85604805,0.9235137,0.00029899902,0.017291589
2024-06-06,1.927915e-05,0.08548575,0.82124394,0.9067297,0.00027090174,0.016459092
2024-06-07,5.6835656e-06,0.061916742,0.8649618,0.9268786,0.00027451306,0.016568435
2024-06-10,2.7711743e-05,0.0865566,0.81563,0.90218663,0.00024314076,0.015592972
2024-06-11,5.5356663e-06,0.060292196,0.8682407,0.9285329,0.0002969788,0.017233074
2024-06-12,1.7873705e-05,0.07740925,0.83367264,0.9110819,0.00026359048,0.01623547
2024-06-13,1.3458713e-05,0.076124184,0.8404492,0.9165734,0.00024193425,0.015554235
2024-06-14,1.8506362e-05,0.08212635,0.8302886,0.9124149,0.00021692454,0.014728358
2024-06-17,2.744191e-05,0.08472289,0.8213953,0.90611815,0.00019907902,0.014109536
2024-06-18,8.681842e-06,0.0710823,0.8505791,0.9216614,0.00023764484,0.015415734
2024-06-20,1.1476175e-05,0.070639454,0.847045,0.91768444,0.00022704553,0.01506803
2024-06-21,1.35363125e-05,0.08327755,0.8311244,0.914402,0.00020737485,0.014400516
2024-06-24,1.5747613e-05,0.07540591,0.8382722,0.9136781,0.00021254015,0.014578757
2024-06-25,2.1568492e-05,0.08369331,0.8237744,0.9074677,0.00020283644,0.014242066
2024-06-26,1.7409098e-05,0.081626266,0.8284448,0.910071,0.0001971257,0.014040146
2024-06-27,1.456059e-05,0.084087655,0.8292491,0.91333675,0.00018075207,0.013444407
2024-06-28,3.170016e-05,0.093903184,0.80614156,0.90004474,0.00017306219,0.01315531
2024-07-01,1.7401882e-05,0.083656676,0.82799894,0.9116556,0.00017187648,0.013110167
2024-07-02,3.6361403e-06,0.06196619,0.87093604,0.9329022,0.00020059598,0.014163191
2024-07-03,2.3931583e-05,0.079383664,0.8304975,0.9098812,0.00018143844,0.013469909
2024-07-05,1.0870257e-05,0.07615685,0.8431086,0.91926545,0.00018727788,0.013684951
2024-07-08,1.682213e-05,0.07587356,0.84020734,0.9160809,0.00017470303,0.013217527
2024-07-09,1.7442762e-05,0.076199174,0.836903,0.91310215,0.00017156445,0.013098261
2024-07-10,1.1081456e-05,0.075220615,0.8418857,0.9171063,0.00017100894,0.013077038
2024-07-11,2.8297272e-05,0.09160615,0.8116167,0.90322286,0.0001601476,0.012654943
2024-07-12,1.5753332e-05,0.08378053,0.8293738,0.9131543,0.00016168997,0.012715737
2024-07-15,2.3931128e-05,0.08590565,0.8202084,0.90611404,0.000152106,0.012333127
2024-07-16,9.809946e-06,0.071965985,0.85113955,0.92310554,0.0001499728,0.012246338
2024-07-17,1.9324556e-05,0.07786292,0.83087367,0.9087366,0.00015227331,0.012339907
2024-07-18,5.451831e-06,0.06488181,0.8631503,0.9280321,0.00019584564,0.013994486
2024-07-19,4.8217526e-06,0.057870653,0.8720855,0.92995614,0.00017451722,0.013210497
2024-07-22,7.801873e-06,0.05681899,0.8656492,0.9224682,0.00022091117,0.01486308
2024-07-23,6.147459e-06,0.06592299,0.85859823,0.9245212,0.00020022858,0.014150214
2024-07-24,1.6923652e-05,0.06640873,0.8479289,0.91433764,0.0002644318,0.016261358
2024-07-25,7.730265e-06,0.07191277,0.850151,0.92206377,0.00024533374,0.015663134
2024-07-26,2.455034e-05,0.08270248,0.824178,0.90688044,0.0002216752,0.014888761
2024-07-29,1.5827161e-05,0.073071815,0.8402352,0.913307,0.00022492668,0.014997556
2024-07-30,1.5420675e-05,0.07193614,0.84306175,0.9149979,0.00022812662,0.015103861
2024-07-31,9.956046e-06,0.06866912,0.8481503,0.91681945,0.00022298994,0.014932848
2024-08-01,6.167039e-07,0.037886925,0.91144264,0.94932956,0.00031714456,0.017808553
2024-08-02,2.1980906e-05,0.06511831,0.8489543,0.91407263,0.0003063191,0.017501974
2024-08-05,1.1480845e-05,0.062220275,0.8561566,0.91837686,0.00037338657,0.019323213
2024-08-06,1.4123305e-05,0.073562086,0.84179926,0.91536134,0.00033526984,0.018310376
2024-08-07,2.6378775e-05,0.07986671,0.82543916,0.90530586,0.00029717843,0.017238865
2024-08-08,1.31277075e-05,0.06751381,0.847955,0.9154688,0.00033053532,0.018180631
2024-08-09,1.4062854e-05,0.0707884,0.8446186,0.915407,0.0003039074,0.017432941
2024-08-12,1.8918136e-05,0.071901254,0.84321684,0.9151181,0.00027560914,0.01660148
2024-08-13,4.800992e-06,0.05531883,0.8755376,0.9308564,0.00037125382,0.019267948
2024-08-14,1.4761184e-05,0.053773485,0.8725232,0.92629665,0.00035613545,0.018871551
2024-08-15,2.4178546e-05,0.0680044,0.8441118,0.91211617,0.00034262933,0.018510249
2024-08-16,4.146626e-06,0.055021424,0.8780743,0.9330957,0.0003287042,0.018130202
2024-08-19,8.232145e-06,0.051382814,0.87778336,0.9291662,0.00031416403,0.017724672
2024-08-20,5.530715e-06,0.049346488,0.8802458,0.9295923,0.00033150412,0.018207254
2024-08-21,1.2118947e-05,0.065375045,0.85530984,0.9206849,0.00029840556,0.017274419
2024-08-22,1.9765037e-05,0.06301515,0.8515729,0.91458803,0.00032278796,0.0179663
2024-08-23,1.1555519e-05,0.068889424,0.850538,0.91942745,0.00030824868,0.017557012
2024-08-26,1.45518925e-05,0.0674983,0.84828883,0.9157871,0.00031479253,0.017742394
2024-08-27,1.1479303e-05,0.06120801,0.85811985,0.91932786,0.00035877898,0.018941462
2024-08-28,7.786692e-06,0.050112516,0.87958765,0.92970014,0.00035737758,0.018904433
2024-08-29,8.070392e-06,0.055914678,0.871437,0.9273517,0.00033149778,0.01820708
2024-08-30,4.661389e-06,0.054662395,0.8749304,0.9295928,0.00031561812,0.017765645
2024-09-03,9.503092e-06,0.05054648,0.87760067,0.92814714,0.00033605366,0.018331766
2024-09-04,6.019057e-06,0.046861958,0.88955873,0.9364207,0.00040602573,0.02015008
2024-09-05,1.6743033e-05,0.06597229,0.8524233,0.9183956,0.00038003622,0.019494517
2024-09-06,5.0486757e-05,0.082670376,0.81505066,0.89772105,0.000340752,0.01845947
2024-09-09,1.8441335e-05,0.064653106,0.850932,0.9155851,0.0003676639,0.019174563
2024-09-10,2.2906983e-05,0.07352707,0.8351981,0.90872514,0.00034592874,0.01859916
2024-09-11,1.3274919e-05,0.059444584,0.8577788,0.9172234,0.00045575693,0.021348465
2024-09-12,1.756127e-05,0.0712491,0.8384978,0.9097469,0.00043632017,0.020888278
2024-09-13,3.2908243e-05,0.07320116,0.82953477,0.90273595,0.00042498275,0.02061511
2024-09-16,3.5397778e-05,0.07105791,0.8380801,0.909138,0.00038717472,0.019676756
2024-09-17,3.4214954e-05,0.07566488,0.8278922,0.90355706,0.0003898894,0.019745618
2024-09-18,8.68118e-06,0.054846723,0.87227136,0.92711806,0.00037486103,0.019361328
2024-09-19,9.428579e-06,0.049180444,0.88276714,0.9319476,0.0003366062,0.018346831
2024-09-20,1.2954548e-05,0.056810983,0.86666876,0.92347974,0.0003167023,0.01779613
2024-09-23,1.9870082e-05,0.067763165,0.84705323,0.9148164,0.00028745277,0.016954431
2024-09-24,5.0536648e-05,0.07145774,0.8344226,0.90588033,0.0002961437,0.017208826
2024-09-25,6.317709e-06,0.06046684,0.86760193,0.92806876,0.0003172425,0.017811302
2024-09-26,7.273239e-05,0.07980375,0.8180549,0.8978587,0.000324626,0.01801738
2024-09-27,0.00010472857,0.085818455,0.8100559,0.8958744,0.0004083228,0.020206999
2024-09-30,3.593181e-05,0.08506968,0.8219744,0.90704405,0.00044006552,0.02097774
2024-10-01,1.3167337e-05,0.06694306,0.8539361,0.9208791,0.00039766514,0.019941542
2024-10-02,0.00033450712,0.121878505,0.7359676,0.8578461,0.00039082777,0.019769365
2024-10-03,8.33095e-05,0.08829689,0.808358,0.8966549,0.0006237676,0.02497534
2024-10-04,3.3632673e-06,0.055132635,0.8774638,0.93259645,0.0008083398,0.028431317
2024-10-07,2.30797e-05,0.06644632,0.85097444,0.91742074,0.00071696035,0.026776114
2024-10-08,8.590209e-06,0.058335565,0.8683285,0.92666405,0.00072039396,0.026840156
2024-10-09,3.214954e-05,0.056495626,0.8625405,0.9190361,0.0007662669,0.027681526
2024-10-10,5.6432156e-05,0.0794458,0.82451135,0.9039571,0.00069433614,0.026350258
2024-10-11,8.446381e-06,0.061243314,0.86225,0.92349327,0.0007251718,0.026929015
2024-10-14,4.35482e-05,0.069284946,0.8404704,0.90975535,0.0006347251,0.02519375
2024-10-15,8.0702644e-05,0.0720456,0.83393115,0.9059768,0.00061485847,0.02479634
2024-10-16,1.848956e-05,0.052781213,0.87293124,0.92571247,0.0007408213,0.027218033
2024-10-17,3.220669e-05,0.06686581,0.84870714,0.91557294,0.0006656209,0.02579963
2024-10-18,9.1629634e-05,0.083482824,0.8117818,0.8952646,0.0005980698,0.024455465
2024-10-21,5.2561474e-05,0.066451296,0.8456672,0.9121185,0.0006137381,0.024773737
2024-10-22,6.632986e-05,0.08029418,0.814368,0.8946622,0.00059547945,0.024402447
2024-10-23,1.7184662e-05,0.06839172,0.8408676,0.9092593,0.0005875035,0.024238471
2024-10-24,5.926249e-05,0.06774629,0.8373871,0.90513337,0.000535085,0.023131903
2024-10-25,0.000106335574,0.08597781,0.80326927,0.88924706,0.0005121594,0.02263094
2024-10-28,1.1384873e-05,0.06536604,0.85395116,0.9193172,0.00056007697,0.023665946
2024-10-29,2.8533452e-06,0.035597563,0.915173,0.95077056,0.0007529574,0.02744007
2024-10-30,5.1894545e-05,0.08027782,0.821881,0.9021588,0.0006922059,0.026309807
2024-10-31,4.16844e-06,0.053198878,0.87920356,0.93240243,0.0006542382,0.025578082
2024-11-01,2.104965e-06,0.042005487,0.899705,0.9417105,0.0005838998,0.02416402
2024-11-04,5.164715e-05,0.075157575,0.8289375,0.90409505,0.00052784785,0.02297494
2024-11-05,6.6921966e-06,0.056898005,0.8720039,0.9289019,0.00054764526,0.023401821
2024-11-06,8.013381e-06,0.052653782,0.87925947,0.93191326,0.0004870614,0.022069467
2024-11-07,2.9591753e-05,0.069411546,0.8448974,0.9143089,0.00043727903,0.020911219
2024-11-08,1.1115518e-05,0.062330008,0.8632893,0.9256193,0.00040478745,0.02011933
2024-11-11,3.3760345e-05,0.06247591,0.8543205,0.91679645,0.00040926842,0.020230385
2024-11-12,4.1798656e-05,0.06774301,0.841572,0.909315,0.00045572303,0.02134767
2024-11-13,1.7101625e-05,0.066739365,0.8513106,0.91805,0.00042538563,0.02062488
2024-11-14,4.8576454e-05,0.082304075,0.81932676,0.9016308,0.00038048913,0.01950613
2024-11-15,1.691351e-05,0.062262967,0.8609692,0.92323214,0.00036146585,0.019012256
2024-11-18,5.7282352e-05,0.07181015,0.8329728,0.90478295,0.00036693603,0.019155575
2024-11-19,6.121042e-06,0.058559984,0.86664736,0.9252074,0.00043293537,0.020807099
2024-11-20,2.062231e-05,0.06268506,0.85683936,0.91952443,0.0003818902,0.01954201
2024-11-21,3.685154e-05,0.079946116,0.82449627,0.90444237,0.00035158734,0.018750662
2024-11-22,1.5848098e-05,0.07412752,0.83929664,0.91342413,0.00035119854,0.018740293
2024-11-25,1.0408473e-05,0.06412158,0.86287767,0.9269993,0.00032940187,0.018149432
2024-11-26,3.1342974e-05,0.06108304,0.8540623,0.91514534,0.0003645833,0.019094065
2024-11-27,2.5157291e-05,0.07612558,0.83679944,0.912925,0.00034315788,0.018524522
2024-11-29,1.9942983e-05,0.06408758,0.8600333,0.92412084,0.0003123783,0.017674228
2024-12-02,7.228252e-05,0.083033115,0.81573313,0.8987663,0.00029599303,0.017204449
2024-12-03,2.4619572e-05,0.07059138,0.84618014,0.91677153,0.00031386578,0.017716257
2024-12-04,1.3284486e-05,0.070004165,0.8480172,0.9180214,0.00033959895,0.01842821
2024-12-05,2.8861316e-05,0.065768324,0.84985226,0.91562057,0.00033048628,0.01817928
2024-12-06,4.5796125e-05,0.07947278,0.8260456,0.90551835,0.00031063426,0.01762482
2024-12-09,4.560397e-05,0.07594291,0.8314063,0.9073492,0.0003238878,0.017996883
2024-12-10,2.065859e-05,0.076302476,0.83363366,0.90993613,0.00033696863,0.018356705
2024-12-11,3.275681e-05,0.07363154,0.8367237,0.9103552,0.0003022554,0.017385494
2024-12-12,1.534706e-05,0.07493591,0.84076184,0.91569775,0.00032904683,0.018139647
2024-12-13,2.1070522e-05,0.07096065,0.8449495,0.9159101,0.00029323078,0.017123982
2024-12-16,5.8601136e-06,0.056386996,0.8770366,0.9334236,0.00029123403,0.017065581
2024-12-17,2.5263274e-05,0.060567643,0.8595656,0.92013323,0.0002652408,0.016286215
2024-12-18,2.3907276e-05,0.060730785,0.8591397,0.9198705,0.00025833526,0.016072812
2024-12-19,1.7101105e-05,0.06726143,0.8505348,0.91779625,0.0002487452,0.015771657
2024-12-20,1.6499283e-05,0.07035603,0.84755635,0.91791236,0.00023505757,0.015331587
2024-12-23,2.551214e-05,0.076065406,0.8353107,0.9113761,0.00021885065,0.014793602
2024-12-24,3.0099342e-05,0.072496355,0.8402814,0.9127778,0.00020919004,0.014463403
2024-12-26,1.812348e-05,0.072382174,0.84378403,0.9161662,0.00021655395,0.014715772
2024-12-27,2.6391956e-05,0.07131342,0.8434886,0.914802,0.00020447618,0.014299517
2024-12-30,1.580687e-05,0.067189746,0.8519321,0.91912186,0.00021238597,0.014573468
2024-12-31,1.8454415e-05,0.07279102,0.8411869,0.9139779,0.00019863268,0.014093711
2025-01-02,4.0734544e-06,0.05253585,0.88441795,0.9369538,0.00019285255,0.013887136
2025-01-03,8.900247e-06,0.06679244,0.85807854,0.92487097,0.00019412403,0.01393284
2025-01-06,8.044162e-06,0.059035342,0.87303144,0.9320668,0.00018366921,0.013552462
2025-01-07,1.1750314e-05,0.06400458,0.8601144,0.924119,0.00017026563,0.013048587
2025-01-08,4.528685e-06,0.05673482,0.87949026,0.93622506,0.00016353061,0.012787908
2025-01-09,1.6104246e-05,0.065600224,0.8546987,0.92029893,0.00015766687,0.012556547
2025-01-10,8.622204e-06,0.066733286,0.8592232,0.9259565,0.0001549988,0.012449851
2025-01-13,3.1032314e-06,0.06326634,0.86677486,0.9300412,0.00022361032,0.014953606
2025-01-14,2.946774e-06,0.058674786,0.87943345,0.93810827,0.000249226,0.015786894
2025-01-15,9.860263e-06,0.062033657,0.8656691,0.9277027,0.00023927687,0.015468577
2025-01-16,2.3145976e-06,0.061507635,0.8739393,0.9354469,0.00028067522,0.016753364
2025-01-17,1.3160162e-05,0.06207341,0.8622682,0.9243416,0.00026611512,0.016313035
2025-01-21,7.608864e-06,0.060065363,0.86812115,0.92818654,0.00024937373,0.01579157
2025-01-22,3.5651533e-06,0.05637441,0.883529,0.93990344,0.00026499084,0.016278539
2025-01-23,2.4753357e-05,0.07845206,0.83547837,0.9139304,0.00023982867,0.015486402
2025-01-24,3.558727e-05,0.09020411,0.8148689,0.90507305,0.00023485723,0.015325053
2025-01-27,4.5202076e-05,0.091957,0.80869395,0.900651,0.00022697478,0.015065682
2025-01-28,4.235108e-05,0.08034683,0.8282613,0.90860814,0.0002669036,0.016337184
2025-01-29,1.7922974e-05,0.07723578,0.838945,0.91618073,0.00026850507,0.016386125
2025-01-30,7.109379e-05,0.08521796,0.80912846,0.8943464,0.00026276038,0.016209885
2025-01-31,1.0895257e-05,0.06494447,0.85919356,0.924138,0.00028384576,0.016847722
2025-02-03,4.4255074e-05,0.08125197,0.82147205,0.902724,0.0002553437,0.015979478
2025-02-04,2.0199785e-05,0.08527568,0.8251735,0.91044915,0.00025980038,0.016118323
2025-02-05,6.733927e-05,0.09692406,0.79719156,0.8941156,0.00023820123,0.015433769
2025-02-06,8.570324e-05,0.09127077,0.79937047,0.8906412,0.0003105204,0.01762159
2025-02-07,5.6964433e-05,0.09536482,0.7975259,0.8928907,0.0003373642,0.018367477
2025-02-10,3.3527675e-05,0.08420238,0.81898665,0.90318906,0.00032869916,0.018130062
2025-02-11,6.615661e-05,0.099179246,0.7903743,0.88955355,0.0003306559,0.018183947
2025-02-12,1.5665373e-05,0.07956012,0.8318361,0.9113962,0.00034563793,0.01859134
2025-02-13,1.9751005e-05,0.0731271,0.844347,0.9174741,0.00036188815,0.019023359
2025-02-14,3.044714e-05,0.09394492,0.8099283,0.9038732,0.0003254396,0.018039946
2025-02-18,6.586695e-05,0.09455507,0.79775375,0.89230883,0.00029997306,0.017319731
2025-02-19,9.662326e-05,0.111850046,0.7683272,0.8801772,0.00032748166,0.018096454
2025-02-20,4.9682505e-05,0.096954376,0.793642,0.8905964,0.00035142928,0.018746447
2025-02-21,1.6779888e-05,0.08491305,0.8277556,0.91266865,0.00033031031,0.018174442
2025-02-24,2.4662651e-05,0.077715285,0.83371586,0.91143113,0.0003695347,0.019223286
2025-02-25,2.9760768e-05,0.08676825,0.81928486,0.9060531,0.00033402018,0.018276218
2025-02-26,4.7271984e-05,0.08601855,0.81169677,0.89771533,0.00036011802,0.018976776
2025-02-27,4.6040597e-05,0.0905143,0.8102422,0.9007565,0.00034149192,0.0184795
2025-02-28,3.2542404e-05,0.09104896,0.8088292,0.89987814,0.00037790826,0.019439863
2025-03-03,6.417091e-05,0.09161899,0.8041155,0.8957345,0.00034498793,0.01857385
2025-03-04,2.6012472e-06,0.067961834,0.86542475,0.93338656,0.0003794684,0.019479949
2025-03-05,1.6389808e-05,0.08137322,0.8278619,0.9092351,0.00033122746,0.018199656
2025-03-06,4.2452142e-05,0.09344997,0.80621415,0.8996641,0.00035994506,0.018972218
2025-03-07,4.4533248e-05,0.10103055,0.79689443,0.89792496,0.0003326727,0.018239317
2025-03-10,8.391957e-05,0.11745571,0.7637336,0.88118935,0.00031971338,0.017880531
2025-03-11,6.491649e-05,0.10280997,0.7856085,0.88841844,0.00035591197,0.01886563
2025-03-12,5.36878e-05,0.103509665,0.78666085,0.8901705,0.00034552312,0.018588252
2025-03-13,1.9322308e-05,0.08623234,0.82590497,0.9121373,0.00037178386,0.019281697
2025-03-14,3.944419e-05,0.094930544,0.8015301,0.89646065,0.00035143652,0.01874664
2025-03-17,3.0172116e-05,0.0937523,0.80732083,0.90107316,0.00032918906,0.018143568
2025-03-18,2.2162307e-05,0.08498852,0.82283384,0.9078224,0.00029900897,0.017291876
2025-03-19,5.797739e-05,0.09145749,0.8009695,0.89242697,0.0002772519,0.016650883
2025-03-20,4.8828966e-05,0.09669179,0.7931139,0.8898057,0.0002812796,0.016771391
2025-03-21,1.5743486e-05,0.08357207,0.8318495,0.9154216,0.00029678422,0.017227426
2025-03-24,4.6220444e-05,0.09818937,0.79849744,0.8966868,0.0002626239,0.016205674
2025-03-25,3.2171552e-05,0.09775629,0.8043804,0.9021367,0.00026976824,0.016424622
2025-03-26,3.462121e-05,0.095021784,0.8072894,0.9023112,0.0002494852,0.0157951
2025-03-27,2.6296599e-05,0.094700165,0.81038934,0.9050895,0.00024401369,0.015620938
2025-03-28,3.1226835e-05,0.09878299,0.8016832,0.9004662,0.00022531136,0.0150103755
2025-03-31,3.7223155e-05,0.10144561,0.79540205,0.89684767,0.0002185789,0.014784414
2025-04-01,1.729518e-05,0.09175451,0.81565905,0.90741354,0.00030176592,0.01737141
2025-04-02,2.0839103e-05,0.089487076,0.8214752,0.9109623,0.0002650012,0.016278857
2025-04-03,2.1612865e-05,0.096479915,0.80834126,0.90482116,0.00024282688,0.015582903
2025-04-04,3.7137756e-06,0.056119744,0.88193196,0.9380517,0.0006758172,0.025996484
2025-04-07,5.9731476e-05,0.096478164,0.80174553,0.8982237,0.0009340452,0.030562153
2025-04-08,0.00027919098,0.13196903,0.7275526,0.8595216,0.0008521157,0.02919102
2025-04-09,0.0002908296,0.12624165,0.7327482,0.85898983,0.0009459548,0.030756379
2025-04-10,0.0040893303,0.1715925,0.6228358,0.79442835,0.0012422907,0.035246145
2025-04-11,0.0012840227,0.14272644,0.701589,0.8443154,0.005103886,0.07144149
2025-04-14,0.000645608,0.12937044,0.7213201,0.85069054,0.0049424563,0.070302606
2025-04-15,0.00089642976,0.12732652,0.71336854,0.840695,0.004210711,0.06488999
2025-04-16,0.0008978746,0.13224827,0.70885926,0.84110755,0.0039017466,0.06246396
2025-04-17,0.00028730248,0.103761956,0.7640533,0.86781526,0.0037075104,0.06088933
2025-04-21,8.81078e-05,0.086102016,0.80339146,0.88949347,0.0032439472,0.056955658
2025-04-22,0.00012326364,0.08834829,0.7950818,0.88343006,0.0027491935,0.052432753
2025-04-23,4.9515333e-05,0.08839219,0.81300724,0.90139943,0.0023413359,0.048387352
2025-04-24,0.00023989138,0.10342069,0.7660363,0.86945695,0.002046082,0.045233637
2025-04-25,7.8480894e-05,0.09528446,0.7928279,0.88811237,0.0018140619,0.042591807
2025-04-28,0.00018879755,0.111619055,0.75796515,0.8695842,0.0015178523,0.038959622
2025-04-29,0.00024184841,0.11338684,0.7465439,0.85993075,0.0013668615,0.03697109
2025-04-30,0.000109754365,0.10080279,0.7802527,0.8810555,0.001343887,0.036659062
2025-05-01,5.2093535e-05,0.09165354,0.8065101,0.8981636,0.0012998668,0.036053665
2025-05-02,0.00019209729,0.12056763,0.7475503,0.8681179,0.0011279788,0.033585396
2025-05-05,0.00019586645,0.11187977,0.7537495,0.86562926,0.0010676484,0.03267489
2025-05-06,0.00021728638,0.113436244,0.7507607,0.8641969,0.0010467559,0.032353606
2025-05-07,0.00014491341,0.09800044,0.7797744,0.87777483,0.0011306319,0.03362487
2025-05-08,0.00039014412,0.120106414,0.7302211,0.8503275,0.0010569816,0.032511253
2025-05-09,2.728953e-05,0.07202475,0.8330449,0.90506965,0.0012772882,0.03573917
2025-05-12,9.546742e-05,0.0923872,0.7912278,0.883615,0.001115053,0.033392407
2025-05-13,4.8838978e-05,0.081440836,0.81655335,0.89799416,0.0009982863,0.03159567
2025-05-14,5.415529e-05,0.088237315,0.8066405,0.8948778,0.0009241444,0.030399743
2025-05-15,5.4273147e-05,0.080485,0.8193996,0.8998846,0.0008058476,0.028387455
2025-05-16,0.00012808315,0.0950565,0.7867633,0.8818198,0.00076382764,0.027637431
2025-05-19,4.5966644e-05,0.0862288,0.81169784,0.8979266,0.0007471668,0.027334353
2025-05-20,3.8967384e-05,0.07831662,0.8251794,0.903496,0.00065320946,0.025557963
2025-05-21,3.6130947e-05,0.091026425,0.80799234,0.89901876,0.00057839113,0.024049764
2025-05-22,0.00019798358,0.10768802,0.7598532,0.8675412,0.00052723836,0.022961672
2025-05-23,0.0001613833,0.108520456,0.76568604,0.8742065,0.00060279557,0.024551895
2025-05-27,0.00018534443,0.11791126,0.7494872,0.8673985,0.00062583474,0.02501669
2025-05-28,0.00018167966,0.113529235,0.752699,0.8662282,0.0006678104,0.025842028
2025-05-29,5.91774e-05,0.094558306,0.79569757,0.89025587,0.0007108209,0.026661225
2025-05-30,9.361146e-05,0.10195089,0.7762133,0.8781642,0.0006456829,0.02541029
2025-06-02,7.090329e-05,0.09935887,0.78803045,0.8873893,0.0005955277,0.024403436
2025-06-03,8.0801736e-05,0.10284827,0.7808974,0.8837457,0.0006172753,0.024845026
2025-06-04,3.435043e-05,0.08237953,0.8154316,0.8978111,0.0005827768,0.02414077
2025-06-05,0.00028295882,0.11673703,0.74306303,0.85980004,0.0005163562,0.022723472
2025-06-06,4.463552e-05,0.09179641,0.8033399,0.8951363,0.0006741728,0.025964838
2025-06-09,8.734542e-05,0.0988723,0.7840752,0.8829475,0.0006183443,0.024866529
2025-06-10,3.768562e-05,0.088855386,0.8104692,0.8993246,0.0005835473,0.024156723
2025-06-11,0.00013366585,0.106619276,0.7720866,0.8787059,0.0005128259,0.02264566
2025-06-12,1.1876963e-05,0.07010886,0.8460864,0.9161953,0.0007693899,0.027737878
2025-06-13,0.0001282287,0.10567234,0.77537274,0.8810451,0.0006630806,0.025750352
2025-06-16,1.5991769e-05,0.07369322,0.8306512,0.90434444,0.0011583967,0.03403523
2025-06-17,0.0047798986,0.16099359,0.63160753,0.7926011,0.0009993322,0.031612214
2025-06-18,3.949104e-05,0.08736968,0.80507296,0.89244264,0.005690727,0.075436905
2025-06-20,0.00018232333,0.10977614,0.76531005,0.8750862,0.0046221977,0.06798675
2025-06-23,0.00026706984,0.12365092,0.74634635,0.86999726,0.0037207305,0.06099779
2025-06-24,0.003492247,0.16915458,0.6407548,0.8099094,0.0040407814,0.06356714
2025-06-25,0.0009355245,0.12178819,0.73135906,0.85314727,0.0067430213,0.0821159
2025-06-26,0.0020729918,0.15705527,0.65966064,0.8167159,0.005875482,0.07665169
2025-06-27,0.0012201739,0.1334394,0.6968921,0.8303315,0.0059522977,0.077151135
2025-06-30,0.00097285194,0.15732437,0.6758984,0.83322275,0.0053704977,0.07328368
2025-07-01,8.473458e-05,0.081392236,0.8046359,0.8860281,0.0046093813,0.067892425
2025-07-02,0.00024862934,0.108397916,0.7650262,0.8734241,0.0037956426,0.061608788
2025-07-03,6.049135e-05,0.07941864,0.81269985,0.8921185,0.0032492476,0.057002172
2025-07-04,0.00029487425,0.11134784,0.75499785,0.8663457,0.0027049384,0.052009024
2025-07-07,0.000178628,0.09627594,0.7801106,0.8763865,0.002343698,0.048411753
2025-07-08,0.00010597158,0.1002628,0.7792168,0.87947965,0.0020497006,0.04527362
2025-07-09,5.8018482e-05,0.09312686,0.7978299,0.89095676,0.0017063473,0.041307956
2025-07-10,0.00011932581,0.105016,0.7756517,0.8806677,0.0014194188,0.037675176
2025-07-11,0.00017065831,0.10063782,0.7686518,0.86928964,0.0012970566,0.036014672
2025-07-14,2.6503269e-05,0.08229098,0.8160464,0.89833736,0.001244531,0.03527791
2025-07-15,0.00020683446,0.11097553,0.75425756,0.86523306,0.0010816316,0.03288817
2025-07-16,9.433197e-05,0.10492721,0.7762486,0.88117576,0.0010282581,0.032066464
2025-07-17,0.00021435288,0.12230538,0.7421513,0.8644567,0.0008930785,0.029884418
2025-07-18,2.7570872e-05,0.08497131,0.8143713,0.8993426,0.0009129802,0.030215561
2025-07-21,9.5716445e-05,0.09825715,0.78636646,0.8846236,0.000771932,0.027783664
2025-07-22,1.7995293e-05,0.06604772,0.8488023,0.91485006,0.00070325314,0.02651892
2025-07-23,3.4019402e-05,0.08209867,0.8205676,0.9026663,0.00062987924,0.025097394
2025-07-24,2.6456166e-05,0.077053055,0.83261275,0.9096658,0.0005688955,0.02385153
2025-07-25,6.0634506e-05,0.098112606,0.7935527,0.8916653,0.0005106273,0.022597063
2025-07-28,6.48111e-05,0.09237474,0.79735935,0.8897341,0.00048365153,0.021992078
2025-07-29,2.0753783e-05,0.08022899,0.82569665,0.90592563,0.00050060527,0.022374209
2025-07-30,1.5598553e-05,0.07372462,0.8365981,0.9103227,0.0005414657,0.023269415
2025-07-31,1.5940395e-05,0.07682484,0.8384956,0.91532046,0.00047773868,0.021857234
2025-08-01,5.268109e-05,0.08399315,0.81513935,0.8991325,0.0004255437,0.020628711
2025-08-04,3.0494724e-05,0.072893225,0.83876777,0.91166097,0.00046764067,0.021625001
2025-08-05,3.6262772e-05,0.080302365,0.8224099,0.9027123,0.00044087777,0.02099709
2025-08-06,3.0729243e-05,0.08153595,0.8211949,0.9027308,0.00042316318,0.02057093
2025-08-07,0.00013136165,0.105744734,0.7708048,0.87654954,0.00039141643,0.019784248
2025-08-08,9.421061e-05,0.098568454,0.7866924,0.8852608,0.00043907814,0.020954192
2025-08-11,0.000103019745,0.10397101,0.78021723,0.88418823,0.00043963434,0.02096746
2025-08-12,7.771218e-05,0.09627349,0.7932522,0.8895257,0.0004461431,0.0211221
2025-08-13,6.7108595e-05,0.09010255,0.80342543,0.893528,0.00044699103,0.021142162
2025-08-14,8.86434e-05,0.09841601,0.78594434,0.8843604,0.00043270361,0.02080153
2025-08-15,3.7501355e-05,0.088887565,0.8088725,0.8977601,0.00047002453,0.02168005
2025-08-18,7.598579e-05,0.08681638,0.8016714,0.88848776,0.00044815138,0.021169586
2025-08-19,1.7813347e-05,0.07454355,0.83644485,0.9109884,0.00044328254,0.021054275
2025-08-20,3.234087e-05,0.06864977,0.8388732,0.907523,0.0004107104,0.02026599
2025-08-21,2.8711973e-05,0.08187904,0.82134116,0.9032202,0.00038936775,0.019732403
2025-08-22,3.3161552e-05,0.08781384,0.8104582,0.89827204,0.00035031175,0.018716617
2025-08-25,2.5659556e-05,0.077183545,0.8346534,0.9118369,0.00031742328,0.017816376
2025-08-26,3.9515402e-05,0.08534209,0.8133472,0.8986893,0.0003143447,0.017729769
2025-08-27,2.6194617e-05,0.069673136,0.8403401,0.9100132,0.0003460767,0.018603137
2025-08-28,2.4706253e-05,0.08552083,0.8178861,0.9034069,0.00033051736,0.018180136
2025-08-29,2.1397276e-05,0.08185816,0.824859,0.9067172,0.00029896473,0.017290596
2025-09-02,4.343189e-05,0.08446175,0.8168523,0.901314,0.00027520923,0.016589431
2025-09-03,4.3054806e-05,0.08808403,0.8064039,0.8944879,0.0003175992,0.017821312
2025-09-04,4.2190914e-05,0.06848799,0.8358754,0.9043634,0.00035518387,0.018846322
2025-09-05,2.9450024e-05,0.07440605,0.83416814,0.90857416,0.00034335273,0.01852978
2025-09-08,3.7986178e-05,0.07046223,0.8361193,0.9065815,0.00036576984,0.01912511
2025-09-09,4.5656223e-05,0.08423792,0.8142035,0.89844143,0.00034641376,0.018612193
2025-09-10,3.466795e-05,0.081145056,0.8221961,0.9033412,0.00033046023,0.018178565
2025-09-11,2.753452e-05,0.07597677,0.8318693,0.9078461,0.00032782537,0.018105948
2025-09-12,2.906229e-05,0.06520999,0.84776187,0.91297185,0.00033323295,0.01825467
2025-09-15,4.6126846e-05,0.082041964,0.81917304,0.901215,0.00031313574,0.017695641
2025-09-16,1.4913673e-05,0.06745883,0.8487725,0.91623133,0.00031000387,0.017606927
2025-09-17,1.3829229e-05,0.06712481,0.84755653,0.9146813,0.00030208513,0.017380597
2025-09-18,1.8252562e-05,0.061462834,0.8585657,0.9200285,0.00027365936,0.016542653
2025-09-19,9.147171e-06,0.05194198,0.8799157,0.9318577,0.00025688088,0.016027505
2025-09-22,1.1213426e-05,0.051927343,0.87452775,0.9264551,0.0002458143,0.015678465
2025-09-23,1.2054841e-05,0.064024456,0.85744524,0.9214697,0.00022622212,0.015040683
2025-09-24,2.1933458e-05,0.07299647,0.83590853,0.908905,0.00021526082,0.01467177
2025-09-25,1.0205598e-05,0.063811734,0.8556682,0.9194799,0.00024534157,0.015663384
2025-09-26,1.3638449e-05,0.061039597,0.85806334,0.9191029,0.00022014497,0.014837283
2025-09-29,6.1315586e-06,0.05592646,0.87409896,0.9300254,0.00021007766,0.014494056
2025-09-30,4.0179793e-06,0.04398925,0.89143586,0.9354251,0.0002596865,0.016114792
2025-10-01,9.8226465e-06,0.05762933,0.8685535,0.92618287,0.00024879433,0.015773216
2025-10-02,4.8480397e-05,0.07686899,0.8285263,0.9053953,0.00023135133,0.015210237
2025-10-03,2.6300158e-05,0.068073355,0.84729165,0.915365,0.00027561374,0.016601618
2025-10-06,2.7407454e-05,0.07305574,0.8399061,0.91296184,0.00026259903,0.016204908
2025-10-07,2.1242016e-05,0.07070427,0.8444232,0.91512746,0.0002603281,0.016134687
2025-10-08,3.2338867e-05,0.073446654,0.8353438,0.9087904,0.00024108273,0.015526839
2025-10-09,9.5205e-06,0.062634975,0.86191523,0.9245502,0.00024611418,0.015688026
2025-10-10,4.932069e-05,0.068626456,0.83931714,0.9079436,0.00023969906,0.015482218
2025-10-13,2.6818498e-05,0.06278456,0.8532316,0.91601616,0.0003807657,0.01951322
2025-10-14,2.6921703e-05,0.07909453,0.82825756,0.9073521,0.00035767848,0.01891239
2025-10-15,4.112209e-05,0.07068636,0.8378863,0.9085726,0.00033775225,0.018378038
2025-10-16,5.7068813e-05,0.07881042,0.82137525,0.9001857,0.0003281613,0.018115222
2025-10-17,6.1596686e-05,0.07562273,0.82645386,0.9020766,0.00034251978,0.01850729
2025-10-20,2.1160593e-05,0.06523327,0.8514424,0.9166757,0.00034477923,0.01856823
2025-10-21,4.0490817e-05,0.07546728,0.82841295,0.90388024,0.00031474046,0.017740926
2025-10-22,1.2704372e-05,0.068584055,0.849168,0.917752,0.00030310743,0.01740998
2025-10-23,3.5659406e-05,0.082882866,0.81988865,0.90277153,0.00027913722,0.0167074
2025-10-24,1.2931368e-06,0.045380775,0.89539486,0.94077563,0.00051075756,0.022599947
2025-10-27,1.1497956e-05,0.05019042,0.88094324,0.9311336,0.0004597183,0.021441042
2025-10-28,1.3264739e-05,0.06050381,0.86269087,0.92319465,0.00041703126,0.020421343
2025-10-29,1.4296328e-05,0.05485506,0.8707609,0.92561597,0.00039559504,0.01988957
2025-10-30,8.303438e-06,0.061212886,0.86566216,0.92687505,0.00036028412,0.018981151
2025-10-31,4.6486625e-06,0.059561487,0.8746773,0.9342388,0.00032028777,0.017896585
2025-11-03,5.0033536e-06,0.059519984,0.87254804,0.93206805,0.0002873426,0.016951183
2025-11-04,1.5666956e-05,0.07166046,0.8496303,0.92129076,0.00025577602,0.015993
2025-11-05,1.1080221e-05,0.065602094,0.8582969,0.92389894,0.00023787998,0.015423358
2025-11-06,2.4861618e-05,0.06713197,0.8491298,0.9162618,0.00023244282,0.015246076
2025-11-07,1.8642402e-05,0.075456634,0.8378159,0.9132725,0.0002228665,0.014928713
2025-11-10,3.224697e-05,0.07391936,0.8360267,0.9099461,0.00020737351,0.014400469
2025-11-11,1.6920152e-05,0.073184855,0.84399354,0.9171784,0.00020839523,0.0144359
2025-11-12,1.3865174e-05,0.07623821,0.8390884,0.9153266,0.00020886006,0.014451992
2025-11-13,1.3161592e-05,0.056111503,0.87120783,0.92731935,0.00032931176,0.018146949
2025-11-14,2.3082537e-05,0.0802511,0.83260953,0.91286063,0.00030063684,0.017338881
2025-11-17,8.450349e-06,0.06952566,0.8503057,0.91983134,0.0003172076,0.017810322
2025-11-18,2.5426698e-05,0.06359824,0.85536766,0.9189659,0.00027888964,0.016699988
2025-11-19,3.8035284e-06,0.051633358,0.88105255,0.9326859,0.00027565705,0.016602922
2025-11-20,1.3143129e-05,0.050136458,0.8789575,0.92909396,0.00027130914,0.016471464
2025-11-21,4.8141915e-06,0.059837308,0.8763132,0.9361505,0.00025300408,0.015906101
2025-11-24,2.5991765e-05,0.069960654,0.8462195,0.91618013,0.00024731402,0.01572622
2025-11-25,2.5330797e-05,0.077195466,0.8371946,0.9143901,0.0002473459,0.015727233
2025-11-26,4.503289e-05,0.07650385,0.8337973,0.91030115,0.00025083456,0.015837757
2025-11-28,2.3076553e-05,0.07732021,0.83715856,0.9144788,0.0002648272,0.016273512
2025-12-01,4.633388e-05,0.08358515,0.8186867,0.90227187,0.00024506255,0.015654474
2025-12-02,2.6852114e-05,0.08039726,0.8292582,0.90965545,0.0002607793,0.016148662
2025-12-03,4.4183947e-05,0.07478617,0.8346522,0.9094384,0.00025418325,0.015943125
2025-12-04,3.0433299e-05,0.08011803,0.82952553,0.90964353,0.00025825622,0.016070353
2025-12-05,2.2776147e-05,0.07766911,0.83476347,0.91243255,0.0002560679,0.016002122
2025-12-08,1.928483e-05,0.07664115,0.83637756,0.9130187,0.0002399555,0.0154904965
2025-12-09,1.5422336e-05,0.058444813,0.8693577,0.9278025,0.0002518244,0.015868975
2025-12-10,2.4479203e-05,0.06487939,0.85538745,0.92026687,0.00024137628,0.01553629
2025-12-11,4.9133647e-05,0.080871336,0.82265556,0.9035269,0.00023169497,0.01522153
2025-12-12,3.2784956e-05,0.06923276,0.8464967,0.91572946,0.00025800537,0.016062545
2025-12-15,4.933861e-05,0.07546978,0.8311382,0.906608,0.0002518048,0.015868358
2025-12-16,6.792495e-05,0.08021034,0.82055587,0.9007662,0.00026785722,0.016366344
2025-12-17,3.0446965e-05,0.06699316,0.84871435,0.9157075,0.00035000537,0.01870843
2025-12-18,7.6079814e-05,0.08512868,0.8095334,0.8946621,0.00033689392,0.018354671
2025-12-19,3.4325385e-05,0.06995532,0.84176344,0.9117187,0.00034987243,0.018704876
2025-12-22,4.2918942e-05,0.08648426,0.81432295,0.9008072,0.00033429317,0.018283686
2025-12-23,1.8264429e-05,0.07298344,0.84044206,0.9134255,0.00036224647,0.019032774
2025-12-24,2.0103129e-05,0.0675692,0.84943986,0.91700906,0.00032547128,0.018040823
2025-12-26,8.6543705e-06,0.05502765,0.877407,0.9324347,0.0002966067,0.017222274
2025-12-29,1.572543e-05,0.057845857,0.865879,0.92372483,0.00031262435,0.017681187
2025-12-30,1.538427e-05,0.07782728,0.83755314,0.9153804,0.000317376,0.01781505
2025-12-31,3.0262622e-06,0.045253396,0.8977446,0.942998,0.00028167054,0.016783044
2026-01-02,1.5101062e-05,0.056824382,0.8698908,0.9267152,0.0002598903,0.016121114
2026-01-05,4.7806283e-05,0.078686334,0.827142,0.90582836,0.00024139375,0.015536851
2026-01-06,2.1989288e-05,0.0756454,0.8381206,0.91376597,0.00027044595,0.01644524
2026-01-07,1.9902704e-05,0.062515914,0.8599989,0.9225148,0.00028146006,0.016776772
2026-01-08,2.9006877e-05,0.071675,0.83981085,0.91148585,0.00028788572,0.016967196
2026-01-09,6.397865e-06,0.062397815,0.8624751,0.92487293,0.00033927668,0.018419465
2026-01-12,2.8824472e-05,0.07500749,0.83736545,0.91237295,0.00033220783,0.01822657
2026-01-13,2.9685194e-05,0.07314356,0.83698386,0.9101274,0.00030988545,0.017603563
2026-01-14,4.5399033e-06,0.059902135,0.87025267,0.9301548,0.00034294918,0.018518887
2026-01-15,1.4405658e-05,0.06310815,0.86137843,0.9244866,0.00031459637,0.017736865
2026-01-16,6.6563193e-06,0.038814846,0.8984342,0.93724906,0.00042428347,0.020598141
2026-01-20,1.8259138e-05,0.06800726,0.8475892,0.9155965,0.00038847,0.019709643
2026-01-21,1.6770664e-06,0.047902487,0.8957875,0.94368994,0.00036245675,0.019038297
2026-01-22,3.0970164e-06,0.053685006,0.8799396,0.9336246,0.00032729746,0.018091364
2026-01-23,1.0209975e-05,0.060737904,0.86728007,0.928018,0.00031525697,0.017755477
2026-01-26,1.4614155e-05,0.08645788,0.8248462,0.9113041,0.00033189746,0.018218054
2026-01-27,7.606386e-06,0.06806624,0.8568909,0.92495716,0.00029316393,0.01712203
2026-01-28,1.3658935e-06,0.0576405,0.87992954,0.93757004,0.00031373985,0.017712703
2026-01-29,2.5012521e-05,0.097927086,0.80606973,0.9039968,0.0002869506,0.016939616
2026-01-30,1.0077695e-08,0.006779013,0.9824761,0.98925513,0.000370564,0.019250039
2026-02-02,4.3384514e-08,0.013450113,0.96104157,0.97449166,0.00036415982,0.019082973
2026-02-03,2.6338697e-08,0.018447587,0.9609597,0.97940725,0.00038156516,0.019533694
2026-02-04,1.3028283e-06,0.048806943,0.8955944,0.9444014,0.00037194134,0.019285781
2026-02-05,2.6593774e-05,0.08185522,0.8228541,0.90470934,0.00037795037,0.019440945
2026-02-06,1.5916516e-05,0.059888568,0.8652026,0.92509115,0.0004065283,0.020162547
2026-02-09,3.0540694e-05,0.089229524,0.8144863,0.90371585,0.00036855246,0.01919772
2026-02-10,1.8964516e-05,0.07704998,0.83890843,0.9159584,0.00034456688,0.018562512
2026-02-11,2.964922e-05,0.07213845,0.84137726,0.9135157,0.00031122338,0.017641524
2026-02-12,2.7397866e-05,0.086523704,0.81925154,0.90577525,0.00029902835,0.017292436
2026-02-13,4.2942764e-05,0.07579411,0.8328537,0.9086478,0.00034165208,0.018483832
2026-02-17,5.4712185e-05,0.094752304,0.80260646,0.8973588,0.00032751504,0.018097376
2026-02-18,5.8366484e-05,0.091357924,0.8047487,0.89610666,0.00032551616,0.018042067
2026-02-19,7.672568e-06,0.06545079,0.8502363,0.9156871,0.00050249434,0.022416385
2026-02-20,2.217488e-05,0.0726961,0.83099425,0.90369034,0.00045763724,0.021392457
2026-02-23,1.4842988e-05,0.07354113,0.84540915,0.91895026,0.00040251666,0.020062817
2026-02-24,1.3143818e-05,0.07213263,0.8421305,0.9142631,0.00035528143,0.01884891
2026-02-25,2.384571e-05,0.07202063,0.841125,0.91314566,0.00032031498,0.017897345
2026-02-26,3.4388573e-05,0.08860721,0.81558186,0.90418905,0.00029410995,0.017149635
2026-02-27,4.562293e-05,0.1003905,0.8003365,0.900727,0.00027529814,0.016592111
2026-03-02,2.7110149e-05,0.09168224,0.80836296,0.9000452,0.00034005987,0.018440712
2026-03-03,2.131243e-07,0.03272624,0.9243678,0.957094,0.00063996296,0.025297489
2026-03-04,1.1387911e-05,0.06421209,0.8470781,0.91129017,0.0006594697,0.025680142
2026-03-05,1.1422751e-05,0.07530693,0.8455814,0.92088836,0.0005700924,0.023876607
2026-03-06,3.9653003e-07,0.03684516,0.91409975,0.9509449,0.0009926993,0.03150713
2026-03-09,8.349956e-06,0.05670727,0.85966647,0.9163737,0.0013949182,0.037348602
2026-03-10,0.00216566,0.124914706,0.6818853,0.8068,0.0013051033,0.036126215
2026-03-11,0.0049247243,0.16733444,0.6357547,0.80308914,0.0050835004,0.071298674
2026-03-12,0.0028145504,0.16549554,0.6319772,0.7974727,0.008485289,0.09211563
2026-03-13,0.0037770509,0.16195472,0.6163401,0.7782948,0.00959447,0.09795137
2026-03-16,0.017691175,0.21245228,0.53631985,0.74877214,0.00984063,0.09919995
2026-03-17,0.0035817164,0.16414747,0.64462495,0.80877244,0.0235984,0.15361771
2026-03-18,0.00028811558,0.13112067,0.7310149,0.8621356,0.018925885,0.13757138
2026-03-19,0.0040133605,0.16948609,0.62555134,0.79503745,0.014123335,0.11884163
2026-03-20,0.018254718,0.22335958,0.53900534,0.7623649,0.012848964,0.11335327
2026-03-23,0.0014778691,0.17607911,0.63926643,0.8153455,0.02529059,0.15903015
2026-03-24,0.00087049167,0.15688287,0.69298196,0.84986484,0.019761285,0.14057484
2026-03-25,0.000114176444,0.1076462,0.7676214,0.8752676,0.014904859,0.12208546
2026-03-26,0.0046336134,0.20554298,0.5987076,0.8042506,0.011609649,0.107748084
2026-03-27,0.0003664396,0.12907852,0.71422726,0.84330577,0.011997309,0.10953223
2026-03-30,0.0029331704,0.1709324,0.62016153,0.79109395,0.00929737,0.09642287
2026-03-31,0.00096988434,0.16345124,0.6771328,0.84058404,0.008871794,0.0941902
2026-04-01,0.0023262475,0.17265952,0.64855295,0.8212125,0.007013536,0.08374686
2026-04-02,0.00673552,0.19242318,0.5925866,0.78500974,0.0069028116,0.08308316
2026-04-06,2.551727e-05,0.07041439,0.82483214,0.8952465,0.013062358,0.11429067
2026-04-07,0.0017950065,0.16078264,0.6597872,0.8205698,0.010803795,0.10394131
2026-04-08,0.00087388046,0.1386246,0.6943126,0.8329372,0.00892659,0.094480634
2026-04-09,3.5664947e-05,0.086657666,0.8274371,0.91409475,0.011538593,0.107417844
2026-04-10,3.9711493e-05,0.08406746,0.80815434,0.8922218,0.009694091,0.09845857
2026-04-13,0.0003505065,0.13831376,0.72097987,0.85929364,0.007889539,0.08882308
2026-04-14,0.0006150061,0.1354168,0.69278914,0.82820594,0.0061282963,0.07828344
2026-04-15,7.721067e-05,0.096637525,0.80326366,0.8999012,0.005775719,0.07599815
2026-04-16,0.00023515598,0.112639785,0.7488544,0.8614942,0.004716637,0.068677776
2026-04-17,0.00039086884,0.124811605,0.72609466,0.85090625,0.0039161323,0.062579006
2026-04-20,0.00025112898,0.11943884,0.756133,0.87557185,0.0050855903,0.07131332
2026-04-21,8.957669e-06,0.052726917,0.8645933,0.91732025,0.004620398,0.06797351
2026-04-22,2.5824364e-05,0.07044307,0.82728714,0.89773023,0.0040436694,0.063589856
2026-04-23,3.427333e-05,0.078903176,0.8125867,0.8914899,0.0033765056,0.058107708
2026-04-24,9.778182e-05,0.10266504,0.7729793,0.8756443,0.0028509265,0.053394068
2026-04-27,0.0002036537,0.12302631,0.7531756,0.8762019,0.0023260023,0.048228648
2026-04-28,7.57202e-05,0.098451,0.790471,0.88892204,0.0020069669,0.044799183
2026-04-29,0.00012804849,0.10880444,0.77248347,0.88128793,0.001790231,0.04231112
2026-04-30,8.001118e-06,0.052972633,0.8682964,0.921269,0.0019998024,0.044719152
2026-05-01,0.00011920753,0.10896894,0.7736942,0.88266313,0.0017602559,0.041955404
2026-05-04,0.00028687762,0.11761567,0.75312835,0.870744,0.0015821515,0.03977627
2026-05-05,1.5309006e-05,0.06700413,0.8453827,0.91238683,0.0016938965,0.041156974
2026-05-06,0.00010540069,0.09830943,0.7868361,0.88514555,0.0015544314,0.03942628
2026-05-07,0.0005402841,0.1456687,0.7118,0.85746866,0.0018539043,0.04305699
2026-05-08,0.0010922928,0.1585816,0.6696413,0.82822293,0.0018612506,0.043142214
2026-05-11,0.0005296552,0.14137824,0.70245826,0.8438365,0.0023447678,0.048422802
2026-05-12,0.0008205694,0.15567183,0.67555135,0.8312232,0.0022812346,0.04776227
2026-05-13,0.00016230957,0.10317412,0.760769,0.8639431,0.002621378,0.051199395
2026-05-14,0.00084207306,0.17170392,0.6769594,0.84866333,0.002170519,0.04658883
2026-05-15,0.00025448852,0.14362198,0.7225679,0.8661899,0.0023117054,0.0480802
2026-05-18,1.9834355e-05,0.074912645,0.82954615,0.9044588,0.00216559,0.046535898
2026-05-19,0.00016282205,0.11150343,0.75811243,0.86961585,0.0018839942,0.043405004
2026-05-20,0.00040748142,0.1519281,0.6977607,0.84968877,0.0015990317,0.039987896
2026-05-21,0.00011222086,0.10502874,0.7865187,0.89154744,0.0028257193,0.053157493
2026-05-22,0.00031238594,0.14360122,0.7167553,0.8603565,0.0023760376,0.048744615
2026-05-26,5.4096097e-05,0.10295967,0.7857813,0.888741,0.0020162386,0.044902544
2026-05-27,0.0003212825,0.14889969,0.72089773,0.8697974,0.0017230111,0.04150917
2026-05-28,0.00018551116,0.12414813,0.75408185,0.87823,0.0020522496,0.04530176
2026-05-29,0.00011835456,0.11877932,0.7546013,0.8733806,0.0017337145,0.041637897
2026-06-01,0.00018195948,0.13448401,0.7350782,0.8695622,0.0014637606,0.038259126
2026-06-02,0.00022489716,0.112388946,0.7429219,0.85531086,0.0016397039,0.040493257
2026-06-03,0.00014826276,0.11493139,0.7561274,0.8710588,0.001475562,0.038413044
2026-06-04,9.3479095e-05,0.09766881,0.78154373,0.87921256,0.0013280383,0.03644226
2026-06-05,0.00051820546,0.15663657,0.6984371,0.8550737,0.0012297672,0.03506804
2026-06-08,0.00022347475,0.12111141,0.7476988,0.8688102,0.0014951173,0.038666748
2026-06-09,0.00014200051,0.11426958,0.7611702,0.87543976,0.0013494171,0.036734413
2026-06-10,0.00021142431,0.120732985,0.74980813,0.8705411,0.0013071459,0.03615447
2026-06-11,5.643673e-05,0.097009555,0.79270446,0.889714,0.001241419,0.035233777
2026-06-12,0.0006780646,0.1562973,0.69057,0.8468673,0.0011076967,0.03328208
2026-06-15,0.0003190765,0.1315491,0.73459446,0.8661436,0.0016132792,0.040165648
2026-06-16,8.8955676e-05,0.10378542,0.79110754,0.89489293,0.0018342315,0.04282793
2026-06-17,7.165791e-05,0.094994396,0.8028995,0.8978939,0.0019158495,0.043770418
2026-06-18,6.392401e-05,0.088373385,0.80378795,0.8921613,0.0016184198,0.04022959
2026-06-22,3.6061017e-05,0.09929236,0.80097586,0.9002682,0.001365428,0.0369517
2026-06-23,5.462347e-05,0.09958668,0.7934845,0.8930712,0.0011856046,0.03443261
2026-06-24,6.944699e-05,0.08935704,0.8008791,0.89023614,0.0010434162,0.032301955
2026-06-25,0.00013839183,0.1024851,0.7776123,0.88009745,0.0010495037,0.032396045
2026-06-26,1.4427407e-05,0.065795034,0.8483718,0.9141668,0.001004124,0.031687915
2026-06-29,6.36916e-05,0.09658248,0.80123025,0.8978127,0.00096295745,0.031031556
2026-06-30,1.1004616e-05,0.061791714,0.8573211,0.9191128,0.0008799264,0.029663553
2026-07-01,8.1496815e-05,0.098942794,0.7882333,0.8871761,0.00078548165,0.028026445
2026-07-02,0.00013106325,0.11554468,0.7645095,0.8800542,0.0007187645,0.026809784
2026-07-06,5.6762958e-05,0.09735815,0.79653174,0.8938899,0.00068079,0.026091952
2026-07-07,9.125178e-06,0.06286805,0.8569863,0.91985434,0.0005995263,0.024485225
2026-07-08,0.00036075467,0.12300108,0.7313434,0.8543445,0.00056870456,0.023847528
2026-07-09,1.0941978e-06,0.038747977,0.9014424,0.9401904,0.0009997571,0.031618934
2026-07-10,8.5493e-05,0.091924965,0.8049672,0.8968922,0.00091780076,0.030295227
